# metres; world coordinates; Y forward / Z up
mtllib cable.mtl
o cable
v -8.002770424 1.017785549 0.035798587
v -8.003514290 1.012333870 0.048428755
v -8.002200127 0.999657273 0.053660341
v -7.999596596 0.987181365 0.048428755
v -7.997229576 0.982214451 0.035798587
v -7.996485710 0.987666070 0.023168419
v -7.997799873 1.000342727 0.017936831
v -8.000403404 1.012818575 0.023168419
v -7.602558613 1.080124140 0.086287342
v -7.603246689 1.074681520 0.098924607
v -7.602033138 1.061990142 0.104144692
v -7.599628448 1.049484253 0.098889738
v -7.597441196 1.044489622 0.086238034
v -7.596753120 1.049932241 0.073600769
v -7.597966671 1.062623620 0.068380684
v -7.600371361 1.075129509 0.073635638
v -7.201942921 1.132671714 0.128869265
v -7.202070713 1.127312899 0.141560256
v -7.200984955 1.114610672 0.146782428
v -7.199322224 1.102005959 0.141476691
v -7.198056698 1.096882224 0.128751069
v -7.197928905 1.102241039 0.116060078
v -7.199014664 1.114943266 0.110837907
v -7.200677395 1.127547979 0.116143644
v -6.801013470 1.167097688 0.131143913
v -6.800263882 1.161841154 0.143856168
v -6.799359798 1.149136424 0.149106562
v -6.798830509 1.136425734 0.143819481
v -6.798986912 1.131154895 0.131092027
v -6.799736500 1.136411428 0.118379772
v -6.800640583 1.149116158 0.113129377
v -6.801169872 1.161826849 0.118416458
v -6.399923801 1.177931547 0.100238867
v -6.398901939 1.172700047 0.112942502
v -6.398522854 1.159989238 0.118241936
v -6.399009705 1.147244573 0.113032833
v -6.400076389 1.141932011 0.100366615
v -6.401098251 1.147163510 0.087662980
v -6.401477337 1.159874320 0.082363546
v -6.400990486 1.172618985 0.087572649
v -5.998839855 1.163449764 0.065146513
v -5.998662472 1.158231735 0.077895425
v -5.999268532 1.145548224 0.083239369
v -6.000302792 1.132829189 0.078047939
v -6.001160145 1.127525330 0.065362193
v -6.001337528 1.132743359 0.052613281
v -6.000731468 1.145426869 0.047269337
v -5.999697208 1.158145905 0.052460767
v -5.597944260 1.125956178 0.067856178
v -5.599022388 1.120825648 0.080596320
v -5.600673199 1.108225584 0.085916609
v -5.601929188 1.095536590 0.080700479
v -5.602055550 1.090191960 0.068003491
v -5.600977421 1.095322490 0.055263348
v -5.599326611 1.107922554 0.049943063
v -5.598070621 1.120611548 0.055159189
v -5.197383881 1.071406960 0.096026316
v -5.199037075 1.066345096 0.108732216
v -5.201253891 1.053816199 0.114014857
v -5.202736378 1.041159511 0.108779751
v -5.202615738 1.035789132 0.096093550
v -5.200962543 1.040850997 0.083387651
v -5.198745728 1.053379893 0.078105010
v -5.197263241 1.066036582 0.083340116
v -4.797233105 1.008446217 0.125214204
v -4.798599243 1.003342390 0.137937412
v -4.800785542 0.990809441 0.143223256
v -4.802512169 0.978189051 0.137975350
v -4.802767277 0.972874105 0.125267848
v -4.801401138 0.977977931 0.112544641
v -4.799214840 0.990510821 0.107258797
v -4.797488213 1.003131151 0.112506703
v -4.397510529 0.947023690 0.132048637
v -4.398111343 0.941801548 0.144782946
v -4.399818897 0.929195642 0.150071740
v -4.401632309 0.916590333 0.144816920
v -4.402489662 0.911369741 0.132096678
v -4.401888847 0.916591883 0.119362369
v -4.400181293 0.929197788 0.114073575
v -4.398367882 0.941803098 0.119328395
v -3.998177528 0.896819115 0.117211834
v -3.998189926 0.891518474 0.129927859
v -3.999262333 0.878832877 0.135192871
v -4.000767231 0.866193414 0.129922658
v -4.001822472 0.861004114 0.117204472
v -4.001810551 0.866304755 0.104488440
v -4.000737667 0.878990352 0.099223442
v -3.999232769 0.891629815 0.104493640
v -3.599137545 0.865722954 0.098964550
v -3.598796844 0.860393941 0.111664176
v -3.599160910 0.847654581 0.116895914
v -3.600016117 0.834967434 0.111595094
v -3.600862265 0.829764426 0.098866858
v -3.601202965 0.835093439 0.086167231
v -3.600838900 0.847832799 0.080935493
v -3.599983692 0.860519946 0.086236313
v -3.200244188 0.858611882 0.079756238
v -3.199936628 0.853294432 0.092461549
v -3.199666262 0.840548754 0.097683579
v -3.199591398 0.827841103 0.092363350
v -3.199755907 0.822615445 0.079617359
v -3.200063467 0.827932894 0.066912048
v -3.200333834 0.840678573 0.061690014
v -3.200408697 0.853386223 0.067010246
v -2.801309824 0.876599491 0.084145784
v -2.801344156 0.871286690 0.096856706
v -2.800590992 0.858569801 0.102101684
v -2.799491644 0.845898330 0.096808307
v -2.798690081 0.840694964 0.084077343
v -2.798655748 0.846007764 0.071366422
v -2.799408913 0.858724654 0.066121444
v -2.800508261 0.871396124 0.071414821
v -2.402158499 0.916867495 0.106276542
v -2.401991844 0.911575198 0.118994989
v -2.400658846 0.898914993 0.124261521
v -2.398939610 0.886303067 0.118991069
v -2.397841692 0.881127238 0.106270984
v -2.398008347 0.886419535 0.093552537
v -2.399341345 0.899079740 0.088286005
v -2.401060581 0.911691666 0.093556456
v -2.002662182 0.973095596 0.113832228
v -2.001684666 0.967903376 0.126555458
v -1.999720573 0.955324471 0.131819308
v -1.997920036 0.942727447 0.126540303
v -1.997337937 0.937491477 0.113810800
v -1.998315334 0.942683697 0.101087570
v -2.000279427 0.955262601 0.095823713
v -2.002079964 0.967859626 0.101102725
v -1.602751017 1.036436439 0.093610808
v -1.601176381 1.031333566 0.106310286
v -1.598912716 1.018799663 0.111561082
v -1.597285867 1.006176829 0.106287353
v -1.597249031 1.000859380 0.093578383
v -1.598823667 1.005962253 0.080878906
v -1.601087332 1.018496156 0.075628109
v -1.602714181 1.031118989 0.080901839
v -1.202414751 1.096895456 0.064358480
v -1.201104164 1.091752648 0.077071846
v -1.199146867 1.079173684 0.082337938
v -1.197689295 1.066527009 0.077071935
v -1.197585344 1.061220884 0.064358599
v -1.198895931 1.066363692 0.051645231
v -1.200853229 1.078942657 0.046379142
v -1.202310801 1.091589332 0.051645141
v -0.801697969 1.144906640 0.054888267
v -0.801506758 1.139616609 0.067607336
v -0.800432861 1.126928329 0.072865523
v -0.799105406 1.114274383 0.067582659
v -0.798302054 1.109067082 0.054853376
v -0.798493266 1.114357114 0.042134307
v -0.799567163 1.127045393 0.036876120
v -0.800894618 1.139699340 0.042158984
v -0.400711477 1.172852874 0.083900362
v -0.401521027 1.167476177 0.096558593
v -0.401439548 1.154713273 0.101744883
v -0.400514841 1.142040491 0.096421175
v -0.399288535 1.136881471 0.083706036
v -0.398478985 1.142258167 0.071047805
v -0.398560464 1.155021071 0.065861516
v -0.399485171 1.167693853 0.071185224
v 0.000402462 1.176292181 0.119468354
v -0.000253297 1.170931578 0.132142305
v -0.000760678 1.158170104 0.137307480
v -0.000822464 1.145483017 0.131938159
v -0.000402462 1.140302420 0.119179659
v 0.000253297 1.145663023 0.106505699
v 0.000760678 1.158424497 0.101340532
v 0.000822464 1.171111584 0.106709845
v 0.401453674 1.154676795 0.117657058
v 0.401598275 1.149307132 0.130343348
v 0.400806606 1.136573553 0.135541528
v 0.399542451 1.123934865 0.130206585
v 0.398546338 1.118794799 0.117463641
v 0.398401737 1.124164462 0.104777351
v 0.399193406 1.136898041 0.099579163
v 0.400457561 1.149536729 0.104914114
v 0.802257419 1.111444712 0.082743526
v 0.802747428 1.106052637 0.095411621
v 0.801628053 1.093358278 0.100645646
v 0.799555004 1.080797672 0.095379584
v 0.797742605 1.075728893 0.082698226
v 0.797252595 1.081120968 0.070030130
v 0.798371971 1.093815327 0.064796105
v 0.800445020 1.106375933 0.070062168
v 1.202701807 1.053458452 0.043590512
v 1.202812672 1.048115969 0.056288548
v 1.201275945 1.035478354 0.061553851
v 1.198991776 1.022948503 0.056302071
v 1.197298288 1.017866373 0.043609630
v 1.197187424 1.023208857 0.030911595
v 1.198724151 1.035846472 0.025646294
v 1.201008320 1.048376322 0.030898072
v 1.602728724 0.989899695 0.024598025
v 1.602108359 0.984668195 0.037327588
v 1.600252986 0.972078979 0.042606171
v 1.598249316 0.959506571 0.037341654
v 1.597271323 0.954315722 0.024617918
v 1.597891688 0.959547222 0.011888355
v 1.599747062 0.972136438 0.006609771
v 1.601750731 0.984708846 0.011874288
v 2.002333164 0.930804729 0.032104056
v 2.001184940 0.925655544 0.044830486
v 1.999342322 0.913067520 0.050116446
v 1.997885108 0.900414526 0.044865489
v 1.997666836 0.895108461 0.032153558
v 1.998815179 0.900257647 0.019427126
v 2.000657558 0.912845671 0.014141168
v 2.002114773 0.925498664 0.019392123
v 2.401568651 0.885479152 0.054418802
v 2.400524139 0.880321324 0.067150660
v 2.399172783 0.867680848 0.072459847
v 2.398305893 0.854962409 0.067236304
v 2.398431540 0.849616349 0.054539926
v 2.399476051 0.854774177 0.041808069
v 2.400827408 0.867414653 0.036498882
v 2.401694298 0.880133092 0.041722424
v 2.800545216 0.861041784 0.069402151
v 2.800176382 0.855833411 0.082150958
v 2.799704313 0.843136787 0.087477170
v 2.799405336 0.830389500 0.082260780
v 2.799454689 0.825058579 0.069557466
v 2.799823523 0.830266953 0.056808662
v 2.800295591 0.842963576 0.051482446
v 2.800594568 0.855710864 0.056698840
v 3.199430943 0.861322463 0.067691088
v 3.199759245 0.856103063 0.080436483
v 3.200228691 0.843402326 0.085753001
v 3.200564146 0.830660105 0.080526292
v 3.200569153 0.825340688 0.067818090
v 3.200240850 0.830560088 0.055072695
v 3.199771404 0.843260825 0.049756177
v 3.199435949 0.856003046 0.054982886
v 3.598412991 0.886277258 0.059174191
v 3.599157095 0.881079495 0.071910910
v 3.600395203 0.868423402 0.077210575
v 3.601401567 0.855722845 0.071968734
v 3.601586819 0.850417554 0.059255969
v 3.600842714 0.855615318 0.046519253
v 3.599604607 0.868271410 0.041219581
v 3.598598242 0.880971968 0.046461429
v 3.997655392 0.931994915 0.049834870
v 3.998215199 0.926785529 0.062576301
v 3.999820471 0.914173484 0.067882285
v 4.001531124 0.901546657 0.062644646
v 4.002344608 0.896301746 0.049931526
v 4.001784801 0.901511133 0.037190095
v 4.000179291 0.914123178 0.031884111
v 3.998468876 0.926750004 0.037121750
v 4.397271156 0.991295159 0.067043431
v 4.397365093 0.986025810 0.079772130
v 4.399002552 0.973420978 0.085085496
v 4.401224613 0.960864425 0.079871014
v 4.402729034 0.955711544 0.067183264
v 4.402635098 0.960980892 0.054454561
v 4.400997639 0.973585725 0.049141198
v 4.398775578 0.986142278 0.054355677
v 4.797307014 1.054838777 0.094799295
v 4.797449112 1.049576879 0.107530624
v 4.799085617 1.036971927 0.112843983
v 4.801258087 1.024407744 0.107626885
v 4.802693367 1.019244313 0.094935432
v 4.802551270 1.024506211 0.082204103
v 4.800914764 1.037111163 0.076890744
v 4.798742294 1.049675345 0.082107842
v 5.197759151 1.112591743 0.108244099
v 5.198298931 1.107391715 0.120990224
v 5.199835300 1.094775796 0.126307383
v 5.201467991 1.082134128 0.121080853
v 5.202240467 1.076871872 0.108372279
v 5.201700687 1.082071900 0.095626153
v 5.200164318 1.094687819 0.090308994
v 5.198531628 1.107329488 0.095535524
v 5.598567009 1.155408502 0.101887301
v 5.599442005 1.150255919 0.114634097
v 5.600644112 1.137611151 0.119968861
v 5.601468563 1.124881268 0.114766568
v 5.601432800 1.119523168 0.102074653
v 5.600557804 1.124675751 0.089327857
v 5.599355698 1.137320518 0.083993092
v 5.598531246 1.150050402 0.089195386
v 5.999607563 1.176492214 0.079015419
v 6.000476837 1.171348214 0.091766022
v 6.001066685 1.158676267 0.097138867
v 6.001031876 1.145899415 0.091986619
v 6.000392437 1.140502214 0.079327390
v 5.999523163 1.145646214 0.066576786
v 5.998933315 1.158318162 0.061203942
v 5.998968124 1.171095014 0.066356190
v 6.400722027 1.172489762 0.054122366
v 6.400888443 1.167340755 0.066899478
v 6.400534153 1.154672861 0.072302625
v 6.399867058 1.141906738 0.067166708
v 6.399278164 1.136520743 0.054500289
v 6.399111748 1.141669750 0.041723173
v 6.399466038 1.154337645 0.036320031
v 6.400133133 1.167103767 0.041455943
v 6.801720142 1.144037247 0.055570420
v 6.800946712 1.138933897 0.068343602
v 6.799619198 1.126324654 0.073732287
v 6.798514843 1.113595724 0.068579867
v 6.798280239 1.108203411 0.055904549
v 6.799053669 1.113306761 0.043131366
v 6.800381184 1.125916004 0.037742678
v 6.801485538 1.138644934 0.042895101
v 7.202430248 1.095658302 0.072015561
v 7.201429844 1.090581059 0.084783308
v 7.199591637 1.078030705 0.090159759
v 7.197992802 1.065359235 0.084995456
v 7.197569370 1.059989214 0.072315581
v 7.198569775 1.065066457 0.059547834
v 7.200407982 1.077616811 0.054171383
v 7.202006817 1.090288281 0.059335686
v 7.602749348 1.035028696 0.074945025
v 7.602374077 1.029867172 0.087712631
v 7.600607872 1.017309070 0.093095228
v 7.598485947 1.004710913 0.087939754
v 7.597250462 0.999452531 0.075266235
v 7.597625732 1.004614115 0.062498629
v 7.599391937 1.017172217 0.057116035
v 7.601513863 1.029770374 0.062271506
v 8.002641678 0.971739888 0.045384206
v 8.003053665 0.966456354 0.058100715
v 8.001675606 0.953838229 0.063456215
v 7.999316692 0.941277087 0.058313519
v 7.997358322 0.936131001 0.045685150
v 7.996946812 0.941414535 0.032968640
v 7.998323917 0.954032660 0.027613143
v 8.000682831 0.966593802 0.032755837
v 8.402482033 0.915730476 -0.000499718
v 8.403190613 0.910402596 0.012185158
v 8.402030945 0.897752643 0.017516810
v 8.399681091 0.885190666 0.012372036
v 8.397517204 0.880075336 -0.000235434
v 8.396808624 0.885403216 -0.012920309
v 8.397968292 0.898053169 -0.018251963
v 8.400318146 0.910615146 -0.013107186
v -8.000000000 1.000000000 0.035798587
v 8.399999619 0.897902906 -0.000367576
v -8.002770424 5.017785549 0.042537320
v -8.001449585 5.012655258 0.055254802
v -7.999279499 5.000112057 0.060522553
v -7.997531891 4.987503052 0.055254802
v -7.997229576 4.982214451 0.042537320
v -7.998550415 4.987344742 0.029819841
v -8.000720024 4.999887943 0.024552088
v -8.002468109 5.012496948 0.029819841
v -7.602556705 5.080124378 0.026115982
v -7.601077557 5.075019836 0.038826082
v -7.598966599 5.062468052 0.044098139
v -7.597461224 5.049821854 0.038843852
v -7.597443104 5.044489384 0.026141109
v -7.598922253 5.049593925 0.013431008
v -7.601033211 5.062145710 0.008158950
v -7.602538586 5.074791908 0.013413238
v -7.201941490 5.132671833 -0.004518140
v -7.200910568 5.127506256 0.008211525
v -7.199346066 5.114883423 0.013505047
v -7.198164940 5.102198601 0.008261558
v -7.198058128 5.096882343 -0.004447383
v -7.199089050 5.102047920 -0.017177047
v -7.200653553 5.114670753 -0.022470569
v -7.201834679 5.127355576 -0.017227080
v -6.801013470 5.167097569 -0.003596739
v -6.800996304 5.161828518 0.009132496
v -6.800395489 5.149118900 0.014413880
v -6.799562931 5.136413097 0.009153652
v -6.798986912 5.131154537 -0.003566819
v -6.799004078 5.136423588 -0.016296053
v -6.799604893 5.149133205 -0.021577438
v -6.800437450 5.161839008 -0.016317211
v -6.399919510 5.177931309 0.013114188
v -6.400465965 5.172640324 0.025822578
v -6.400738716 5.159904957 0.031068979
v -6.400579453 5.147184849 0.025780123
v -6.400080681 5.141932011 0.013054147
v -6.399534225 5.147222996 0.000345757
v -6.399261475 5.159958363 -0.004900644
v -6.399420738 5.172678471 0.000388213
v -5.998837471 5.163450241 0.029330155
v -5.999465942 5.158169270 0.042038847
v -6.000407696 5.145459652 0.047271051
v -6.001110077 5.132766247 0.041961819
v -6.001162529 5.127525330 0.029221224
v -6.000534058 5.132806301 0.016512532
v -5.999592304 5.145515919 0.011280326
v -5.998889923 5.158209324 0.016589560
v -5.597946167 5.125956535 0.031140422
v -5.598305225 5.120664597 0.043855041
v -5.599656582 5.107997417 0.049099863
v -5.601209164 5.095375061 0.043802537
v -5.602053642 5.090191841 0.031066174
v -5.601694584 5.095483780 0.018351555
v -5.600343227 5.108150959 0.013106735
v -5.598790646 5.120773315 0.018404059
v -5.197385788 5.071407318 0.013578675
v -5.197553158 5.066095829 0.026289180
v -5.199153900 5.053463459 0.031548064
v -5.201249599 5.040910244 0.026274744
v -5.202613831 5.035788536 0.013558258
v -5.202446461 5.041100025 0.000847752
v -5.200845718 5.053732395 -0.004411131
v -5.198750019 5.066285610 0.000862188
v -4.797234058 5.008446217 -0.007423576
v -4.797606945 5.003165245 0.005295205
v -4.799381733 4.990559101 0.010560653
v -4.801518917 4.978012085 0.005288341
v -4.802766323 4.972874165 -0.007433282
v -4.802393436 4.978155136 -0.020152062
v -4.800618649 4.990761280 -0.025417510
v -4.798481464 5.003308296 -0.020145200
v -4.397510529 4.947023869 -0.014654517
v -4.398412228 4.941825867 -0.001928091
v -4.400244236 4.929229736 0.003342763
v -4.401933193 4.916614532 -0.001929548
v -4.402489662 4.911369801 -0.014656577
v -4.401587963 4.916567802 -0.027383003
v -4.399755955 4.929163933 -0.032653857
v -4.398066998 4.941779137 -0.027381547
v -3.998175383 4.896818638 0.003560629
v -3.999432087 4.891674042 0.016278598
v -4.001021385 4.879053116 0.021568470
v -4.002012730 4.866349220 0.016331509
v -4.001824856 4.861004353 0.003635455
v -4.000567913 4.866148949 -0.009082515
v -3.998978376 4.878769875 -0.014372386
v -3.997987270 4.891473770 -0.009135425
v -3.599137306 4.865722656 0.031370711
v -3.599914312 4.860536575 0.044110283
v -3.600741386 4.847856522 0.049432609
v -3.601134062 4.835110664 0.044219941
v -3.600862503 4.829764366 0.031525787
v -3.600085497 4.834950447 0.018786214
v -3.599258423 4.847630501 0.013463888
v -3.598865747 4.860376358 0.018676557
v -3.200245857 4.858612061 0.036826372
v -3.199942112 4.853384495 0.049568929
v -3.199672222 4.840675831 0.054880701
v -3.199594498 4.827930927 0.049650133
v -3.199754238 4.822615623 0.036941215
v -3.200057983 4.827843189 0.024198659
v -3.200327873 4.840551853 0.018886885
v -3.200405598 4.853296757 0.024117455
v -2.801307678 4.876599789 0.016829032
v -2.800094843 4.871393681 0.029526206
v -2.798826456 4.858720779 0.034778424
v -2.798245192 4.846004963 0.029509010
v -2.798692226 4.840694904 0.016804714
v -2.799905062 4.845901012 0.004107540
v -2.801173449 4.858573914 -0.001144677
v -2.801754713 4.871289730 0.004124736
v -2.402156115 4.916867733 -0.015609412
v -2.400909185 4.911669731 -0.002912078
v -2.399129868 4.899048328 0.002316022
v -2.397860289 4.886397362 -0.002987660
v -2.397844076 4.881126881 -0.015716301
v -2.399091005 4.886324883 -0.028413635
v -2.400870323 4.898946285 -0.033641733
v -2.402139902 4.911597252 -0.028338052
v -2.002662897 4.973095417 -0.022114038
v -2.002082586 4.967819691 -0.009401060
v -2.000282288 4.955205917 -0.004161626
v -1.998316526 4.942643642 -0.009464926
v -1.997337103 4.937491894 -0.022204358
v -1.997917414 4.942767620 -0.034917336
v -1.999717832 4.955381393 -0.040156770
v -2.001683474 4.967943668 -0.034853470
v -1.602754235 5.036435604 -0.002446769
v -1.602645040 5.031089306 0.010249576
v -1.600986481 5.018454552 0.015485138
v -1.598749995 5.005933285 0.010192999
v -1.597245812 5.000859737 -0.002526780
v -1.597355008 5.006206036 -0.015223124
v -1.599013567 5.018840790 -0.020458687
v -1.601250052 5.031362057 -0.015166547
v -1.202417135 5.096895218 0.023134273
v -1.202246785 5.091558933 0.035834324
v -1.200760484 5.078899860 0.041062824
v -1.198828578 5.066333294 0.035756983
v -1.197582960 5.061221123 0.023024898
v -1.197753310 5.066557407 0.010324846
v -1.199239612 5.079216480 0.005096348
v -1.201171517 5.091783047 0.010402187
v -0.801696658 5.144906998 0.032382078
v -0.800979257 5.139648914 0.045095708
v -0.799688220 5.126974106 0.050337106
v -0.798579812 5.114306927 0.045035932
v -0.798303366 5.109066963 0.032297544
v -0.799020767 5.114325047 0.019583914
v -0.800311804 5.126999855 0.014342517
v -0.801420212 5.139667034 0.019643690
v -0.400706023 5.172853470 0.009299396
v -0.399582028 5.167642117 0.022002768
v -0.398702860 5.154947758 0.027282020
v -0.398583531 5.142205715 0.022044636
v -0.399293989 5.136880875 0.009358605
v -0.400417984 5.142092228 -0.003344767
v -0.401297152 5.154786587 -0.008624019
v -0.401416481 5.167528629 -0.003386635
v 0.000402668 5.176292896 -0.025696786
v 0.001042677 5.171072483 -0.012963498
v 0.001071900 5.158369064 -0.007633090
v 0.000473219 5.145623684 -0.012828043
v -0.000402668 5.140302181 -0.025505221
v -0.001042677 5.145522594 -0.038238510
v -0.001071900 5.158226013 -0.043568917
v -0.000473219 5.170971394 -0.038373962
v 0.401449382 5.154677391 -0.038449429
v 0.401139230 5.149487495 -0.025691461
v 0.400161713 5.136827946 -0.020345483
v 0.399089485 5.124114990 -0.025543097
v 0.398550630 5.118794441 -0.038239613
v 0.398860782 5.123984337 -0.050997581
v 0.399838299 5.136643887 -0.056343559
v 0.400910527 5.149356842 -0.051145945
v 0.802257359 5.111444473 -0.032506555
v 0.801316619 5.106310844 -0.019756731
v 0.799604595 5.093724251 -0.014424901
v 0.798124194 5.081056595 -0.019634377
v 0.797742665 5.075729370 -0.032333516
v 0.798683405 5.080862999 -0.045083340
v 0.800395429 5.093449593 -0.050415169
v 0.801875830 5.106117249 -0.045205694
v 1.202703118 5.053457737 -0.020061204
v 1.201771617 5.048324585 -0.007310504
v 1.199802399 5.035774231 -0.001981406
v 1.197948813 5.023158073 -0.007195620
v 1.197296977 5.017866611 -0.019898733
v 1.198228478 5.022999763 -0.032649435
v 1.200197697 5.035550117 -0.037978530
v 1.202051282 5.048166275 -0.032764316
v 1.602725983 4.989900112 -0.022971246
v 1.602407813 4.984673977 -0.010228351
v 1.600679278 4.972086906 -0.004901977
v 1.598552823 4.959512234 -0.010112241
v 1.597274065 4.954315662 -0.022807043
v 1.597592235 4.959541798 -0.035549939
v 1.599320769 4.972128868 -0.040876314
v 1.601447225 4.984703541 -0.035666049
v 2.002328396 4.930805206 -0.050398309
v 2.002457142 4.925511837 -0.037679866
v 2.001146555 4.912863731 -0.032378651
v 1.999164224 4.900269985 -0.037600048
v 1.997671604 4.895108223 -0.050285425
v 1.997542977 4.900401592 -0.063003868
v 1.998853564 4.913049698 -0.068305083
v 2.000835896 4.925643444 -0.063083686
v 2.401564598 4.885479927 -0.074520648
v 2.401608467 4.880202293 -0.061795007
v 2.400710106 4.867512226 -0.056508582
v 2.399395943 4.854843140 -0.061758082
v 2.398435593 4.849616051 -0.074468419
v 2.398391724 4.854893684 -0.087194055
v 2.399290085 4.867583752 -0.092480481
v 2.400604248 4.880252838 -0.087230980
v 2.800546169 4.861041546 -0.082171462
v 2.800037146 4.855821133 -0.069432527
v 2.799506187 4.843119144 -0.064124085
v 2.799264669 4.830377102 -0.069355756
v 2.799453735 4.825058460 -0.082062893
v 2.799962759 4.830278873 -0.094801828
v 2.800493717 4.842980862 -0.100110270
v 2.800735235 4.855722904 -0.094878599
v 3.199446917 4.861321926 -0.052589741
v 3.198435307 4.856126785 -0.039870545
v 3.198340178 4.843435764 -0.034510650
v 3.199217319 4.830683708 -0.039649807
v 3.200553179 4.825340748 -0.052277569
v 3.201564789 4.830535889 -0.064996764
v 3.201659918 4.843226910 -0.070356660
v 3.200782776 4.855978966 -0.065217502
v 3.598430157 4.886277676 -0.008372645
v 3.597923040 4.881106377 0.004386526
v 3.598632336 4.868461132 0.009808138
v 3.600142717 4.855750084 0.004716285
v 3.601569653 4.850417614 -0.007906296
v 3.602076769 4.855588913 -0.020665467
v 3.601367474 4.868234158 -0.026087079
v 3.599857092 4.880945206 -0.020995226
v 3.997661591 4.931993961 0.007835497
v 3.997991562 4.926901817 0.020632075
v 3.999497890 4.914338589 0.026081223
v 4.001298904 4.901663780 0.020990908
v 4.002338409 4.896302700 0.008342964
v 4.002008438 4.901394844 -0.004453614
v 4.000502110 4.913958073 -0.009902763
v 3.998701572 4.926632881 -0.004812447
v 4.397266865 4.991292477 0.012797307
v 4.398058414 4.986261845 0.025598124
v 4.399987221 4.973757267 0.031048726
v 4.401923656 4.961103916 0.025956228
v 4.402733326 4.955713749 0.013303746
v 4.401941776 4.960744381 0.000502930
v 4.400012970 4.973248959 -0.004947674
v 4.398076534 4.985902309 0.000144823
v 4.797295570 5.054835320 0.006657610
v 4.798460960 5.049862385 0.019452261
v 4.800528049 5.037378788 0.024900848
v 4.802286148 5.024697781 0.019811668
v 4.802704811 5.019248009 0.007165888
v 4.801539421 5.024220943 -0.005628763
v 4.799472332 5.036704540 -0.011077350
v 4.797714233 5.049385548 -0.005988169
v 5.197751999 5.112588882 -0.012954220
v 5.198720932 5.107587814 -0.000154109
v 5.200438976 5.095055580 0.005303937
v 5.201899529 5.082333565 0.000222667
v 5.202247620 5.076874733 -0.012421379
v 5.201278687 5.081875801 -0.025221489
v 5.199560642 5.094408035 -0.030679535
v 5.198100090 5.107130051 -0.025598265
v 5.598574638 5.155407429 -0.014718402
v 5.598788261 5.150316715 -0.001918664
v 5.599712372 5.137698174 0.003532162
v 5.600804329 5.124943256 -0.001558939
v 5.601425171 5.119524479 -0.014209673
v 5.601211548 5.124615192 -0.027009411
v 5.600287437 5.137233734 -0.032460235
v 5.599195480 5.149988651 -0.027369136
v 5.999622822 5.176491737 -0.000977484
v 5.999409676 5.171375751 0.011812255
v 5.999542236 5.158716202 0.017243691
v 5.999942780 5.145927906 0.012135161
v 6.000377178 5.140502930 -0.000520825
v 6.000590324 5.145618916 -0.013310565
v 6.000457764 5.158278465 -0.018741999
v 6.000057220 5.171066761 -0.013633471
v 6.400727749 5.172489166 0.005467245
v 6.400502682 5.167382717 0.018260669
v 6.399982929 5.154733181 0.023692939
v 6.399473667 5.141950130 0.018581904
v 6.399272442 5.136521339 0.005921540
v 6.399497509 5.141627789 -0.006871885
v 6.400017262 5.154277325 -0.012304153
v 6.400526524 5.167060375 -0.007193119
v 6.801710129 5.144037247 0.000152380
v 6.801533222 5.138937473 0.012948952
v 6.800457954 5.126329422 0.018396720
v 6.799114704 5.113599300 0.013304457
v 6.798290253 5.108203888 0.000655139
v 6.798467159 5.113303661 -0.012141433
v 6.799542427 5.125911713 -0.017589200
v 6.800885677 5.138641834 -0.012496938
v 7.202423573 5.095657825 -0.014062374
v 7.201879025 5.090596676 -0.001260532
v 7.200233936 5.078053951 0.004194236
v 7.198451519 5.065375805 -0.000893399
v 7.197576046 5.059989452 -0.013543169
v 7.198120594 5.065050602 -0.026345011
v 7.199765682 5.077593327 -0.031799778
v 7.201548100 5.090271473 -0.026712144
v 7.602762222 5.035025597 -0.008819394
v 7.601581573 5.030052185 0.003973799
v 7.599474430 5.017573833 0.009418664
v 7.597675323 5.004899979 0.004325675
v 7.597237587 4.999455452 -0.008321768
v 7.598418236 5.004428864 -0.021114960
v 7.600525379 5.016907215 -0.026559826
v 7.602324486 5.029581070 -0.021466836
v 8.002670288 4.971734524 0.011618224
v 8.001152992 4.966813087 0.024396054
v 7.998960018 4.954348564 0.029837845
v 7.997376442 4.941641808 0.024755873
v 7.997329235 4.936136723 0.012127086
v 7.998847008 4.941058159 -0.000650744
v 8.001039505 4.953522682 -0.006092535
v 8.002623558 4.966229439 -0.001010562
v 8.402515411 4.915724277 0.040211111
v 8.400914192 4.910815716 0.052983623
v 8.398777008 4.898343086 0.058429718
v 8.397356987 4.885612011 0.053359155
v 8.397483826 4.880081654 0.040742196
v 8.399085045 4.884990215 0.027969684
v 8.401222229 4.897462845 0.022523588
v 8.402642250 4.910193920 0.027594153
v -8.000000000 5.000000000 0.042537320
v 8.399999619 4.897902966 0.040476654
v -8.002770424 9.017785072 0.025052514
v -8.003054619 9.012405396 0.037732072
v -8.001548767 8.999758720 0.042984121
v -7.999136448 8.987253189 0.037732072
v -7.997229576 8.982214928 0.025052514
v -7.996945858 8.987594604 0.012372955
v -7.998451233 9.000241280 0.007120909
v -8.000863075 9.012746811 0.012372955
v -7.602557659 9.080124855 0.060463317
v -7.602928162 9.074731827 0.073135048
v -7.601583481 9.062060356 0.078372590
v -7.599310875 9.049533844 0.073107854
v -7.597442150 9.044489861 0.060424857
v -7.597071648 9.049882889 0.047753125
v -7.598416328 9.062554359 0.042515583
v -7.600688934 9.075080872 0.047780320
v -7.201941967 9.132671356 0.097341642
v -7.201950550 9.127333641 0.110042103
v -7.200816631 9.114640236 0.115274817
v -7.199203968 9.102026939 0.109974541
v -7.198057652 9.096881866 0.097246110
v -7.198049068 9.102219582 0.084545650
v -7.199182987 9.114912987 0.079312935
v -7.200795650 9.127526283 0.084613211
v -6.801013947 9.167097092 0.097624578
v -6.800286770 9.161846161 0.110340454
v -6.799392223 9.149144173 0.115597993
v -6.798853397 9.136430740 0.110317402
v -6.798986435 9.131155014 0.097591974
v -6.799713612 9.136405945 0.084876098
v -6.800608158 9.149107933 0.079618558
v -6.801146984 9.161821365 0.084899150
v -6.399921894 9.177931786 0.070167474
v -6.399120808 9.172695160 0.082884640
v -6.398834705 9.159981728 0.088184267
v -6.399231434 9.147239685 0.082961902
v -6.400078297 9.141932487 0.070276730
v -6.400879383 9.147169113 0.057559565
v -6.401165485 9.159882545 0.052259937
v -6.400768757 9.172624588 0.057482302
v -5.998839378 9.163450241 0.045617767
v -5.998717785 9.158225060 0.058364734
v -5.999347210 9.145539284 0.063699633
v -6.000359058 9.132822990 0.058497354
v -6.001160622 9.127525330 0.045805320
v -6.001282215 9.132750511 0.033058353
v -6.000652790 9.145436287 0.027723452
v -5.999640942 9.158152580 0.032925732
v -5.597945213 9.125956535 0.041298535
v -5.598891735 9.120807648 0.054041699
v -5.600487232 9.108200073 0.059360508
v -5.601797581 9.095518112 0.054139286
v -5.602054596 9.090191841 0.041436549
v -5.601108074 9.095340729 0.028693387
v -5.599512577 9.107948303 0.023374576
v -5.598202229 9.120630264 0.028595800
v -5.197384357 9.071407318 0.068097584
v -5.199054241 9.066344261 0.080800705
v -5.201278210 9.053814888 0.086079016
v -5.202753544 9.041157722 0.080840565
v -5.202615261 9.035789490 0.068153955
v -5.200945377 9.040852547 0.055450834
v -5.198721409 9.053381920 0.050172519
v -5.197246075 9.066039085 0.055410974
v -4.797233582 9.008445740 0.099729203
v -4.798479557 9.003320694 0.112456076
v -4.800616741 8.990778923 0.117741100
v -4.802392483 8.978166580 0.112488396
v -4.802766800 8.972873688 0.099774919
v -4.801520824 8.977998734 0.087048046
v -4.799383640 8.990540504 0.081763022
v -4.797607899 9.003152847 0.087015726
v -4.397510529 8.947023392 0.096422352
v -4.397743225 8.941740990 0.109143913
v -4.399298191 8.929110527 0.114420295
v -4.401264191 8.916529655 0.109160662
v -4.402489662 8.911369324 0.096446045
v -4.402256966 8.916651726 0.083724484
v -4.400702000 8.929282188 0.078448102
v -4.398736000 8.941863060 0.083707735
v -3.998174906 8.896819115 0.068041287
v -3.997787237 8.891453743 0.080724306
v -3.998695850 8.878742218 0.085956007
v -4.000368118 8.866129875 0.080671720
v -4.001824856 8.861004829 0.067966931
v -4.002212524 8.866370201 0.055283912
v -4.001304150 8.879081726 0.050052214
v -3.999631643 8.891694069 0.055336498
v -3.599132776 8.865722656 0.037659489
v -3.598495245 8.860339165 0.050324827
v -3.598739147 8.847578049 0.055509411
v -3.599721670 8.834914207 0.050176188
v -3.600867033 8.829765320 0.037449285
v -3.601504564 8.835148811 0.024783947
v -3.601260662 8.847909927 0.019599361
v -3.600278139 8.860573769 0.024932586
v -3.200242758 8.858611107 0.011598973
v -3.199877977 8.853251457 0.024284879
v -3.199584961 8.840488434 0.029462907
v -3.199535131 8.827797890 0.024099842
v -3.199757338 8.822615623 0.011337291
v -3.200122118 8.827975273 -0.001348615
v -3.200415134 8.840738297 -0.006526642
v -3.200464964 8.853428841 -0.001163578
v -2.801312208 8.876599312 0.019237241
v -2.801492929 8.871241570 0.031927928
v -2.800799131 8.858506203 0.037135996
v -2.799637079 8.845852852 0.031810634
v -2.798687696 8.840695381 0.019071369
v -2.798506975 8.846053123 0.006380683
v -2.799200773 8.858788490 0.001172613
v -2.800362825 8.871441841 0.006497974
v -2.402159929 8.916867256 0.047611322
v -2.401834726 8.911552429 0.060317133
v -2.400434732 8.898882866 0.065543763
v -2.398780107 8.886280060 0.060229529
v -2.397840261 8.881127357 0.047487434
v -2.398165464 8.886442184 0.034781624
v -2.399565458 8.899111748 0.029554991
v -2.401220083 8.911714554 0.034869228
v -2.002660036 8.973095894 0.039120018
v -2.001512527 8.967882156 0.051820222
v -1.999479055 8.955294609 0.057036050
v -1.997750640 8.942705154 0.051712137
v -1.997339845 8.937491417 0.038967162
v -1.998487353 8.942705154 0.026266959
v -2.000520945 8.955292702 0.021051133
v -2.002249241 8.967882156 0.026375044
v -1.602749705 9.036437035 0.024450792
v -1.601588249 9.031225204 0.037150614
v -1.599496484 9.018646240 0.042364810
v -1.597699642 9.006069183 0.037038982
v -1.597250342 9.000859261 0.024292922
v -1.598411798 9.006071091 0.011593101
v -1.600503564 9.018650055 0.006378904
v -1.602300406 9.031227112 0.011704733
v -1.202414989 9.096895218 0.016740631
v -1.201702476 9.091614723 0.029445291
v -1.199992657 9.078978539 0.034661449
v -1.198287129 9.066390038 0.029333554
v -1.197585106 9.061220169 0.016582612
v -1.198297620 9.066500664 0.003877954
v -1.200007439 9.079136848 -0.001338204
v -1.201712966 9.091725349 0.003989690
v -0.801701128 9.144906044 0.024590109
v -0.801656187 9.139539719 0.037278596
v -0.800641119 9.126819611 0.042472705
v -0.799250424 9.114198685 0.037129804
v -0.798298895 9.109066963 0.024379686
v -0.798343837 9.114433289 0.011691199
v -0.799358904 9.127153397 0.006497089
v -0.800749600 9.139774323 0.011839991
v -0.400709987 9.172852516 0.046001934
v -0.401079118 9.167454720 0.058671921
v -0.400816083 9.154684067 0.063831620
v -0.400075018 9.142020226 0.058458559
v -0.399290025 9.136881828 0.045700192
v -0.398920894 9.142279625 0.033030204
v -0.399183929 9.155050278 0.027870504
v -0.399924994 9.167714119 0.033243567
v 0.000403511 9.176292419 0.061299000
v -0.000013190 9.170903206 0.073971003
v -0.000422166 9.158129692 0.079116188
v -0.000583842 9.145455360 0.073720574
v -0.000403511 9.140302658 0.060944844
v 0.000013190 9.145691872 0.048272841
v 0.000422166 9.158465385 0.043127656
v 0.000583842 9.171139717 0.048523270
v 0.401452750 9.154676437 0.064605527
v 0.401243776 9.149291992 0.077284463
v 0.400306195 9.136551857 0.082443304
v 0.399189264 9.123920441 0.077060066
v 0.398547262 9.118795395 0.064288177
v 0.398756236 9.124179840 0.051609237
v 0.399693817 9.136919975 0.046450399
v 0.400810748 9.149551392 0.051833633
v 0.802261055 9.111443520 0.046915416
v 0.802188516 9.106053352 0.059593473
v 0.800834060 9.093359947 0.064774528
v 0.798990965 9.080800056 0.059423584
v 0.797738969 9.075730324 0.046675157
v 0.797811508 9.081120491 0.033997100
v 0.799165964 9.093813896 0.028816048
v 0.801009059 9.106373787 0.034166988
v 1.202706456 9.053458214 0.026156768
v 1.202428818 9.048094749 0.038843684
v 1.200728536 9.035449028 0.044039402
v 1.198601484 9.022929192 0.038700346
v 1.197293639 9.017867088 0.025954060
v 1.197571278 9.023230553 0.013267145
v 1.199271560 9.035876274 0.008071426
v 1.201398611 9.048396111 0.013410483
v 1.602729559 8.989899635 0.013054225
v 1.602000713 8.984605789 0.025752038
v 1.600100040 8.971990585 0.030952360
v 1.598140717 8.959444046 0.025608916
v 1.597270489 8.954316139 0.012851820
v 1.597999334 8.959609985 0.000154008
v 1.599900007 8.972225189 -0.005046315
v 1.601859331 8.984771729 0.000297130
v 2.002329350 8.930804253 0.020875426
v 2.001248121 8.925565720 0.033571102
v 1.999435544 8.912940025 0.038777865
v 1.997953773 8.900323868 0.033445664
v 1.997670531 8.895108223 0.020698024
v 1.998751998 8.900346756 0.008002346
v 2.000564337 8.912972450 0.002795584
v 2.002046347 8.925588608 0.008127788
v 2.401563883 8.885479927 0.038008370
v 2.400721788 8.880214691 0.050711252
v 2.399456739 8.867529869 0.055934496
v 2.398510218 8.854854584 0.050618388
v 2.398436308 8.849616051 0.037877038
v 2.399278402 8.854881287 0.025174154
v 2.400543451 8.867566109 0.019950913
v 2.401489973 8.880241394 0.025267018
v 2.800545216 8.861042023 0.044976257
v 2.800544977 8.855711937 0.057679985
v 2.800225496 8.842964172 0.062895931
v 2.799773932 8.830267906 0.057568673
v 2.799454689 8.825057983 0.044818841
v 2.799454927 8.830388069 0.032115113
v 2.799774408 8.843135834 0.026899165
v 2.800225973 8.855832100 0.032226425
v 3.199438334 8.861322403 0.027951401
v 3.200221777 8.855978012 0.040625211
v 3.200875282 8.843226433 0.045797199
v 3.201016188 8.830535889 0.040437683
v 3.200561762 8.825340271 0.027686197
v 3.199778318 8.830684662 0.015012386
v 3.199124813 8.843436241 0.009840399
v 3.198983908 8.856126785 0.015199914
v 3.598415613 8.886276245 0.006239227
v 3.599062681 8.880937576 0.018922502
v 3.600258827 8.868222237 0.024090039
v 3.601303339 8.855581284 0.018714763
v 3.601584196 8.850418091 0.005945440
v 3.600937128 8.855756760 -0.006737835
v 3.599740982 8.868472099 -0.011905370
v 3.598696470 8.881113052 -0.006530097
v 3.997649670 8.931993484 0.016958300
v 3.997685671 8.926605225 0.029637270
v 3.999077559 8.913919449 0.034826674
v 4.001009464 8.901367188 0.029486638
v 4.002350330 8.896303177 0.016745277
v 4.002314091 8.901691437 0.004066307
v 4.000922680 8.914377213 -0.001123099
v 3.998990297 8.926929474 0.004216939
v 4.397261143 8.991292953 0.048639532
v 4.397087097 8.985878944 0.061306112
v 4.398619175 8.973214149 0.066508427
v 4.400959969 8.960719109 0.061199032
v 4.402739048 8.955713272 0.048488099
v 4.402913094 8.961127281 0.035821520
v 4.401381016 8.973792076 0.030619208
v 4.399040222 8.986287117 0.035928600
v 4.797301769 9.054838181 0.080480278
v 4.797749996 9.049518585 0.093180656
v 4.799516678 9.036890984 0.098396309
v 4.801566601 9.024351120 0.093071982
v 4.802698612 9.019245148 0.080326587
v 4.802250385 9.024564743 0.067626208
v 4.800483704 9.037192345 0.062410556
v 4.798433781 9.049732208 0.067734882
v 5.197761059 9.112591743 0.071220785
v 5.199161053 9.107418060 0.083912253
v 5.201052189 9.094813347 0.089140162
v 5.202327251 9.082160950 0.083842069
v 5.202238560 9.076870918 0.071121514
v 5.200838566 9.082044601 0.058430050
v 5.198947430 9.094649315 0.053202137
v 5.197672367 9.107301712 0.058500234
v 5.598567009 9.155407906 0.033055805
v 5.600269794 9.150279045 0.045727875
v 5.601814747 9.137642860 0.050996087
v 5.602296352 9.124903679 0.045774389
v 5.601432800 9.119523048 0.033121578
v 5.599730015 9.124651909 0.020449508
v 5.598185062 9.137288094 0.015181297
v 5.597703457 9.150027275 0.020402994
v 5.999613285 9.176492691 -0.010622773
v 6.000448227 9.171302795 0.002111552
v 6.001020432 9.158611298 0.007440550
v 6.000994682 9.145853043 0.002242565
v 6.000386715 9.140501022 -0.010437492
v 5.999551773 9.145690918 -0.023171818
v 5.998979568 9.158382416 -0.028500816
v 5.999005318 9.171140671 -0.023302831
v 6.400728226 9.172490120 -0.012673095
v 6.400306702 9.167283058 0.000074740
v 6.399704933 9.154591560 0.005398603
v 6.399276733 9.141848564 0.000179846
v 6.399271965 9.136519432 -0.012524452
v 6.399693489 9.141726494 -0.025272287
v 6.400295258 9.154417992 -0.030596150
v 6.400723457 9.167160988 -0.025377393
v 6.801717758 9.144038200 0.002727003
v 6.800726414 9.138862610 0.015455883
v 6.799309731 9.126222610 0.020749420
v 6.798297405 9.113523483 0.015506729
v 6.798282623 9.108202934 0.002798911
v 6.799273968 9.113378525 -0.009929970
v 6.800690651 9.126018524 -0.015223507
v 6.801702976 9.138717651 -0.009980816
v 7.202426910 9.095659256 0.018520296
v 7.201540470 9.090476990 0.031254508
v 7.199750900 9.077883720 0.036544342
v 7.198107243 9.065254211 0.031291090
v 7.197572708 9.059988022 0.018572032
v 7.198459148 9.065170288 0.005837821
v 7.200248718 9.077763557 0.000547986
v 7.201892376 9.090393066 0.005801239
v 7.602753639 9.035028458 0.014119041
v 7.602325439 9.029785156 0.026851740
v 7.600535393 9.017193794 0.032146711
v 7.598431587 9.004629135 0.026902232
v 7.597246170 8.999452591 0.014190449
v 7.597674370 9.004695892 0.001457751
v 7.599464417 9.017287254 -0.003837220
v 7.601568222 9.029851913 0.001407258
v 8.002654076 8.971738815 -0.005642958
v 8.002565384 8.966443062 0.007074905
v 8.000973701 8.953821182 0.012360511
v 7.998811722 8.941266060 0.007117627
v 7.997345924 8.936132431 -0.005582539
v 7.997434616 8.941428185 -0.018300401
v 7.999025822 8.954050064 -0.023586007
v 8.001188278 8.966605186 -0.018343125
v 8.402495384 8.915728569 -0.029978549
v 8.402524948 8.910415649 -0.017267663
v 8.401075363 8.897772789 -0.011990584
v 8.398994446 8.885206223 -0.017238550
v 8.397503853 8.880076408 -0.029937377
v 8.397474289 8.885389328 -0.042648263
v 8.398923874 8.898032188 -0.047925342
v 8.401004791 8.910598755 -0.042677376
v -8.000000000 9.000000000 0.025052514
v 8.399999619 8.897902489 -0.029957963
v -8.002770424 13.017785072 0.056537222
v -8.001441002 13.012657166 0.069254354
v -7.999268055 13.000114441 0.074521966
v -7.997523308 12.987504959 0.069254354
v -7.997229576 12.982214928 0.056537222
v -7.998558998 12.987342834 0.043820087
v -8.000732422 12.999885559 0.038552478
v -8.002476692 13.012495041 0.043820087
v -7.602556229 13.080124855 0.039851200
v -7.601305962 13.074984550 0.052571520
v -7.599290371 13.062417984 0.057845514
v -7.597690582 13.049786568 0.052583747
v -7.597443581 13.044489861 0.039868493
v -7.598693848 13.049630165 0.027148170
v -7.600709438 13.062196732 0.021874178
v -7.602309227 13.074828148 0.027135944
v -7.201941013 13.132671356 0.024256567
v -7.201334476 13.127441406 0.036987513
v -7.199946404 13.114792824 0.042267017
v -7.198589802 13.102134705 0.037002418
v -7.198058605 13.096881866 0.024277644
v -7.198665142 13.102111816 0.011546697
v -7.200053215 13.114760399 0.006267194
v -7.201409817 13.127418518 0.011531793
v -6.801017761 13.167097092 0.037387870
v -6.801531792 13.161752701 0.050075270
v -6.801148415 13.149011612 0.055301875
v -6.800092697 13.136337280 0.050006017
v -6.798982620 13.131155014 0.037289932
v -6.798468590 13.136499405 0.024602534
v -6.798851967 13.149240494 0.019375928
v -6.799907684 13.161914825 0.024671787
v -6.399931431 13.177931786 0.075851902
v -6.401105404 13.172559738 0.088483617
v -6.401632309 13.159790993 0.093629085
v -6.401202679 13.147104263 0.088274166
v -6.400068760 13.141932487 0.075555697
v -6.398894787 13.147304535 0.062923983
v -6.398367882 13.160073280 0.057778515
v -6.398797512 13.172760010 0.063133433
v -5.998845577 13.163449287 0.110358998
v -5.999816418 13.158086777 0.123011641
v -6.000895023 13.145342827 0.128134295
v -6.001449108 13.132684708 0.122726165
v -6.001154423 13.127526283 0.109955281
v -6.000183582 13.132888794 0.097302638
v -5.999104977 13.145632744 0.092179984
v -5.998550892 13.158290863 0.097588114
v -5.597943306 13.125955582 0.115300395
v -5.598307133 13.120559692 0.127971217
v -5.599662304 13.107850075 0.133111894
v -5.601214886 13.095272064 0.127711087
v -5.602056503 13.090192795 0.114932515
v -5.601692677 13.095588684 0.102261692
v -5.600337505 13.108298302 0.097121015
v -5.598784924 13.120876312 0.102521822
v -5.197378159 13.071405411 0.094079517
v -5.197468758 13.065980911 0.106743015
v -5.199042320 13.053303719 0.111899003
v -5.201176643 13.040798187 0.106527187
v -5.202621460 13.035791397 0.093774296
v -5.202530861 13.041215897 0.081110798
v -5.200957298 13.053893089 0.075954810
v -5.198822975 13.066398621 0.081326626
v -4.797228336 13.008444786 0.070716053
v -4.797516823 13.003049850 0.083389059
v -4.799260139 12.990396500 0.088552803
v -4.801436424 12.977897644 0.083182439
v -4.802772045 12.972874641 0.070423856
v -4.802483559 12.978269577 0.057750851
v -4.800740242 12.990922928 0.052587107
v -4.798563957 13.003421783 0.057957470
v -4.397511959 12.947023392 0.059307888
v -4.398372173 12.941718102 0.071992837
v -4.400186062 12.929077148 0.077163093
v -4.401891232 12.916506767 0.071789980
v -4.402488232 12.911369324 0.059021004
v -4.401628017 12.916674614 0.046336051
v -4.399814129 12.929315567 0.041165799
v -4.398108959 12.941885948 0.046538908
v -3.998183489 12.896820068 0.078158781
v -3.999435902 12.891572952 0.090835445
v -4.001018524 12.878909111 0.096024558
v -4.002004623 12.866247177 0.090686418
v -4.001816750 12.861003876 0.077948019
v -4.000564575 12.866250992 0.065271355
v -3.998981476 12.878914833 0.060082238
v -3.997995377 12.891576767 0.065420382
v -3.599142790 12.865723610 0.104551852
v -3.599796772 12.860423088 0.117251329
v -3.600569963 12.847696304 0.122467585
v -3.601008892 12.834996223 0.117145009
v -3.600857019 12.829764366 0.104401499
v -3.600203037 12.835064888 0.091702022
v -3.599429846 12.847791672 0.086485766
v -3.598990917 12.860491753 0.091808341
v -3.200241089 12.858611107 0.103473999
v -3.199774027 12.853267670 0.116163462
v -3.199439287 12.840511322 0.121355459
v -3.199433088 12.827814102 0.116008595
v -3.199759007 12.822615623 0.103254981
v -3.200226068 12.827959061 0.090565518
v -3.200560808 12.840715408 0.085373521
v -3.200567007 12.853412628 0.090720385
v -2.801299095 12.876599312 0.079743713
v -2.800173283 12.871273994 0.092399441
v -2.798946142 12.858551979 0.097541265
v -2.798336029 12.845885277 0.092157163
v -2.798700809 12.840695381 0.079401076
v -2.799826622 12.846020699 0.066745348
v -2.801053762 12.858742714 0.061603524
v -2.801663876 12.871409416 0.066987626
v -2.402149439 12.916867256 0.056964245
v -2.400965214 12.911552429 0.069618940
v -2.399215937 12.898882866 0.074738920
v -2.397925854 12.886280060 0.069324970
v -2.397850752 12.881127357 0.056548510
v -2.399034977 12.886442184 0.043893814
v -2.400784254 12.899111748 0.038773835
v -2.402074337 12.911714554 0.044187784
v -2.002664089 12.973093987 0.045525461
v -2.001988173 12.967720032 0.058192555
v -2.000147581 12.955066681 0.063320652
v -1.998220563 12.942546844 0.057905797
v -1.997335911 12.937493324 0.045119926
v -1.998011708 12.942867279 0.032452833
v -1.999852419 12.955520630 0.027324732
v -2.001779318 12.968040466 0.032739591
v -1.602763057 13.036434174 0.065076530
v -1.602655888 13.030974388 0.077724911
v -1.600993037 13.018295288 0.082848638
v -1.598748446 13.005822182 0.077446304
v -1.597236991 13.000862122 0.064682513
v -1.597344160 13.006321907 0.052034132
v -1.599007010 13.019001007 0.046910405
v -1.601251602 13.031474113 0.052312739
v -1.202422619 13.096892357 0.092173971
v -1.202180386 13.091455460 0.104829915
v -1.200660825 13.078755379 0.109948963
v -1.198754311 13.066232681 0.104532443
v -1.197577477 13.061223030 0.091753282
v -1.197819710 13.066659927 0.079097338
v -1.199339271 13.079360008 0.073978290
v -1.201245785 13.091882706 0.079394810
v -0.801693320 13.144906044 0.096358009
v -0.800928712 13.139543533 0.109025270
v -0.799620032 13.126826286 0.114157587
v -0.798534036 13.114202499 0.108748510
v -0.798306704 13.109066963 0.095966615
v -0.799071312 13.114429474 0.083299354
v -0.800379992 13.127146721 0.078167036
v -0.801465988 13.139770508 0.083576113
v -0.400696337 13.172853470 0.075942256
v -0.399914622 13.167501450 0.088612594
v -0.399182916 13.154747963 0.093772471
v -0.398929834 13.142065048 0.088399284
v -0.399303675 13.136880875 0.075640582
v -0.400085390 13.142232895 0.062970243
v -0.400817096 13.154986382 0.057810370
v -0.401070178 13.167669296 0.063183554
v 0.000411070 13.176292419 0.060127992
v 0.000659065 13.170928955 0.072815441
v 0.000520989 13.158166885 0.078001142
v 0.000077724 13.145481110 0.072647385
v -0.000411070 13.140302658 0.059890326
v -0.000659065 13.145666122 0.047202878
v -0.000520989 13.158428192 0.042017177
v -0.000077724 13.171113968 0.047370933
v 0.401449203 13.154677391 0.052624129
v 0.400928020 13.149340630 0.065314405
v 0.399863243 13.136620522 0.070496857
v 0.398878574 13.123967171 0.065135680
v 0.398550808 13.118794441 0.052371375
v 0.399071991 13.124131203 0.039681099
v 0.400136769 13.136851311 0.034498643
v 0.401121438 13.149504662 0.039859824
v 0.802250028 13.111445427 0.065875337
v 0.801138282 13.106161118 0.078549832
v 0.799359739 13.093511581 0.083709255
v 0.797956228 13.080905914 0.078331292
v 0.797749996 13.075728416 0.065566272
v 0.798861742 13.081012726 0.052891776
v 0.800640285 13.093662262 0.047732353
v 0.802043796 13.106267929 0.053110316
v 1.202700853 13.053458214 0.080713622
v 1.201792717 13.048151016 0.093394309
v 1.199834585 13.035528183 0.098554142
v 1.197973251 13.022983551 0.093170568
v 1.197299242 13.017867088 0.080397196
v 1.198207378 13.023174286 0.067716509
v 1.200165510 13.035797119 0.062556677
v 1.202026844 13.048341751 0.067940250
v 1.602734923 12.989898682 0.072303899
v 1.602402806 12.984503746 0.084975898
v 1.600663304 12.971847534 0.090132907
v 1.598535180 12.959343910 0.084754035
v 1.597265124 12.954317093 0.071990140
v 1.597597241 12.959712029 0.059318144
v 1.599336743 12.972368240 0.054161131
v 1.601464868 12.984871864 0.059540007
v 2.002342224 12.930802345 0.049459253
v 2.002362013 12.925354958 0.062113069
v 2.000997782 12.912644386 0.067249209
v 1.999049425 12.900116920 0.061858997
v 1.997657776 12.895110130 0.049099941
v 1.997638226 12.900557518 0.036446124
v 1.999002099 12.913268089 0.031309985
v 2.000950575 12.925795555 0.036700197
v 2.401571035 12.885478020 0.026109556
v 2.401454449 12.880052567 0.038772609
v 2.400485992 12.867302895 0.043899711
v 2.399232864 12.854696274 0.038487472
v 2.398429155 12.849617958 0.025706312
v 2.398545742 12.855043411 0.013043257
v 2.399514198 12.867793083 0.007916156
v 2.400767326 12.880399704 0.013328395
v 2.800539255 12.861041069 0.026821196
v 2.799968243 12.855665207 0.039492577
v 2.799416065 12.842899323 0.044642445
v 2.799205780 12.830221176 0.039254077
v 2.799460649 12.825058937 0.026483908
v 2.800031662 12.830434799 0.013812527
v 2.800583839 12.843200684 0.008662660
v 2.800794125 12.855878830 0.014051028
v 3.199425459 12.861321449 0.051768780
v 3.198783875 12.855957985 0.064441964
v 3.198854685 12.843196869 0.069634177
v 3.199596405 12.830515862 0.064303897
v 3.200574636 12.825341225 0.051573530
v 3.201216221 12.830704689 0.038900346
v 3.201145411 12.843465805 0.033708133
v 3.200403690 12.856146812 0.039038412
v 3.598411560 12.886277199 0.077886343
v 3.598093510 12.880930901 0.090579644
v 3.598892212 12.868214607 0.095817067
v 3.600339890 12.855574608 0.090530604
v 3.601588249 12.850417137 0.077816993
v 3.601906300 12.855763435 0.065123692
v 3.601107597 12.868479729 0.059886269
v 3.599659920 12.881119728 0.065172732
v 3.997654200 12.931994438 0.101529539
v 3.998090267 12.926720619 0.114249215
v 3.999644756 12.914082527 0.119506493
v 4.001407623 12.901482582 0.114221752
v 4.002345562 12.896302223 0.101490706
v 4.001910210 12.901576042 0.088771030
v 4.000355244 12.914214134 0.083513752
v 3.998592377 12.926814079 0.088798493
v 4.397268295 12.991294861 0.094013862
v 4.398468018 12.986123085 0.106726170
v 4.400565147 12.973557472 0.111973204
v 4.402331352 12.960961342 0.106681317
v 4.402731895 12.955711365 0.093950443
v 4.401532173 12.960883141 0.081238136
v 4.399435043 12.973448753 0.075991102
v 4.397668839 12.986044884 0.081282988
v 4.797304630 13.054838181 0.076035231
v 4.798497200 13.049665451 0.088747770
v 4.800570011 13.037096977 0.093995586
v 4.802309036 13.024496078 0.088704571
v 4.802695751 13.019245148 0.075974137
v 4.801503181 13.024417877 0.063261598
v 4.799430370 13.036986351 0.058013786
v 4.797691345 13.049587250 0.063304797
v 5.197759151 13.112591743 0.068288714
v 5.198587418 13.107363701 0.081008330
v 5.200243473 13.094737053 0.086262695
v 5.201756477 13.082106590 0.080973864
v 5.202240467 13.076870918 0.068239972
v 5.201412201 13.082098961 0.055520352
v 5.199756145 13.094725609 0.050265990
v 5.198243141 13.107356071 0.055554818
v 5.598570824 13.155408859 0.065149188
v 5.599133015 13.150154114 0.077871844
v 5.600203037 13.137466431 0.083132841
v 5.601153851 13.124778748 0.077850357
v 5.601428986 13.119522095 0.065118790
v 5.600866795 13.124776840 0.052396134
v 5.599796772 13.137464523 0.047135137
v 5.598845959 13.150152206 0.052417621
v 5.999616623 13.176492691 0.059219569
v 6.000078678 13.171238899 0.071946658
v 6.000495434 13.158520699 0.077226385
v 6.000621319 13.145789146 0.071965955
v 6.000383377 13.140501022 0.059246860
v 5.999921322 13.145754814 0.046519771
v 5.999504566 13.158473015 0.041240044
v 5.999378681 13.171204567 0.046500474
v 6.400719643 13.172490120 0.043004252
v 6.401408195 13.167250633 0.055727214
v 6.401271820 13.154545784 0.061050974
v 6.400390625 13.141816139 0.055856951
v 6.399280548 13.136519432 0.043187723
v 6.398591995 13.141758919 0.030464761
v 6.398728371 13.154463768 0.025141001
v 6.399609566 13.167193413 0.030335024
v 6.801696301 13.144039154 0.002377438
v 6.802527428 13.138802528 0.015092756
v 6.801877975 13.126136780 0.020473314
v 6.800128937 13.113461494 0.015367258
v 6.798304081 13.108201981 0.002765643
v 6.797472954 13.113438606 -0.009949675
v 6.798122406 13.126104355 -0.015330235
v 6.799871445 13.138779640 -0.010224178
v 7.202411175 13.095660210 -0.041001461
v 7.202571869 13.090491295 -0.028232165
v 7.201225758 13.077901840 -0.022800859
v 7.199161530 13.065266609 -0.027889125
v 7.197588444 13.059987068 -0.040516324
v 7.197427750 13.065155983 -0.053285621
v 7.198773861 13.077745438 -0.058716927
v 7.200838089 13.090380669 -0.053628661
v 7.602756500 13.035026550 -0.051824927
v 7.601850033 13.030004501 -0.039028712
v 7.599859715 13.017504692 -0.033588260
v 7.597951412 13.004850388 -0.038690515
v 7.597243309 12.999454498 -0.051346637
v 7.598149776 13.004476547 -0.064142853
v 7.600140095 13.016976357 -0.069583304
v 7.602048397 13.029630661 -0.064481050
v 8.002669334 12.971735001 -0.032929163
v 8.001197815 12.966798782 -0.020151466
v 7.999024391 12.954328537 -0.014715727
v 7.997422695 12.941627502 -0.019806132
v 7.997330666 12.936136246 -0.032440785
v 7.998802662 12.941072464 -0.045218483
v 8.000975609 12.953542709 -0.050654221
v 8.002576828 12.966243744 -0.045563817
v 8.402513504 12.915723801 -0.005802818
v 8.400957108 12.910801888 0.006969809
v 8.398839951 12.898323059 0.012409627
v 8.397401810 12.885598183 0.007330067
v 8.397485733 12.880081177 -0.005293335
v 8.399042130 12.885003090 -0.018065961
v 8.401159286 12.897481918 -0.023505781
v 8.402597427 12.910206795 -0.018426221
v -8.000000000 13.000000000 0.056537222
v 8.399999619 12.897902489 -0.005548076
v -3.636242151 -4.971108437 0.285670906
v -3.636533499 -4.975718498 0.301578313
v -3.640433073 -4.986834049 0.313223332
v -3.646896124 -5.001478195 0.317485690
v -3.654190779 -5.015725613 0.313223332
v -3.660362959 -5.025759697 0.301578313
v -3.663758039 -5.028891563 0.285670906
v -3.663466692 -5.024281502 0.269763499
v -3.659567118 -5.013165951 0.258118480
v -3.653104067 -4.998521805 0.253856122
v -3.645809412 -4.984274387 0.258118480
v -3.639637232 -4.974240303 0.269763499
v -2.673955679 -5.443267822 0.171011791
v -2.677246094 -5.444582939 0.187192738
v -2.688032627 -5.447321892 0.199461877
v -2.703424931 -5.450749874 0.204531729
v -2.719298840 -5.453948021 0.201043785
v -2.731400967 -5.456060410 0.189932674
v -2.736488581 -5.456520081 0.174175605
v -2.733198166 -5.455204964 0.157994658
v -2.722411633 -5.452466011 0.145725518
v -2.707019329 -5.449038029 0.140655667
v -2.691145420 -5.445839882 0.144143611
v -2.679043293 -5.443727493 0.155254722
v -2.684253454 -5.474610329 0.172861695
v -2.686874628 -5.471118450 0.188840225
v -2.695344925 -5.463030338 0.200554132
v -2.707394123 -5.452512741 0.204864681
v -2.719793797 -5.442384243 0.200616866
v -2.729221582 -5.435358524 0.188948885
v -2.733151197 -5.433319092 0.172987163
v -2.730530024 -5.436810970 0.157008633
v -2.722059727 -5.444899082 0.145294726
v -2.710010529 -5.455416679 0.140984178
v -2.697610855 -5.465545177 0.145231992
v -2.688183069 -5.472570896 0.156899974
v -2.687434435 -5.478426456 0.173162818
v -2.690101385 -5.474988937 0.189145640
v -2.698672533 -5.467021465 0.200868994
v -2.710850716 -5.456658840 0.205191642
v -2.723373175 -5.446677685 0.200955331
v -2.732884645 -5.439752579 0.189295158
v -2.736836195 -5.437738895 0.173335493
v -2.734169245 -5.441176414 0.157352671
v -2.725598097 -5.449143887 0.145629317
v -2.713419914 -5.459506512 0.141306669
v -2.700897455 -5.469487667 0.145542979
v -2.691385984 -5.476412773 0.157203153
v -2.690570593 -5.482283115 0.173458263
v -2.693282604 -5.478900909 0.189445257
v -2.701952934 -5.471055508 0.201177895
v -2.714258671 -5.460849285 0.205512404
v -2.726902008 -5.451016903 0.201287359
v -2.736495495 -5.444193840 0.189634860
v -2.740468740 -5.442206860 0.173677191
v -2.737756729 -5.445589066 0.157690197
v -2.729086399 -5.453434467 0.145957559
v -2.716780663 -5.463640690 0.141623050
v -2.704137325 -5.473473072 0.145848095
v -2.694543839 -5.480296135 0.157500595
v -2.693658352 -5.486178398 0.173747674
v -2.696414948 -5.482851982 0.189738810
v -2.705183744 -5.475131035 0.201480567
v -2.717615604 -5.465084076 0.205826774
v -2.730378866 -5.455403328 0.201612860
v -2.740054131 -5.448682785 0.189967930
v -2.744048595 -5.446722984 0.174012229
v -2.741292000 -5.450049400 0.158021092
v -2.732523203 -5.457770348 0.146279335
v -2.720091343 -5.467817307 0.141933128
v -2.707328081 -5.477498055 0.146147043
v -2.697652817 -5.484218597 0.157791972
v -2.696698427 -5.490113258 0.174031153
v -2.699498892 -5.486843109 0.190026328
v -2.708364487 -5.479246616 0.201777011
v -2.720919847 -5.469360352 0.206134632
v -2.733800888 -5.459831715 0.201931566
v -2.743556261 -5.453214645 0.190294012
v -2.747571707 -5.451282501 0.174340263
v -2.744771242 -5.454552650 0.158345088
v -2.735905647 -5.462149143 0.146594405
v -2.723350286 -5.472035408 0.142236784
v -2.710469246 -5.481564045 0.146439850
v -2.700713873 -5.488181114 0.158077404
v -2.699689388 -5.494084358 0.174308538
v -2.702532768 -5.490871429 0.190307647
v -2.711493254 -5.483401299 0.202067062
v -2.724170446 -5.473675728 0.206435829
v -2.737167120 -5.464301109 0.202243373
v -2.747001171 -5.457788467 0.190613031
v -2.751037121 -5.455883980 0.174661160
v -2.748193741 -5.459096909 0.158662051
v -2.739233255 -5.466567039 0.146902636
v -2.726556063 -5.476292610 0.142533869
v -2.713559389 -5.485667229 0.146726325
v -2.703725338 -5.492179871 0.158356667
v -2.696657181 -5.482083321 0.174671844
v -2.700882912 -5.481798649 0.190685675
v -2.712518215 -5.480845928 0.202436849
v -2.728445768 -5.479481220 0.206776649
v -2.744397640 -5.478069782 0.202542260
v -2.756099224 -5.476990223 0.190868244
v -2.760415554 -5.476531982 0.174882665
v -2.756189823 -5.476816654 0.158868834
v -2.744554520 -5.477769375 0.147117659
v -2.728626966 -5.479134083 0.142777860
v -2.712675095 -5.480545521 0.147012249
v -2.700973511 -5.481625080 0.158686265
v -2.075507879 -6.761538029 0.084558979
v -2.079115868 -6.759953022 0.100647792
v -2.088948965 -6.754128456 0.112638146
v -2.102371931 -6.745625496 0.117317230
v -2.115788698 -6.736721992 0.113431305
v -2.125603676 -6.729803562 0.102021590
v -2.129187346 -6.726724148 0.086145312
v -2.125579357 -6.728309155 0.070056498
v -2.115746260 -6.734133720 0.058066145
v -2.102323294 -6.742636681 0.053387057
v -2.088906527 -6.751540184 0.057272986
v -2.079091549 -6.758458614 0.068682700
v -2.137315989 -6.774788857 0.085741498
v -2.136926174 -6.770706654 0.101790242
v -2.136541367 -6.759145260 0.113646060
v -2.136265278 -6.743201733 0.118132204
v -2.136171341 -6.727149487 0.114046618
v -2.136284828 -6.715288639 0.102484010
v -2.136575460 -6.710798264 0.086542599
v -2.136965275 -6.714880466 0.070493855
v -2.137350082 -6.726441860 0.058638040
v -2.137626171 -6.742385387 0.054151889
v -2.137720108 -6.758437634 0.058237482
v -2.137606621 -6.770298481 0.069800086
v -2.170820236 -6.775325775 0.086413652
v -2.170701027 -6.771246910 0.102467559
v -2.170986652 -6.759695530 0.114336103
v -2.171601057 -6.743766785 0.118839115
v -2.172379494 -6.727728367 0.114770010
v -2.173113346 -6.715878487 0.103219114
v -2.173605919 -6.711392403 0.087281466
v -2.173725128 -6.715471268 0.071227558
v -2.173439503 -6.727022648 0.059359014
v -2.172825098 -6.742951393 0.054856006
v -2.172046661 -6.758989811 0.058925107
v -2.171312809 -6.770839691 0.070476003
v -2.204666376 -6.777751446 0.086995378
v -2.204820395 -6.773691177 0.103053719
v -2.205783367 -6.762187958 0.114933155
v -2.207297325 -6.746323109 0.119450606
v -2.208956718 -6.730348587 0.115395613
v -2.210316896 -6.718544960 0.103854716
v -2.211013079 -6.714073658 0.087920293
v -2.210859060 -6.718133926 0.071861953
v -2.209896088 -6.729637146 0.059982516
v -2.208382130 -6.745501995 0.055465065
v -2.206722736 -6.761476517 0.059520058
v -2.205362558 -6.773280144 0.071060956
v -2.238537788 -6.782096386 0.087478496
v -2.238965511 -6.778070450 0.103540480
v -2.240606308 -6.766653061 0.115428828
v -2.243021011 -6.750904083 0.119958080
v -2.245562077 -6.735042572 0.115914620
v -2.247549057 -6.723320007 0.104381904
v -2.248449326 -6.718876362 0.088450097
v -2.248021603 -6.722902298 0.072388113
v -2.246380806 -6.734319687 0.060499765
v -2.243966103 -6.750068665 0.055970512
v -2.241425037 -6.765930176 0.060013972
v -2.239438057 -6.777652740 0.071546689
v -2.272113085 -6.788338661 0.087857448
v -2.272812128 -6.784361839 0.103922226
v -2.275125027 -6.773068428 0.115817413
v -2.278432369 -6.757485390 0.120355710
v -2.281847477 -6.741786957 0.116321072
v -2.284455538 -6.730179787 0.104794599
v -2.285557985 -6.725774765 0.088864781
v -2.284858942 -6.729751587 0.072800003
v -2.282546043 -6.741044998 0.060904816
v -2.279238701 -6.756628036 0.056366522
v -2.275823593 -6.772326469 0.060401157
v -2.273215532 -6.783933640 0.071927629
v -2.305078268 -6.796400547 0.088129647
v -2.306043863 -6.792488098 0.104196355
v -2.309016705 -6.781355381 0.116096251
v -2.313200474 -6.765985489 0.120640770
v -2.317473888 -6.750497341 0.116612203
v -2.320691824 -6.739040375 0.105090007
v -2.321992159 -6.734684467 0.089161538
v -2.321026564 -6.738596916 0.073094830
v -2.318053722 -6.749729633 0.061194934
v -2.313869953 -6.765099525 0.056650411
v -2.309596539 -6.780587673 0.060678981
v -2.306378603 -6.792044640 0.072201177
v -2.332736731 -6.804307938 0.088324025
v -2.334644079 -6.800745964 0.104388133
v -2.339938641 -6.790503025 0.116280280
v -2.347202301 -6.776323318 0.120813996
v -2.354488373 -6.762006283 0.116774447
v -2.359844446 -6.751388550 0.105244055
v -2.361835718 -6.747314453 0.089312360
v -2.359928370 -6.750876427 0.073248252
v -2.354633808 -6.761119366 0.061356105
v -2.347370148 -6.775299072 0.056822393
v -2.340084076 -6.789616108 0.060861938
v -2.334728003 -6.800233841 0.072392330
v -3.900352001 -7.974269390 0.059944946
v -3.898865223 -7.970575809 0.076023765
v -3.894691467 -7.959873676 0.087957956
v -3.888949394 -7.945030689 0.092549771
v -3.883177280 -7.930023670 0.088568822
v -3.878921986 -7.918873310 0.077081807
v -3.877323627 -7.914568424 0.061166670
v -3.878810406 -7.918262005 0.045087852
v -3.882984161 -7.928964138 0.033153661
v -3.888726234 -7.943807125 0.028561849
v -3.894498348 -7.958814144 0.032542795
v -3.898753643 -7.969964504 0.044029810
v -3.921416521 -7.944317341 0.060463186
v -3.917255163 -7.943804741 0.076488204
v -3.905793905 -7.941784859 0.088275507
v -3.890103579 -7.938799381 0.092666671
v -3.874388456 -7.935647964 0.088485107
v -3.862859488 -7.933175087 0.076851264
v -3.858605623 -7.932043552 0.060882408
v -3.862766981 -7.932556152 0.044857390
v -3.874228239 -7.934576035 0.033070091
v -3.889918566 -7.937561512 0.028678920
v -3.905633688 -7.940712929 0.032860484
v -3.917162657 -7.943185806 0.044494331
v -3.922589540 -7.938539028 0.060571861
v -3.918440342 -7.937967300 0.076597989
v -3.907012224 -7.935783863 0.088388383
v -3.891367674 -7.932573795 0.092783794
v -3.875698328 -7.929196835 0.088606492
v -3.864202976 -7.926557541 0.076975778
v -3.859961748 -7.925364017 0.061008085
v -3.864110947 -7.925935745 0.044981953
v -3.875539064 -7.928119183 0.033191565
v -3.891183615 -7.931329250 0.028796151
v -3.906852961 -7.934706211 0.032973457
v -3.918348312 -7.937345505 0.044604171
v -3.923846483 -7.932773590 0.060680639
v -3.919709682 -7.932143688 0.076707885
v -3.908317566 -7.929796696 0.088501357
v -3.892721891 -7.926361561 0.092901021
v -3.877101898 -7.922759533 0.088727981
v -3.865642548 -7.919954777 0.077100404
v -3.861414671 -7.918699265 0.061133888
v -3.865551472 -7.919329166 0.045106642
v -3.876943588 -7.921676159 0.033313170
v -3.892539263 -7.925111294 0.028913505
v -3.908159256 -7.928713322 0.033086546
v -3.919618607 -7.931518078 0.044714123
v -3.925186872 -7.927024841 0.060789458
v -3.921063900 -7.926336288 0.076817811
v -3.909709692 -7.923826218 0.088614389
v -3.894166231 -7.920167446 0.093018301
v -3.878598452 -7.916339874 0.088849530
v -3.867177963 -7.913370132 0.077225089
v -3.862964392 -7.912053108 0.061259739
v -3.867087364 -7.912741661 0.045231387
v -3.878441572 -7.915251732 0.033434812
v -3.893985033 -7.918910503 0.029030897
v -3.909552813 -7.922738075 0.033199672
v -3.920973301 -7.925707817 0.044824108
v -3.926609755 -7.921295643 0.060898259
v -3.922501564 -7.920548439 0.076927722
v -3.911187410 -7.917876244 0.088727385
v -3.895699501 -7.913994789 0.093135551
v -3.880187273 -7.909943581 0.088971034
v -3.868807316 -7.906808853 0.077349730
v -3.864609480 -7.905430317 0.061385550
v -3.868717670 -7.906177521 0.045356087
v -3.880031824 -7.908849716 0.033556424
v -3.895519733 -7.912731171 0.029148262
v -3.911031961 -7.916782379 0.033312775
v -3.922411919 -7.919917107 0.044934079
v -3.928114414 -7.915590286 0.061006941
v -3.924021482 -7.914785385 0.077037513
v -3.912750244 -7.911950588 0.088840276
v -3.897320747 -7.907846451 0.093252689
v -3.881867409 -7.903572559 0.089092441
v -3.870531321 -7.900273323 0.077474274
v -3.866349220 -7.898833275 0.061511271
v -3.870442152 -7.899638176 0.045480698
v -3.881713390 -7.902472973 0.033677936
v -3.897142887 -7.906577110 0.029265527
v -3.912596226 -7.910851002 0.033425771
v -3.923932314 -7.914150238 0.045043938
v -3.921668053 -7.923610210 0.060803134
v -3.918651104 -7.920972347 0.076875389
v -3.910352707 -7.913006306 0.088794634
v -3.898996592 -7.901847839 0.093367115
v -3.887625694 -7.890486240 0.089367628
v -3.879286766 -7.881966114 0.077867851
v -3.876214027 -7.878570080 0.061949130
v -3.879230976 -7.881207943 0.045876876
v -3.887529373 -7.889173985 0.033957630
v -3.898885489 -7.900332451 0.029385153
v -3.910256386 -7.911694050 0.033384636
v -3.918595314 -7.920214176 0.044884413
v -6.841952801 -7.071876049 0.084223956
v -6.843151093 -7.070206165 0.100660414
v -6.849080563 -7.062157154 0.113867469
v -6.858152866 -7.049884796 0.120306298
v -6.867937565 -7.036677837 0.118251614
v -6.875811577 -7.026074886 0.108253986
v -6.879666805 -7.020917416 0.092992246
v -6.878468513 -7.022587299 0.076555789
v -6.872539043 -7.030636311 0.063348733
v -6.863466740 -7.042908669 0.056909904
v -6.853682041 -7.056115627 0.058964588
v -6.845808029 -7.066718578 0.068962216
v -6.829695225 -7.057186127 0.081772789
v -6.830502510 -7.057272434 0.098317280
v -6.839471817 -7.057130814 0.112242609
v -6.854198933 -7.056799889 0.119817495
v -6.870738029 -7.056367874 0.119012251
v -6.884657860 -7.055950642 0.110042661
v -6.892227650 -7.055660248 0.095312089
v -6.891420364 -7.055573940 0.078767598
v -6.882451057 -7.055715561 0.064842269
v -6.867723942 -7.056046486 0.057267383
v -6.851184845 -7.056478500 0.058072627
v -6.837265015 -7.056895733 0.067042217
v -6.830086231 -7.067903042 0.081702963
v -6.830892563 -7.067969322 0.098247617
v -6.839854240 -7.067634106 0.112174585
v -6.854569435 -7.066987514 0.119752161
v -6.871095657 -7.066202641 0.118949920
v -6.885004997 -7.065489769 0.109982848
v -6.892570019 -7.065040112 0.095253631
v -6.891763687 -7.064973831 0.078708977
v -6.882802010 -7.065309048 0.064782009
v -6.868086815 -7.065955639 0.057204433
v -6.851560593 -7.066740513 0.058006674
v -6.837651253 -7.067453384 0.066973746
v -6.830707550 -7.078630447 0.081634849
v -6.831511974 -7.078676224 0.098179661
v -6.840461731 -7.078147411 0.112108253
v -6.855158329 -7.077184200 0.119688466
v -6.871664047 -7.076045513 0.118889190
v -6.885556698 -7.075036049 0.109924592
v -6.893113136 -7.074426651 0.095196724
v -6.892308712 -7.074380875 0.078651913
v -6.883358955 -7.074909687 0.064723320
v -6.868662357 -7.075872898 0.057143103
v -6.852156639 -7.077011585 0.057942383
v -6.838263988 -7.078021049 0.066906981
v -6.831560612 -7.089352131 0.081568561
v -6.832362652 -7.089378357 0.098113537
v -6.841296196 -7.088654518 0.112043709
v -6.855967045 -7.087375164 0.119626515
v -6.872445107 -7.085882187 0.118830144
v -6.886313915 -7.084576607 0.109867975
v -6.893858433 -7.083807468 0.095141418
v -6.893056393 -7.083781242 0.078596443
v -6.884122849 -7.084505081 0.064666271
v -6.869452000 -7.085784435 0.057083465
v -6.852973938 -7.087277412 0.057879835
v -6.839105129 -7.088582993 0.066842005
v -6.832642555 -7.100050449 0.081504211
v -6.833441734 -7.100057125 0.098049343
v -6.842355251 -7.099140167 0.111981064
v -6.856994152 -7.097546101 0.119566396
v -6.873436451 -7.095701218 0.118772849
v -6.887275696 -7.094100475 0.109813049
v -6.894804955 -7.093172550 0.095087782
v -6.894005775 -7.093165874 0.078542650
v -6.885092258 -7.094082832 0.064610928
v -6.870453358 -7.095676899 0.057025596
v -6.854011059 -7.097521782 0.057819143
v -6.840171814 -7.099122524 0.066778943
v -6.833951950 -7.110715389 0.081441872
v -6.834748268 -7.110702515 0.097987153
v -6.843636990 -7.109592438 0.111920387
v -6.858237267 -7.107683659 0.119508192
v -6.874636173 -7.105486870 0.118717402
v -6.888440132 -7.103591919 0.109759934
v -6.895950317 -7.102505207 0.095035918
v -6.895153999 -7.102518082 0.078490637
v -6.886265278 -7.103628159 0.064557403
v -6.871665001 -7.105536938 0.056969602
v -6.855266094 -7.107733727 0.057760388
v -6.841462135 -7.109628677 0.066717856
v -6.840486050 -7.133768082 0.080639668
v -6.840825558 -7.133567333 0.097199380
v -6.848015308 -7.128809452 0.111343354
v -6.860128880 -7.120769978 0.119281739
v -6.873919964 -7.111603260 0.118887424
v -6.885693073 -7.103765011 0.110266089
v -6.892294407 -7.099355698 0.095727809
v -6.891954899 -7.099556446 0.079168096
v -6.884765148 -7.104314327 0.065024123
v -6.872651577 -7.112353802 0.057085741
v -6.858860493 -7.121520519 0.057480048
v -6.847087383 -7.129358768 0.066101387
v -9.984095573 -9.026512146 0.091744900
v -9.984057426 -9.026473045 0.108309224
v -9.988290787 -9.019338608 0.122647099
v -9.995661736 -9.007023811 0.130916715
v -10.004194260 -8.992826462 0.130902201
v -10.011603355 -8.980551720 0.122607484
v -10.015904427 -8.973487854 0.108255103
v -10.015942574 -8.973526955 0.091690779
v -10.011709213 -8.980661392 0.077352904
v -10.004338264 -8.992976189 0.069083296
v -9.995805740 -9.007173538 0.069097795
v -9.988396645 -9.019448280 0.077392519
v -3.650000095 -5.000000000 0.285670906
v -10.000000000 -9.000000000 0.100000001
v 5.979428291 -2.989714146 0.250000000
v 5.983626842 -2.991138220 0.263505548
v 5.994080067 -2.995947361 0.271852463
v 6.006794453 -3.002304554 0.271852463
v 6.016912937 -3.007781267 0.263505548
v 6.020571709 -3.010285854 0.250000000
v 6.016373158 -3.008861780 0.236494437
v 6.005919933 -3.004052639 0.228147537
v 5.993205547 -2.997695446 0.228147537
v 5.983087063 -2.992218733 0.236494437
v 6.868016243 -1.233651042 0.162412688
v 6.872323990 -1.230825186 0.175660968
v 6.882784843 -1.225061774 0.183369100
v 6.895402908 -1.218562484 0.182592899
v 6.905358315 -1.213809490 0.173628807
v 6.908848763 -1.212618470 0.159900799
v 6.904541016 -1.215444326 0.146652520
v 6.894080162 -1.221207738 0.138944387
v 6.881462097 -1.227707028 0.139720589
v 6.871506691 -1.232460022 0.148684680
v 6.867234707 -1.243033528 0.163300753
v 6.868122101 -1.237446785 0.176341444
v 6.870100975 -1.225366116 0.183566660
v 6.872415543 -1.211406231 0.182216585
v 6.874181747 -1.200899124 0.172806919
v 6.874724865 -1.197858214 0.158931822
v 6.873837471 -1.203444958 0.145891130
v 6.871858597 -1.215525627 0.138665915
v 6.869544029 -1.229485512 0.140015990
v 6.867777824 -1.239992619 0.149425656
v 6.849287033 -1.239856124 0.163239837
v 6.850285530 -1.234288692 0.176280841
v 6.852526188 -1.222254634 0.183506802
v 6.855154514 -1.208350062 0.182157621
v 6.857165337 -1.197886467 0.172748670
v 6.857790947 -1.194860339 0.158873826
v 6.856792450 -1.200427771 0.145832822
v 6.854551792 -1.212461829 0.138606861
v 6.851923466 -1.226366401 0.139956042
v 6.849912643 -1.236829996 0.149364993
v 6.831378937 -1.236270189 0.163159311
v 6.832488537 -1.230724931 0.176200747
v 6.834990978 -1.218742967 0.183427751
v 6.837931156 -1.204901099 0.182079822
v 6.840186596 -1.194486499 0.172671825
v 6.840894699 -1.191477060 0.158797324
v 6.839785099 -1.197022319 0.145755887
v 6.837282658 -1.209004283 0.138528883
v 6.834342480 -1.222846150 0.139876813
v 6.832087040 -1.233260751 0.149284810
v 6.813538074 -1.232279062 0.163059205
v 6.814757347 -1.226758242 0.176101208
v 6.817521095 -1.214834571 0.183329508
v 6.820773125 -1.201062560 0.181983158
v 6.823271751 -1.190702438 0.172576427
v 6.824061871 -1.187711477 0.158702344
v 6.822842598 -1.193232298 0.145660341
v 6.820078850 -1.205155969 0.138432041
v 6.816826820 -1.218927979 0.139778391
v 6.814328194 -1.229288101 0.149185121
v 6.795791626 -1.227888227 0.162939668
v 6.797121048 -1.222394586 0.175982326
v 6.800143719 -1.210534930 0.183212236
v 6.803705692 -1.196839452 0.181867823
v 6.806446075 -1.186539292 0.172462583
v 6.807317734 -1.183568835 0.158589005
v 6.805988312 -1.189062476 0.145546347
v 6.802965641 -1.200922132 0.138316438
v 6.799403667 -1.214617610 0.139660850
v 6.796663284 -1.224917769 0.149066091
v 6.778165817 -1.223105311 0.162800863
v 6.779604435 -1.217640996 0.175844327
v 6.782884598 -1.205851197 0.183076128
v 6.786753654 -1.192239165 0.181733951
v 6.789734364 -1.182004333 0.172330484
v 6.790687561 -1.179056048 0.158457533
v 6.789248943 -1.184520364 0.145414069
v 6.785968781 -1.196310163 0.138182268
v 6.782099724 -1.209922194 0.139524445
v 6.779119015 -1.220157027 0.148927912
v 6.751366615 -1.212375164 0.162577033
v 6.755016804 -1.208097219 0.175632238
v 6.763411999 -1.199221611 0.182898164
v 6.773347378 -1.189138412 0.181599438
v 6.781026363 -1.181699276 0.172232151
v 6.783516884 -1.179745436 0.158374280
v 6.779866695 -1.184023380 0.145319074
v 6.771471500 -1.192898989 0.138053149
v 6.761536121 -1.202982187 0.139351875
v 6.753857136 -1.210421324 0.148719162
v 6.189307690 0.590026677 0.080299042
v 6.190184593 0.596008658 0.093164019
v 6.192441463 0.608252406 0.100023687
v 6.195217609 0.622081280 0.098257869
v 6.197451591 0.632213116 0.088541068
v 6.198290348 0.634777844 0.074584760
v 6.197413445 0.628795862 0.061719783
v 6.195156574 0.616552114 0.054860119
v 6.192380428 0.602723241 0.056625936
v 6.190146446 0.592591405 0.066342734
v 6.176227570 0.556537449 0.083391435
v 6.171061993 0.561448932 0.095689937
v 6.161414623 0.570153654 0.101453401
v 6.150970936 0.579326808 0.098480396
v 6.143719196 0.585464597 0.087906495
v 6.142430305 0.586222470 0.073770575
v 6.147595882 0.581310987 0.061472073
v 6.157243252 0.572606266 0.055708610
v 6.167686939 0.563433111 0.058681615
v 6.174938679 0.557295322 0.069255516
v 6.138207436 0.515834570 0.084478028
v 6.133280754 0.521006405 0.096767947
v 6.124094009 0.530205905 0.102515176
v 6.114155769 0.539919198 0.099524468
v 6.107262611 0.546436131 0.088938162
v 6.106046677 0.547267556 0.074799873
v 6.110973358 0.542095721 0.062509954
v 6.120160103 0.532896221 0.056762725
v 6.130098343 0.523182929 0.059753433
v 6.136991501 0.516665995 0.070339739
v 6.097610474 0.476765394 0.085468620
v 6.092939854 0.482187450 0.097750530
v 6.084244728 0.491861969 0.103482597
v 6.074846268 0.502093673 0.100475378
v 6.068334103 0.508974254 0.089877516
v 6.067196846 0.509875774 0.075737044
v 6.071867466 0.504453719 0.063455135
v 6.080562592 0.494779199 0.057723068
v 6.089961052 0.484547526 0.060730286
v 6.096473217 0.477666855 0.071328148
v 6.054727077 0.439716011 0.086351961
v 6.050326824 0.445375741 0.098626502
v 6.042150974 0.455500931 0.104344666
v 6.033322811 0.466224045 0.101322323
v 6.027213573 0.473449290 0.090713896
v 6.026157856 0.474416822 0.076571435
v 6.030558109 0.468757093 0.064296894
v 6.038733959 0.458631903 0.058578730
v 6.047562122 0.447908789 0.061601073
v 6.053671360 0.440683544 0.072209500
v 6.009910583 0.405027241 0.087119415
v 6.005792618 0.410909891 0.099387318
v 5.998160362 0.421457231 0.105092987
v 5.989927292 0.432640493 0.102057040
v 5.984239578 0.440188110 0.091439113
v 5.983268738 0.441217095 0.077294901
v 5.987386703 0.435334444 0.065026999
v 5.995018959 0.424787104 0.059321329
v 6.003252029 0.413603842 0.062357277
v 6.008939743 0.406056225 0.072975203
v 5.963564873 0.372978330 0.087765336
v 5.959740639 0.379067332 0.100027382
v 5.952669621 0.390004903 0.105722047
v 5.945052624 0.401613265 0.102674164
v 5.939799309 0.409458429 0.092047900
v 5.938916206 0.410543799 0.077902153
v 5.942740440 0.404454798 0.065640107
v 5.949811459 0.393517226 0.059945442
v 5.957428455 0.381908864 0.062993325
v 5.962681770 0.374063700 0.073619589
v 5.912106514 0.341970712 0.088423349
v 5.909749508 0.348850608 0.100636967
v 5.905510426 0.361206174 0.106243394
v 5.901009083 0.374318004 0.103101172
v 5.897964001 0.383177876 0.092410512
v 5.897538185 0.384401530 0.078254886
v 5.899895191 0.377521634 0.066041268
v 5.904134274 0.365166068 0.060434841
v 5.908635616 0.352054238 0.063577063
v 5.911680698 0.343194366 0.074267723
v 3.216202021 0.056311131 0.067468166
v 3.208370924 0.059733186 0.078826971
v 3.195998430 0.065355614 0.082994506
v 3.183810472 0.071030840 0.078378931
v 3.176462412 0.074591115 0.066743225
v 3.176760912 0.074676543 0.052531831
v 3.184592009 0.071254492 0.041173030
v 3.196964502 0.065632060 0.037005488
v 3.209152460 0.059956834 0.041621070
v 3.216500521 0.056396555 0.053256776
v 3.218310356 0.067339897 0.072801203
v 3.209045172 0.061040949 0.081549987
v 3.197260857 0.053107295 0.082042836
v 3.187458038 0.046569321 0.074091502
v 3.183381796 0.043924313 0.060733113
v 3.186588287 0.046182573 0.047070134
v 3.195853472 0.052481521 0.038321350
v 3.207637787 0.060415175 0.037828498
v 3.217440605 0.066953145 0.045779832
v 3.221516848 0.069598153 0.059138224
v 3.224310398 0.058282677 0.072735772
v 3.214956284 0.052117508 0.081484996
v 3.203058720 0.044353977 0.081978418
v 3.193162918 0.037957497 0.074027553
v 3.189048290 0.035371300 0.060669366
v 3.192286491 0.037583228 0.047006227
v 3.201640606 0.043748397 0.038256999
v 3.213538170 0.051511928 0.037763581
v 3.223433971 0.057908408 0.045714445
v 3.227548599 0.060494605 0.059072632
v 3.230184555 0.049132448 0.072670035
v 3.220742941 0.043102469 0.081419714
v 3.208735466 0.035510849 0.081913695
v 3.198748112 0.029257331 0.073963307
v 3.194596052 0.026730541 0.060605317
v 3.197865009 0.028895635 0.046942029
v 3.207306623 0.034925614 0.038192347
v 3.219314098 0.042517234 0.037698366
v 3.229301453 0.048770752 0.045648754
v 3.233453512 0.051297542 0.059006743
v 3.235928774 0.039894894 0.072604038
v 3.226401806 0.034001421 0.081354171
v 3.214286089 0.026583368 0.081848726
v 3.204209566 0.020474175 0.073898822
v 3.200021267 0.018007349 0.060541030
v 3.203320265 0.020125136 0.046877582
v 3.212847233 0.026018608 0.038127448
v 3.224962950 0.033436663 0.037632886
v 3.235039473 0.039545856 0.045582797
v 3.239227772 0.042012680 0.058940589
v 3.241539478 0.030575510 0.072537810
v 3.231929064 0.024819812 0.081288397
v 3.219707966 0.017576922 0.081783548
v 3.209544182 0.011613381 0.073834121
v 3.205320120 0.009207057 0.060476527
v 3.208648682 0.011277083 0.046812922
v 3.218259096 0.017032782 0.038062334
v 3.230480194 0.024275672 0.037567187
v 3.240643978 0.030239213 0.045516614
v 3.244868040 0.032645538 0.058874205
v 3.247013092 0.021180194 0.072471403
v 3.237321377 0.015563411 0.081222452
v 3.224997520 0.008497120 0.081718184
v 3.214748383 0.002680403 0.073769242
v 3.210489273 0.000335050 0.060411848
v 3.213847160 0.002356905 0.046748087
v 3.223538876 0.007973688 0.037997037
v 3.235862732 0.015039979 0.037501305
v 3.246111870 0.020856697 0.045450248
v 3.250370979 0.023202049 0.058807634
v 3.253731489 0.002021564 0.073723257
v 3.241940498 0.002258812 0.081659362
v 3.227739334 0.002604496 0.081148148
v 3.216551781 0.002926578 0.072384879
v 3.212651253 0.003102034 0.058716826
v 3.217527628 0.003063844 0.045364730
v 3.229318619 0.002826597 0.037428625
v 3.243519783 0.002480912 0.037939839
v 3.254707336 0.002158830 0.046703104
v 3.258607864 0.001983375 0.060371161
v 2.108546257 -1.807645082 0.065935753
v 2.097383976 -1.812446117 0.073312081
v 2.084405184 -1.818124056 0.072137803
v 2.074568033 -1.822510004 0.062861443
v 2.071629524 -1.823928595 0.049026266
v 2.076712132 -1.821838140 0.035916835
v 2.087874413 -1.817037106 0.028540507
v 2.100853205 -1.811359167 0.029714789
v 2.110690355 -1.806973219 0.038991142
v 2.113628864 -1.805554628 0.052826323
v 2.105235338 -1.803995371 0.070122585
v 2.102559566 -1.817389131 0.074060619
v 2.100061893 -1.830518484 0.069219217
v 2.098696232 -1.838368654 0.057447627
v 2.098984241 -1.837941051 0.043242201
v 2.100816011 -1.829398870 0.032028928
v 2.103491783 -1.816005111 0.028090892
v 2.105989456 -1.802875757 0.032932296
v 2.107355118 -1.795025587 0.044703886
v 2.107067108 -1.795453191 0.058909312
v 2.115796804 -1.806140423 0.070275359
v 2.112928867 -1.819495201 0.074209958
v 2.110242844 -1.832586288 0.069365203
v 2.108765125 -1.840413094 0.057591621
v 2.109059811 -1.839986086 0.043386310
v 2.111014605 -1.831468344 0.032175221
v 2.113882542 -1.818113565 0.028240614
v 2.116568565 -1.805022478 0.033085372
v 2.118046284 -1.797195673 0.044858959
v 2.117751598 -1.797622681 0.059064265
v 2.126335382 -1.808439016 0.070428111
v 2.123275280 -1.821752310 0.074359298
v 2.120401621 -1.834802032 0.069511183
v 2.118811846 -1.842603803 0.057735592
v 2.119113445 -1.842177629 0.043530401
v 2.121190786 -1.833686113 0.032321505
v 2.124250889 -1.820372820 0.028390322
v 2.127124548 -1.807323098 0.033238433
v 2.128714323 -1.799521327 0.045014024
v 2.128412724 -1.799947500 0.059219215
v 2.136843920 -1.810890079 0.070580751
v 2.133592606 -1.824158907 0.074508518
v 2.130531788 -1.837164760 0.069657050
v 2.128830433 -1.844940066 0.057879463
v 2.129138470 -1.844514608 0.043674387
v 2.131338358 -1.836051106 0.032467682
v 2.134589672 -1.822782278 0.028539924
v 2.137650490 -1.809776425 0.033391386
v 2.139351845 -1.802001119 0.045168974
v 2.139043808 -1.802426577 0.059374049
v 2.147316217 -1.813492060 0.070733190
v 2.143874168 -1.826713681 0.074657530
v 2.140626431 -1.839672923 0.069802716
v 2.138813972 -1.847419858 0.058023129
v 2.139128685 -1.846995473 0.043818172
v 2.141450644 -1.838561773 0.032613657
v 2.144892693 -1.825340152 0.028689321
v 2.148140430 -1.812380910 0.033544134
v 2.149952888 -1.804633975 0.045323718
v 2.149638176 -1.805058360 0.059528679
v 2.157745600 -1.816243529 0.070885330
v 2.154113293 -1.829415202 0.074806243
v 2.150679827 -1.842325330 0.069948085
v 2.148756266 -1.850042462 0.058166508
v 2.149077892 -1.849619031 0.043961667
v 2.151521444 -1.841216922 0.032759335
v 2.155153751 -1.828045249 0.028838418
v 2.158587217 -1.815135121 0.033696573
v 2.160510778 -1.807417989 0.045478154
v 2.160189152 -1.807841420 0.059682995
v 2.172844172 -1.823417664 0.071927443
v 2.162882805 -1.833132267 0.074835047
v 2.153666973 -1.842253327 0.069009297
v 2.148717403 -1.847296834 0.056675445
v 2.149924278 -1.846336365 0.042544596
v 2.156826735 -1.839738846 0.032014254
v 2.166788101 -1.830024242 0.029106654
v 2.176003933 -1.820903182 0.034932401
v 2.180953503 -1.815859675 0.047266256
v 2.179746628 -1.816820145 0.061397105
v 2.916647196 -4.729607582 0.088683322
v 2.912030697 -4.742849350 0.091005646
v 2.907863140 -4.754857540 0.084641479
v 2.905736446 -4.761044979 0.072021730
v 2.906462669 -4.759047508 0.057966698
v 2.909765005 -4.749629021 0.047844935
v 2.914381504 -4.736387253 0.045522612
v 2.918549061 -4.724379063 0.051886771
v 2.920675755 -4.718191624 0.064506523
v 2.919949532 -4.720189095 0.078561552
v 2.927277565 -4.720801830 0.090258077
v 2.935705423 -4.732242107 0.089861616
v 2.942364693 -4.741324902 0.081188917
v 2.944712162 -4.744580746 0.067552671
v 2.941851377 -4.740767002 0.054161444
v 2.934874535 -4.731338978 0.046130240
v 2.926446676 -4.719898701 0.046526700
v 2.919787407 -4.710815907 0.055199392
v 2.917439938 -4.707560062 0.068835646
v 2.920300722 -4.711373806 0.082226872
v 2.945737123 -4.707589626 0.090191416
v 2.953848124 -4.719256401 0.089794688
v 2.960257292 -4.728517532 0.081121780
v 2.962516069 -4.731835365 0.067485444
v 2.959762335 -4.727942467 0.054094307
v 2.953047514 -4.718326092 0.046063311
v 2.944936514 -4.706659317 0.046460040
v 2.938527346 -4.697398186 0.055132948
v 2.936268568 -4.694080353 0.068769284
v 2.939022303 -4.697973251 0.082160421
v 2.964609385 -4.694850445 0.090128139
v 2.972396612 -4.706735611 0.089731090
v 2.978549957 -4.716168404 0.081057914
v 2.980718613 -4.719545364 0.067421481
v 2.978074312 -4.715577126 0.054030437
v 2.971626997 -4.705778599 0.045999717
v 2.963839769 -4.693893433 0.046396773
v 2.957686424 -4.684460640 0.055069949
v 2.955517769 -4.681083679 0.068706386
v 2.958162069 -4.685051918 0.082097419
v 2.983854294 -4.682616234 0.090068422
v 2.991311550 -4.694711685 0.089670971
v 2.997203588 -4.704308987 0.080997474
v 2.999280214 -4.707743168 0.067360923
v 2.996747971 -4.703701973 0.053970013
v 2.990573883 -4.693729401 0.045939617
v 2.983116627 -4.681633949 0.046337072
v 2.977224588 -4.672036648 0.055010565
v 2.975147963 -4.668602467 0.068647109
v 2.977680206 -4.672643661 0.082038030
v 3.003428459 -4.670917511 0.090012416
v 3.010550022 -4.683213234 0.089614496
v 3.016176939 -4.692968369 0.080940641
v 3.018159628 -4.696456909 0.067303956
v 3.015741348 -4.692345619 0.053913191
v 3.009845257 -4.682206154 0.045883168
v 3.002723694 -4.669910431 0.046281084
v 2.997096777 -4.660155296 0.054954942
v 2.995114088 -4.656666756 0.068591632
v 2.997532368 -4.660778046 0.081982389
v 3.023287058 -4.659778595 0.089960217
v 3.030068159 -4.672265053 0.089561783
v 3.035425901 -4.682170391 0.080887504
v 3.037313700 -4.685710430 0.067250662
v 3.035011053 -4.681532860 0.053860072
v 3.029396772 -4.671234131 0.045830477
v 3.022615671 -4.658747673 0.046228912
v 3.017257929 -4.648842335 0.054903187
v 3.015370131 -4.645302296 0.068540029
v 3.017672777 -4.649479866 0.081930615
v 3.045807362 -4.649059772 0.090054013
v 3.046913385 -4.663212776 0.089331634
v 3.047778606 -4.674239635 0.080402777
v 3.048072338 -4.677927494 0.066677958
v 3.047682524 -4.672868729 0.053399593
v 3.046758175 -4.660995007 0.045639567
v 3.045652151 -4.646842003 0.046361946
v 3.044786930 -4.635815144 0.055290803
v 3.044493198 -4.632127285 0.069015622
v 3.044883013 -4.637186050 0.082293980
v 7.001717567 -5.994749069 0.102326572
v 6.997154236 -6.008172989 0.101309776
v 6.993677616 -6.018475056 0.092153370
v 6.992616177 -6.021720409 0.078354791
v 6.994375229 -6.016669273 0.065184623
v 6.998282433 -6.005250931 0.057673428
v 7.002845764 -5.991827011 0.058690220
v 7.006322384 -5.981524944 0.067846626
v 7.007383823 -5.978279591 0.081645206
v 7.005624771 -5.983330727 0.094815373
v 6.000000000 -3.000000000 0.250000000
v 7.000000000 -6.000000000 0.079999998
vn -0.7374487 0.6708892 -0.0779561
vn -0.7695386 0.4357753 0.4668086
vn -0.1803636 0.6879303 0.7030084
vn -0.7374487 0.6708892 -0.0779561
vn -0.1803636 0.6879303 0.7030084
vn -0.1423692 0.9898077 0.0034494
vn -0.7695386 0.4357753 0.4668086
vn -0.7128642 -0.1109856 0.6924644
vn -0.1133863 -0.0143545 0.9934472
vn -0.7695386 0.4357753 0.4668086
vn -0.1133863 -0.0143545 0.9934472
vn -0.1803636 0.6879303 0.7030084
vn -0.7128642 -0.1109856 0.6924644
vn -0.6005581 -0.6491553 0.4668268
vn 0.0199190 -0.7095618 0.7043615
vn -0.7128642 -0.1109856 0.6924644
vn 0.0199190 -0.7095618 0.7043615
vn -0.1133863 -0.0143545 0.9934472
vn -0.6005581 -0.6491553 0.4668268
vn -0.4984608 -0.8634003 -0.0779534
vn 0.1418664 -0.9898852 0.0011251
vn -0.6005581 -0.6491553 0.4668268
vn 0.1418664 -0.9898852 0.0011251
vn 0.0199190 -0.7095618 0.7043615
vn -0.4984608 -0.8634003 -0.0779534
vn -0.4663703 -0.6282650 -0.6227214
vn 0.1803945 -0.6873032 -0.7036136
vn -0.4984608 -0.8634003 -0.0779534
vn 0.1803945 -0.6873032 -0.7036136
vn 0.1418664 -0.9898852 0.0011251
vn -0.4663703 -0.6282650 -0.6227214
vn -0.5230446 -0.0815387 -0.8483961
vn 0.1126052 0.0201309 -0.9934359
vn -0.4663703 -0.6282650 -0.6227214
vn 0.1126052 0.0201309 -0.9934359
vn 0.1803945 -0.6873032 -0.7036136
vn -0.5230446 -0.0815387 -0.8483961
vn -0.6353557 0.4566225 -0.6227511
vn -0.0212344 0.7146408 -0.6991693
vn -0.5230446 -0.0815387 -0.8483961
vn -0.0212344 0.7146408 -0.6991693
vn 0.1126052 0.0201309 -0.9934359
vn -0.6353557 0.4566225 -0.6227511
vn -0.7374487 0.6708892 -0.0779561
vn -0.1423692 0.9898077 0.0034494
vn -0.6353557 0.4566225 -0.6227511
vn -0.1423692 0.9898077 0.0034494
vn -0.0212344 0.7146408 -0.6991693
vn -0.1423692 0.9898077 0.0034494
vn -0.1803636 0.6879303 0.7030084
vn -0.1148623 0.6934385 0.7113014
vn -0.1423692 0.9898077 0.0034494
vn -0.1148623 0.6934385 0.7113014
vn -0.1086121 0.9939720 0.0149343
vn -0.1803636 0.6879303 0.7030084
vn -0.1133863 -0.0143545 0.9934472
vn -0.0552781 -0.0037532 0.9984639
vn -0.1803636 0.6879303 0.7030084
vn -0.0552781 -0.0037532 0.9984639
vn -0.1148623 0.6934385 0.7113014
vn -0.1133863 -0.0143545 0.9934472
vn 0.0199190 -0.7095618 0.7043615
vn 0.0362611 -0.7008122 0.7124237
vn -0.1133863 -0.0143545 0.9934472
vn 0.0362611 -0.7008122 0.7124237
vn -0.0552781 -0.0037532 0.9984639
vn 0.0199190 -0.7095618 0.7043615
vn 0.1418664 -0.9898852 0.0011251
vn 0.1073108 -0.9941833 0.0091642
vn 0.0199190 -0.7095618 0.7043615
vn 0.1073108 -0.9941833 0.0091642
vn 0.0362611 -0.7008122 0.7124237
vn 0.1418664 -0.9898852 0.0011251
vn 0.1803945 -0.6873032 -0.7036136
vn 0.1152540 -0.7000480 -0.7047335
vn 0.1418664 -0.9898852 0.0011251
vn 0.1152540 -0.7000480 -0.7047335
vn 0.1073108 -0.9941833 0.0091642
vn 0.1803945 -0.6873032 -0.7036136
vn 0.1126052 0.0201309 -0.9934359
vn 0.0541274 0.0146491 -0.9984265
vn 0.1803945 -0.6873032 -0.7036136
vn 0.0541274 0.0146491 -0.9984265
vn 0.1152540 -0.7000480 -0.7047335
vn 0.1126052 0.0201309 -0.9934359
vn -0.0212344 0.7146408 -0.6991693
vn -0.0391059 0.7180928 -0.6948478
vn 0.1126052 0.0201309 -0.9934359
vn -0.0391059 0.7180928 -0.6948478
vn 0.0541274 0.0146491 -0.9984265
vn -0.0212344 0.7146408 -0.6991693
vn -0.1423692 0.9898077 0.0034494
vn -0.1086121 0.9939720 0.0149343
vn -0.0212344 0.7146408 -0.6991693
vn -0.1086121 0.9939720 0.0149343
vn -0.0391059 0.7180928 -0.6948478
vn -0.1086121 0.9939720 0.0149343
vn -0.1148623 0.6934385 0.7113014
vn -0.0145223 0.7047673 0.7092899
vn -0.1086121 0.9939720 0.0149343
vn -0.0145223 0.7047673 0.7092899
vn -0.0559641 0.9983658 0.0115734
vn -0.1148623 0.6934385 0.7113014
vn -0.0552781 -0.0037532 0.9984639
vn 0.0352069 0.0071849 0.9993542
vn -0.1148623 0.6934385 0.7113014
vn 0.0352069 0.0071849 0.9993542
vn -0.0145223 0.7047673 0.7092899
vn -0.0552781 -0.0037532 0.9984639
vn 0.0362611 -0.7008122 0.7124237
vn 0.0648210 -0.6972153 0.7139251
vn -0.0552781 -0.0037532 0.9984639
vn 0.0648210 -0.6972153 0.7139251
vn 0.0352069 0.0071849 0.9993542
vn 0.0362611 -0.7008122 0.7124237
vn 0.1073108 -0.9941833 0.0091642
vn 0.0566811 -0.9983561 0.0084985
vn 0.0362611 -0.7008122 0.7124237
vn 0.0566811 -0.9983561 0.0084985
vn 0.0648210 -0.6972153 0.7139251
vn 0.1073108 -0.9941833 0.0091642
vn 0.1152540 -0.7000480 -0.7047335
vn 0.0147519 -0.7076631 -0.7063960
vn 0.1073108 -0.9941833 0.0091642
vn 0.0147519 -0.7076631 -0.7063960
vn 0.0566811 -0.9983561 0.0084985
vn 0.1152540 -0.7000480 -0.7047335
vn 0.0541274 0.0146491 -0.9984265
vn -0.0360571 0.0070787 -0.9993247
vn 0.1152540 -0.7000480 -0.7047335
vn -0.0360571 0.0070787 -0.9993247
vn 0.0147519 -0.7076631 -0.7063960
vn 0.0541274 0.0146491 -0.9984265
vn -0.0391059 0.7180928 -0.6948478
vn -0.0651831 0.7143745 -0.6967211
vn 0.0541274 0.0146491 -0.9984265
vn -0.0651831 0.7143745 -0.6967211
vn -0.0360571 0.0070787 -0.9993247
vn -0.0391059 0.7180928 -0.6948478
vn -0.1086121 0.9939720 0.0149343
vn -0.0559641 0.9983658 0.0115734
vn -0.0391059 0.7180928 -0.6948478
vn -0.0559641 0.9983658 0.0115734
vn -0.0651831 0.7143745 -0.6967211
vn -0.0559641 0.9983658 0.0115734
vn -0.0145223 0.7047673 0.7092899
vn 0.0608024 0.7118458 0.6996989
vn -0.0559641 0.9983658 0.0115734
vn 0.0608024 0.7118458 0.6996989
vn 0.0043995 0.9999891 -0.0015942
vn -0.0145223 0.7047673 0.7092899
vn 0.0352069 0.0071849 0.9993542
vn 0.0820780 0.0100645 0.9965751
vn -0.0145223 0.7047673 0.7092899
vn 0.0820780 0.0100645 0.9965751
vn 0.0608024 0.7118458 0.6996989
vn 0.0352069 0.0071849 0.9993542
vn 0.0648210 -0.6972153 0.7139251
vn 0.0554003 -0.7006839 0.7113177
vn 0.0352069 0.0071849 0.9993542
vn 0.0554003 -0.7006839 0.7113177
vn 0.0820780 0.0100645 0.9965751
vn 0.0648210 -0.6972153 0.7139251
vn 0.0566811 -0.9983561 0.0084985
vn -0.0041845 -0.9999825 0.0041913
vn 0.0648210 -0.6972153 0.7139251
vn -0.0041845 -0.9999825 0.0041913
vn 0.0554003 -0.7006839 0.7113177
vn 0.0566811 -0.9983561 0.0084985
vn 0.0147519 -0.7076631 -0.7063960
vn -0.0613317 -0.7055143 -0.7060368
vn 0.0566811 -0.9983561 0.0084985
vn -0.0613317 -0.7055143 -0.7060368
vn -0.0041845 -0.9999825 0.0041913
vn 0.0147519 -0.7076631 -0.7063960
vn -0.0360571 0.0070787 -0.9993247
vn -0.0820026 0.0052202 -0.9966184
vn 0.0147519 -0.7076631 -0.7063960
vn -0.0820026 0.0052202 -0.9966184
vn -0.0613317 -0.7055143 -0.7060368
vn -0.0360571 0.0070787 -0.9993247
vn -0.0651831 0.7143745 -0.6967211
vn -0.0545821 0.7096561 -0.7024307
vn -0.0360571 0.0070787 -0.9993247
vn -0.0545821 0.7096561 -0.7024307
vn -0.0820026 0.0052202 -0.9966184
vn -0.0651831 0.7143745 -0.6967211
vn -0.0559641 0.9983658 0.0115734
vn 0.0043995 0.9999891 -0.0015942
vn -0.0651831 0.7143745 -0.6967211
vn 0.0043995 0.9999891 -0.0015942
vn -0.0545821 0.7096561 -0.7024307
vn 0.0043995 0.9999891 -0.0015942
vn 0.0608024 0.7118458 0.6996989
vn 0.0744695 0.7172722 0.6928021
vn 0.0043995 0.9999891 -0.0015942
vn 0.0744695 0.7172722 0.6928021
vn 0.0639442 0.9978071 -0.0170886
vn 0.0608024 0.7118458 0.6996989
vn 0.0820780 0.0100645 0.9965751
vn 0.0411000 0.0107339 0.9990974
vn 0.0608024 0.7118458 0.6996989
vn 0.0411000 0.0107339 0.9990974
vn 0.0744695 0.7172722 0.6928021
vn 0.0820780 0.0100645 0.9965751
vn 0.0554003 -0.7006839 0.7113177
vn -0.0170510 -0.7055510 0.7084541
vn 0.0820780 0.0100645 0.9965751
vn -0.0170510 -0.7055510 0.7084541
vn 0.0411000 0.0107339 0.9990974
vn 0.0554003 -0.7006839 0.7113177
vn -0.0041845 -0.9999825 0.0041913
vn -0.0648759 -0.9978771 -0.0056811
vn 0.0554003 -0.7006839 0.7113177
vn -0.0648759 -0.9978771 -0.0056811
vn -0.0170510 -0.7055510 0.7084541
vn -0.0041845 -0.9999825 0.0041913
vn -0.0613317 -0.7055143 -0.7060368
vn -0.0740408 -0.6989719 -0.7113059
vn -0.0041845 -0.9999825 0.0041913
vn -0.0740408 -0.6989719 -0.7113059
vn -0.0648759 -0.9978771 -0.0056811
vn -0.0613317 -0.7055143 -0.7060368
vn -0.0820026 0.0052202 -0.9966184
vn -0.0401793 0.0032679 -0.9991871
vn -0.0613317 -0.7055143 -0.7060368
vn -0.0401793 0.0032679 -0.9991871
vn -0.0740408 -0.6989719 -0.7113059
vn -0.0820026 0.0052202 -0.9966184
vn -0.0545821 0.7096561 -0.7024307
vn 0.0166066 0.7011585 -0.7128121
vn -0.0820026 0.0052202 -0.9966184
vn 0.0166066 0.7011585 -0.7128121
vn -0.0401793 0.0032679 -0.9991871
vn -0.0545821 0.7096561 -0.7024307
vn 0.0043995 0.9999891 -0.0015942
vn 0.0639442 0.9978071 -0.0170886
vn -0.0545821 0.7096561 -0.7024307
vn 0.0639442 0.9978071 -0.0170886
vn 0.0166066 0.7011585 -0.7128121
vn 0.0639442 0.9978071 -0.0170886
vn 0.0744695 0.7172722 0.6928021
vn 0.0552846 0.7149662 0.6969699
vn 0.0639442 0.9978071 -0.0170886
vn 0.0552846 0.7149662 0.6969699
vn 0.1144534 0.9933556 -0.0120430
vn 0.0744695 0.7172722 0.6928021
vn 0.0411000 0.0107339 0.9990974
vn -0.0367900 0.0139616 0.9992254
vn 0.0744695 0.7172722 0.6928021
vn -0.0367900 0.0139616 0.9992254
vn 0.0552846 0.7149662 0.6969699
vn 0.0411000 0.0107339 0.9990974
vn -0.0170510 -0.7055510 0.7084541
vn -0.1072854 -0.6975095 0.7084987
vn 0.0411000 0.0107339 0.9990974
vn -0.1072854 -0.6975095 0.7084987
vn -0.0367900 0.0139616 0.9992254
vn -0.0170510 -0.7055510 0.7084541
vn -0.0648759 -0.9978771 -0.0056811
vn -0.1139029 -0.9934867 -0.0032152
vn -0.0170510 -0.7055510 0.7084541
vn -0.1139029 -0.9934867 -0.0032152
vn -0.1072854 -0.6975095 0.7084987
vn -0.0648759 -0.9978771 -0.0056811
vn -0.0740408 -0.6989719 -0.7113059
vn -0.0533591 -0.7023772 -0.7098022
vn -0.0648759 -0.9978771 -0.0056811
vn -0.0533591 -0.7023772 -0.7098022
vn -0.1139029 -0.9934867 -0.0032152
vn -0.0740408 -0.6989719 -0.7113059
vn -0.0401793 0.0032679 -0.9991871
vn 0.0379222 -0.0037326 -0.9992737
vn -0.0740408 -0.6989719 -0.7113059
vn 0.0379222 -0.0037326 -0.9992737
vn -0.0533591 -0.7023772 -0.7098022
vn -0.0401793 0.0032679 -0.9991871
vn 0.0166066 0.7011585 -0.7128121
vn 0.1070406 0.6950248 -0.7109731
vn -0.0401793 0.0032679 -0.9991871
vn 0.1070406 0.6950248 -0.7109731
vn 0.0379222 -0.0037326 -0.9992737
vn 0.0166066 0.7011585 -0.7128121
vn 0.0639442 0.9978071 -0.0170886
vn 0.1144534 0.9933556 -0.0120430
vn 0.0166066 0.7011585 -0.7128121
vn 0.1144534 0.9933556 -0.0120430
vn 0.1070406 0.6950248 -0.7109731
vn 0.1144534 0.9933556 -0.0120430
vn 0.0552846 0.7149662 0.6969699
vn 0.0538034 0.7095850 0.7025627
vn 0.1144534 0.9933556 -0.0120430
vn 0.0538034 0.7095850 0.7025627
vn 0.1453559 0.9893766 -0.0023626
vn 0.0552846 0.7149662 0.6969699
vn -0.0367900 0.0139616 0.9992254
vn -0.0693033 0.0146942 0.9974874
vn 0.0552846 0.7149662 0.6969699
vn -0.0693033 0.0146942 0.9974874
vn 0.0538034 0.7095850 0.7025627
vn -0.0367900 0.0139616 0.9992254
vn -0.1072854 -0.6975095 0.7084987
vn -0.1519435 -0.6897514 0.7079238
vn -0.0367900 0.0139616 0.9992254
vn -0.1519435 -0.6897514 0.7079238
vn -0.0693033 0.0146942 0.9974874
vn -0.1072854 -0.6975095 0.7084987
vn -0.1139029 -0.9934867 -0.0032152
vn -0.1453254 -0.9893823 0.0017946
vn -0.1072854 -0.6975095 0.7084987
vn -0.1453254 -0.9893823 0.0017946
vn -0.1519435 -0.6897514 0.7079238
vn -0.1139029 -0.9934867 -0.0032152
vn -0.0533591 -0.7023772 -0.7098022
vn -0.0532001 -0.7068510 -0.7053591
vn -0.1139029 -0.9934867 -0.0032152
vn -0.0532001 -0.7068510 -0.7053591
vn -0.1453254 -0.9893823 0.0017946
vn -0.0533591 -0.7023772 -0.7098022
vn 0.0379222 -0.0037326 -0.9992737
vn 0.0700282 -0.0097198 -0.9974976
vn -0.0533591 -0.7023772 -0.7098022
vn 0.0700282 -0.0097198 -0.9974976
vn -0.0532001 -0.7068510 -0.7053591
vn 0.0379222 -0.0037326 -0.9992737
vn 0.1070406 0.6950248 -0.7109731
vn 0.1520955 0.6919864 -0.7057066
vn 0.0379222 -0.0037326 -0.9992737
vn 0.1520955 0.6919864 -0.7057066
vn 0.0700282 -0.0097198 -0.9974976
vn 0.1070406 0.6950248 -0.7109731
vn 0.1144534 0.9933556 -0.0120430
vn 0.1453559 0.9893766 -0.0023626
vn 0.1070406 0.6950248 -0.7109731
vn 0.1453559 0.9893766 -0.0023626
vn 0.1520955 0.6919864 -0.7057066
vn 0.1453559 0.9893766 -0.0023626
vn 0.0538034 0.7095850 0.7025627
vn 0.0771263 0.7010272 0.7089517
vn 0.1453559 0.9893766 -0.0023626
vn 0.0771263 0.7010272 0.7089517
vn 0.1534181 0.9881471 0.0053049
vn 0.0538034 0.7095850 0.7025627
vn -0.0693033 0.0146942 0.9974874
vn -0.0437234 0.0077092 0.9990139
vn 0.0538034 0.7095850 0.7025627
vn -0.0437234 0.0077092 0.9990139
vn 0.0771263 0.7010272 0.7089517
vn -0.0693033 0.0146942 0.9974874
vn -0.1519435 -0.6897514 0.7079238
vn -0.1392155 -0.6898610 0.7104301
vn -0.0693033 0.0146942 0.9974874
vn -0.1392155 -0.6898610 0.7104301
vn -0.0437234 0.0077092 0.9990139
vn -0.1519435 -0.6897514 0.7079238
vn -0.1453254 -0.9893823 0.0017946
vn -0.1539992 -0.9880379 0.0080770
vn -0.1519435 -0.6897514 0.7079238
vn -0.1539992 -0.9880379 0.0080770
vn -0.1392155 -0.6898610 0.7104301
vn -0.1453254 -0.9893823 0.0017946
vn -0.0532001 -0.7068510 -0.7053591
vn -0.0785341 -0.7080289 -0.7018030
vn -0.1453254 -0.9893823 0.0017946
vn -0.0785341 -0.7080289 -0.7018030
vn -0.1539992 -0.9880379 0.0080770
vn -0.0532001 -0.7068510 -0.7053591
vn 0.0700282 -0.0097198 -0.9974976
vn 0.0436000 -0.0085955 -0.9990121
vn -0.0532001 -0.7068510 -0.7053591
vn 0.0436000 -0.0085955 -0.9990121
vn -0.0785341 -0.7080289 -0.7018030
vn 0.0700282 -0.0097198 -0.9974976
vn 0.1520955 0.6919864 -0.7057066
vn 0.1399176 0.6960868 -0.7041918
vn 0.0700282 -0.0097198 -0.9974976
vn 0.1399176 0.6960868 -0.7041918
vn 0.0436000 -0.0085955 -0.9990121
vn 0.1520955 0.6919864 -0.7057066
vn 0.1453559 0.9893766 -0.0023626
vn 0.1534181 0.9881471 0.0053049
vn 0.1520955 0.6919864 -0.7057066
vn 0.1534181 0.9881471 0.0053049
vn 0.1399176 0.6960868 -0.7041918
vn 0.1534181 0.9881471 0.0053049
vn 0.0771263 0.7010272 0.7089517
vn 0.1042932 0.6953990 0.7110155
vn 0.1534181 0.9881471 0.0053049
vn 0.1042932 0.6953990 0.7110155
vn 0.1383778 0.9903654 0.0052920
vn 0.0771263 0.7010272 0.7089517
vn -0.0437234 0.0077092 0.9990139
vn 0.0096200 -0.0032947 0.9999483
vn 0.0771263 0.7010272 0.7089517
vn 0.0096200 -0.0032947 0.9999483
vn 0.1042932 0.6953990 0.7110155
vn -0.0437234 0.0077092 0.9990139
vn -0.1392155 -0.6898610 0.7104301
vn -0.0904450 -0.6988199 0.7095565
vn -0.0437234 0.0077092 0.9990139
vn -0.0904450 -0.6988199 0.7095565
vn 0.0096200 -0.0032947 0.9999483
vn -0.1392155 -0.6898610 0.7104301
vn -0.1539992 -0.9880379 0.0080770
vn -0.1382381 -0.9903685 0.0077731
vn -0.1392155 -0.6898610 0.7104301
vn -0.1382381 -0.9903685 0.0077731
vn -0.0904450 -0.6988199 0.7095565
vn -0.1539992 -0.9880379 0.0080770
vn -0.0785341 -0.7080289 -0.7018030
vn -0.1055618 -0.7051777 -0.7011284
vn -0.1539992 -0.9880379 0.0080770
vn -0.1055618 -0.7051777 -0.7011284
vn -0.1382381 -0.9903685 0.0077731
vn -0.0785341 -0.7080289 -0.7018030
vn 0.0436000 -0.0085955 -0.9990121
vn -0.0105577 -0.0033269 -0.9999387
vn -0.0785341 -0.7080289 -0.7018030
vn -0.0105577 -0.0033269 -0.9999387
vn -0.1055618 -0.7051777 -0.7011284
vn 0.0436000 -0.0085955 -0.9990121
vn 0.1399176 0.6960868 -0.7041918
vn 0.0909175 0.7019810 -0.7063686
vn 0.0436000 -0.0085955 -0.9990121
vn 0.0909175 0.7019810 -0.7063686
vn -0.0105577 -0.0033269 -0.9999387
vn 0.1399176 0.6960868 -0.7041918
vn 0.1534181 0.9881471 0.0053049
vn 0.1383778 0.9903654 0.0052920
vn 0.1399176 0.6960868 -0.7041918
vn 0.1383778 0.9903654 0.0052920
vn 0.0909175 0.7019810 -0.7063686
vn 0.1383778 0.9903654 0.0052920
vn 0.1042932 0.6953990 0.7110155
vn 0.1003638 0.6969628 0.7100493
vn 0.1383778 0.9903654 0.0052920
vn 0.1003638 0.6969628 0.7100493
vn 0.1012952 0.9948556 0.0012079
vn 0.1042932 0.6953990 0.7110155
vn 0.0096200 -0.0032947 0.9999483
vn 0.0403923 -0.0100571 0.9991333
vn 0.1042932 0.6953990 0.7110155
vn 0.0403923 -0.0100571 0.9991333
vn 0.1003638 0.6969628 0.7100493
vn 0.0096200 -0.0032947 0.9999483
vn -0.0904450 -0.6988199 0.7095565
vn -0.0429432 -0.7088139 0.7040872
vn 0.0096200 -0.0032947 0.9999483
vn -0.0429432 -0.7088139 0.7040872
vn 0.0403923 -0.0100571 0.9991333
vn -0.0904450 -0.6988199 0.7095565
vn -0.1382381 -0.9903685 0.0077731
vn -0.1011969 -0.9948660 0.0009133
vn -0.0904450 -0.6988199 0.7095565
vn -0.1011969 -0.9948660 0.0009133
vn -0.0429432 -0.7088139 0.7040872
vn -0.1382381 -0.9903685 0.0077731
vn -0.1055618 -0.7051777 -0.7011284
vn -0.1007693 -0.7037686 -0.7032462
vn -0.1382381 -0.9903685 0.0077731
vn -0.1007693 -0.7037686 -0.7032462
vn -0.1011969 -0.9948660 0.0009133
vn -0.1055618 -0.7051777 -0.7011284
vn -0.0105577 -0.0033269 -0.9999387
vn -0.0415674 -0.0013806 -0.9991347
vn -0.1055618 -0.7051777 -0.7011284
vn -0.0415674 -0.0013806 -0.9991347
vn -0.1007693 -0.7037686 -0.7032462
vn -0.0105577 -0.0033269 -0.9999387
vn 0.0909175 0.7019810 -0.7063686
vn 0.0422709 0.7041695 -0.7087725
vn -0.0105577 -0.0033269 -0.9999387
vn 0.0422709 0.7041695 -0.7087725
vn -0.0415674 -0.0013806 -0.9991347
vn 0.0909175 0.7019810 -0.7063686
vn 0.1383778 0.9903654 0.0052920
vn 0.1012952 0.9948556 0.0012079
vn 0.0909175 0.7019810 -0.7063686
vn 0.1012952 0.9948556 0.0012079
vn 0.0422709 0.7041695 -0.7087725
vn 0.1012952 0.9948556 0.0012079
vn 0.1003638 0.6969628 0.7100493
vn 0.0668375 0.6991504 0.7118437
vn 0.1012952 0.9948556 0.0012079
vn 0.0668375 0.6991504 0.7118437
vn 0.0479113 0.9988477 0.0027717
vn 0.1003638 0.6969628 0.7100493
vn 0.0403923 -0.0100571 0.9991333
vn 0.0462829 -0.0117904 0.9988588
vn 0.1003638 0.6969628 0.7100493
vn 0.0462829 -0.0117904 0.9988588
vn 0.0668375 0.6991504 0.7118437
vn 0.0403923 -0.0100571 0.9991333
vn -0.0429432 -0.7088139 0.7040872
vn -0.0012186 -0.7129372 0.7012268
vn 0.0403923 -0.0100571 0.9991333
vn -0.0012186 -0.7129372 0.7012268
vn 0.0462829 -0.0117904 0.9988588
vn -0.0429432 -0.7088139 0.7040872
vn -0.1011969 -0.9948660 0.0009133
vn -0.0478708 -0.9988512 -0.0021291
vn -0.0429432 -0.7088139 0.7040872
vn -0.0478708 -0.9988512 -0.0021291
vn -0.0012186 -0.7129372 0.7012268
vn -0.1011969 -0.9948660 0.0009133
vn -0.1007693 -0.7037686 -0.7032462
vn -0.0668165 -0.7067819 -0.7042691
vn -0.1011969 -0.9948660 0.0009133
vn -0.0668165 -0.7067819 -0.7042691
vn -0.0478708 -0.9988512 -0.0021291
vn -0.1007693 -0.7037686 -0.7032462
vn -0.0415674 -0.0013806 -0.9991347
vn -0.0469628 -0.0027608 -0.9988928
vn -0.1007693 -0.7037686 -0.7032462
vn -0.0469628 -0.0027608 -0.9988928
vn -0.0668165 -0.7067819 -0.7042691
vn -0.0415674 -0.0013806 -0.9991347
vn 0.0422709 0.7041695 -0.7087725
vn 0.0005589 0.7060108 -0.7082008
vn -0.0415674 -0.0013806 -0.9991347
vn 0.0005589 0.7060108 -0.7082008
vn -0.0469628 -0.0027608 -0.9988928
vn 0.0422709 0.7041695 -0.7087725
vn 0.1012952 0.9948556 0.0012079
vn 0.0479113 0.9988477 0.0027717
vn 0.0422709 0.7041695 -0.7087725
vn 0.0479113 0.9988477 0.0027717
vn 0.0005589 0.7060108 -0.7082008
vn 0.0479113 0.9988477 0.0027717
vn 0.0668375 0.6991504 0.7118437
vn 0.0035384 0.7042760 0.7099174
vn 0.0479113 0.9988477 0.0027717
vn 0.0035384 0.7042760 0.7099174
vn -0.0136788 0.9999002 -0.0035317
vn 0.0668375 0.6991504 0.7118437
vn 0.0462829 -0.0117904 0.9988588
vn 0.0186338 -0.0114463 0.9997609
vn 0.0668375 0.6991504 0.7118437
vn 0.0186338 -0.0114463 0.9997609
vn 0.0035384 0.7042760 0.7099174
vn 0.0462829 -0.0117904 0.9988588
vn -0.0012186 -0.7129372 0.7012268
vn 0.0226317 -0.7169374 0.6967701
vn 0.0462829 -0.0117904 0.9988588
vn 0.0226317 -0.7169374 0.6967701
vn 0.0186338 -0.0114463 0.9997609
vn -0.0012186 -0.7129372 0.7012268
vn -0.0478708 -0.9988512 -0.0021291
vn 0.0134128 -0.9998519 -0.0107840
vn -0.0012186 -0.7129372 0.7012268
vn 0.0134128 -0.9998519 -0.0107840
vn 0.0226317 -0.7169374 0.6967701
vn -0.0478708 -0.9988512 -0.0021291
vn -0.0668165 -0.7067819 -0.7042691
vn -0.0035076 -0.7047940 -0.7094033
vn -0.0478708 -0.9988512 -0.0021291
vn -0.0035076 -0.7047940 -0.7094033
vn 0.0134128 -0.9998519 -0.0107840
vn -0.0668165 -0.7067819 -0.7042691
vn -0.0469628 -0.0027608 -0.9988928
vn -0.0184173 -0.0039038 -0.9998228
vn -0.0668165 -0.7067819 -0.7042691
vn -0.0184173 -0.0039038 -0.9998228
vn -0.0035076 -0.7047940 -0.7094033
vn -0.0469628 -0.0027608 -0.9988928
vn 0.0005589 0.7060108 -0.7082008
vn -0.0227120 0.7021608 -0.7116561
vn -0.0469628 -0.0027608 -0.9988928
vn -0.0227120 0.7021608 -0.7116561
vn -0.0184173 -0.0039038 -0.9998228
vn 0.0005589 0.7060108 -0.7082008
vn 0.0479113 0.9988477 0.0027717
vn -0.0136788 0.9999002 -0.0035317
vn 0.0005589 0.7060108 -0.7082008
vn -0.0136788 0.9999002 -0.0035317
vn -0.0227120 0.7021608 -0.7116561
vn -0.0136788 0.9999002 -0.0035317
vn 0.0035384 0.7042760 0.7099174
vn -0.0746541 0.7011383 0.7091064
vn -0.0136788 0.9999002 -0.0035317
vn -0.0746541 0.7011383 0.7091064
vn -0.0726054 0.9973559 -0.0031045
vn 0.0035384 0.7042760 0.7099174
vn 0.0186338 -0.0114463 0.9997609
vn -0.0323174 -0.0116009 0.9994103
vn 0.0035384 0.7042760 0.7099174
vn -0.0323174 -0.0116009 0.9994103
vn -0.0746541 0.7011383 0.7091064
vn 0.0186338 -0.0114463 0.9997609
vn 0.0226317 -0.7169374 0.6967701
vn 0.0288995 -0.7145461 0.6989912
vn 0.0186338 -0.0114463 0.9997609
vn 0.0288995 -0.7145461 0.6989912
vn -0.0323174 -0.0116009 0.9994103
vn 0.0226317 -0.7169374 0.6967701
vn 0.0134128 -0.9998519 -0.0107840
vn 0.0729428 -0.9973073 -0.0075819
vn 0.0226317 -0.7169374 0.6967701
vn 0.0729428 -0.9973073 -0.0075819
vn 0.0288995 -0.7145461 0.6989912
vn 0.0134128 -0.9998519 -0.0107840
vn -0.0035076 -0.7047940 -0.7094033
vn 0.0746777 -0.7025570 -0.7076984
vn 0.0134128 -0.9998519 -0.0107840
vn 0.0746777 -0.7025570 -0.7076984
vn 0.0729428 -0.9973073 -0.0075819
vn -0.0035076 -0.7047940 -0.7094033
vn -0.0184173 -0.0039038 -0.9998228
vn 0.0332889 -0.0018757 -0.9994440
vn -0.0035076 -0.7047940 -0.7094033
vn 0.0332889 -0.0018757 -0.9994440
vn 0.0746777 -0.7025570 -0.7076984
vn -0.0184173 -0.0039038 -0.9998228
vn -0.0227120 0.7021608 -0.7116561
vn -0.0276143 0.7025355 -0.7111128
vn -0.0184173 -0.0039038 -0.9998228
vn -0.0276143 0.7025355 -0.7111128
vn 0.0332889 -0.0018757 -0.9994440
vn -0.0227120 0.7021608 -0.7116561
vn -0.0136788 0.9999002 -0.0035317
vn -0.0726054 0.9973559 -0.0031045
vn -0.0227120 0.7021608 -0.7116561
vn -0.0726054 0.9973559 -0.0031045
vn -0.0276143 0.7025355 -0.7111128
vn -0.0726054 0.9973559 -0.0031045
vn -0.0746541 0.7011383 0.7091064
vn -0.1102602 0.6940266 0.7114561
vn -0.0726054 0.9973559 -0.0031045
vn -0.1102602 0.6940266 0.7114561
vn -0.1200796 0.9927524 0.0048560
vn -0.0746541 0.7011383 0.7091064
vn -0.0323174 -0.0116009 0.9994103
vn -0.0360004 -0.0093406 0.9993080
vn -0.0746541 0.7011383 0.7091064
vn -0.0360004 -0.0093406 0.9993080
vn -0.1102602 0.6940266 0.7114561
vn -0.0323174 -0.0116009 0.9994103
vn 0.0288995 -0.7145461 0.6989912
vn 0.0589618 -0.7054856 0.7062674
vn -0.0323174 -0.0116009 0.9994103
vn 0.0589618 -0.7054856 0.7062674
vn -0.0360004 -0.0093406 0.9993080
vn 0.0288995 -0.7145461 0.6989912
vn 0.0729428 -0.9973073 -0.0075819
vn 0.1197450 -0.9927967 0.0039939
vn 0.0288995 -0.7145461 0.6989912
vn 0.1197450 -0.9927967 0.0039939
vn 0.0589618 -0.7054856 0.7062674
vn 0.0729428 -0.9973073 -0.0075819
vn 0.0746777 -0.7025570 -0.7076984
vn 0.1110134 -0.7032085 -0.7022634
vn 0.0729428 -0.9973073 -0.0075819
vn 0.1110134 -0.7032085 -0.7022634
vn 0.1197450 -0.9927967 0.0039939
vn 0.0746777 -0.7025570 -0.7076984
vn 0.0332889 -0.0018757 -0.9994440
vn 0.0371563 -0.0001399 -0.9993095
vn 0.0746777 -0.7025570 -0.7076984
vn 0.0371563 -0.0001399 -0.9993095
vn 0.1110134 -0.7032085 -0.7022634
vn 0.0332889 -0.0018757 -0.9994440
vn -0.0276143 0.7025355 -0.7111128
vn -0.0588930 0.7051424 -0.7066157
vn 0.0332889 -0.0018757 -0.9994440
vn -0.0588930 0.7051424 -0.7066157
vn 0.0371563 -0.0001399 -0.9993095
vn -0.0276143 0.7025355 -0.7111128
vn -0.0726054 0.9973559 -0.0031045
vn -0.1200796 0.9927524 0.0048560
vn -0.0276143 0.7025355 -0.7111128
vn -0.1200796 0.9927524 0.0048560
vn -0.0588930 0.7051424 -0.7066157
vn -0.1200796 0.9927524 0.0048560
vn -0.1102602 0.6940266 0.7114561
vn -0.0927710 0.6956097 0.7124048
vn -0.1200796 0.9927524 0.0048560
vn -0.0927710 0.6956097 0.7124048
vn -0.1477530 0.9889851 0.0088012
vn -0.1102602 0.6940266 0.7114561
vn -0.0360004 -0.0093406 0.9993080
vn 0.0158001 -0.0001134 0.9998752
vn -0.1102602 0.6940266 0.7114561
vn 0.0158001 -0.0001134 0.9998752
vn -0.0927710 0.6956097 0.7124048
vn -0.0360004 -0.0093406 0.9993080
vn 0.0589618 -0.7054856 0.7062674
vn 0.1151240 -0.6949806 0.7097523
vn -0.0360004 -0.0093406 0.9993080
vn 0.1151240 -0.6949806 0.7097523
vn 0.0158001 -0.0001134 0.9998752
vn 0.0589618 -0.7054856 0.7062674
vn 0.1197450 -0.9927967 0.0039939
vn 0.1480043 -0.9889553 0.0078876
vn 0.0589618 -0.7054856 0.7062674
vn 0.1480043 -0.9889553 0.0078876
vn 0.1151240 -0.6949806 0.7097523
vn 0.1197450 -0.9927967 0.0039939
vn 0.1110134 -0.7032085 -0.7022634
vn 0.0944769 -0.7059160 -0.7019663
vn 0.1197450 -0.9927967 0.0039939
vn 0.0944769 -0.7059160 -0.7019663
vn 0.1480043 -0.9889553 0.0078876
vn 0.1110134 -0.7032085 -0.7022634
vn 0.0371563 -0.0001399 -0.9993095
vn -0.0151859 -0.0040310 -0.9998765
vn 0.1110134 -0.7032085 -0.7022634
vn -0.0151859 -0.0040310 -0.9998765
vn 0.0944769 -0.7059160 -0.7019663
vn 0.0371563 -0.0001399 -0.9993095
vn -0.0588930 0.7051424 -0.7066157
vn -0.1159642 0.7011738 -0.7034968
vn 0.0371563 -0.0001399 -0.9993095
vn -0.1159642 0.7011738 -0.7034968
vn -0.0151859 -0.0040310 -0.9998765
vn -0.0588930 0.7051424 -0.7066157
vn -0.1200796 0.9927524 0.0048560
vn -0.1477530 0.9889851 0.0088012
vn -0.0588930 0.7051424 -0.7066157
vn -0.1477530 0.9889851 0.0088012
vn -0.1159642 0.7011738 -0.7034968
vn -0.1477530 0.9889851 0.0088012
vn -0.0927710 0.6956097 0.7124048
vn -0.0651527 0.7038227 0.7073817
vn -0.1477530 0.9889851 0.0088012
vn -0.0651527 0.7038227 0.7073817
vn -0.1526709 0.9882708 0.0035392
vn -0.0927710 0.6956097 0.7124048
vn 0.0158001 -0.0001134 0.9998752
vn 0.0602800 0.0092187 0.9981390
vn -0.0927710 0.6956097 0.7124048
vn 0.0602800 0.0092187 0.9981390
vn -0.0651527 0.7038227 0.7073817
vn 0.0158001 -0.0001134 0.9998752
vn 0.1151240 -0.6949806 0.7097523
vn 0.1506119 -0.6910206 0.7069700
vn 0.0158001 -0.0001134 0.9998752
vn 0.1506119 -0.6910206 0.7069700
vn 0.0602800 0.0092187 0.9981390
vn 0.1151240 -0.6949806 0.7097523
vn 0.1480043 -0.9889553 0.0078876
vn 0.1529990 -0.9882246 0.0018609
vn 0.1151240 -0.6949806 0.7097523
vn 0.1529990 -0.9882246 0.0018609
vn 0.1506119 -0.6910206 0.7069700
vn 0.1480043 -0.9889553 0.0078876
vn 0.0944769 -0.7059160 -0.7019663
vn 0.0655373 -0.7056170 -0.7055562
vn 0.1480043 -0.9889553 0.0078876
vn 0.0655373 -0.7056170 -0.7055562
vn 0.1529990 -0.9882246 0.0018609
vn 0.0944769 -0.7059160 -0.7019663
vn -0.0151859 -0.0040310 -0.9998765
vn -0.0605582 -0.0074907 -0.9981366
vn 0.0944769 -0.7059160 -0.7019663
vn -0.0605582 -0.0074907 -0.9981366
vn 0.0655373 -0.7056170 -0.7055562
vn -0.0151859 -0.0040310 -0.9998765
vn -0.1159642 0.7011738 -0.7034968
vn -0.1509463 0.6945882 -0.7033936
vn -0.0151859 -0.0040310 -0.9998765
vn -0.1509463 0.6945882 -0.7033936
vn -0.0605582 -0.0074907 -0.9981366
vn -0.1159642 0.7011738 -0.7034968
vn -0.1477530 0.9889851 0.0088012
vn -0.1526709 0.9882708 0.0035392
vn -0.1159642 0.7011738 -0.7034968
vn -0.1526709 0.9882708 0.0035392
vn -0.1509463 0.6945882 -0.7033936
vn -0.1526709 0.9882708 0.0035392
vn -0.0651527 0.7038227 0.7073817
vn -0.0621787 0.7097446 0.7017096
vn -0.1526709 0.9882708 0.0035392
vn -0.0621787 0.7097446 0.7017096
vn -0.1344123 0.9909096 -0.0056058
vn -0.0651527 0.7038227 0.7073817
vn 0.0602800 0.0092187 0.9981390
vn 0.0469550 0.0098011 0.9988490
vn -0.0651527 0.7038227 0.7073817
vn 0.0469550 0.0098011 0.9988490
vn -0.0621787 0.7097446 0.7017096
vn 0.0602800 0.0092187 0.9981390
vn 0.1506119 -0.6910206 0.7069700
vn 0.1285132 -0.6974578 0.7050085
vn 0.0602800 0.0092187 0.9981390
vn 0.1285132 -0.6974578 0.7050085
vn 0.0469550 0.0098011 0.9988490
vn 0.1506119 -0.6910206 0.7069700
vn 0.1529990 -0.9882246 0.0018609
vn 0.1338696 -0.9909796 -0.0062118
vn 0.1506119 -0.6910206 0.7069700
vn 0.1338696 -0.9909796 -0.0062118
vn 0.1285132 -0.6974578 0.7050085
vn 0.1529990 -0.9882246 0.0018609
vn 0.0655373 -0.7056170 -0.7055562
vn 0.0604400 -0.7002518 -0.7113328
vn 0.1529990 -0.9882246 0.0018609
vn 0.0604400 -0.7002518 -0.7113328
vn 0.1338696 -0.9909796 -0.0062118
vn 0.0655373 -0.7056170 -0.7055562
vn -0.0605582 -0.0074907 -0.9981366
vn -0.0479110 -0.0024198 -0.9988487
vn 0.0655373 -0.7056170 -0.7055562
vn -0.0479110 -0.0024198 -0.9988487
vn 0.0604400 -0.7002518 -0.7113328
vn -0.0605582 -0.0074907 -0.9981366
vn -0.1509463 0.6945882 -0.7033936
vn -0.1282734 0.6952790 -0.7072008
vn -0.0605582 -0.0074907 -0.9981366
vn -0.1282734 0.6952790 -0.7072008
vn -0.0479110 -0.0024198 -0.9988487
vn -0.1509463 0.6945882 -0.7033936
vn -0.1526709 0.9882708 0.0035392
vn -0.1344123 0.9909096 -0.0056058
vn -0.1509463 0.6945882 -0.7033936
vn -0.1344123 0.9909096 -0.0056058
vn -0.1282734 0.6952790 -0.7072008
vn -0.1344123 0.9909096 -0.0056058
vn -0.0621787 0.7097446 0.7017096
vn -0.0843662 0.7106836 0.6984349
vn -0.1344123 0.9909096 -0.0056058
vn -0.0843662 0.7106836 0.6984349
vn -0.0940720 0.9955096 -0.0105401
vn -0.0621787 0.7097446 0.7017096
vn 0.0469550 0.0098011 0.9988490
vn -0.0246718 0.0031510 0.9996907
vn -0.0621787 0.7097446 0.7017096
vn -0.0246718 0.0031510 0.9996907
vn -0.0843662 0.7106836 0.6984349
vn 0.0469550 0.0098011 0.9988490
vn 0.1285132 -0.6974578 0.7050085
vn 0.0500504 -0.7091064 0.7033229
vn 0.0469550 0.0098011 0.9988490
vn 0.0500504 -0.7091064 0.7033229
vn -0.0246718 0.0031510 0.9996907
vn 0.1285132 -0.6974578 0.7050085
vn 0.1338696 -0.9909796 -0.0062118
vn 0.0946428 -0.9954300 -0.0127193
vn 0.1285132 -0.6974578 0.7050085
vn 0.0946428 -0.9954300 -0.0127193
vn 0.0500504 -0.7091064 0.7033229
vn 0.1338696 -0.9909796 -0.0062118
vn 0.0604400 -0.7002518 -0.7113328
vn 0.0831295 -0.6930566 -0.7160739
vn 0.1338696 -0.9909796 -0.0062118
vn 0.0831295 -0.6930566 -0.7160739
vn 0.0946428 -0.9954300 -0.0127193
vn 0.0604400 -0.7002518 -0.7113328
vn -0.0479110 -0.0024198 -0.9988487
vn 0.0235264 0.0088520 -0.9996840
vn 0.0604400 -0.7002518 -0.7113328
vn 0.0235264 0.0088520 -0.9996840
vn 0.0831295 -0.6930566 -0.7160739
vn -0.0479110 -0.0024198 -0.9988487
vn -0.1282734 0.6952790 -0.7072008
vn -0.0493855 0.7035330 -0.7089446
vn -0.0479110 -0.0024198 -0.9988487
vn -0.0493855 0.7035330 -0.7089446
vn 0.0235264 0.0088520 -0.9996840
vn -0.1282734 0.6952790 -0.7072008
vn -0.1344123 0.9909096 -0.0056058
vn -0.0940720 0.9955096 -0.0105401
vn -0.1282734 0.6952790 -0.7072008
vn -0.0940720 0.9955096 -0.0105401
vn -0.0493855 0.7035330 -0.7089446
vn -0.0940720 0.9955096 -0.0105401
vn -0.0843662 0.7106836 0.6984349
vn -0.0842621 0.7055770 0.7036057
vn -0.0940720 0.9955096 -0.0105401
vn -0.0842621 0.7055770 0.7036057
vn -0.0393077 0.9992234 0.0027287
vn -0.0843662 0.7106836 0.6984349
vn -0.0246718 0.0031510 0.9996907
vn -0.0802817 -0.0003597 0.9967722
vn -0.0843662 0.7106836 0.6984349
vn -0.0802817 -0.0003597 0.9967722
vn -0.0842621 0.7055770 0.7036057
vn -0.0246718 0.0031510 0.9996907
vn 0.0500504 -0.7091064 0.7033229
vn -0.0290155 -0.7092659 0.7043437
vn -0.0246718 0.0031510 0.9996907
vn -0.0290155 -0.7092659 0.7043437
vn -0.0802817 -0.0003597 0.9967722
vn 0.0500504 -0.7091064 0.7033229
vn 0.0946428 -0.9954300 -0.0127193
vn 0.0396432 -0.9991906 -0.0068236
vn 0.0500504 -0.7091064 0.7033229
vn 0.0396432 -0.9991906 -0.0068236
vn -0.0290155 -0.7092659 0.7043437
vn 0.0946428 -0.9954300 -0.0127193
vn 0.0831295 -0.6930566 -0.7160739
vn 0.0846886 -0.6960681 -0.7129636
vn 0.0946428 -0.9954300 -0.0127193
vn 0.0846886 -0.6960681 -0.7129636
vn 0.0396432 -0.9991906 -0.0068236
vn 0.0831295 -0.6930566 -0.7160739
vn 0.0235264 0.0088520 -0.9996840
vn 0.0796976 0.0151158 -0.9967045
vn 0.0831295 -0.6930566 -0.7160739
vn 0.0796976 0.0151158 -0.9967045
vn 0.0846886 -0.6960681 -0.7129636
vn 0.0235264 0.0088520 -0.9996840
vn -0.0493855 0.7035330 -0.7089446
vn 0.0283390 0.7145558 -0.6990042
vn 0.0235264 0.0088520 -0.9996840
vn 0.0283390 0.7145558 -0.6990042
vn 0.0796976 0.0151158 -0.9967045
vn -0.0493855 0.7035330 -0.7089446
vn -0.0940720 0.9955096 -0.0105401
vn -0.0393077 0.9992234 0.0027287
vn -0.0493855 0.7035330 -0.7089446
vn -0.0393077 0.9992234 0.0027287
vn 0.0283390 0.7145558 -0.6990042
vn -0.0393077 0.9992234 0.0027287
vn -0.0842621 0.7055770 0.7036057
vn -0.0141640 0.7003093 0.7136990
vn -0.0393077 0.9992234 0.0027287
vn -0.0141640 0.7003093 0.7136990
vn 0.0218558 0.9995843 0.0188063
vn -0.0842621 0.7055770 0.7036057
vn -0.0802817 -0.0003597 0.9967722
vn -0.0420359 0.0004285 0.9991161
vn -0.0842621 0.7055770 0.7036057
vn -0.0420359 0.0004285 0.9991161
vn -0.0141640 0.7003093 0.7136990
vn -0.0802817 -0.0003597 0.9967722
vn -0.0290155 -0.7092659 0.7043437
vn -0.0458138 -0.7024635 0.7102436
vn -0.0802817 -0.0003597 0.9967722
vn -0.0458138 -0.7024635 0.7102436
vn -0.0420359 0.0004285 0.9991161
vn -0.0290155 -0.7092659 0.7043437
vn 0.0396432 -0.9991906 -0.0068236
vn -0.0228039 -0.9997332 0.0036730
vn -0.0290155 -0.7092659 0.7043437
vn -0.0228039 -0.9997332 0.0036730
vn -0.0458138 -0.7024635 0.7102436
vn 0.0396432 -0.9991906 -0.0068236
vn 0.0846886 -0.6960681 -0.7129636
vn 0.0139702 -0.7039140 -0.7101479
vn 0.0396432 -0.9991906 -0.0068236
vn 0.0139702 -0.7039140 -0.7101479
vn -0.0228039 -0.9997332 0.0036730
vn 0.0846886 -0.6960681 -0.7129636
vn 0.0796976 0.0151158 -0.9967045
vn 0.0424080 0.0149222 -0.9989889
vn 0.0846886 -0.6960681 -0.7129636
vn 0.0424080 0.0149222 -0.9989889
vn 0.0139702 -0.7039140 -0.7101479
vn 0.0796976 0.0151158 -0.9967045
vn 0.0283390 0.7145558 -0.6990042
vn 0.0454315 0.7212434 -0.6911901
vn 0.0796976 0.0151158 -0.9967045
vn 0.0454315 0.7212434 -0.6911901
vn 0.0424080 0.0149222 -0.9989889
vn 0.0283390 0.7145558 -0.6990042
vn -0.0393077 0.9992234 0.0027287
vn 0.0218558 0.9995843 0.0188063
vn 0.0283390 0.7145558 -0.6990042
vn 0.0218558 0.9995843 0.0188063
vn 0.0454315 0.7212434 -0.6911901
vn 0.0218558 0.9995843 0.0188063
vn -0.0141640 0.7003093 0.7136990
vn 0.0886850 0.6964557 0.7120987
vn 0.0218558 0.9995843 0.0188063
vn 0.0886850 0.6964557 0.7120987
vn 0.0811668 0.9965783 0.0156045
vn -0.0141640 0.7003093 0.7136990
vn -0.0420359 0.0004285 0.9991161
vn 0.0452883 -0.0030690 0.9989693
vn -0.0141640 0.7003093 0.7136990
vn 0.0452883 -0.0030690 0.9989693
vn 0.0886850 0.6964557 0.7120987
vn -0.0420359 0.0004285 0.9991161
vn -0.0458138 -0.7024635 0.7102436
vn -0.0243981 -0.7033440 0.7104308
vn -0.0420359 0.0004285 0.9991161
vn -0.0243981 -0.7033440 0.7104308
vn 0.0452883 -0.0030690 0.9989693
vn -0.0458138 -0.7024635 0.7102436
vn -0.0228039 -0.9997332 0.0036730
vn -0.0802956 -0.9967620 0.0042572
vn -0.0458138 -0.7024635 0.7102436
vn -0.0802956 -0.9967620 0.0042572
vn -0.0243981 -0.7033440 0.7104308
vn -0.0228039 -0.9997332 0.0036730
vn 0.0139702 -0.7039140 -0.7101479
vn -0.0888587 -0.6998484 -0.7087427
vn -0.0228039 -0.9997332 0.0036730
vn -0.0888587 -0.6998484 -0.7087427
vn -0.0802956 -0.9967620 0.0042572
vn 0.0139702 -0.7039140 -0.7101479
vn 0.0424080 0.0149222 -0.9989889
vn -0.0442701 0.0161640 -0.9988889
vn 0.0139702 -0.7039140 -0.7101479
vn -0.0442701 0.0161640 -0.9988889
vn -0.0888587 -0.6998484 -0.7087427
vn 0.0424080 0.0149222 -0.9989889
vn 0.0454315 0.7212434 -0.6911901
vn 0.0264604 0.7196393 -0.6938437
vn 0.0424080 0.0149222 -0.9989889
vn 0.0264604 0.7196393 -0.6938437
vn -0.0442701 0.0161640 -0.9988889
vn 0.0454315 0.7212434 -0.6911901
vn 0.0218558 0.9995843 0.0188063
vn 0.0811668 0.9965783 0.0156045
vn 0.0454315 0.7212434 -0.6911901
vn 0.0811668 0.9965783 0.0156045
vn 0.0264604 0.7196393 -0.6938437
vn 0.0811668 0.9965783 0.0156045
vn 0.0886850 0.6964557 0.7120987
vn 0.1526589 0.6938545 0.7037479
vn 0.0811668 0.9965783 0.0156045
vn 0.1526589 0.6938545 0.7037479
vn 0.1255445 0.9920839 0.0028418
vn 0.0886850 0.6964557 0.7120987
vn 0.0452883 -0.0030690 0.9989693
vn 0.0909556 -0.0085588 0.9958181
vn 0.0886850 0.6964557 0.7120987
vn 0.0909556 -0.0085588 0.9958181
vn 0.1526589 0.6938545 0.7037479
vn 0.0452883 -0.0030690 0.9989693
vn -0.0243981 -0.7033440 0.7104308
vn -0.0241438 -0.7078704 0.7059296
vn 0.0452883 -0.0030690 0.9989693
vn -0.0241438 -0.7078704 0.7059296
vn 0.0909556 -0.0085588 0.9958181
vn -0.0243981 -0.7033440 0.7104308
vn -0.0802956 -0.9967620 0.0042572
vn -0.1253391 -0.9921139 -0.0004014
vn -0.0243981 -0.7033440 0.7104308
vn -0.1253391 -0.9921139 -0.0004014
vn -0.0241438 -0.7078704 0.7059296
vn -0.0802956 -0.9967620 0.0042572
vn -0.0888587 -0.6998484 -0.7087427
vn -0.1525864 -0.6906519 -0.7069069
vn -0.0802956 -0.9967620 0.0042572
vn -0.1525864 -0.6906519 -0.7069069
vn -0.1253391 -0.9921139 -0.0004014
vn -0.0888587 -0.6998484 -0.7087427
vn -0.0442701 0.0161640 -0.9988889
vn -0.0898728 0.0173019 -0.9958029
vn -0.0888587 -0.6998484 -0.7087427
vn -0.0898728 0.0173019 -0.9958029
vn -0.1525864 -0.6906519 -0.7069069
vn -0.0442701 0.0161640 -0.9988889
vn 0.0264604 0.7196393 -0.6938437
vn 0.0253602 0.7133857 -0.7003126
vn -0.0442701 0.0161640 -0.9988889
vn 0.0253602 0.7133857 -0.7003126
vn -0.0898728 0.0173019 -0.9958029
vn 0.0264604 0.7196393 -0.6938437
vn 0.0811668 0.9965783 0.0156045
vn 0.1255445 0.9920839 0.0028418
vn 0.0264604 0.7196393 -0.6938437
vn 0.1255445 0.9920839 0.0028418
vn 0.0253602 0.7133857 -0.7003126
vn 0.1255445 0.9920839 0.0028418
vn 0.1526589 0.6938545 0.7037479
vn 0.1565639 0.6957828 0.7009807
vn 0.1255445 0.9920839 0.0028418
vn 0.1565639 0.6957828 0.7009807
vn 0.1496593 0.9887159 -0.0065484
vn 0.1526589 0.6938545 0.7037479
vn 0.0909556 -0.0085588 0.9958181
vn 0.0711623 -0.0084374 0.9974290
vn 0.1526589 0.6938545 0.7037479
vn 0.0711623 -0.0084374 0.9974290
vn 0.1565639 0.6957828 0.7009807
vn 0.0909556 -0.0085588 0.9958181
vn -0.0241438 -0.7078704 0.7059296
vn -0.0564852 -0.7084450 0.7035021
vn 0.0909556 -0.0085588 0.9958181
vn -0.0564852 -0.7084450 0.7035021
vn 0.0711623 -0.0084374 0.9974290
vn -0.0241438 -0.7078704 0.7059296
vn -0.1253391 -0.9921139 -0.0004014
vn -0.1505174 -0.9885921 -0.0055020
vn -0.0241438 -0.7078704 0.7059296
vn -0.1505174 -0.9885921 -0.0055020
vn -0.0564852 -0.7084450 0.7035021
vn -0.1253391 -0.9921139 -0.0004014
vn -0.1525864 -0.6906519 -0.7069069
vn -0.1559435 -0.6880811 -0.7086791
vn -0.1253391 -0.9921139 -0.0004014
vn -0.1559435 -0.6880811 -0.7086791
vn -0.1505174 -0.9885921 -0.0055020
vn -0.1525864 -0.6906519 -0.7069069
vn -0.0898728 0.0173019 -0.9958029
vn -0.0706418 0.0117436 -0.9974326
vn -0.1525864 -0.6906519 -0.7069069
vn -0.0706418 0.0117436 -0.9974326
vn -0.1559435 -0.6880811 -0.7086791
vn -0.0898728 0.0173019 -0.9958029
vn 0.0253602 0.7133857 -0.7003126
vn 0.0555273 0.7041722 -0.7078547
vn -0.0898728 0.0173019 -0.9958029
vn 0.0555273 0.7041722 -0.7078547
vn -0.0706418 0.0117436 -0.9974326
vn 0.0253602 0.7133857 -0.7003126
vn 0.1255445 0.9920839 0.0028418
vn 0.1496593 0.9887159 -0.0065484
vn 0.0253602 0.7133857 -0.7003126
vn 0.1496593 0.9887159 -0.0065484
vn 0.0555273 0.7041722 -0.7078547
vn 0.1496593 0.9887159 -0.0065484
vn 0.1565639 0.6957828 0.7009807
vn 0.1176139 0.7012710 0.7031259
vn 0.1496593 0.9887159 -0.0065484
vn 0.1176139 0.7012710 0.7031259
vn 0.1514765 0.9884226 -0.0086897
vn 0.1565639 0.6957828 0.7009807
vn 0.0711623 -0.0084374 0.9974290
vn 0.0138659 -0.0027812 0.9999000
vn 0.1565639 0.6957828 0.7009807
vn 0.0138659 -0.0027812 0.9999000
vn 0.1176139 0.7012710 0.7031259
vn 0.0711623 -0.0084374 0.9974290
vn -0.0564852 -0.7084450 0.7035021
vn -0.0980247 -0.7046017 0.7027999
vn 0.0711623 -0.0084374 0.9974290
vn -0.0980247 -0.7046017 0.7027999
vn 0.0138659 -0.0027812 0.9999000
vn -0.0564852 -0.7084450 0.7035021
vn -0.1505174 -0.9885921 -0.0055020
vn -0.1516972 -0.9884005 -0.0072408
vn -0.0564852 -0.7084450 0.7035021
vn -0.1516972 -0.9884005 -0.0072408
vn -0.0980247 -0.7046017 0.7027999
vn -0.1505174 -0.9885921 -0.0055020
vn -0.1559435 -0.6880811 -0.7086791
vn -0.1166904 -0.6946748 -0.7097958
vn -0.1505174 -0.9885921 -0.0055020
vn -0.1166904 -0.6946748 -0.7097958
vn -0.1516972 -0.9884005 -0.0072408
vn -0.1559435 -0.6880811 -0.7086791
vn -0.0706418 0.0117436 -0.9974326
vn -0.0142658 0.0002053 -0.9998983
vn -0.1559435 -0.6880811 -0.7086791
vn -0.0142658 0.0002053 -0.9998983
vn -0.1166904 -0.6946748 -0.7097958
vn -0.0706418 0.0117436 -0.9974326
vn 0.0555273 0.7041722 -0.7078547
vn 0.0964819 0.6954575 -0.7120605
vn -0.0706418 0.0117436 -0.9974326
vn 0.0964819 0.6954575 -0.7120605
vn -0.0142658 0.0002053 -0.9998983
vn 0.0555273 0.7041722 -0.7078547
vn 0.1496593 0.9887159 -0.0065484
vn 0.1514765 0.9884226 -0.0086897
vn 0.0555273 0.7041722 -0.7078547
vn 0.1514765 0.9884226 -0.0086897
vn 0.0964819 0.6954575 -0.7120605
vn 0.1514765 0.9884226 -0.0086897
vn 0.1176139 0.7012710 0.7031259
vn 0.0658349 0.7056054 0.7055401
vn 0.1514765 0.9884226 -0.0086897
vn 0.0658349 0.7056054 0.7055401
vn 0.1297905 0.9915243 -0.0058419
vn 0.1176139 0.7012710 0.7031259
vn 0.0138659 -0.0027812 0.9999000
vn -0.0371015 0.0019002 0.9993097
vn 0.1176139 0.7012710 0.7031259
vn -0.0371015 0.0019002 0.9993097
vn 0.0658349 0.7056054 0.7055401
vn 0.0138659 -0.0027812 0.9999000
vn -0.0980247 -0.7046017 0.7027999
vn -0.1178945 -0.7011244 0.7032250
vn 0.0138659 -0.0027812 0.9999000
vn -0.1178945 -0.7011244 0.7032250
vn -0.0371015 0.0019002 0.9993097
vn -0.0980247 -0.7046017 0.7027999
vn -0.1516972 -0.9884005 -0.0072408
vn -0.1294531 -0.9915806 -0.0031357
vn -0.0980247 -0.7046017 0.7027999
vn -0.1294531 -0.9915806 -0.0031357
vn -0.1178945 -0.7011244 0.7032250
vn -0.1516972 -0.9884005 -0.0072408
vn -0.1166904 -0.6946748 -0.7097958
vn -0.0657803 -0.7052178 -0.7059326
vn -0.1516972 -0.9884005 -0.0072408
vn -0.0657803 -0.7052178 -0.7059326
vn -0.1294531 -0.9915806 -0.0031357
vn -0.1166904 -0.6946748 -0.7097958
vn -0.0142658 0.0002053 -0.9998983
vn 0.0360222 -0.0100282 -0.9993007
vn -0.1166904 -0.6946748 -0.7097958
vn 0.0360222 -0.0100282 -0.9993007
vn -0.0657803 -0.7052178 -0.7059326
vn -0.0142658 0.0002053 -0.9998983
vn 0.0964819 0.6954575 -0.7120605
vn 0.1170977 0.6925547 -0.7117978
vn -0.0142658 0.0002053 -0.9998983
vn 0.1170977 0.6925547 -0.7117978
vn 0.0360222 -0.0100282 -0.9993007
vn 0.0964819 0.6954575 -0.7120605
vn 0.1514765 0.9884226 -0.0086897
vn 0.1297905 0.9915243 -0.0058419
vn 0.0964819 0.6954575 -0.7120605
vn 0.1297905 0.9915243 -0.0058419
vn 0.1170977 0.6925547 -0.7117978
vn 0.1297905 0.9915243 -0.0058419
vn 0.0658349 0.7056054 0.7055401
vn 0.0285234 0.7052422 0.7083924
vn 0.1297905 0.9915243 -0.0058419
vn 0.0285234 0.7052422 0.7083924
vn 0.0870337 0.9962049 -0.0009486
vn 0.0658349 0.7056054 0.7055401
vn -0.0371015 0.0019002 0.9993097
vn -0.0465212 0.0009278 0.9989168
vn 0.0658349 0.7056054 0.7055401
vn -0.0465212 0.0009278 0.9989168
vn 0.0285234 0.7052422 0.7083924
vn -0.0371015 0.0019002 0.9993097
vn -0.1178945 -0.7011244 0.7032250
vn -0.0941928 -0.7013675 0.7065489
vn -0.0371015 0.0019002 0.9993097
vn -0.0941928 -0.7013675 0.7065489
vn -0.0465212 0.0009278 0.9989168
vn -0.1178945 -0.7011244 0.7032250
vn -0.1294531 -0.9915806 -0.0031357
vn -0.0872207 -0.9961750 0.0052925
vn -0.1178945 -0.7011244 0.7032250
vn -0.0872207 -0.9961750 0.0052925
vn -0.0941928 -0.7013675 0.7065489
vn -0.1294531 -0.9915806 -0.0031357
vn -0.0657803 -0.7052178 -0.7059326
vn -0.0296595 -0.7136366 -0.6998879
vn -0.1294531 -0.9915806 -0.0031357
vn -0.0296595 -0.7136366 -0.6998879
vn -0.0872207 -0.9961750 0.0052925
vn -0.0657803 -0.7052178 -0.7059326
vn 0.0360222 -0.0100282 -0.9993007
vn 0.0454256 -0.0135025 -0.9988765
vn -0.0657803 -0.7052178 -0.7059326
vn 0.0454256 -0.0135025 -0.9988765
vn -0.0296595 -0.7136366 -0.6998879
vn 0.0360222 -0.0100282 -0.9993007
vn 0.1170977 0.6925547 -0.7117978
vn 0.0940458 0.6972130 -0.7106683
vn 0.0360222 -0.0100282 -0.9993007
vn 0.0940458 0.6972130 -0.7106683
vn 0.0454256 -0.0135025 -0.9988765
vn 0.1170977 0.6925547 -0.7117978
vn 0.1297905 0.9915243 -0.0058419
vn 0.0870337 0.9962049 -0.0009486
vn 0.1170977 0.6925547 -0.7117978
vn 0.0870337 0.9962049 -0.0009486
vn 0.0940458 0.6972130 -0.7106683
vn 0.0870337 0.9962049 -0.0009486
vn 0.0285234 0.7052422 0.7083924
vn 0.0095301 0.7039291 0.7102062
vn 0.0870337 0.9962049 -0.0009486
vn 0.0095301 0.7039291 0.7102062
vn 0.0302146 0.9995431 0.0007943
vn 0.0285234 0.7052422 0.7083924
vn -0.0465212 0.0009278 0.9989168
vn -0.0166286 -0.0025407 0.9998586
vn 0.0285234 0.7052422 0.7083924
vn -0.0166286 -0.0025407 0.9998586
vn 0.0095301 0.7039291 0.7102062
vn -0.0465212 0.0009278 0.9989168
vn -0.0941928 -0.7013675 0.7065489
vn -0.0330389 -0.7045796 0.7088555
vn -0.0465212 0.0009278 0.9989168
vn -0.0330389 -0.7045796 0.7088555
vn -0.0166286 -0.0025407 0.9998586
vn -0.0941928 -0.7013675 0.7065489
vn -0.0872207 -0.9961750 0.0052925
vn -0.0303749 -0.9994953 0.0092937
vn -0.0941928 -0.7013675 0.7065489
vn -0.0303749 -0.9994953 0.0092937
vn -0.0330389 -0.7045796 0.7088555
vn -0.0872207 -0.9961750 0.0052925
vn -0.0296595 -0.7136366 -0.6998879
vn -0.0101153 -0.7164546 -0.6975604
vn -0.0872207 -0.9961750 0.0052925
vn -0.0101153 -0.7164546 -0.6975604
vn -0.0303749 -0.9994953 0.0092937
vn -0.0296595 -0.7136366 -0.6998879
vn 0.0454256 -0.0135025 -0.9988765
vn 0.0161720 -0.0125513 -0.9997904
vn -0.0296595 -0.7136366 -0.6998879
vn 0.0161720 -0.0125513 -0.9997904
vn -0.0101153 -0.7164546 -0.6975604
vn 0.0454256 -0.0135025 -0.9988765
vn 0.0940458 0.6972130 -0.7106683
vn 0.0330073 0.7020639 -0.7113486
vn 0.0454256 -0.0135025 -0.9988765
vn 0.0330073 0.7020639 -0.7113486
vn 0.0161720 -0.0125513 -0.9997904
vn 0.0940458 0.6972130 -0.7106683
vn 0.0870337 0.9962049 -0.0009486
vn 0.0302146 0.9995431 0.0007943
vn 0.0940458 0.6972130 -0.7106683
vn 0.0302146 0.9995431 0.0007943
vn 0.0330073 0.7020639 -0.7113486
vn 0.0302146 0.9995431 0.0007943
vn 0.0095301 0.7039291 0.7102062
vn -0.0131627 0.7048005 0.7092834
vn 0.0302146 0.9995431 0.0007943
vn -0.0131627 0.7048005 0.7092834
vn -0.0315942 0.9994995 -0.0016113
vn 0.0095301 0.7039291 0.7102062
vn -0.0166286 -0.0025407 0.9998586
vn 0.0129296 -0.0034449 0.9999104
vn 0.0095301 0.7039291 0.7102062
vn 0.0129296 -0.0034449 0.9999104
vn -0.0131627 0.7048005 0.7092834
vn -0.0166286 -0.0025407 0.9998586
vn -0.0330389 -0.7045796 0.7088555
vn 0.0313774 -0.7065728 0.7069444
vn -0.0166286 -0.0025407 0.9998586
vn 0.0313774 -0.7065728 0.7069444
vn 0.0129296 -0.0034449 0.9999104
vn -0.0330389 -0.7045796 0.7088555
vn -0.0303749 -0.9994953 0.0092937
vn 0.0316389 -0.9994830 0.0056938
vn -0.0330389 -0.7045796 0.7088555
vn 0.0316389 -0.9994830 0.0056938
vn 0.0313774 -0.7065728 0.7069444
vn -0.0303749 -0.9994953 0.0092937
vn -0.0101153 -0.7164546 -0.6975604
vn 0.0135882 -0.7143193 -0.6996880
vn -0.0303749 -0.9994953 0.0092937
vn 0.0135882 -0.7143193 -0.6996880
vn 0.0316389 -0.9994830 0.0056938
vn -0.0101153 -0.7164546 -0.6975604
vn 0.0161720 -0.0125513 -0.9997904
vn -0.0124632 -0.0115896 -0.9998552
vn -0.0101153 -0.7164546 -0.6975604
vn -0.0124632 -0.0115896 -0.9998552
vn 0.0135882 -0.7143193 -0.6996880
vn 0.0161720 -0.0125513 -0.9997904
vn 0.0330073 0.7020639 -0.7113486
vn -0.0312916 0.7010730 -0.7124026
vn 0.0161720 -0.0125513 -0.9997904
vn -0.0312916 0.7010730 -0.7124026
vn -0.0124632 -0.0115896 -0.9998552
vn 0.0330073 0.7020639 -0.7113486
vn 0.0302146 0.9995431 0.0007943
vn -0.0315942 0.9994995 -0.0016113
vn 0.0330073 0.7020639 -0.7113486
vn -0.0315942 0.9994995 -0.0016113
vn -0.0312916 0.7010730 -0.7124026
vn -0.0315942 0.9994995 -0.0016113
vn -0.0131627 0.7048005 0.7092834
vn -0.0464722 0.7042750 0.7084044
vn -0.0315942 0.9994995 -0.0016113
vn -0.0464722 0.7042750 0.7084044
vn -0.0881730 0.9961025 -0.0023397
vn -0.0131627 0.7048005 0.7092834
vn 0.0129296 -0.0034449 0.9999104
vn 0.0224806 -0.0016802 0.9997458
vn -0.0131627 0.7048005 0.7092834
vn 0.0224806 -0.0016802 0.9997458
vn -0.0464722 0.7042750 0.7084044
vn 0.0129296 -0.0034449 0.9999104
vn 0.0313774 -0.7065728 0.7069444
vn 0.0780410 -0.7041088 0.7057906
vn 0.0129296 -0.0034449 0.9999104
vn 0.0780410 -0.7041088 0.7057906
vn 0.0224806 -0.0016802 0.9997458
vn 0.0313774 -0.7065728 0.7069444
vn 0.0316389 -0.9994830 0.0056938
vn 0.0881724 -0.9961014 0.0027663
vn 0.0313774 -0.7065728 0.7069444
vn 0.0881724 -0.9961014 0.0027663
vn 0.0780410 -0.7041088 0.7057906
vn 0.0316389 -0.9994830 0.0056938
vn 0.0135882 -0.7143193 -0.6996880
vn 0.0472028 -0.7107031 -0.7019067
vn 0.0316389 -0.9994830 0.0056938
vn 0.0472028 -0.7107031 -0.7019067
vn 0.0881724 -0.9961014 0.0027663
vn 0.0135882 -0.7143193 -0.6996880
vn -0.0124632 -0.0115896 -0.9998552
vn -0.0213579 -0.0108101 -0.9997135
vn 0.0135882 -0.7143193 -0.6996880
vn -0.0213579 -0.0108101 -0.9997135
vn 0.0472028 -0.7107031 -0.7019067
vn -0.0124632 -0.0115896 -0.9998552
vn -0.0312916 0.7010730 -0.7124026
vn -0.0776485 0.6980455 -0.7118309
vn -0.0124632 -0.0115896 -0.9998552
vn -0.0776485 0.6980455 -0.7118309
vn -0.0213579 -0.0108101 -0.9997135
vn -0.0312916 0.7010730 -0.7124026
vn -0.0315942 0.9994995 -0.0016113
vn -0.0881730 0.9961025 -0.0023397
vn -0.0312916 0.7010730 -0.7124026
vn -0.0881730 0.9961025 -0.0023397
vn -0.0776485 0.6980455 -0.7118309
vn -0.0881730 0.9961025 -0.0023397
vn -0.0464722 0.7042750 0.7084044
vn -0.0993930 0.7040302 0.7031803
vn -0.0881730 0.9961025 -0.0023397
vn -0.0993930 0.7040302 0.7031803
vn -0.1301648 0.9914347 -0.0106922
vn -0.0464722 0.7042750 0.7084044
vn 0.0224806 -0.0016802 0.9997458
vn -0.0094167 -0.0028845 0.9999515
vn -0.0464722 0.7042750 0.7084044
vn -0.0094167 -0.0028845 0.9999515
vn -0.0993930 0.7040302 0.7031803
vn 0.0224806 -0.0016802 0.9997458
vn 0.0780410 -0.7041088 0.7057906
vn 0.0859032 -0.7062396 0.7027419
vn 0.0224806 -0.0016802 0.9997458
vn 0.0859032 -0.7062396 0.7027419
vn -0.0094167 -0.0028845 0.9999515
vn 0.0780410 -0.7041088 0.7057906
vn 0.0881724 -0.9961014 0.0027663
vn 0.1303133 -0.9914585 -0.0053275
vn 0.0780410 -0.7041088 0.7057906
vn 0.1303133 -0.9914585 -0.0053275
vn 0.0859032 -0.7062396 0.7027419
vn 0.0881724 -0.9961014 0.0027663
vn 0.0472028 -0.7107031 -0.7019067
vn 0.0989102 -0.7000862 -0.7071747
vn 0.0881724 -0.9961014 0.0027663
vn 0.0989102 -0.7000862 -0.7071747
vn 0.1303133 -0.9914585 -0.0053275
vn 0.0472028 -0.7107031 -0.7019067
vn -0.0213579 -0.0108101 -0.9997135
vn 0.0104678 -0.0051086 -0.9999322
vn 0.0472028 -0.7107031 -0.7019067
vn 0.0104678 -0.0051086 -0.9999322
vn 0.0989102 -0.7000862 -0.7071747
vn -0.0213579 -0.0108101 -0.9997135
vn -0.0776485 0.6980455 -0.7118309
vn -0.0842219 0.6942875 -0.7147527
vn -0.0213579 -0.0108101 -0.9997135
vn -0.0842219 0.6942875 -0.7147527
vn 0.0104678 -0.0051086 -0.9999322
vn -0.0776485 0.6980455 -0.7118309
vn -0.0881730 0.9961025 -0.0023397
vn -0.1301648 0.9914347 -0.0106922
vn -0.0776485 0.6980455 -0.7118309
vn -0.1301648 0.9914347 -0.0106922
vn -0.0842219 0.6942875 -0.7147527
vn -0.1301648 0.9914347 -0.0106922
vn -0.0993930 0.7040302 0.7031803
vn -0.1464843 0.6965324 0.7024136
vn -0.1301648 0.9914347 -0.0106922
vn -0.1464843 0.6965324 0.7024136
vn -0.1514489 0.9884413 -0.0068564
vn -0.0993930 0.7040302 0.7031803
vn -0.0094167 -0.0028845 0.9999515
vn -0.0552298 -0.0058721 0.9984564
vn -0.0993930 0.7040302 0.7031803
vn -0.0552298 -0.0058721 0.9984564
vn -0.1464843 0.6965324 0.7024136
vn -0.0094167 -0.0028845 0.9999515
vn 0.0859032 -0.7062396 0.7027419
vn 0.0684820 -0.7043807 0.7065112
vn -0.0094167 -0.0028845 0.9999515
vn 0.0684820 -0.7043807 0.7065112
vn -0.0552298 -0.0058721 0.9984564
vn 0.0859032 -0.7062396 0.7027419
vn 0.1303133 -0.9914585 -0.0053275
vn 0.1517909 -0.9884124 0.0005724
vn 0.0859032 -0.7062396 0.7027419
vn 0.1517909 -0.9884124 0.0005724
vn 0.0684820 -0.7043807 0.7065112
vn 0.1303133 -0.9914585 -0.0053275
vn 0.0989102 -0.7000862 -0.7071747
vn 0.1462821 -0.6946295 -0.7043377
vn 0.1303133 -0.9914585 -0.0053275
vn 0.1462821 -0.6946295 -0.7043377
vn 0.1517909 -0.9884124 0.0005724
vn 0.0989102 -0.7000862 -0.7071747
vn 0.0104678 -0.0051086 -0.9999322
vn 0.0555869 0.0034433 -0.9984479
vn 0.0989102 -0.7000862 -0.7071747
vn 0.0555869 0.0034433 -0.9984479
vn 0.1462821 -0.6946295 -0.7043377
vn 0.0104678 -0.0051086 -0.9999322
vn -0.0842219 0.6942875 -0.7147527
vn -0.0675802 0.7000738 -0.7108653
vn 0.0104678 -0.0051086 -0.9999322
vn -0.0675802 0.7000738 -0.7108653
vn 0.0555869 0.0034433 -0.9984479
vn -0.0842219 0.6942875 -0.7147527
vn -0.1301648 0.9914347 -0.0106922
vn -0.1514489 0.9884413 -0.0068564
vn -0.0842219 0.6942875 -0.7147527
vn -0.1514489 0.9884413 -0.0068564
vn -0.0675802 0.7000738 -0.7108653
vn -0.1514489 0.9884413 -0.0068564
vn -0.1464843 0.6965324 0.7024136
vn -0.1415974 0.6952236 0.7047087
vn -0.1514489 0.9884413 -0.0068564
vn -0.1415974 0.6952236 0.7047087
vn -0.1498291 0.9887119 0.0004040
vn -0.1464843 0.6965324 0.7024136
vn -0.0552298 -0.0058721 0.9984564
vn -0.0510757 -0.0020423 0.9986928
vn -0.1464843 0.6965324 0.7024136
vn -0.0510757 -0.0020423 0.9986928
vn -0.1415974 0.6952236 0.7047087
vn -0.0552298 -0.0058721 0.9984564
vn 0.0684820 -0.7043807 0.7065112
vn 0.0692594 -0.6988448 0.7119123
vn -0.0552298 -0.0058721 0.9984564
vn 0.0692594 -0.6988448 0.7119123
vn -0.0510757 -0.0020423 0.9986928
vn 0.0684820 -0.7043807 0.7065112
vn 0.1517909 -0.9884124 0.0005724
vn 0.1494006 -0.9887431 0.0081617
vn 0.0684820 -0.7043807 0.7065112
vn 0.1494006 -0.9887431 0.0081617
vn 0.0692594 -0.6988448 0.7119123
vn 0.1517909 -0.9884124 0.0005724
vn 0.1462821 -0.6946295 -0.7043377
vn 0.1418647 -0.6977664 -0.7021371
vn 0.1517909 -0.9884124 0.0005724
vn 0.1418647 -0.6977664 -0.7021371
vn 0.1494006 -0.9887431 0.0081617
vn 0.1462821 -0.6946295 -0.7043377
vn 0.0555869 0.0034433 -0.9984479
vn 0.0505697 0.0054471 -0.9987057
vn 0.1462821 -0.6946295 -0.7043377
vn 0.0505697 0.0054471 -0.9987057
vn 0.1418647 -0.6977664 -0.7021371
vn 0.0555869 0.0034433 -0.9984479
vn -0.0675802 0.7000738 -0.7108653
vn -0.0704614 0.7047650 -0.7059331
vn 0.0555869 0.0034433 -0.9984479
vn -0.0704614 0.7047650 -0.7059331
vn 0.0505697 0.0054471 -0.9987057
vn -0.0675802 0.7000738 -0.7108653
vn -0.1514489 0.9884413 -0.0068564
vn -0.1498291 0.9887119 0.0004040
vn -0.0675802 0.7000738 -0.7108653
vn -0.1498291 0.9887119 0.0004040
vn -0.0704614 0.7047650 -0.7059331
vn -0.1498291 0.9887119 0.0004040
vn -0.1415974 0.6952236 0.7047087
vn -0.0943946 0.7026777 0.7052190
vn -0.1498291 0.9887119 0.0004040
vn -0.0943946 0.7026777 0.7052190
vn -0.1245262 0.9922138 0.0022537
vn -0.1415974 0.6952236 0.7047087
vn -0.0510757 -0.0020423 0.9986928
vn -0.0096871 0.0069098 0.9999292
vn -0.1415974 0.6952236 0.7047087
vn -0.0096871 0.0069098 0.9999292
vn -0.0943946 0.7026777 0.7052190
vn -0.0510757 -0.0020423 0.9986928
vn 0.0692594 -0.6988448 0.7119123
vn 0.0808616 -0.6946183 0.7148195
vn -0.0510757 -0.0020423 0.9986928
vn 0.0808616 -0.6946183 0.7148195
vn -0.0096871 0.0069098 0.9999292
vn 0.0692594 -0.6988448 0.7119123
vn 0.1494006 -0.9887431 0.0081617
vn 0.1244301 -0.9921810 0.0096999
vn 0.0692594 -0.6988448 0.7119123
vn 0.1244301 -0.9921810 0.0096999
vn 0.0808616 -0.6946183 0.7148195
vn 0.1494006 -0.9887431 0.0081617
vn 0.1418647 -0.6977664 -0.7021371
vn 0.0945844 -0.7041760 -0.7036973
vn 0.1494006 -0.9887431 0.0081617
vn 0.0945844 -0.7041760 -0.7036973
vn 0.1244301 -0.9921810 0.0096999
vn 0.1418647 -0.6977664 -0.7021371
vn 0.0505697 0.0054471 -0.9987057
vn 0.0085820 0.0019372 -0.9999613
vn 0.1418647 -0.6977664 -0.7021371
vn 0.0085820 0.0019372 -0.9999613
vn 0.0945844 -0.7041760 -0.7036973
vn 0.0505697 0.0054471 -0.9987057
vn -0.0704614 0.7047650 -0.7059331
vn -0.0822539 0.7049996 -0.7044217
vn 0.0505697 0.0054471 -0.9987057
vn -0.0822539 0.7049996 -0.7044217
vn 0.0085820 0.0019372 -0.9999613
vn -0.0704614 0.7047650 -0.7059331
vn -0.1498291 0.9887119 0.0004040
vn -0.1245262 0.9922138 0.0022537
vn -0.0704614 0.7047650 -0.7059331
vn -0.1245262 0.9922138 0.0022537
vn -0.0822539 0.7049996 -0.7044217
vn -0.1245262 0.9922138 0.0022537
vn -0.0943946 0.7026777 0.7052190
vn -0.0310643 0.7112105 0.7022923
vn -0.1245262 0.9922138 0.0022537
vn -0.0310643 0.7112105 0.7022923
vn -0.0794238 0.9968410 -0.0001457
vn -0.0943946 0.7026777 0.7052190
vn -0.0096871 0.0069098 0.9999292
vn 0.0352815 0.0143663 0.9992741
vn -0.0943946 0.7026777 0.7052190
vn 0.0352815 0.0143663 0.9992741
vn -0.0310643 0.7112105 0.7022923
vn -0.0096871 0.0069098 0.9999292
vn 0.0808616 -0.6946183 0.7148195
vn 0.0813492 -0.6933836 0.7159619
vn -0.0096871 0.0069098 0.9999292
vn 0.0813492 -0.6933836 0.7159619
vn 0.0352815 0.0143663 0.9992741
vn 0.0808616 -0.6946183 0.7148195
vn 0.1244301 -0.9921810 0.0096999
vn 0.0797952 -0.9967588 0.0102289
vn 0.0808616 -0.6946183 0.7148195
vn 0.0797952 -0.9967588 0.0102289
vn 0.0813492 -0.6933836 0.7159619
vn 0.1244301 -0.9921810 0.0096999
vn 0.0945844 -0.7041760 -0.7036973
vn 0.0308871 -0.7097409 -0.7037855
vn 0.1244301 -0.9921810 0.0096999
vn 0.0308871 -0.7097409 -0.7037855
vn 0.0797952 -0.9967588 0.0102289
vn 0.0945844 -0.7041760 -0.7036973
vn 0.0085820 0.0019372 -0.9999613
vn -0.0363297 -0.0013496 -0.9993389
vn 0.0945844 -0.7041760 -0.7036973
vn -0.0363297 -0.0013496 -0.9993389
vn 0.0308871 -0.7097409 -0.7037855
vn 0.0085820 0.0019372 -0.9999613
vn -0.0822539 0.7049996 -0.7044217
vn -0.0818503 0.7050117 -0.7044565
vn 0.0085820 0.0019372 -0.9999613
vn -0.0818503 0.7050117 -0.7044565
vn -0.0363297 -0.0013496 -0.9993389
vn -0.0822539 0.7049996 -0.7044217
vn -0.1245262 0.9922138 0.0022537
vn -0.0794238 0.9968410 -0.0001457
vn -0.0822539 0.7049996 -0.7044217
vn -0.0794238 0.9968410 -0.0001457
vn -0.0818503 0.7050117 -0.7044565
vn -0.0794238 0.9968410 -0.0001457
vn -0.0310643 0.7112105 0.7022923
vn 0.0262383 0.7169458 0.6966349
vn -0.0794238 0.9968410 -0.0001457
vn 0.0262383 0.7169458 0.6966349
vn -0.0217261 0.9997352 -0.0075781
vn -0.0310643 0.7112105 0.7022923
vn 0.0352815 0.0143663 0.9992741
vn 0.0591071 0.0170115 0.9981067
vn -0.0310643 0.7112105 0.7022923
vn 0.0591071 0.0170115 0.9981067
vn 0.0262383 0.7169458 0.6966349
vn 0.0352815 0.0143663 0.9992741
vn 0.0813492 -0.6933836 0.7159619
vn 0.0574755 -0.6959262 0.7158096
vn 0.0352815 0.0143663 0.9992741
vn 0.0574755 -0.6959262 0.7158096
vn 0.0591071 0.0170115 0.9981067
vn 0.0813492 -0.6933836 0.7159619
vn 0.0797952 -0.9967588 0.0102289
vn 0.0218150 -0.9997218 0.0089709
vn 0.0813492 -0.6933836 0.7159619
vn 0.0218150 -0.9997218 0.0089709
vn 0.0574755 -0.6959262 0.7158096
vn 0.0797952 -0.9967588 0.0102289
vn 0.0308871 -0.7097409 -0.7037855
vn -0.0268115 -0.7101192 -0.7035708
vn 0.0797952 -0.9967588 0.0102289
vn -0.0268115 -0.7101192 -0.7035708
vn 0.0218150 -0.9997218 0.0089709
vn 0.0308871 -0.7097409 -0.7037855
vn -0.0363297 -0.0013496 -0.9993389
vn -0.0594245 -0.0018390 -0.9982311
vn 0.0308871 -0.7097409 -0.7037855
vn -0.0594245 -0.0018390 -0.9982311
vn -0.0268115 -0.7101192 -0.7035708
vn -0.0363297 -0.0013496 -0.9993389
vn -0.0818503 0.7050117 -0.7044565
vn -0.0571313 0.7042896 -0.7076102
vn -0.0363297 -0.0013496 -0.9993389
vn -0.0571313 0.7042896 -0.7076102
vn -0.0594245 -0.0018390 -0.9982311
vn -0.0818503 0.7050117 -0.7044565
vn -0.0794238 0.9968410 -0.0001457
vn -0.0217261 0.9997352 -0.0075781
vn -0.0818503 0.7050117 -0.7044565
vn -0.0217261 0.9997352 -0.0075781
vn -0.0571313 0.7042896 -0.7076102
vn -0.0217261 0.9997352 -0.0075781
vn 0.0262383 0.7169458 0.6966349
vn 0.0493876 0.7207378 0.6914463
vn -0.0217261 0.9997352 -0.0075781
vn 0.0493876 0.7207378 0.6914463
vn 0.0398668 0.9990391 -0.0182078
vn 0.0262383 0.7169458 0.6966349
vn 0.0591071 0.0170115 0.9981067
vn 0.0299540 0.0170723 0.9994055
vn 0.0262383 0.7169458 0.6966349
vn 0.0299540 0.0170723 0.9994055
vn 0.0493876 0.7207378 0.6914463
vn 0.0591071 0.0170115 0.9981067
vn 0.0574755 -0.6959262 0.7158096
vn -0.0074061 -0.7001488 0.7139586
vn 0.0591071 0.0170115 0.9981067
vn -0.0074061 -0.7001488 0.7139586
vn 0.0299540 0.0170723 0.9994055
vn 0.0574755 -0.6959262 0.7158096
vn 0.0218150 -0.9997218 0.0089709
vn -0.0403418 -0.9991830 0.0024013
vn 0.0574755 -0.6959262 0.7158096
vn -0.0403418 -0.9991830 0.0024013
vn -0.0074061 -0.7001488 0.7139586
vn 0.0218150 -0.9997218 0.0089709
vn -0.0268115 -0.7101192 -0.7035708
vn -0.0492351 -0.7055072 -0.7069904
vn 0.0218150 -0.9997218 0.0089709
vn -0.0492351 -0.7055072 -0.7069904
vn -0.0403418 -0.9991830 0.0024013
vn -0.0268115 -0.7101192 -0.7035708
vn -0.0594245 -0.0018390 -0.9982311
vn -0.0293490 -0.0021098 -0.9995670
vn -0.0268115 -0.7101192 -0.7035708
vn -0.0293490 -0.0021098 -0.9995670
vn -0.0492351 -0.7055072 -0.7069904
vn -0.0594245 -0.0018390 -0.9982311
vn -0.0571313 0.7042896 -0.7076102
vn 0.0073848 0.6997221 -0.7143770
vn -0.0594245 -0.0018390 -0.9982311
vn 0.0073848 0.6997221 -0.7143770
vn -0.0293490 -0.0021098 -0.9995670
vn -0.0571313 0.7042896 -0.7076102
vn -0.0217261 0.9997352 -0.0075781
vn 0.0398668 0.9990391 -0.0182078
vn -0.0571313 0.7042896 -0.7076102
vn 0.0398668 0.9990391 -0.0182078
vn 0.0073848 0.6997221 -0.7143770
vn 0.0398668 0.9990391 -0.0182078
vn 0.0493876 0.7207378 0.6914463
vn 0.0532262 0.7172624 0.6947672
vn 0.0398668 0.9990391 -0.0182078
vn 0.0532262 0.7172624 0.6947672
vn 0.0956337 0.9953169 -0.0140903
vn 0.0493876 0.7207378 0.6914463
vn 0.0299540 0.0170723 0.9994055
vn -0.0205634 0.0178096 0.9996299
vn 0.0493876 0.7207378 0.6914463
vn -0.0205634 0.0178096 0.9996299
vn 0.0532262 0.7172624 0.6947672
vn 0.0299540 0.0170723 0.9994055
vn -0.0074061 -0.7001488 0.7139586
vn -0.0824697 -0.6947078 0.7145487
vn 0.0299540 0.0170723 0.9994055
vn -0.0824697 -0.6947078 0.7145487
vn -0.0205634 0.0178096 0.9996299
vn -0.0074061 -0.7001488 0.7139586
vn -0.0403418 -0.9991830 0.0024013
vn -0.0954600 -0.9954200 0.0051521
vn -0.0074061 -0.7001488 0.7139586
vn -0.0954600 -0.9954200 0.0051521
vn -0.0824697 -0.6947078 0.7145487
vn -0.0403418 -0.9991830 0.0024013
vn -0.0492351 -0.7055072 -0.7069904
vn -0.0519968 -0.7069240 -0.7053756
vn -0.0403418 -0.9991830 0.0024013
vn -0.0519968 -0.7069240 -0.7053756
vn -0.0954600 -0.9954200 0.0051521
vn -0.0492351 -0.7055072 -0.7069904
vn -0.0293490 -0.0021098 -0.9995670
vn 0.0217000 -0.0057891 -0.9997478
vn -0.0492351 -0.7055072 -0.7069904
vn 0.0217000 -0.0057891 -0.9997478
vn -0.0519968 -0.7069240 -0.7053756
vn -0.0293490 -0.0021098 -0.9995670
vn 0.0073848 0.6997221 -0.7143770
vn 0.0825494 0.6962922 -0.7129956
vn -0.0293490 -0.0021098 -0.9995670
vn 0.0825494 0.6962922 -0.7129956
vn 0.0217000 -0.0057891 -0.9997478
vn 0.0073848 0.6997221 -0.7143770
vn 0.0398668 0.9990391 -0.0182078
vn 0.0956337 0.9953169 -0.0140903
vn 0.0073848 0.6997221 -0.7143770
vn 0.0956337 0.9953169 -0.0140903
vn 0.0825494 0.6962922 -0.7129956
vn 0.0956337 0.9953169 -0.0140903
vn 0.0532262 0.7172624 0.6947672
vn 0.0794283 0.7085473 0.7011790
vn 0.0956337 0.9953169 -0.0140903
vn 0.0794283 0.7085473 0.7011790
vn 0.1349284 0.9908454 -0.0044452
vn 0.0532262 0.7172624 0.6947672
vn -0.0205634 0.0178096 0.9996299
vn -0.0221573 0.0151061 0.9996404
vn 0.0532262 0.7172624 0.6947672
vn -0.0221573 0.0151061 0.9996404
vn 0.0794283 0.7085473 0.7011790
vn -0.0205634 0.0178096 0.9996299
vn -0.0824697 -0.6947078 0.7145487
vn -0.1110478 -0.6884717 0.7167112
vn -0.0205634 0.0178096 0.9996299
vn -0.1110478 -0.6884717 0.7167112
vn -0.0221573 0.0151061 0.9996404
vn -0.0824697 -0.6947078 0.7145487
vn -0.0954600 -0.9954200 0.0051521
vn -0.1351217 -0.9907482 0.0126515
vn -0.0824697 -0.6947078 0.7145487
vn -0.1351217 -0.9907482 0.0126515
vn -0.1110478 -0.6884717 0.7167112
vn -0.0954600 -0.9954200 0.0051521
vn -0.0519968 -0.7069240 -0.7053756
vn -0.0794863 -0.7090104 -0.7007041
vn -0.0954600 -0.9954200 0.0051521
vn -0.0794863 -0.7090104 -0.7007041
vn -0.1351217 -0.9907482 0.0126515
vn -0.0519968 -0.7069240 -0.7053756
vn 0.0217000 -0.0057891 -0.9997478
vn 0.0231594 -0.0079141 -0.9997005
vn -0.0519968 -0.7069240 -0.7053756
vn 0.0231594 -0.0079141 -0.9997005
vn -0.0794863 -0.7090104 -0.7007041
vn 0.0217000 -0.0057891 -0.9997478
vn 0.0825494 0.6962922 -0.7129956
vn 0.1119154 0.6962268 -0.7090439
vn 0.0217000 -0.0057891 -0.9997478
vn 0.1119154 0.6962268 -0.7090439
vn 0.0231594 -0.0079141 -0.9997005
vn 0.0825494 0.6962922 -0.7129956
vn 0.0956337 0.9953169 -0.0140903
vn 0.1349284 0.9908454 -0.0044452
vn 0.0825494 0.6962922 -0.7129956
vn 0.1349284 0.9908454 -0.0044452
vn 0.1119154 0.6962268 -0.7090439
vn 0.1349284 0.9908454 -0.0044452
vn 0.0794283 0.7085473 0.7011790
vn 0.1313405 0.6970157 0.7049246
vn 0.1349284 0.9908454 -0.0044452
vn 0.1313405 0.6970157 0.7049246
vn 0.1530514 0.9882177 0.0009860
vn 0.0794283 0.7085473 0.7011790
vn -0.0221573 0.0151061 0.9996404
vn 0.0338624 0.0043037 0.9994172
vn 0.0794283 0.7085473 0.7011790
vn 0.0338624 0.0043037 0.9994172
vn 0.1313405 0.6970157 0.7049246
vn -0.0221573 0.0151061 0.9996404
vn -0.1110478 -0.6884717 0.7167112
vn -0.0831721 -0.6911487 0.7179108
vn -0.0221573 0.0151061 0.9996404
vn -0.0831721 -0.6911487 0.7179108
vn 0.0338624 0.0043037 0.9994172
vn -0.1110478 -0.6884717 0.7167112
vn -0.1351217 -0.9907482 0.0126515
vn -0.1523950 -0.9881463 0.0185119
vn -0.1110478 -0.6884717 0.7167112
vn -0.1523950 -0.9881463 0.0185119
vn -0.0831721 -0.6911487 0.7179108
vn -0.1351217 -0.9907482 0.0126515
vn -0.0794863 -0.7090104 -0.7007041
vn -0.1324221 -0.7059146 -0.6958081
vn -0.1351217 -0.9907482 0.0126515
vn -0.1324221 -0.7059146 -0.6958081
vn -0.1523950 -0.9881463 0.0185119
vn -0.0794863 -0.7090104 -0.7007041
vn 0.0231594 -0.0079141 -0.9997005
vn -0.0336415 -0.0028807 -0.9994298
vn -0.0794863 -0.7090104 -0.7007041
vn -0.0336415 -0.0028807 -0.9994298
vn -0.1324221 -0.7059146 -0.6958081
vn 0.0231594 -0.0079141 -0.9997005
vn 0.1119154 0.6962268 -0.7090439
vn 0.0851331 0.7015393 -0.7075273
vn 0.0231594 -0.0079141 -0.9997005
vn 0.0851331 0.7015393 -0.7075273
vn -0.0336415 -0.0028807 -0.9994298
vn 0.1119154 0.6962268 -0.7090439
vn 0.1349284 0.9908454 -0.0044452
vn 0.1530514 0.9882177 0.0009860
vn 0.1119154 0.6962268 -0.7090439
vn 0.1530514 0.9882177 0.0009860
vn 0.0851331 0.7015393 -0.7075273
vn 0.1530514 0.9882177 0.0009860
vn 0.1313405 0.6970157 0.7049246
vn 0.1694170 0.6920339 0.7017030
vn 0.1530514 0.9882177 0.0009860
vn 0.1694170 0.6920339 0.7017030
vn 0.1472264 0.9890970 -0.0034108
vn 0.1313405 0.6970157 0.7049246
vn 0.0338624 0.0043037 0.9994172
vn 0.0927796 -0.0075420 0.9956581
vn 0.1313405 0.6970157 0.7049246
vn 0.0927796 -0.0075420 0.9956581
vn 0.1694170 0.6920339 0.7017030
vn 0.0338624 0.0043037 0.9994172
vn -0.0831721 -0.6911487 0.7179108
vn -0.0376258 -0.7019196 0.7112617
vn 0.0338624 0.0043037 0.9994172
vn -0.0376258 -0.7019196 0.7112617
vn 0.0927796 -0.0075420 0.9956581
vn -0.0831721 -0.6911487 0.7179108
vn -0.1523950 -0.9881463 0.0185119
vn -0.1463220 -0.9891499 0.0131292
vn -0.0831721 -0.6911487 0.7179108
vn -0.1463220 -0.9891499 0.0131292
vn -0.0376258 -0.7019196 0.7112617
vn -0.1523950 -0.9881463 0.0185119
vn -0.1324221 -0.7059146 -0.6958081
vn -0.1698156 -0.6990734 -0.6945927
vn -0.1523950 -0.9881463 0.0185119
vn -0.1698156 -0.6990734 -0.6945927
vn -0.1463220 -0.9891499 0.0131292
vn -0.1324221 -0.7059146 -0.6958081
vn -0.0336415 -0.0028807 -0.9994298
vn -0.0934547 0.0032019 -0.9956183
vn -0.1324221 -0.7059146 -0.6958081
vn -0.0934547 0.0032019 -0.9956183
vn -0.1698156 -0.6990734 -0.6945927
vn -0.0336415 -0.0028807 -0.9994298
vn 0.0851331 0.7015393 -0.7075273
vn 0.0382542 0.7045646 -0.7086081
vn -0.0336415 -0.0028807 -0.9994298
vn 0.0382542 0.7045646 -0.7086081
vn -0.0934547 0.0032019 -0.9956183
vn 0.0851331 0.7015393 -0.7075273
vn 0.1530514 0.9882177 0.0009860
vn 0.1472264 0.9890970 -0.0034108
vn 0.0851331 0.7015393 -0.7075273
vn 0.1472264 0.9890970 -0.0034108
vn 0.0382542 0.7045646 -0.7086081
vn 0.1472264 0.9890970 -0.0034108
vn 0.1694170 0.6920339 0.7017030
vn 0.7577989 0.4523194 0.4702638
vn 0.1472264 0.9890970 -0.0034108
vn 0.7577989 0.4523194 0.4702638
vn 0.7272245 0.6820759 -0.0769227
vn 0.1694170 0.6920339 0.7017030
vn 0.0927796 -0.0075420 0.9956581
vn 0.7077768 -0.0933196 0.7002453
vn 0.1694170 0.6920339 0.7017030
vn 0.7077768 -0.0933196 0.7002453
vn 0.7577989 0.4523194 0.4702638
vn 0.0927796 -0.0075420 0.9956581
vn -0.0376258 -0.7019196 0.7112617
vn 0.6064295 -0.6351439 0.4783675
vn 0.0927796 -0.0075420 0.9956581
vn 0.6064295 -0.6351439 0.4783675
vn 0.7077768 -0.0933196 0.7002453
vn -0.0376258 -0.7019196 0.7112617
vn -0.1463220 -0.9891499 0.0131292
vn 0.5131117 -0.8558261 -0.0654071
vn -0.0376258 -0.7019196 0.7112617
vn 0.5131117 -0.8558261 -0.0654071
vn 0.6064295 -0.6351439 0.4783675
vn -0.1463220 -0.9891499 0.0131292
vn -0.1698156 -0.6990734 -0.6945927
vn 0.4825414 -0.6260108 -0.6125881
vn -0.1463220 -0.9891499 0.0131292
vn 0.4825414 -0.6260108 -0.6125881
vn 0.5131117 -0.8558261 -0.0654071
vn -0.1698156 -0.6990734 -0.6945927
vn -0.0934547 0.0032019 -0.9956183
vn 0.5325360 -0.0803849 -0.8425815
vn -0.1698156 -0.6990734 -0.6945927
vn 0.5325360 -0.0803849 -0.8425815
vn 0.4825414 -0.6260108 -0.6125881
vn -0.0934547 0.0032019 -0.9956183
vn 0.0382542 0.7045646 -0.7086081
vn 0.6338827 0.4614142 -0.6207171
vn -0.0934547 0.0032019 -0.9956183
vn 0.6338827 0.4614142 -0.6207171
vn 0.5325360 -0.0803849 -0.8425815
vn 0.0382542 0.7045646 -0.7086081
vn 0.1472264 0.9890970 -0.0034108
vn 0.7272245 0.6820759 -0.0769227
vn 0.0382542 0.7045646 -0.7086081
vn 0.7272245 0.6820759 -0.0769227
vn 0.6338827 0.4614142 -0.6207171
vn -0.9804973 -0.1527256 -0.1236926
vn -0.7695386 0.4357753 0.4668086
vn -0.7374487 0.6708892 -0.0779561
vn 0.9840020 -0.1378032 -0.1129171
vn 0.7272245 0.6820759 -0.0769227
vn 0.7577989 0.4523194 0.4702638
vn -0.9804973 -0.1527256 -0.1236926
vn -0.7128642 -0.1109856 0.6924644
vn -0.7695386 0.4357753 0.4668086
vn 0.9840020 -0.1378032 -0.1129171
vn 0.7577989 0.4523194 0.4702638
vn 0.7077768 -0.0933196 0.7002453
vn -0.9804973 -0.1527256 -0.1236926
vn -0.6005581 -0.6491553 0.4668268
vn -0.7128642 -0.1109856 0.6924644
vn 0.9840020 -0.1378032 -0.1129171
vn 0.7077768 -0.0933196 0.7002453
vn 0.6064295 -0.6351439 0.4783675
vn -0.9804973 -0.1527256 -0.1236926
vn -0.4984608 -0.8634003 -0.0779534
vn -0.6005581 -0.6491553 0.4668268
vn 0.9840020 -0.1378032 -0.1129171
vn 0.6064295 -0.6351439 0.4783675
vn 0.5131117 -0.8558261 -0.0654071
vn -0.9804973 -0.1527256 -0.1236926
vn -0.4663703 -0.6282650 -0.6227214
vn -0.4984608 -0.8634003 -0.0779534
vn 0.9840020 -0.1378032 -0.1129171
vn 0.5131117 -0.8558261 -0.0654071
vn 0.4825414 -0.6260108 -0.6125881
vn -0.9804973 -0.1527256 -0.1236926
vn -0.5230446 -0.0815387 -0.8483961
vn -0.4663703 -0.6282650 -0.6227214
vn 0.9840020 -0.1378032 -0.1129171
vn 0.4825414 -0.6260108 -0.6125881
vn 0.5325360 -0.0803849 -0.8425815
vn -0.9804973 -0.1527256 -0.1236926
vn -0.6353557 0.4566225 -0.6227511
vn -0.5230446 -0.0815387 -0.8483961
vn 0.9840020 -0.1378032 -0.1129171
vn 0.5325360 -0.0803849 -0.8425815
vn 0.6338827 0.4614142 -0.6207171
vn -0.9804973 -0.1527256 -0.1236926
vn -0.7374487 0.6708892 -0.0779561
vn -0.6353557 0.4566225 -0.6227511
vn 0.9840020 -0.1378032 -0.1129171
vn 0.6338827 0.4614142 -0.6207171
vn 0.7272245 0.6820759 -0.0769227
vn -0.7417186 0.6702262 0.0255041
vn -0.6847521 0.4489725 0.5740542
vn -0.0596773 0.7054182 0.7062746
vn -0.7417186 0.6702262 0.0255041
vn -0.0596773 0.7054182 0.7062746
vn -0.1417883 0.9898902 0.0036622
vn -0.6847521 0.4489725 0.5740542
vn -0.5911565 -0.0920035 0.8012922
vn 0.0570541 0.0114803 0.9983050
vn -0.6847521 0.4489725 0.5740542
vn 0.0570541 0.0114803 0.9983050
vn -0.0596773 0.7054182 0.7062746
vn -0.5911565 -0.0920035 0.8012922
vn -0.5157815 -0.6359138 0.5740933
vn 0.1407569 -0.6901481 0.7098473
vn -0.5911565 -0.0920035 0.8012922
vn 0.1407569 -0.6901481 0.7098473
vn 0.0570541 0.0114803 0.9983050
vn -0.5157815 -0.6359138 0.5740933
vn -0.5027118 -0.8640770 0.0255293
vn 0.1422950 -0.9898122 0.0048992
vn -0.5157815 -0.6359138 0.5740933
vn 0.1422950 -0.9898122 0.0048992
vn 0.1407569 -0.6901481 0.7098473
vn -0.5027118 -0.8640770 0.0255293
vn -0.5596827 -0.6428344 -0.5229907
vn 0.0599587 -0.7067643 -0.7049037
vn -0.5027118 -0.8640770 0.0255293
vn 0.0599587 -0.7067643 -0.7049037
vn 0.1422950 -0.9898122 0.0048992
vn -0.5596827 -0.6428344 -0.5229907
vn -0.6532729 -0.1018286 -0.7502436
vn -0.0578538 -0.0056870 -0.9983089
vn -0.5596827 -0.6428344 -0.5229907
vn -0.0578538 -0.0056870 -0.9983089
vn 0.0599587 -0.7067643 -0.7049037
vn -0.6532729 -0.1018286 -0.7502436
vn -0.7286799 0.4420782 -0.5230608
vn -0.1413299 0.6973430 -0.7026654
vn -0.6532729 -0.1018286 -0.7502436
vn -0.1413299 0.6973430 -0.7026654
vn -0.0578538 -0.0056870 -0.9983089
vn -0.7286799 0.4420782 -0.5230608
vn -0.7417186 0.6702262 0.0255041
vn -0.1417883 0.9898902 0.0036622
vn -0.7286799 0.4420782 -0.5230608
vn -0.1417883 0.9898902 0.0036622
vn -0.1413299 0.6973430 -0.7026654
vn -0.1417883 0.9898902 0.0036622
vn -0.0596773 0.7054182 0.7062746
vn -0.0517001 0.7145506 0.6976708
vn -0.1417883 0.9898902 0.0036622
vn -0.0517001 0.7145506 0.6976708
vn -0.1082143 0.9940650 -0.0111575
vn -0.0596773 0.7054182 0.7062746
vn 0.0570541 0.0114803 0.9983050
vn 0.0357071 0.0114545 0.9992966
vn -0.0596773 0.7054182 0.7062746
vn 0.0357071 0.0114545 0.9992966
vn -0.0517001 0.7145506 0.6976708
vn 0.0570541 0.0114803 0.9983050
vn 0.1407569 -0.6901481 0.7098473
vn 0.1021341 -0.7009806 0.7058293
vn 0.0570541 0.0114803 0.9983050
vn 0.1021341 -0.7009806 0.7058293
vn 0.0357071 0.0114545 0.9992966
vn 0.1407569 -0.6901481 0.7098473
vn 0.1422950 -0.9898122 0.0048992
vn 0.1075386 -0.9941704 -0.0077998
vn 0.1407569 -0.6901481 0.7098473
vn 0.1075386 -0.9941704 -0.0077998
vn 0.1021341 -0.7009806 0.7058293
vn 0.1422950 -0.9898122 0.0048992
vn 0.0599587 -0.7067643 -0.7049037
vn 0.0495439 -0.6997895 -0.7126290
vn 0.1422950 -0.9898122 0.0048992
vn 0.0495439 -0.6997895 -0.7126290
vn 0.1075386 -0.9941704 -0.0077998
vn 0.0599587 -0.7067643 -0.7049037
vn -0.0578538 -0.0056870 -0.9983089
vn -0.0368831 -0.0005903 -0.9993194
vn 0.0599587 -0.7067643 -0.7049037
vn -0.0368831 -0.0005903 -0.9993194
vn 0.0495439 -0.6997895 -0.7126290
vn -0.0578538 -0.0056870 -0.9983089
vn -0.1413299 0.6973430 -0.7026654
vn -0.1018235 0.6969549 -0.7098491
vn -0.0578538 -0.0056870 -0.9983089
vn -0.1018235 0.6969549 -0.7098491
vn -0.0368831 -0.0005903 -0.9993194
vn -0.1413299 0.6973430 -0.7026654
vn -0.1417883 0.9898902 0.0036622
vn -0.1082143 0.9940650 -0.0111575
vn -0.1413299 0.6973430 -0.7026654
vn -0.1082143 0.9940650 -0.0111575
vn -0.1018235 0.6969549 -0.7098491
vn -0.1082143 0.9940650 -0.0111575
vn -0.0517001 0.7145506 0.6976708
vn -0.0555485 0.7117454 0.7002376
vn -0.1082143 0.9940650 -0.0111575
vn -0.0555485 0.7117454 0.7002376
vn -0.0561958 0.9984031 -0.0057768
vn -0.0517001 0.7145506 0.6976708
vn 0.0357071 0.0114545 0.9992966
vn -0.0223933 0.0070161 0.9997246
vn -0.0517001 0.7145506 0.6976708
vn -0.0223933 0.0070161 0.9997246
vn -0.0555485 0.7117454 0.7002376
vn 0.0357071 0.0114545 0.9992966
vn 0.1021341 -0.7009806 0.7058293
vn 0.0241627 -0.7048998 0.7088951
vn 0.0357071 0.0114545 0.9992966
vn 0.0241627 -0.7048998 0.7088951
vn -0.0223933 0.0070161 0.9997246
vn 0.1021341 -0.7009806 0.7058293
vn 0.1075386 -0.9941704 -0.0077998
vn 0.0564115 -0.9984003 -0.0038205
vn 0.1021341 -0.7009806 0.7058293
vn 0.0564115 -0.9984003 -0.0038205
vn 0.0241627 -0.7048998 0.7088951
vn 0.1075386 -0.9941704 -0.0077998
vn 0.0495439 -0.6997895 -0.7126290
vn 0.0551413 -0.6998291 -0.7121788
vn 0.1075386 -0.9941704 -0.0077998
vn 0.0551413 -0.6998291 -0.7121788
vn 0.0564115 -0.9984003 -0.0038205
vn 0.0495439 -0.6997895 -0.7126290
vn -0.0368831 -0.0005903 -0.9993194
vn 0.0215631 0.0072248 -0.9997414
vn 0.0495439 -0.6997895 -0.7126290
vn 0.0215631 0.0072248 -0.9997414
vn 0.0551413 -0.6998291 -0.7121788
vn -0.0368831 -0.0005903 -0.9993194
vn -0.1018235 0.6969549 -0.7098491
vn -0.0243730 0.7072372 -0.7065560
vn -0.0368831 -0.0005903 -0.9993194
vn -0.0243730 0.7072372 -0.7065560
vn 0.0215631 0.0072248 -0.9997414
vn -0.1018235 0.6969549 -0.7098491
vn -0.1082143 0.9940650 -0.0111575
vn -0.0561958 0.9984031 -0.0057768
vn -0.1018235 0.6969549 -0.7098491
vn -0.0561958 0.9984031 -0.0057768
vn -0.0243730 0.7072372 -0.7065560
vn -0.0561958 0.9984031 -0.0057768
vn -0.0555485 0.7117454 0.7002376
vn -0.0256691 0.7099414 0.7037928
vn -0.0561958 0.9984031 -0.0057768
vn -0.0256691 0.7099414 0.7037928
vn 0.0044809 0.9999888 0.0015299
vn -0.0555485 0.7117454 0.7002376
vn -0.0223933 0.0070161 0.9997246
vn -0.0410008 0.0064466 0.9991384
vn -0.0555485 0.7117454 0.7002376
vn -0.0410008 0.0064466 0.9991384
vn -0.0256691 0.7099414 0.7037928
vn -0.0223933 0.0070161 0.9997246
vn 0.0241627 -0.7048998 0.7088951
vn -0.0323438 -0.7039805 0.7094824
vn -0.0223933 0.0070161 0.9997246
vn -0.0323438 -0.7039805 0.7094824
vn -0.0410008 0.0064466 0.9991384
vn 0.0241627 -0.7048998 0.7088951
vn 0.0564115 -0.9984003 -0.0038205
vn -0.0044923 -0.9999891 -0.0012531
vn 0.0241627 -0.7048998 0.7088951
vn -0.0044923 -0.9999891 -0.0012531
vn -0.0323438 -0.7039805 0.7094824
vn 0.0564115 -0.9984003 -0.0038205
vn 0.0551413 -0.6998291 -0.7121788
vn 0.0260272 -0.7023916 -0.7113147
vn 0.0564115 -0.9984003 -0.0038205
vn 0.0260272 -0.7023916 -0.7113147
vn -0.0044923 -0.9999891 -0.0012531
vn 0.0551413 -0.6998291 -0.7121788
vn 0.0215631 0.0072248 -0.9997414
vn 0.0410678 0.0088858 -0.9991169
vn 0.0551413 -0.6998291 -0.7121788
vn 0.0410678 0.0088858 -0.9991169
vn 0.0260272 -0.7023916 -0.7113147
vn 0.0215631 0.0072248 -0.9997414
vn -0.0243730 0.7072372 -0.7065560
vn 0.0320397 0.7117823 -0.7016690
vn 0.0215631 0.0072248 -0.9997414
vn 0.0320397 0.7117823 -0.7016690
vn 0.0410678 0.0088858 -0.9991169
vn -0.0243730 0.7072372 -0.7065560
vn -0.0561958 0.9984031 -0.0057768
vn 0.0044809 0.9999888 0.0015299
vn -0.0243730 0.7072372 -0.7065560
vn 0.0044809 0.9999888 0.0015299
vn 0.0320397 0.7117823 -0.7016690
vn 0.0044809 0.9999888 0.0015299
vn -0.0256691 0.7099414 0.7037928
vn 0.0297756 0.7058664 0.7077189
vn 0.0044809 0.9999888 0.0015299
vn 0.0297756 0.7058664 0.7077189
vn 0.0644684 0.9978937 0.0072042
vn -0.0256691 0.7099414 0.7037928
vn -0.0410008 0.0064466 0.9991384
vn -0.0221756 0.0053814 0.9997396
vn -0.0256691 0.7099414 0.7037928
vn -0.0221756 0.0053814 0.9997396
vn 0.0297756 0.7058664 0.7077189
vn -0.0410008 0.0064466 0.9991384
vn -0.0323438 -0.7039805 0.7094824
vn -0.0614181 -0.7009916 0.7105200
vn -0.0410008 0.0064466 0.9991384
vn -0.0614181 -0.7009916 0.7105200
vn -0.0221756 0.0053814 0.9997396
vn -0.0323438 -0.7039805 0.7094824
vn -0.0044923 -0.9999891 -0.0012531
vn -0.0646740 -0.9979054 0.0015098
vn -0.0323438 -0.7039805 0.7094824
vn -0.0646740 -0.9979054 0.0015098
vn -0.0614181 -0.7009916 0.7105200
vn -0.0044923 -0.9999891 -0.0012531
vn 0.0260272 -0.7023916 -0.7113147
vn -0.0295388 -0.7032540 -0.7103248
vn -0.0044923 -0.9999891 -0.0012531
vn -0.0295388 -0.7032540 -0.7103248
vn -0.0646740 -0.9979054 0.0015098
vn 0.0260272 -0.7023916 -0.7113147
vn 0.0410678 0.0088858 -0.9991169
vn 0.0230836 0.0085235 -0.9996971
vn 0.0260272 -0.7023916 -0.7113147
vn 0.0230836 0.0085235 -0.9996971
vn -0.0295388 -0.7032540 -0.7103248
vn 0.0410678 0.0088858 -0.9991169
vn 0.0320397 0.7117823 -0.7016690
vn 0.0618855 0.7122725 -0.6991698
vn 0.0410678 0.0088858 -0.9991169
vn 0.0618855 0.7122725 -0.6991698
vn 0.0230836 0.0085235 -0.9996971
vn 0.0320397 0.7117823 -0.7016690
vn 0.0044809 0.9999888 0.0015299
vn 0.0644684 0.9978937 0.0072042
vn 0.0320397 0.7117823 -0.7016690
vn 0.0644684 0.9978937 0.0072042
vn 0.0618855 0.7122725 -0.6991698
vn 0.0644684 0.9978937 0.0072042
vn 0.0297756 0.7058664 0.7077189
vn 0.0941037 0.6990011 0.7089021
vn 0.0644684 0.9978937 0.0072042
vn 0.0941037 0.6990011 0.7089021
vn 0.1141855 0.9934270 0.0080219
vn 0.0297756 0.7058664 0.7077189
vn -0.0221756 0.0053814 0.9997396
vn 0.0196264 0.0005403 0.9998072
vn 0.0297756 0.7058664 0.7077189
vn 0.0196264 0.0005403 0.9998072
vn 0.0941037 0.6990011 0.7089021
vn -0.0221756 0.0053814 0.9997396
vn -0.0614181 -0.7009916 0.7105200
vn -0.0664698 -0.7002356 0.7108108
vn -0.0221756 0.0053814 0.9997396
vn -0.0664698 -0.7002356 0.7108108
vn 0.0196264 0.0005403 0.9998072
vn -0.0614181 -0.7009916 0.7105200
vn -0.0646740 -0.9979054 0.0015098
vn -0.1139769 -0.9934767 0.0036624
vn -0.0614181 -0.7009916 0.7105200
vn -0.1139769 -0.9934767 0.0036624
vn -0.0664698 -0.7002356 0.7108108
vn -0.0646740 -0.9979054 0.0015098
vn -0.0295388 -0.7032540 -0.7103248
vn -0.0941907 -0.6997066 -0.7081941
vn -0.0646740 -0.9979054 0.0015098
vn -0.0941907 -0.6997066 -0.7081941
vn -0.1139769 -0.9934767 0.0036624
vn -0.0295388 -0.7032540 -0.7103248
vn 0.0230836 0.0085235 -0.9996971
vn -0.0184619 0.0096607 -0.9997829
vn -0.0295388 -0.7032540 -0.7103248
vn -0.0184619 0.0096607 -0.9997829
vn -0.0941907 -0.6997066 -0.7081941
vn 0.0230836 0.0085235 -0.9996971
vn 0.0618855 0.7122725 -0.6991698
vn 0.0679260 0.7110772 -0.6998251
vn 0.0230836 0.0085235 -0.9996971
vn 0.0679260 0.7110772 -0.6998251
vn -0.0184619 0.0096607 -0.9997829
vn 0.0618855 0.7122725 -0.6991698
vn 0.0644684 0.9978937 0.0072042
vn 0.1141855 0.9934270 0.0080219
vn 0.0618855 0.7122725 -0.6991698
vn 0.1141855 0.9934270 0.0080219
vn 0.0679260 0.7110772 -0.6998251
vn 0.1141855 0.9934270 0.0080219
vn 0.0941037 0.6990011 0.7089021
vn 0.1359804 0.6949649 0.7060688
vn 0.1141855 0.9934270 0.0080219
vn 0.1359804 0.6949649 0.7060688
vn 0.1452713 0.9893903 0.0017398
vn 0.0941037 0.6990011 0.7089021
vn 0.0196264 0.0005403 0.9998072
vn 0.0473559 -0.0050701 0.9988652
vn 0.0941037 0.6990011 0.7089021
vn 0.0473559 -0.0050701 0.9988652
vn 0.1359804 0.6949649 0.7060688
vn 0.0196264 0.0005403 0.9998072
vn -0.0664698 -0.7002356 0.7108108
vn -0.0691189 -0.7032130 0.7076116
vn 0.0196264 0.0005403 0.9998072
vn -0.0691189 -0.7032130 0.7076116
vn 0.0473559 -0.0050701 0.9988652
vn -0.0664698 -0.7002356 0.7108108
vn -0.1139769 -0.9934767 0.0036624
vn -0.1451844 -0.9894046 0.0003119
vn -0.0664698 -0.7002356 0.7108108
vn -0.1451844 -0.9894046 0.0003119
vn -0.0691189 -0.7032130 0.7076116
vn -0.1139769 -0.9934767 0.0036624
vn -0.0941907 -0.6997066 -0.7081941
vn -0.1358485 -0.6934727 -0.7075596
vn -0.1139769 -0.9934767 0.0036624
vn -0.1358485 -0.6934727 -0.7075596
vn -0.1451844 -0.9894046 0.0003119
vn -0.0941907 -0.6997066 -0.7081941
vn -0.0184619 0.0096607 -0.9997829
vn -0.0466303 0.0100537 -0.9988616
vn -0.0941907 -0.6997066 -0.7081941
vn -0.0466303 0.0100537 -0.9988616
vn -0.1358485 -0.6934727 -0.7075596
vn -0.0184619 0.0096607 -0.9997829
vn 0.0679260 0.7110772 -0.6998251
vn 0.0697988 0.7066886 -0.7040735
vn -0.0184619 0.0096607 -0.9997829
vn 0.0697988 0.7066886 -0.7040735
vn -0.0466303 0.0100537 -0.9988616
vn 0.0679260 0.7110772 -0.6998251
vn 0.1141855 0.9934270 0.0080219
vn 0.1452713 0.9893903 0.0017398
vn 0.0679260 0.7110772 -0.6998251
vn 0.1452713 0.9893903 0.0017398
vn 0.0697988 0.7066886 -0.7040735
vn 0.1452713 0.9893903 0.0017398
vn 0.1359804 0.6949649 0.7060688
vn 0.1331977 0.6966498 0.7049378
vn 0.1452713 0.9893903 0.0017398
vn 0.1331977 0.6966498 0.7049378
vn 0.1535189 0.9881378 -0.0039453
vn 0.1359804 0.6949649 0.7060688
vn 0.0473559 -0.0050701 0.9988652
vn 0.0343323 -0.0059208 0.9993929
vn 0.1359804 0.6949649 0.7060688
vn 0.0343323 -0.0059208 0.9993929
vn 0.1331977 0.6966498 0.7049378
vn 0.0473559 -0.0050701 0.9988652
vn -0.0691189 -0.7032130 0.7076116
vn -0.0847664 -0.7048545 0.7042691
vn 0.0473559 -0.0050701 0.9988652
vn -0.0847664 -0.7048545 0.7042691
vn 0.0343323 -0.0059208 0.9993929
vn -0.0691189 -0.7032130 0.7076116
vn -0.1451844 -0.9894046 0.0003119
vn -0.1537986 -0.9880928 -0.0043203
vn -0.0691189 -0.7032130 0.7076116
vn -0.1537986 -0.9880928 -0.0043203
vn -0.0847664 -0.7048545 0.7042691
vn -0.1451844 -0.9894046 0.0003119
vn -0.1358485 -0.6934727 -0.7075596
vn -0.1327385 -0.6929777 -0.7086342
vn -0.1451844 -0.9894046 0.0003119
vn -0.1327385 -0.6929777 -0.7086342
vn -0.1537986 -0.9880928 -0.0043203
vn -0.1358485 -0.6934727 -0.7075596
vn -0.0466303 0.0100537 -0.9988616
vn -0.0344479 0.0050538 -0.9993938
vn -0.1358485 -0.6934727 -0.7075596
vn -0.0344479 0.0050538 -0.9993938
vn -0.1327385 -0.6929777 -0.7086342
vn -0.0466303 0.0100537 -0.9988616
vn 0.0697988 0.7066886 -0.7040735
vn 0.0839121 0.7003604 -0.7088400
vn -0.0466303 0.0100537 -0.9988616
vn 0.0839121 0.7003604 -0.7088400
vn -0.0344479 0.0050538 -0.9993938
vn 0.0697988 0.7066886 -0.7040735
vn 0.1452713 0.9893903 0.0017398
vn 0.1535189 0.9881378 -0.0039453
vn 0.0697988 0.7066886 -0.7040735
vn 0.1535189 0.9881378 -0.0039453
vn 0.0839121 0.7003604 -0.7088400
vn 0.1535189 0.9881378 -0.0039453
vn 0.1331977 0.6966498 0.7049378
vn 0.0885652 0.7038683 0.7047876
vn 0.1535189 0.9881378 -0.0039453
vn 0.0885652 0.7038683 0.7047876
vn 0.1384340 0.9903412 -0.0077565
vn 0.1331977 0.6966498 0.7049378
vn 0.0343323 -0.0059208 0.9993929
vn -0.0140418 -0.0014989 0.9999003
vn 0.1331977 0.6966498 0.7049378
vn -0.0140418 -0.0014989 0.9999003
vn 0.0885652 0.7038683 0.7047876
vn 0.0343323 -0.0059208 0.9993929
vn -0.0847664 -0.7048545 0.7042691
vn -0.1080987 -0.7044908 0.7014324
vn 0.0343323 -0.0059208 0.9993929
vn -0.1080987 -0.7044908 0.7014324
vn -0.0140418 -0.0014989 0.9999003
vn -0.0847664 -0.7048545 0.7042691
vn -0.1537986 -0.9880928 -0.0043203
vn -0.1382160 -0.9903730 -0.0075875
vn -0.0847664 -0.7048545 0.7042691
vn -0.1382160 -0.9903730 -0.0075875
vn -0.1080987 -0.7044908 0.7014324
vn -0.1537986 -0.9880928 -0.0043203
vn -0.1327385 -0.6929777 -0.7086342
vn -0.0878973 -0.6995752 -0.7091323
vn -0.1537986 -0.9880928 -0.0043203
vn -0.0878973 -0.6995752 -0.7091323
vn -0.1382160 -0.9903730 -0.0075875
vn -0.1327385 -0.6929777 -0.7086342
vn -0.0344479 0.0050538 -0.9993938
vn 0.0131177 -0.0051070 -0.9999009
vn -0.1327385 -0.6929777 -0.7086342
vn 0.0131177 -0.0051070 -0.9999009
vn -0.0878973 -0.6995752 -0.7091323
vn -0.0344479 0.0050538 -0.9993938
vn 0.0839121 0.7003604 -0.7088400
vn 0.1067257 0.6935682 -0.7124414
vn -0.0344479 0.0050538 -0.9993938
vn 0.1067257 0.6935682 -0.7124414
vn 0.0131177 -0.0051070 -0.9999009
vn 0.0839121 0.7003604 -0.7088400
vn 0.1535189 0.9881378 -0.0039453
vn 0.1384340 0.9903412 -0.0077565
vn 0.0839121 0.7003604 -0.7088400
vn 0.1384340 0.9903412 -0.0077565
vn 0.1067257 0.6935682 -0.7124414
vn 0.1384340 0.9903412 -0.0077565
vn 0.0885652 0.7038683 0.7047876
vn 0.0312720 0.7073361 0.7061854
vn 0.1384340 0.9903412 -0.0077565
vn 0.0312720 0.7073361 0.7061854
vn 0.1015304 0.9948210 -0.0047685
vn 0.0885652 0.7038683 0.7047876
vn -0.0140418 -0.0014989 0.9999003
vn -0.0573787 0.0016921 0.9983510
vn 0.0885652 0.7038683 0.7047876
vn -0.0573787 0.0016921 0.9983510
vn 0.0312720 0.7073361 0.7061854
vn -0.0140418 -0.0014989 0.9999003
vn -0.1080987 -0.7044908 0.7014324
vn -0.1119947 -0.7024268 0.7028896
vn -0.0140418 -0.0014989 0.9999003
vn -0.1119947 -0.7024268 0.7028896
vn -0.0573787 0.0016921 0.9983510
vn -0.1080987 -0.7044908 0.7014324
vn -0.1382160 -0.9903730 -0.0075875
vn -0.1011832 -0.9948672 -0.0010936
vn -0.1080987 -0.7044908 0.7014324
vn -0.1011832 -0.9948672 -0.0010936
vn -0.1119947 -0.7024268 0.7028896
vn -0.1382160 -0.9903730 -0.0075875
vn -0.0878973 -0.6995752 -0.7091323
vn -0.0317289 -0.7101014 -0.7033842
vn -0.1382160 -0.9903730 -0.0075875
vn -0.0317289 -0.7101014 -0.7033842
vn -0.1011832 -0.9948672 -0.0010936
vn -0.0878973 -0.6995752 -0.7091323
vn 0.0131177 -0.0051070 -0.9999009
vn 0.0562136 -0.0131102 -0.9983326
vn -0.0878973 -0.6995752 -0.7091323
vn 0.0562136 -0.0131102 -0.9983326
vn -0.0317289 -0.7101014 -0.7033842
vn 0.0131177 -0.0051070 -0.9999009
vn 0.1067257 0.6935682 -0.7124414
vn 0.1116336 0.6937302 -0.7115309
vn 0.0131177 -0.0051070 -0.9999009
vn 0.1116336 0.6937302 -0.7115309
vn 0.0562136 -0.0131102 -0.9983326
vn 0.1067257 0.6935682 -0.7124414
vn 0.1384340 0.9903412 -0.0077565
vn 0.1015304 0.9948210 -0.0047685
vn 0.1067257 0.6935682 -0.7124414
vn 0.1015304 0.9948210 -0.0047685
vn 0.1116336 0.6937302 -0.7115309
vn 0.1015304 0.9948210 -0.0047685
vn 0.0312720 0.7073361 0.7061854
vn 0.0041364 0.7035552 0.7106286
vn 0.1015304 0.9948210 -0.0047685
vn 0.0041364 0.7035552 0.7106286
vn 0.0476441 0.9988605 0.0028198
vn 0.0312720 0.7073361 0.7061854
vn -0.0573787 0.0016921 0.9983510
vn -0.0415185 -0.0011044 0.9991371
vn 0.0312720 0.7073361 0.7061854
vn -0.0415185 -0.0011044 0.9991371
vn 0.0041364 0.7035552 0.7106286
vn -0.0573787 0.0016921 0.9983510
vn -0.1119947 -0.7024268 0.7028896
vn -0.0629975 -0.7022938 0.7090944
vn -0.0573787 0.0016921 0.9983510
vn -0.0629975 -0.7022938 0.7090944
vn -0.0415185 -0.0011044 0.9991371
vn -0.1119947 -0.7024268 0.7028896
vn -0.1011832 -0.9948672 -0.0010936
vn -0.0481895 -0.9987811 0.0106757
vn -0.1119947 -0.7024268 0.7028896
vn -0.0481895 -0.9987811 0.0106757
vn -0.0629975 -0.7022938 0.7090944
vn -0.1011832 -0.9948672 -0.0010936
vn -0.0317289 -0.7101014 -0.7033842
vn -0.0053951 -0.7175200 -0.6965170
vn -0.1011832 -0.9948672 -0.0010936
vn -0.0053951 -0.7175200 -0.6965170
vn -0.0481895 -0.9987811 0.0106757
vn -0.0317289 -0.7101014 -0.7033842
vn 0.0562136 -0.0131102 -0.9983326
vn 0.0408344 -0.0135159 -0.9990746
vn -0.0317289 -0.7101014 -0.7033842
vn 0.0408344 -0.0135159 -0.9990746
vn -0.0053951 -0.7175200 -0.6965170
vn 0.0562136 -0.0131102 -0.9983326
vn 0.1116336 0.6937302 -0.7115309
vn 0.0630284 0.7017232 -0.7096562
vn 0.0562136 -0.0131102 -0.9983326
vn 0.0630284 0.7017232 -0.7096562
vn 0.0408344 -0.0135159 -0.9990746
vn 0.1116336 0.6937302 -0.7115309
vn 0.1015304 0.9948210 -0.0047685
vn 0.0476441 0.9988605 0.0028198
vn 0.1116336 0.6937302 -0.7115309
vn 0.0476441 0.9988605 0.0028198
vn 0.0630284 0.7017232 -0.7096562
vn 0.0476441 0.9988605 0.0028198
vn 0.0041364 0.7035552 0.7106286
vn 0.0034911 0.7018960 0.7122710
vn 0.0476441 0.9988605 0.0028198
vn 0.0034911 0.7018960 0.7122710
vn -0.0134917 0.9998988 0.0045119
vn 0.0041364 0.7035552 0.7106286
vn -0.0415185 -0.0011044 0.9991371
vn 0.0183238 -0.0039236 0.9998244
vn 0.0041364 0.7035552 0.7106286
vn 0.0183238 -0.0039236 0.9998244
vn 0.0034911 0.7018960 0.7122710
vn -0.0415185 -0.0011044 0.9991371
vn -0.0629975 -0.7022938 0.7090944
vn 0.0225226 -0.7044873 0.7093591
vn -0.0415185 -0.0011044 0.9991371
vn 0.0225226 -0.7044873 0.7093591
vn 0.0183238 -0.0039236 0.9998244
vn -0.0629975 -0.7022938 0.7090944
vn -0.0481895 -0.9987811 0.0106757
vn 0.0137688 -0.9998454 0.0109418
vn -0.0629975 -0.7022938 0.7090944
vn 0.0137688 -0.9998454 0.0109418
vn 0.0225226 -0.7044873 0.7093591
vn -0.0481895 -0.9987811 0.0106757
vn -0.0053951 -0.7175200 -0.6965170
vn -0.0030024 -0.7172449 -0.6968148
vn -0.0481895 -0.9987811 0.0106757
vn -0.0030024 -0.7172449 -0.6968148
vn 0.0137688 -0.9998454 0.0109418
vn -0.0053951 -0.7175200 -0.6965170
vn 0.0408344 -0.0135159 -0.9990746
vn -0.0181249 -0.0114307 -0.9997704
vn -0.0053951 -0.7175200 -0.6965170
vn -0.0181249 -0.0114307 -0.9997704
vn -0.0030024 -0.7172449 -0.6968148
vn 0.0408344 -0.0135159 -0.9990746
vn 0.0630284 0.7017232 -0.7096562
vn -0.0225362 0.7045313 -0.7093151
vn 0.0408344 -0.0135159 -0.9990746
vn -0.0225362 0.7045313 -0.7093151
vn -0.0181249 -0.0114307 -0.9997704
vn 0.0630284 0.7017232 -0.7096562
vn 0.0476441 0.9988605 0.0028198
vn -0.0134917 0.9998988 0.0045119
vn 0.0630284 0.7017232 -0.7096562
vn -0.0134917 0.9998988 0.0045119
vn -0.0225362 0.7045313 -0.7093151
vn -0.0134917 0.9998988 0.0045119
vn 0.0034911 0.7018960 0.7122710
vn -0.0045851 0.7032143 0.7109631
vn -0.0134917 0.9998988 0.0045119
vn -0.0045851 0.7032143 0.7109631
vn -0.0724474 0.9973645 0.0039196
vn 0.0034911 0.7018960 0.7122710
vn 0.0183238 -0.0039236 0.9998244
vn 0.0656395 -0.0020392 0.9978414
vn 0.0034911 0.7018960 0.7122710
vn 0.0656395 -0.0020392 0.9978414
vn -0.0045851 0.7032143 0.7109631
vn 0.0183238 -0.0039236 0.9998244
vn 0.0225226 -0.7044873 0.7093591
vn 0.0974713 -0.7034165 0.7040629
vn 0.0183238 -0.0039236 0.9998244
vn 0.0974713 -0.7034165 0.7040629
vn 0.0656395 -0.0020392 0.9978414
vn 0.0225226 -0.7044873 0.7093591
vn 0.0137688 -0.9998454 0.0109418
vn 0.0729205 -0.9973316 0.0035106
vn 0.0225226 -0.7044873 0.7093591
vn 0.0729205 -0.9973316 0.0035106
vn 0.0974713 -0.7034165 0.7040629
vn 0.0137688 -0.9998454 0.0109418
vn -0.0030024 -0.7172449 -0.6968148
vn 0.0060450 -0.7136024 -0.7005249
vn 0.0137688 -0.9998454 0.0109418
vn 0.0060450 -0.7136024 -0.7005249
vn 0.0729205 -0.9973316 0.0035106
vn -0.0030024 -0.7172449 -0.6968148
vn -0.0181249 -0.0114307 -0.9997704
vn -0.0646621 -0.0114010 -0.9978421
vn -0.0030024 -0.7172449 -0.6968148
vn -0.0646621 -0.0114010 -0.9978421
vn 0.0060450 -0.7136024 -0.7005249
vn -0.0181249 -0.0114307 -0.9997704
vn -0.0225362 0.7045313 -0.7093151
vn -0.0974791 0.7003873 -0.7070753
vn -0.0181249 -0.0114307 -0.9997704
vn -0.0974791 0.7003873 -0.7070753
vn -0.0646621 -0.0114010 -0.9978421
vn -0.0225362 0.7045313 -0.7093151
vn -0.0134917 0.9998988 0.0045119
vn -0.0724474 0.9973645 0.0039196
vn -0.0225362 0.7045313 -0.7093151
vn -0.0724474 0.9973645 0.0039196
vn -0.0974791 0.7003873 -0.7070753
vn -0.0724474 0.9973645 0.0039196
vn -0.0045851 0.7032143 0.7109631
vn -0.0507679 0.7055943 0.7067951
vn -0.0724474 0.9973645 0.0039196
vn -0.0507679 0.7055943 0.7067951
vn -0.1201524 0.9927425 -0.0050837
vn -0.0045851 0.7032143 0.7109631
vn 0.0656395 -0.0020392 0.9978414
vn 0.0489340 -0.0020923 0.9987999
vn -0.0045851 0.7032143 0.7109631
vn 0.0489340 -0.0020923 0.9987999
vn -0.0507679 0.7055943 0.7067951
vn 0.0656395 -0.0020392 0.9978414
vn 0.0974713 -0.7034165 0.7040629
vn 0.1193037 -0.7062944 0.6977928
vn 0.0656395 -0.0020392 0.9978414
vn 0.1193037 -0.7062944 0.6977928
vn 0.0489340 -0.0020923 0.9987999
vn 0.0974713 -0.7034165 0.7040629
vn 0.0729205 -0.9973316 0.0035106
vn 0.1193850 -0.9927917 -0.0105755
vn 0.0974713 -0.7034165 0.7040629
vn 0.1193850 -0.9927917 -0.0105755
vn 0.1193037 -0.7062944 0.6977928
vn 0.0729205 -0.9973316 0.0035106
vn 0.0060450 -0.7136024 -0.7005249
vn 0.0502680 -0.7025822 -0.7098249
vn 0.0729205 -0.9973316 0.0035106
vn 0.0502680 -0.7025822 -0.7098249
vn 0.1193850 -0.9927917 -0.0105755
vn 0.0060450 -0.7136024 -0.7005249
vn -0.0646621 -0.0114010 -0.9978421
vn -0.0477722 -0.0074356 -0.9988306
vn 0.0060450 -0.7136024 -0.7005249
vn -0.0477722 -0.0074356 -0.9988306
vn 0.0502680 -0.7025822 -0.7098249
vn -0.0646621 -0.0114010 -0.9978421
vn -0.0974791 0.7003873 -0.7070753
vn -0.1184110 0.6937171 -0.7104474
vn -0.0646621 -0.0114010 -0.9978421
vn -0.1184110 0.6937171 -0.7104474
vn -0.0477722 -0.0074356 -0.9988306
vn -0.0974791 0.7003873 -0.7070753
vn -0.0724474 0.9973645 0.0039196
vn -0.1201524 0.9927425 -0.0050837
vn -0.0974791 0.7003873 -0.7070753
vn -0.1201524 0.9927425 -0.0050837
vn -0.1184110 0.6937171 -0.7104474
vn -0.1201524 0.9927425 -0.0050837
vn -0.0507679 0.7055943 0.7067951
vn -0.1160710 0.6986325 0.7060028
vn -0.1201524 0.9927425 -0.0050837
vn -0.1160710 0.6986325 0.7060028
vn -0.1478105 0.9890023 -0.0051603
vn -0.0507679 0.7055943 0.7067951
vn 0.0489340 -0.0020923 0.9987999
vn -0.0153401 -0.0072255 0.9998562
vn -0.0507679 0.7055943 0.7067951
vn -0.0153401 -0.0072255 0.9998562
vn -0.1160710 0.6986325 0.7060028
vn 0.0489340 -0.0020923 0.9987999
vn 0.1193037 -0.7062944 0.6977928
vn 0.0943646 -0.7078938 0.6999868
vn 0.0489340 -0.0020923 0.9987999
vn 0.0943646 -0.7078938 0.6999868
vn -0.0153401 -0.0072255 0.9998562
vn 0.1193037 -0.7062944 0.6977928
vn 0.1193850 -0.9927917 -0.0105755
vn 0.1480464 -0.9889241 -0.0105557
vn 0.1193037 -0.7062944 0.6977928
vn 0.1480464 -0.9889241 -0.0105557
vn 0.0943646 -0.7078938 0.6999868
vn 0.1193850 -0.9927917 -0.0105755
vn 0.0502680 -0.7025822 -0.7098249
vn 0.1152870 -0.6929350 -0.7117232
vn 0.1193850 -0.9927917 -0.0105755
vn 0.1152870 -0.6929350 -0.7117232
vn 0.1480464 -0.9889241 -0.0105557
vn 0.0502680 -0.7025822 -0.7098249
vn -0.0477722 -0.0074356 -0.9988306
vn 0.0159469 0.0030340 -0.9998683
vn 0.0502680 -0.7025822 -0.7098249
vn 0.0159469 0.0030340 -0.9998683
vn 0.1152870 -0.6929350 -0.7117232
vn -0.0477722 -0.0074356 -0.9988306
vn -0.1184110 0.6937171 -0.7104474
vn -0.0927364 0.6980721 -0.7099967
vn -0.0477722 -0.0074356 -0.9988306
vn -0.0927364 0.6980721 -0.7099967
vn 0.0159469 0.0030340 -0.9998683
vn -0.1184110 0.6937171 -0.7104474
vn -0.1201524 0.9927425 -0.0050837
vn -0.1478105 0.9890023 -0.0051603
vn -0.1184110 0.6937171 -0.7104474
vn -0.1478105 0.9890023 -0.0051603
vn -0.0927364 0.6980721 -0.7099967
vn -0.1478105 0.9890023 -0.0051603
vn -0.1160710 0.6986325 0.7060028
vn -0.1470716 0.6924790 0.7062880
vn -0.1478105 0.9890023 -0.0051603
vn -0.1470716 0.6924790 0.7062880
vn -0.1529129 0.9882396 0.0005071
vn -0.1160710 0.6986325 0.7060028
vn -0.0153401 -0.0072255 0.9998562
vn -0.0549506 -0.0098062 0.9984410
vn -0.1160710 0.6986325 0.7060028
vn -0.0549506 -0.0098062 0.9984410
vn -0.1470716 0.6924790 0.7062880
vn -0.0153401 -0.0072255 0.9998562
vn 0.0943646 -0.7078938 0.6999868
vn 0.0695257 -0.7067673 0.7040215
vn -0.0153401 -0.0072255 0.9998562
vn 0.0695257 -0.7067673 0.7040215
vn -0.0549506 -0.0098062 0.9984410
vn 0.0943646 -0.7078938 0.6999868
vn 0.1480464 -0.9889241 -0.0105557
vn 0.1531083 -0.9882012 -0.0040393
vn 0.0943646 -0.7078938 0.6999868
vn 0.1531083 -0.9882012 -0.0040393
vn 0.0695257 -0.7067673 0.7040215
vn 0.1480464 -0.9889241 -0.0105557
vn 0.1152870 -0.6929350 -0.7117232
vn 0.1468081 -0.6898427 -0.7089178
vn 0.1480464 -0.9889241 -0.0105557
vn 0.1468081 -0.6898427 -0.7089178
vn 0.1531083 -0.9882012 -0.0040393
vn 0.1152870 -0.6929350 -0.7117232
vn 0.0159469 0.0030340 -0.9998683
vn 0.0546730 0.0115217 -0.9984378
vn 0.1152870 -0.6929350 -0.7117232
vn 0.0546730 0.0115217 -0.9984378
vn 0.1468081 -0.6898427 -0.7089178
vn 0.0159469 0.0030340 -0.9998683
vn -0.0927364 0.6980721 -0.7099967
vn -0.0693442 0.7058846 -0.7049243
vn 0.0159469 0.0030340 -0.9998683
vn -0.0693442 0.7058846 -0.7049243
vn 0.0546730 0.0115217 -0.9984378
vn -0.0927364 0.6980721 -0.7099967
vn -0.1478105 0.9890023 -0.0051603
vn -0.1529129 0.9882396 0.0005071
vn -0.0927364 0.6980721 -0.7099967
vn -0.1529129 0.9882396 0.0005071
vn -0.0693442 0.7058846 -0.7049243
vn -0.1529129 0.9882396 0.0005071
vn -0.1470716 0.6924790 0.7062880
vn -0.1247662 0.6940820 0.7090018
vn -0.1529129 0.9882396 0.0005071
vn -0.1247662 0.6940820 0.7090018
vn -0.1344746 0.9908875 0.0076563
vn -0.1470716 0.6924790 0.7062880
vn -0.0549506 -0.0098062 0.9984410
vn -0.0427580 -0.0048174 0.9990739
vn -0.1470716 0.6924790 0.7062880
vn -0.0427580 -0.0048174 0.9990739
vn -0.1247662 0.6940820 0.7090018
vn -0.0549506 -0.0098062 0.9984410
vn 0.0695257 -0.7067673 0.7040215
vn 0.0642989 -0.7024643 0.7088085
vn -0.0549506 -0.0098062 0.9984410
vn 0.0642989 -0.7024643 0.7088085
vn -0.0427580 -0.0048174 0.9990739
vn 0.0695257 -0.7067673 0.7040215
vn 0.1531083 -0.9882012 -0.0040393
vn 0.1340790 -0.9909683 0.0020803
vn 0.0695257 -0.7067673 0.7040215
vn 0.1340790 -0.9909683 0.0020803
vn 0.0642989 -0.7024643 0.7088085
vn 0.1531083 -0.9882012 -0.0040393
vn 0.1468081 -0.6898427 -0.7089178
vn 0.1249106 -0.6952074 -0.7078729
vn 0.1531083 -0.9882012 -0.0040393
vn 0.1249106 -0.6952074 -0.7078729
vn 0.1340790 -0.9909683 0.0020803
vn 0.1468081 -0.6898427 -0.7089178
vn 0.0546730 0.0115217 -0.9984378
vn 0.0417855 0.0122306 -0.9990517
vn 0.1468081 -0.6898427 -0.7089178
vn 0.0417855 0.0122306 -0.9990517
vn 0.1249106 -0.6952074 -0.7078729
vn 0.0546730 0.0115217 -0.9984378
vn -0.0693442 0.7058846 -0.7049243
vn -0.0658120 0.7109306 -0.7001760
vn 0.0546730 0.0115217 -0.9984378
vn -0.0658120 0.7109306 -0.7001760
vn 0.0417855 0.0122306 -0.9990517
vn -0.0693442 0.7058846 -0.7049243
vn -0.1529129 0.9882396 0.0005071
vn -0.1344746 0.9908875 0.0076563
vn -0.0693442 0.7058846 -0.7049243
vn -0.1344746 0.9908875 0.0076563
vn -0.0658120 0.7109306 -0.7001760
vn -0.1344746 0.9908875 0.0076563
vn -0.1247662 0.6940820 0.7090018
vn -0.0542067 0.7016817 0.7104255
vn -0.1344746 0.9908875 0.0076563
vn -0.0542067 0.7016817 0.7104255
vn -0.0941023 0.9954910 0.0119340
vn -0.1247662 0.6940820 0.7090018
vn -0.0427580 -0.0048174 0.9990739
vn 0.0167854 0.0050767 0.9998462
vn -0.1247662 0.6940820 0.7090018
vn 0.0167854 0.0050767 0.9998462
vn -0.0542067 0.7016817 0.7104255
vn -0.0427580 -0.0048174 0.9990739
vn 0.0642989 -0.7024643 0.7088085
vn 0.0783219 -0.6966943 0.7130799
vn -0.0427580 -0.0048174 0.9990739
vn 0.0783219 -0.6966943 0.7130799
vn 0.0167854 0.0050767 0.9998462
vn 0.0642989 -0.7024643 0.7088085
vn 0.1340790 -0.9909683 0.0020803
vn 0.0944529 -0.9955006 0.0075512
vn 0.0642989 -0.7024643 0.7088085
vn 0.0944529 -0.9955006 0.0075512
vn 0.0783219 -0.6966943 0.7130799
vn 0.1340790 -0.9909683 0.0020803
vn 0.1249106 -0.6952074 -0.7078729
vn 0.0546271 -0.7053600 -0.7067412
vn 0.1340790 -0.9909683 0.0020803
vn 0.0546271 -0.7053600 -0.7067412
vn 0.0944529 -0.9955006 0.0075512
vn 0.1249106 -0.6952074 -0.7078729
vn 0.0417855 0.0122306 -0.9990517
vn -0.0179301 0.0070024 -0.9998147
vn 0.1249106 -0.6952074 -0.7078729
vn -0.0179301 0.0070024 -0.9998147
vn 0.0546271 -0.7053600 -0.7067412
vn 0.0417855 0.0122306 -0.9990517
vn -0.0658120 0.7109306 -0.7001760
vn -0.0795338 0.7124175 -0.6972344
vn 0.0417855 0.0122306 -0.9990517
vn -0.0795338 0.7124175 -0.6972344
vn -0.0179301 0.0070024 -0.9998147
vn -0.0658120 0.7109306 -0.7001760
vn -0.1344746 0.9908875 0.0076563
vn -0.0941023 0.9954910 0.0119340
vn -0.0658120 0.7109306 -0.7001760
vn -0.0941023 0.9954910 0.0119340
vn -0.0795338 0.7124175 -0.6972344
vn -0.0941023 0.9954910 0.0119340
vn -0.0542067 0.7016817 0.7104255
vn 0.0230449 0.7111281 0.7026846
vn -0.0941023 0.9954910 0.0119340
vn 0.0230449 0.7111281 0.7026846
vn -0.0389309 0.9992390 0.0023901
vn -0.0542067 0.7016817 0.7104255
vn 0.0167854 0.0050767 0.9998462
vn 0.0717839 0.0112250 0.9973570
vn -0.0542067 0.7016817 0.7104255
vn 0.0717839 0.0112250 0.9973570
vn 0.0230449 0.7111281 0.7026846
vn 0.0167854 0.0050767 0.9998462
vn 0.0783219 -0.6966943 0.7130799
vn 0.0788725 -0.6981264 0.7116169
vn 0.0167854 0.0050767 0.9998462
vn 0.0788725 -0.6981264 0.7116169
vn 0.0717839 0.0112250 0.9973570
vn 0.0783219 -0.6966943 0.7130799
vn 0.0944529 -0.9955006 0.0075512
vn 0.0394599 -0.9992095 0.0048373
vn 0.0783219 -0.6966943 0.7130799
vn 0.0394599 -0.9992095 0.0048373
vn 0.0788725 -0.6981264 0.7116169
vn 0.0944529 -0.9955006 0.0075512
vn 0.0546271 -0.7053600 -0.7067412
vn -0.0234990 -0.7073763 -0.7064463
vn 0.0944529 -0.9955006 0.0075512
vn -0.0234990 -0.7073763 -0.7064463
vn 0.0394599 -0.9992095 0.0048373
vn 0.0546271 -0.7053600 -0.7067412
vn -0.0179301 0.0070024 -0.9998147
vn -0.0723797 0.0035516 -0.9973708
vn 0.0546271 -0.7053600 -0.7067412
vn -0.0723797 0.0035516 -0.9973708
vn -0.0234990 -0.7073763 -0.7064463
vn -0.0179301 0.0070024 -0.9998147
vn -0.0795338 0.7124175 -0.6972344
vn -0.0784857 0.7091871 -0.7006381
vn -0.0179301 0.0070024 -0.9998147
vn -0.0784857 0.7091871 -0.7006381
vn -0.0723797 0.0035516 -0.9973708
vn -0.0795338 0.7124175 -0.6972344
vn -0.0941023 0.9954910 0.0119340
vn -0.0389309 0.9992390 0.0023901
vn -0.0795338 0.7124175 -0.6972344
vn -0.0389309 0.9992390 0.0023901
vn -0.0784857 0.7091871 -0.7006381
vn -0.0389309 0.9992390 0.0023901
vn 0.0230449 0.7111281 0.7026846
vn 0.0576253 0.7167464 0.6949488
vn -0.0389309 0.9992390 0.0023901
vn 0.0576253 0.7167464 0.6949488
vn 0.0219757 0.9996901 -0.0116971
vn 0.0230449 0.7111281 0.7026846
vn 0.0717839 0.0112250 0.9973570
vn 0.0597000 0.0116906 0.9981478
vn 0.0230449 0.7111281 0.7026846
vn 0.0597000 0.0116906 0.9981478
vn 0.0576253 0.7167464 0.6949488
vn 0.0717839 0.0112250 0.9973570
vn 0.0788725 -0.6981264 0.7116169
vn 0.0263285 -0.7037188 0.7099906
vn 0.0717839 0.0112250 0.9973570
vn 0.0263285 -0.7037188 0.7099906
vn 0.0597000 0.0116906 0.9981478
vn 0.0788725 -0.6981264 0.7116169
vn 0.0394599 -0.9992095 0.0048373
vn -0.0227745 -0.9997392 -0.0016798
vn 0.0788725 -0.6981264 0.7116169
vn -0.0227745 -0.9997392 -0.0016798
vn 0.0263285 -0.7037188 0.7099906
vn 0.0394599 -0.9992095 0.0048373
vn -0.0234990 -0.7073763 -0.7064463
vn -0.0581732 -0.7025010 -0.7093012
vn 0.0394599 -0.9992095 0.0048373
vn -0.0581732 -0.7025010 -0.7093012
vn -0.0227745 -0.9997392 -0.0016798
vn -0.0234990 -0.7073763 -0.7064463
vn -0.0723797 0.0035516 -0.9973708
vn -0.0593559 0.0035292 -0.9982307
vn -0.0234990 -0.7073763 -0.7064463
vn -0.0593559 0.0035292 -0.9982307
vn -0.0581732 -0.7025010 -0.7093012
vn -0.0723797 0.0035516 -0.9973708
vn -0.0784857 0.7091871 -0.7006381
vn -0.0262337 0.7046406 -0.7090793
vn -0.0723797 0.0035516 -0.9973708
vn -0.0262337 0.7046406 -0.7090793
vn -0.0593559 0.0035292 -0.9982307
vn -0.0784857 0.7091871 -0.7006381
vn -0.0389309 0.9992390 0.0023901
vn 0.0219757 0.9996901 -0.0116971
vn -0.0784857 0.7091871 -0.7006381
vn 0.0219757 0.9996901 -0.0116971
vn -0.0262337 0.7046406 -0.7090793
vn 0.0219757 0.9996901 -0.0116971
vn 0.0576253 0.7167464 0.6949488
vn 0.0637126 0.7145708 0.6966559
vn 0.0219757 0.9996901 -0.0116971
vn 0.0637126 0.7145708 0.6966559
vn 0.0804482 0.9966912 -0.0116043
vn 0.0576253 0.7167464 0.6949488
vn 0.0597000 0.0116906 0.9981478
vn 0.0095146 0.0119389 0.9998835
vn 0.0576253 0.7167464 0.6949488
vn 0.0095146 0.0119389 0.9998835
vn 0.0637126 0.7145708 0.6966559
vn 0.0597000 0.0116906 0.9981478
vn 0.0263285 -0.7037188 0.7099906
vn -0.0505425 -0.7005535 0.7118078
vn 0.0597000 0.0116906 0.9981478
vn -0.0505425 -0.7005535 0.7118078
vn 0.0095146 0.0119389 0.9998835
vn 0.0263285 -0.7037188 0.7099906
vn -0.0227745 -0.9997392 -0.0016798
vn -0.0805638 -0.9967495 0.0003577
vn 0.0263285 -0.7037188 0.7099906
vn -0.0805638 -0.9967495 0.0003577
vn -0.0505425 -0.7005535 0.7118078
vn -0.0227745 -0.9997392 -0.0016798
vn -0.0581732 -0.7025010 -0.7093012
vn -0.0628465 -0.7025083 -0.7088951
vn -0.0227745 -0.9997392 -0.0016798
vn -0.0628465 -0.7025083 -0.7088951
vn -0.0805638 -0.9967495 0.0003577
vn -0.0581732 -0.7025010 -0.7093012
vn -0.0593559 0.0035292 -0.9982307
vn -0.0084736 0.0011338 -0.9999635
vn -0.0581732 -0.7025010 -0.7093012
vn -0.0084736 0.0011338 -0.9999635
vn -0.0628465 -0.7025083 -0.7088951
vn -0.0593559 0.0035292 -0.9982307
vn -0.0262337 0.7046406 -0.7090793
vn 0.0505997 0.7014775 -0.7108930
vn -0.0593559 0.0035292 -0.9982307
vn 0.0505997 0.7014775 -0.7108930
vn -0.0084736 0.0011338 -0.9999635
vn -0.0262337 0.7046406 -0.7090793
vn 0.0219757 0.9996901 -0.0116971
vn 0.0804482 0.9966912 -0.0116043
vn -0.0262337 0.7046406 -0.7090793
vn 0.0804482 0.9966912 -0.0116043
vn 0.0505997 0.7014775 -0.7108930
vn 0.0804482 0.9966912 -0.0116043
vn 0.0637126 0.7145708 0.6966559
vn 0.0736314 0.7101593 0.7001799
vn 0.0804482 0.9966912 -0.0116043
vn 0.0736314 0.7101593 0.7001799
vn 0.1254478 0.9920758 -0.0069584
vn 0.0637126 0.7145708 0.6966559
vn 0.0095146 0.0119389 0.9998835
vn -0.0213839 0.0122518 0.9996963
vn 0.0637126 0.7145708 0.6966559
vn -0.0213839 0.0122518 0.9996963
vn 0.0736314 0.7101593 0.7001799
vn 0.0095146 0.0119389 0.9998835
vn -0.0505425 -0.7005535 0.7118078
vn -0.1040704 -0.6946814 0.7117494
vn 0.0095146 0.0119389 0.9998835
vn -0.1040704 -0.6946814 0.7117494
vn -0.0213839 0.0122518 0.9996963
vn -0.0505425 -0.7005535 0.7118078
vn -0.0805638 -0.9967495 0.0003577
vn -0.1253754 -0.9921045 0.0030994
vn -0.0505425 -0.7005535 0.7118078
vn -0.1253754 -0.9921045 0.0030994
vn -0.1040704 -0.6946814 0.7117494
vn -0.0805638 -0.9967495 0.0003577
vn -0.0628465 -0.7025083 -0.7088951
vn -0.0726903 -0.7038908 -0.7065790
vn -0.0805638 -0.9967495 0.0003577
vn -0.0726903 -0.7038908 -0.7065790
vn -0.1253754 -0.9921045 0.0030994
vn -0.0628465 -0.7025083 -0.7088951
vn -0.0084736 0.0011338 -0.9999635
vn 0.0224916 -0.0034441 -0.9997411
vn -0.0628465 -0.7025083 -0.7088951
vn 0.0224916 -0.0034441 -0.9997411
vn -0.0726903 -0.7038908 -0.7065790
vn -0.0084736 0.0011338 -0.9999635
vn 0.0505997 0.7014775 -0.7108930
vn 0.1043094 0.6971925 -0.7092546
vn -0.0084736 0.0011338 -0.9999635
vn 0.1043094 0.6971925 -0.7092546
vn 0.0224916 -0.0034441 -0.9997411
vn 0.0505997 0.7014775 -0.7108930
vn 0.0804482 0.9966912 -0.0116043
vn 0.1254478 0.9920758 -0.0069584
vn 0.0505997 0.7014775 -0.7108930
vn 0.1254478 0.9920758 -0.0069584
vn 0.1043094 0.6971925 -0.7092546
vn 0.1254478 0.9920758 -0.0069584
vn 0.0736314 0.7101593 0.7001799
vn 0.0981827 0.7020109 0.7053658
vn 0.1254478 0.9920758 -0.0069584
vn 0.0981827 0.7020109 0.7053658
vn 0.1501169 0.9886682 0.0000854
vn 0.0736314 0.7101593 0.7001799
vn -0.0213839 0.0122518 0.9996963
vn -0.0107402 0.0077658 0.9999122
vn 0.0736314 0.7101593 0.7001799
vn -0.0107402 0.0077658 0.9999122
vn 0.0981827 0.7020109 0.7053658
vn -0.0213839 0.0122518 0.9996963
vn -0.1040704 -0.6946814 0.7117494
vn -0.1135134 -0.6915743 0.7133300
vn -0.0213839 0.0122518 0.9996963
vn -0.1135134 -0.6915743 0.7133300
vn -0.0107402 0.0077658 0.9999122
vn -0.1040704 -0.6946814 0.7117494
vn -0.1253754 -0.9921045 0.0030994
vn -0.1502217 -0.9886100 0.0091473
vn -0.1040704 -0.6946814 0.7117494
vn -0.1502217 -0.9886100 0.0091473
vn -0.1135134 -0.6915743 0.7133300
vn -0.1253754 -0.9921045 0.0030994
vn -0.0726903 -0.7038908 -0.7065790
vn -0.0986543 -0.7049146 -0.7023979
vn -0.1253754 -0.9921045 0.0030994
vn -0.0986543 -0.7049146 -0.7023979
vn -0.1502217 -0.9886100 0.0091473
vn -0.0726903 -0.7038908 -0.7065790
vn 0.0224916 -0.0034441 -0.9997411
vn 0.0112515 -0.0044998 -0.9999266
vn -0.0726903 -0.7038908 -0.7065790
vn 0.0112515 -0.0044998 -0.9999266
vn -0.0986543 -0.7049146 -0.7023979
vn 0.0224916 -0.0034441 -0.9997411
vn 0.1043094 0.6971925 -0.7092546
vn 0.1143952 0.6978292 -0.7070701
vn 0.0224916 -0.0034441 -0.9997411
vn 0.1143952 0.6978292 -0.7070701
vn 0.0112515 -0.0044998 -0.9999266
vn 0.1043094 0.6971925 -0.7092546
vn 0.1254478 0.9920758 -0.0069584
vn 0.1501169 0.9886682 0.0000854
vn 0.1043094 0.6971925 -0.7092546
vn 0.1501169 0.9886682 0.0000854
vn 0.1143952 0.6978292 -0.7070701
vn 0.1501169 0.9886682 0.0000854
vn 0.0981827 0.7020109 0.7053658
vn 0.1332714 0.6938334 0.7076961
vn 0.1501169 0.9886682 0.0000854
vn 0.1332714 0.6938334 0.7076961
vn 0.1517183 0.9884195 0.0029067
vn 0.0981827 0.7020109 0.7053658
vn -0.0107402 0.0077658 0.9999122
vn 0.0375305 -0.0024883 0.9992924
vn 0.0981827 0.7020109 0.7053658
vn 0.0375305 -0.0024883 0.9992924
vn 0.1332714 0.6938334 0.7076961
vn -0.0107402 0.0077658 0.9999122
vn -0.1135134 -0.6915743 0.7133300
vn -0.0798526 -0.6969085 0.7127005
vn -0.0107402 0.0077658 0.9999122
vn -0.0798526 -0.6969085 0.7127005
vn 0.0375305 -0.0024883 0.9992924
vn -0.1135134 -0.6915743 0.7133300
vn -0.1502217 -0.9886100 0.0091473
vn -0.1511593 -0.9884390 0.0118005
vn -0.1135134 -0.6915743 0.7133300
vn -0.1511593 -0.9884390 0.0118005
vn -0.0798526 -0.6969085 0.7127005
vn -0.1502217 -0.9886100 0.0091473
vn -0.0986543 -0.7049146 -0.7023979
vn -0.1342641 -0.7024540 -0.6989503
vn -0.1502217 -0.9886100 0.0091473
vn -0.1342641 -0.7024540 -0.6989503
vn -0.1511593 -0.9884390 0.0118005
vn -0.0986543 -0.7049146 -0.7023979
vn 0.0112515 -0.0044998 -0.9999266
vn -0.0379428 -0.0001619 -0.9992799
vn -0.0986543 -0.7049146 -0.7023979
vn -0.0379428 -0.0001619 -0.9992799
vn -0.1342641 -0.7024540 -0.6989503
vn 0.0112515 -0.0044998 -0.9999266
vn 0.1143952 0.6978292 -0.7070701
vn 0.0809913 0.7028512 -0.7067111
vn 0.0112515 -0.0044998 -0.9999266
vn 0.0809913 0.7028512 -0.7067111
vn -0.0379428 -0.0001619 -0.9992799
vn 0.1143952 0.6978292 -0.7070701
vn 0.1501169 0.9886682 0.0000854
vn 0.1517183 0.9884195 0.0029067
vn 0.1143952 0.6978292 -0.7070701
vn 0.1517183 0.9884195 0.0029067
vn 0.0809913 0.7028512 -0.7067111
vn 0.1517183 0.9884195 0.0029067
vn 0.1332714 0.6938334 0.7076961
vn 0.1364107 0.6960192 0.7049463
vn 0.1517183 0.9884195 0.0029067
vn 0.1364107 0.6960192 0.7049463
vn 0.1292910 0.9915977 -0.0042375
vn 0.1332714 0.6938334 0.7076961
vn 0.0375305 -0.0024883 0.9992924
vn 0.0631778 -0.0090351 0.9979613
vn 0.1332714 0.6938334 0.7076961
vn 0.0631778 -0.0090351 0.9979613
vn 0.1364107 0.6960192 0.7049463
vn 0.0375305 -0.0024883 0.9992924
vn -0.0798526 -0.6969085 0.7127005
vn -0.0468968 -0.7071409 0.7055157
vn 0.0375305 -0.0024883 0.9992924
vn -0.0468968 -0.7071409 0.7055157
vn 0.0631778 -0.0090351 0.9979613
vn -0.0798526 -0.6969085 0.7127005
vn -0.1511593 -0.9884390 0.0118005
vn -0.1294046 -0.9915892 0.0023210
vn -0.0798526 -0.6969085 0.7127005
vn -0.1294046 -0.9915892 0.0023210
vn -0.0468968 -0.7071409 0.7055157
vn -0.1511593 -0.9884390 0.0118005
vn -0.1342641 -0.7024540 -0.6989503
vn -0.1366040 -0.6991462 -0.7018076
vn -0.1511593 -0.9884390 0.0118005
vn -0.1366040 -0.6991462 -0.7018076
vn -0.1294046 -0.9915892 0.0023210
vn -0.1342641 -0.7024540 -0.6989503
vn -0.0379428 -0.0001619 -0.9992799
vn -0.0642427 0.0009185 -0.9979339
vn -0.1342641 -0.7024540 -0.6989503
vn -0.0642427 0.0009185 -0.9979339
vn -0.1366040 -0.6991462 -0.7018076
vn -0.0379428 -0.0001619 -0.9992799
vn 0.0809913 0.7028512 -0.7067111
vn 0.0459088 0.7021434 -0.7105541
vn -0.0379428 -0.0001619 -0.9992799
vn 0.0459088 0.7021434 -0.7105541
vn -0.0642427 0.0009185 -0.9979339
vn 0.0809913 0.7028512 -0.7067111
vn 0.1517183 0.9884195 0.0029067
vn 0.1292910 0.9915977 -0.0042375
vn 0.0809913 0.7028512 -0.7067111
vn 0.1292910 0.9915977 -0.0042375
vn 0.0459088 0.7021434 -0.7105541
vn 0.1292910 0.9915977 -0.0042375
vn 0.1364107 0.6960192 0.7049463
vn 0.0893562 0.7025781 0.7059742
vn 0.1292910 0.9915977 -0.0042375
vn 0.0893562 0.7025781 0.7059742
vn 0.0867240 0.9962091 -0.0068075
vn 0.1364107 0.6960192 0.7049463
vn 0.0631778 -0.0090351 0.9979613
vn 0.0389365 -0.0078883 0.9992105
vn 0.1364107 0.6960192 0.7049463
vn 0.0389365 -0.0078883 0.9992105
vn 0.0893562 0.7025781 0.7059742
vn 0.0631778 -0.0090351 0.9979613
vn -0.0468968 -0.7071409 0.7055157
vn -0.0342533 -0.7111005 0.7022556
vn 0.0631778 -0.0090351 0.9979613
vn -0.0342533 -0.7111005 0.7022556
vn 0.0389365 -0.0078883 0.9992105
vn -0.0468968 -0.7071409 0.7055157
vn -0.1294046 -0.9915892 0.0023210
vn -0.0870983 -0.9961947 -0.0031365
vn -0.0468968 -0.7071409 0.7055157
vn -0.0870983 -0.9961947 -0.0031365
vn -0.0342533 -0.7111005 0.7022556
vn -0.1294046 -0.9915892 0.0023210
vn -0.1366040 -0.6991462 -0.7018076
vn -0.0893655 -0.7038956 -0.7046594
vn -0.1294046 -0.9915892 0.0023210
vn -0.0893655 -0.7038956 -0.7046594
vn -0.0870983 -0.9961947 -0.0031365
vn -0.1366040 -0.6991462 -0.7018076
vn -0.0642427 0.0009185 -0.9979339
vn -0.0399859 -0.0046543 -0.9991894
vn -0.1366040 -0.6991462 -0.7018076
vn -0.0399859 -0.0046543 -0.9991894
vn -0.0893655 -0.7038956 -0.7046594
vn -0.0642427 0.0009185 -0.9979339
vn 0.0459088 0.7021434 -0.7105541
vn 0.0328376 0.6998816 -0.7135036
vn -0.0642427 0.0009185 -0.9979339
vn 0.0328376 0.6998816 -0.7135036
vn -0.0399859 -0.0046543 -0.9991894
vn 0.0459088 0.7021434 -0.7105541
vn 0.1292910 0.9915977 -0.0042375
vn 0.0867240 0.9962091 -0.0068075
vn 0.0459088 0.7021434 -0.7105541
vn 0.0867240 0.9962091 -0.0068075
vn 0.0328376 0.6998816 -0.7135036
vn 0.0867240 0.9962091 -0.0068075
vn 0.0893562 0.7025781 0.7059742
vn 0.0021896 0.7114597 0.7027234
vn 0.0867240 0.9962091 -0.0068075
vn 0.0021896 0.7114597 0.7027234
vn 0.0307089 0.9994233 -0.0144975
vn 0.0893562 0.7025781 0.7059742
vn 0.0389365 -0.0078883 0.9992105
vn -0.0277007 -0.0040862 0.9996079
vn 0.0893562 0.7025781 0.7059742
vn -0.0277007 -0.0040862 0.9996079
vn 0.0021896 0.7114597 0.7027234
vn 0.0389365 -0.0078883 0.9992105
vn -0.0342533 -0.7111005 0.7022556
vn -0.0409320 -0.7136960 0.6992586
vn 0.0389365 -0.0078883 0.9992105
vn -0.0409320 -0.7136960 0.6992586
vn -0.0277007 -0.0040862 0.9996079
vn -0.0342533 -0.7111005 0.7022556
vn -0.0870983 -0.9961947 -0.0031365
vn -0.0300806 -0.9995140 -0.0081882
vn -0.0342533 -0.7111005 0.7022556
vn -0.0300806 -0.9995140 -0.0081882
vn -0.0409320 -0.7136960 0.6992586
vn -0.0870983 -0.9961947 -0.0031365
vn -0.0893655 -0.7038956 -0.7046594
vn -0.0019632 -0.7076139 -0.7065966
vn -0.0870983 -0.9961947 -0.0031365
vn -0.0019632 -0.7076139 -0.7065966
vn -0.0300806 -0.9995140 -0.0081882
vn -0.0893655 -0.7038956 -0.7046594
vn -0.0399859 -0.0046543 -0.9991894
vn 0.0272453 -0.0108907 -0.9995694
vn -0.0893655 -0.7038956 -0.7046594
vn 0.0272453 -0.0108907 -0.9995694
vn -0.0019632 -0.7076139 -0.7065966
vn -0.0399859 -0.0046543 -0.9991894
vn 0.0328376 0.6998816 -0.7135036
vn 0.0408781 0.6948052 -0.7180353
vn -0.0399859 -0.0046543 -0.9991894
vn 0.0408781 0.6948052 -0.7180353
vn 0.0272453 -0.0108907 -0.9995694
vn 0.0328376 0.6998816 -0.7135036
vn 0.0867240 0.9962091 -0.0068075
vn 0.0307089 0.9994233 -0.0144975
vn 0.0328376 0.6998816 -0.7135036
vn 0.0307089 0.9994233 -0.0144975
vn 0.0408781 0.6948052 -0.7180353
vn 0.0307089 0.9994233 -0.0144975
vn 0.0021896 0.7114597 0.7027234
vn -0.0870797 0.7087673 0.7000471
vn 0.0307089 0.9994233 -0.0144975
vn -0.0870797 0.7087673 0.7000471
vn -0.0303641 0.9994604 -0.0125330
vn 0.0021896 0.7114597 0.7027234
vn -0.0277007 -0.0040862 0.9996079
vn -0.0919601 -0.0024254 0.9957598
vn 0.0021896 0.7114597 0.7027234
vn -0.0919601 -0.0024254 0.9957598
vn -0.0870797 0.7087673 0.7000471
vn -0.0277007 -0.0040862 0.9996079
vn -0.0409320 -0.7136960 0.6992586
vn -0.0426909 -0.7089652 0.7039503
vn -0.0277007 -0.0040862 0.9996079
vn -0.0426909 -0.7089652 0.7039503
vn -0.0919601 -0.0024254 0.9957598
vn -0.0409320 -0.7136960 0.6992586
vn -0.0300806 -0.9995140 -0.0081882
vn 0.0311763 -0.9995071 0.0036658
vn -0.0409320 -0.7136960 0.6992586
vn 0.0311763 -0.9995071 0.0036658
vn -0.0426909 -0.7089652 0.7039503
vn -0.0300806 -0.9995140 -0.0081882
vn -0.0019632 -0.7076139 -0.7065966
vn 0.0868450 -0.7117503 -0.6970434
vn -0.0300806 -0.9995140 -0.0081882
vn 0.0868450 -0.7117503 -0.6970434
vn 0.0311763 -0.9995071 0.0036658
vn -0.0019632 -0.7076139 -0.7065966
vn 0.0272453 -0.0108907 -0.9995694
vn 0.0923994 -0.0124540 -0.9956442
vn -0.0019632 -0.7076139 -0.7065966
vn 0.0923994 -0.0124540 -0.9956442
vn 0.0868450 -0.7117503 -0.6970434
vn 0.0272453 -0.0108907 -0.9995694
vn 0.0408781 0.6948052 -0.7180353
vn 0.0441749 0.6970156 -0.7156940
vn 0.0272453 -0.0108907 -0.9995694
vn 0.0441749 0.6970156 -0.7156940
vn 0.0923994 -0.0124540 -0.9956442
vn 0.0408781 0.6948052 -0.7180353
vn 0.0307089 0.9994233 -0.0144975
vn -0.0303641 0.9994604 -0.0125330
vn 0.0408781 0.6948052 -0.7180353
vn -0.0303641 0.9994604 -0.0125330
vn 0.0441749 0.6970156 -0.7156940
vn -0.0303641 0.9994604 -0.0125330
vn -0.0870797 0.7087673 0.7000471
vn -0.1152899 0.7015996 0.7031829
vn -0.0303641 0.9994604 -0.0125330
vn -0.1152899 0.7015996 0.7031829
vn -0.0878468 0.9961244 -0.0043820
vn -0.0870797 0.7087673 0.7000471
vn -0.0919601 -0.0024254 0.9957598
vn -0.0754404 0.0003174 0.9971503
vn -0.0870797 0.7087673 0.7000471
vn -0.0754404 0.0003174 0.9971503
vn -0.1152899 0.7015996 0.7031829
vn -0.0919601 -0.0024254 0.9957598
vn -0.0426909 -0.7089652 0.7039503
vn 0.0077729 -0.6988768 0.7151999
vn -0.0919601 -0.0024254 0.9957598
vn 0.0077729 -0.6988768 0.7151999
vn -0.0754404 0.0003174 0.9971503
vn -0.0426909 -0.7089652 0.7039503
vn 0.0311763 -0.9995071 0.0036658
vn 0.0865562 -0.9960225 0.0211455
vn -0.0426909 -0.7089652 0.7039503
vn 0.0865562 -0.9960225 0.0211455
vn 0.0077729 -0.6988768 0.7151999
vn 0.0311763 -0.9995071 0.0036658
vn 0.0868450 -0.7117503 -0.6970434
vn 0.1154331 -0.7162093 -0.6882727
vn 0.0311763 -0.9995071 0.0036658
vn 0.1154331 -0.7162093 -0.6882727
vn 0.0865562 -0.9960225 0.0211455
vn 0.0868450 -0.7117503 -0.6970434
vn 0.0923994 -0.0124540 -0.9956442
vn 0.0765445 -0.0129945 -0.9969815
vn 0.0868450 -0.7117503 -0.6970434
vn 0.0765445 -0.0129945 -0.9969815
vn 0.1154331 -0.7162093 -0.6882727
vn 0.0923994 -0.0124540 -0.9956442
vn 0.0441749 0.6970156 -0.7156940
vn -0.0081041 0.7009304 -0.7131837
vn 0.0923994 -0.0124540 -0.9956442
vn -0.0081041 0.7009304 -0.7131837
vn 0.0765445 -0.0129945 -0.9969815
vn 0.0441749 0.6970156 -0.7156940
vn -0.0303641 0.9994604 -0.0125330
vn -0.0878468 0.9961244 -0.0043820
vn 0.0441749 0.6970156 -0.7156940
vn -0.0878468 0.9961244 -0.0043820
vn -0.0081041 0.7009304 -0.7131837
vn -0.0878468 0.9961244 -0.0043820
vn -0.1152899 0.7015996 0.7031829
vn -0.1112045 0.7049140 0.7005212
vn -0.0878468 0.9961244 -0.0043820
vn -0.1112045 0.7049140 0.7005212
vn -0.1300033 0.9914534 -0.0109227
vn -0.1152899 0.7015996 0.7031829
vn -0.0754404 0.0003174 0.9971503
vn -0.0273763 0.0065944 0.9996035
vn -0.1152899 0.7015996 0.7031829
vn -0.0273763 0.0065944 0.9996035
vn -0.1112045 0.7049140 0.7005212
vn -0.0754404 0.0003174 0.9971503
vn 0.0077729 -0.6988768 0.7151999
vn 0.0721655 -0.6938261 0.7165176
vn -0.0754404 0.0003174 0.9971503
vn 0.0721655 -0.6938261 0.7165176
vn -0.0273763 0.0065944 0.9996035
vn 0.0077729 -0.6988768 0.7151999
vn 0.0865562 -0.9960225 0.0211455
vn 0.1298008 -0.9913834 0.0176238
vn 0.0077729 -0.6988768 0.7151999
vn 0.1298008 -0.9913834 0.0176238
vn 0.0721655 -0.6938261 0.7165176
vn 0.0865562 -0.9960225 0.0211455
vn 0.1154331 -0.7162093 -0.6882727
vn 0.1119590 -0.7122210 -0.6929693
vn 0.0865562 -0.9960225 0.0211455
vn 0.1119590 -0.7122210 -0.6929693
vn 0.1298008 -0.9913834 0.0176238
vn 0.1154331 -0.7162093 -0.6882727
vn 0.0765445 -0.0129945 -0.9969815
vn 0.0284194 -0.0147231 -0.9994876
vn 0.1154331 -0.7162093 -0.6882727
vn 0.0284194 -0.0147231 -0.9994876
vn 0.1119590 -0.7122210 -0.6929693
vn 0.0765445 -0.0129945 -0.9969815
vn -0.0081041 0.7009304 -0.7131837
vn -0.0720788 0.6930735 -0.7172543
vn 0.0765445 -0.0129945 -0.9969815
vn -0.0720788 0.6930735 -0.7172543
vn 0.0284194 -0.0147231 -0.9994876
vn -0.0081041 0.7009304 -0.7131837
vn -0.0878468 0.9961244 -0.0043820
vn -0.1300033 0.9914534 -0.0109227
vn -0.0081041 0.7009304 -0.7131837
vn -0.1300033 0.9914534 -0.0109227
vn -0.0720788 0.6930735 -0.7172543
vn -0.1300033 0.9914534 -0.0109227
vn -0.1112045 0.7049140 0.7005212
vn -0.1075251 0.7066521 0.6993434
vn -0.1300033 0.9914534 -0.0109227
vn -0.1075251 0.7066521 0.6993434
vn -0.1518379 0.9883460 -0.0108349
vn -0.1112045 0.7049140 0.7005212
vn -0.0273763 0.0065944 0.9996035
vn -0.0005242 0.0129264 0.9999163
vn -0.1112045 0.7049140 0.7005212
vn -0.0005242 0.0129264 0.9999163
vn -0.1075251 0.7066521 0.6993434
vn -0.0273763 0.0065944 0.9996035
vn 0.0721655 -0.6938261 0.7165176
vn 0.1066987 -0.6877963 0.7180192
vn -0.0273763 0.0065944 0.9996035
vn 0.1066987 -0.6877963 0.7180192
vn -0.0005242 0.0129264 0.9999163
vn 0.0721655 -0.6938261 0.7165176
vn 0.1298008 -0.9913834 0.0176238
vn 0.1518295 -0.9882524 0.0174679
vn 0.0721655 -0.6938261 0.7165176
vn 0.1518295 -0.9882524 0.0174679
vn 0.1066987 -0.6877963 0.7180192
vn 0.1298008 -0.9913834 0.0176238
vn 0.1119590 -0.7122210 -0.6929693
vn 0.1082257 -0.7111413 -0.6946692
vn 0.1298008 -0.9913834 0.0176238
vn 0.1082257 -0.7111413 -0.6946692
vn 0.1518295 -0.9882524 0.0174679
vn 0.1119590 -0.7122210 -0.6929693
vn 0.0284194 -0.0147231 -0.9994876
vn 0.0009173 -0.0154802 -0.9998798
vn 0.1119590 -0.7122210 -0.6929693
vn 0.0009173 -0.0154802 -0.9998798
vn 0.1082257 -0.7111413 -0.6946692
vn 0.0284194 -0.0147231 -0.9994876
vn -0.0720788 0.6930735 -0.7172543
vn -0.1070146 0.6898263 -0.7160221
vn 0.0284194 -0.0147231 -0.9994876
vn -0.1070146 0.6898263 -0.7160221
vn 0.0009173 -0.0154802 -0.9998798
vn -0.0720788 0.6930735 -0.7172543
vn -0.1300033 0.9914534 -0.0109227
vn -0.1518379 0.9883460 -0.0108349
vn -0.0720788 0.6930735 -0.7172543
vn -0.1518379 0.9883460 -0.0108349
vn -0.1070146 0.6898263 -0.7160221
vn -0.1518379 0.9883460 -0.0108349
vn -0.1075251 0.7066521 0.6993434
vn -0.0852880 0.7110749 0.6979245
vn -0.1518379 0.9883460 -0.0108349
vn -0.0852880 0.7110749 0.6979245
vn -0.1501264 0.9886156 -0.0100651
vn -0.1075251 0.7066521 0.6993434
vn -0.0005242 0.0129264 0.9999163
vn 0.0290929 0.0202689 0.9993712
vn -0.1075251 0.7066521 0.6993434
vn 0.0290929 0.0202689 0.9993712
vn -0.0852880 0.7110749 0.6979245
vn -0.0005242 0.0129264 0.9999163
vn 0.1066987 -0.6877963 0.7180192
vn 0.1266419 -0.6829232 0.7194288
vn -0.0005242 0.0129264 0.9999163
vn 0.1266419 -0.6829232 0.7194288
vn 0.0290929 0.0202689 0.9993712
vn 0.1066987 -0.6877963 0.7180192
vn 0.1518295 -0.9882524 0.0174679
vn 0.1503720 -0.9884619 0.0182054
vn 0.1066987 -0.6877963 0.7180192
vn 0.1503720 -0.9884619 0.0182054
vn 0.1266419 -0.6829232 0.7194288
vn 0.1518295 -0.9882524 0.0174679
vn 0.1082257 -0.7111413 -0.6946692
vn 0.0857198 -0.7133946 -0.6954999
vn 0.1518295 -0.9882524 0.0174679
vn 0.0857198 -0.7133946 -0.6954999
vn 0.1503720 -0.9884619 0.0182054
vn 0.1082257 -0.7111413 -0.6946692
vn 0.0009173 -0.0154802 -0.9998798
vn -0.0295937 -0.0169319 -0.9994186
vn 0.1082257 -0.7111413 -0.6946692
vn -0.0295937 -0.0169319 -0.9994186
vn 0.0857198 -0.7133946 -0.6954999
vn 0.0009173 -0.0154802 -0.9998798
vn -0.1070146 0.6898263 -0.7160221
vn -0.1273265 0.6887209 -0.7137586
vn 0.0009173 -0.0154802 -0.9998798
vn -0.1273265 0.6887209 -0.7137586
vn -0.0295937 -0.0169319 -0.9994186
vn -0.1070146 0.6898263 -0.7160221
vn -0.1518379 0.9883460 -0.0108349
vn -0.1501264 0.9886156 -0.0100651
vn -0.1070146 0.6898263 -0.7160221
vn -0.1501264 0.9886156 -0.0100651
vn -0.1273265 0.6887209 -0.7137586
vn -0.1501264 0.9886156 -0.0100651
vn -0.0852880 0.7110749 0.6979245
vn -0.0717849 0.7189133 0.6913831
vn -0.1501264 0.9886156 -0.0100651
vn -0.0717849 0.7189133 0.6913831
vn -0.1249953 0.9919581 -0.0198825
vn -0.0852880 0.7110749 0.6979245
vn 0.0290929 0.0202689 0.9993712
vn 0.0238188 0.0224552 0.9994641
vn -0.0852880 0.7110749 0.6979245
vn 0.0238188 0.0224552 0.9994641
vn -0.0717849 0.7189133 0.6913831
vn 0.0290929 0.0202689 0.9993712
vn 0.1266419 -0.6829232 0.7194288
vn 0.1056009 -0.6892606 0.7167764
vn 0.0290929 0.0202689 0.9993712
vn 0.1056009 -0.6892606 0.7167764
vn 0.0238188 0.0224552 0.9994641
vn 0.1266419 -0.6829232 0.7194288
vn 0.1503720 -0.9884619 0.0182054
vn 0.1247503 -0.9921446 0.0093030
vn 0.1266419 -0.6829232 0.7194288
vn 0.1247503 -0.9921446 0.0093030
vn 0.1056009 -0.6892606 0.7167764
vn 0.1503720 -0.9884619 0.0182054
vn 0.0857198 -0.7133946 -0.6954999
vn 0.0703152 -0.7093236 -0.7013671
vn 0.1503720 -0.9884619 0.0182054
vn 0.0703152 -0.7093236 -0.7013671
vn 0.1247503 -0.9921446 0.0093030
vn 0.0857198 -0.7133946 -0.6954999
vn -0.0295937 -0.0169319 -0.9994186
vn -0.0249546 -0.0134087 -0.9995986
vn 0.0857198 -0.7133946 -0.6954999
vn -0.0249546 -0.0134087 -0.9995986
vn 0.0703152 -0.7093236 -0.7013671
vn -0.0295937 -0.0169319 -0.9994186
vn -0.1273265 0.6887209 -0.7137586
vn -0.1055083 0.6885143 -0.7175069
vn -0.0295937 -0.0169319 -0.9994186
vn -0.1055083 0.6885143 -0.7175069
vn -0.0249546 -0.0134087 -0.9995986
vn -0.1273265 0.6887209 -0.7137586
vn -0.1501264 0.9886156 -0.0100651
vn -0.1249953 0.9919581 -0.0198825
vn -0.1273265 0.6887209 -0.7137586
vn -0.1249953 0.9919581 -0.0198825
vn -0.1055083 0.6885143 -0.7175069
vn -0.1249953 0.9919581 -0.0198825
vn -0.0717849 0.7189133 0.6913831
vn -0.0676545 0.7195868 0.6910988
vn -0.1249953 0.9919581 -0.0198825
vn -0.0676545 0.7195868 0.6910988
vn -0.0791088 0.9966881 -0.0188304
vn -0.0717849 0.7189133 0.6913831
vn 0.0238188 0.0224552 0.9994641
vn -0.0165423 0.0198746 0.9996656
vn -0.0717849 0.7189133 0.6913831
vn -0.0165423 0.0198746 0.9996656
vn -0.0676545 0.7195868 0.6910988
vn 0.0238188 0.0224552 0.9994641
vn 0.1056009 -0.6892606 0.7167764
vn 0.0445741 -0.6944882 0.7181221
vn 0.0238188 0.0224552 0.9994641
vn 0.0445741 -0.6944882 0.7181221
vn -0.0165423 0.0198746 0.9996656
vn 0.1056009 -0.6892606 0.7167764
vn 0.1247503 -0.9921446 0.0093030
vn 0.0792682 -0.9968069 0.0096229
vn 0.1056009 -0.6892606 0.7167764
vn 0.0792682 -0.9968069 0.0096229
vn 0.0445741 -0.6944882 0.7181221
vn 0.1247503 -0.9921446 0.0093030
vn 0.0703152 -0.7093236 -0.7013671
vn 0.0669593 -0.7085423 -0.7024843
vn 0.1247503 -0.9921446 0.0093030
vn 0.0669593 -0.7085423 -0.7024843
vn 0.0792682 -0.9968069 0.0096229
vn 0.0703152 -0.7093236 -0.7013671
vn -0.0249546 -0.0134087 -0.9995986
vn 0.0154884 -0.0066735 -0.9998578
vn 0.0703152 -0.7093236 -0.7013671
vn 0.0154884 -0.0066735 -0.9998578
vn 0.0669593 -0.7085423 -0.7024843
vn -0.0249546 -0.0134087 -0.9995986
vn -0.1055083 0.6885143 -0.7175069
vn -0.0447735 0.6965271 -0.7161322
vn -0.0249546 -0.0134087 -0.9995986
vn -0.0447735 0.6965271 -0.7161322
vn 0.0154884 -0.0066735 -0.9998578
vn -0.1055083 0.6885143 -0.7175069
vn -0.1249953 0.9919581 -0.0198825
vn -0.0791088 0.9966881 -0.0188304
vn -0.1055083 0.6885143 -0.7175069
vn -0.0791088 0.9966881 -0.0188304
vn -0.0447735 0.6965271 -0.7161322
vn -0.0791088 0.9966881 -0.0188304
vn -0.0676545 0.7195868 0.6910988
vn -0.0327731 0.7181588 0.6951071
vn -0.0791088 0.9966881 -0.0188304
vn -0.0327731 0.7181588 0.6951071
vn -0.0209975 0.9997230 -0.0106302
vn -0.0676545 0.7195868 0.6910988
vn -0.0165423 0.0198746 0.9996656
vn -0.0255889 0.0198185 0.9994761
vn -0.0676545 0.7195868 0.6910988
vn -0.0255889 0.0198185 0.9994761
vn -0.0327731 0.7181588 0.6951071
vn -0.0165423 0.0198746 0.9996656
vn 0.0445741 -0.6944882 0.7181221
vn -0.0034139 -0.6931150 0.7208189
vn -0.0165423 0.0198746 0.9996656
vn -0.0034139 -0.6931150 0.7208189
vn -0.0255889 0.0198185 0.9994761
vn 0.0445741 -0.6944882 0.7181221
vn 0.0792682 -0.9968069 0.0096229
vn 0.0208827 -0.9996661 0.0152209
vn 0.0445741 -0.6944882 0.7181221
vn 0.0208827 -0.9996661 0.0152209
vn -0.0034139 -0.6931150 0.7208189
vn 0.0792682 -0.9968069 0.0096229
vn 0.0669593 -0.7085423 -0.7024843
vn 0.0328122 -0.7129374 -0.7004596
vn 0.0792682 -0.9968069 0.0096229
vn 0.0328122 -0.7129374 -0.7004596
vn 0.0208827 -0.9996661 0.0152209
vn 0.0669593 -0.7085423 -0.7024843
vn 0.0154884 -0.0066735 -0.9998578
vn 0.0252698 -0.0046649 -0.9996698
vn 0.0669593 -0.7085423 -0.7024843
vn 0.0252698 -0.0046649 -0.9996698
vn 0.0328122 -0.7129374 -0.7004596
vn 0.0154884 -0.0066735 -0.9998578
vn -0.0447735 0.6965271 -0.7161322
vn 0.0029416 0.7031177 -0.7110674
vn 0.0154884 -0.0066735 -0.9998578
vn 0.0029416 0.7031177 -0.7110674
vn 0.0252698 -0.0046649 -0.9996698
vn -0.0447735 0.6965271 -0.7161322
vn -0.0791088 0.9966881 -0.0188304
vn -0.0209975 0.9997230 -0.0106302
vn -0.0447735 0.6965271 -0.7161322
vn -0.0209975 0.9997230 -0.0106302
vn 0.0029416 0.7031177 -0.7110674
vn -0.0209975 0.9997230 -0.0106302
vn -0.0327731 0.7181588 0.6951071
vn 0.0279862 0.7172166 0.6962882
vn -0.0209975 0.9997230 -0.0106302
vn 0.0279862 0.7172166 0.6962882
vn 0.0404029 0.9991428 -0.0090052
vn -0.0327731 0.7181588 0.6951071
vn -0.0255889 0.0198185 0.9994761
vn -0.0006418 0.0199251 0.9998013
vn -0.0327731 0.7181588 0.6951071
vn -0.0006418 0.0199251 0.9998013
vn 0.0279862 0.7172166 0.6962882
vn -0.0255889 0.0198185 0.9994761
vn -0.0034139 -0.6931150 0.7208189
vn -0.0290182 -0.6919153 0.7213954
vn -0.0255889 0.0198185 0.9994761
vn -0.0290182 -0.6919153 0.7213954
vn -0.0006418 0.0199251 0.9998013
vn -0.0034139 -0.6931150 0.7208189
vn 0.0208827 -0.9996661 0.0152209
vn -0.0404169 -0.9990497 0.0163155
vn -0.0034139 -0.6931150 0.7208189
vn -0.0404169 -0.9990497 0.0163155
vn -0.0290182 -0.6919153 0.7213954
vn 0.0208827 -0.9996661 0.0152209
vn 0.0328122 -0.7129374 -0.7004596
vn -0.0278361 -0.7135513 -0.7000498
vn 0.0208827 -0.9996661 0.0152209
vn -0.0278361 -0.7135513 -0.7000498
vn -0.0404169 -0.9990497 0.0163155
vn 0.0328122 -0.7129374 -0.7004596
vn 0.0252698 -0.0046649 -0.9996698
vn 0.0012367 -0.0052028 -0.9999858
vn 0.0328122 -0.7129374 -0.7004596
vn 0.0012367 -0.0052028 -0.9999858
vn -0.0278361 -0.7135513 -0.7000498
vn 0.0252698 -0.0046649 -0.9996698
vn 0.0029416 0.7031177 -0.7110674
vn 0.0294501 0.7030727 -0.7105078
vn 0.0252698 -0.0046649 -0.9996698
vn 0.0294501 0.7030727 -0.7105078
vn 0.0012367 -0.0052028 -0.9999858
vn 0.0029416 0.7031177 -0.7110674
vn -0.0209975 0.9997230 -0.0106302
vn 0.0404029 0.9991428 -0.0090052
vn 0.0029416 0.7031177 -0.7110674
vn 0.0404029 0.9991428 -0.0090052
vn 0.0294501 0.7030727 -0.7105078
vn 0.0404029 0.9991428 -0.0090052
vn 0.0279862 0.7172166 0.6962882
vn 0.0852541 0.7133603 0.6955923
vn 0.0404029 0.9991428 -0.0090052
vn 0.0852541 0.7133603 0.6955923
vn 0.0950731 0.9954100 -0.0109514
vn 0.0279862 0.7172166 0.6962882
vn -0.0006418 0.0199251 0.9998013
vn 0.0259738 0.0171503 0.9995155
vn 0.0279862 0.7172166 0.6962882
vn 0.0259738 0.0171503 0.9995155
vn 0.0852541 0.7133603 0.6955923
vn -0.0006418 0.0199251 0.9998013
vn -0.0290182 -0.6919153 0.7213954
vn -0.0486779 -0.6914269 0.7208046
vn -0.0006418 0.0199251 0.9998013
vn -0.0486779 -0.6914269 0.7208046
vn 0.0259738 0.0171503 0.9995155
vn -0.0290182 -0.6919153 0.7213954
vn -0.0404169 -0.9990497 0.0163155
vn -0.0949445 -0.9953462 0.0164760
vn -0.0290182 -0.6919153 0.7213954
vn -0.0949445 -0.9953462 0.0164760
vn -0.0486779 -0.6914269 0.7208046
vn -0.0404169 -0.9990497 0.0163155
vn -0.0278361 -0.7135513 -0.7000498
vn -0.0850474 -0.7102076 -0.6988363
vn -0.0404169 -0.9990497 0.0163155
vn -0.0850474 -0.7102076 -0.6988363
vn -0.0949445 -0.9953462 0.0164760
vn -0.0278361 -0.7135513 -0.7000498
vn 0.0012367 -0.0052028 -0.9999858
vn -0.0248366 -0.0052708 -0.9996777
vn -0.0278361 -0.7135513 -0.7000498
vn -0.0248366 -0.0052708 -0.9996777
vn -0.0850474 -0.7102076 -0.6988363
vn 0.0012367 -0.0052028 -0.9999858
vn 0.0294501 0.7030727 -0.7105078
vn 0.0497382 0.7002168 -0.7121956
vn 0.0012367 -0.0052028 -0.9999858
vn 0.0497382 0.7002168 -0.7121956
vn -0.0248366 -0.0052708 -0.9996777
vn 0.0294501 0.7030727 -0.7105078
vn 0.0404029 0.9991428 -0.0090052
vn 0.0950731 0.9954100 -0.0109514
vn 0.0294501 0.7030727 -0.7105078
vn 0.0950731 0.9954100 -0.0109514
vn 0.0497382 0.7002168 -0.7121956
vn 0.0950731 0.9954100 -0.0109514
vn 0.0852541 0.7133603 0.6955923
vn 0.1049825 0.7143574 0.6918615
vn 0.0950731 0.9954100 -0.0109514
vn 0.1049825 0.7143574 0.6918615
vn 0.1345688 0.9906993 -0.0201553
vn 0.0852541 0.7133603 0.6955923
vn 0.0259738 0.0171503 0.9995155
vn 0.0135207 0.0166578 0.9997698
vn 0.0852541 0.7133603 0.6955923
vn 0.0135207 0.0166578 0.9997698
vn 0.1049825 0.7143574 0.6918615
vn 0.0259738 0.0171503 0.9995155
vn -0.0486779 -0.6914269 0.7208046
vn -0.0861769 -0.6925914 0.7161641
vn 0.0259738 0.0171503 0.9995155
vn -0.0861769 -0.6925914 0.7161641
vn 0.0135207 0.0166578 0.9997698
vn -0.0486779 -0.6914269 0.7208046
vn -0.0949445 -0.9953462 0.0164760
vn -0.1347301 -0.9908457 0.0085188
vn -0.0486779 -0.6914269 0.7208046
vn -0.1347301 -0.9908457 0.0085188
vn -0.0861769 -0.6925914 0.7161641
vn -0.0949445 -0.9953462 0.0164760
vn -0.0850474 -0.7102076 -0.6988363
vn -0.1038278 -0.7049996 -0.7015663
vn -0.0949445 -0.9953462 0.0164760
vn -0.1038278 -0.7049996 -0.7015663
vn -0.1347301 -0.9908457 0.0085188
vn -0.0850474 -0.7102076 -0.6988363
vn -0.0248366 -0.0052708 -0.9996777
vn -0.0125093 -0.0092261 -0.9998792
vn -0.0850474 -0.7102076 -0.6988363
vn -0.0125093 -0.0092261 -0.9998792
vn -0.1038278 -0.7049996 -0.7015663
vn -0.0248366 -0.0052708 -0.9996777
vn 0.0497382 0.7002168 -0.7121956
vn 0.0858740 0.6905294 -0.7181886
vn -0.0248366 -0.0052708 -0.9996777
vn 0.0858740 0.6905294 -0.7181886
vn -0.0125093 -0.0092261 -0.9998792
vn 0.0497382 0.7002168 -0.7121956
vn 0.0950731 0.9954100 -0.0109514
vn 0.1345688 0.9906993 -0.0201553
vn 0.0497382 0.7002168 -0.7121956
vn 0.1345688 0.9906993 -0.0201553
vn 0.0858740 0.6905294 -0.7181886
vn 0.1345688 0.9906993 -0.0201553
vn 0.1049825 0.7143574 0.6918615
vn 0.0883796 0.7144817 0.6940497
vn 0.1345688 0.9906993 -0.0201553
vn 0.0883796 0.7144817 0.6940497
vn 0.1535798 0.9879631 -0.0184973
vn 0.1049825 0.7143574 0.6918615
vn 0.0135207 0.0166578 0.9997698
vn -0.0290425 0.0194787 0.9993884
vn 0.1049825 0.7143574 0.6918615
vn -0.0290425 0.0194787 0.9993884
vn 0.0883796 0.7144817 0.6940497
vn 0.0135207 0.0166578 0.9997698
vn -0.0861769 -0.6925914 0.7161641
vn -0.1293705 -0.6873579 0.7147043
vn 0.0135207 0.0166578 0.9997698
vn -0.1293705 -0.6873579 0.7147043
vn -0.0290425 0.0194787 0.9993884
vn -0.0861769 -0.6925914 0.7161641
vn -0.1347301 -0.9908457 0.0085188
vn -0.1533189 -0.9881321 0.0093986
vn -0.0861769 -0.6925914 0.7161641
vn -0.1533189 -0.9881321 0.0093986
vn -0.1293705 -0.6873579 0.7147043
vn -0.1347301 -0.9908457 0.0085188
vn -0.1038278 -0.7049996 -0.7015663
vn -0.0873887 -0.7092188 -0.6995512
vn -0.1347301 -0.9908457 0.0085188
vn -0.0873887 -0.7092188 -0.6995512
vn -0.1533189 -0.9881321 0.0093986
vn -0.1038278 -0.7049996 -0.7015663
vn -0.0125093 -0.0092261 -0.9998792
vn 0.0292997 -0.0177601 -0.9994129
vn -0.1038278 -0.7049996 -0.7015663
vn 0.0292997 -0.0177601 -0.9994129
vn -0.0873887 -0.7092188 -0.6995512
vn -0.0125093 -0.0092261 -0.9998792
vn 0.0858740 0.6905294 -0.7181886
vn 0.1288993 0.6836596 -0.7183276
vn -0.0125093 -0.0092261 -0.9998792
vn 0.1288993 0.6836596 -0.7183276
vn 0.0292997 -0.0177601 -0.9994129
vn 0.0858740 0.6905294 -0.7181886
vn 0.1345688 0.9906993 -0.0201553
vn 0.1535798 0.9879631 -0.0184973
vn 0.0858740 0.6905294 -0.7181886
vn 0.1535798 0.9879631 -0.0184973
vn 0.1288993 0.6836596 -0.7183276
vn 0.1535798 0.9879631 -0.0184973
vn 0.0883796 0.7144817 0.6940497
vn 0.0640945 0.7156144 0.6955487
vn 0.1535798 0.9879631 -0.0184973
vn 0.0640945 0.7156144 0.6955487
vn 0.1485118 0.9887701 -0.0166685
vn 0.0883796 0.7144817 0.6940497
vn -0.0290425 0.0194787 0.9993884
vn -0.0580964 0.0208289 0.9980937
vn 0.0883796 0.7144817 0.6940497
vn -0.0580964 0.0208289 0.9980937
vn 0.0640945 0.7156144 0.6955487
vn -0.0290425 0.0194787 0.9993884
vn -0.1293705 -0.6873579 0.7147043
vn -0.1459755 -0.6853124 0.7134690
vn -0.0290425 0.0194787 0.9993884
vn -0.1459755 -0.6853124 0.7134690
vn -0.0580964 0.0208289 0.9980937
vn -0.1293705 -0.6873579 0.7147043
vn -0.1533189 -0.9881321 0.0093986
vn -0.1482247 -0.9888846 0.0116885
vn -0.1293705 -0.6873579 0.7147043
vn -0.1482247 -0.9888846 0.0116885
vn -0.1459755 -0.6853124 0.7134690
vn -0.1533189 -0.9881321 0.0093986
vn -0.0873887 -0.7092188 -0.6995512
vn -0.0640215 -0.7152554 -0.6959246
vn -0.1533189 -0.9881321 0.0093986
vn -0.0640215 -0.7152554 -0.6959246
vn -0.1482247 -0.9888846 0.0116885
vn -0.0873887 -0.7092188 -0.6995512
vn 0.0292997 -0.0177601 -0.9994129
vn 0.0574599 -0.0250180 -0.9980343
vn -0.0873887 -0.7092188 -0.6995512
vn 0.0574599 -0.0250180 -0.9980343
vn -0.0640215 -0.7152554 -0.6959246
vn 0.0292997 -0.0177601 -0.9994129
vn 0.1288993 0.6836596 -0.7183276
vn 0.1455514 0.6806337 -0.7180199
vn 0.0292997 -0.0177601 -0.9994129
vn 0.1455514 0.6806337 -0.7180199
vn 0.0574599 -0.0250180 -0.9980343
vn 0.1288993 0.6836596 -0.7183276
vn 0.1535798 0.9879631 -0.0184973
vn 0.1485118 0.9887701 -0.0166685
vn 0.1288993 0.6836596 -0.7183276
vn 0.1485118 0.9887701 -0.0166685
vn 0.1455514 0.6806337 -0.7180199
vn 0.1485118 0.9887701 -0.0166685
vn 0.0640945 0.7156144 0.6955487
vn 0.6620288 0.4697457 0.5840006
vn 0.1485118 0.9887701 -0.0166685
vn 0.6620288 0.4697457 0.5840006
vn 0.7310767 0.6814923 0.0330924
vn 0.0640945 0.7156144 0.6955487
vn -0.0580964 0.0208289 0.9980937
vn 0.5698555 -0.0682523 0.8189056
vn 0.0640945 0.7156144 0.6955487
vn 0.5698555 -0.0682523 0.8189056
vn 0.6620288 0.4697457 0.5840006
vn -0.0580964 0.0208289 0.9980937
vn -0.1459755 -0.6853124 0.7134690
vn 0.5086201 -0.6173416 0.6001624
vn -0.0580964 0.0208289 0.9980937
vn 0.5086201 -0.6173416 0.6001624
vn 0.5698555 -0.0682523 0.8189056
vn -0.1459755 -0.6853124 0.7134690
vn -0.1482247 -0.9888846 0.0116885
vn 0.5141159 -0.8558950 0.0559328
vn -0.1459755 -0.6853124 0.7134690
vn 0.5141159 -0.8558950 0.0559328
vn 0.5086201 -0.6173416 0.6001624
vn -0.1482247 -0.9888846 0.0116885
vn -0.0640215 -0.7152554 -0.6959246
vn 0.5831620 -0.6441551 -0.4949609
vn -0.1482247 -0.9888846 0.0116885
vn 0.5831620 -0.6441551 -0.4949609
vn 0.5141159 -0.8558950 0.0559328
vn -0.0640215 -0.7152554 -0.6959246
vn 0.0574599 -0.0250180 -0.9980343
vn 0.6753262 -0.1061956 -0.7298336
vn -0.0640215 -0.7152554 -0.6959246
vn 0.6753262 -0.1061956 -0.7298336
vn 0.5831620 -0.6441551 -0.4949609
vn 0.0574599 -0.0250180 -0.9980343
vn 0.1455514 0.6806337 -0.7180199
vn 0.7365655 0.4429573 -0.5111361
vn 0.0574599 -0.0250180 -0.9980343
vn 0.7365655 0.4429573 -0.5111361
vn 0.6753262 -0.1061956 -0.7298336
vn 0.1455514 0.6806337 -0.7180199
vn 0.1485118 0.9887701 -0.0166685
vn 0.7310767 0.6814923 0.0330924
vn 0.1455514 0.6806337 -0.7180199
vn 0.7310767 0.6814923 0.0330924
vn 0.7365655 0.4429573 -0.5111361
vn -0.9872751 -0.1537793 0.0404957
vn -0.6847521 0.4489725 0.5740542
vn -0.7417186 0.6702262 0.0255041
vn 0.9878606 -0.1383509 0.0706425
vn 0.7310767 0.6814923 0.0330924
vn 0.6620288 0.4697457 0.5840006
vn -0.9872751 -0.1537793 0.0404957
vn -0.5911565 -0.0920035 0.8012922
vn -0.6847521 0.4489725 0.5740542
vn 0.9878606 -0.1383509 0.0706425
vn 0.6620288 0.4697457 0.5840006
vn 0.5698555 -0.0682523 0.8189056
vn -0.9872751 -0.1537793 0.0404957
vn -0.5157815 -0.6359138 0.5740933
vn -0.5911565 -0.0920035 0.8012922
vn 0.9878606 -0.1383509 0.0706425
vn 0.5698555 -0.0682523 0.8189056
vn 0.5086201 -0.6173416 0.6001624
vn -0.9872751 -0.1537793 0.0404957
vn -0.5027118 -0.8640770 0.0255293
vn -0.5157815 -0.6359138 0.5740933
vn 0.9878606 -0.1383509 0.0706425
vn 0.5086201 -0.6173416 0.6001624
vn 0.5141159 -0.8558950 0.0559328
vn -0.9872751 -0.1537793 0.0404957
vn -0.5596827 -0.6428344 -0.5229907
vn -0.5027118 -0.8640770 0.0255293
vn 0.9878606 -0.1383509 0.0706425
vn 0.5141159 -0.8558950 0.0559328
vn 0.5831620 -0.6441551 -0.4949609
vn -0.9872751 -0.1537793 0.0404957
vn -0.6532729 -0.1018286 -0.7502436
vn -0.5596827 -0.6428344 -0.5229907
vn 0.9878606 -0.1383509 0.0706425
vn 0.5831620 -0.6441551 -0.4949609
vn 0.6753262 -0.1061956 -0.7298336
vn -0.9872751 -0.1537793 0.0404957
vn -0.7286799 0.4420782 -0.5230608
vn -0.6532729 -0.1018286 -0.7502436
vn 0.9878606 -0.1383509 0.0706425
vn 0.6753262 -0.1061956 -0.7298336
vn 0.7365655 0.4429573 -0.5111361
vn -0.9872751 -0.1537793 0.0404957
vn -0.7417186 0.6702262 0.0255041
vn -0.7286799 0.4420782 -0.5230608
vn 0.9878606 -0.1383509 0.0706425
vn 0.7365655 0.4429573 -0.5111361
vn 0.7310767 0.6814923 0.0330924
vn -0.7398735 0.6705014 -0.0549093
vn -0.7521259 0.4384412 0.4920122
vn -0.1627616 0.6920738 0.7032372
vn -0.7398735 0.6705014 -0.0549093
vn -0.1627616 0.6920738 0.7032372
vn -0.1420292 0.9898624 0.0004306
vn -0.7521259 0.4384412 0.4920122
vn -0.6871664 -0.1070843 0.7185647
vn -0.0884216 -0.0104637 0.9960282
vn -0.7521259 0.4384412 0.4920122
vn -0.0884216 -0.0104637 0.9960282
vn -0.1627616 0.6920738 0.7032372
vn -0.6871664 -0.1070843 0.7185647
vn -0.5831208 -0.6464626 0.4919922
vn 0.0379350 -0.7081972 0.7049948
vn -0.6871664 -0.1070843 0.7185647
vn 0.0379350 -0.7081972 0.7049948
vn -0.0884216 -0.0104637 0.9960282
vn -0.5831208 -0.6464626 0.4919922
vn -0.5008577 -0.8637864 -0.0549058
vn 0.1421281 -0.9898473 -0.0013842
vn -0.5831208 -0.6464626 0.4919922
vn 0.1421281 -0.9898473 -0.0013842
vn 0.0379350 -0.7081972 0.7049948
vn -0.5008577 -0.8637864 -0.0549058
vn -0.4886310 -0.6317436 -0.6017805
vn 0.1626231 -0.6886604 -0.7066121
vn -0.5008577 -0.8637864 -0.0549058
vn 0.1626231 -0.6886604 -0.7066121
vn 0.1421281 -0.9898473 -0.0013842
vn -0.4886310 -0.6317436 -0.6017805
vn -0.5535806 -0.0861879 -0.8283237
vn 0.0876349 0.0162454 -0.9960202
vn -0.4886310 -0.6317436 -0.6017805
vn 0.0876349 0.0162454 -0.9960202
vn 0.1626231 -0.6886604 -0.7066121
vn -0.5535806 -0.0861879 -0.8283237
vn -0.6576043 0.4532006 -0.6018021
vn -0.0384854 0.7105828 -0.7025603
vn -0.5535806 -0.0861879 -0.8283237
vn -0.0384854 0.7105828 -0.7025603
vn 0.0876349 0.0162454 -0.9960202
vn -0.6576043 0.4532006 -0.6018021
vn -0.7398735 0.6705014 -0.0549093
vn -0.1420292 0.9898624 0.0004306
vn -0.6576043 0.4532006 -0.6018021
vn -0.1420292 0.9898624 0.0004306
vn -0.0384854 0.7105828 -0.7025603
vn -0.1420292 0.9898624 0.0004306
vn -0.1627616 0.6920738 0.7032372
vn -0.1082266 0.6951233 0.7106974
vn -0.1420292 0.9898624 0.0004306
vn -0.1082266 0.6951233 0.7106974
vn -0.1084030 0.9940187 0.0132525
vn -0.1627616 0.6920738 0.7032372
vn -0.0884216 -0.0104637 0.9960282
vn -0.0459390 -0.0021507 0.9989419
vn -0.1627616 0.6920738 0.7032372
vn -0.0459390 -0.0021507 0.9989419
vn -0.1082266 0.6951233 0.7106974
vn -0.0884216 -0.0104637 0.9960282
vn 0.0379350 -0.7081972 0.7049948
vn 0.0429917 -0.7002017 0.7126493
vn -0.0884216 -0.0104637 0.9960282
vn 0.0429917 -0.7002017 0.7126493
vn -0.0459390 -0.0021507 0.9989419
vn 0.0379350 -0.7081972 0.7049948
vn 0.1421281 -0.9898473 -0.0013842
vn 0.1074248 -0.9941753 0.0086734
vn 0.0379350 -0.7081972 0.7049948
vn 0.1074248 -0.9941753 0.0086734
vn 0.0429917 -0.7002017 0.7126493
vn 0.1421281 -0.9898473 -0.0013842
vn 0.1626231 -0.6886604 -0.7066121
vn 0.1086100 -0.7006342 -0.7052061
vn 0.1421281 -0.9898473 -0.0013842
vn 0.1086100 -0.7006342 -0.7052061
vn 0.1074248 -0.9941753 0.0086734
vn 0.1626231 -0.6886604 -0.7066121
vn 0.0876349 0.0162454 -0.9960202
vn 0.0447821 0.0130313 -0.9989117
vn 0.1626231 -0.6886604 -0.7066121
vn 0.0447821 0.0130313 -0.9989117
vn 0.1086100 -0.7006342 -0.7052061
vn 0.0876349 0.0162454 -0.9960202
vn -0.0384854 0.7105828 -0.7025603
vn -0.0455072 0.7164251 -0.6961783
vn 0.0876349 0.0162454 -0.9960202
vn -0.0455072 0.7164251 -0.6961783
vn 0.0447821 0.0130313 -0.9989117
vn -0.0384854 0.7105828 -0.7025603
vn -0.1420292 0.9898624 0.0004306
vn -0.1084030 0.9940187 0.0132525
vn -0.0384854 0.7105828 -0.7025603
vn -0.1084030 0.9940187 0.0132525
vn -0.0455072 0.7164251 -0.6961783
vn -0.1084030 0.9940187 0.0132525
vn -0.1082266 0.6951233 0.7106974
vn -0.0158740 0.7058340 0.7081994
vn -0.1084030 0.9940187 0.0132525
vn -0.0158740 0.7058340 0.7081994
vn -0.0560379 0.9983838 0.0094706
vn -0.1082266 0.6951233 0.7106974
vn -0.0459390 -0.0021507 0.9989419
vn 0.0334001 0.0075808 0.9994133
vn -0.1082266 0.6951233 0.7106974
vn 0.0334001 0.0075808 0.9994133
vn -0.0158740 0.7058340 0.7081994
vn -0.0459390 -0.0021507 0.9989419
vn 0.0429917 -0.7002017 0.7126493
vn 0.0635495 -0.6977342 0.7135323
vn -0.0459390 -0.0021507 0.9989419
vn 0.0635495 -0.6977342 0.7135323
vn 0.0334001 0.0075808 0.9994133
vn 0.0429917 -0.7002017 0.7126493
vn 0.1074248 -0.9941753 0.0086734
vn 0.0566083 -0.9983696 0.0073250
vn 0.0429917 -0.7002017 0.7126493
vn 0.0566083 -0.9983696 0.0073250
vn 0.0635495 -0.6977342 0.7135323
vn 0.1074248 -0.9941753 0.0086734
vn 0.1086100 -0.7006342 -0.7052061
vn 0.0159533 -0.7070847 -0.7069488
vn 0.1074248 -0.9941753 0.0086734
vn 0.0159533 -0.7070847 -0.7069488
vn 0.0566083 -0.9983696 0.0073250
vn 0.1086100 -0.7006342 -0.7052061
vn 0.0447821 0.0130313 -0.9989117
vn -0.0342421 0.0066636 -0.9993913
vn 0.1086100 -0.7006342 -0.7052061
vn -0.0342421 0.0066636 -0.9993913
vn 0.0159533 -0.7070847 -0.7069488
vn 0.0447821 0.0130313 -0.9989117
vn -0.0455072 0.7164251 -0.6961783
vn -0.0638996 0.7132754 -0.6979648
vn 0.0447821 0.0130313 -0.9989117
vn -0.0638996 0.7132754 -0.6979648
vn -0.0342421 0.0066636 -0.9993913
vn -0.0455072 0.7164251 -0.6961783
vn -0.1084030 0.9940187 0.0132525
vn -0.0560379 0.9983838 0.0094706
vn -0.0455072 0.7164251 -0.6961783
vn -0.0560379 0.9983838 0.0094706
vn -0.0638996 0.7132754 -0.6979648
vn -0.0560379 0.9983838 0.0094706
vn -0.0158740 0.7058340 0.7081994
vn 0.0486030 0.7129247 0.6995542
vn -0.0560379 0.9983838 0.0094706
vn 0.0486030 0.7129247 0.6995542
vn 0.0043255 0.9999846 -0.0034664
vn -0.0158740 0.7058340 0.7081994
vn 0.0334001 0.0075808 0.9994133
vn 0.0647596 0.0100808 0.9978499
vn -0.0158740 0.7058340 0.7081994
vn 0.0647596 0.0100808 0.9978499
vn 0.0486030 0.7129247 0.6995542
vn 0.0334001 0.0075808 0.9994133
vn 0.0635495 -0.6977342 0.7135323
vn 0.0429315 -0.7018939 0.7109865
vn 0.0334001 0.0075808 0.9994133
vn 0.0429315 -0.7018939 0.7109865
vn 0.0647596 0.0100808 0.9978499
vn 0.0635495 -0.6977342 0.7135323
vn 0.0566083 -0.9983696 0.0073250
vn -0.0044394 -0.9999886 0.0017766
vn 0.0635495 -0.6977342 0.7135323
vn -0.0044394 -0.9999886 0.0017766
vn 0.0429315 -0.7018939 0.7109865
vn 0.0566083 -0.9983696 0.0073250
vn 0.0159533 -0.7070847 -0.7069488
vn -0.0491510 -0.7044222 -0.7080773
vn 0.0566083 -0.9983696 0.0073250
vn -0.0491510 -0.7044222 -0.7080773
vn -0.0044394 -0.9999886 0.0017766
vn 0.0159533 -0.7070847 -0.7069488
vn -0.0342421 0.0066636 -0.9993913
vn -0.0647025 0.0052376 -0.9978908
vn 0.0159533 -0.7070847 -0.7069488
vn -0.0647025 0.0052376 -0.9978908
vn -0.0491510 -0.7044222 -0.7080773
vn -0.0342421 0.0066636 -0.9993913
vn -0.0638996 0.7132754 -0.6979648
vn -0.0424398 0.7087377 -0.7041944
vn -0.0342421 0.0066636 -0.9993913
vn -0.0424398 0.7087377 -0.7041944
vn -0.0647025 0.0052376 -0.9978908
vn -0.0638996 0.7132754 -0.6979648
vn -0.0560379 0.9983838 0.0094706
vn 0.0043255 0.9999846 -0.0034664
vn -0.0638996 0.7132754 -0.6979648
vn 0.0043255 0.9999846 -0.0034664
vn -0.0424398 0.7087377 -0.7041944
vn 0.0043255 0.9999846 -0.0034664
vn 0.0486030 0.7129247 0.6995542
vn 0.0713703 0.7140139 0.6964843
vn 0.0043255 0.9999846 -0.0034664
vn 0.0713703 0.7140139 0.6964843
vn 0.0642388 0.9978733 -0.0110559
vn 0.0486030 0.7129247 0.6995542
vn 0.0647596 0.0100808 0.9978499
vn 0.0366884 0.0097853 0.9992788
vn 0.0486030 0.7129247 0.6995542
vn 0.0366884 0.0097853 0.9992788
vn 0.0713703 0.7140139 0.6964843
vn 0.0647596 0.0100808 0.9978499
vn 0.0429315 -0.7018939 0.7109865
vn -0.0199082 -0.7032322 0.7106814
vn 0.0647596 0.0100808 0.9978499
vn -0.0199082 -0.7032322 0.7106814
vn 0.0366884 0.0097853 0.9992788
vn 0.0429315 -0.7018939 0.7109865
vn -0.0044394 -0.9999886 0.0017766
vn -0.0646851 -0.9979051 -0.0011460
vn 0.0429315 -0.7018939 0.7109865
vn -0.0646851 -0.9979051 -0.0011460
vn -0.0199082 -0.7032322 0.7106814
vn -0.0044394 -0.9999886 0.0017766
vn -0.0491510 -0.7044222 -0.7080773
vn -0.0710004 -0.7009910 -0.7096270
vn -0.0044394 -0.9999886 0.0017766
vn -0.0710004 -0.7009910 -0.7096270
vn -0.0646851 -0.9979051 -0.0011460
vn -0.0491510 -0.7044222 -0.7080773
vn -0.0647025 0.0052376 -0.9978908
vn -0.0357637 0.0041344 -0.9993517
vn -0.0491510 -0.7044222 -0.7080773
vn -0.0357637 0.0041344 -0.9993517
vn -0.0710004 -0.7009910 -0.7096270
vn -0.0647025 0.0052376 -0.9978908
vn -0.0424398 0.7087377 -0.7041944
vn 0.0200194 0.7041263 -0.7097925
vn -0.0647025 0.0052376 -0.9978908
vn 0.0200194 0.7041263 -0.7097925
vn -0.0357637 0.0041344 -0.9993517
vn -0.0424398 0.7087377 -0.7041944
vn 0.0043255 0.9999846 -0.0034664
vn 0.0642388 0.9978733 -0.0110559
vn -0.0424398 0.7087377 -0.7041944
vn 0.0642388 0.9978733 -0.0110559
vn 0.0200194 0.7041263 -0.7097925
vn 0.0642388 0.9978733 -0.0110559
vn 0.0713703 0.7140139 0.6964843
vn 0.0626089 0.7148492 0.6964702
vn 0.0642388 0.9978733 -0.0110559
vn 0.0626089 0.7148492 0.6964702
vn 0.1143621 0.9933491 -0.0133785
vn 0.0713703 0.7140139 0.6964843
vn 0.0366884 0.0097853 0.9992788
vn -0.0264494 0.0125499 0.9995713
vn 0.0713703 0.7140139 0.6964843
vn -0.0264494 0.0125499 0.9995713
vn 0.0626089 0.7148492 0.6964702
vn 0.0366884 0.0097853 0.9992788
vn -0.0199082 -0.7032322 0.7106814
vn -0.1000293 -0.6995153 0.7075822
vn 0.0366884 0.0097853 0.9992788
vn -0.1000293 -0.6995153 0.7075822
vn -0.0264494 0.0125499 0.9995713
vn -0.0199082 -0.7032322 0.7106814
vn -0.0646851 -0.9979051 -0.0011460
vn -0.1138728 -0.9934809 -0.0053473
vn -0.0199082 -0.7032322 0.7106814
vn -0.1138728 -0.9934809 -0.0053473
vn -0.1000293 -0.6995153 0.7075822
vn -0.0646851 -0.9979051 -0.0011460
vn -0.0710004 -0.7009910 -0.7096270
vn -0.0605662 -0.7005393 -0.7110389
vn -0.0646851 -0.9979051 -0.0011460
vn -0.0605662 -0.7005393 -0.7110389
vn -0.1138728 -0.9934809 -0.0053473
vn -0.0710004 -0.7009910 -0.7096270
vn -0.0357637 0.0041344 -0.9993517
vn 0.0276102 -0.0023210 -0.9996161
vn -0.0710004 -0.7009910 -0.7096270
vn 0.0276102 -0.0023210 -0.9996161
vn -0.0605662 -0.7005393 -0.7110389
vn -0.0357637 0.0041344 -0.9993517
vn 0.0200194 0.7041263 -0.7097925
vn 0.0996389 0.6953169 -0.7117630
vn -0.0357637 0.0041344 -0.9993517
vn 0.0996389 0.6953169 -0.7117630
vn 0.0276102 -0.0023210 -0.9996161
vn 0.0200194 0.7041263 -0.7097925
vn 0.0642388 0.9978733 -0.0110559
vn 0.1143621 0.9933491 -0.0133785
vn 0.0200194 0.7041263 -0.7097925
vn 0.1143621 0.9933491 -0.0133785
vn 0.0996389 0.6953169 -0.7117630
vn 0.1143621 0.9933491 -0.0133785
vn 0.0626089 0.7148492 0.6964702
vn 0.0529731 0.7100716 0.7021340
vn 0.1143621 0.9933491 -0.0133785
vn 0.0529731 0.7100716 0.7021340
vn 0.1454207 0.9893645 -0.0032817
vn 0.0626089 0.7148492 0.6964702
vn -0.0264494 0.0125499 0.9995713
vn -0.0706266 0.0146639 0.9973950
vn 0.0626089 0.7148492 0.6964702
vn -0.0706266 0.0146639 0.9973950
vn 0.0529731 0.7100716 0.7021340
vn -0.0264494 0.0125499 0.9995713
vn -0.1000293 -0.6995153 0.7075822
vn -0.1529069 -0.6902915 0.7071896
vn -0.0264494 0.0125499 0.9995713
vn -0.1529069 -0.6902915 0.7071896
vn -0.0706266 0.0146639 0.9973950
vn -0.1000293 -0.6995153 0.7075822
vn -0.1138728 -0.9934809 -0.0053473
vn -0.1452253 -0.9893985 0.0004459
vn -0.1000293 -0.6995153 0.7075822
vn -0.1452253 -0.9893985 0.0004459
vn -0.1529069 -0.6902915 0.7071896
vn -0.1138728 -0.9934809 -0.0053473
vn -0.0605662 -0.7005393 -0.7110389
vn -0.0521101 -0.7062225 -0.7060696
vn -0.1138728 -0.9934809 -0.0053473
vn -0.0521101 -0.7062225 -0.7060696
vn -0.1452253 -0.9893985 0.0004459
vn -0.0605662 -0.7005393 -0.7110389
vn 0.0276102 -0.0023210 -0.9996161
vn 0.0713634 -0.0096822 -0.9974034
vn -0.0605662 -0.7005393 -0.7110389
vn 0.0713634 -0.0096822 -0.9974034
vn -0.0521101 -0.7062225 -0.7060696
vn 0.0276102 -0.0023210 -0.9996161
vn 0.0996389 0.6953169 -0.7117630
vn 0.1529768 0.6913880 -0.7061025
vn 0.0276102 -0.0023210 -0.9996161
vn 0.1529768 0.6913880 -0.7061025
vn 0.0713634 -0.0096822 -0.9974034
vn 0.0996389 0.6953169 -0.7117630
vn 0.1143621 0.9933491 -0.0133785
vn 0.1454207 0.9893645 -0.0032817
vn 0.0996389 0.6953169 -0.7117630
vn 0.1454207 0.9893645 -0.0032817
vn 0.1529768 0.6913880 -0.7061025
vn 0.1454207 0.9893645 -0.0032817
vn 0.0529731 0.7100716 0.7021340
vn 0.0834348 0.6980247 0.7111962
vn 0.1454207 0.9893645 -0.0032817
vn 0.0834348 0.6980247 0.7111962
vn 0.1533235 0.9881316 0.0093608
vn 0.0529731 0.7100716 0.7021340
vn -0.0706266 0.0146639 0.9973950
vn -0.0343464 0.0059975 0.9993920
vn 0.0529731 0.7100716 0.7021340
vn -0.0343464 0.0059975 0.9993920
vn 0.0834348 0.6980247 0.7111962
vn -0.0706266 0.0146639 0.9973950
vn -0.1529069 -0.6902915 0.7071896
vn -0.1323232 -0.6892947 0.7122945
vn -0.0706266 0.0146639 0.9973950
vn -0.1323232 -0.6892947 0.7122945
vn -0.0343464 0.0059975 0.9993920
vn -0.1529069 -0.6902915 0.7071896
vn -0.1452253 -0.9893985 0.0004459
vn -0.1540370 -0.9879971 0.0115925
vn -0.1529069 -0.6902915 0.7071896
vn -0.1540370 -0.9879971 0.0115925
vn -0.1323232 -0.6892947 0.7122945
vn -0.1452253 -0.9893985 0.0004459
vn -0.0521101 -0.7062225 -0.7060696
vn -0.0854848 -0.7087621 -0.7002490
vn -0.1452253 -0.9893985 0.0004459
vn -0.0854848 -0.7087621 -0.7002490
vn -0.1540370 -0.9879971 0.0115925
vn -0.0521101 -0.7062225 -0.7060696
vn 0.0713634 -0.0096822 -0.9974034
vn 0.0342273 -0.0068739 -0.9993904
vn -0.0521101 -0.7062225 -0.7060696
vn 0.0342273 -0.0068739 -0.9993904
vn -0.0854848 -0.7087621 -0.7002490
vn 0.0713634 -0.0096822 -0.9974034
vn 0.1529768 0.6913880 -0.7061025
vn 0.1335382 0.6992646 -0.7022796
vn 0.0713634 -0.0096822 -0.9974034
vn 0.1335382 0.6992646 -0.7022796
vn 0.0342273 -0.0068739 -0.9993904
vn 0.1529768 0.6913880 -0.7061025
vn 0.1454207 0.9893645 -0.0032817
vn 0.1533235 0.9881316 0.0093608
vn 0.1529768 0.6913880 -0.7061025
vn 0.1533235 0.9881316 0.0093608
vn 0.1335382 0.6992646 -0.7022796
vn 0.1533235 0.9881316 0.0093608
vn 0.0834348 0.6980247 0.7111962
vn 0.1248337 0.6915232 0.7114859
vn 0.1533235 0.9881316 0.0093608
vn 0.1248337 0.6915232 0.7114859
vn 0.1386078 0.9903225 0.0070070
vn 0.0834348 0.6980247 0.7111962
vn -0.0343464 0.0059975 0.9993920
vn 0.0385472 -0.0079605 0.9992250
vn 0.0834348 0.6980247 0.7111962
vn 0.0385472 -0.0079605 0.9992250
vn 0.1248337 0.6915232 0.7114859
vn -0.0343464 0.0059975 0.9993920
vn -0.1323232 -0.6892947 0.7122945
vn -0.0698534 -0.7016196 0.7091194
vn -0.0343464 0.0059975 0.9993920
vn -0.0698534 -0.7016196 0.7091194
vn 0.0385472 -0.0079605 0.9992250
vn -0.1323232 -0.6892947 0.7122945
vn -0.1540370 -0.9879971 0.0115925
vn -0.1380126 -0.9903971 0.0081297
vn -0.1323232 -0.6892947 0.7122945
vn -0.1380126 -0.9903971 0.0081297
vn -0.0698534 -0.7016196 0.7091194
vn -0.1540370 -0.9879971 0.0115925
vn -0.0854848 -0.7087621 -0.7002490
vn -0.1259273 -0.7023644 -0.7005903
vn -0.1540370 -0.9879971 0.0115925
vn -0.1259273 -0.7023644 -0.7005903
vn -0.1380126 -0.9903971 0.0081297
vn -0.0854848 -0.7087621 -0.7002490
vn 0.0342273 -0.0068739 -0.9993904
vn -0.0394997 0.0013806 -0.9992186
vn -0.0854848 -0.7087621 -0.7002490
vn -0.0394997 0.0013806 -0.9992186
vn -0.1259273 -0.7023644 -0.7005903
vn 0.0342273 -0.0068739 -0.9993904
vn 0.1335382 0.6992646 -0.7022796
vn 0.0705902 0.7058074 -0.7048780
vn 0.0342273 -0.0068739 -0.9993904
vn 0.0705902 0.7058074 -0.7048780
vn -0.0394997 0.0013806 -0.9992186
vn 0.1335382 0.6992646 -0.7022796
vn 0.1533235 0.9881316 0.0093608
vn 0.1386078 0.9903225 0.0070070
vn 0.1335382 0.6992646 -0.7022796
vn 0.1386078 0.9903225 0.0070070
vn 0.0705902 0.7058074 -0.7048780
vn 0.1386078 0.9903225 0.0070070
vn 0.1248337 0.6915232 0.7114859
vn 0.1228317 0.6935889 0.7098218
vn 0.1386078 0.9903225 0.0070070
vn 0.1228317 0.6935889 0.7098218
vn 0.1014349 0.9948388 0.0026121
vn 0.1248337 0.6915232 0.7114859
vn 0.0385472 -0.0079605 0.9992250
vn 0.0718673 -0.0150429 0.9973007
vn 0.1248337 0.6915232 0.7114859
vn 0.0718673 -0.0150429 0.9973007
vn 0.1228317 0.6935889 0.7098218
vn 0.0385472 -0.0079605 0.9992250
vn -0.0698534 -0.7016196 0.7091194
vn -0.0208880 -0.7124957 0.7013655
vn 0.0385472 -0.0079605 0.9992250
vn -0.0208880 -0.7124957 0.7013655
vn 0.0718673 -0.0150429 0.9973007
vn -0.0698534 -0.7016196 0.7091194
vn -0.1380126 -0.9903971 0.0081297
vn -0.1013272 -0.9948523 -0.0012923
vn -0.0698534 -0.7016196 0.7091194
vn -0.1013272 -0.9948523 -0.0012923
vn -0.0208880 -0.7124957 0.7013655
vn -0.1380126 -0.9903971 0.0081297
vn -0.1259273 -0.7023644 -0.7005903
vn -0.1230046 -0.6999916 -0.7034782
vn -0.1380126 -0.9903971 0.0081297
vn -0.1230046 -0.6999916 -0.7034782
vn -0.1013272 -0.9948523 -0.0012923
vn -0.1259273 -0.7023644 -0.7005903
vn -0.0394997 0.0013806 -0.9992186
vn -0.0730431 0.0036496 -0.9973221
vn -0.1259273 -0.7023644 -0.7005903
vn -0.0730431 0.0036496 -0.9973221
vn -0.1230046 -0.6999916 -0.7034782
vn -0.0394997 0.0013806 -0.9992186
vn 0.0705902 0.7058074 -0.7048780
vn 0.0199954 0.7075201 -0.7064103
vn -0.0394997 0.0013806 -0.9992186
vn 0.0199954 0.7075201 -0.7064103
vn -0.0730431 0.0036496 -0.9973221
vn 0.0705902 0.7058074 -0.7048780
vn 0.1386078 0.9903225 0.0070070
vn 0.1014349 0.9948388 0.0026121
vn 0.0705902 0.7058074 -0.7048780
vn 0.1014349 0.9948388 0.0026121
vn 0.0199954 0.7075201 -0.7064103
vn 0.1014349 0.9948388 0.0026121
vn 0.1228317 0.6935889 0.7098218
vn 0.0836672 0.6969403 0.7122318
vn 0.1014349 0.9948388 0.0026121
vn 0.0836672 0.6969403 0.7122318
vn 0.0480711 0.9988350 0.0042104
vn 0.1228317 0.6935889 0.7098218
vn 0.0718673 -0.0150429 0.9973007
vn 0.0697133 -0.0159476 0.9974396
vn 0.1228317 0.6935889 0.7098218
vn 0.0697133 -0.0159476 0.9974396
vn 0.0836672 0.6969403 0.7122318
vn 0.0718673 -0.0150429 0.9973007
vn -0.0208880 -0.7124957 0.7013655
vn 0.0149911 -0.7165962 0.6973271
vn 0.0718673 -0.0150429 0.9973007
vn 0.0149911 -0.7165962 0.6973271
vn 0.0697133 -0.0159476 0.9974396
vn -0.0208880 -0.7124957 0.7013655
vn -0.1013272 -0.9948523 -0.0012923
vn -0.0482318 -0.9988136 -0.0067260
vn -0.0208880 -0.7124957 0.7013655
vn -0.0482318 -0.9988136 -0.0067260
vn 0.0149911 -0.7165962 0.6973271
vn -0.1013272 -0.9948523 -0.0012923
vn -0.1230046 -0.6999916 -0.7034782
vn -0.0834885 -0.7030221 -0.7062503
vn -0.1013272 -0.9948523 -0.0012923
vn -0.0834885 -0.7030221 -0.7062503
vn -0.0482318 -0.9988136 -0.0067260
vn -0.1230046 -0.6999916 -0.7034782
vn -0.0730431 0.0036496 -0.9973221
vn -0.0703803 0.0014122 -0.9975192
vn -0.1230046 -0.6999916 -0.7034782
vn -0.0703803 0.0014122 -0.9975192
vn -0.0834885 -0.7030221 -0.7062503
vn -0.0730431 0.0036496 -0.9973221
vn 0.0199954 0.7075201 -0.7064103
vn -0.0159991 0.7081301 -0.7059007
vn -0.0730431 0.0036496 -0.9973221
vn -0.0159991 0.7081301 -0.7059007
vn -0.0703803 0.0014122 -0.9975192
vn 0.0199954 0.7075201 -0.7064103
vn 0.1014349 0.9948388 0.0026121
vn 0.0480711 0.9988350 0.0042104
vn 0.0199954 0.7075201 -0.7064103
vn 0.0480711 0.9988350 0.0042104
vn -0.0159991 0.7081301 -0.7059007
vn 0.0480711 0.9988350 0.0042104
vn 0.0836672 0.6969403 0.7122318
vn 0.0067436 0.7034346 0.7107280
vn 0.0480711 0.9988350 0.0042104
vn 0.0067436 0.7034346 0.7107280
vn -0.0136806 0.9999014 -0.0031745
vn 0.0836672 0.6969403 0.7122318
vn 0.0697133 -0.0159476 0.9974396
vn 0.0231457 -0.0149891 0.9996197
vn 0.0836672 0.6969403 0.7122318
vn 0.0231457 -0.0149891 0.9996197
vn 0.0067436 0.7034346 0.7107280
vn 0.0697133 -0.0159476 0.9974396
vn 0.0149911 -0.7165962 0.6973271
vn 0.0256979 -0.7209267 0.6925347
vn 0.0697133 -0.0159476 0.9974396
vn 0.0256979 -0.7209267 0.6925347
vn 0.0231457 -0.0149891 0.9996197
vn 0.0149911 -0.7165962 0.6973271
vn -0.0482318 -0.9988136 -0.0067260
vn 0.0132094 -0.9997643 -0.0172305
vn 0.0149911 -0.7165962 0.6973271
vn 0.0132094 -0.9997643 -0.0172305
vn 0.0256979 -0.7209267 0.6925347
vn -0.0482318 -0.9988136 -0.0067260
vn -0.0834885 -0.7030221 -0.7062503
vn -0.0068218 -0.7009435 -0.7131842
vn -0.0482318 -0.9988136 -0.0067260
vn -0.0068218 -0.7009435 -0.7131842
vn 0.0132094 -0.9997643 -0.0172305
vn -0.0834885 -0.7030221 -0.7062503
vn -0.0703803 0.0014122 -0.9975192
vn -0.0229280 -0.0004455 -0.9997370
vn -0.0834885 -0.7030221 -0.7062503
vn -0.0229280 -0.0004455 -0.9997370
vn -0.0068218 -0.7009435 -0.7131842
vn -0.0703803 0.0014122 -0.9975192
vn -0.0159991 0.7081301 -0.7059007
vn -0.0258741 0.7031216 -0.7105986
vn -0.0703803 0.0014122 -0.9975192
vn -0.0258741 0.7031216 -0.7105986
vn -0.0229280 -0.0004455 -0.9997370
vn -0.0159991 0.7081301 -0.7059007
vn 0.0480711 0.9988350 0.0042104
vn -0.0136806 0.9999014 -0.0031745
vn -0.0159991 0.7081301 -0.7059007
vn -0.0136806 0.9999014 -0.0031745
vn -0.0258741 0.7031216 -0.7105986
vn -0.0136806 0.9999014 -0.0031745
vn 0.0067436 0.7034346 0.7107280
vn -0.0829388 0.6987502 0.7105415
vn -0.0136806 0.9999014 -0.0031745
vn -0.0829388 0.6987502 0.7105415
vn -0.0726518 0.9973569 -0.0009821
vn 0.0067436 0.7034346 0.7107280
vn 0.0231457 -0.0149891 0.9996197
vn -0.0438332 -0.0155359 0.9989181
vn 0.0067436 0.7034346 0.7107280
vn -0.0438332 -0.0155359 0.9989181
vn -0.0829388 0.6987502 0.7105415
vn 0.0231457 -0.0149891 0.9996197
vn 0.0256979 -0.7209267 0.6925347
vn 0.0209802 -0.7176343 0.6961041
vn 0.0231457 -0.0149891 0.9996197
vn 0.0209802 -0.7176343 0.6961041
vn -0.0438332 -0.0155359 0.9989181
vn 0.0256979 -0.7209267 0.6925347
vn 0.0132094 -0.9997643 -0.0172305
vn 0.0731924 -0.9972523 -0.0114378
vn 0.0256979 -0.7209267 0.6925347
vn 0.0731924 -0.9972523 -0.0114378
vn 0.0209802 -0.7176343 0.6961041
vn 0.0132094 -0.9997643 -0.0172305
vn -0.0068218 -0.7009435 -0.7131842
vn 0.0829159 -0.6993154 -0.7099880
vn 0.0132094 -0.9997643 -0.0172305
vn 0.0829159 -0.6993154 -0.7099880
vn 0.0731924 -0.9972523 -0.0114378
vn -0.0068218 -0.7009435 -0.7131842
vn -0.0229280 -0.0004455 -0.9997370
vn 0.0448246 0.0020355 -0.9989928
vn -0.0068218 -0.7009435 -0.7131842
vn 0.0448246 0.0020355 -0.9989928
vn 0.0829159 -0.6993154 -0.7099880
vn -0.0229280 -0.0004455 -0.9997370
vn -0.0258741 0.7031216 -0.7105986
vn -0.0194256 0.7047929 -0.7091471
vn -0.0229280 -0.0004455 -0.9997370
vn -0.0194256 0.7047929 -0.7091471
vn 0.0448246 0.0020355 -0.9989928
vn -0.0258741 0.7031216 -0.7105986
vn -0.0136806 0.9999014 -0.0031745
vn -0.0726518 0.9973569 -0.0009821
vn -0.0258741 0.7031216 -0.7105986
vn -0.0726518 0.9973569 -0.0009821
vn -0.0194256 0.7047929 -0.7091471
vn -0.0726518 0.9973569 -0.0009821
vn -0.0829388 0.6987502 0.7105415
vn -0.1011727 0.6898141 0.7168825
vn -0.0726518 0.9973569 -0.0009821
vn -0.1011727 0.6898141 0.7168825
vn -0.1202483 0.9926350 0.0146982
vn -0.0829388 0.6987502 0.7105415
vn -0.0438332 -0.0155359 0.9989181
vn -0.0236247 -0.0106051 0.9996647
vn -0.0829388 0.6987502 0.7105415
vn -0.0236247 -0.0106051 0.9996647
vn -0.1011727 0.6898141 0.7168825
vn -0.0438332 -0.0155359 0.9989181
vn 0.0209802 -0.7176343 0.6961041
vn 0.0673147 -0.7033826 0.7076169
vn -0.0438332 -0.0155359 0.9989181
vn 0.0673147 -0.7033826 0.7076169
vn -0.0236247 -0.0106051 0.9996647
vn 0.0209802 -0.7176343 0.6961041
vn 0.0731924 -0.9972523 -0.0114378
vn 0.1196953 -0.9927817 0.0075943
vn 0.0209802 -0.7176343 0.6961041
vn 0.1196953 -0.9927817 0.0075943
vn 0.0673147 -0.7033826 0.7076169
vn 0.0731924 -0.9972523 -0.0114378
vn 0.0829159 -0.6993154 -0.7099880
vn 0.1026690 -0.7056898 -0.7010428
vn 0.0731924 -0.9972523 -0.0114378
vn 0.1026690 -0.7056898 -0.7010428
vn 0.1196953 -0.9927817 0.0075943
vn 0.0829159 -0.6993154 -0.7099880
vn 0.0448246 0.0020355 -0.9989928
vn 0.0247486 0.0011882 -0.9996930
vn 0.0829159 -0.6993154 -0.7099880
vn 0.0247486 0.0011882 -0.9996930
vn 0.1026690 -0.7056898 -0.7010428
vn 0.0448246 0.0020355 -0.9989928
vn -0.0194256 0.7047929 -0.7091471
vn -0.0682419 0.7097102 -0.7011808
vn 0.0448246 0.0020355 -0.9989928
vn -0.0682419 0.7097102 -0.7011808
vn 0.0247486 0.0011882 -0.9996930
vn -0.0194256 0.7047929 -0.7091471
vn -0.0726518 0.9973569 -0.0009821
vn -0.1202483 0.9926350 0.0146982
vn -0.0194256 0.7047929 -0.7091471
vn -0.1202483 0.9926350 0.0146982
vn -0.0682419 0.7097102 -0.7011808
vn -0.1202483 0.9926350 0.0146982
vn -0.1011727 0.6898141 0.7168825
vn -0.0836987 0.6974549 0.7117240
vn -0.1202483 0.9926350 0.0146982
vn -0.0836987 0.6974549 0.7117240
vn -0.1477412 0.9890087 0.0058738
vn -0.1011727 0.6898141 0.7168825
vn -0.0236247 -0.0106051 0.9996647
vn 0.0292182 -0.0019367 0.9995711
vn -0.1011727 0.6898141 0.7168825
vn 0.0292182 -0.0019367 0.9995711
vn -0.0836987 0.6974549 0.7117240
vn -0.0236247 -0.0106051 0.9996647
vn 0.0673147 -0.7033826 0.7076169
vn 0.1249392 -0.6992651 0.7038599
vn -0.0236247 -0.0106051 0.9996647
vn 0.1249392 -0.6992651 0.7038599
vn 0.0292182 -0.0019367 0.9995711
vn 0.0673147 -0.7033826 0.7076169
vn 0.1196953 -0.9927817 0.0075943
vn 0.1478358 -0.9890096 -0.0021735
vn 0.0673147 -0.7033826 0.7076169
vn 0.1478358 -0.9890096 -0.0021735
vn 0.1249392 -0.6992651 0.7038599
vn 0.1196953 -0.9927817 0.0075943
vn 0.1026690 -0.7056898 -0.7010428
vn 0.0843841 -0.7013661 -0.7077889
vn 0.1196953 -0.9927817 0.0075943
vn 0.0843841 -0.7013661 -0.7077889
vn 0.1478358 -0.9890096 -0.0021735
vn 0.1026690 -0.7056898 -0.7010428
vn 0.0247486 0.0011882 -0.9996930
vn -0.0286381 -0.0022102 -0.9995874
vn 0.1026690 -0.7056898 -0.7010428
vn -0.0286381 -0.0022102 -0.9995874
vn 0.0843841 -0.7013661 -0.7077889
vn 0.0247486 0.0011882 -0.9996930
vn -0.0682419 0.7097102 -0.7011808
vn -0.1249478 0.6990104 -0.7041112
vn 0.0247486 0.0011882 -0.9996930
vn -0.1249478 0.6990104 -0.7041112
vn -0.0286381 -0.0022102 -0.9995874
vn -0.0682419 0.7097102 -0.7011808
vn -0.1202483 0.9926350 0.0146982
vn -0.1477412 0.9890087 0.0058738
vn -0.0682419 0.7097102 -0.7011808
vn -0.1477412 0.9890087 0.0058738
vn -0.1249478 0.6990104 -0.7041112
vn -0.1477412 0.9890087 0.0058738
vn -0.0836987 0.6974549 0.7117240
vn -0.0884951 0.7001384 0.7085019
vn -0.1477412 0.9890087 0.0058738
vn -0.0884951 0.7001384 0.7085019
vn -0.1528176 0.9882517 0.0023093
vn -0.0836987 0.6974549 0.7117240
vn 0.0292182 -0.0019367 0.9995711
vn 0.0278620 0.0006535 0.9996116
vn -0.0836987 0.6974549 0.7117240
vn 0.0278620 0.0006535 0.9996116
vn -0.0884951 0.7001384 0.7085019
vn 0.0292182 -0.0019367 0.9995711
vn 0.1249392 -0.6992651 0.7038599
vn 0.1278876 -0.6995196 0.7030768
vn 0.0292182 -0.0019367 0.9995711
vn 0.1278876 -0.6995196 0.7030768
vn 0.0278620 0.0006535 0.9996116
vn 0.1249392 -0.6992651 0.7038599
vn 0.1478358 -0.9890096 -0.0021735
vn 0.1527051 -0.9882504 -0.0064922
vn 0.1249392 -0.6992651 0.7038599
vn 0.1527051 -0.9882504 -0.0064922
vn 0.1278876 -0.6995196 0.7030768
vn 0.1478358 -0.9890096 -0.0021735
vn 0.0843841 -0.7013661 -0.7077889
vn 0.0879630 -0.6972222 -0.7114378
vn 0.1478358 -0.9890096 -0.0021735
vn 0.0879630 -0.6972222 -0.7114378
vn 0.1527051 -0.9882504 -0.0064922
vn 0.0843841 -0.7013661 -0.7077889
vn -0.0286381 -0.0022102 -0.9995874
vn -0.0281179 0.0010482 -0.9996040
vn 0.0843841 -0.7013661 -0.7077889
vn -0.0281179 0.0010482 -0.9996040
vn 0.0879630 -0.6972222 -0.7114378
vn -0.0286381 -0.0022102 -0.9995874
vn -0.1249478 0.6990104 -0.7041112
vn -0.1277233 0.6983010 -0.7043170
vn -0.0286381 -0.0022102 -0.9995874
vn -0.1277233 0.6983010 -0.7043170
vn -0.0281179 0.0010482 -0.9996040
vn -0.1249478 0.6990104 -0.7041112
vn -0.1477412 0.9890087 0.0058738
vn -0.1528176 0.9882517 0.0023093
vn -0.1249478 0.6990104 -0.7041112
vn -0.1528176 0.9882517 0.0023093
vn -0.1277233 0.6983010 -0.7043170
vn -0.1528176 0.9882517 0.0023093
vn -0.0884951 0.7001384 0.7085019
vn -0.0951399 0.7017351 0.7060568
vn -0.1528176 0.9882517 0.0023093
vn -0.0951399 0.7017351 0.7060568
vn -0.1341639 0.9909592 -0.0002285
vn -0.0884951 0.7001384 0.7085019
vn 0.0278620 0.0006535 0.9996116
vn -0.0000778 -0.0007642 0.9999998
vn -0.0884951 0.7001384 0.7085019
vn -0.0000778 -0.0007642 0.9999998
vn -0.0951399 0.7017351 0.7060568
vn 0.0278620 0.0006535 0.9996116
vn 0.1278876 -0.6995196 0.7030768
vn 0.0952454 -0.7043672 0.7034168
vn 0.0278620 0.0006535 0.9996116
vn 0.0952454 -0.7043672 0.7034168
vn -0.0000778 -0.0007642 0.9999998
vn 0.1278876 -0.6995196 0.7030768
vn 0.1527051 -0.9882504 -0.0064922
vn 0.1341716 -0.9909154 -0.0092021
vn 0.1278876 -0.6995196 0.7030768
vn 0.1341716 -0.9909154 -0.0092021
vn 0.0952454 -0.7043672 0.7034168
vn 0.1527051 -0.9882504 -0.0064922
vn 0.0879630 -0.6972222 -0.7114378
vn 0.0940118 -0.6933718 -0.7144209
vn 0.1527051 -0.9882504 -0.0064922
vn 0.0940118 -0.6933718 -0.7144209
vn 0.1341716 -0.9909154 -0.0092021
vn 0.0879630 -0.6972222 -0.7114378
vn -0.0281179 0.0010482 -0.9996040
vn -0.0009119 0.0081304 -0.9999665
vn 0.0879630 -0.6972222 -0.7114378
vn -0.0009119 0.0081304 -0.9999665
vn 0.0940118 -0.6933718 -0.7144209
vn -0.0281179 0.0010482 -0.9996040
vn -0.1277233 0.6983010 -0.7043170
vn -0.0950954 0.7033761 -0.7044281
vn -0.0281179 0.0010482 -0.9996040
vn -0.0950954 0.7033761 -0.7044281
vn -0.0009119 0.0081304 -0.9999665
vn -0.1277233 0.6983010 -0.7043170
vn -0.1528176 0.9882517 0.0023093
vn -0.1341639 0.9909592 -0.0002285
vn -0.1277233 0.6983010 -0.7043170
vn -0.1341639 0.9909592 -0.0002285
vn -0.0950954 0.7033761 -0.7044281
vn -0.1341639 0.9909592 -0.0002285
vn -0.0951399 0.7017351 0.7060568
vn -0.0923090 0.7025856 0.7055866
vn -0.1341639 0.9909592 -0.0002285
vn -0.0923090 0.7025856 0.7055866
vn -0.0943509 0.9955377 0.0015880
vn -0.0951399 0.7017351 0.7060568
vn -0.0000778 -0.0007642 0.9999998
vn -0.0362119 -0.0029836 0.9993396
vn -0.0951399 0.7017351 0.7060568
vn -0.0362119 -0.0029836 0.9993396
vn -0.0923090 0.7025856 0.7055866
vn -0.0000778 -0.0007642 0.9999998
vn 0.0952454 -0.7043672 0.7034168
vn 0.0415013 -0.7094236 0.7035594
vn -0.0000778 -0.0007642 0.9999998
vn 0.0415013 -0.7094236 0.7035594
vn -0.0362119 -0.0029836 0.9993396
vn 0.0952454 -0.7043672 0.7034168
vn 0.1341716 -0.9909154 -0.0092021
vn 0.0946596 -0.9954600 -0.0099491
vn 0.0952454 -0.7043672 0.7034168
vn 0.0946596 -0.9954600 -0.0099491
vn 0.0415013 -0.7094236 0.7035594
vn 0.1341716 -0.9909154 -0.0092021
vn 0.0940118 -0.6933718 -0.7144209
vn 0.0917234 -0.6923685 -0.7156903
vn 0.1341716 -0.9909154 -0.0092021
vn 0.0917234 -0.6923685 -0.7156903
vn 0.0946596 -0.9954600 -0.0099491
vn 0.0940118 -0.6933718 -0.7144209
vn -0.0009119 0.0081304 -0.9999665
vn 0.0350713 0.0149855 -0.9992725
vn 0.0940118 -0.6933718 -0.7144209
vn 0.0350713 0.0149855 -0.9992725
vn 0.0917234 -0.6923685 -0.7156903
vn -0.0009119 0.0081304 -0.9999665
vn -0.0950954 0.7033761 -0.7044281
vn -0.0417461 0.7112433 -0.7017052
vn -0.0009119 0.0081304 -0.9999665
vn -0.0417461 0.7112433 -0.7017052
vn 0.0350713 0.0149855 -0.9992725
vn -0.0950954 0.7033761 -0.7044281
vn -0.1341639 0.9909592 -0.0002285
vn -0.0943509 0.9955377 0.0015880
vn -0.0950954 0.7033761 -0.7044281
vn -0.0943509 0.9955377 0.0015880
vn -0.0417461 0.7112433 -0.7017052
vn -0.0943509 0.9955377 0.0015880
vn -0.0923090 0.7025856 0.7055866
vn -0.0599187 0.7022557 0.7093988
vn -0.0943509 0.9955377 0.0015880
vn -0.0599187 0.7022557 0.7093988
vn -0.0395110 0.9991700 0.0099094
vn -0.0923090 0.7025856 0.7055866
vn -0.0362119 -0.0029836 0.9993396
vn -0.0456246 -0.0026382 0.9989552
vn -0.0923090 0.7025856 0.7055866
vn -0.0456246 -0.0026382 0.9989552
vn -0.0599187 0.7022557 0.7093988
vn -0.0362119 -0.0029836 0.9993396
vn 0.0415013 -0.7094236 0.7035594
vn -0.0045722 -0.7089761 0.7052177
vn -0.0362119 -0.0029836 0.9993396
vn -0.0045722 -0.7089761 0.7052177
vn -0.0456246 -0.0026382 0.9989552
vn 0.0415013 -0.7094236 0.7035594
vn 0.0946596 -0.9954600 -0.0099491
vn 0.0393574 -0.9992048 -0.0063932
vn 0.0415013 -0.7094236 0.7035594
vn 0.0393574 -0.9992048 -0.0063932
vn -0.0045722 -0.7089761 0.7052177
vn 0.0946596 -0.9954600 -0.0099491
vn 0.0917234 -0.6923685 -0.7156903
vn 0.0599689 -0.6965312 -0.7150161
vn 0.0946596 -0.9954600 -0.0099491
vn 0.0599689 -0.6965312 -0.7150161
vn 0.0393574 -0.9992048 -0.0063932
vn 0.0917234 -0.6923685 -0.7156903
vn 0.0350713 0.0149855 -0.9992725
vn 0.0450396 0.0174850 -0.9988321
vn 0.0917234 -0.6923685 -0.7156903
vn 0.0450396 0.0174850 -0.9988321
vn 0.0599689 -0.6965312 -0.7150161
vn 0.0350713 0.0149855 -0.9992725
vn -0.0417461 0.7112433 -0.7017052
vn 0.0037819 0.7180799 -0.6959504
vn 0.0350713 0.0149855 -0.9992725
vn 0.0037819 0.7180799 -0.6959504
vn 0.0450396 0.0174850 -0.9988321
vn -0.0417461 0.7112433 -0.7017052
vn -0.0943509 0.9955377 0.0015880
vn -0.0395110 0.9991700 0.0099094
vn -0.0417461 0.7112433 -0.7017052
vn -0.0395110 0.9991700 0.0099094
vn 0.0037819 0.7180799 -0.6959504
vn -0.0395110 0.9991700 0.0099094
vn -0.0599187 0.7022557 0.7093988
vn -0.0006242 0.7024212 0.7117613
vn -0.0395110 0.9991700 0.0099094
vn -0.0006242 0.7024212 0.7117613
vn 0.0223301 0.9996635 0.0132018
vn -0.0599187 0.7022557 0.7093988
vn -0.0456246 -0.0026382 0.9989552
vn -0.0232556 -0.0015776 0.9997283
vn -0.0599187 0.7022557 0.7093988
vn -0.0232556 -0.0015776 0.9997283
vn -0.0006242 0.7024212 0.7117613
vn -0.0456246 -0.0026382 0.9989552
vn -0.0045722 -0.7089761 0.7052177
vn -0.0324229 -0.7077561 0.7057124
vn -0.0456246 -0.0026382 0.9989552
vn -0.0324229 -0.7077561 0.7057124
vn -0.0232556 -0.0015776 0.9997283
vn -0.0045722 -0.7089761 0.7052177
vn 0.0393574 -0.9992048 -0.0063932
vn -0.0224994 -0.9997284 -0.0060714
vn -0.0045722 -0.7089761 0.7052177
vn -0.0224994 -0.9997284 -0.0060714
vn -0.0324229 -0.7077561 0.7057124
vn 0.0393574 -0.9992048 -0.0063932
vn 0.0599689 -0.6965312 -0.7150161
vn 0.0008226 -0.6983092 -0.7157957
vn 0.0393574 -0.9992048 -0.0063932
vn 0.0008226 -0.6983092 -0.7157957
vn -0.0224994 -0.9997284 -0.0060714
vn 0.0599689 -0.6965312 -0.7150161
vn 0.0450396 0.0174850 -0.9988321
vn 0.0236094 0.0168461 -0.9995793
vn 0.0599689 -0.6965312 -0.7150161
vn 0.0236094 0.0168461 -0.9995793
vn 0.0008226 -0.6983092 -0.7157957
vn 0.0450396 0.0174850 -0.9988321
vn 0.0037819 0.7180799 -0.6959504
vn 0.0324095 0.7188501 -0.6944092
vn 0.0450396 0.0174850 -0.9988321
vn 0.0324095 0.7188501 -0.6944092
vn 0.0236094 0.0168461 -0.9995793
vn 0.0037819 0.7180799 -0.6959504
vn -0.0395110 0.9991700 0.0099094
vn 0.0223301 0.9996635 0.0132018
vn 0.0037819 0.7180799 -0.6959504
vn 0.0223301 0.9996635 0.0132018
vn 0.0324095 0.7188501 -0.6944092
vn 0.0223301 0.9996635 0.0132018
vn -0.0006242 0.7024212 0.7117613
vn 0.0690895 0.6975623 0.7131855
vn 0.0223301 0.9996635 0.0132018
vn 0.0690895 0.6975623 0.7131855
vn 0.0807950 0.9966151 0.0151810
vn -0.0006242 0.7024212 0.7117613
vn -0.0232556 -0.0015776 0.9997283
vn 0.0175200 -0.0040172 0.9998385
vn -0.0006242 0.7024212 0.7117613
vn 0.0175200 -0.0040172 0.9998385
vn 0.0690895 0.6975623 0.7131855
vn -0.0232556 -0.0015776 0.9997283
vn -0.0324229 -0.7077561 0.7057124
vn -0.0444136 -0.7058151 0.7070024
vn -0.0232556 -0.0015776 0.9997283
vn -0.0444136 -0.7058151 0.7070024
vn 0.0175200 -0.0040172 0.9998385
vn -0.0324229 -0.7077561 0.7057124
vn -0.0224994 -0.9997284 -0.0060714
vn -0.0805936 -0.9967437 -0.0025847
vn -0.0324229 -0.7077561 0.7057124
vn -0.0805936 -0.9967437 -0.0025847
vn -0.0444136 -0.7058151 0.7070024
vn -0.0224994 -0.9997284 -0.0060714
vn 0.0008226 -0.6983092 -0.7157957
vn -0.0690878 -0.6972862 -0.7134555
vn -0.0224994 -0.9997284 -0.0060714
vn -0.0690878 -0.6972862 -0.7134555
vn -0.0805936 -0.9967437 -0.0025847
vn 0.0008226 -0.6983092 -0.7157957
vn 0.0236094 0.0168461 -0.9995793
vn -0.0164616 0.0171621 -0.9997172
vn 0.0008226 -0.6983092 -0.7157957
vn -0.0164616 0.0171621 -0.9997172
vn -0.0690878 -0.6972862 -0.7134555
vn 0.0236094 0.0168461 -0.9995793
vn 0.0324095 0.7188501 -0.6944092
vn 0.0456666 0.7184982 -0.6940280
vn 0.0236094 0.0168461 -0.9995793
vn 0.0456666 0.7184982 -0.6940280
vn -0.0164616 0.0171621 -0.9997172
vn 0.0324095 0.7188501 -0.6944092
vn 0.0223301 0.9996635 0.0132018
vn 0.0807950 0.9966151 0.0151810
vn 0.0324095 0.7188501 -0.6944092
vn 0.0807950 0.9966151 0.0151810
vn 0.0456666 0.7184982 -0.6940280
vn 0.0807950 0.9966151 0.0151810
vn 0.0690895 0.6975623 0.7131855
vn 0.1217012 0.6942222 0.7093971
vn 0.0807950 0.9966151 0.0151810
vn 0.1217012 0.6942222 0.7093971
vn 0.1256543 0.9920439 0.0077481
vn 0.0690895 0.6975623 0.7131855
vn 0.0175200 -0.0040172 0.9998385
vn 0.0468678 -0.0083224 0.9988664
vn 0.0690895 0.6975623 0.7131855
vn 0.0468678 -0.0083224 0.9988664
vn 0.1217012 0.6942222 0.7093971
vn 0.0175200 -0.0040172 0.9998385
vn -0.0444136 -0.7058151 0.7070024
vn -0.0556179 -0.7078797 0.7041399
vn 0.0175200 -0.0040172 0.9998385
vn -0.0556179 -0.7078797 0.7041399
vn 0.0468678 -0.0083224 0.9988664
vn -0.0444136 -0.7058151 0.7070024
vn -0.0805936 -0.9967437 -0.0025847
vn -0.1255884 -0.9920644 -0.0059820
vn -0.0444136 -0.7058151 0.7070024
vn -0.1255884 -0.9920644 -0.0059820
vn -0.0556179 -0.7078797 0.7041399
vn -0.0805936 -0.9967437 -0.0025847
vn -0.0690878 -0.6972862 -0.7134555
vn -0.1214474 -0.6906689 -0.7129003
vn -0.0805936 -0.9967437 -0.0025847
vn -0.1214474 -0.6906689 -0.7129003
vn -0.1255884 -0.9920644 -0.0059820
vn -0.0690878 -0.6972862 -0.7134555
vn -0.0164616 0.0171621 -0.9997172
vn -0.0457673 0.0171147 -0.9988055
vn -0.0690878 -0.6972862 -0.7134555
vn -0.0457673 0.0171147 -0.9988055
vn -0.1214474 -0.6906689 -0.7129003
vn -0.0164616 0.0171621 -0.9997172
vn 0.0456666 0.7184982 -0.6940280
vn 0.0565254 0.7130632 -0.6988174
vn -0.0164616 0.0171621 -0.9997172
vn 0.0565254 0.7130632 -0.6988174
vn -0.0457673 0.0171147 -0.9988055
vn 0.0456666 0.7184982 -0.6940280
vn 0.0807950 0.9966151 0.0151810
vn 0.1256543 0.9920439 0.0077481
vn 0.0456666 0.7184982 -0.6940280
vn 0.1256543 0.9920439 0.0077481
vn 0.0565254 0.7130632 -0.6988174
vn 0.1256543 0.9920439 0.0077481
vn 0.1217012 0.6942222 0.7093971
vn 0.1351521 0.6926566 0.7084919
vn 0.1256543 0.9920439 0.0077481
vn 0.1351521 0.6926566 0.7084919
vn 0.1502573 0.9886413 0.0033536
vn 0.1217012 0.6942222 0.7093971
vn 0.0468678 -0.0083224 0.9988664
vn 0.0407334 -0.0101670 0.9991184
vn 0.1217012 0.6942222 0.7093971
vn 0.0407334 -0.0101670 0.9991184
vn 0.1351521 0.6926566 0.7084919
vn 0.0468678 -0.0083224 0.9988664
vn -0.0556179 -0.7078797 0.7041399
vn -0.0777563 -0.7077426 0.7021783
vn 0.0468678 -0.0083224 0.9988664
vn -0.0777563 -0.7077426 0.7021783
vn 0.0407334 -0.0101670 0.9991184
vn -0.0556179 -0.7078797 0.7041399
vn -0.1255884 -0.9920644 -0.0059820
vn -0.1504495 -0.9885856 -0.0079696
vn -0.0556179 -0.7078797 0.7041399
vn -0.1504495 -0.9885856 -0.0079696
vn -0.0777563 -0.7077426 0.7021783
vn -0.1255884 -0.9920644 -0.0059820
vn -0.1214474 -0.6906689 -0.7129003
vn -0.1347122 -0.6886871 -0.7124342
vn -0.1255884 -0.9920644 -0.0059820
vn -0.1347122 -0.6886871 -0.7124342
vn -0.1504495 -0.9885856 -0.0079696
vn -0.1214474 -0.6906689 -0.7129003
vn -0.0457673 0.0171147 -0.9988055
vn -0.0402223 0.0134532 -0.9991002
vn -0.1214474 -0.6906689 -0.7129003
vn -0.0402223 0.0134532 -0.9991002
vn -0.1347122 -0.6886871 -0.7124342
vn -0.0457673 0.0171147 -0.9988055
vn 0.0565254 0.7130632 -0.6988174
vn 0.0776339 0.7071043 -0.7028345
vn -0.0457673 0.0171147 -0.9988055
vn 0.0776339 0.7071043 -0.7028345
vn -0.0402223 0.0134532 -0.9991002
vn 0.0565254 0.7130632 -0.6988174
vn 0.1256543 0.9920439 0.0077481
vn 0.1502573 0.9886413 0.0033536
vn 0.0565254 0.7130632 -0.6988174
vn 0.1502573 0.9886413 0.0033536
vn 0.0776339 0.7071043 -0.7028345
vn 0.1502573 0.9886413 0.0033536
vn 0.1351521 0.6926566 0.7084919
vn 0.1115358 0.6968655 0.7084759
vn 0.1502573 0.9886413 0.0033536
vn 0.1115358 0.6968655 0.7084759
vn 0.1516018 0.9884413 -0.0007628
vn 0.1351521 0.6926566 0.7084919
vn 0.0407334 -0.0101670 0.9991184
vn 0.0053626 -0.0078081 0.9999552
vn 0.1351521 0.6926566 0.7084919
vn 0.0053626 -0.0078081 0.9999552
vn 0.1115358 0.6968655 0.7084759
vn 0.0407334 -0.0101670 0.9991184
vn -0.0777563 -0.7077426 0.7021783
vn -0.1038943 -0.7072794 0.6992580
vn 0.0407334 -0.0101670 0.9991184
vn -0.1038943 -0.7072794 0.6992580
vn 0.0053626 -0.0078081 0.9999552
vn -0.0777563 -0.7077426 0.7021783
vn -0.1504495 -0.9885856 -0.0079696
vn -0.1516668 -0.9883612 -0.0117953
vn -0.0777563 -0.7077426 0.7021783
vn -0.1516668 -0.9883612 -0.0117953
vn -0.1038943 -0.7072794 0.6992580
vn -0.1504495 -0.9885856 -0.0079696
vn -0.1347122 -0.6886871 -0.7124342
vn -0.1108068 -0.6919592 -0.7133823
vn -0.1504495 -0.9885856 -0.0079696
vn -0.1108068 -0.6919592 -0.7133823
vn -0.1516668 -0.9883612 -0.0117953
vn -0.1347122 -0.6886871 -0.7124342
vn -0.0402223 0.0134532 -0.9991002
vn -0.0057703 0.0051416 -0.9999701
vn -0.1347122 -0.6886871 -0.7124342
vn -0.0057703 0.0051416 -0.9999701
vn -0.1108068 -0.6919592 -0.7133823
vn -0.0402223 0.0134532 -0.9991002
vn 0.0776339 0.7071043 -0.7028345
vn 0.1026936 0.6997905 -0.7069281
vn -0.0402223 0.0134532 -0.9991002
vn 0.1026936 0.6997905 -0.7069281
vn -0.0057703 0.0051416 -0.9999701
vn 0.0776339 0.7071043 -0.7028345
vn 0.1502573 0.9886413 0.0033536
vn 0.1516018 0.9884413 -0.0007628
vn 0.0776339 0.7071043 -0.7028345
vn 0.1516018 0.9884413 -0.0007628
vn 0.1026936 0.6997905 -0.7069281
vn 0.1516018 0.9884413 -0.0007628
vn 0.1115358 0.6968655 0.7084759
vn 0.0692108 0.6997768 0.7110009
vn 0.1516018 0.9884413 -0.0007628
vn 0.0692108 0.6997768 0.7110009
vn 0.1295044 0.9915764 0.0021904
vn 0.1115358 0.6968655 0.7084759
vn 0.0053626 -0.0078081 0.9999552
vn -0.0319185 -0.0051541 0.9994772
vn 0.1115358 0.6968655 0.7084759
vn -0.0319185 -0.0051541 0.9994772
vn 0.0692108 0.6997768 0.7110009
vn 0.0053626 -0.0078081 0.9999552
vn -0.1038943 -0.7072794 0.6992580
vn -0.1140228 -0.7052727 0.6997066
vn 0.0053626 -0.0078081 0.9999552
vn -0.1140228 -0.7052727 0.6997066
vn -0.0319185 -0.0051541 0.9994772
vn -0.1038943 -0.7072794 0.6992580
vn -0.1516668 -0.9883612 -0.0117953
vn -0.1293179 -0.9915725 -0.0077987
vn -0.1038943 -0.7072794 0.6992580
vn -0.1293179 -0.9915725 -0.0077987
vn -0.1140228 -0.7052727 0.6997066
vn -0.1516668 -0.9883612 -0.0117953
vn -0.1108068 -0.6919592 -0.7133823
vn -0.0694284 -0.7010880 -0.7096868
vn -0.1516668 -0.9883612 -0.0117953
vn -0.0694284 -0.7010880 -0.7096868
vn -0.1293179 -0.9915725 -0.0077987
vn -0.1108068 -0.6919592 -0.7133823
vn -0.0057703 0.0051416 -0.9999701
vn 0.0308428 -0.0030309 -0.9995196
vn -0.1108068 -0.6919592 -0.7133823
vn 0.0308428 -0.0030309 -0.9995196
vn -0.0694284 -0.7010880 -0.7096868
vn -0.0057703 0.0051416 -0.9999701
vn 0.1026936 0.6997905 -0.7069281
vn 0.1133517 0.6984075 -0.7066670
vn -0.0057703 0.0051416 -0.9999701
vn 0.1133517 0.6984075 -0.7066670
vn 0.0308428 -0.0030309 -0.9995196
vn 0.1026936 0.6997905 -0.7069281
vn 0.1516018 0.9884413 -0.0007628
vn 0.1295044 0.9915764 0.0021904
vn 0.1026936 0.6997905 -0.7069281
vn 0.1295044 0.9915764 0.0021904
vn 0.1133517 0.6984075 -0.7066670
vn 0.1295044 0.9915764 0.0021904
vn 0.0692108 0.6997768 0.7110009
vn 0.0395204 0.6987782 0.7142459
vn 0.1295044 0.9915764 0.0021904
vn 0.0395204 0.6987782 0.7142459
vn 0.0867810 0.9962028 0.0070177
vn 0.0692108 0.6997768 0.7110009
vn -0.0319185 -0.0051541 0.9994772
vn -0.0307267 -0.0075494 0.9994993
vn 0.0692108 0.6997768 0.7110009
vn -0.0307267 -0.0075494 0.9994993
vn 0.0395204 0.6987782 0.7142459
vn -0.0319185 -0.0051541 0.9994772
vn -0.1140228 -0.7052727 0.6997066
vn -0.0828474 -0.7069075 0.7024373
vn -0.0319185 -0.0051541 0.9994772
vn -0.0828474 -0.7069075 0.7024373
vn -0.0307267 -0.0075494 0.9994993
vn -0.1140228 -0.7052727 0.6997066
vn -0.1293179 -0.9915725 -0.0077987
vn -0.0869537 -0.9962119 -0.0008411
vn -0.1140228 -0.7052727 0.6997066
vn -0.0869537 -0.9962119 -0.0008411
vn -0.0828474 -0.7069075 0.7024373
vn -0.1293179 -0.9915725 -0.0077987
vn -0.0694284 -0.7010880 -0.7096868
vn -0.0406228 -0.7081491 -0.7048932
vn -0.1293179 -0.9915725 -0.0077987
vn -0.0406228 -0.7081491 -0.7048932
vn -0.0869537 -0.9962119 -0.0008411
vn -0.0694284 -0.7010880 -0.7096868
vn 0.0308428 -0.0030309 -0.9995196
vn 0.0296504 -0.0049887 -0.9995478
vn -0.0694284 -0.7010880 -0.7096868
vn 0.0296504 -0.0049887 -0.9995478
vn -0.0406228 -0.7081491 -0.7048932
vn 0.0308428 -0.0030309 -0.9995196
vn 0.1133517 0.6984075 -0.7066670
vn 0.0826997 0.7037110 -0.7056569
vn 0.0308428 -0.0030309 -0.9995196
vn 0.0826997 0.7037110 -0.7056569
vn 0.0296504 -0.0049887 -0.9995478
vn 0.1133517 0.6984075 -0.7066670
vn 0.1295044 0.9915764 0.0021904
vn 0.0867810 0.9962028 0.0070177
vn 0.1133517 0.6984075 -0.7066670
vn 0.0867810 0.9962028 0.0070177
vn 0.0826997 0.7037110 -0.7056569
vn 0.0867810 0.9962028 0.0070177
vn 0.0395204 0.6987782 0.7142459
vn 0.0301739 0.6960959 0.7173145
vn 0.0867810 0.9962028 0.0070177
vn 0.0301739 0.6960959 0.7173145
vn 0.0304051 0.9994687 0.0117353
vn 0.0395204 0.6987782 0.7142459
vn -0.0307267 -0.0075494 0.9994993
vn 0.0123256 -0.0118749 0.9998536
vn 0.0395204 0.6987782 0.7142459
vn 0.0123256 -0.0118749 0.9998536
vn 0.0301739 0.6960959 0.7173145
vn -0.0307267 -0.0075494 0.9994993
vn -0.0828474 -0.7069075 0.7024373
vn -0.0125637 -0.7101253 0.7039631
vn -0.0307267 -0.0075494 0.9994993
vn -0.0125637 -0.7101253 0.7039631
vn 0.0123256 -0.0118749 0.9998536
vn -0.0828474 -0.7069075 0.7024373
vn -0.0869537 -0.9962119 -0.0008411
vn -0.0302162 -0.9995390 0.0029645
vn -0.0828474 -0.7069075 0.7024373
vn -0.0302162 -0.9995390 0.0029645
vn -0.0125637 -0.7101253 0.7039631
vn -0.0869537 -0.9962119 -0.0008411
vn -0.0406228 -0.7081491 -0.7048932
vn -0.0304326 -0.7109857 -0.7025477
vn -0.0869537 -0.9962119 -0.0008411
vn -0.0304326 -0.7109857 -0.7025477
vn -0.0302162 -0.9995390 0.0029645
vn -0.0406228 -0.7081491 -0.7048932
vn 0.0296504 -0.0049887 -0.9995478
vn -0.0127797 -0.0030961 -0.9999135
vn -0.0406228 -0.7081491 -0.7048932
vn -0.0127797 -0.0030961 -0.9999135
vn -0.0304326 -0.7109857 -0.7025477
vn 0.0296504 -0.0049887 -0.9995478
vn 0.0826997 0.7037110 -0.7056569
vn 0.0125574 0.7099811 -0.7041088
vn 0.0296504 -0.0049887 -0.9995478
vn 0.0125574 0.7099811 -0.7041088
vn -0.0127797 -0.0030961 -0.9999135
vn 0.0826997 0.7037110 -0.7056569
vn 0.0867810 0.9962028 0.0070177
vn 0.0304051 0.9994687 0.0117353
vn 0.0826997 0.7037110 -0.7056569
vn 0.0304051 0.9994687 0.0117353
vn 0.0125574 0.7099811 -0.7041088
vn 0.0304051 0.9994687 0.0117353
vn 0.0301739 0.6960959 0.7173145
vn 0.0126616 0.6984035 0.7155923
vn 0.0304051 0.9994687 0.0117353
vn 0.0126616 0.6984035 0.7155923
vn -0.0311655 0.9994798 0.0082923
vn 0.0301739 0.6960959 0.7173145
vn 0.0123256 -0.0118749 0.9998536
vn 0.0488327 -0.0126754 0.9987265
vn 0.0301739 0.6960959 0.7173145
vn 0.0488327 -0.0126754 0.9987265
vn 0.0126616 0.6984035 0.7155923
vn 0.0123256 -0.0118749 0.9998536
vn -0.0125637 -0.7101253 0.7039631
vn 0.0563884 -0.7133266 0.6985595
vn 0.0123256 -0.0118749 0.9998536
vn 0.0563884 -0.7133266 0.6985595
vn 0.0488327 -0.0126754 0.9987265
vn -0.0125637 -0.7101253 0.7039631
vn -0.0302162 -0.9995390 0.0029645
vn 0.0313052 -0.9994955 -0.0053621
vn -0.0125637 -0.7101253 0.7039631
vn 0.0313052 -0.9994955 -0.0053621
vn 0.0563884 -0.7133266 0.6985595
vn -0.0302162 -0.9995390 0.0029645
vn -0.0304326 -0.7109857 -0.7025477
vn -0.0119094 -0.7073886 -0.7067245
vn -0.0302162 -0.9995390 0.0029645
vn -0.0119094 -0.7073886 -0.7067245
vn 0.0313052 -0.9994955 -0.0053621
vn -0.0304326 -0.7109857 -0.7025477
vn -0.0127797 -0.0030961 -0.9999135
vn -0.0483502 -0.0022884 -0.9988279
vn -0.0304326 -0.7109857 -0.7025477
vn -0.0483502 -0.0022884 -0.9988279
vn -0.0119094 -0.7073886 -0.7067245
vn -0.0127797 -0.0030961 -0.9999135
vn 0.0125574 0.7099811 -0.7041088
vn -0.0565192 0.7073289 -0.7046215
vn -0.0127797 -0.0030961 -0.9999135
vn -0.0565192 0.7073289 -0.7046215
vn -0.0483502 -0.0022884 -0.9988279
vn 0.0125574 0.7099811 -0.7041088
vn 0.0304051 0.9994687 0.0117353
vn -0.0311655 0.9994798 0.0082923
vn 0.0125574 0.7099811 -0.7041088
vn -0.0311655 0.9994798 0.0082923
vn -0.0565192 0.7073289 -0.7046215
vn -0.0311655 0.9994798 0.0082923
vn 0.0126616 0.6984035 0.7155923
vn -0.0522351 0.7012410 0.7110082
vn -0.0311655 0.9994798 0.0082923
vn -0.0522351 0.7012410 0.7110082
vn -0.0881340 0.9961069 -0.0018356
vn 0.0126616 0.6984035 0.7155923
vn 0.0488327 -0.0126754 0.9987265
vn 0.0149589 -0.0135632 0.9997962
vn 0.0126616 0.6984035 0.7155923
vn 0.0149589 -0.0135632 0.9997962
vn -0.0522351 0.7012410 0.7110082
vn 0.0488327 -0.0126754 0.9987265
vn 0.0563884 -0.7133266 0.6985595
vn 0.0729706 -0.7173197 0.6929125
vn 0.0488327 -0.0126754 0.9987265
vn 0.0729706 -0.7173197 0.6929125
vn 0.0149589 -0.0135632 0.9997962
vn 0.0563884 -0.7133266 0.6985595
vn 0.0313052 -0.9994955 -0.0053621
vn 0.0878426 -0.9959762 -0.0177490
vn 0.0563884 -0.7133266 0.6985595
vn 0.0878426 -0.9959762 -0.0177490
vn 0.0729706 -0.7173197 0.6929125
vn 0.0313052 -0.9994955 -0.0053621
vn -0.0119094 -0.7073886 -0.7067245
vn 0.0518921 -0.6977804 -0.7144296
vn 0.0313052 -0.9994955 -0.0053621
vn 0.0518921 -0.6977804 -0.7144296
vn 0.0878426 -0.9959762 -0.0177490
vn -0.0119094 -0.7073886 -0.7067245
vn -0.0483502 -0.0022884 -0.9988279
vn -0.0138321 0.0009228 -0.9999039
vn -0.0119094 -0.7073886 -0.7067245
vn -0.0138321 0.0009228 -0.9999039
vn 0.0518921 -0.6977804 -0.7144296
vn -0.0483502 -0.0022884 -0.9988279
vn -0.0565192 0.7073289 -0.7046215
vn -0.0717931 0.7013560 -0.7091864
vn -0.0483502 -0.0022884 -0.9988279
vn -0.0717931 0.7013560 -0.7091864
vn -0.0138321 0.0009228 -0.9999039
vn -0.0565192 0.7073289 -0.7046215
vn -0.0311655 0.9994798 0.0082923
vn -0.0881340 0.9961069 -0.0018356
vn -0.0565192 0.7073289 -0.7046215
vn -0.0881340 0.9961069 -0.0018356
vn -0.0717931 0.7013560 -0.7091864
vn -0.0881340 0.9961069 -0.0018356
vn -0.0522351 0.7012410 0.7110082
vn -0.1286559 0.6929368 0.7094268
vn -0.0881340 0.9961069 -0.0018356
vn -0.1286559 0.6929368 0.7094268
vn -0.1302593 0.9914801 -0.0000446
vn -0.0522351 0.7012410 0.7110082
vn 0.0149589 -0.0135632 0.9997962
vn -0.0507028 -0.0170603 0.9985681
vn -0.0522351 0.7012410 0.7110082
vn -0.0507028 -0.0170603 0.9985681
vn -0.1286559 0.6929368 0.7094268
vn 0.0149589 -0.0135632 0.9997962
vn 0.0729706 -0.7173197 0.6929125
vn 0.0570499 -0.7152810 0.6965046
vn 0.0149589 -0.0135632 0.9997962
vn 0.0570499 -0.7152810 0.6965046
vn -0.0507028 -0.0170603 0.9985681
vn 0.0729706 -0.7173197 0.6929125
vn 0.0878426 -0.9959762 -0.0177490
vn 0.1308820 -0.9913201 -0.0124228
vn 0.0729706 -0.7173197 0.6929125
vn 0.1308820 -0.9913201 -0.0124228
vn 0.0570499 -0.7152810 0.6965046
vn 0.0878426 -0.9959762 -0.0177490
vn 0.0518921 -0.6977804 -0.7144296
vn 0.1284444 -0.6907820 -0.7115633
vn 0.0878426 -0.9959762 -0.0177490
vn 0.1284444 -0.6907820 -0.7115633
vn 0.1308820 -0.9913201 -0.0124228
vn 0.0518921 -0.6977804 -0.7144296
vn -0.0138321 0.0009228 -0.9999039
vn 0.0517348 0.0089623 -0.9986207
vn 0.0518921 -0.6977804 -0.7144296
vn 0.0517348 0.0089623 -0.9986207
vn 0.1284444 -0.6907820 -0.7115633
vn -0.0138321 0.0009228 -0.9999039
vn -0.0717931 0.7013560 -0.7091864
vn -0.0551799 0.7051595 -0.7068983
vn -0.0138321 0.0009228 -0.9999039
vn -0.0551799 0.7051595 -0.7068983
vn 0.0517348 0.0089623 -0.9986207
vn -0.0717931 0.7013560 -0.7091864
vn -0.0881340 0.9961069 -0.0018356
vn -0.1302593 0.9914801 -0.0000446
vn -0.0717931 0.7013560 -0.7091864
vn -0.1302593 0.9914801 -0.0000446
vn -0.0551799 0.7051595 -0.7068983
vn -0.1302593 0.9914801 -0.0000446
vn -0.1286559 0.6929368 0.7094268
vn -0.1617793 0.6867488 0.7086632
vn -0.1302593 0.9914801 -0.0000446
vn -0.1617793 0.6867488 0.7086632
vn -0.1521648 0.9883456 0.0043384
vn -0.1286559 0.6929368 0.7094268
vn -0.0507028 -0.0170603 0.9985681
vn -0.0765277 -0.0172623 0.9969180
vn -0.1286559 0.6929368 0.7094268
vn -0.0765277 -0.0172623 0.9969180
vn -0.1617793 0.6867488 0.7086632
vn -0.0507028 -0.0170603 0.9985681
vn 0.0570499 -0.7152810 0.6965046
vn 0.0534803 -0.7107936 0.7013646
vn -0.0507028 -0.0170603 0.9985681
vn 0.0534803 -0.7107936 0.7013646
vn -0.0765277 -0.0172623 0.9969180
vn 0.0570499 -0.7152810 0.6965046
vn 0.1308820 -0.9913201 -0.0124228
vn 0.1521696 -0.9883447 -0.0043605
vn 0.0570499 -0.7152810 0.6965046
vn 0.1521696 -0.9883447 -0.0043605
vn 0.0534803 -0.7107936 0.7013646
vn 0.1308820 -0.9913201 -0.0124228
vn 0.1284444 -0.6907820 -0.7115633
vn 0.1618918 -0.6879956 -0.7074270
vn 0.1308820 -0.9913201 -0.0124228
vn 0.1618918 -0.6879956 -0.7074270
vn 0.1521696 -0.9883447 -0.0043605
vn 0.1284444 -0.6907820 -0.7115633
vn 0.0517348 0.0089623 -0.9986207
vn 0.0769362 0.0148295 -0.9969258
vn 0.1284444 -0.6907820 -0.7115633
vn 0.0769362 0.0148295 -0.9969258
vn 0.1618918 -0.6879956 -0.7074270
vn 0.0517348 0.0089623 -0.9986207
vn -0.0551799 0.7051595 -0.7068983
vn -0.0531707 0.7095540 -0.7026421
vn 0.0517348 0.0089623 -0.9986207
vn -0.0531707 0.7095540 -0.7026421
vn 0.0769362 0.0148295 -0.9969258
vn -0.0551799 0.7051595 -0.7068983
vn -0.1302593 0.9914801 -0.0000446
vn -0.1521648 0.9883456 0.0043384
vn -0.0551799 0.7051595 -0.7068983
vn -0.1521648 0.9883456 0.0043384
vn -0.0531707 0.7095540 -0.7026421
vn -0.1521648 0.9883456 0.0043384
vn -0.1617793 0.6867488 0.7086632
vn -0.1243779 0.6882583 0.7147242
vn -0.1521648 0.9883456 0.0043384
vn -0.1243779 0.6882583 0.7147242
vn -0.1502363 0.9885152 0.0163326
vn -0.1617793 0.6867488 0.7086632
vn -0.0765277 -0.0172623 0.9969180
vn -0.0271307 -0.0064331 0.9996113
vn -0.1617793 0.6867488 0.7086632
vn -0.0271307 -0.0064331 0.9996113
vn -0.1243779 0.6882583 0.7147242
vn -0.0765277 -0.0172623 0.9969180
vn 0.0534803 -0.7107936 0.7013646
vn 0.0857968 -0.6981332 0.7108087
vn -0.0765277 -0.0172623 0.9969180
vn 0.0857968 -0.6981332 0.7108087
vn -0.0271307 -0.0064331 0.9996113
vn 0.0534803 -0.7107936 0.7013646
vn 0.1521696 -0.9883447 -0.0043605
vn 0.1495850 -0.9887142 0.0082915
vn 0.0534803 -0.7107936 0.7013646
vn 0.1495850 -0.9887142 0.0082915
vn 0.0857968 -0.6981332 0.7108087
vn 0.1521696 -0.9883447 -0.0043605
vn 0.1618918 -0.6879956 -0.7074270
vn 0.1256990 -0.6987483 -0.7042376
vn 0.1521696 -0.9883447 -0.0043605
vn 0.1256990 -0.6987483 -0.7042376
vn 0.1495850 -0.9887142 0.0082915
vn 0.1618918 -0.6879956 -0.7074270
vn 0.0769362 0.0148295 -0.9969258
vn 0.0266157 0.0099954 -0.9995958
vn 0.1618918 -0.6879956 -0.7074270
vn 0.0266157 0.0099954 -0.9995958
vn 0.1256990 -0.6987483 -0.7042376
vn 0.0769362 0.0148295 -0.9969258
vn -0.0531707 0.7095540 -0.7026421
vn -0.0882826 0.7119645 -0.6966439
vn 0.0769362 0.0148295 -0.9969258
vn -0.0882826 0.7119645 -0.6966439
vn 0.0266157 0.0099954 -0.9995958
vn -0.0531707 0.7095540 -0.7026421
vn -0.1521648 0.9883456 0.0043384
vn -0.1502363 0.9885152 0.0163326
vn -0.0531707 0.7095540 -0.7026421
vn -0.1502363 0.9885152 0.0163326
vn -0.0882826 0.7119645 -0.6966439
vn -0.1502363 0.9885152 0.0163326
vn -0.1243779 0.6882583 0.7147242
vn -0.0462373 0.7027444 0.7099383
vn -0.1502363 0.9885152 0.0163326
vn -0.0462373 0.7027444 0.7099383
vn -0.1238876 0.9922314 0.0113416
vn -0.1243779 0.6882583 0.7147242
vn -0.0271307 -0.0064331 0.9996113
vn 0.0579217 0.0088255 0.9982821
vn -0.1243779 0.6882583 0.7147242
vn 0.0579217 0.0088255 0.9982821
vn -0.0462373 0.7027444 0.7099383
vn -0.0271307 -0.0064331 0.9996113
vn 0.0857968 -0.6981332 0.7108087
vn 0.1288633 -0.6918274 0.7104710
vn -0.0271307 -0.0064331 0.9996113
vn 0.1288633 -0.6918274 0.7104710
vn 0.0579217 0.0088255 0.9982821
vn 0.0857968 -0.6981332 0.7108087
vn 0.1495850 -0.9887142 0.0082915
vn 0.1249086 -0.9921499 0.0060353
vn 0.0857968 -0.6981332 0.7108087
vn 0.1249086 -0.9921499 0.0060353
vn 0.1288633 -0.6918274 0.7104710
vn 0.1495850 -0.9887142 0.0082915
vn 0.1256990 -0.6987483 -0.7042376
vn 0.0469820 -0.7068916 -0.7057598
vn 0.1495850 -0.9887142 0.0082915
vn 0.0469820 -0.7068916 -0.7057598
vn 0.1249086 -0.9921499 0.0060353
vn 0.1256990 -0.6987483 -0.7042376
vn 0.0266157 0.0099954 -0.9995958
vn -0.0590859 0.0000837 -0.9982529
vn 0.1256990 -0.6987483 -0.7042376
vn -0.0590859 0.0000837 -0.9982529
vn 0.0469820 -0.7068916 -0.7057598
vn 0.0266157 0.0099954 -0.9995958
vn -0.0882826 0.7119645 -0.6966439
vn -0.1297523 0.7049838 -0.6972533
vn 0.0266157 0.0099954 -0.9995958
vn -0.1297523 0.7049838 -0.6972533
vn -0.0590859 0.0000837 -0.9982529
vn -0.0882826 0.7119645 -0.6966439
vn -0.1502363 0.9885152 0.0163326
vn -0.1238876 0.9922314 0.0113416
vn -0.0882826 0.7119645 -0.6966439
vn -0.1238876 0.9922314 0.0113416
vn -0.1297523 0.7049838 -0.6972533
vn -0.1238876 0.9922314 0.0113416
vn -0.0462373 0.7027444 0.7099383
vn 0.0146661 0.7136227 0.7003766
vn -0.1238876 0.9922314 0.0113416
vn 0.0146661 0.7136227 0.7003766
vn -0.0793676 0.9968454 0.0003406
vn -0.0462373 0.7027444 0.7099383
vn 0.0579217 0.0088255 0.9982821
vn 0.1003636 0.0155651 0.9948291
vn -0.0462373 0.7027444 0.7099383
vn 0.1003636 0.0155651 0.9948291
vn 0.0146661 0.7136227 0.7003766
vn 0.0579217 0.0088255 0.9982821
vn 0.1288633 -0.6918274 0.7104710
vn 0.1276786 -0.6940283 0.7085357
vn 0.0579217 0.0088255 0.9982821
vn 0.1276786 -0.6940283 0.7085357
vn 0.1003636 0.0155651 0.9948291
vn 0.1288633 -0.6918274 0.7104710
vn 0.1249086 -0.9921499 0.0060353
vn 0.0797327 -0.9968115 0.0030614
vn 0.1288633 -0.6918274 0.7104710
vn 0.0797327 -0.9968115 0.0030614
vn 0.1276786 -0.6940283 0.7085357
vn 0.1249086 -0.9921499 0.0060353
vn 0.0469820 -0.7068916 -0.7057598
vn -0.0155489 -0.7088855 -0.7051522
vn 0.1249086 -0.9921499 0.0060353
vn -0.0155489 -0.7088855 -0.7051522
vn 0.0797327 -0.9968115 0.0030614
vn 0.0469820 -0.7068916 -0.7057598
vn -0.0590859 0.0000837 -0.9982529
vn -0.1013770 -0.0025876 -0.9948447
vn 0.0469820 -0.7068916 -0.7057598
vn -0.1013770 -0.0025876 -0.9948447
vn -0.0155489 -0.7088855 -0.7051522
vn -0.0590859 0.0000837 -0.9982529
vn -0.1297523 0.7049838 -0.6972533
vn -0.1274445 0.7023197 -0.7003606
vn -0.0590859 0.0000837 -0.9982529
vn -0.1274445 0.7023197 -0.7003606
vn -0.1013770 -0.0025876 -0.9948447
vn -0.1297523 0.7049838 -0.6972533
vn -0.1238876 0.9922314 0.0113416
vn -0.0793676 0.9968454 0.0003406
vn -0.1297523 0.7049838 -0.6972533
vn -0.0793676 0.9968454 0.0003406
vn -0.1274445 0.7023197 -0.7003606
vn -0.0793676 0.9968454 0.0003406
vn 0.0146661 0.7136227 0.7003766
vn 0.0240331 0.7216067 0.6918860
vn -0.0793676 0.9968454 0.0003406
vn 0.0240331 0.7216067 0.6918860
vn -0.0222075 0.9996030 -0.0173377
vn 0.0146661 0.7136227 0.7003766
vn 0.1003636 0.0155651 0.9948291
vn 0.0564870 0.0144693 0.9982985
vn 0.0146661 0.7136227 0.7003766
vn 0.0564870 0.0144693 0.9982985
vn 0.0240331 0.7216067 0.6918860
vn 0.1003636 0.0155651 0.9948291
vn 0.1276786 -0.6940283 0.7085357
vn 0.0552048 -0.7050425 0.7070130
vn 0.1003636 0.0155651 0.9948291
vn 0.0552048 -0.7050425 0.7070130
vn 0.0564870 0.0144693 0.9982985
vn 0.1276786 -0.6940283 0.7085357
vn 0.0797327 -0.9968115 0.0030614
vn 0.0207928 -0.9997541 -0.0077128
vn 0.1276786 -0.6940283 0.7085357
vn 0.0207928 -0.9997541 -0.0077128
vn 0.0552048 -0.7050425 0.7070130
vn 0.0797327 -0.9968115 0.0030614
vn -0.0155489 -0.7088855 -0.7051522
vn -0.0256202 -0.7015741 -0.7121359
vn 0.0797327 -0.9968115 0.0030614
vn -0.0256202 -0.7015741 -0.7121359
vn 0.0207928 -0.9997541 -0.0077128
vn -0.0155489 -0.7088855 -0.7051522
vn -0.1013770 -0.0025876 -0.9948447
vn -0.0568136 0.0008301 -0.9983845
vn -0.0155489 -0.7088855 -0.7051522
vn -0.0568136 0.0008301 -0.9983845
vn -0.0256202 -0.7015741 -0.7121359
vn -0.1013770 -0.0025876 -0.9948447
vn -0.1274445 0.7023197 -0.7003606
vn -0.0553539 0.7001147 -0.7118816
vn -0.1013770 -0.0025876 -0.9948447
vn -0.0553539 0.7001147 -0.7118816
vn -0.0568136 0.0008301 -0.9983845
vn -0.1274445 0.7023197 -0.7003606
vn -0.0793676 0.9968454 0.0003406
vn -0.0222075 0.9996030 -0.0173377
vn -0.1274445 0.7023197 -0.7003606
vn -0.0222075 0.9996030 -0.0173377
vn -0.0553539 0.7001147 -0.7118816
vn -0.0222075 0.9996030 -0.0173377
vn 0.0240331 0.7216067 0.6918860
vn 0.0173711 0.7163522 0.6975225
vn -0.0222075 0.9996030 -0.0173377
vn 0.0173711 0.7163522 0.6975225
vn 0.0405270 0.9991314 -0.0097013
vn 0.0240331 0.7216067 0.6918860
vn 0.0564870 0.0144693 0.9982985
vn -0.0161042 0.0126231 0.9997906
vn 0.0240331 0.7216067 0.6918860
vn -0.0161042 0.0126231 0.9997906
vn 0.0173711 0.7163522 0.6975225
vn 0.0564870 0.0144693 0.9982985
vn 0.0552048 -0.7050425 0.7070130
vn -0.0401908 -0.7017002 0.7113379
vn 0.0564870 0.0144693 0.9982985
vn -0.0401908 -0.7017002 0.7113379
vn -0.0161042 0.0126231 0.9997906
vn 0.0552048 -0.7050425 0.7070130
vn 0.0207928 -0.9997541 -0.0077128
vn -0.0403702 -0.9991844 -0.0008092
vn 0.0552048 -0.7050425 0.7070130
vn -0.0403702 -0.9991844 -0.0008092
vn -0.0401908 -0.7017002 0.7113379
vn 0.0207928 -0.9997541 -0.0077128
vn -0.0256202 -0.7015741 -0.7121359
vn -0.0166591 -0.7037385 -0.7102638
vn 0.0207928 -0.9997541 -0.0077128
vn -0.0166591 -0.7037385 -0.7102638
vn -0.0403702 -0.9991844 -0.0008092
vn -0.0256202 -0.7015741 -0.7121359
vn -0.0568136 0.0008301 -0.9983845
vn 0.0166558 0.0022504 -0.9998587
vn -0.0256202 -0.7015741 -0.7121359
vn 0.0166558 0.0022504 -0.9998587
vn -0.0166591 -0.7037385 -0.7102638
vn -0.0568136 0.0008301 -0.9983845
vn -0.0553539 0.7001147 -0.7118816
vn 0.0401849 0.7038810 -0.7091802
vn -0.0568136 0.0008301 -0.9983845
vn 0.0401849 0.7038810 -0.7091802
vn 0.0166558 0.0022504 -0.9998587
vn -0.0553539 0.7001147 -0.7118816
vn -0.0222075 0.9996030 -0.0173377
vn 0.0405270 0.9991314 -0.0097013
vn -0.0553539 0.7001147 -0.7118816
vn 0.0405270 0.9991314 -0.0097013
vn 0.0401849 0.7038810 -0.7091802
vn 0.0405270 0.9991314 -0.0097013
vn 0.0173711 0.7163522 0.6975225
vn 0.0407924 0.7110507 0.7019565
vn 0.0405270 0.9991314 -0.0097013
vn 0.0407924 0.7110507 0.7019565
vn 0.0954415 0.9954321 -0.0023985
vn 0.0173711 0.7163522 0.6975225
vn -0.0161042 0.0126231 0.9997906
vn -0.0377526 0.0119146 0.9992161
vn 0.0173711 0.7163522 0.6975225
vn -0.0377526 0.0119146 0.9992161
vn 0.0407924 0.7110507 0.7019565
vn -0.0161042 0.0126231 0.9997906
vn -0.0401908 -0.7017002 0.7113379
vn -0.0944267 -0.6966403 0.7111791
vn -0.0161042 0.0126231 0.9997906
vn -0.0944267 -0.6966403 0.7111791
vn -0.0377526 0.0119146 0.9992161
vn -0.0401908 -0.7017002 0.7113379
vn -0.0403702 -0.9991844 -0.0008092
vn -0.0954464 -0.9954321 0.0022069
vn -0.0401908 -0.7017002 0.7113379
vn -0.0954464 -0.9954321 0.0022069
vn -0.0944267 -0.6966403 0.7111791
vn -0.0403702 -0.9991844 -0.0008092
vn -0.0166591 -0.7037385 -0.7102638
vn -0.0399672 -0.7050138 -0.7080664
vn -0.0403702 -0.9991844 -0.0008092
vn -0.0399672 -0.7050138 -0.7080664
vn -0.0954464 -0.9954321 0.0022069
vn -0.0166591 -0.7037385 -0.7102638
vn 0.0166558 0.0022504 -0.9998587
vn 0.0388987 0.0000421 -0.9992431
vn -0.0166591 -0.7037385 -0.7102638
vn 0.0388987 0.0000421 -0.9992431
vn -0.0399672 -0.7050138 -0.7080664
vn 0.0166558 0.0022504 -0.9998587
vn 0.0401849 0.7038810 -0.7091802
vn 0.0947428 0.7025619 -0.7052876
vn 0.0166558 0.0022504 -0.9998587
vn 0.0947428 0.7025619 -0.7052876
vn 0.0388987 0.0000421 -0.9992431
vn 0.0401849 0.7038810 -0.7091802
vn 0.0405270 0.9991314 -0.0097013
vn 0.0954415 0.9954321 -0.0023985
vn 0.0401849 0.7038810 -0.7091802
vn 0.0954415 0.9954321 -0.0023985
vn 0.0947428 0.7025619 -0.7052876
vn 0.0954415 0.9954321 -0.0023985
vn 0.0407924 0.7110507 0.7019565
vn 0.0853943 0.7018020 0.7072353
vn 0.0954415 0.9954321 -0.0023985
vn 0.0853943 0.7018020 0.7072353
vn 0.1347515 0.9908686 0.0046325
vn 0.0407924 0.7110507 0.7019565
vn -0.0377526 0.0119146 0.9992161
vn -0.0133493 0.0067862 0.9998879
vn 0.0407924 0.7110507 0.7019565
vn -0.0133493 0.0067862 0.9998879
vn 0.0853943 0.7018020 0.7072353
vn -0.0377526 0.0119146 0.9992161
vn -0.0944267 -0.6966403 0.7111791
vn -0.1045448 -0.6935358 0.7127963
vn -0.0377526 0.0119146 0.9992161
vn -0.1045448 -0.6935358 0.7127963
vn -0.0133493 0.0067862 0.9998879
vn -0.0944267 -0.6966403 0.7111791
vn -0.0954464 -0.9954321 0.0022069
vn -0.1349312 -0.9908264 0.0075260
vn -0.0944267 -0.6966403 0.7111791
vn -0.1349312 -0.9908264 0.0075260
vn -0.1045448 -0.6935358 0.7127963
vn -0.0954464 -0.9954321 0.0022069
vn -0.0399672 -0.7050138 -0.7080664
vn -0.0857543 -0.7041953 -0.7048087
vn -0.0954464 -0.9954321 0.0022069
vn -0.0857543 -0.7041953 -0.7048087
vn -0.1349312 -0.9908264 0.0075260
vn -0.0399672 -0.7050138 -0.7080664
vn 0.0388987 0.0000421 -0.9992431
vn 0.0143383 0.0004452 -0.9998971
vn -0.0399672 -0.7050138 -0.7080664
vn 0.0143383 0.0004452 -0.9998971
vn -0.0857543 -0.7041953 -0.7048087
vn 0.0388987 0.0000421 -0.9992431
vn 0.0947428 0.7025619 -0.7052876
vn 0.1057194 0.7032239 -0.7030644
vn 0.0388987 0.0000421 -0.9992431
vn 0.1057194 0.7032239 -0.7030644
vn 0.0143383 0.0004452 -0.9998971
vn 0.0947428 0.7025619 -0.7052876
vn 0.0954415 0.9954321 -0.0023985
vn 0.1347515 0.9908686 0.0046325
vn 0.0947428 0.7025619 -0.7052876
vn 0.1347515 0.9908686 0.0046325
vn 0.1057194 0.7032239 -0.7030644
vn 0.1347515 0.9908686 0.0046325
vn 0.0853943 0.7018020 0.7072353
vn 0.1289621 0.6949923 0.7073573
vn 0.1347515 0.9908686 0.0046325
vn 0.1289621 0.6949923 0.7073573
vn 0.1531082 0.9882055 0.0027776
vn 0.0853943 0.7018020 0.7072353
vn -0.0133493 0.0067862 0.9998879
vn 0.0298662 -0.0018972 0.9995521
vn 0.0853943 0.7018020 0.7072353
vn 0.0298662 -0.0018972 0.9995521
vn 0.1289621 0.6949923 0.7073573
vn -0.0133493 0.0067862 0.9998879
vn -0.1045448 -0.6935358 0.7127963
vn -0.0866468 -0.6980554 0.7107818
vn -0.0133493 0.0067862 0.9998879
vn -0.0866468 -0.6980554 0.7107818
vn 0.0298662 -0.0018972 0.9995521
vn -0.1045448 -0.6935358 0.7127963
vn -0.1349312 -0.9908264 0.0075260
vn -0.1528380 -0.9882302 0.0064402
vn -0.1045448 -0.6935358 0.7127963
vn -0.1528380 -0.9882302 0.0064402
vn -0.0866468 -0.6980554 0.7107818
vn -0.1349312 -0.9908264 0.0075260
vn -0.0857543 -0.7041953 -0.7048087
vn -0.1294453 -0.6987625 -0.7035446
vn -0.1349312 -0.9908264 0.0075260
vn -0.1294453 -0.6987625 -0.7035446
vn -0.1528380 -0.9882302 0.0064402
vn -0.0857543 -0.7041953 -0.7048087
vn 0.0143383 0.0004452 -0.9998971
vn -0.0296318 0.0034825 -0.9995549
vn -0.0857543 -0.7041953 -0.7048087
vn -0.0296318 0.0034825 -0.9995549
vn -0.1294453 -0.6987625 -0.7035446
vn 0.0143383 0.0004452 -0.9998971
vn 0.1057194 0.7032239 -0.7030644
vn 0.0876348 0.7033885 -0.7053826
vn 0.0143383 0.0004452 -0.9998971
vn 0.0876348 0.7033885 -0.7053826
vn -0.0296318 0.0034825 -0.9995549
vn 0.1057194 0.7032239 -0.7030644
vn 0.1347515 0.9908686 0.0046325
vn 0.1531082 0.9882055 0.0027776
vn 0.1057194 0.7032239 -0.7030644
vn 0.1531082 0.9882055 0.0027776
vn 0.0876348 0.7033885 -0.7053826
vn 0.1531082 0.9882055 0.0027776
vn 0.1289621 0.6949923 0.7073573
vn 0.1423511 0.6930822 0.7066635
vn 0.1531082 0.9882055 0.0027776
vn 0.1423511 0.6930822 0.7066635
vn 0.1475160 0.9890596 -0.0002312
vn 0.1289621 0.6949923 0.7073573
vn 0.0298662 -0.0018972 0.9995521
vn 0.0537975 -0.0084944 0.9985158
vn 0.1289621 0.6949923 0.7073573
vn 0.0537975 -0.0084944 0.9985158
vn 0.1423511 0.6930822 0.7066635
vn 0.0298662 -0.0018972 0.9995521
vn -0.0866468 -0.6980554 0.7107818
vn -0.0660668 -0.7042425 0.7068788
vn 0.0298662 -0.0018972 0.9995521
vn -0.0660668 -0.7042425 0.7068788
vn 0.0537975 -0.0084944 0.9985158
vn -0.0866468 -0.6980554 0.7107818
vn -0.1528380 -0.9882302 0.0064402
vn -0.1473677 -0.9890770 0.0030463
vn -0.0866468 -0.6980554 0.7107818
vn -0.1473677 -0.9890770 0.0030463
vn -0.0660668 -0.7042425 0.7068788
vn -0.1528380 -0.9882302 0.0064402
vn -0.1294453 -0.6987625 -0.7035446
vn -0.1426858 -0.6966079 -0.7031202
vn -0.1528380 -0.9882302 0.0064402
vn -0.1426858 -0.6966079 -0.7031202
vn -0.1473677 -0.9890770 0.0030463
vn -0.1294453 -0.6987625 -0.7035446
vn -0.0296318 0.0034825 -0.9995549
vn -0.0544392 0.0042127 -0.9985082
vn -0.1294453 -0.6987625 -0.7035446
vn -0.0544392 0.0042127 -0.9985082
vn -0.1426858 -0.6966079 -0.7031202
vn -0.0296318 0.0034825 -0.9995549
vn 0.0876348 0.7033885 -0.7053826
vn 0.0659116 0.7035049 -0.7076274
vn -0.0296318 0.0034825 -0.9995549
vn 0.0659116 0.7035049 -0.7076274
vn -0.0544392 0.0042127 -0.9985082
vn 0.0876348 0.7033885 -0.7053826
vn 0.1531082 0.9882055 0.0027776
vn 0.1475160 0.9890596 -0.0002312
vn 0.0876348 0.7033885 -0.7053826
vn 0.1475160 0.9890596 -0.0002312
vn 0.0659116 0.7035049 -0.7076274
vn 0.1475160 0.9890596 -0.0002312
vn 0.1423511 0.6930822 0.7066635
vn 0.7319413 0.4524841 0.5094312
vn 0.1475160 0.9890596 -0.0002312
vn 0.7319413 0.4524841 0.5094312
vn 0.7306613 0.6816381 -0.0387759
vn 0.1423511 0.6930822 0.7066635
vn 0.0537975 -0.0084944 0.9985158
vn 0.6694303 -0.0928849 0.7370450
vn 0.1423511 0.6930822 0.7066635
vn 0.6694303 -0.0928849 0.7370450
vn 0.7319413 0.4524841 0.5094312
vn 0.0537975 -0.0084944 0.9985158
vn -0.0660668 -0.7042425 0.7068788
vn 0.5796617 -0.6349304 0.5107405
vn 0.0537975 -0.0084944 0.9985158
vn 0.5796617 -0.6349304 0.5107405
vn 0.6694303 -0.0928849 0.7370450
vn -0.0660668 -0.7042425 0.7068788
vn -0.1473677 -0.9890770 0.0030463
vn 0.5153867 -0.8561601 -0.0369665
vn -0.0660668 -0.7042425 0.7068788
vn 0.5153867 -0.8561601 -0.0369665
vn 0.5796617 -0.6349304 0.5107405
vn -0.1473677 -0.9890770 0.0030463
vn -0.1426858 -0.6966079 -0.7031202
vn 0.5141112 -0.6269987 -0.5852882
vn -0.1473677 -0.9890770 0.0030463
vn 0.5141112 -0.6269987 -0.5852882
vn 0.5153867 -0.8561601 -0.0369665
vn -0.1426858 -0.6966079 -0.7031202
vn -0.0544392 0.0042127 -0.9985082
vn 0.5766118 -0.0817157 -0.8129215
vn -0.1426858 -0.6966079 -0.7031202
vn 0.5766118 -0.0817157 -0.8129215
vn 0.5141112 -0.6269987 -0.5852882
vn -0.0544392 0.0042127 -0.9985082
vn 0.0659116 0.7035049 -0.7076274
vn 0.6663963 0.4603240 -0.5865303
vn -0.0544392 0.0042127 -0.9985082
vn 0.6663963 0.4603240 -0.5865303
vn 0.5766118 -0.0817157 -0.8129215
vn 0.0659116 0.7035049 -0.7076274
vn 0.1475160 0.9890596 -0.0002312
vn 0.7306613 0.6816381 -0.0387759
vn 0.0659116 0.7035049 -0.7076274
vn 0.7306613 0.6816381 -0.0387759
vn 0.6663963 0.4603240 -0.5865303
vn -0.9843280 -0.1533378 -0.0870978
vn -0.7521259 0.4384412 0.4920122
vn -0.7398735 0.6705014 -0.0549093
vn 0.9885345 -0.1384907 -0.0601639
vn 0.7306613 0.6816381 -0.0387759
vn 0.7319413 0.4524841 0.5094312
vn -0.9843280 -0.1533378 -0.0870978
vn -0.6871664 -0.1070843 0.7185647
vn -0.7521259 0.4384412 0.4920122
vn 0.9885345 -0.1384907 -0.0601639
vn 0.7319413 0.4524841 0.5094312
vn 0.6694303 -0.0928849 0.7370450
vn -0.9843280 -0.1533378 -0.0870978
vn -0.5831208 -0.6464626 0.4919922
vn -0.6871664 -0.1070843 0.7185647
vn 0.9885345 -0.1384907 -0.0601639
vn 0.6694303 -0.0928849 0.7370450
vn 0.5796617 -0.6349304 0.5107405
vn -0.9843280 -0.1533378 -0.0870978
vn -0.5008577 -0.8637864 -0.0549058
vn -0.5831208 -0.6464626 0.4919922
vn 0.9885345 -0.1384907 -0.0601639
vn 0.5796617 -0.6349304 0.5107405
vn 0.5153867 -0.8561601 -0.0369665
vn -0.9843280 -0.1533378 -0.0870978
vn -0.4886310 -0.6317436 -0.6017805
vn -0.5008577 -0.8637864 -0.0549058
vn 0.9885345 -0.1384907 -0.0601639
vn 0.5153867 -0.8561601 -0.0369665
vn 0.5141112 -0.6269987 -0.5852882
vn -0.9843280 -0.1533378 -0.0870978
vn -0.5535806 -0.0861879 -0.8283237
vn -0.4886310 -0.6317436 -0.6017805
vn 0.9885345 -0.1384907 -0.0601639
vn 0.5141112 -0.6269987 -0.5852882
vn 0.5766118 -0.0817157 -0.8129215
vn -0.9843280 -0.1533378 -0.0870978
vn -0.6576043 0.4532006 -0.6018021
vn -0.5535806 -0.0861879 -0.8283237
vn 0.9885345 -0.1384907 -0.0601639
vn 0.5766118 -0.0817157 -0.8129215
vn 0.6663963 0.4603240 -0.5865303
vn -0.9843280 -0.1533378 -0.0870978
vn -0.7398735 0.6705014 -0.0549093
vn -0.6576043 0.4532006 -0.6018021
vn 0.9885345 -0.1384907 -0.0601639
vn 0.6663963 0.4603240 -0.5865303
vn 0.7306613 0.6816381 -0.0387759
vn -0.7417078 0.6702220 0.0259248
vn -0.6843666 0.4490265 0.5744716
vn -0.0728050 0.7057076 0.7047527
vn -0.7417078 0.6702220 0.0259248
vn -0.0728050 0.7057076 0.7047527
vn -0.1420149 0.9898643 -0.0006523
vn -0.6843666 0.4490265 0.5744716
vn -0.5906335 -0.0920242 0.8016755
vn 0.0390516 0.0087820 0.9991986
vn -0.6843666 0.4490265 0.5744716
vn 0.0390516 0.0087820 0.9991986
vn -0.0728050 0.7057076 0.7047527
vn -0.5906335 -0.0920242 0.8016755
vn -0.5153920 -0.6358942 0.5744647
vn 0.1281848 -0.6943952 0.7080848
vn -0.5906335 -0.0920242 0.8016755
vn 0.1281848 -0.6943952 0.7080848
vn 0.0390516 0.0087820 0.9991986
vn -0.5153920 -0.6358942 0.5744647
vn -0.5027095 -0.8640650 0.0259783
vn 0.1420041 -0.9898661 0.0000745
vn -0.5153920 -0.6358942 0.5744647
vn 0.1420041 -0.9898661 0.0000745
vn 0.1281848 -0.6943952 0.7080848
vn -0.5027095 -0.8640650 0.0259783
vn -0.5600501 -0.6428785 -0.5225430
vn 0.0722270 -0.7025304 -0.7079790
vn -0.5027095 -0.8640650 0.0259783
vn 0.0722270 -0.7025304 -0.7079790
vn 0.1420041 -0.9898661 0.0000745
vn -0.5600501 -0.6428785 -0.5225430
vn -0.6538067 -0.1017953 -0.7497830
vn -0.0398615 -0.0029543 -0.9992008
vn -0.5600501 -0.6428785 -0.5225430
vn -0.0398615 -0.0029543 -0.9992008
vn 0.0722270 -0.7025304 -0.7079790
vn -0.6538067 -0.1017953 -0.7497830
vn -0.7290317 0.4420763 -0.5225717
vn -0.1284256 0.6970245 -0.7054528
vn -0.6538067 -0.1017953 -0.7497830
vn -0.1284256 0.6970245 -0.7054528
vn -0.0398615 -0.0029543 -0.9992008
vn -0.7290317 0.4420763 -0.5225717
vn -0.7417078 0.6702220 0.0259248
vn -0.1420149 0.9898643 -0.0006523
vn -0.7290317 0.4420763 -0.5225717
vn -0.1420149 0.9898643 -0.0006523
vn -0.1284256 0.6970245 -0.7054528
vn -0.1420149 0.9898643 -0.0006523
vn -0.0728050 0.7057076 0.7047527
vn -0.0749512 0.7105454 0.6996481
vn -0.1420149 0.9898643 -0.0006523
vn -0.0749512 0.7105454 0.6996481
vn -0.1078667 0.9941255 -0.0088983
vn -0.0728050 0.7057076 0.7047527
vn 0.0390516 0.0087820 0.9991986
vn 0.0023727 0.0062748 0.9999775
vn -0.0728050 0.7057076 0.7047527
vn 0.0023727 0.0062748 0.9999775
vn -0.0749512 0.7105454 0.6996481
vn 0.0390516 0.0087820 0.9991986
vn 0.1281848 -0.6943952 0.7080848
vn 0.0785554 -0.7041447 0.7056978
vn 0.0390516 0.0087820 0.9991986
vn 0.0785554 -0.7041447 0.7056978
vn 0.0023727 0.0062748 0.9999775
vn 0.1281848 -0.6943952 0.7080848
vn 0.1420041 -0.9898661 0.0000745
vn 0.1078305 -0.9941341 -0.0083640
vn 0.1281848 -0.6943952 0.7080848
vn 0.1078305 -0.9941341 -0.0083640
vn 0.0785554 -0.7041447 0.7056978
vn 0.1420041 -0.9898661 0.0000745
vn 0.0722270 -0.7025304 -0.7079790
vn 0.0733958 -0.6965491 -0.7137453
vn 0.1420041 -0.9898661 0.0000745
vn 0.0733958 -0.6965491 -0.7137453
vn 0.1078305 -0.9941341 -0.0083640
vn 0.0722270 -0.7025304 -0.7079790
vn -0.0398615 -0.0029543 -0.9992008
vn -0.0035274 0.0045575 -0.9999833
vn 0.0722270 -0.7025304 -0.7079790
vn -0.0035274 0.0045575 -0.9999833
vn 0.0733958 -0.6965491 -0.7137453
vn -0.0398615 -0.0029543 -0.9992008
vn -0.1284256 0.6970245 -0.7054528
vn -0.0781874 0.7009653 -0.7088966
vn -0.0398615 -0.0029543 -0.9992008
vn -0.0781874 0.7009653 -0.7088966
vn -0.0035274 0.0045575 -0.9999833
vn -0.1284256 0.6970245 -0.7054528
vn -0.1420149 0.9898643 -0.0006523
vn -0.1078667 0.9941255 -0.0088983
vn -0.1284256 0.6970245 -0.7054528
vn -0.1078667 0.9941255 -0.0088983
vn -0.0781874 0.7009653 -0.7088966
vn -0.1078667 0.9941255 -0.0088983
vn -0.0749512 0.7105454 0.6996481
vn -0.0850441 0.7091376 0.6999224
vn -0.1078667 0.9941255 -0.0088983
vn -0.0850441 0.7091376 0.6999224
vn -0.0560543 0.9984149 -0.0050608
vn -0.0749512 0.7105454 0.6996481
vn 0.0023727 0.0062748 0.9999775
vn -0.0642458 0.0012734 0.9979333
vn -0.0749512 0.7105454 0.6996481
vn -0.0642458 0.0012734 0.9979333
vn -0.0850441 0.7091376 0.6999224
vn 0.0023727 0.0062748 0.9999775
vn 0.0785554 -0.7041447 0.7056978
vn -0.0051267 -0.7105459 0.7036322
vn 0.0023727 0.0062748 0.9999775
vn -0.0051267 -0.7105459 0.7036322
vn -0.0642458 0.0012734 0.9979333
vn 0.0785554 -0.7041447 0.7056978
vn 0.1078305 -0.9941341 -0.0083640
vn 0.0570401 -0.9983191 -0.0102575
vn 0.0785554 -0.7041447 0.7056978
vn 0.0570401 -0.9983191 -0.0102575
vn -0.0051267 -0.7105459 0.7036322
vn 0.1078305 -0.9941341 -0.0083640
vn 0.0733958 -0.6965491 -0.7137453
vn 0.0851564 -0.6942914 -0.7146382
vn 0.1078305 -0.9941341 -0.0083640
vn 0.0851564 -0.6942914 -0.7146382
vn 0.0570401 -0.9983191 -0.0102575
vn 0.0733958 -0.6965491 -0.7137453
vn -0.0035274 0.0045575 -0.9999833
vn 0.0634196 0.0129081 -0.9979035
vn 0.0733958 -0.6965491 -0.7137453
vn 0.0634196 0.0129081 -0.9979035
vn 0.0851564 -0.6942914 -0.7146382
vn -0.0035274 0.0045575 -0.9999833
vn -0.0781874 0.7009653 -0.7088966
vn 0.0051756 0.7099708 -0.7042121
vn -0.0035274 0.0045575 -0.9999833
vn 0.0051756 0.7099708 -0.7042121
vn 0.0634196 0.0129081 -0.9979035
vn -0.0781874 0.7009653 -0.7088966
vn -0.1078667 0.9941255 -0.0088983
vn -0.0560543 0.9984149 -0.0050608
vn -0.0781874 0.7009653 -0.7088966
vn -0.0560543 0.9984149 -0.0050608
vn 0.0051756 0.7099708 -0.7042121
vn -0.0560543 0.9984149 -0.0050608
vn -0.0850441 0.7091376 0.6999224
vn -0.0610719 0.7050647 0.7065084
vn -0.0560543 0.9984149 -0.0050608
vn -0.0610719 0.7050647 0.7065084
vn 0.0037514 0.9999541 0.0088194
vn -0.0850441 0.7091376 0.6999224
vn -0.0642458 0.0012734 0.9979333
vn -0.0906261 0.0002726 0.9958849
vn -0.0850441 0.7091376 0.6999224
vn -0.0906261 0.0002726 0.9958849
vn -0.0610719 0.7050647 0.7065084
vn -0.0642458 0.0012734 0.9979333
vn -0.0051267 -0.7105459 0.7036322
vn -0.0672335 -0.7077953 0.7032108
vn -0.0642458 0.0012734 0.9979333
vn -0.0672335 -0.7077953 0.7032108
vn -0.0906261 0.0002726 0.9958849
vn -0.0051267 -0.7105459 0.7036322
vn 0.0570401 -0.9983191 -0.0102575
vn -0.0039533 -0.9999704 -0.0065990
vn -0.0051267 -0.7105459 0.7036322
vn -0.0039533 -0.9999704 -0.0065990
vn -0.0672335 -0.7077953 0.7032108
vn 0.0570401 -0.9983191 -0.0102575
vn 0.0851564 -0.6942914 -0.7146382
vn 0.0617220 -0.6984550 -0.7129874
vn 0.0570401 -0.9983191 -0.0102575
vn 0.0617220 -0.6984550 -0.7129874
vn -0.0039533 -0.9999704 -0.0065990
vn 0.0851564 -0.6942914 -0.7146382
vn 0.0634196 0.0129081 -0.9979035
vn 0.0906906 0.0150475 -0.9957655
vn 0.0851564 -0.6942914 -0.7146382
vn 0.0906906 0.0150475 -0.9957655
vn 0.0617220 -0.6984550 -0.7129874
vn 0.0634196 0.0129081 -0.9979035
vn 0.0051756 0.7099708 -0.7042121
vn 0.0664466 0.7165272 -0.6943873
vn 0.0634196 0.0129081 -0.9979035
vn 0.0664466 0.7165272 -0.6943873
vn 0.0906906 0.0150475 -0.9957655
vn 0.0051756 0.7099708 -0.7042121
vn -0.0560543 0.9984149 -0.0050608
vn 0.0037514 0.9999541 0.0088194
vn 0.0051756 0.7099708 -0.7042121
vn 0.0037514 0.9999541 0.0088194
vn 0.0664466 0.7165272 -0.6943873
vn 0.0037514 0.9999541 0.0088194
vn -0.0610719 0.7050647 0.7065084
vn 0.0100957 0.6990934 0.7149591
vn 0.0037514 0.9999541 0.0088194
vn 0.0100957 0.6990934 0.7149591
vn 0.0636652 0.9977745 0.0198175
vn -0.0610719 0.7050647 0.7065084
vn -0.0906261 0.0002726 0.9958849
vn -0.0492488 -0.0012064 0.9987858
vn -0.0610719 0.7050647 0.7065084
vn -0.0492488 -0.0012064 0.9987858
vn 0.0100957 0.6990934 0.7149591
vn -0.0906261 0.0002726 0.9958849
vn -0.0672335 -0.7077953 0.7032108
vn -0.0803468 -0.7034081 0.7062304
vn -0.0906261 0.0002726 0.9958849
vn -0.0803468 -0.7034081 0.7062304
vn -0.0492488 -0.0012064 0.9987858
vn -0.0672335 -0.7077953 0.7032108
vn -0.0039533 -0.9999704 -0.0065990
vn -0.0645528 -0.9979121 -0.0021242
vn -0.0672335 -0.7077953 0.7032108
vn -0.0645528 -0.9979121 -0.0021242
vn -0.0803468 -0.7034081 0.7062304
vn -0.0039533 -0.9999704 -0.0065990
vn 0.0617220 -0.6984550 -0.7129874
vn -0.0102874 -0.7009117 -0.7131739
vn -0.0039533 -0.9999704 -0.0065990
vn -0.0102874 -0.7009117 -0.7131739
vn -0.0645528 -0.9979121 -0.0021242
vn 0.0617220 -0.6984550 -0.7129874
vn 0.0906906 0.0150475 -0.9957655
vn 0.0501695 0.0152544 -0.9986242
vn 0.0617220 -0.6984550 -0.7129874
vn 0.0501695 0.0152544 -0.9986242
vn -0.0102874 -0.7009117 -0.7131739
vn 0.0906906 0.0150475 -0.9957655
vn 0.0664466 0.7165272 -0.6943873
vn 0.0805739 0.7191617 -0.6901553
vn 0.0906906 0.0150475 -0.9957655
vn 0.0805739 0.7191617 -0.6901553
vn 0.0501695 0.0152544 -0.9986242
vn 0.0664466 0.7165272 -0.6943873
vn 0.0037514 0.9999541 0.0088194
vn 0.0636652 0.9977745 0.0198175
vn 0.0664466 0.7165272 -0.6943873
vn 0.0636652 0.9977745 0.0198175
vn 0.0805739 0.7191617 -0.6901553
vn 0.0636652 0.9977745 0.0198175
vn 0.0100957 0.6990934 0.7149591
vn 0.0938764 0.6921316 0.7156403
vn 0.0636652 0.9977745 0.0198175
vn 0.0938764 0.6921316 0.7156403
vn 0.1143647 0.9932708 0.0182732
vn 0.0100957 0.6990934 0.7149591
vn -0.0492488 -0.0012064 0.9987858
vn 0.0192943 -0.0076915 0.9997843
vn 0.0100957 0.6990934 0.7149591
vn 0.0192943 -0.0076915 0.9997843
vn 0.0938764 0.6921316 0.7156403
vn -0.0492488 -0.0012064 0.9987858
vn -0.0803468 -0.7034081 0.7062304
vn -0.0666737 -0.7050849 0.7059816
vn -0.0492488 -0.0012064 0.9987858
vn -0.0666737 -0.7050849 0.7059816
vn 0.0192943 -0.0076915 0.9997843
vn -0.0803468 -0.7034081 0.7062304
vn -0.0645528 -0.9979121 -0.0021242
vn -0.1140878 -0.9934672 -0.0026453
vn -0.0803468 -0.7034081 0.7062304
vn -0.1140878 -0.9934672 -0.0026453
vn -0.0666737 -0.7050849 0.7059816
vn -0.0645528 -0.9979121 -0.0021242
vn -0.0102874 -0.7009117 -0.7131739
vn -0.0941635 -0.6947566 -0.7130544
vn -0.0645528 -0.9979121 -0.0021242
vn -0.0941635 -0.6947566 -0.7130544
vn -0.1140878 -0.9934672 -0.0026453
vn -0.0102874 -0.7009117 -0.7131739
vn 0.0501695 0.0152544 -0.9986242
vn -0.0181339 0.0180378 -0.9996728
vn -0.0102874 -0.7009117 -0.7131739
vn -0.0181339 0.0180378 -0.9996728
vn -0.0941635 -0.6947566 -0.7130544
vn 0.0501695 0.0152544 -0.9986242
vn 0.0805739 0.7191617 -0.6901553
vn 0.0683990 0.7178701 -0.6928087
vn 0.0501695 0.0152544 -0.9986242
vn 0.0683990 0.7178701 -0.6928087
vn -0.0181339 0.0180378 -0.9996728
vn 0.0805739 0.7191617 -0.6901553
vn 0.0636652 0.9977745 0.0198175
vn 0.1143647 0.9932708 0.0182732
vn 0.0805739 0.7191617 -0.6901553
vn 0.1143647 0.9932708 0.0182732
vn 0.0683990 0.7178701 -0.6928087
vn 0.1143647 0.9932708 0.0182732
vn 0.0938764 0.6921316 0.7156403
vn 0.1406677 0.6887952 0.7111776
vn 0.1143647 0.9932708 0.0182732
vn 0.1406677 0.6887952 0.7111776
vn 0.1456890 0.9892870 0.0092681
vn 0.0938764 0.6921316 0.7156403
vn 0.0192943 -0.0076915 0.9997843
vn 0.0535373 -0.0139394 0.9984686
vn 0.0938764 0.6921316 0.7156403
vn 0.0535373 -0.0139394 0.9984686
vn 0.1406677 0.6887952 0.7111776
vn 0.0192943 -0.0076915 0.9997843
vn -0.0666737 -0.7050849 0.7059816
vn -0.0650849 -0.7096516 0.7015401
vn 0.0192943 -0.0076915 0.9997843
vn -0.0650849 -0.7096516 0.7015401
vn 0.0535373 -0.0139394 0.9984686
vn -0.0666737 -0.7050849 0.7059816
vn -0.1140878 -0.9934672 -0.0026453
vn -0.1456361 -0.9893054 -0.0080642
vn -0.0666737 -0.7050849 0.7059816
vn -0.1456361 -0.9893054 -0.0080642
vn -0.0650849 -0.7096516 0.7015401
vn -0.1140878 -0.9934672 -0.0026453
vn -0.0941635 -0.6947566 -0.7130544
vn -0.1405143 -0.6868635 -0.7130737
vn -0.1140878 -0.9934672 -0.0026453
vn -0.1405143 -0.6868635 -0.7130737
vn -0.1456361 -0.9893054 -0.0080642
vn -0.0941635 -0.6947566 -0.7130544
vn -0.0181339 0.0180378 -0.9996728
vn -0.0528194 0.0189530 -0.9984241
vn -0.0941635 -0.6947566 -0.7130544
vn -0.0528194 0.0189530 -0.9984241
vn -0.1405143 -0.6868635 -0.7130737
vn -0.0181339 0.0180378 -0.9996728
vn 0.0683990 0.7178701 -0.6928087
vn 0.0657022 0.7127052 -0.6983799
vn -0.0181339 0.0180378 -0.9996728
vn 0.0657022 0.7127052 -0.6983799
vn -0.0528194 0.0189530 -0.9984241
vn 0.0683990 0.7178701 -0.6928087
vn 0.1143647 0.9932708 0.0182732
vn 0.1456890 0.9892870 0.0092681
vn 0.0683990 0.7178701 -0.6928087
vn 0.1456890 0.9892870 0.0092681
vn 0.0657022 0.7127052 -0.6983799
vn 0.1456890 0.9892870 0.0092681
vn 0.1406677 0.6887952 0.7111776
vn 0.1381662 0.6899444 0.7105538
vn 0.1456890 0.9892870 0.0092681
vn 0.1381662 0.6899444 0.7105538
vn 0.1538446 0.9880849 0.0044763
vn 0.1406677 0.6887952 0.7111776
vn 0.0535373 -0.0139394 0.9984686
vn 0.0410928 -0.0149127 0.9990440
vn 0.1406677 0.6887952 0.7111776
vn 0.0410928 -0.0149127 0.9990440
vn 0.1381662 0.6899444 0.7105538
vn 0.0535373 -0.0139394 0.9984686
vn -0.0650849 -0.7096516 0.7015401
vn -0.0801822 -0.7108472 0.6987610
vn 0.0535373 -0.0139394 0.9984686
vn -0.0801822 -0.7108472 0.6987610
vn 0.0410928 -0.0149127 0.9990440
vn -0.0650849 -0.7096516 0.7015401
vn -0.1456361 -0.9893054 -0.0080642
vn -0.1541350 -0.9879818 -0.0115884
vn -0.0650849 -0.7096516 0.7015401
vn -0.1541350 -0.9879818 -0.0115884
vn -0.0801822 -0.7108472 0.6987610
vn -0.1456361 -0.9893054 -0.0080642
vn -0.1405143 -0.6868635 -0.7130737
vn -0.1377930 -0.6868341 -0.7136329
vn -0.1456361 -0.9893054 -0.0080642
vn -0.1377930 -0.6868341 -0.7136329
vn -0.1541350 -0.9879818 -0.0115884
vn -0.1405143 -0.6868635 -0.7130737
vn -0.0528194 0.0189530 -0.9984241
vn -0.0412086 0.0139879 -0.9990526
vn -0.1405143 -0.6868635 -0.7130737
vn -0.0412086 0.0139879 -0.9990526
vn -0.1377930 -0.6868341 -0.7136329
vn -0.0528194 0.0189530 -0.9984241
vn 0.0657022 0.7127052 -0.6983799
vn 0.0794015 0.7069184 -0.7028242
vn -0.0528194 0.0189530 -0.9984241
vn 0.0794015 0.7069184 -0.7028242
vn -0.0412086 0.0139879 -0.9990526
vn 0.0657022 0.7127052 -0.6983799
vn 0.1456890 0.9892870 0.0092681
vn 0.1538446 0.9880849 0.0044763
vn 0.0657022 0.7127052 -0.6983799
vn 0.1538446 0.9880849 0.0044763
vn 0.0794015 0.7069184 -0.7028242
vn 0.1538446 0.9880849 0.0044763
vn 0.1381662 0.6899444 0.7105538
vn 0.0908950 0.6985998 0.7097157
vn 0.1538446 0.9880849 0.0044763
vn 0.0908950 0.6985998 0.7097157
vn 0.1383443 0.9903834 -0.0012663
vn 0.1381662 0.6899444 0.7105538
vn 0.0410928 -0.0149127 0.9990440
vn -0.0108188 -0.0100459 0.9998910
vn 0.1381662 0.6899444 0.7105538
vn -0.0108188 -0.0100459 0.9998910
vn 0.0908950 0.6985998 0.7097157
vn 0.0410928 -0.0149127 0.9990440
vn -0.0801822 -0.7108472 0.6987610
vn -0.1058707 -0.7111707 0.6950019
vn 0.0410928 -0.0149127 0.9990440
vn -0.1058707 -0.7111707 0.6950019
vn -0.0108188 -0.0100459 0.9998910
vn -0.0801822 -0.7108472 0.6987610
vn -0.1541350 -0.9879818 -0.0115884
vn -0.1381459 -0.9902678 -0.0168920
vn -0.0801822 -0.7108472 0.6987610
vn -0.1381459 -0.9902678 -0.0168920
vn -0.1058707 -0.7111707 0.6950019
vn -0.1541350 -0.9879818 -0.0115884
vn -0.1377930 -0.6868341 -0.7136329
vn -0.0900418 -0.6929256 -0.7153647
vn -0.1541350 -0.9879818 -0.0115884
vn -0.0900418 -0.6929256 -0.7153647
vn -0.1381459 -0.9902678 -0.0168920
vn -0.1377930 -0.6868341 -0.7136329
vn -0.0412086 0.0139879 -0.9990526
vn 0.0098794 0.0033236 -0.9999456
vn -0.1377930 -0.6868341 -0.7136329
vn 0.0098794 0.0033236 -0.9999456
vn -0.0900418 -0.6929256 -0.7153647
vn -0.0412086 0.0139879 -0.9990526
vn 0.0794015 0.7069184 -0.7028242
vn 0.1042767 0.6988813 -0.7075955
vn -0.0412086 0.0139879 -0.9990526
vn 0.1042767 0.6988813 -0.7075955
vn 0.0098794 0.0033236 -0.9999456
vn 0.0794015 0.7069184 -0.7028242
vn 0.1538446 0.9880849 0.0044763
vn 0.1383443 0.9903834 -0.0012663
vn 0.0794015 0.7069184 -0.7028242
vn 0.1383443 0.9903834 -0.0012663
vn 0.1042767 0.6988813 -0.7075955
vn 0.1383443 0.9903834 -0.0012663
vn 0.0908950 0.6985998 0.7097157
vn 0.0310048 0.7012470 0.7122438
vn 0.1383443 0.9903834 -0.0012663
vn 0.0310048 0.7012470 0.7122438
vn 0.1010334 0.9948753 0.0039279
vn 0.0908950 0.6985998 0.7097157
vn -0.0108188 -0.0100459 0.9998910
vn -0.0572076 -0.0063719 0.9983420
vn 0.0908950 0.6985998 0.7097157
vn -0.0572076 -0.0063719 0.9983420
vn 0.0310048 0.7012470 0.7122438
vn -0.0108188 -0.0100459 0.9998910
vn -0.1058707 -0.7111707 0.6950019
vn -0.1115334 -0.7077705 0.6975824
vn -0.0108188 -0.0100459 0.9998910
vn -0.1115334 -0.7077705 0.6975824
vn -0.0572076 -0.0063719 0.9983420
vn -0.1058707 -0.7111707 0.6950019
vn -0.1381459 -0.9902678 -0.0168920
vn -0.1007633 -0.9948745 -0.0084464
vn -0.1058707 -0.7111707 0.6950019
vn -0.1007633 -0.9948745 -0.0084464
vn -0.1115334 -0.7077705 0.6975824
vn -0.1381459 -0.9902678 -0.0168920
vn -0.0900418 -0.6929256 -0.7153647
vn -0.0315749 -0.7047255 -0.7087772
vn -0.1381459 -0.9902678 -0.0168920
vn -0.0315749 -0.7047255 -0.7087772
vn -0.1007633 -0.9948745 -0.0084464
vn -0.0900418 -0.6929256 -0.7153647
vn 0.0098794 0.0033236 -0.9999456
vn 0.0560475 -0.0050449 -0.9984154
vn -0.0900418 -0.6929256 -0.7153647
vn 0.0560475 -0.0050449 -0.9984154
vn -0.0315749 -0.7047255 -0.7087772
vn 0.0098794 0.0033236 -0.9999456
vn 0.1042767 0.6988813 -0.7075955
vn 0.1112090 0.6997837 -0.7056454
vn 0.0098794 0.0033236 -0.9999456
vn 0.1112090 0.6997837 -0.7056454
vn 0.0560475 -0.0050449 -0.9984154
vn 0.1042767 0.6988813 -0.7075955
vn 0.1383443 0.9903834 -0.0012663
vn 0.1010334 0.9948753 0.0039279
vn 0.1042767 0.6988813 -0.7075955
vn 0.1010334 0.9948753 0.0039279
vn 0.1112090 0.6997837 -0.7056454
vn 0.1010334 0.9948753 0.0039279
vn 0.0310048 0.7012470 0.7122438
vn 0.0106830 0.6964741 0.7175024
vn 0.1010334 0.9948753 0.0039279
vn 0.0106830 0.6964741 0.7175024
vn 0.0473598 0.9987940 0.0129531
vn 0.0310048 0.7012470 0.7122438
vn -0.0572076 -0.0063719 0.9983420
vn -0.0319752 -0.0098485 0.9994401
vn 0.0310048 0.7012470 0.7122438
vn -0.0319752 -0.0098485 0.9994401
vn 0.0106830 0.6964741 0.7175024
vn -0.0572076 -0.0063719 0.9983420
vn -0.1115334 -0.7077705 0.6975824
vn -0.0560366 -0.7077909 0.7041960
vn -0.0572076 -0.0063719 0.9983420
vn -0.0560366 -0.7077909 0.7041960
vn -0.0319752 -0.0098485 0.9994401
vn -0.1115334 -0.7077705 0.6975824
vn -0.1007633 -0.9948745 -0.0084464
vn -0.0478795 -0.9988458 0.0038090
vn -0.1115334 -0.7077705 0.6975824
vn -0.0478795 -0.9988458 0.0038090
vn -0.0560366 -0.7077909 0.7041960
vn -0.1007633 -0.9948745 -0.0084464
vn -0.0315749 -0.7047255 -0.7087772
vn -0.0119264 -0.7121299 -0.7019464
vn -0.1007633 -0.9948745 -0.0084464
vn -0.0119264 -0.7121299 -0.7019464
vn -0.0478795 -0.9988458 0.0038090
vn -0.0315749 -0.7047255 -0.7087772
vn 0.0560475 -0.0050449 -0.9984154
vn 0.0312976 -0.0046544 -0.9994992
vn -0.0315749 -0.7047255 -0.7087772
vn 0.0312976 -0.0046544 -0.9994992
vn -0.0119264 -0.7121299 -0.7019464
vn 0.0560475 -0.0050449 -0.9984154
vn 0.1112090 0.6997837 -0.7056454
vn 0.0560862 0.7089070 -0.7030685
vn 0.0560475 -0.0050449 -0.9984154
vn 0.0560862 0.7089070 -0.7030685
vn 0.0312976 -0.0046544 -0.9994992
vn 0.1112090 0.6997837 -0.7056454
vn 0.1010334 0.9948753 0.0039279
vn 0.0473598 0.9987940 0.0129531
vn 0.1112090 0.6997837 -0.7056454
vn 0.0473598 0.9987940 0.0129531
vn 0.0560862 0.7089070 -0.7030685
vn 0.0473598 0.9987940 0.0129531
vn 0.0106830 0.6964741 0.7175024
vn 0.0128902 0.6959116 0.7180118
vn 0.0473598 0.9987940 0.0129531
vn 0.0128902 0.6959116 0.7180118
vn -0.0131718 0.9998302 0.0128780
vn 0.0106830 0.6964741 0.7175024
vn -0.0319752 -0.0098485 0.9994401
vn 0.0312506 -0.0127695 0.9994300
vn 0.0106830 0.6964741 0.7175024
vn 0.0312506 -0.0127695 0.9994300
vn 0.0128902 0.6959116 0.7180118
vn -0.0319752 -0.0098485 0.9994401
vn -0.0560366 -0.7077909 0.7041960
vn 0.0314855 -0.7111526 0.7023324
vn -0.0319752 -0.0098485 0.9994401
vn 0.0314855 -0.7111526 0.7023324
vn 0.0312506 -0.0127695 0.9994300
vn -0.0560366 -0.7077909 0.7041960
vn -0.0478795 -0.9988458 0.0038090
vn 0.0135987 -0.9999071 0.0009686
vn -0.0560366 -0.7077909 0.7041960
vn 0.0135987 -0.9999071 0.0009686
vn 0.0314855 -0.7111526 0.7023324
vn -0.0478795 -0.9988458 0.0038090
vn -0.0119264 -0.7121299 -0.7019464
vn -0.0122410 -0.7105244 -0.7035661
vn -0.0478795 -0.9988458 0.0038090
vn -0.0122410 -0.7105244 -0.7035661
vn 0.0135987 -0.9999071 0.0009686
vn -0.0119264 -0.7121299 -0.7019464
vn 0.0312976 -0.0046544 -0.9994992
vn -0.0310712 -0.0024612 -0.9995142
vn -0.0119264 -0.7121299 -0.7019464
vn -0.0310712 -0.0024612 -0.9995142
vn -0.0122410 -0.7105244 -0.7035661
vn 0.0312976 -0.0046544 -0.9994992
vn 0.0560862 0.7089070 -0.7030685
vn -0.0315289 0.7104752 -0.7030157
vn 0.0312976 -0.0046544 -0.9994992
vn -0.0315289 0.7104752 -0.7030157
vn -0.0310712 -0.0024612 -0.9995142
vn 0.0560862 0.7089070 -0.7030685
vn 0.0473598 0.9987940 0.0129531
vn -0.0131718 0.9998302 0.0128780
vn 0.0560862 0.7089070 -0.7030685
vn -0.0131718 0.9998302 0.0128780
vn -0.0315289 0.7104752 -0.7030157
vn -0.0131718 0.9998302 0.0128780
vn 0.0128902 0.6959116 0.7180118
vn -0.0092268 0.6983263 0.7157201
vn -0.0131718 0.9998302 0.0128780
vn -0.0092268 0.6983263 0.7157201
vn -0.0722160 0.9973484 0.0090014
vn 0.0128902 0.6959116 0.7180118
vn 0.0312506 -0.0127695 0.9994300
vn 0.0590099 -0.0118405 0.9981872
vn 0.0128902 0.6959116 0.7180118
vn 0.0590099 -0.0118405 0.9981872
vn -0.0092268 0.6983263 0.7157201
vn 0.0312506 -0.0127695 0.9994300
vn 0.0314855 -0.7111526 0.7023324
vn 0.0924655 -0.7122455 0.6958137
vn 0.0312506 -0.0127695 0.9994300
vn 0.0924655 -0.7122455 0.6958137
vn 0.0590099 -0.0118405 0.9981872
vn 0.0314855 -0.7111526 0.7023324
vn 0.0135987 -0.9999071 0.0009686
vn 0.0721726 -0.9973465 -0.0095476
vn 0.0314855 -0.7111526 0.7023324
vn 0.0721726 -0.9973465 -0.0095476
vn 0.0924655 -0.7122455 0.6958137
vn 0.0135987 -0.9999071 0.0009686
vn -0.0122410 -0.7105244 -0.7035661
vn 0.0100774 -0.7048358 -0.7092988
vn 0.0135987 -0.9999071 0.0009686
vn 0.0100774 -0.7048358 -0.7092988
vn 0.0721726 -0.9973465 -0.0095476
vn -0.0122410 -0.7105244 -0.7035661
vn -0.0310712 -0.0024612 -0.9995142
vn -0.0580510 -0.0016258 -0.9983123
vn -0.0122410 -0.7105244 -0.7035661
vn -0.0580510 -0.0016258 -0.9983123
vn 0.0100774 -0.7048358 -0.7092988
vn -0.0310712 -0.0024612 -0.9995142
vn -0.0315289 0.7104752 -0.7030157
vn -0.0923984 0.7052755 -0.7028861
vn -0.0310712 -0.0024612 -0.9995142
vn -0.0923984 0.7052755 -0.7028861
vn -0.0580510 -0.0016258 -0.9983123
vn -0.0315289 0.7104752 -0.7030157
vn -0.0131718 0.9998302 0.0128780
vn -0.0722160 0.9973484 0.0090014
vn -0.0315289 0.7104752 -0.7030157
vn -0.0722160 0.9973484 0.0090014
vn -0.0923984 0.7052755 -0.7028861
vn -0.0722160 0.9973484 0.0090014
vn -0.0092268 0.6983263 0.7157201
vn -0.0535155 0.6968365 0.7152308
vn -0.0722160 0.9973484 0.0090014
vn -0.0535155 0.6968365 0.7152308
vn -0.1195584 0.9927950 0.0079957
vn -0.0092268 0.6983263 0.7157201
vn 0.0590099 -0.0118405 0.9981872
vn 0.0441327 -0.0110600 0.9989645
vn -0.0092268 0.6983263 0.7157201
vn 0.0441327 -0.0110600 0.9989645
vn -0.0535155 0.6968365 0.7152308
vn 0.0590099 -0.0118405 0.9981872
vn 0.0924655 -0.7122455 0.6958137
vn 0.1155309 -0.7104399 0.6942101
vn 0.0590099 -0.0118405 0.9981872
vn 0.1155309 -0.7104399 0.6942101
vn 0.0441327 -0.0110600 0.9989645
vn 0.0924655 -0.7122455 0.6958137
vn 0.0721726 -0.9973465 -0.0095476
vn 0.1192552 -0.9927536 -0.0147847
vn 0.0924655 -0.7122455 0.6958137
vn 0.1192552 -0.9927536 -0.0147847
vn 0.1155309 -0.7104399 0.6942101
vn 0.0721726 -0.9973465 -0.0095476
vn 0.0100774 -0.7048358 -0.7092988
vn 0.0537592 -0.6982622 -0.7138207
vn 0.0721726 -0.9973465 -0.0095476
vn 0.0537592 -0.6982622 -0.7138207
vn 0.1192552 -0.9927536 -0.0147847
vn 0.0100774 -0.7048358 -0.7092988
vn -0.0580510 -0.0016258 -0.9983123
vn -0.0429604 0.0015136 -0.9990757
vn 0.0100774 -0.7048358 -0.7092988
vn -0.0429604 0.0015136 -0.9990757
vn 0.0537592 -0.6982622 -0.7138207
vn -0.0580510 -0.0016258 -0.9983123
vn -0.0923984 0.7052755 -0.7028861
vn -0.1149027 0.7023319 -0.7025150
vn -0.0580510 -0.0016258 -0.9983123
vn -0.1149027 0.7023319 -0.7025150
vn -0.0429604 0.0015136 -0.9990757
vn -0.0923984 0.7052755 -0.7028861
vn -0.0722160 0.9973484 0.0090014
vn -0.1195584 0.9927950 0.0079957
vn -0.0923984 0.7052755 -0.7028861
vn -0.1195584 0.9927950 0.0079957
vn -0.1149027 0.7023319 -0.7025150
vn -0.1195584 0.9927950 0.0079957
vn -0.0535155 0.6968365 0.7152308
vn -0.1109477 0.6938937 0.7114788
vn -0.1195584 0.9927950 0.0079957
vn -0.1109477 0.6938937 0.7114788
vn -0.1479151 0.9889979 0.0021056
vn -0.0535155 0.6968365 0.7152308
vn 0.0441327 -0.0110600 0.9989645
vn -0.0078415 -0.0150406 0.9998562
vn -0.0535155 0.6968365 0.7152308
vn -0.0078415 -0.0150406 0.9998562
vn -0.1109477 0.6938937 0.7114788
vn 0.0441327 -0.0110600 0.9989645
vn 0.1155309 -0.7104399 0.6942101
vn 0.0997827 -0.7140501 0.6929473
vn 0.0441327 -0.0110600 0.9989645
vn 0.0997827 -0.7140501 0.6929473
vn -0.0078415 -0.0150406 0.9998562
vn 0.1155309 -0.7104399 0.6942101
vn 0.1192552 -0.9927536 -0.0147847
vn 0.1480593 -0.9887621 -0.0206872
vn 0.1155309 -0.7104399 0.6942101
vn 0.1480593 -0.9887621 -0.0206872
vn 0.0997827 -0.7140501 0.6929473
vn 0.1192552 -0.9927536 -0.0147847
vn 0.0537592 -0.6982622 -0.7138207
vn 0.1099450 -0.6867857 -0.7184968
vn 0.1192552 -0.9927536 -0.0147847
vn 0.1099450 -0.6867857 -0.7184968
vn 0.1480593 -0.9887621 -0.0206872
vn 0.0537592 -0.6982622 -0.7138207
vn -0.0429604 0.0015136 -0.9990757
vn 0.0084841 0.0107280 -0.9999065
vn 0.0537592 -0.6982622 -0.7138207
vn 0.0084841 0.0107280 -0.9999065
vn 0.1099450 -0.6867857 -0.7184968
vn -0.0429604 0.0015136 -0.9990757
vn -0.1149027 0.7023319 -0.7025150
vn -0.0979897 0.7028435 -0.7045630
vn -0.0429604 0.0015136 -0.9990757
vn -0.0979897 0.7028435 -0.7045630
vn 0.0084841 0.0107280 -0.9999065
vn -0.1149027 0.7023319 -0.7025150
vn -0.1195584 0.9927950 0.0079957
vn -0.1479151 0.9889979 0.0021056
vn -0.1149027 0.7023319 -0.7025150
vn -0.1479151 0.9889979 0.0021056
vn -0.0979897 0.7028435 -0.7045630
vn -0.1479151 0.9889979 0.0021056
vn -0.1109477 0.6938937 0.7114788
vn -0.1476951 0.6863135 0.7121517
vn -0.1479151 0.9889979 0.0021056
vn -0.1476951 0.6863135 0.7121517
vn -0.1533767 0.9881291 0.0087444
vn -0.1109477 0.6938937 0.7114788
vn -0.0078415 -0.0150406 0.9998562
vn -0.0553176 -0.0186776 0.9982941
vn -0.1109477 0.6938937 0.7114788
vn -0.0553176 -0.0186776 0.9982941
vn -0.1476951 0.6863135 0.7121517
vn -0.0078415 -0.0150406 0.9998562
vn 0.0997827 -0.7140501 0.6929473
vn 0.0696633 -0.7131795 0.6975112
vn -0.0078415 -0.0150406 0.9998562
vn 0.0696633 -0.7131795 0.6975112
vn -0.0553176 -0.0186776 0.9982941
vn 0.0997827 -0.7140501 0.6929473
vn 0.1480593 -0.9887621 -0.0206872
vn 0.1536278 -0.9880396 -0.0132769
vn 0.0997827 -0.7140501 0.6929473
vn 0.1536278 -0.9880396 -0.0132769
vn 0.0696633 -0.7131795 0.6975112
vn 0.1480593 -0.9887621 -0.0206872
vn 0.1099450 -0.6867857 -0.7184968
vn 0.1473836 -0.6831775 -0.7152248
vn 0.1480593 -0.9887621 -0.0206872
vn 0.1473836 -0.6831775 -0.7152248
vn 0.1536278 -0.9880396 -0.0132769
vn 0.1099450 -0.6867857 -0.7184968
vn 0.0084841 0.0107280 -0.9999065
vn 0.0550382 0.0203935 -0.9982760
vn 0.1099450 -0.6867857 -0.7184968
vn 0.0550382 0.0203935 -0.9982760
vn 0.1473836 -0.6831775 -0.7152248
vn 0.0084841 0.0107280 -0.9999065
vn -0.0979897 0.7028435 -0.7045630
vn -0.0693722 0.7117972 -0.6989508
vn 0.0084841 0.0107280 -0.9999065
vn -0.0693722 0.7117972 -0.6989508
vn 0.0550382 0.0203935 -0.9982760
vn -0.0979897 0.7028435 -0.7045630
vn -0.1479151 0.9889979 0.0021056
vn -0.1533767 0.9881291 0.0087444
vn -0.0979897 0.7028435 -0.7045630
vn -0.1533767 0.9881291 0.0087444
vn -0.0693722 0.7117972 -0.6989508
vn -0.1533767 0.9881291 0.0087444
vn -0.1476951 0.6863135 0.7121517
vn -0.1209804 0.6873970 0.7161348
vn -0.1533767 0.9881291 0.0087444
vn -0.1209804 0.6873970 0.7161348
vn -0.1348270 0.9907007 0.0182739
vn -0.1476951 0.6863135 0.7121517
vn -0.0553176 -0.0186776 0.9982941
vn -0.0372273 -0.0128573 0.9992241
vn -0.1476951 0.6863135 0.7121517
vn -0.0372273 -0.0128573 0.9992241
vn -0.1209804 0.6873970 0.7161348
vn -0.0553176 -0.0186776 0.9982941
vn 0.0696633 -0.7131795 0.6975112
vn 0.0682931 -0.7071890 0.7037185
vn -0.0553176 -0.0186776 0.9982941
vn 0.0682931 -0.7071890 0.7037185
vn -0.0372273 -0.0128573 0.9992241
vn 0.0696633 -0.7131795 0.6975112
vn 0.1536278 -0.9880396 -0.0132769
vn 0.1343408 -0.9909244 -0.0046367
vn 0.0696633 -0.7131795 0.6975112
vn 0.1343408 -0.9909244 -0.0046367
vn 0.0682931 -0.7071890 0.7037185
vn 0.1536278 -0.9880396 -0.0132769
vn 0.1473836 -0.6831775 -0.7152248
vn 0.1213043 -0.6904426 -0.7131439
vn 0.1536278 -0.9880396 -0.0132769
vn 0.1213043 -0.6904426 -0.7131439
vn 0.1343408 -0.9909244 -0.0046367
vn 0.1473836 -0.6831775 -0.7152248
vn 0.0550382 0.0203935 -0.9982760
vn 0.0362170 0.0204215 -0.9991354
vn 0.1473836 -0.6831775 -0.7152248
vn 0.0362170 0.0204215 -0.9991354
vn 0.1213043 -0.6904426 -0.7131439
vn 0.0550382 0.0203935 -0.9982760
vn -0.0693722 0.7117972 -0.6989508
vn -0.0701084 0.7175356 -0.6929845
vn 0.0550382 0.0203935 -0.9982760
vn -0.0701084 0.7175356 -0.6929845
vn 0.0362170 0.0204215 -0.9991354
vn -0.0693722 0.7117972 -0.6989508
vn -0.1533767 0.9881291 0.0087444
vn -0.1348270 0.9907007 0.0182739
vn -0.0693722 0.7117972 -0.6989508
vn -0.1348270 0.9907007 0.0182739
vn -0.0701084 0.7175356 -0.6929845
vn -0.1348270 0.9907007 0.0182739
vn -0.1209804 0.6873970 0.7161348
vn -0.0515142 0.6968526 0.7153621
vn -0.1348270 0.9907007 0.0182739
vn -0.0515142 0.6968526 0.7153621
vn -0.0939189 0.9954117 0.0182944
vn -0.1209804 0.6873970 0.7161348
vn -0.0372273 -0.0128573 0.9992241
vn 0.0205705 -0.0032424 0.9997832
vn -0.1209804 0.6873970 0.7161348
vn 0.0205705 -0.0032424 0.9997832
vn -0.0515142 0.6968526 0.7153621
vn -0.0372273 -0.0128573 0.9992241
vn 0.0682931 -0.7071890 0.7037185
vn 0.0809776 -0.7037395 0.7058281
vn -0.0372273 -0.0128573 0.9992241
vn 0.0809776 -0.7037395 0.7058281
vn 0.0205705 -0.0032424 0.9997832
vn 0.0682931 -0.7071890 0.7037185
vn 0.1343408 -0.9909244 -0.0046367
vn 0.0942398 -0.9955432 -0.0035481
vn 0.0682931 -0.7071890 0.7037185
vn 0.0942398 -0.9955432 -0.0035481
vn 0.0809776 -0.7037395 0.7058281
vn 0.1343408 -0.9909244 -0.0046367
vn 0.1213043 -0.6904426 -0.7131439
vn 0.0516463 -0.6981133 -0.7141221
vn 0.1343408 -0.9909244 -0.0046367
vn 0.0516463 -0.6981133 -0.7141221
vn 0.0942398 -0.9955432 -0.0035481
vn 0.1213043 -0.6904426 -0.7131439
vn 0.0362170 0.0204215 -0.9991354
vn -0.0217332 0.0154254 -0.9996448
vn 0.1213043 -0.6904426 -0.7131439
vn -0.0217332 0.0154254 -0.9996448
vn 0.0516463 -0.6981133 -0.7141221
vn 0.0362170 0.0204215 -0.9991354
vn -0.0701084 0.7175356 -0.6929845
vn -0.0819523 0.7170507 -0.6921864
vn 0.0362170 0.0204215 -0.9991354
vn -0.0819523 0.7170507 -0.6921864
vn -0.0217332 0.0154254 -0.9996448
vn -0.0701084 0.7175356 -0.6929845
vn -0.1348270 0.9907007 0.0182739
vn -0.0939189 0.9954117 0.0182944
vn -0.0701084 0.7175356 -0.6929845
vn -0.0939189 0.9954117 0.0182944
vn -0.0819523 0.7170507 -0.6921864
vn -0.0939189 0.9954117 0.0182944
vn -0.0515142 0.6968526 0.7153621
vn 0.0043757 0.7061210 0.7080777
vn -0.0939189 0.9954117 0.0182944
vn 0.0043757 0.7061210 0.7080777
vn -0.0387357 0.9992236 0.0071911
vn -0.0515142 0.6968526 0.7153621
vn 0.0205705 -0.0032424 0.9997832
vn 0.0450979 0.0006751 0.9989824
vn -0.0515142 0.6968526 0.7153621
vn 0.0450979 0.0006751 0.9989824
vn 0.0043757 0.7061210 0.7080777
vn 0.0205705 -0.0032424 0.9997832
vn 0.0809776 -0.7037395 0.7058281
vn 0.0594760 -0.7083238 0.7033775
vn 0.0205705 -0.0032424 0.9997832
vn 0.0594760 -0.7083238 0.7033775
vn 0.0450979 0.0006751 0.9989824
vn 0.0809776 -0.7037395 0.7058281
vn 0.0942398 -0.9955432 -0.0035481
vn 0.0386095 -0.9992039 -0.0100499
vn 0.0809776 -0.7037395 0.7058281
vn 0.0386095 -0.9992039 -0.0100499
vn 0.0594760 -0.7083238 0.7033775
vn 0.0942398 -0.9955432 -0.0035481
vn 0.0516463 -0.6981133 -0.7141221
vn -0.0051402 -0.6972247 -0.7168341
vn 0.0942398 -0.9955432 -0.0035481
vn -0.0051402 -0.6972247 -0.7168341
vn 0.0386095 -0.9992039 -0.0100499
vn 0.0516463 -0.6981133 -0.7141221
vn -0.0217332 0.0154254 -0.9996448
vn -0.0456827 0.0141211 -0.9988562
vn 0.0516463 -0.6981133 -0.7141221
vn -0.0456827 0.0141211 -0.9988562
vn -0.0051402 -0.6972247 -0.7168341
vn -0.0217332 0.0154254 -0.9996448
vn -0.0819523 0.7170507 -0.6921864
vn -0.0594232 0.7142488 -0.6973646
vn -0.0217332 0.0154254 -0.9996448
vn -0.0594232 0.7142488 -0.6973646
vn -0.0456827 0.0141211 -0.9988562
vn -0.0819523 0.7170507 -0.6921864
vn -0.0939189 0.9954117 0.0182944
vn -0.0387357 0.9992236 0.0071911
vn -0.0819523 0.7170507 -0.6921864
vn -0.0387357 0.9992236 0.0071911
vn -0.0594232 0.7142488 -0.6973646
vn -0.0387357 0.9992236 0.0071911
vn 0.0043757 0.7061210 0.7080777
vn 0.0365676 0.7066817 0.7065860
vn -0.0387357 0.9992236 0.0071911
vn 0.0365676 0.7066817 0.7065860
vn 0.0227613 0.9997320 0.0042174
vn 0.0043757 0.7061210 0.7080777
vn 0.0450979 0.0006751 0.9989824
vn 0.0291034 0.0001590 0.9995764
vn 0.0043757 0.7061210 0.7080777
vn 0.0291034 0.0001590 0.9995764
vn 0.0365676 0.7066817 0.7065860
vn 0.0450979 0.0006751 0.9989824
vn 0.0594760 -0.7083238 0.7033775
vn 0.0044441 -0.7096249 0.7045655
vn 0.0450979 0.0006751 0.9989824
vn 0.0044441 -0.7096249 0.7045655
vn 0.0291034 0.0001590 0.9995764
vn 0.0594760 -0.7083238 0.7033775
vn 0.0386095 -0.9992039 -0.0100499
vn -0.0229125 -0.9996936 -0.0093744
vn 0.0594760 -0.7083238 0.7033775
vn -0.0229125 -0.9996936 -0.0093744
vn 0.0044441 -0.7096249 0.7045655
vn 0.0386095 -0.9992039 -0.0100499
vn -0.0051402 -0.6972247 -0.7168341
vn -0.0366314 -0.6964546 -0.7166653
vn 0.0386095 -0.9992039 -0.0100499
vn -0.0366314 -0.6964546 -0.7166653
vn -0.0229125 -0.9996936 -0.0093744
vn -0.0051402 -0.6972247 -0.7168341
vn -0.0456827 0.0141211 -0.9988562
vn -0.0287450 0.0150198 -0.9994739
vn -0.0051402 -0.6972247 -0.7168341
vn -0.0287450 0.0150198 -0.9994739
vn -0.0366314 -0.6964546 -0.7166653
vn -0.0456827 0.0141211 -0.9988562
vn -0.0594232 0.7142488 -0.6973646
vn -0.0041731 0.7145924 -0.6995286
vn -0.0456827 0.0141211 -0.9988562
vn -0.0041731 0.7145924 -0.6995286
vn -0.0287450 0.0150198 -0.9994739
vn -0.0594232 0.7142488 -0.6973646
vn -0.0387357 0.9992236 0.0071911
vn 0.0227613 0.9997320 0.0042174
vn -0.0594232 0.7142488 -0.6973646
vn 0.0227613 0.9997320 0.0042174
vn -0.0041731 0.7145924 -0.6995286
vn 0.0227613 0.9997320 0.0042174
vn 0.0365676 0.7066817 0.7065860
vn 0.0521152 0.7068125 0.7054787
vn 0.0227613 0.9997320 0.0042174
vn 0.0521152 0.7068125 0.7054787
vn 0.0805393 0.9967512 0.0006360
vn 0.0365676 0.7066817 0.7065860
vn 0.0291034 0.0001590 0.9995764
vn -0.0070555 0.0004499 0.9999749
vn 0.0365676 0.7066817 0.7065860
vn -0.0070555 0.0004499 0.9999749
vn 0.0521152 0.7068125 0.7054787
vn 0.0291034 0.0001590 0.9995764
vn 0.0044441 -0.7096249 0.7045655
vn -0.0622942 -0.7091359 0.7023145
vn 0.0291034 0.0001590 0.9995764
vn -0.0622942 -0.7091359 0.7023145
vn -0.0070555 0.0004499 0.9999749
vn 0.0044441 -0.7096249 0.7045655
vn -0.0229125 -0.9996936 -0.0093744
vn -0.0804564 -0.9966691 -0.0133273
vn 0.0044441 -0.7096249 0.7045655
vn -0.0804564 -0.9966691 -0.0133273
vn -0.0622942 -0.7091359 0.7023145
vn -0.0229125 -0.9996936 -0.0093744
vn -0.0366314 -0.6964546 -0.7166653
vn -0.0509920 -0.6939707 -0.7181953
vn -0.0229125 -0.9996936 -0.0093744
vn -0.0509920 -0.6939707 -0.7181953
vn -0.0804564 -0.9966691 -0.0133273
vn -0.0366314 -0.6964546 -0.7166653
vn -0.0287450 0.0150198 -0.9994739
vn 0.0080979 0.0125141 -0.9998888
vn -0.0366314 -0.6964546 -0.7166653
vn 0.0080979 0.0125141 -0.9998888
vn -0.0509920 -0.6939707 -0.7181953
vn -0.0287450 0.0150198 -0.9994739
vn -0.0041731 0.7145924 -0.6995286
vn 0.0622902 0.7092735 -0.7021759
vn -0.0287450 0.0150198 -0.9994739
vn 0.0622902 0.7092735 -0.7021759
vn 0.0080979 0.0125141 -0.9998888
vn -0.0041731 0.7145924 -0.6995286
vn 0.0227613 0.9997320 0.0042174
vn 0.0805393 0.9967512 0.0006360
vn -0.0041731 0.7145924 -0.6995286
vn 0.0805393 0.9967512 0.0006360
vn 0.0622902 0.7092735 -0.7021759
vn 0.0805393 0.9967512 0.0006360
vn 0.0521152 0.7068125 0.7054787
vn 0.0636539 0.7011488 0.7101681
vn 0.0805393 0.9967512 0.0006360
vn 0.0636539 0.7011488 0.7101681
vn 0.1250231 0.9921231 0.0078118
vn 0.0521152 0.7068125 0.7054787
vn -0.0070555 0.0004499 0.9999749
vn -0.0349851 0.0004632 0.9993877
vn 0.0521152 0.7068125 0.7054787
vn -0.0349851 0.0004632 0.9993877
vn 0.0636539 0.7011488 0.7101681
vn -0.0070555 0.0004499 0.9999749
vn -0.0622942 -0.7091359 0.7023145
vn -0.1133527 -0.7023097 0.7027890
vn -0.0070555 0.0004499 0.9999749
vn -0.1133527 -0.7023097 0.7027890
vn -0.0349851 0.0004632 0.9993877
vn -0.0622942 -0.7091359 0.7023145
vn -0.0804564 -0.9966691 -0.0133273
vn -0.1249987 -0.9921176 -0.0088175
vn -0.0622942 -0.7091359 0.7023145
vn -0.1249987 -0.9921176 -0.0088175
vn -0.1133527 -0.7023097 0.7027890
vn -0.0804564 -0.9966691 -0.0133273
vn -0.0509920 -0.6939707 -0.7181953
vn -0.0628572 -0.6962550 -0.7150370
vn -0.0804564 -0.9966691 -0.0133273
vn -0.0628572 -0.6962550 -0.7150370
vn -0.1249987 -0.9921176 -0.0088175
vn -0.0509920 -0.6939707 -0.7181953
vn 0.0080979 0.0125141 -0.9998888
vn 0.0360922 0.0083265 -0.9993138
vn -0.0509920 -0.6939707 -0.7181953
vn 0.0360922 0.0083265 -0.9993138
vn -0.0628572 -0.6962550 -0.7150370
vn 0.0080979 0.0125141 -0.9998888
vn 0.0622902 0.7092735 -0.7021759
vn 0.1136828 0.7061704 -0.6988559
vn 0.0080979 0.0125141 -0.9998888
vn 0.1136828 0.7061704 -0.6988559
vn 0.0360922 0.0083265 -0.9993138
vn 0.0622902 0.7092735 -0.7021759
vn 0.0805393 0.9967512 0.0006360
vn 0.1250231 0.9921231 0.0078118
vn 0.0622902 0.7092735 -0.7021759
vn 0.1250231 0.9921231 0.0078118
vn 0.1136828 0.7061704 -0.6988559
vn 0.1250231 0.9921231 0.0078118
vn 0.0636539 0.7011488 0.7101681
vn 0.0991774 0.6911615 0.7158629
vn 0.1250231 0.9921231 0.0078118
vn 0.0991774 0.6911615 0.7158629
vn 0.1499706 0.9885637 0.0158307
vn 0.0636539 0.7011488 0.7101681
vn -0.0349851 0.0004632 0.9993877
vn -0.0089498 -0.0059148 0.9999425
vn 0.0636539 0.7011488 0.7101681
vn -0.0089498 -0.0059148 0.9999425
vn 0.0991774 0.6911615 0.7158629
vn -0.0349851 0.0004632 0.9993877
vn -0.1133527 -0.7023097 0.7027890
vn -0.1119985 -0.7002270 0.7050805
vn -0.0349851 0.0004632 0.9993877
vn -0.1119985 -0.7002270 0.7050805
vn -0.0089498 -0.0059148 0.9999425
vn -0.1133527 -0.7023097 0.7027890
vn -0.1249987 -0.9921176 -0.0088175
vn -0.1501037 -0.9886685 -0.0018883
vn -0.1133527 -0.7023097 0.7027890
vn -0.1501037 -0.9886685 -0.0018883
vn -0.1119985 -0.7002270 0.7050805
vn -0.1249987 -0.9921176 -0.0088175
vn -0.0628572 -0.6962550 -0.7150370
vn -0.1000116 -0.6963696 -0.7106807
vn -0.1249987 -0.9921176 -0.0088175
vn -0.1000116 -0.6963696 -0.7106807
vn -0.1501037 -0.9886685 -0.0018883
vn -0.0628572 -0.6962550 -0.7150370
vn 0.0360922 0.0083265 -0.9993138
vn 0.0094754 0.0093456 -0.9999115
vn -0.0628572 -0.6962550 -0.7150370
vn 0.0094754 0.0093456 -0.9999115
vn -0.1000116 -0.6963696 -0.7106807
vn 0.0360922 0.0083265 -0.9993138
vn 0.1136828 0.7061704 -0.6988559
vn 0.1132269 0.7087739 -0.6962896
vn 0.0360922 0.0083265 -0.9993138
vn 0.1132269 0.7087739 -0.6962896
vn 0.0094754 0.0093456 -0.9999115
vn 0.1136828 0.7061704 -0.6988559
vn 0.1250231 0.9921231 0.0078118
vn 0.1499706 0.9885637 0.0158307
vn 0.1136828 0.7061704 -0.6988559
vn 0.1499706 0.9885637 0.0158307
vn 0.1132269 0.7087739 -0.6962896
vn 0.1499706 0.9885637 0.0158307
vn 0.0991774 0.6911615 0.7158629
vn 0.1331564 0.6857831 0.7155214
vn 0.1499706 0.9885637 0.0158307
vn 0.1331564 0.6857831 0.7155214
vn 0.1520986 0.9882771 0.0132028
vn 0.0991774 0.6911615 0.7158629
vn -0.0089498 -0.0059148 0.9999425
vn 0.0366471 -0.0157294 0.9992045
vn 0.0991774 0.6911615 0.7158629
vn 0.0366471 -0.0157294 0.9992045
vn 0.1331564 0.6857831 0.7155214
vn -0.0089498 -0.0059148 0.9999425
vn -0.1119985 -0.7002270 0.7050805
vn -0.0810978 -0.7076358 0.7019080
vn -0.0089498 -0.0059148 0.9999425
vn -0.0810978 -0.7076358 0.7019080
vn 0.0366471 -0.0157294 0.9992045
vn -0.1119985 -0.7002270 0.7050805
vn -0.1501037 -0.9886685 -0.0018883
vn -0.1517754 -0.9884048 -0.0044997
vn -0.1119985 -0.7002270 0.7050805
vn -0.1517754 -0.9884048 -0.0044997
vn -0.0810978 -0.7076358 0.7019080
vn -0.1501037 -0.9886685 -0.0018883
vn -0.1000116 -0.6963696 -0.7106807
vn -0.1338080 -0.6913906 -0.7099820
vn -0.1501037 -0.9886685 -0.0018883
vn -0.1338080 -0.6913906 -0.7099820
vn -0.1517754 -0.9884048 -0.0044997
vn -0.1000116 -0.6963696 -0.7106807
vn 0.0094754 0.0093456 -0.9999115
vn -0.0370488 0.0132002 -0.9992263
vn -0.1000116 -0.6963696 -0.7106807
vn -0.0370488 0.0132002 -0.9992263
vn -0.1338080 -0.6913906 -0.7099820
vn 0.0094754 0.0093456 -0.9999115
vn 0.1132269 0.7087739 -0.6962896
vn 0.0816826 0.7106638 -0.6987738
vn 0.0094754 0.0093456 -0.9999115
vn 0.0816826 0.7106638 -0.6987738
vn -0.0370488 0.0132002 -0.9992263
vn 0.1132269 0.7087739 -0.6962896
vn 0.1499706 0.9885637 0.0158307
vn 0.1520986 0.9882771 0.0132028
vn 0.1132269 0.7087739 -0.6962896
vn 0.1520986 0.9882771 0.0132028
vn 0.0816826 0.7106638 -0.6987738
vn 0.1520986 0.9882771 0.0132028
vn 0.1331564 0.6857831 0.7155214
vn 0.1310732 0.6867618 0.7149672
vn 0.1520986 0.9882771 0.0132028
vn 0.1310732 0.6867618 0.7149672
vn 0.1301330 0.9914458 0.0100381
vn 0.1331564 0.6857831 0.7155214
vn 0.0366471 -0.0157294 0.9992045
vn 0.0549464 -0.0211064 0.9982662
vn 0.1331564 0.6857831 0.7155214
vn 0.0549464 -0.0211064 0.9982662
vn 0.1310732 0.6867618 0.7149672
vn 0.0366471 -0.0157294 0.9992045
vn -0.0810978 -0.7076358 0.7019080
vn -0.0531296 -0.7149748 0.6971286
vn 0.0366471 -0.0157294 0.9992045
vn -0.0531296 -0.7149748 0.6971286
vn 0.0549464 -0.0211064 0.9982662
vn -0.0810978 -0.7076358 0.7019080
vn -0.1517754 -0.9884048 -0.0044997
vn -0.1300924 -0.9914556 -0.0095809
vn -0.0810978 -0.7076358 0.7019080
vn -0.1300924 -0.9914556 -0.0095809
vn -0.0531296 -0.7149748 0.6971286
vn -0.1517754 -0.9884048 -0.0044997
vn -0.1338080 -0.6913906 -0.7099820
vn -0.1313616 -0.6910909 -0.7107303
vn -0.1517754 -0.9884048 -0.0044997
vn -0.1313616 -0.6910909 -0.7107303
vn -0.1300924 -0.9914556 -0.0095809
vn -0.1338080 -0.6913906 -0.7099820
vn -0.0370488 0.0132002 -0.9992263
vn -0.0560010 0.0129589 -0.9983466
vn -0.1338080 -0.6913906 -0.7099820
vn -0.0560010 0.0129589 -0.9983466
vn -0.1313616 -0.6910909 -0.7107303
vn -0.0370488 0.0132002 -0.9992263
vn 0.0816826 0.7106638 -0.6987738
vn 0.0524142 0.7112308 -0.7010018
vn -0.0370488 0.0132002 -0.9992263
vn 0.0524142 0.7112308 -0.7010018
vn -0.0560010 0.0129589 -0.9983466
vn 0.0816826 0.7106638 -0.6987738
vn 0.1520986 0.9882771 0.0132028
vn 0.1301330 0.9914458 0.0100381
vn 0.0816826 0.7106638 -0.6987738
vn 0.1301330 0.9914458 0.0100381
vn 0.0524142 0.7112308 -0.7010018
vn 0.1301330 0.9914458 0.0100381
vn 0.1310732 0.6867618 0.7149672
vn 0.0808531 0.6953337 0.7141244
vn 0.1301330 0.9914458 0.0100381
vn 0.0808531 0.6953337 0.7141244
vn 0.0870977 0.9961930 0.0036838
vn 0.1310732 0.6867618 0.7149672
vn 0.0549464 -0.0211064 0.9982662
vn 0.0264283 -0.0199077 0.9994525
vn 0.1310732 0.6867618 0.7149672
vn 0.0264283 -0.0199077 0.9994525
vn 0.0808531 0.6953337 0.7141244
vn 0.0549464 -0.0211064 0.9982662
vn -0.0531296 -0.7149748 0.6971286
vn -0.0434167 -0.7205268 0.6920666
vn 0.0549464 -0.0211064 0.9982662
vn -0.0434167 -0.7205268 0.6920666
vn 0.0264283 -0.0199077 0.9994525
vn -0.0531296 -0.7149748 0.6971286
vn -0.1300924 -0.9914556 -0.0095809
vn -0.0874704 -0.9960030 -0.0180805
vn -0.0531296 -0.7149748 0.6971286
vn -0.0874704 -0.9960030 -0.0180805
vn -0.0434167 -0.7205268 0.6920666
vn -0.1300924 -0.9914556 -0.0095809
vn -0.1313616 -0.6910909 -0.7107303
vn -0.0807687 -0.6944934 -0.7149512
vn -0.1300924 -0.9914556 -0.0095809
vn -0.0807687 -0.6944934 -0.7149512
vn -0.0874704 -0.9960030 -0.0180805
vn -0.1313616 -0.6910909 -0.7107303
vn -0.0560010 0.0129589 -0.9983466
vn -0.0275233 0.0071898 -0.9995952
vn -0.1313616 -0.6910909 -0.7107303
vn -0.0275233 0.0071898 -0.9995952
vn -0.0807687 -0.6944934 -0.7149512
vn -0.0560010 0.0129589 -0.9983466
vn 0.0524142 0.7112308 -0.7010018
vn 0.0418664 0.7071826 -0.7057903
vn -0.0560010 0.0129589 -0.9983466
vn 0.0418664 0.7071826 -0.7057903
vn -0.0275233 0.0071898 -0.9995952
vn 0.0524142 0.7112308 -0.7010018
vn 0.1301330 0.9914458 0.0100381
vn 0.0870977 0.9961930 0.0036838
vn 0.0524142 0.7112308 -0.7010018
vn 0.0870977 0.9961930 0.0036838
vn 0.0418664 0.7071826 -0.7057903
vn 0.0870977 0.9961930 0.0036838
vn 0.0808531 0.6953337 0.7141244
vn -0.0017833 0.7005014 0.7136488
vn 0.0870977 0.9961930 0.0036838
vn -0.0017833 0.7005014 0.7136488
vn 0.0302070 0.9995414 0.0021459
vn 0.0808531 0.6953337 0.7141244
vn 0.0264283 -0.0199077 0.9994525
vn -0.0326988 -0.0164364 0.9993301
vn 0.0808531 0.6953337 0.7141244
vn -0.0326988 -0.0164364 0.9993301
vn -0.0017833 0.7005014 0.7136488
vn 0.0264283 -0.0199077 0.9994525
vn -0.0434167 -0.7205268 0.6920666
vn -0.0441159 -0.7202585 0.6923016
vn 0.0264283 -0.0199077 0.9994525
vn -0.0441159 -0.7202585 0.6923016
vn -0.0326988 -0.0164364 0.9993301
vn -0.0434167 -0.7205268 0.6920666
vn -0.0874704 -0.9960030 -0.0180805
vn -0.0297315 -0.9994172 -0.0167690
vn -0.0434167 -0.7205268 0.6920666
vn -0.0297315 -0.9994172 -0.0167690
vn -0.0441159 -0.7202585 0.6923016
vn -0.0874704 -0.9960030 -0.0180805
vn -0.0807687 -0.6944934 -0.7149512
vn 0.0017486 -0.7008045 -0.7133512
vn -0.0874704 -0.9960030 -0.0180805
vn 0.0017486 -0.7008045 -0.7133512
vn -0.0297315 -0.9994172 -0.0167690
vn -0.0807687 -0.6944934 -0.7149512
vn -0.0275233 0.0071898 -0.9995952
vn 0.0322307 0.0012559 -0.9994797
vn -0.0807687 -0.6944934 -0.7149512
vn 0.0322307 0.0012559 -0.9994797
vn 0.0017486 -0.7008045 -0.7133512
vn -0.0275233 0.0071898 -0.9995952
vn 0.0418664 0.7071826 -0.7057903
vn 0.0441579 0.7054783 -0.7073545
vn -0.0275233 0.0071898 -0.9995952
vn 0.0441579 0.7054783 -0.7073545
vn 0.0322307 0.0012559 -0.9994797
vn 0.0418664 0.7071826 -0.7057903
vn 0.0870977 0.9961930 0.0036838
vn 0.0302070 0.9995414 0.0021459
vn 0.0418664 0.7071826 -0.7057903
vn 0.0302070 0.9995414 0.0021459
vn 0.0441579 0.7054783 -0.7073545
vn 0.0302070 0.9995414 0.0021459
vn -0.0017833 0.7005014 0.7136488
vn -0.0676979 0.6976616 0.7132217
vn 0.0302070 0.9995414 0.0021459
vn -0.0676979 0.6976616 0.7132217
vn -0.0319193 0.9994763 0.0053261
vn -0.0017833 0.7005014 0.7136488
vn -0.0326988 -0.0164364 0.9993301
vn -0.0633923 -0.0150523 0.9978752
vn -0.0017833 0.7005014 0.7136488
vn -0.0633923 -0.0150523 0.9978752
vn -0.0676979 0.6976616 0.7132217
vn -0.0326988 -0.0164364 0.9993301
vn -0.0441159 -0.7202585 0.6923016
vn -0.0220458 -0.7159088 0.6978457
vn -0.0326988 -0.0164364 0.9993301
vn -0.0220458 -0.7159088 0.6978457
vn -0.0633923 -0.0150523 0.9978752
vn -0.0441159 -0.7202585 0.6923016
vn -0.0297315 -0.9994172 -0.0167690
vn 0.0319475 -0.9994719 -0.0059335
vn -0.0441159 -0.7202585 0.6923016
vn 0.0319475 -0.9994719 -0.0059335
vn -0.0220458 -0.7159088 0.6978457
vn -0.0297315 -0.9994172 -0.0167690
vn 0.0017486 -0.7008045 -0.7133512
vn 0.0674422 -0.7049200 -0.7060732
vn -0.0297315 -0.9994172 -0.0167690
vn 0.0674422 -0.7049200 -0.7060732
vn 0.0319475 -0.9994719 -0.0059335
vn 0.0017486 -0.7008045 -0.7133512
vn 0.0322307 0.0012559 -0.9994797
vn 0.0638559 0.0000403 -0.9979591
vn 0.0017486 -0.7008045 -0.7133512
vn 0.0638559 0.0000403 -0.9979591
vn 0.0674422 -0.7049200 -0.7060732
vn 0.0322307 0.0012559 -0.9994797
vn 0.0441579 0.7054783 -0.7073545
vn 0.0227923 0.7081671 -0.7056769
vn 0.0322307 0.0012559 -0.9994797
vn 0.0227923 0.7081671 -0.7056769
vn 0.0638559 0.0000403 -0.9979591
vn 0.0441579 0.7054783 -0.7073545
vn 0.0302070 0.9995414 0.0021459
vn -0.0319193 0.9994763 0.0053261
vn 0.0441579 0.7054783 -0.7073545
vn -0.0319193 0.9994763 0.0053261
vn 0.0227923 0.7081671 -0.7056769
vn -0.0319193 0.9994763 0.0053261
vn -0.0676979 0.6976616 0.7132217
vn -0.1057954 0.6953039 0.7108867
vn -0.0319193 0.9994763 0.0053261
vn -0.1057954 0.6953039 0.7108867
vn -0.0883107 0.9960883 0.0030193
vn -0.0676979 0.6976616 0.7132217
vn -0.0633923 -0.0150523 0.9978752
vn -0.0609251 -0.0139471 0.9980450
vn -0.0676979 0.6976616 0.7132217
vn -0.0609251 -0.0139471 0.9980450
vn -0.1057954 0.6953039 0.7108867
vn -0.0633923 -0.0150523 0.9978752
vn -0.0220458 -0.7159088 0.6978457
vn 0.0193294 -0.7123892 0.7015183
vn -0.0633923 -0.0150523 0.9978752
vn 0.0193294 -0.7123892 0.7015183
vn -0.0609251 -0.0139471 0.9980450
vn -0.0220458 -0.7159088 0.6978457
vn 0.0319475 -0.9994719 -0.0059335
vn 0.0882033 -0.9961016 -0.0013877
vn -0.0220458 -0.7159088 0.6978457
vn 0.0882033 -0.9961016 -0.0013877
vn 0.0193294 -0.7123892 0.7015183
vn 0.0319475 -0.9994719 -0.0059335
vn 0.0674422 -0.7049200 -0.7060732
vn 0.1059803 -0.7023759 -0.7038723
vn 0.0319475 -0.9994719 -0.0059335
vn 0.1059803 -0.7023759 -0.7038723
vn 0.0882033 -0.9961016 -0.0013877
vn 0.0674422 -0.7049200 -0.7060732
vn 0.0638559 0.0000403 -0.9979591
vn 0.0620549 0.0014756 -0.9980717
vn 0.0674422 -0.7049200 -0.7060732
vn 0.0620549 0.0014756 -0.9980717
vn 0.1059803 -0.7023759 -0.7038723
vn 0.0638559 0.0000403 -0.9979591
vn 0.0227923 0.7081671 -0.7056769
vn -0.0184958 0.7070348 -0.7069368
vn 0.0638559 0.0000403 -0.9979591
vn -0.0184958 0.7070348 -0.7069368
vn 0.0620549 0.0014756 -0.9980717
vn 0.0227923 0.7081671 -0.7056769
vn -0.0319193 0.9994763 0.0053261
vn -0.0883107 0.9960883 0.0030193
vn 0.0227923 0.7081671 -0.7056769
vn -0.0883107 0.9960883 0.0030193
vn -0.0184958 0.7070348 -0.7069368
vn -0.0883107 0.9960883 0.0030193
vn -0.1057954 0.6953039 0.7108867
vn -0.1053692 0.6920316 0.7141355
vn -0.0883107 0.9960883 0.0030193
vn -0.1053692 0.6920316 0.7141355
vn -0.1304889 0.9913945 0.0104746
vn -0.1057954 0.6953039 0.7108867
vn -0.0609251 -0.0139471 0.9980450
vn -0.0192409 -0.0073334 0.9997880
vn -0.1057954 0.6953039 0.7108867
vn -0.0192409 -0.0073334 0.9997880
vn -0.1053692 0.6920316 0.7141355
vn -0.0609251 -0.0139471 0.9980450
vn 0.0193294 -0.7123892 0.7015183
vn 0.0777862 -0.7010088 0.7088978
vn -0.0609251 -0.0139471 0.9980450
vn 0.0777862 -0.7010088 0.7088978
vn -0.0192409 -0.0073334 0.9997880
vn 0.0193294 -0.7123892 0.7015183
vn 0.0882033 -0.9961016 -0.0013877
vn 0.1301057 -0.9914647 0.0083691
vn 0.0193294 -0.7123892 0.7015183
vn 0.1301057 -0.9914647 0.0083691
vn 0.0777862 -0.7010088 0.7088978
vn 0.0882033 -0.9961016 -0.0013877
vn 0.1059803 -0.7023759 -0.7038723
vn 0.1068475 -0.7053988 -0.7007111
vn 0.0882033 -0.9961016 -0.0013877
vn 0.1068475 -0.7053988 -0.7007111
vn 0.1301057 -0.9914647 0.0083691
vn 0.1059803 -0.7023759 -0.7038723
vn 0.0620549 0.0014756 -0.9980717
vn 0.0202955 -0.0006843 -0.9997938
vn 0.1059803 -0.7023759 -0.7038723
vn 0.0202955 -0.0006843 -0.9997938
vn 0.1068475 -0.7053988 -0.7007111
vn 0.0620549 0.0014756 -0.9980717
vn -0.0184958 0.7070348 -0.7069368
vn -0.0785997 0.7063439 -0.7034915
vn 0.0620549 0.0014756 -0.9980717
vn -0.0785997 0.7063439 -0.7034915
vn 0.0202955 -0.0006843 -0.9997938
vn -0.0184958 0.7070348 -0.7069368
vn -0.0883107 0.9960883 0.0030193
vn -0.1304889 0.9913945 0.0104746
vn -0.0184958 0.7070348 -0.7069368
vn -0.1304889 0.9913945 0.0104746
vn -0.0785997 0.7063439 -0.7034915
vn -0.1304889 0.9913945 0.0104746
vn -0.1053692 0.6920316 0.7141355
vn -0.0847454 0.6989811 0.7101011
vn -0.1304889 0.9913945 0.0104746
vn -0.0847454 0.6989811 0.7101011
vn -0.1516839 0.9884179 0.0046948
vn -0.1053692 0.6920316 0.7141355
vn -0.0192409 -0.0073334 0.9997880
vn 0.0315486 0.0018838 0.9995005
vn -0.1053692 0.6920316 0.7141355
vn 0.0315486 0.0018838 0.9995005
vn -0.0847454 0.6989811 0.7101011
vn -0.0192409 -0.0073334 0.9997880
vn 0.0777862 -0.7010088 0.7088978
vn 0.1293683 -0.6957003 0.7065867
vn -0.0192409 -0.0073334 0.9997880
vn 0.1293683 -0.6957003 0.7065867
vn 0.0315486 0.0018838 0.9995005
vn 0.0777862 -0.7010088 0.7088978
vn 0.1301057 -0.9914647 0.0083691
vn 0.1518713 -0.9883991 0.0015704
vn 0.0777862 -0.7010088 0.7088978
vn 0.1518713 -0.9883991 0.0015704
vn 0.1293683 -0.6957003 0.7065867
vn 0.1301057 -0.9914647 0.0083691
vn 0.1068475 -0.7053988 -0.7007111
vn 0.0855358 -0.7032814 -0.7057471
vn 0.1301057 -0.9914647 0.0083691
vn 0.0855358 -0.7032814 -0.7057471
vn 0.1518713 -0.9883991 0.0015704
vn 0.1068475 -0.7053988 -0.7007111
vn 0.0202955 -0.0006843 -0.9997938
vn -0.0311976 -0.0043483 -0.9995037
vn 0.1068475 -0.7053988 -0.7007111
vn -0.0311976 -0.0043483 -0.9995037
vn 0.0855358 -0.7032814 -0.7057471
vn 0.0202955 -0.0006843 -0.9997938
vn -0.0785997 0.7063439 -0.7034915
vn -0.1296245 0.6975853 -0.7046788
vn 0.0202955 -0.0006843 -0.9997938
vn -0.1296245 0.6975853 -0.7046788
vn -0.0311976 -0.0043483 -0.9995037
vn -0.0785997 0.7063439 -0.7034915
vn -0.1304889 0.9913945 0.0104746
vn -0.1516839 0.9884179 0.0046948
vn -0.0785997 0.7063439 -0.7034915
vn -0.1516839 0.9884179 0.0046948
vn -0.1296245 0.6975853 -0.7046788
vn -0.1516839 0.9884179 0.0046948
vn -0.0847454 0.6989811 0.7101011
vn -0.0839548 0.7036772 0.7055423
vn -0.1516839 0.9884179 0.0046948
vn -0.0839548 0.7036772 0.7055423
vn -0.1498535 0.9887073 -0.0013419
vn -0.0847454 0.6989811 0.7101011
vn 0.0315486 0.0018838 0.9995005
vn 0.0313882 0.0047745 0.9994958
vn -0.0847454 0.6989811 0.7101011
vn 0.0313882 0.0047745 0.9994958
vn -0.0839548 0.7036772 0.7055423
vn 0.0315486 0.0018838 0.9995005
vn 0.1293683 -0.6957003 0.7065867
vn 0.1283603 -0.6976661 0.7048302
vn 0.0315486 0.0018838 0.9995005
vn 0.1283603 -0.6976661 0.7048302
vn 0.0313882 0.0047745 0.9994958
vn 0.1293683 -0.6957003 0.7065867
vn 0.1518713 -0.9883991 0.0015704
vn 0.1496653 -0.9887248 -0.0048439
vn 0.1293683 -0.6957003 0.7065867
vn 0.1496653 -0.9887248 -0.0048439
vn 0.1283603 -0.6976661 0.7048302
vn 0.1518713 -0.9883991 0.0015704
vn 0.0855358 -0.7032814 -0.7057471
vn 0.0830827 -0.6989210 -0.7103567
vn 0.1518713 -0.9883991 0.0015704
vn 0.0830827 -0.6989210 -0.7103567
vn 0.1496653 -0.9887248 -0.0048439
vn 0.0855358 -0.7032814 -0.7057471
vn -0.0311976 -0.0043483 -0.9995037
vn -0.0319095 -0.0013479 -0.9994898
vn 0.0855358 -0.7032814 -0.7057471
vn -0.0319095 -0.0013479 -0.9994898
vn 0.0830827 -0.6989210 -0.7103567
vn -0.0311976 -0.0043483 -0.9995037
vn -0.1296245 0.6975853 -0.7046788
vn -0.1281989 0.6963334 -0.7061762
vn -0.0311976 -0.0043483 -0.9995037
vn -0.1281989 0.6963334 -0.7061762
vn -0.0319095 -0.0013479 -0.9994898
vn -0.1296245 0.6975853 -0.7046788
vn -0.1516839 0.9884179 0.0046948
vn -0.1498535 0.9887073 -0.0013419
vn -0.1296245 0.6975853 -0.7046788
vn -0.1498535 0.9887073 -0.0013419
vn -0.1281989 0.6963334 -0.7061762
vn -0.1498535 0.9887073 -0.0013419
vn -0.0839548 0.7036772 0.7055423
vn -0.0788624 0.7047666 0.7050424
vn -0.1498535 0.9887073 -0.0013419
vn -0.0788624 0.7047666 0.7050424
vn -0.1245030 0.9922192 -0.0000573
vn -0.0839548 0.7036772 0.7055423
vn 0.0313882 0.0047745 0.9994958
vn 0.0129631 0.0048591 0.9999041
vn -0.0839548 0.7036772 0.7055423
vn 0.0129631 0.0048591 0.9999041
vn -0.0788624 0.7047666 0.7050424
vn 0.0313882 0.0047745 0.9994958
vn 0.1283603 -0.6976661 0.7048302
vn 0.0974212 -0.6997934 0.7076710
vn 0.0313882 0.0047745 0.9994958
vn 0.0974212 -0.6997934 0.7076710
vn 0.0129631 0.0048591 0.9999041
vn 0.1283603 -0.6976661 0.7048302
vn 0.1496653 -0.9887248 -0.0048439
vn 0.1244781 -0.9922186 -0.0027388
vn 0.1283603 -0.6976661 0.7048302
vn 0.1244781 -0.9922186 -0.0027388
vn 0.0974212 -0.6997934 0.7076710
vn 0.1496653 -0.9887248 -0.0048439
vn 0.0830827 -0.6989210 -0.7103567
vn 0.0780602 -0.6989420 -0.7109055
vn 0.1496653 -0.9887248 -0.0048439
vn 0.0780602 -0.6989420 -0.7109055
vn 0.1244781 -0.9922186 -0.0027388
vn 0.0830827 -0.6989210 -0.7103567
vn -0.0319095 -0.0013479 -0.9994898
vn -0.0140795 0.0040338 -0.9998927
vn 0.0830827 -0.6989210 -0.7103567
vn -0.0140795 0.0040338 -0.9998927
vn 0.0780602 -0.6989420 -0.7109055
vn -0.0319095 -0.0013479 -0.9994898
vn -0.1281989 0.6963334 -0.7061762
vn -0.0977596 0.7028508 -0.7045877
vn -0.0319095 -0.0013479 -0.9994898
vn -0.0977596 0.7028508 -0.7045877
vn -0.0140795 0.0040338 -0.9998927
vn -0.1281989 0.6963334 -0.7061762
vn -0.1498535 0.9887073 -0.0013419
vn -0.1245030 0.9922192 -0.0000573
vn -0.1281989 0.6963334 -0.7061762
vn -0.1245030 0.9922192 -0.0000573
vn -0.0977596 0.7028508 -0.7045877
vn -0.1245030 0.9922192 -0.0000573
vn -0.0788624 0.7047666 0.7050424
vn -0.0484040 0.7077997 0.7047529
vn -0.1245030 0.9922192 -0.0000573
vn -0.0484040 0.7077997 0.7047529
vn -0.0793747 0.9968437 0.0015579
vn -0.0788624 0.7047666 0.7050424
vn 0.0129631 0.0048591 0.9999041
vn 0.0107694 0.0067059 0.9999195
vn -0.0788624 0.7047666 0.7050424
vn 0.0107694 0.0067059 0.9999195
vn -0.0484040 0.7077997 0.7047529
vn 0.0129631 0.0048591 0.9999041
vn 0.0974212 -0.6997934 0.7076710
vn 0.0638622 -0.7010011 0.7102951
vn 0.0129631 0.0048591 0.9999041
vn 0.0638622 -0.7010011 0.7102951
vn 0.0107694 0.0067059 0.9999195
vn 0.0974212 -0.6997934 0.7076710
vn 0.1244781 -0.9922186 -0.0027388
vn 0.0794061 -0.9968423 0.0001727
vn 0.0974212 -0.6997934 0.7076710
vn 0.0794061 -0.9968423 0.0001727
vn 0.0638622 -0.7010011 0.7102951
vn 0.1244781 -0.9922186 -0.0027388
vn 0.0780602 -0.6989420 -0.7109055
vn 0.0479029 -0.7021232 -0.7104423
vn 0.1244781 -0.9922186 -0.0027388
vn 0.0479029 -0.7021232 -0.7104423
vn 0.0794061 -0.9968423 0.0001727
vn 0.0780602 -0.6989420 -0.7109055
vn -0.0140795 0.0040338 -0.9998927
vn -0.0118048 0.0063550 -0.9999101
vn 0.0780602 -0.6989420 -0.7109055
vn -0.0118048 0.0063550 -0.9999101
vn 0.0479029 -0.7021232 -0.7104423
vn -0.0140795 0.0040338 -0.9998927
vn -0.0977596 0.7028508 -0.7045877
vn -0.0643643 0.7083780 -0.7028924
vn -0.0140795 0.0040338 -0.9998927
vn -0.0643643 0.7083780 -0.7028924
vn -0.0118048 0.0063550 -0.9999101
vn -0.0977596 0.7028508 -0.7045877
vn -0.1245030 0.9922192 -0.0000573
vn -0.0793747 0.9968437 0.0015579
vn -0.0977596 0.7028508 -0.7045877
vn -0.0793747 0.9968437 0.0015579
vn -0.0643643 0.7083780 -0.7028924
vn -0.0793747 0.9968437 0.0015579
vn -0.0484040 0.7077997 0.7047529
vn 0.0042931 0.7102187 0.7039680
vn -0.0793747 0.9968437 0.0015579
vn 0.0042931 0.7102187 0.7039680
vn -0.0212291 0.9997724 0.0021123
vn -0.0484040 0.7077997 0.7047529
vn 0.0107694 0.0067059 0.9999195
vn 0.0273739 0.0091532 0.9995834
vn -0.0484040 0.7077997 0.7047529
vn 0.0273739 0.0091532 0.9995834
vn 0.0042931 0.7102187 0.7039680
vn 0.0107694 0.0067059 0.9999195
vn 0.0638622 -0.7010011 0.7102951
vn 0.0345712 -0.7003704 0.7129418
vn 0.0107694 0.0067059 0.9999195
vn 0.0345712 -0.7003704 0.7129418
vn 0.0273739 0.0091532 0.9995834
vn 0.0638622 -0.7010011 0.7102951
vn 0.0794061 -0.9968423 0.0001727
vn 0.0214086 -0.9997621 0.0041739
vn 0.0638622 -0.7010011 0.7102951
vn 0.0214086 -0.9997621 0.0041739
vn 0.0345712 -0.7003704 0.7129418
vn 0.0794061 -0.9968423 0.0001727
vn 0.0479029 -0.7021232 -0.7104423
vn -0.0044870 -0.7057806 -0.7084162
vn 0.0794061 -0.9968423 0.0001727
vn -0.0044870 -0.7057806 -0.7084162
vn 0.0214086 -0.9997621 0.0041739
vn 0.0479029 -0.7021232 -0.7104423
vn -0.0118048 0.0063550 -0.9999101
vn -0.0276786 0.0060325 -0.9995986
vn 0.0479029 -0.7021232 -0.7104423
vn -0.0276786 0.0060325 -0.9995986
vn -0.0044870 -0.7057806 -0.7084162
vn -0.0118048 0.0063550 -0.9999101
vn -0.0643643 0.7083780 -0.7028924
vn -0.0345051 0.7111005 -0.7022432
vn -0.0118048 0.0063550 -0.9999101
vn -0.0345051 0.7111005 -0.7022432
vn -0.0276786 0.0060325 -0.9995986
vn -0.0643643 0.7083780 -0.7028924
vn -0.0793747 0.9968437 0.0015579
vn -0.0212291 0.9997724 0.0021123
vn -0.0643643 0.7083780 -0.7028924
vn -0.0212291 0.9997724 0.0021123
vn -0.0345051 0.7111005 -0.7022432
vn -0.0212291 0.9997724 0.0021123
vn 0.0042931 0.7102187 0.7039680
vn 0.0782131 0.7079673 0.7019011
vn -0.0212291 0.9997724 0.0021123
vn 0.0782131 0.7079673 0.7019011
vn 0.0404779 0.9991778 0.0023217
vn 0.0042931 0.7102187 0.7039680
vn 0.0273739 0.0091532 0.9995834
vn 0.0709260 0.0091524 0.9974396
vn 0.0042931 0.7102187 0.7039680
vn 0.0709260 0.0091524 0.9974396
vn 0.0782131 0.7079673 0.7019011
vn 0.0273739 0.0091532 0.9995834
vn 0.0345712 -0.7003704 0.7129418
vn 0.0224956 -0.6977412 0.7159966
vn 0.0273739 0.0091532 0.9995834
vn 0.0224956 -0.6977412 0.7159966
vn 0.0709260 0.0091524 0.9974396
vn 0.0345712 -0.7003704 0.7129418
vn 0.0214086 -0.9997621 0.0041739
vn -0.0394417 -0.9991447 0.0124238
vn 0.0345712 -0.7003704 0.7129418
vn -0.0394417 -0.9991447 0.0124238
vn 0.0224956 -0.6977412 0.7159966
vn 0.0214086 -0.9997621 0.0041739
vn -0.0044870 -0.7057806 -0.7084162
vn -0.0782252 -0.7080285 -0.7018380
vn 0.0214086 -0.9997621 0.0041739
vn -0.0782252 -0.7080285 -0.7018380
vn -0.0394417 -0.9991447 0.0124238
vn -0.0044870 -0.7057806 -0.7084162
vn -0.0276786 0.0060325 -0.9995986
vn -0.0703458 0.0055363 -0.9975073
vn -0.0044870 -0.7057806 -0.7084162
vn -0.0703458 0.0055363 -0.9975073
vn -0.0782252 -0.7080285 -0.7018380
vn -0.0276786 0.0060325 -0.9995986
vn -0.0345051 0.7111005 -0.7022432
vn -0.0208676 0.7124851 -0.7013769
vn -0.0276786 0.0060325 -0.9995986
vn -0.0208676 0.7124851 -0.7013769
vn -0.0703458 0.0055363 -0.9975073
vn -0.0345051 0.7111005 -0.7022432
vn -0.0212291 0.9997724 0.0021123
vn 0.0404779 0.9991778 0.0023217
vn -0.0345051 0.7111005 -0.7022432
vn 0.0404779 0.9991778 0.0023217
vn -0.0208676 0.7124851 -0.7013769
vn 0.0404779 0.9991778 0.0023217
vn 0.0782131 0.7079673 0.7019011
vn 0.1403522 0.7066606 0.6934927
vn 0.0404779 0.9991778 0.0023217
vn 0.1403522 0.7066606 0.6934927
vn 0.0943522 0.9954940 -0.0094501
vn 0.0782131 0.7079673 0.7019011
vn 0.0709260 0.0091524 0.9974396
vn 0.1048417 0.0063820 0.9944685
vn 0.0782131 0.7079673 0.7019011
vn 0.1048417 0.0063820 0.9944685
vn 0.1403522 0.7066606 0.6934927
vn 0.0709260 0.0091524 0.9974396
vn 0.0224956 -0.6977412 0.7159966
vn 0.0077837 -0.7001219 0.7139809
vn 0.0709260 0.0091524 0.9974396
vn 0.0077837 -0.7001219 0.7139809
vn 0.1048417 0.0063820 0.9944685
vn 0.0224956 -0.6977412 0.7159966
vn -0.0394417 -0.9991447 0.0124238
vn -0.0941877 -0.9954919 0.0111564
vn 0.0224956 -0.6977412 0.7159966
vn -0.0941877 -0.9954919 0.0111564
vn 0.0077837 -0.7001219 0.7139809
vn -0.0394417 -0.9991447 0.0124238
vn -0.0782252 -0.7080285 -0.7018380
vn -0.1404334 -0.7015969 -0.6985989
vn -0.0394417 -0.9991447 0.0124238
vn -0.1404334 -0.7015969 -0.6985989
vn -0.0941877 -0.9954919 0.0111564
vn -0.0782252 -0.7080285 -0.7018380
vn -0.0703458 0.0055363 -0.9975073
vn -0.1037096 0.0054639 -0.9945926
vn -0.0782252 -0.7080285 -0.7018380
vn -0.1037096 0.0054639 -0.9945926
vn -0.1404334 -0.7015969 -0.6985989
vn -0.0703458 0.0055363 -0.9975073
vn -0.0208676 0.7124851 -0.7013769
vn -0.0064088 0.7068865 -0.7072980
vn -0.0703458 0.0055363 -0.9975073
vn -0.0064088 0.7068865 -0.7072980
vn -0.1037096 0.0054639 -0.9945926
vn -0.0208676 0.7124851 -0.7013769
vn 0.0404779 0.9991778 0.0023217
vn 0.0943522 0.9954940 -0.0094501
vn -0.0208676 0.7124851 -0.7013769
vn 0.0943522 0.9954940 -0.0094501
vn -0.0064088 0.7068865 -0.7072980
vn 0.0943522 0.9954940 -0.0094501
vn 0.1403522 0.7066606 0.6934927
vn 0.1433018 0.7105075 0.6889439
vn 0.0943522 0.9954940 -0.0094501
vn 0.1433018 0.7105075 0.6889439
vn 0.1332714 0.9908109 -0.0230725
vn 0.1403522 0.7066606 0.6934927
vn 0.1048417 0.0063820 0.9944685
vn 0.0686475 0.0083278 0.9976063
vn 0.1403522 0.7066606 0.6934927
vn 0.0686475 0.0083278 0.9976063
vn 0.1433018 0.7105075 0.6889439
vn 0.1048417 0.0063820 0.9944685
vn 0.0077837 -0.7001219 0.7139809
vn -0.0471599 -0.7005946 0.7119994
vn 0.1048417 0.0063820 0.9944685
vn -0.0471599 -0.7005946 0.7119994
vn 0.0686475 0.0083278 0.9976063
vn 0.0077837 -0.7001219 0.7139809
vn -0.0941877 -0.9954919 0.0111564
vn -0.1346036 -0.9908926 0.0036849
vn 0.0077837 -0.7001219 0.7139809
vn -0.1346036 -0.9908926 0.0036849
vn -0.0471599 -0.7005946 0.7119994
vn -0.0941877 -0.9954919 0.0111564
vn -0.1404334 -0.7015969 -0.6985989
vn -0.1424152 -0.6972075 -0.7025807
vn -0.0941877 -0.9954919 0.0111564
vn -0.1424152 -0.6972075 -0.7025807
vn -0.1346036 -0.9908926 0.0036849
vn -0.1404334 -0.7015969 -0.6985989
vn -0.1037096 0.0054639 -0.9945926
vn -0.0676093 -0.0008370 -0.9977115
vn -0.1404334 -0.7015969 -0.6985989
vn -0.0676093 -0.0008370 -0.9977115
vn -0.1424152 -0.6972075 -0.7025807
vn -0.1037096 0.0054639 -0.9945926
vn -0.0064088 0.7068865 -0.7072980
vn 0.0459720 0.6946583 -0.7178693
vn -0.1037096 0.0054639 -0.9945926
vn 0.0459720 0.6946583 -0.7178693
vn -0.0676093 -0.0008370 -0.9977115
vn -0.0064088 0.7068865 -0.7072980
vn 0.0943522 0.9954940 -0.0094501
vn 0.1332714 0.9908109 -0.0230725
vn -0.0064088 0.7068865 -0.7072980
vn 0.1332714 0.9908109 -0.0230725
vn 0.0459720 0.6946583 -0.7178693
vn 0.1332714 0.9908109 -0.0230725
vn 0.1433018 0.7105075 0.6889439
vn 0.1036001 0.7140427 0.6923944
vn 0.1332714 0.9908109 -0.0230725
vn 0.1036001 0.7140427 0.6923944
vn 0.1532005 0.9879403 -0.0224360
vn 0.1433018 0.7105075 0.6889439
vn 0.0686475 0.0083278 0.9976063
vn -0.0076330 0.0157538 0.9998468
vn 0.1433018 0.7105075 0.6889439
vn -0.0076330 0.0157538 0.9998468
vn 0.1036001 0.7140427 0.6923944
vn 0.0686475 0.0083278 0.9976063
vn -0.0471599 -0.7005946 0.7119994
vn -0.1143750 -0.6922573 0.7125293
vn 0.0686475 0.0083278 0.9976063
vn -0.1143750 -0.6922573 0.7125293
vn -0.0076330 0.0157538 0.9998468
vn -0.0471599 -0.7005946 0.7119994
vn -0.1346036 -0.9908926 0.0036849
vn -0.1530686 -0.9882048 0.0046184
vn -0.0471599 -0.7005946 0.7119994
vn -0.1530686 -0.9882048 0.0046184
vn -0.1143750 -0.6922573 0.7125293
vn -0.1346036 -0.9908926 0.0036849
vn -0.1424152 -0.6972075 -0.7025807
vn -0.1020255 -0.7044781 -0.7023541
vn -0.1346036 -0.9908926 0.0036849
vn -0.1020255 -0.7044781 -0.7023541
vn -0.1530686 -0.9882048 0.0046184
vn -0.1424152 -0.6972075 -0.7025807
vn -0.0676093 -0.0008370 -0.9977115
vn 0.0078876 -0.0139227 -0.9998720
vn -0.1424152 -0.6972075 -0.7025807
vn 0.0078876 -0.0139227 -0.9998720
vn -0.1020255 -0.7044781 -0.7023541
vn -0.0676093 -0.0008370 -0.9977115
vn 0.0459720 0.6946583 -0.7178693
vn 0.1131846 0.6842389 -0.7204210
vn -0.0676093 -0.0008370 -0.9977115
vn 0.1131846 0.6842389 -0.7204210
vn 0.0078876 -0.0139227 -0.9998720
vn 0.0459720 0.6946583 -0.7178693
vn 0.1332714 0.9908109 -0.0230725
vn 0.1532005 0.9879403 -0.0224360
vn 0.0459720 0.6946583 -0.7178693
vn 0.1532005 0.9879403 -0.0224360
vn 0.1131846 0.6842389 -0.7204210
vn 0.1532005 0.9879403 -0.0224360
vn 0.1036001 0.7140427 0.6923944
vn 0.0665568 0.7148322 0.6961216
vn 0.1532005 0.9879403 -0.0224360
vn 0.0665568 0.7148322 0.6961216
vn 0.1484215 0.9887924 -0.0161481
vn 0.1036001 0.7140427 0.6923944
vn -0.0076330 0.0157538 0.9998468
vn -0.0545316 0.0197109 0.9983174
vn 0.1036001 0.7140427 0.6923944
vn -0.0545316 0.0197109 0.9983174
vn 0.0665568 0.7148322 0.6961216
vn -0.0076330 0.0157538 0.9998468
vn -0.1143750 -0.6922573 0.7125293
vn -0.1434000 -0.6860796 0.7132539
vn -0.0076330 0.0157538 0.9998468
vn -0.1434000 -0.6860796 0.7132539
vn -0.0545316 0.0197109 0.9983174
vn -0.1143750 -0.6922573 0.7125293
vn -0.1530686 -0.9882048 0.0046184
vn -0.1481522 -0.9889022 0.0111092
vn -0.1143750 -0.6922573 0.7125293
vn -0.1481522 -0.9889022 0.0111092
vn -0.1434000 -0.6860796 0.7132539
vn -0.1530686 -0.9882048 0.0046184
vn -0.1020255 -0.7044781 -0.7023541
vn -0.0664885 -0.7144414 -0.6965291
vn -0.1530686 -0.9882048 0.0046184
vn -0.0664885 -0.7144414 -0.6965291
vn -0.1481522 -0.9889022 0.0111092
vn -0.1020255 -0.7044781 -0.7023541
vn 0.0078876 -0.0139227 -0.9998720
vn 0.0538778 -0.0239035 -0.9982615
vn -0.1020255 -0.7044781 -0.7023541
vn 0.0538778 -0.0239035 -0.9982615
vn -0.0664885 -0.7144414 -0.6965291
vn 0.0078876 -0.0139227 -0.9998720
vn 0.1131846 0.6842389 -0.7204210
vn 0.1429476 0.6813933 -0.7178226
vn 0.0078876 -0.0139227 -0.9998720
vn 0.1429476 0.6813933 -0.7178226
vn 0.0538778 -0.0239035 -0.9982615
vn 0.1131846 0.6842389 -0.7204210
vn 0.1532005 0.9879403 -0.0224360
vn 0.1484215 0.9887924 -0.0161481
vn 0.1131846 0.6842389 -0.7204210
vn 0.1484215 0.9887924 -0.0161481
vn 0.1429476 0.6813933 -0.7178226
vn 0.1484215 0.9887924 -0.0161481
vn 0.0665568 0.7148322 0.6961216
vn 0.6640402 0.4691518 0.5821916
vn 0.1484215 0.9887924 -0.0161481
vn 0.6640402 0.4691518 0.5821916
vn 0.7311794 0.6814671 0.0312943
vn 0.0665568 0.7148322 0.6961216
vn -0.0545316 0.0197109 0.9983174
vn 0.5727389 -0.0691183 0.8168187
vn 0.0665568 0.7148322 0.6961216
vn 0.5727389 -0.0691183 0.8168187
vn 0.6640402 0.4691518 0.5821916
vn -0.0545316 0.0197109 0.9983174
vn -0.1434000 -0.6860796 0.7132539
vn 0.5107034 -0.6179945 0.5977164
vn -0.0545316 0.0197109 0.9983174
vn 0.5107034 -0.6179945 0.5977164
vn 0.5727389 -0.0691183 0.8168187
vn -0.1434000 -0.6860796 0.7132539
vn -0.1481522 -0.9889022 0.0111092
vn 0.5143373 -0.8559359 0.0532057
vn -0.1434000 -0.6860796 0.7132539
vn 0.5143373 -0.8559359 0.0532057
vn 0.5107034 -0.6179945 0.5977164
vn -0.1481522 -0.9889022 0.0111092
vn -0.0664885 -0.7144414 -0.6965291
vn 0.5814312 -0.6436030 -0.4977078
vn -0.1481522 -0.9889022 0.0111092
vn 0.5814312 -0.6436030 -0.4977078
vn 0.5143373 -0.8559359 0.0532057
vn -0.0664885 -0.7144414 -0.6965291
vn 0.0538778 -0.0239035 -0.9982615
vn 0.6727619 -0.1053681 -0.7323175
vn -0.0664885 -0.7144414 -0.6965291
vn 0.6727619 -0.1053681 -0.7323175
vn 0.5814312 -0.6436030 -0.4977078
vn 0.0538778 -0.0239035 -0.9982615
vn 0.1429476 0.6813933 -0.7178226
vn 0.7347960 0.4435186 -0.5131920
vn 0.0538778 -0.0239035 -0.9982615
vn 0.7347960 0.4435186 -0.5131920
vn 0.6727619 -0.1053681 -0.7323175
vn 0.1429476 0.6813933 -0.7178226
vn 0.1484215 0.9887924 -0.0161481
vn 0.7311794 0.6814671 0.0312943
vn 0.1429476 0.6813933 -0.7178226
vn 0.7311794 0.6814671 0.0312943
vn 0.7347960 0.4435186 -0.5131920
vn -0.9872480 -0.1537732 0.0411736
vn -0.6843666 0.4490265 0.5744716
vn -0.7417078 0.6702220 0.0259248
vn 0.9881008 -0.1384221 0.0670532
vn 0.7311794 0.6814671 0.0312943
vn 0.6640402 0.4691518 0.5821916
vn -0.9872480 -0.1537732 0.0411736
vn -0.5906335 -0.0920242 0.8016755
vn -0.6843666 0.4490265 0.5744716
vn 0.9881008 -0.1384221 0.0670532
vn 0.6640402 0.4691518 0.5821916
vn 0.5727389 -0.0691183 0.8168187
vn -0.9872480 -0.1537732 0.0411736
vn -0.5153920 -0.6358942 0.5744647
vn -0.5906335 -0.0920242 0.8016755
vn 0.9881008 -0.1384221 0.0670532
vn 0.5727389 -0.0691183 0.8168187
vn 0.5107034 -0.6179945 0.5977164
vn -0.9872480 -0.1537732 0.0411736
vn -0.5027095 -0.8640650 0.0259783
vn -0.5153920 -0.6358942 0.5744647
vn 0.9881008 -0.1384221 0.0670532
vn 0.5107034 -0.6179945 0.5977164
vn 0.5143373 -0.8559359 0.0532057
vn -0.9872480 -0.1537732 0.0411736
vn -0.5600501 -0.6428785 -0.5225430
vn -0.5027095 -0.8640650 0.0259783
vn 0.9881008 -0.1384221 0.0670532
vn 0.5143373 -0.8559359 0.0532057
vn 0.5814312 -0.6436030 -0.4977078
vn -0.9872480 -0.1537732 0.0411736
vn -0.6538067 -0.1017953 -0.7497830
vn -0.5600501 -0.6428785 -0.5225430
vn 0.9881008 -0.1384221 0.0670532
vn 0.5814312 -0.6436030 -0.4977078
vn 0.6727619 -0.1053681 -0.7323175
vn -0.9872480 -0.1537732 0.0411736
vn -0.7290317 0.4420763 -0.5225717
vn -0.6538067 -0.1017953 -0.7497830
vn 0.9881008 -0.1384221 0.0670532
vn 0.6727619 -0.1053681 -0.7323175
vn 0.7347960 0.4435186 -0.5131920
vn -0.9872480 -0.1537732 0.0411736
vn -0.7417078 0.6702220 0.0259248
vn -0.7290317 0.4420763 -0.5225717
vn 0.9881008 -0.1384221 0.0670532
vn 0.7347960 0.4435186 -0.5131920
vn 0.7311794 0.6814671 0.0312943
vn -0.2499994 0.9657069 0.0700732
vn -0.2543180 0.8808396 0.3993044
vn 0.8303552 0.3109280 0.4624220
vn -0.2499994 0.9657069 0.0700732
vn 0.8303552 0.3109280 0.4624220
vn 0.9295900 0.3663901 -0.0402579
vn -0.2543180 0.8808396 0.3993044
vn -0.3456550 0.6322662 0.6933702
vn 0.5411178 0.1928284 0.8185407
vn -0.2543180 0.8808396 0.3993044
vn 0.5411178 0.1928284 0.8185407
vn 0.8303552 0.3109280 0.4624220
vn -0.3456550 0.6322662 0.6933702
vn -0.5257765 0.2331655 0.8180421
vn 0.2610495 0.0045641 0.9653146
vn -0.3456550 0.6322662 0.6933702
vn 0.2610495 0.0045641 0.9653146
vn 0.5411178 0.1928284 0.8185407
vn -0.5257765 0.2331655 0.8180421
vn -0.7172935 -0.1484157 0.6807810
vn 0.6015969 -0.7721262 0.2047005
vn -0.5257765 0.2331655 0.8180421
vn 0.6015969 -0.7721262 0.2047005
vn 0.2610495 0.0045641 0.9653146
vn -0.7172935 -0.1484157 0.6807810
vn -0.8460432 -0.3624462 0.3909522
vn 0.4015881 -0.9141414 0.0554313
vn -0.7172935 -0.1484157 0.6807810
vn 0.4015881 -0.9141414 0.0554313
vn 0.6015969 -0.7721262 0.2047005
vn -0.8460432 -0.3624462 0.3909522
vn -0.9072189 -0.4150026 0.0687504
vn 0.3633592 -0.9303239 -0.0496736
vn -0.8460432 -0.3624462 0.3909522
vn 0.3633592 -0.9303239 -0.0496736
vn 0.4015881 -0.9141414 0.0554313
vn -0.9072189 -0.4150026 0.0687504
vn -0.9086183 -0.3284301 -0.2579662
vn 0.3824194 -0.9088150 -0.1667652
vn -0.9072189 -0.4150026 0.0687504
vn 0.3824194 -0.9088150 -0.1667652
vn 0.3633592 -0.9303239 -0.0496736
vn -0.9086183 -0.3284301 -0.2579662
vn -0.8308879 -0.0735144 -0.5515622
vn 0.6078318 -0.1250101 -0.7841640
vn -0.9086183 -0.3284301 -0.2579662
vn 0.6078318 -0.1250101 -0.7841640
vn 0.3824194 -0.9088150 -0.1667652
vn -0.8308879 -0.0735144 -0.5515622
vn -0.6584947 0.3300155 -0.6763686
vn 0.1689552 0.2410528 -0.9556922
vn -0.8308879 -0.0735144 -0.5515622
vn 0.1689552 0.2410528 -0.9556922
vn 0.6078318 -0.1250101 -0.7841640
vn -0.6584947 0.3300155 -0.6763686
vn -0.4567393 0.7057626 -0.5415609
vn 0.4334725 0.2359423 -0.8697314
vn -0.6584947 0.3300155 -0.6763686
vn 0.4334725 0.2359423 -0.8697314
vn 0.1689552 0.2410528 -0.9556922
vn -0.4567393 0.7057626 -0.5415609
vn -0.3154985 0.9143179 -0.2539360
vn 0.7736376 0.3368516 -0.5366712
vn -0.4567393 0.7057626 -0.5415609
vn 0.7736376 0.3368516 -0.5366712
vn 0.4334725 0.2359423 -0.8697314
vn -0.3154985 0.9143179 -0.2539360
vn -0.2499994 0.9657069 0.0700732
vn 0.9295900 0.3663901 -0.0402579
vn -0.3154985 0.9143179 -0.2539360
vn 0.9295900 0.3663901 -0.0402579
vn 0.7736376 0.3368516 -0.5366712
vn 0.9295900 0.3663901 -0.0402579
vn 0.8303552 0.3109280 0.4624220
vn 0.7838437 -0.4200978 0.4572820
vn 0.9295900 0.3663901 -0.0402579
vn 0.7838437 -0.4200978 0.4572820
vn 0.8700032 -0.4925538 -0.0220252
vn 0.8303552 0.3109280 0.4624220
vn 0.5411178 0.1928284 0.8185407
vn 0.4916731 -0.2413040 0.8366779
vn 0.8303552 0.3109280 0.4624220
vn 0.4916731 -0.2413040 0.8366779
vn 0.7838437 -0.4200978 0.4572820
vn 0.5411178 0.1928284 0.8185407
vn 0.2610495 0.0045641 0.9653146
vn 0.4221695 0.1046057 0.9004614
vn 0.5411178 0.1928284 0.8185407
vn 0.4221695 0.1046057 0.9004614
vn 0.4916731 -0.2413040 0.8366779
vn 0.2610495 0.0045641 0.9653146
vn 0.6015969 -0.7721262 0.2047005
vn 0.4221695 0.1046057 0.9004614
vn 0.6015969 -0.7721262 0.2047005
vn 0.5135663 0.8082753 0.2879942
vn 0.4221695 0.1046057 0.9004614
vn 0.6015969 -0.7721262 0.2047005
vn 0.4015881 -0.9141414 0.0554313
vn 0.3303292 0.9314881 0.1523563
vn 0.6015969 -0.7721262 0.2047005
vn 0.3303292 0.9314881 0.1523563
vn 0.5135663 0.8082753 0.2879942
vn 0.4015881 -0.9141414 0.0554313
vn 0.3633592 -0.9303239 -0.0496736
vn 0.2652706 0.9613094 -0.0742671
vn 0.4015881 -0.9141414 0.0554313
vn 0.2652706 0.9613094 -0.0742671
vn 0.3303292 0.9314881 0.1523563
vn 0.3633592 -0.9303239 -0.0496736
vn 0.3824194 -0.9088150 -0.1667652
vn 0.3381246 0.8946749 -0.2919393
vn 0.3633592 -0.9303239 -0.0496736
vn 0.3381246 0.8946749 -0.2919393
vn 0.2652706 0.9613094 -0.0742671
vn 0.3824194 -0.9088150 -0.1667652
vn 0.6078318 -0.1250101 -0.7841640
vn 0.3240612 0.8041900 -0.4982598
vn 0.3824194 -0.9088150 -0.1667652
vn 0.3240612 0.8041900 -0.4982598
vn 0.3381246 0.8946749 -0.2919393
vn 0.6078318 -0.1250101 -0.7841640
vn 0.1689552 0.2410528 -0.9556922
vn 0.3240612 0.8041900 -0.4982598
vn 0.1689552 0.2410528 -0.9556922
vn 0.1756888 0.1637383 -0.9707333
vn 0.3240612 0.8041900 -0.4982598
vn 0.1689552 0.2410528 -0.9556922
vn 0.4334725 0.2359423 -0.8697314
vn 0.4337695 -0.2903277 -0.8529677
vn 0.1689552 0.2410528 -0.9556922
vn 0.4337695 -0.2903277 -0.8529677
vn 0.1756888 0.1637383 -0.9707333
vn 0.4334725 0.2359423 -0.8697314
vn 0.7736376 0.3368516 -0.5366712
vn 0.7464063 -0.4461713 -0.4937701
vn 0.4334725 0.2359423 -0.8697314
vn 0.7464063 -0.4461713 -0.4937701
vn 0.4337695 -0.2903277 -0.8529677
vn 0.7736376 0.3368516 -0.5366712
vn 0.9295900 0.3663901 -0.0402579
vn 0.8700032 -0.4925538 -0.0220252
vn 0.7736376 0.3368516 -0.5366712
vn 0.8700032 -0.4925538 -0.0220252
vn 0.7464063 -0.4461713 -0.4937701
vn 0.8700032 -0.4925538 -0.0220252
vn 0.7838437 -0.4200978 0.4572820
vn 0.6883497 -0.5281096 0.4972675
vn 0.8700032 -0.4925538 -0.0220252
vn 0.6883497 -0.5281096 0.4972675
vn 0.7718975 -0.6357418 -0.0025999
vn 0.7838437 -0.4200978 0.4572820
vn 0.4916731 -0.2413040 0.8366779
vn 0.4201122 -0.2788076 0.8635809
vn 0.7838437 -0.4200978 0.4572820
vn 0.4201122 -0.2788076 0.8635809
vn 0.6883497 -0.5281096 0.4972675
vn 0.4916731 -0.2413040 0.8366779
vn 0.4221695 0.1046057 0.9004614
vn 0.0393684 0.0451424 0.9982045
vn 0.4916731 -0.2413040 0.8366779
vn 0.0393684 0.0451424 0.9982045
vn 0.4201122 -0.2788076 0.8635809
vn 0.4221695 0.1046057 0.9004614
vn 0.5135663 0.8082753 0.2879942
vn -0.3517594 0.3568485 0.8654041
vn 0.4221695 0.1046057 0.9004614
vn -0.3517594 0.3568485 0.8654041
vn 0.0393684 0.0451424 0.9982045
vn 0.5135663 0.8082753 0.2879942
vn 0.3303292 0.9314881 0.1523563
vn -0.6486080 0.5729176 0.5010718
vn 0.5135663 0.8082753 0.2879942
vn -0.6486080 0.5729176 0.5010718
vn -0.3517594 0.3568485 0.8654041
vn 0.3303292 0.9314881 0.1523563
vn 0.2652706 0.9613094 -0.0742671
vn -0.7719102 0.6357253 0.0028033
vn 0.3303292 0.9314881 0.1523563
vn -0.7719102 0.6357253 0.0028033
vn -0.6486080 0.5729176 0.5010718
vn 0.2652706 0.9613094 -0.0742671
vn 0.3381246 0.8946749 -0.2919393
vn -0.6887660 0.5285168 -0.4962573
vn 0.2652706 0.9613094 -0.0742671
vn -0.6887660 0.5285168 -0.4962573
vn -0.7719102 0.6357253 0.0028033
vn 0.3381246 0.8946749 -0.2919393
vn 0.3240612 0.8041900 -0.4982598
vn -0.4213114 0.2798509 -0.8626587
vn 0.3381246 0.8946749 -0.2919393
vn -0.4213114 0.2798509 -0.8626587
vn -0.6887660 0.5285168 -0.4962573
vn 0.3240612 0.8041900 -0.4982598
vn 0.1756888 0.1637383 -0.9707333
vn -0.0409260 -0.0438513 -0.9981994
vn 0.3240612 0.8041900 -0.4982598
vn -0.0409260 -0.0438513 -0.9981994
vn -0.4213114 0.2798509 -0.8626587
vn 0.1756888 0.1637383 -0.9707333
vn 0.4337695 -0.2903277 -0.8529677
vn 0.3506111 -0.3559705 -0.8662314
vn 0.1756888 0.1637383 -0.9707333
vn 0.3506111 -0.3559705 -0.8662314
vn -0.0409260 -0.0438513 -0.9981994
vn 0.4337695 -0.2903277 -0.8529677
vn 0.7464063 -0.4461713 -0.4937701
vn 0.6482278 -0.5727167 -0.5017931
vn 0.4337695 -0.2903277 -0.8529677
vn 0.6482278 -0.5727167 -0.5017931
vn 0.3506111 -0.3559705 -0.8662314
vn 0.7464063 -0.4461713 -0.4937701
vn 0.8700032 -0.4925538 -0.0220252
vn 0.7718975 -0.6357418 -0.0025999
vn 0.7464063 -0.4461713 -0.4937701
vn 0.7718975 -0.6357418 -0.0025999
vn 0.6482278 -0.5727167 -0.5017931
vn 0.7718975 -0.6357418 -0.0025999
vn 0.6883497 -0.5281096 0.4972675
vn 0.6946813 -0.5203085 0.4966860
vn 0.7718975 -0.6357418 -0.0025999
vn 0.6946813 -0.5203085 0.4966860
vn 0.7796419 -0.6262168 -0.0033270
vn 0.6883497 -0.5281096 0.4972675
vn 0.4201122 -0.2788076 0.8635809
vn 0.4233476 -0.2748168 0.8632801
vn 0.6883497 -0.5281096 0.4972675
vn 0.4233476 -0.2748168 0.8632801
vn 0.6946813 -0.5203085 0.4966860
vn 0.4201122 -0.2788076 0.8635809
vn 0.0393684 0.0451424 0.9982045
vn 0.0386183 0.0442460 0.9982740
vn 0.4201122 -0.2788076 0.8635809
vn 0.0386183 0.0442460 0.9982740
vn 0.4233476 -0.2748168 0.8632801
vn 0.0393684 0.0451424 0.9982045
vn -0.3517594 0.3568485 0.8654041
vn -0.3562988 0.3513134 0.8658118
vn 0.0393684 0.0451424 0.9982045
vn -0.3562988 0.3513134 0.8658118
vn 0.0386183 0.0442460 0.9982740
vn -0.3517594 0.3568485 0.8654041
vn -0.6486080 0.5729176 0.5010718
vn -0.6556938 0.5642151 0.5017240
vn -0.3517594 0.3568485 0.8654041
vn -0.6556938 0.5642151 0.5017240
vn -0.3562988 0.3513134 0.8658118
vn -0.6486080 0.5729176 0.5010718
vn -0.7719102 0.6357253 0.0028033
vn -0.7796723 0.6261778 0.0035307
vn -0.6486080 0.5729176 0.5010718
vn -0.7796723 0.6261778 0.0035307
vn -0.6556938 0.5642151 0.5017240
vn -0.7719102 0.6357253 0.0028033
vn -0.6887660 0.5285168 -0.4962573
vn -0.6951252 0.5206832 -0.4956713
vn -0.7719102 0.6357253 0.0028033
vn -0.6951252 0.5206832 -0.4956713
vn -0.7796723 0.6261778 0.0035307
vn -0.6887660 0.5285168 -0.4962573
vn -0.4213114 0.2798509 -0.8626587
vn -0.4245568 0.2758376 -0.8623602
vn -0.6887660 0.5285168 -0.4962573
vn -0.4245568 0.2758376 -0.8623602
vn -0.6951252 0.5206832 -0.4956713
vn -0.4213114 0.2798509 -0.8626587
vn -0.0409260 -0.0438513 -0.9981994
vn -0.0401945 -0.0429803 -0.9982671
vn -0.4213114 0.2798509 -0.8626587
vn -0.0401945 -0.0429803 -0.9982671
vn -0.4245568 0.2758376 -0.8623602
vn -0.0409260 -0.0438513 -0.9981994
vn 0.3506111 -0.3559705 -0.8662314
vn 0.3551219 -0.3504368 -0.8666501
vn -0.0409260 -0.0438513 -0.9981994
vn 0.3551219 -0.3504368 -0.8666501
vn -0.0401945 -0.0429803 -0.9982671
vn 0.3506111 -0.3559705 -0.8662314
vn 0.6482278 -0.5727167 -0.5017931
vn 0.6553009 -0.5640014 -0.5024769
vn 0.3506111 -0.3559705 -0.8662314
vn 0.6553009 -0.5640014 -0.5024769
vn 0.3551219 -0.3504368 -0.8666501
vn 0.6482278 -0.5727167 -0.5017931
vn 0.7718975 -0.6357418 -0.0025999
vn 0.7796419 -0.6262168 -0.0033270
vn 0.6482278 -0.5727167 -0.5017931
vn 0.7796419 -0.6262168 -0.0033270
vn 0.6553009 -0.5640014 -0.5024769
vn 0.7796419 -0.6262168 -0.0033270
vn 0.6946813 -0.5203085 0.4966860
vn 0.7009793 -0.5123586 0.4961014
vn 0.7796419 -0.6262168 -0.0033270
vn 0.7009793 -0.5123586 0.4961014
vn 0.7873584 -0.6164824 -0.0040365
vn 0.6946813 -0.5203085 0.4966860
vn 0.4233476 -0.2748168 0.8632801
vn 0.4265646 -0.2707614 0.8629779
vn 0.6946813 -0.5203085 0.4966860
vn 0.4265646 -0.2707614 0.8629779
vn 0.7009793 -0.5123586 0.4961014
vn 0.4233476 -0.2748168 0.8632801
vn 0.0386183 0.0442460 0.9982740
vn 0.0378879 0.0433305 0.9983422
vn 0.4233476 -0.2748168 0.8632801
vn 0.0378879 0.0433305 0.9983422
vn 0.4265646 -0.2707614 0.8629779
vn 0.0386183 0.0442460 0.9982740
vn -0.3562988 0.3513134 0.8658118
vn -0.3607584 0.3456581 0.8662412
vn 0.0386183 0.0442460 0.9982740
vn -0.3607584 0.3456581 0.8662412
vn 0.0378879 0.0433305 0.9983422
vn -0.3562988 0.3513134 0.8658118
vn -0.6556938 0.5642151 0.5017240
vn -0.6626901 0.5553865 0.5023819
vn -0.3562988 0.3513134 0.8658118
vn -0.6626901 0.5553865 0.5023819
vn -0.3607584 0.3456581 0.8662412
vn -0.6556938 0.5642151 0.5017240
vn -0.7796723 0.6261778 0.0035307
vn -0.7873300 0.6165171 0.0042333
vn -0.6556938 0.5642151 0.5017240
vn -0.7873300 0.6165171 0.0042333
vn -0.6626901 0.5553865 0.5023819
vn -0.7796723 0.6261778 0.0035307
vn -0.6951252 0.5206832 -0.4956713
vn -0.7014233 0.5127309 -0.4950881
vn -0.7796723 0.6261778 0.0035307
vn -0.7014233 0.5127309 -0.4950881
vn -0.7873300 0.6165171 0.0042333
vn -0.6951252 0.5206832 -0.4956713
vn -0.4245568 0.2758376 -0.8623602
vn -0.4277999 0.2717583 -0.8620526
vn -0.6951252 0.5206832 -0.4956713
vn -0.4277999 0.2717583 -0.8620526
vn -0.7014233 0.5127309 -0.4950881
vn -0.4245568 0.2758376 -0.8623602
vn -0.0401945 -0.0429803 -0.9982671
vn -0.0394972 -0.0420797 -0.9983332
vn -0.4245568 0.2758376 -0.8623602
vn -0.0394972 -0.0420797 -0.9983332
vn -0.4277999 0.2717583 -0.8620526
vn -0.0401945 -0.0429803 -0.9982671
vn 0.3551219 -0.3504368 -0.8666501
vn 0.3595895 -0.3448067 -0.8670662
vn -0.0401945 -0.0429803 -0.9982671
vn 0.3595895 -0.3448067 -0.8670662
vn -0.0394972 -0.0420797 -0.9983332
vn 0.3551219 -0.3504368 -0.8666501
vn 0.6553009 -0.5640014 -0.5024769
vn 0.6623618 -0.5551219 -0.5031068
vn 0.3551219 -0.3504368 -0.8666501
vn 0.6623618 -0.5551219 -0.5031068
vn 0.3595895 -0.3448067 -0.8670662
vn 0.6553009 -0.5640014 -0.5024769
vn 0.7796419 -0.6262168 -0.0033270
vn 0.7873584 -0.6164824 -0.0040365
vn 0.6553009 -0.5640014 -0.5024769
vn 0.7873584 -0.6164824 -0.0040365
vn 0.6623618 -0.5551219 -0.5031068
vn 0.7873584 -0.6164824 -0.0040365
vn 0.7009793 -0.5123586 0.4961014
vn 0.7071701 -0.5043344 0.4955374
vn 0.7873584 -0.6164824 -0.0040365
vn 0.7071701 -0.5043344 0.4955374
vn 0.7949098 -0.6067093 -0.0047259
vn 0.7009793 -0.5123586 0.4961014
vn 0.4265646 -0.2707614 0.8629779
vn 0.4297078 -0.2666517 0.8626981
vn 0.7009793 -0.5123586 0.4961014
vn 0.4297078 -0.2666517 0.8626981
vn 0.7071701 -0.5043344 0.4955374
vn 0.4265646 -0.2707614 0.8629779
vn 0.0378879 0.0433305 0.9983422
vn 0.0371766 0.0424099 0.9984084
vn 0.4265646 -0.2707614 0.8629779
vn 0.0371766 0.0424099 0.9984084
vn 0.4297078 -0.2666517 0.8626981
vn 0.0378879 0.0433305 0.9983422
vn -0.3607584 0.3456581 0.8662412
vn -0.3651339 0.3399807 0.8666547
vn 0.0378879 0.0433305 0.9983422
vn -0.3651339 0.3399807 0.8666547
vn 0.0371766 0.0424099 0.9984084
vn -0.3607584 0.3456581 0.8662412
vn -0.6626901 0.5553865 0.5023819
vn -0.6695851 0.5464633 0.5030244
vn -0.3607584 0.3456581 0.8662412
vn -0.6695851 0.5464633 0.5030244
vn -0.3651339 0.3399807 0.8666547
vn -0.6626901 0.5553865 0.5023819
vn -0.7873300 0.6165171 0.0042333
vn -0.7948875 0.6067368 0.0049200
vn -0.6626901 0.5553865 0.5023819
vn -0.7948875 0.6067368 0.0049200
vn -0.6695851 0.5464633 0.5030244
vn -0.7873300 0.6165171 0.0042333
vn -0.7014233 0.5127309 -0.4950881
vn -0.7076063 0.5047292 -0.4945116
vn -0.7873300 0.6165171 0.0042333
vn -0.7076063 0.5047292 -0.4945116
vn -0.7948875 0.6067368 0.0049200
vn -0.7014233 0.5127309 -0.4950881
vn -0.4277999 0.2717583 -0.8620526
vn -0.4309502 0.2676450 -0.8617703
vn -0.7014233 0.5127309 -0.4950881
vn -0.4309502 0.2676450 -0.8617703
vn -0.7076063 0.5047292 -0.4945116
vn -0.4277999 0.2717583 -0.8620526
vn -0.0394972 -0.0420797 -0.9983332
vn -0.0387873 -0.0411822 -0.9983985
vn -0.4277999 0.2717583 -0.8620526
vn -0.0387873 -0.0411822 -0.9983985
vn -0.4309502 0.2676450 -0.8617703
vn -0.0394972 -0.0420797 -0.9983332
vn 0.3595895 -0.3448067 -0.8670662
vn 0.3639865 -0.3391560 -0.8674601
vn -0.0394972 -0.0420797 -0.9983332
vn 0.3639865 -0.3391560 -0.8674601
vn -0.0387873 -0.0411822 -0.9983985
vn 0.3595895 -0.3448067 -0.8670662
vn 0.6623618 -0.5551219 -0.5031068
vn 0.6692493 -0.5462273 -0.5037271
vn 0.3595895 -0.3448067 -0.8670662
vn 0.6692493 -0.5462273 -0.5037271
vn 0.3639865 -0.3391560 -0.8674601
vn 0.6623618 -0.5551219 -0.5031068
vn 0.7873584 -0.6164824 -0.0040365
vn 0.7949098 -0.6067093 -0.0047259
vn 0.6623618 -0.5551219 -0.5031068
vn 0.7949098 -0.6067093 -0.0047259
vn 0.6692493 -0.5462273 -0.5037271
vn 0.7949098 -0.6067093 -0.0047259
vn 0.7071701 -0.5043344 0.4955374
vn -0.3434139 -0.9036257 0.2559832
vn 0.7949098 -0.6067093 -0.0047259
vn -0.3434139 -0.9036257 0.2559832
vn -0.2844681 -0.9571990 0.0533660
vn 0.7071701 -0.5043344 0.4955374
vn 0.4297078 -0.2666517 0.8626981
vn -0.1740435 -0.4036987 0.8981849
vn 0.7071701 -0.5043344 0.4955374
vn -0.1740435 -0.4036987 0.8981849
vn -0.3434139 -0.9036257 0.2559832
vn 0.4297078 -0.2666517 0.8626981
vn 0.0371766 0.0424099 0.9984084
vn 0.0203969 0.0206455 0.9995788
vn 0.4297078 -0.2666517 0.8626981
vn 0.0203969 0.0206455 0.9995788
vn -0.1740435 -0.4036987 0.8981849
vn 0.0371766 0.0424099 0.9984084
vn -0.3651339 0.3399807 0.8666547
vn -0.4142474 0.2991839 0.8595860
vn 0.0371766 0.0424099 0.9984084
vn -0.4142474 0.2991839 0.8595860
vn 0.0203969 0.0206455 0.9995788
vn -0.3651339 0.3399807 0.8666547
vn -0.6695851 0.5464633 0.5030244
vn -0.7325806 0.4655241 0.4966014
vn -0.3651339 0.3399807 0.8666547
vn -0.7325806 0.4655241 0.4966014
vn -0.4142474 0.2991839 0.8595860
vn -0.6695851 0.5464633 0.5030244
vn -0.7948875 0.6067368 0.0049200
vn -0.8578316 0.5138071 0.0112840
vn -0.6695851 0.5464633 0.5030244
vn -0.8578316 0.5138071 0.0112840
vn -0.7325806 0.4655241 0.4966014
vn -0.7948875 0.6067368 0.0049200
vn -0.7076063 0.5047292 -0.4945116
vn -0.7632344 0.4346740 -0.4780499
vn -0.7948875 0.6067368 0.0049200
vn -0.7632344 0.4346740 -0.4780499
vn -0.8578316 0.5138071 0.0112840
vn -0.7076063 0.5047292 -0.4945116
vn -0.4309502 0.2676450 -0.8617703
vn -0.4665181 0.2420310 -0.8507537
vn -0.7076063 0.5047292 -0.4945116
vn -0.4665181 0.2420310 -0.8507537
vn -0.7632344 0.4346740 -0.4780499
vn -0.4309502 0.2676450 -0.8617703
vn -0.0387873 -0.0411822 -0.9983985
vn -0.3219385 -0.1662390 -0.9320515
vn -0.4309502 0.2676450 -0.8617703
vn -0.3219385 -0.1662390 -0.9320515
vn -0.4665181 0.2420310 -0.8507537
vn -0.0387873 -0.0411822 -0.9983985
vn 0.3639865 -0.3391560 -0.8674601
vn -0.4315002 -0.8552266 -0.2870452
vn -0.0387873 -0.0411822 -0.9983985
vn -0.4315002 -0.8552266 -0.2870452
vn -0.3219385 -0.1662390 -0.9320515
vn 0.3639865 -0.3391560 -0.8674601
vn 0.6692493 -0.5462273 -0.5037271
vn -0.3456448 -0.9275114 -0.1423101
vn 0.3639865 -0.3391560 -0.8674601
vn -0.3456448 -0.9275114 -0.1423101
vn -0.4315002 -0.8552266 -0.2870452
vn 0.6692493 -0.5462273 -0.5037271
vn 0.7949098 -0.6067093 -0.0047259
vn -0.2844681 -0.9571990 0.0533660
vn 0.6692493 -0.5462273 -0.5037271
vn -0.2844681 -0.9571990 0.0533660
vn -0.3456448 -0.9275114 -0.1423101
vn -0.2844681 -0.9571990 0.0533660
vn -0.3434139 -0.9036257 0.2559832
vn 0.0623284 0.9979205 0.0164289
vn -0.2844681 -0.9571990 0.0533660
vn 0.0623284 0.9979205 0.0164289
vn 0.0617934 0.9971908 0.0423330
vn -0.3434139 -0.9036257 0.2559832
vn -0.1740435 -0.4036987 0.8981849
vn 0.2871391 0.0803598 0.9545121
vn -0.3434139 -0.9036257 0.2559832
vn 0.2871391 0.0803598 0.9545121
vn 0.0623284 0.9979205 0.0164289
vn -0.1740435 -0.4036987 0.8981849
vn 0.0203969 0.0206455 0.9995788
vn 0.2871391 0.0803598 0.9545121
vn 0.0203969 0.0206455 0.9995788
vn -0.0995558 -0.0370439 0.9943421
vn 0.2871391 0.0803598 0.9545121
vn 0.0203969 0.0206455 0.9995788
vn -0.4142474 0.2991839 0.8595860
vn -0.5832525 -0.0415449 0.8112279
vn 0.0203969 0.0206455 0.9995788
vn -0.5832525 -0.0415449 0.8112279
vn -0.0995558 -0.0370439 0.9943421
vn -0.4142474 0.2991839 0.8595860
vn -0.7325806 0.4655241 0.4966014
vn -0.8956553 -0.0270638 0.4439247
vn -0.4142474 0.2991839 0.8595860
vn -0.8956553 -0.0270638 0.4439247
vn -0.5832525 -0.0415449 0.8112279
vn -0.7325806 0.4655241 0.4966014
vn -0.8578316 0.5138071 0.0112840
vn -0.9998933 -0.0139205 0.0044331
vn -0.7325806 0.4655241 0.4966014
vn -0.9998933 -0.0139205 0.0044331
vn -0.8956553 -0.0270638 0.4439247
vn -0.8578316 0.5138071 0.0112840
vn -0.7632344 0.4346740 -0.4780499
vn -0.8999557 -0.0161286 -0.4356829
vn -0.8578316 0.5138071 0.0112840
vn -0.8999557 -0.0161286 -0.4356829
vn -0.9998933 -0.0139205 0.0044331
vn -0.7632344 0.4346740 -0.4780499
vn -0.4665181 0.2420310 -0.8507537
vn -0.5913691 -0.0163069 -0.8062361
vn -0.7632344 0.4346740 -0.4780499
vn -0.5913691 -0.0163069 -0.8062361
vn -0.8999557 -0.0161286 -0.4356829
vn -0.4665181 0.2420310 -0.8507537
vn -0.3219385 -0.1662390 -0.9320515
vn -0.2966836 -0.0376264 -0.9542343
vn -0.4665181 0.2420310 -0.8507537
vn -0.2966836 -0.0376264 -0.9542343
vn -0.5913691 -0.0163069 -0.8062361
vn -0.3219385 -0.1662390 -0.9320515
vn -0.4315002 -0.8552266 -0.2870452
vn -0.2966836 -0.0376264 -0.9542343
vn -0.4315002 -0.8552266 -0.2870452
vn -0.2210019 0.9311863 -0.2899140
vn -0.2966836 -0.0376264 -0.9542343
vn -0.4315002 -0.8552266 -0.2870452
vn -0.3456448 -0.9275114 -0.1423101
vn 0.0835994 0.9942514 0.0668973
vn -0.4315002 -0.8552266 -0.2870452
vn 0.0835994 0.9942514 0.0668973
vn -0.2210019 0.9311863 -0.2899140
vn -0.3456448 -0.9275114 -0.1423101
vn -0.2844681 -0.9571990 0.0533660
vn 0.0617934 0.9971908 0.0423330
vn -0.3456448 -0.9275114 -0.1423101
vn 0.0617934 0.9971908 0.0423330
vn 0.0835994 0.9942514 0.0668973
vn 0.0617934 0.9971908 0.0423330
vn 0.0623284 0.9979205 0.0164289
vn 0.7634166 -0.4009482 0.5063947
vn 0.0617934 0.9971908 0.0423330
vn 0.7634166 -0.4009482 0.5063947
vn 0.8904945 -0.4544512 -0.0222188
vn 0.0623284 0.9979205 0.0164289
vn 0.2871391 0.0803598 0.9545121
vn 0.4722349 -0.2512247 0.8449144
vn 0.0623284 0.9979205 0.0164289
vn 0.4722349 -0.2512247 0.8449144
vn 0.7634166 -0.4009482 0.5063947
vn 0.2871391 0.0803598 0.9545121
vn -0.0995558 -0.0370439 0.9943421
vn 0.1264586 -0.0954527 0.9873687
vn 0.2871391 0.0803598 0.9545121
vn 0.1264586 -0.0954527 0.9873687
vn 0.4722349 -0.2512247 0.8449144
vn -0.0995558 -0.0370439 0.9943421
vn -0.5832525 -0.0415449 0.8112279
vn -0.1331778 0.1065494 0.9853482
vn -0.0995558 -0.0370439 0.9943421
vn -0.1331778 0.1065494 0.9853482
vn 0.1264586 -0.0954527 0.9873687
vn -0.5832525 -0.0415449 0.8112279
vn -0.8956553 -0.0270638 0.4439247
vn -0.1425750 0.3478427 0.9266487
vn -0.5832525 -0.0415449 0.8112279
vn -0.1425750 0.3478427 0.9266487
vn -0.1331778 0.1065494 0.9853482
vn -0.8956553 -0.0270638 0.4439247
vn -0.9998933 -0.0139205 0.0044331
vn -0.3421604 0.9315308 -0.1231936
vn -0.8956553 -0.0270638 0.4439247
vn -0.3421604 0.9315308 -0.1231936
vn -0.1425750 0.3478427 0.9266487
vn -0.9998933 -0.0139205 0.0044331
vn -0.8999557 -0.0161286 -0.4356829
vn -0.2115234 0.4339905 -0.8757340
vn -0.9998933 -0.0139205 0.0044331
vn -0.2115234 0.4339905 -0.8757340
vn -0.3421604 0.9315308 -0.1231936
vn -0.8999557 -0.0161286 -0.4356829
vn -0.5913691 -0.0163069 -0.8062361
vn -0.1681586 0.1845125 -0.9683377
vn -0.8999557 -0.0161286 -0.4356829
vn -0.1681586 0.1845125 -0.9683377
vn -0.2115234 0.4339905 -0.8757340
vn -0.5913691 -0.0163069 -0.8062361
vn -0.2966836 -0.0376264 -0.9542343
vn 0.1172873 -0.0015687 -0.9930968
vn -0.5913691 -0.0163069 -0.8062361
vn 0.1172873 -0.0015687 -0.9930968
vn -0.1681586 0.1845125 -0.9683377
vn -0.2966836 -0.0376264 -0.9542343
vn -0.2210019 0.9311863 -0.2899140
vn 0.4640574 -0.1756866 -0.8682079
vn -0.2966836 -0.0376264 -0.9542343
vn 0.4640574 -0.1756866 -0.8682079
vn 0.1172873 -0.0015687 -0.9930968
vn -0.2210019 0.9311863 -0.2899140
vn 0.0835994 0.9942514 0.0668973
vn 0.7588034 -0.3570741 -0.5447159
vn -0.2210019 0.9311863 -0.2899140
vn 0.7588034 -0.3570741 -0.5447159
vn 0.4640574 -0.1756866 -0.8682079
vn 0.0835994 0.9942514 0.0668973
vn 0.0617934 0.9971908 0.0423330
vn 0.8904945 -0.4544512 -0.0222188
vn 0.0835994 0.9942514 0.0668973
vn 0.8904945 -0.4544512 -0.0222188
vn 0.7588034 -0.3570741 -0.5447159
vn 0.8904945 -0.4544512 -0.0222188
vn 0.7634166 -0.4009482 0.5063947
vn 0.0960863 -0.8887488 0.4482109
vn 0.8904945 -0.4544512 -0.0222188
vn 0.0960863 -0.8887488 0.4482109
vn 0.1067918 -0.9940439 -0.0217333
vn 0.7634166 -0.4009482 0.5063947
vn 0.4722349 -0.2512247 0.8449144
vn 0.0558470 -0.5509682 0.8326555
vn 0.7634166 -0.4009482 0.5063947
vn 0.0558470 -0.5509682 0.8326555
vn 0.0960863 -0.8887488 0.4482109
vn 0.4722349 -0.2512247 0.8449144
vn 0.1264586 -0.0954527 0.9873687
vn 0.0461039 0.0066842 0.9989143
vn 0.4722349 -0.2512247 0.8449144
vn 0.0461039 0.0066842 0.9989143
vn 0.0558470 -0.5509682 0.8326555
vn 0.1264586 -0.0954527 0.9873687
vn -0.1331778 0.1065494 0.9853482
vn 0.2205645 0.5847309 0.7806670
vn 0.1264586 -0.0954527 0.9873687
vn 0.2205645 0.5847309 0.7806670
vn 0.0461039 0.0066842 0.9989143
vn -0.1331778 0.1065494 0.9853482
vn -0.1425750 0.3478427 0.9266487
vn 0.4100016 0.8311268 0.3756686
vn -0.1331778 0.1065494 0.9853482
vn 0.4100016 0.8311268 0.3756686
vn 0.2205645 0.5847309 0.7806670
vn -0.1425750 0.3478427 0.9266487
vn -0.3421604 0.9315308 -0.1231936
vn 0.4495651 0.8931949 0.0097099
vn -0.1425750 0.3478427 0.9266487
vn 0.4495651 0.8931949 0.0097099
vn 0.4100016 0.8311268 0.3756686
vn -0.3421604 0.9315308 -0.1231936
vn -0.2115234 0.4339905 -0.8757340
vn 0.3723781 0.8537213 -0.3639981
vn -0.3421604 0.9315308 -0.1231936
vn 0.3723781 0.8537213 -0.3639981
vn 0.4495651 0.8931949 0.0097099
vn -0.2115234 0.4339905 -0.8757340
vn -0.1681586 0.1845125 -0.9683377
vn 0.1488428 0.6043484 -0.7826933
vn -0.2115234 0.4339905 -0.8757340
vn 0.1488428 0.6043484 -0.7826933
vn 0.3723781 0.8537213 -0.3639981
vn -0.1681586 0.1845125 -0.9683377
vn 0.1172873 -0.0015687 -0.9930968
vn -0.0015544 0.0246108 -0.9996958
vn -0.1681586 0.1845125 -0.9683377
vn -0.0015544 0.0246108 -0.9996958
vn 0.1488428 0.6043484 -0.7826933
vn 0.1172873 -0.0015687 -0.9930968
vn 0.4640574 -0.1756866 -0.8682079
vn 0.0287440 -0.5243424 -0.8510222
vn 0.1172873 -0.0015687 -0.9930968
vn 0.0287440 -0.5243424 -0.8510222
vn -0.0015544 0.0246108 -0.9996958
vn 0.4640574 -0.1756866 -0.8682079
vn 0.7588034 -0.3570741 -0.5447159
vn 0.0819751 -0.8707491 -0.4848465
vn 0.4640574 -0.1756866 -0.8682079
vn 0.0819751 -0.8707491 -0.4848465
vn 0.0287440 -0.5243424 -0.8510222
vn 0.7588034 -0.3570741 -0.5447159
vn 0.8904945 -0.4544512 -0.0222188
vn 0.1067918 -0.9940439 -0.0217333
vn 0.7588034 -0.3570741 -0.5447159
vn 0.1067918 -0.9940439 -0.0217333
vn 0.0819751 -0.8707491 -0.4848465
vn 0.1067918 -0.9940439 -0.0217333
vn 0.0960863 -0.8887488 0.4482109
vn 0.0472335 -0.8702939 0.4902625
vn 0.1067918 -0.9940439 -0.0217333
vn 0.0472335 -0.8702939 0.4902625
vn 0.0435158 -0.9989631 -0.0133841
vn 0.0960863 -0.8887488 0.4482109
vn 0.0558470 -0.5509682 0.8326555
vn 0.0382043 -0.5070194 0.8610876
vn 0.0960863 -0.8887488 0.4482109
vn 0.0382043 -0.5070194 0.8610876
vn 0.0472335 -0.8702939 0.4902625
vn 0.0558470 -0.5509682 0.8326555
vn 0.0461039 0.0066842 0.9989143
vn 0.0189219 -0.0081760 0.9997875
vn 0.0558470 -0.5509682 0.8326555
vn 0.0189219 -0.0081760 0.9997875
vn 0.0382043 -0.5070194 0.8610876
vn 0.0461039 0.0066842 0.9989143
vn 0.2205645 0.5847309 0.7806670
vn -0.0053888 0.4918096 0.8706861
vn 0.0461039 0.0066842 0.9989143
vn -0.0053888 0.4918096 0.8706861
vn 0.0189219 -0.0081760 0.9997875
vn 0.2205645 0.5847309 0.7806670
vn 0.4100016 0.8311268 0.3756686
vn -0.0282232 0.8598427 0.5097784
vn 0.2205645 0.5847309 0.7806670
vn -0.0282232 0.8598427 0.5097784
vn -0.0053888 0.4918096 0.8706861
vn 0.4100016 0.8311268 0.3756686
vn 0.4495651 0.8931949 0.0097099
vn -0.0435306 0.9989576 0.0137386
vn 0.4100016 0.8311268 0.3756686
vn -0.0435306 0.9989576 0.0137386
vn -0.0282232 0.8598427 0.5097784
vn 0.4495651 0.8931949 0.0097099
vn 0.3723781 0.8537213 -0.3639981
vn -0.0472722 0.8726820 -0.4859954
vn 0.4495651 0.8931949 0.0097099
vn -0.0472722 0.8726820 -0.4859954
vn -0.0435306 0.9989576 0.0137386
vn 0.3723781 0.8537213 -0.3639981
vn 0.1488428 0.6043484 -0.7826933
vn -0.0384375 0.5139740 -0.8569441
vn 0.3723781 0.8537213 -0.3639981
vn -0.0384375 0.5139740 -0.8569441
vn -0.0472722 0.8726820 -0.4859954
vn 0.1488428 0.6043484 -0.7826933
vn -0.0015544 0.0246108 -0.9996958
vn -0.0193209 0.0173065 -0.9996635
vn 0.1488428 0.6043484 -0.7826933
vn -0.0193209 0.0173065 -0.9996635
vn -0.0384375 0.5139740 -0.8569441
vn -0.0015544 0.0246108 -0.9996958
vn 0.0287440 -0.5243424 -0.8510222
vn 0.0050144 -0.4850631 -0.8744648
vn -0.0015544 0.0246108 -0.9996958
vn 0.0050144 -0.4850631 -0.8744648
vn -0.0193209 0.0173065 -0.9996635
vn 0.0287440 -0.5243424 -0.8510222
vn 0.0819751 -0.8707491 -0.4848465
vn 0.0280390 -0.8576613 -0.5134500
vn 0.0287440 -0.5243424 -0.8510222
vn 0.0280390 -0.8576613 -0.5134500
vn 0.0050144 -0.4850631 -0.8744648
vn 0.0819751 -0.8707491 -0.4848465
vn 0.1067918 -0.9940439 -0.0217333
vn 0.0435158 -0.9989631 -0.0133841
vn 0.0819751 -0.8707491 -0.4848465
vn 0.0435158 -0.9989631 -0.0133841
vn 0.0280390 -0.8576613 -0.5134500
vn 0.0435158 -0.9989631 -0.0133841
vn 0.0472335 -0.8702939 0.4902625
vn 0.0942681 -0.8668756 0.4895305
vn 0.0435158 -0.9989631 -0.0133841
vn 0.0942681 -0.8668756 0.4895305
vn 0.0991664 -0.9949685 -0.0142760
vn 0.0472335 -0.8702939 0.4902625
vn 0.0382043 -0.5070194 0.8610876
vn 0.0639440 -0.5050850 0.8606976
vn 0.0472335 -0.8702939 0.4902625
vn 0.0639440 -0.5050850 0.8606976
vn 0.0942681 -0.8668756 0.4895305
vn 0.0382043 -0.5070194 0.8610876
vn 0.0189219 -0.0081760 0.9997875
vn 0.0164905 -0.0082398 0.9998301
vn 0.0382043 -0.5070194 0.8610876
vn 0.0164905 -0.0082398 0.9998301
vn 0.0639440 -0.5050850 0.8606976
vn 0.0189219 -0.0081760 0.9997875
vn -0.0053888 0.4918096 0.8706861
vn -0.0352767 0.4897490 0.8711495
vn 0.0189219 -0.0081760 0.9997875
vn -0.0352767 0.4897490 0.8711495
vn 0.0164905 -0.0082398 0.9998301
vn -0.0053888 0.4918096 0.8706861
vn -0.0282232 0.8598427 0.5097784
vn -0.0775540 0.8563424 0.5105518
vn -0.0053888 0.4918096 0.8706861
vn -0.0775540 0.8563424 0.5105518
vn -0.0352767 0.4897490 0.8711495
vn -0.0282232 0.8598427 0.5097784
vn -0.0435306 0.9989576 0.0137386
vn -0.0991737 0.9949625 0.0146319
vn -0.0282232 0.8598427 0.5097784
vn -0.0991737 0.9949625 0.0146319
vn -0.0775540 0.8563424 0.5105518
vn -0.0435306 0.9989576 0.0137386
vn -0.0472722 0.8726820 -0.4859954
vn -0.0944482 0.8692766 -0.4852192
vn -0.0435306 0.9989576 0.0137386
vn -0.0944482 0.8692766 -0.4852192
vn -0.0991737 0.9949625 0.0146319
vn -0.0472722 0.8726820 -0.4859954
vn -0.0384375 0.5139740 -0.8569441
vn -0.0645800 0.5120763 -0.8565089
vn -0.0472722 0.8726820 -0.4859954
vn -0.0645800 0.5120763 -0.8565089
vn -0.0944482 0.8692766 -0.4852192
vn -0.0384375 0.5139740 -0.8569441
vn -0.0193209 0.0173065 -0.9996635
vn -0.0174070 0.0174220 -0.9996967
vn -0.0384375 0.5139740 -0.8569441
vn -0.0174070 0.0174220 -0.9996967
vn -0.0645800 0.5120763 -0.8565089
vn -0.0193209 0.0173065 -0.9996635
vn 0.0050144 -0.4850631 -0.8744648
vn 0.0345344 -0.4829655 -0.8749580
vn -0.0193209 0.0173065 -0.9996635
vn 0.0345344 -0.4829655 -0.8749580
vn -0.0174070 0.0174220 -0.9996967
vn 0.0050144 -0.4850631 -0.8744648
vn 0.0280390 -0.8576613 -0.5134500
vn 0.0772635 -0.8541477 -0.5142589
vn 0.0050144 -0.4850631 -0.8744648
vn 0.0772635 -0.8541477 -0.5142589
vn 0.0345344 -0.4829655 -0.8749580
vn 0.0280390 -0.8576613 -0.5134500
vn 0.0435158 -0.9989631 -0.0133841
vn 0.0991664 -0.9949685 -0.0142760
vn 0.0280390 -0.8576613 -0.5134500
vn 0.0991664 -0.9949685 -0.0142760
vn 0.0772635 -0.8541477 -0.5142589
vn 0.0991664 -0.9949685 -0.0142760
vn 0.0942681 -0.8668756 0.4895305
vn 0.1413382 -0.8608038 0.4889174
vn 0.0991664 -0.9949685 -0.0142760
vn 0.1413382 -0.8608038 0.4889174
vn 0.1548698 -0.9878209 -0.0150066
vn 0.0942681 -0.8668756 0.4895305
vn 0.0639440 -0.5050850 0.8606976
vn 0.0896968 -0.5017124 0.8603715
vn 0.0942681 -0.8668756 0.4895305
vn 0.0896968 -0.5017124 0.8603715
vn 0.1413382 -0.8608038 0.4889174
vn 0.0639440 -0.5050850 0.8606976
vn 0.0164905 -0.0082398 0.9998301
vn 0.0140501 -0.0084756 0.9998654
vn 0.0639440 -0.5050850 0.8606976
vn 0.0140501 -0.0084756 0.9998654
vn 0.0896968 -0.5017124 0.8603715
vn 0.0164905 -0.0082398 0.9998301
vn -0.0352767 0.4897490 0.8711495
vn -0.0651940 0.4859741 0.8715383
vn 0.0164905 -0.0082398 0.9998301
vn -0.0651940 0.4859741 0.8715383
vn 0.0140501 -0.0084756 0.9998654
vn -0.0352767 0.4897490 0.8711495
vn -0.0775540 0.8563424 0.5105518
vn -0.1269224 0.8500363 0.5112033
vn -0.0352767 0.4897490 0.8711495
vn -0.1269224 0.8500363 0.5112033
vn -0.0651940 0.4859741 0.8715383
vn -0.0775540 0.8563424 0.5105518
vn -0.0991737 0.9949625 0.0146319
vn -0.1548593 0.9878170 0.0153651
vn -0.0775540 0.8563424 0.5105518
vn -0.1548593 0.9878170 0.0153651
vn -0.1269224 0.8500363 0.5112033
vn -0.0991737 0.9949625 0.0146319
vn -0.0944482 0.8692766 -0.4852192
vn -0.1416604 0.8631850 -0.4846071
vn -0.0991737 0.9949625 0.0146319
vn -0.1416604 0.8631850 -0.4846071
vn -0.1548593 0.9878170 0.0153651
vn -0.0944482 0.8692766 -0.4852192
vn -0.0645800 0.5120763 -0.8565089
vn -0.0907402 0.5086710 -0.8561659
vn -0.0944482 0.8692766 -0.4852192
vn -0.0907402 0.5086710 -0.8561659
vn -0.1416604 0.8631850 -0.4846071
vn -0.0645800 0.5120763 -0.8565089
vn -0.0174070 0.0174220 -0.9996967
vn -0.0154863 0.0176265 -0.9997247
vn -0.0645800 0.5120763 -0.8565089
vn -0.0154863 0.0176265 -0.9997247
vn -0.0907402 0.5086710 -0.8561659
vn -0.0174070 0.0174220 -0.9996967
vn 0.0345344 -0.4829655 -0.8749580
vn 0.0640865 -0.4792170 -0.8753536
vn -0.0174070 0.0174220 -0.9996967
vn 0.0640865 -0.4792170 -0.8753536
vn -0.0154863 0.0176265 -0.9997247
vn 0.0345344 -0.4829655 -0.8749580
vn 0.0772635 -0.8541477 -0.5142589
vn 0.1265407 -0.8478556 -0.5149061
vn 0.0345344 -0.4829655 -0.8749580
vn 0.1265407 -0.8478556 -0.5149061
vn 0.0640865 -0.4792170 -0.8753536
vn 0.0772635 -0.8541477 -0.5142589
vn 0.0991664 -0.9949685 -0.0142760
vn 0.1548698 -0.9878209 -0.0150066
vn 0.0772635 -0.8541477 -0.5142589
vn 0.1548698 -0.9878209 -0.0150066
vn 0.1265407 -0.8478556 -0.5149061
vn 0.1548698 -0.9878209 -0.0150066
vn 0.1413382 -0.8608038 0.4889174
vn 0.1879998 -0.8520993 0.4884494
vn 0.1548698 -0.9878209 -0.0150066
vn 0.1879998 -0.8520993 0.4884494
vn 0.2100826 -0.9775598 -0.0155577
vn 0.1413382 -0.8608038 0.4889174
vn 0.0896968 -0.5017124 0.8603715
vn 0.1152277 -0.4969248 0.8601094
vn 0.1413382 -0.8608038 0.4889174
vn 0.1152277 -0.4969248 0.8601094
vn 0.1879998 -0.8520993 0.4884494
vn 0.0896968 -0.5017124 0.8603715
vn 0.0140501 -0.0084756 0.9998654
vn 0.0116303 -0.0088798 0.9998929
vn 0.0896968 -0.5017124 0.8603715
vn 0.0116303 -0.0088798 0.9998929
vn 0.1152277 -0.4969248 0.8601094
vn 0.0140501 -0.0084756 0.9998654
vn -0.0651940 0.4859741 0.8715383
vn -0.0948553 0.4804957 0.8718522
vn 0.0140501 -0.0084756 0.9998654
vn -0.0948553 0.4804957 0.8718522
vn 0.0116303 -0.0088798 0.9998929
vn -0.0651940 0.4859741 0.8715383
vn -0.1269224 0.8500363 0.5112033
vn -0.1758724 0.8409626 0.5117135
vn -0.0651940 0.4859741 0.8715383
vn -0.1758724 0.8409626 0.5117135
vn -0.0948553 0.4804957 0.8718522
vn -0.1269224 0.8500363 0.5112033
vn -0.1548593 0.9878170 0.0153651
vn -0.2100655 0.9775578 0.0159145
vn -0.1269224 0.8500363 0.5112033
vn -0.2100655 0.9775578 0.0159145
vn -0.1758724 0.8409626 0.5117135
vn -0.1548593 0.9878170 0.0153651
vn -0.1416604 0.8631850 -0.4846071
vn -0.1884539 0.8544497 -0.4841495
vn -0.1548593 0.9878170 0.0153651
vn -0.1884539 0.8544497 -0.4841495
vn -0.2100655 0.9775578 0.0159145
vn -0.1416604 0.8631850 -0.4846071
vn -0.0907402 0.5086710 -0.8561659
vn -0.1166606 0.5037902 -0.8559122
vn -0.1416604 0.8631850 -0.4846071
vn -0.1166606 0.5037902 -0.8559122
vn -0.1884539 0.8544497 -0.4841495
vn -0.0907402 0.5086710 -0.8561659
vn -0.0154863 0.0176265 -0.9997247
vn -0.0135692 0.0179046 -0.9997476
vn -0.0907402 0.5086710 -0.8561659
vn -0.0135692 0.0179046 -0.9997476
vn -0.1166606 0.5037902 -0.8559122
vn -0.0154863 0.0176265 -0.9997247
vn 0.0640865 -0.4792170 -0.8753536
vn 0.0933860 -0.4738297 -0.8756508
vn -0.0154863 0.0176265 -0.9997247
vn 0.0933860 -0.4738297 -0.8756508
vn -0.0135692 0.0179046 -0.9997476
vn 0.0640865 -0.4792170 -0.8753536
vn 0.1265407 -0.8478556 -0.5149061
vn 0.1753814 -0.8388088 -0.5154039
vn 0.0640865 -0.4792170 -0.8753536
vn 0.1753814 -0.8388088 -0.5154039
vn 0.0933860 -0.4738297 -0.8756508
vn 0.1265407 -0.8478556 -0.5149061
vn 0.1548698 -0.9878209 -0.0150066
vn 0.2100826 -0.9775598 -0.0155577
vn 0.1265407 -0.8478556 -0.5149061
vn 0.2100826 -0.9775598 -0.0155577
vn 0.1753814 -0.8388088 -0.5154039
vn 0.2100826 -0.9775598 -0.0155577
vn 0.1879998 -0.8520993 0.4884494
vn 0.2286858 -0.8434017 0.4861855
vn 0.2100826 -0.9775598 -0.0155577
vn 0.2286858 -0.8434017 0.4861855
vn 0.2567562 -0.9663441 -0.0159757
vn 0.1879998 -0.8520993 0.4884494
vn 0.1152277 -0.4969248 0.8601094
vn 0.1388528 -0.4928676 0.8589537
vn 0.1879998 -0.8520993 0.4884494
vn 0.1388528 -0.4928676 0.8589537
vn 0.2286858 -0.8434017 0.4861855
vn 0.1152277 -0.4969248 0.8601094
vn 0.0116303 -0.0088798 0.9998929
vn 0.0087208 -0.0092916 0.9999188
vn 0.1152277 -0.4969248 0.8601094
vn 0.0087208 -0.0092916 0.9999188
vn 0.1388528 -0.4928676 0.8589537
vn 0.0116303 -0.0088798 0.9998929
vn -0.0948553 0.4804957 0.8718522
vn -0.1263734 0.4745190 0.8711266
vn 0.0116303 -0.0088798 0.9998929
vn -0.1263734 0.4745190 0.8711266
vn 0.0087208 -0.0092916 0.9999188
vn -0.0948553 0.4804957 0.8718522
vn -0.1758724 0.8409626 0.5117135
vn -0.2284855 0.8288926 0.5106188
vn -0.0948553 0.4804957 0.8718522
vn -0.2284855 0.8288926 0.5106188
vn -0.1263734 0.4745190 0.8711266
vn -0.1758724 0.8409626 0.5117135
vn -0.2100655 0.9775578 0.0159145
vn -0.2695411 0.9628504 0.0163338
vn -0.1758724 0.8409626 0.5117135
vn -0.2695411 0.9628504 0.0163338
vn -0.2284855 0.8288926 0.5106188
vn -0.2100655 0.9775578 0.0159145
vn -0.1884539 0.8544497 -0.4841495
vn -0.2385843 0.8428295 -0.4824066
vn -0.2100655 0.9775578 0.0159145
vn -0.2385843 0.8428295 -0.4824066
vn -0.2695411 0.9628504 0.0163338
vn -0.1884539 0.8544497 -0.4841495
vn -0.1166606 0.5037902 -0.8559122
vn -0.1440311 0.4983339 -0.8549377
vn -0.1884539 0.8544497 -0.4841495
vn -0.1440311 0.4983339 -0.8549377
vn -0.2385843 0.8428295 -0.4824066
vn -0.1166606 0.5037902 -0.8559122
vn -0.0135692 0.0179046 -0.9997476
vn -0.0120378 0.0178013 -0.9997691
vn -0.1166606 0.5037902 -0.8559122
vn -0.0120378 0.0178013 -0.9997691
vn -0.1440311 0.4983339 -0.8549377
vn -0.0135692 0.0179046 -0.9997476
vn 0.0933860 -0.4738297 -0.8756508
vn 0.1203988 -0.4695158 -0.8746765
vn -0.0135692 0.0179046 -0.9997476
vn 0.1203988 -0.4695158 -0.8746765
vn -0.0120378 0.0178013 -0.9997691
vn 0.0933860 -0.4738297 -0.8756508
vn 0.1753814 -0.8388088 -0.5154039
vn 0.2177637 -0.8298611 -0.5137213
vn 0.0933860 -0.4738297 -0.8756508
vn 0.2177637 -0.8298611 -0.5137213
vn 0.1203988 -0.4695158 -0.8746765
vn 0.1753814 -0.8388088 -0.5154039
vn 0.2100826 -0.9775598 -0.0155577
vn 0.2567562 -0.9663441 -0.0159757
vn 0.1753814 -0.8388088 -0.5154039
vn 0.2567562 -0.9663441 -0.0159757
vn 0.2177637 -0.8298611 -0.5137213
vn 0.2567562 -0.9663441 -0.0159757
vn 0.2286858 -0.8434017 0.4861855
vn 0.3986895 -0.7933245 0.4600901
vn 0.2567562 -0.9663441 -0.0159757
vn 0.3986895 -0.7933245 0.4600901
vn 0.4454207 -0.8952112 -0.0140453
vn 0.2286858 -0.8434017 0.4861855
vn 0.1388528 -0.4928676 0.8589537
vn 0.2419282 -0.4730557 0.8471653
vn 0.2286858 -0.8434017 0.4861855
vn 0.2419282 -0.4730557 0.8471653
vn 0.3986895 -0.7933245 0.4600901
vn 0.1388528 -0.4928676 0.8589537
vn 0.0087208 -0.0092916 0.9999188
vn -0.0138802 0.0128925 0.9998205
vn 0.1388528 -0.4928676 0.8589537
vn -0.0138802 0.0128925 0.9998205
vn 0.2419282 -0.4730557 0.8471653
vn 0.0087208 -0.0092916 0.9999188
vn -0.1263734 0.4745190 0.8711266
vn -0.2637247 0.4837569 0.8345230
vn 0.0087208 -0.0092916 0.9999188
vn -0.2637247 0.4837569 0.8345230
vn -0.0138802 0.0128925 0.9998205
vn -0.1263734 0.4745190 0.8711266
vn -0.2284855 0.8288926 0.5106188
vn -0.4155453 0.7836848 0.4616929
vn -0.1263734 0.4745190 0.8711266
vn -0.4155453 0.7836848 0.4616929
vn -0.2637247 0.4837569 0.8345230
vn -0.2284855 0.8288926 0.5106188
vn -0.2695411 0.9628504 0.0163338
vn -0.4635900 0.8859040 0.0160730
vn -0.2284855 0.8288926 0.5106188
vn -0.4635900 0.8859040 0.0160730
vn -0.4155453 0.7836848 0.4616929
vn -0.2695411 0.9628504 0.0163338
vn -0.2385843 0.8428295 -0.4824066
vn -0.4183903 0.7984663 -0.4328986
vn -0.2695411 0.9628504 0.0163338
vn -0.4183903 0.7984663 -0.4328986
vn -0.4635900 0.8859040 0.0160730
vn -0.2385843 0.8428295 -0.4824066
vn -0.1440311 0.4983339 -0.8549377
vn -0.2686360 0.5111813 -0.8164120
vn -0.2385843 0.8428295 -0.4824066
vn -0.2686360 0.5111813 -0.8164120
vn -0.4183903 0.7984663 -0.4328986
vn -0.1440311 0.4983339 -0.8549377
vn -0.0120378 0.0178013 -0.9997691
vn -0.0194209 0.0453991 -0.9987801
vn -0.1440311 0.4983339 -0.8549377
vn -0.0194209 0.0453991 -0.9987801
vn -0.2686360 0.5111813 -0.8164120
vn -0.0120378 0.0178013 -0.9997691
vn 0.1203988 -0.4695158 -0.8746765
vn 0.2370939 -0.4467924 -0.8626488
vn -0.0120378 0.0178013 -0.9997691
vn 0.2370939 -0.4467924 -0.8626488
vn -0.0194209 0.0453991 -0.9987801
vn 0.1203988 -0.4695158 -0.8746765
vn 0.2177637 -0.8298611 -0.5137213
vn 0.3956910 -0.7796980 -0.4852832
vn 0.1203988 -0.4695158 -0.8746765
vn 0.3956910 -0.7796980 -0.4852832
vn 0.2370939 -0.4467924 -0.8626488
vn 0.2177637 -0.8298611 -0.5137213
vn 0.2567562 -0.9663441 -0.0159757
vn 0.4454207 -0.8952112 -0.0140453
vn 0.2177637 -0.8298611 -0.5137213
vn 0.4454207 -0.8952112 -0.0140453
vn 0.3956910 -0.7796980 -0.4852832
vn 0.4454207 -0.8952112 -0.0140453
vn 0.3986895 -0.7933245 0.4600901
vn -0.1518551 -0.8565689 0.4931833
vn 0.4454207 -0.8952112 -0.0140453
vn -0.1518551 -0.8565689 0.4931833
vn -0.1847886 -0.9825795 -0.0197704
vn 0.3986895 -0.7933245 0.4600901
vn 0.2419282 -0.4730557 0.8471653
vn -0.0730115 -0.5379940 0.8397808
vn 0.3986895 -0.7933245 0.4600901
vn -0.0730115 -0.5379940 0.8397808
vn -0.1518551 -0.8565689 0.4931833
vn 0.2419282 -0.4730557 0.8471653
vn -0.0138802 0.0128925 0.9998205
vn -0.0575528 -0.2468394 0.9673459
vn 0.2419282 -0.4730557 0.8471653
vn -0.0575528 -0.2468394 0.9673459
vn -0.0730115 -0.5379940 0.8397808
vn -0.0138802 0.0128925 0.9998205
vn -0.2637247 0.4837569 0.8345230
vn -0.9224301 -0.2152568 0.3206043
vn -0.0138802 0.0128925 0.9998205
vn -0.9224301 -0.2152568 0.3206043
vn -0.0575528 -0.2468394 0.9673459
vn -0.2637247 0.4837569 0.8345230
vn -0.4155453 0.7836848 0.4616929
vn -0.9866587 0.1290168 0.0992934
vn -0.2637247 0.4837569 0.8345230
vn -0.9866587 0.1290168 0.0992934
vn -0.9224301 -0.2152568 0.3206043
vn -0.4155453 0.7836848 0.4616929
vn -0.4635900 0.8859040 0.0160730
vn -0.9868831 0.1614365 0.0001433
vn -0.4155453 0.7836848 0.4616929
vn -0.9868831 0.1614365 0.0001433
vn -0.9866587 0.1290168 0.0992934
vn -0.4635900 0.8859040 0.0160730
vn -0.4183903 0.7984663 -0.4328986
vn -0.9860047 0.1331096 -0.1003822
vn -0.4635900 0.8859040 0.0160730
vn -0.9860047 0.1331096 -0.1003822
vn -0.9868831 0.1614365 0.0001433
vn -0.4183903 0.7984663 -0.4328986
vn -0.2686360 0.5111813 -0.8164120
vn -0.9190723 -0.2050449 -0.3365451
vn -0.4183903 0.7984663 -0.4328986
vn -0.9190723 -0.2050449 -0.3365451
vn -0.9860047 0.1331096 -0.1003822
vn -0.2686360 0.5111813 -0.8164120
vn -0.0194209 0.0453991 -0.9987801
vn -0.0501585 -0.2105965 -0.9762855
vn -0.2686360 0.5111813 -0.8164120
vn -0.0501585 -0.2105965 -0.9762855
vn -0.9190723 -0.2050449 -0.3365451
vn -0.0194209 0.0453991 -0.9987801
vn 0.2370939 -0.4467924 -0.8626488
vn -0.0672217 -0.5051771 -0.8603937
vn -0.0194209 0.0453991 -0.9987801
vn -0.0672217 -0.5051771 -0.8603937
vn -0.0501585 -0.2105965 -0.9762855
vn 0.2370939 -0.4467924 -0.8626488
vn 0.3956910 -0.7796980 -0.4852832
vn -0.1484182 -0.8367548 -0.5270802
vn 0.2370939 -0.4467924 -0.8626488
vn -0.1484182 -0.8367548 -0.5270802
vn -0.0672217 -0.5051771 -0.8603937
vn 0.3956910 -0.7796980 -0.4852832
vn 0.4454207 -0.8952112 -0.0140453
vn -0.1847886 -0.9825795 -0.0197704
vn 0.3956910 -0.7796980 -0.4852832
vn -0.1847886 -0.9825795 -0.0197704
vn -0.1484182 -0.8367548 -0.5270802
vn -0.1847886 -0.9825795 -0.0197704
vn -0.1518551 -0.8565689 0.4931833
vn -0.8141000 -0.3507210 0.4628562
vn -0.1847886 -0.9825795 -0.0197704
vn -0.8141000 -0.3507210 0.4628562
vn -0.9220111 -0.3870280 -0.0102393
vn -0.1518551 -0.8565689 0.4931833
vn -0.0730115 -0.5379940 0.8397808
vn -0.5015469 -0.2221332 0.8361264
vn -0.1518551 -0.8565689 0.4931833
vn -0.5015469 -0.2221332 0.8361264
vn -0.8141000 -0.3507210 0.4628562
vn -0.0730115 -0.5379940 0.8397808
vn -0.0575528 -0.2468394 0.9673459
vn -0.1112141 -0.3061907 0.9454516
vn -0.0730115 -0.5379940 0.8397808
vn -0.1112141 -0.3061907 0.9454516
vn -0.5015469 -0.2221332 0.8361264
vn -0.0575528 -0.2468394 0.9673459
vn -0.9224301 -0.2152568 0.3206043
vn -0.1112141 -0.3061907 0.9454516
vn -0.9224301 -0.2152568 0.3206043
vn 0.3403693 -0.8748611 0.3446254
vn -0.1112141 -0.3061907 0.9454516
vn -0.9224301 -0.2152568 0.3206043
vn -0.9866587 0.1290168 0.0992934
vn 0.5302031 -0.8205205 0.2136138
vn -0.9224301 -0.2152568 0.3206043
vn 0.5302031 -0.8205205 0.2136138
vn 0.3403693 -0.8748611 0.3446254
vn -0.9866587 0.1290168 0.0992934
vn -0.9868831 0.1614365 0.0001433
vn 0.6100572 -0.7922386 -0.0137160
vn -0.9866587 0.1290168 0.0992934
vn 0.6100572 -0.7922386 -0.0137160
vn 0.5302031 -0.8205205 0.2136138
vn -0.9868831 0.1614365 0.0001433
vn -0.9860047 0.1331096 -0.1003822
vn 0.5312350 -0.8118097 -0.2423935
vn -0.9868831 0.1614365 0.0001433
vn 0.5312350 -0.8118097 -0.2423935
vn 0.6100572 -0.7922386 -0.0137160
vn -0.9860047 0.1331096 -0.1003822
vn -0.9190723 -0.2050449 -0.3365451
vn 0.3429419 -0.8606796 -0.3763261
vn -0.9860047 0.1331096 -0.1003822
vn 0.3429419 -0.8606796 -0.3763261
vn 0.5312350 -0.8118097 -0.2423935
vn -0.9190723 -0.2050449 -0.3365451
vn -0.0501585 -0.2105965 -0.9762855
vn 0.3429419 -0.8606796 -0.3763261
vn -0.0501585 -0.2105965 -0.9762855
vn -0.1045089 -0.2689999 -0.9574534
vn 0.3429419 -0.8606796 -0.3763261
vn -0.0501585 -0.2105965 -0.9762855
vn -0.0672217 -0.5051771 -0.8603937
vn -0.4965343 -0.1897312 -0.8470276
vn -0.0501585 -0.2105965 -0.9762855
vn -0.4965343 -0.1897312 -0.8470276
vn -0.1045089 -0.2689999 -0.9574534
vn -0.0672217 -0.5051771 -0.8603937
vn -0.1484182 -0.8367548 -0.5270802
vn -0.8112731 -0.3324932 -0.4809203
vn -0.0672217 -0.5051771 -0.8603937
vn -0.8112731 -0.3324932 -0.4809203
vn -0.4965343 -0.1897312 -0.8470276
vn -0.1484182 -0.8367548 -0.5270802
vn -0.1847886 -0.9825795 -0.0197704
vn -0.9220111 -0.3870280 -0.0102393
vn -0.1484182 -0.8367548 -0.5270802
vn -0.9220111 -0.3870280 -0.0102393
vn -0.8112731 -0.3324932 -0.4809203
vn -0.9220111 -0.3870280 -0.0102393
vn -0.8141000 -0.3507210 0.4628562
vn -0.8486012 -0.1879696 0.4945134
vn -0.9220111 -0.3870280 -0.0102393
vn -0.8486012 -0.1879696 0.4945134
vn -0.9785563 -0.2058671 -0.0068131
vn -0.8141000 -0.3507210 0.4628562
vn -0.5015469 -0.2221332 0.8361264
vn -0.4909001 -0.1196074 0.8629665
vn -0.8141000 -0.3507210 0.4628562
vn -0.4909001 -0.1196074 0.8629665
vn -0.8486012 -0.1879696 0.4945134
vn -0.5015469 -0.2221332 0.8361264
vn -0.1112141 -0.3061907 0.9454516
vn -0.0017195 -0.0192033 0.9998141
vn -0.5015469 -0.2221332 0.8361264
vn -0.0017195 -0.0192033 0.9998141
vn -0.4909001 -0.1196074 0.8629665
vn -0.1112141 -0.3061907 0.9454516
vn 0.3403693 -0.8748611 0.3446254
vn 0.4876696 0.0863028 0.8687521
vn -0.1112141 -0.3061907 0.9454516
vn 0.4876696 0.0863028 0.8687521
vn -0.0017195 -0.0192033 0.9998141
vn 0.3403693 -0.8748611 0.3446254
vn 0.5302031 -0.8205205 0.2136138
vn 0.8463091 0.1686457 0.5052915
vn 0.3403693 -0.8748611 0.3446254
vn 0.8463091 0.1686457 0.5052915
vn 0.4876696 0.0863028 0.8687521
vn 0.5302031 -0.8205205 0.2136138
vn 0.6100572 -0.7922386 -0.0137160
vn 0.9785572 0.2058628 0.0068152
vn 0.5302031 -0.8205205 0.2136138
vn 0.9785572 0.2058628 0.0068152
vn 0.8463091 0.1686457 0.5052915
vn 0.6100572 -0.7922386 -0.0137160
vn 0.5312350 -0.8118097 -0.2423935
vn 0.8491775 0.1880464 -0.4934938
vn 0.6100572 -0.7922386 -0.0137160
vn 0.8491775 0.1880464 -0.4934938
vn 0.9785572 0.2058628 0.0068152
vn 0.5312350 -0.8118097 -0.2423935
vn 0.3429419 -0.8606796 -0.3763261
vn 0.4926386 0.1199379 -0.8619292
vn 0.5312350 -0.8118097 -0.2423935
vn 0.4926386 0.1199379 -0.8619292
vn 0.8491775 0.1880464 -0.4934938
vn 0.3429419 -0.8606796 -0.3763261
vn -0.1045089 -0.2689999 -0.9574534
vn 0.0040509 0.0196885 -0.9997980
vn 0.3429419 -0.8606796 -0.3763261
vn 0.0040509 0.0196885 -0.9997980
vn 0.4926386 0.1199379 -0.8619292
vn -0.1045089 -0.2689999 -0.9574534
vn -0.4965343 -0.1897312 -0.8470276
vn -0.4859142 -0.0858883 -0.8697762
vn -0.1045089 -0.2689999 -0.9574534
vn -0.4859142 -0.0858883 -0.8697762
vn 0.0040509 0.0196885 -0.9997980
vn -0.4965343 -0.1897312 -0.8470276
vn -0.8112731 -0.3324932 -0.4809203
vn -0.8457328 -0.1684691 -0.5063143
vn -0.4965343 -0.1897312 -0.8470276
vn -0.8457328 -0.1684691 -0.5063143
vn -0.4859142 -0.0858883 -0.8697762
vn -0.8112731 -0.3324932 -0.4809203
vn -0.9220111 -0.3870280 -0.0102393
vn -0.9785563 -0.2058671 -0.0068131
vn -0.8112731 -0.3324932 -0.4809203
vn -0.9785563 -0.2058671 -0.0068131
vn -0.8457328 -0.1684691 -0.5063143
vn -0.9785563 -0.2058671 -0.0068131
vn -0.8486012 -0.1879696 0.4945134
vn -0.8459466 -0.2001434 0.4942843
vn -0.9785563 -0.2058671 -0.0068131
vn -0.8459466 -0.2001434 0.4942843
vn -0.9754968 -0.2198991 -0.0070903
vn -0.8486012 -0.1879696 0.4945134
vn -0.4909001 -0.1196074 0.8629665
vn -0.4893669 -0.1266958 0.8628257
vn -0.8486012 -0.1879696 0.4945134
vn -0.4893669 -0.1266958 0.8628257
vn -0.8459466 -0.2001434 0.4942843
vn -0.4909001 -0.1196074 0.8629665
vn -0.0017195 -0.0192033 0.9998141
vn -0.0016998 -0.0192907 0.9998125
vn -0.4909001 -0.1196074 0.8629665
vn -0.0016998 -0.0192907 0.9998125
vn -0.4893669 -0.1266958 0.8628257
vn -0.0017195 -0.0192033 0.9998141
vn 0.4876696 0.0863028 0.8687521
vn 0.4861408 0.0932258 0.8688936
vn -0.0017195 -0.0192033 0.9998141
vn 0.4861408 0.0932258 0.8688936
vn -0.0016998 -0.0192907 0.9998125
vn 0.4876696 0.0863028 0.8687521
vn 0.8463091 0.1686457 0.5052915
vn 0.8436685 0.1807479 0.5055232
vn 0.4876696 0.0863028 0.8687521
vn 0.8436685 0.1807479 0.5055232
vn 0.4861408 0.0932258 0.8688936
vn 0.8463091 0.1686457 0.5052915
vn 0.9785572 0.2058628 0.0068152
vn 0.9754882 0.2199383 0.0070710
vn 0.8463091 0.1686457 0.5052915
vn 0.9754882 0.2199383 0.0070710
vn 0.8436685 0.1807479 0.5055232
vn 0.9785572 0.2058628 0.0068152
vn 0.8491775 0.1880464 -0.4934938
vn 0.8464980 0.2003026 -0.4932749
vn 0.9785572 0.2058628 0.0068152
vn 0.8464980 0.2003026 -0.4932749
vn 0.9754882 0.2199383 0.0070710
vn 0.8491775 0.1880464 -0.4934938
vn 0.4926386 0.1199379 -0.8619292
vn 0.4910657 0.1270605 -0.8618063
vn 0.8491775 0.1880464 -0.4934938
vn 0.4910657 0.1270605 -0.8618063
vn 0.8464980 0.2003026 -0.4932749
vn 0.4926386 0.1199379 -0.8619292
vn 0.0040509 0.0196885 -0.9997980
vn 0.0040138 0.0197937 -0.9997960
vn 0.4926386 0.1199379 -0.8619292
vn 0.0040138 0.0197937 -0.9997960
vn 0.4910657 0.1270605 -0.8618063
vn 0.0040509 0.0196885 -0.9997980
vn -0.4859142 -0.0858883 -0.8697762
vn -0.4844062 -0.0928347 -0.8699036
vn 0.0040509 0.0196885 -0.9997980
vn -0.4844062 -0.0928347 -0.8699036
vn 0.0040138 0.0197937 -0.9997960
vn -0.4859142 -0.0858883 -0.8697762
vn -0.8457328 -0.1684691 -0.5063143
vn -0.8430861 -0.1806099 -0.5065431
vn -0.4859142 -0.0858883 -0.8697762
vn -0.8430861 -0.1806099 -0.5065431
vn -0.4844062 -0.0928347 -0.8699036
vn -0.8457328 -0.1684691 -0.5063143
vn -0.9785563 -0.2058671 -0.0068131
vn -0.9754968 -0.2198991 -0.0070903
vn -0.8457328 -0.1684691 -0.5063143
vn -0.9754968 -0.2198991 -0.0070903
vn -0.8430861 -0.1806099 -0.5065431
vn -0.9754968 -0.2198991 -0.0070903
vn -0.8459466 -0.2001434 0.4942843
vn -0.8431031 -0.2123397 0.4940537
vn -0.9754968 -0.2198991 -0.0070903
vn -0.8431031 -0.2123397 0.4940537
vn -0.9722246 -0.2339344 -0.0073501
vn -0.8459466 -0.2001434 0.4942843
vn -0.4893669 -0.1266958 0.8628257
vn -0.4877117 -0.1337684 0.8626955
vn -0.8459466 -0.2001434 0.4942843
vn -0.4877117 -0.1337684 0.8626955
vn -0.8431031 -0.2123397 0.4940537
vn -0.4893669 -0.1266958 0.8628257
vn -0.0016998 -0.0192907 0.9998125
vn -0.0016910 -0.0193612 0.9998111
vn -0.4893669 -0.1266958 0.8628257
vn -0.0016910 -0.0193612 0.9998111
vn -0.4877117 -0.1337684 0.8626955
vn -0.0016998 -0.0192907 0.9998125
vn 0.4861408 0.0932258 0.8688936
vn 0.4845325 0.1001805 0.8690180
vn -0.0016998 -0.0192907 0.9998125
vn 0.4845325 0.1001805 0.8690180
vn -0.0016910 -0.0193612 0.9998111
vn 0.4861408 0.0932258 0.8688936
vn 0.8436685 0.1807479 0.5055232
vn 0.8408537 0.1928456 0.5057427
vn 0.4861408 0.0932258 0.8688936
vn 0.8408537 0.1928456 0.5057427
vn 0.4845325 0.1001805 0.8690180
vn 0.8436685 0.1807479 0.5055232
vn 0.9754882 0.2199383 0.0070710
vn 0.9722268 0.2339257 0.0073381
vn 0.8436685 0.1807479 0.5055232
vn 0.9722268 0.2339257 0.0073381
vn 0.8408537 0.1928456 0.5057427
vn 0.9754882 0.2199383 0.0070710
vn 0.8464980 0.2003026 -0.4932749
vn 0.8436625 0.2124772 -0.4930386
vn 0.9754882 0.2199383 0.0070710
vn 0.8436625 0.2124772 -0.4930386
vn 0.9722268 0.2339257 0.0073381
vn 0.8464980 0.2003026 -0.4932749
vn 0.4910657 0.1270605 -0.8618063
vn 0.4894094 0.1341756 -0.8616701
vn 0.8464980 0.2003026 -0.4932749
vn 0.4894094 0.1341756 -0.8616701
vn 0.8436625 0.2124772 -0.4930386
vn 0.4910657 0.1270605 -0.8618063
vn 0.0040138 0.0197937 -0.9997960
vn 0.0039811 0.0199158 -0.9997938
vn 0.4910657 0.1270605 -0.8618063
vn 0.0039811 0.0199158 -0.9997938
vn 0.4894094 0.1341756 -0.8616701
vn 0.0040138 0.0197937 -0.9997960
vn -0.4844062 -0.0928347 -0.8699036
vn -0.4827887 -0.0997465 -0.8700378
vn 0.0040138 0.0197937 -0.9997960
vn -0.4827887 -0.0997465 -0.8700378
vn 0.0039811 0.0199158 -0.9997938
vn -0.4844062 -0.0928347 -0.8699036
vn -0.8430861 -0.1806099 -0.5065431
vn -0.8402562 -0.1927042 -0.5067886
vn -0.4844062 -0.0928347 -0.8699036
vn -0.8402562 -0.1927042 -0.5067886
vn -0.4827887 -0.0997465 -0.8700378
vn -0.8430861 -0.1806099 -0.5065431
vn -0.9754968 -0.2198991 -0.0070903
vn -0.9722246 -0.2339344 -0.0073501
vn -0.8430861 -0.1806099 -0.5065431
vn -0.9722246 -0.2339344 -0.0073501
vn -0.8402562 -0.1927042 -0.5067886
vn -0.9722246 -0.2339344 -0.0073501
vn -0.8431031 -0.2123397 0.4940537
vn -0.8400821 -0.2245014 0.4938230
vn -0.9722246 -0.2339344 -0.0073501
vn -0.8400821 -0.2245014 0.4938230
vn -0.9687517 -0.2479154 -0.0076213
vn -0.8431031 -0.2123397 0.4940537
vn -0.4877117 -0.1337684 0.8626955
vn -0.4859423 -0.1408254 0.8625707
vn -0.8431031 -0.2123397 0.4940537
vn -0.4859423 -0.1408254 0.8625707
vn -0.8400821 -0.2245014 0.4938230
vn -0.4877117 -0.1337684 0.8626955
vn -0.0016910 -0.0193612 0.9998111
vn -0.0016601 -0.0194392 0.9998097
vn -0.4877117 -0.1337684 0.8626955
vn -0.0016601 -0.0194392 0.9998097
vn -0.4859423 -0.1408254 0.8625707
vn -0.0016910 -0.0193612 0.9998111
vn 0.4845325 0.1001805 0.8690180
vn 0.4828088 0.1070881 0.8691535
vn -0.0016910 -0.0193612 0.9998111
vn 0.4828088 0.1070881 0.8691535
vn -0.0016601 -0.0194392 0.9998097
vn 0.4845325 0.1001805 0.8690180
vn 0.8408537 0.1928456 0.5057427
vn 0.8378620 0.2048903 0.5059718
vn 0.4845325 0.1001805 0.8690180
vn 0.8378620 0.2048903 0.5059718
vn 0.4828088 0.1070881 0.8691535
vn 0.8408537 0.1928456 0.5057427
vn 0.9722268 0.2339257 0.0073381
vn 0.9687626 0.2478729 0.0076085
vn 0.8408537 0.1928456 0.5057427
vn 0.9687626 0.2478729 0.0076085
vn 0.8378620 0.2048903 0.5059718
vn 0.9722268 0.2339257 0.0073381
vn 0.8436625 0.2124772 -0.4930386
vn 0.8406652 0.2245997 -0.4927850
vn 0.9722268 0.2339257 0.0073381
vn 0.8406652 0.2245997 -0.4927850
vn 0.9687626 0.2478729 0.0076085
vn 0.8436625 0.2124772 -0.4930386
vn 0.4894094 0.1341756 -0.8616701
vn 0.4876701 0.1412433 -0.8615267
vn 0.8436625 0.2124772 -0.4930386
vn 0.4876701 0.1412433 -0.8615267
vn 0.8406652 0.2245997 -0.4927850
vn 0.4894094 0.1341756 -0.8616701
vn 0.0039811 0.0199158 -0.9997938
vn 0.0039528 0.0200338 -0.9997915
vn 0.4894094 0.1341756 -0.8616701
vn 0.0039528 0.0200338 -0.9997915
vn 0.4876701 0.1412433 -0.8615267
vn 0.0039811 0.0199158 -0.9997938
vn -0.4827887 -0.0997465 -0.8700378
vn -0.4810703 -0.1066177 -0.8701746
vn 0.0039811 0.0199158 -0.9997938
vn -0.4810703 -0.1066177 -0.8701746
vn 0.0039528 0.0200338 -0.9997915
vn -0.4827887 -0.0997465 -0.8700378
vn -0.8402562 -0.1927042 -0.5067886
vn -0.8372644 -0.2047387 -0.5070211
vn -0.4827887 -0.0997465 -0.8700378
vn -0.8372644 -0.2047387 -0.5070211
vn -0.4810703 -0.1066177 -0.8701746
vn -0.8402562 -0.1927042 -0.5067886
vn -0.9722246 -0.2339344 -0.0073501
vn -0.9687517 -0.2479154 -0.0076213
vn -0.8402562 -0.1927042 -0.5067886
vn -0.9687517 -0.2479154 -0.0076213
vn -0.8372644 -0.2047387 -0.5070211
vn -0.9687517 -0.2479154 -0.0076213
vn -0.8400821 -0.2245014 0.4938230
vn -0.5237789 0.8249100 0.2125537
vn -0.9687517 -0.2479154 -0.0076213
vn -0.5237789 0.8249100 0.2125537
vn -0.5848860 0.8109941 0.0140330
vn -0.8400821 -0.2245014 0.4938230
vn -0.4859423 -0.1408254 0.8625707
vn -0.3030033 0.3645548 0.8805048
vn -0.8400821 -0.2245014 0.4938230
vn -0.3030033 0.3645548 0.8805048
vn -0.5237789 0.8249100 0.2125537
vn -0.4859423 -0.1408254 0.8625707
vn -0.0016601 -0.0194392 0.9998097
vn -0.0229114 0.0197232 0.9995429
vn -0.4859423 -0.1408254 0.8625707
vn -0.0229114 0.0197232 0.9995429
vn -0.3030033 0.3645548 0.8805048
vn -0.0016601 -0.0194392 0.9998097
vn 0.4828088 0.1070881 0.8691535
vn 0.4833119 0.1537769 0.8618366
vn -0.0016601 -0.0194392 0.9998097
vn 0.4833119 0.1537769 0.8618366
vn -0.0229114 0.0197232 0.9995429
vn 0.4828088 0.1070881 0.8691535
vn 0.8378620 0.2048903 0.5059718
vn 0.8182455 0.2887916 0.4970651
vn 0.4828088 0.1070881 0.8691535
vn 0.8182455 0.2887916 0.4970651
vn 0.4833119 0.1537769 0.8618366
vn 0.8378620 0.2048903 0.5059718
vn 0.9687626 0.2478729 0.0076085
vn 0.9385869 0.3449142 0.0094267
vn 0.8378620 0.2048903 0.5059718
vn 0.9385869 0.3449142 0.0094267
vn 0.8182455 0.2887916 0.4970651
vn 0.9687626 0.2478729 0.0076085
vn 0.8406652 0.2245997 -0.4927850
vn 0.8207334 0.3088755 -0.4806171
vn 0.9687626 0.2478729 0.0076085
vn 0.8207334 0.3088755 -0.4806171
vn 0.9385869 0.3449142 0.0094267
vn 0.8406652 0.2245997 -0.4927850
vn 0.4876701 0.1412433 -0.8615267
vn 0.4879283 0.1889108 -0.8521964
vn 0.8406652 0.2245997 -0.4927850
vn 0.4879283 0.1889108 -0.8521964
vn 0.8207334 0.3088755 -0.4806171
vn 0.4876701 0.1412433 -0.8615267
vn 0.0039528 0.0200338 -0.9997915
vn -0.0134794 0.0535704 -0.9984731
vn 0.4876701 0.1412433 -0.8615267
vn -0.0134794 0.0535704 -0.9984731
vn 0.4879283 0.1889108 -0.8521964
vn 0.0039528 0.0200338 -0.9997915
vn -0.4810703 -0.1066177 -0.8701746
vn -0.2855669 0.4243076 -0.8593104
vn 0.0039528 0.0200338 -0.9997915
vn -0.2855669 0.4243076 -0.8593104
vn -0.0134794 0.0535704 -0.9984731
vn -0.4810703 -0.1066177 -0.8701746
vn -0.8372644 -0.2047387 -0.5070211
vn -0.5218604 0.8329539 -0.1839827
vn -0.4810703 -0.1066177 -0.8701746
vn -0.5218604 0.8329539 -0.1839827
vn -0.2855669 0.4243076 -0.8593104
vn -0.8372644 -0.2047387 -0.5070211
vn -0.9687517 -0.2479154 -0.0076213
vn -0.5848860 0.8109941 0.0140330
vn -0.8372644 -0.2047387 -0.5070211
vn -0.5848860 0.8109941 0.0140330
vn -0.5218604 0.8329539 -0.1839827
vn -0.5848860 0.8109941 0.0140330
vn -0.5237789 0.8249100 0.2125537
vn 0.7078239 -0.7003809 -0.0919347
vn -0.5848860 0.8109941 0.0140330
vn 0.7078239 -0.7003809 -0.0919347
vn 0.7295515 -0.6801809 -0.0714737
vn -0.5237789 0.8249100 0.2125537
vn -0.3030033 0.3645548 0.8805048
vn -0.1378033 -0.2857909 0.9483321
vn -0.5237789 0.8249100 0.2125537
vn -0.1378033 -0.2857909 0.9483321
vn 0.7078239 -0.7003809 -0.0919347
vn -0.3030033 0.3645548 0.8805048
vn -0.0229114 0.0197232 0.9995429
vn -0.1378033 -0.2857909 0.9483321
vn -0.0229114 0.0197232 0.9995429
vn 0.0309891 0.0388918 0.9987627
vn -0.1378033 -0.2857909 0.9483321
vn -0.0229114 0.0197232 0.9995429
vn 0.4833119 0.1537769 0.8618366
vn 0.3532287 0.4030782 0.8442496
vn -0.0229114 0.0197232 0.9995429
vn 0.3532287 0.4030782 0.8442496
vn 0.0309891 0.0388918 0.9987627
vn 0.4833119 0.1537769 0.8618366
vn 0.8182455 0.2887916 0.4970651
vn 0.5691119 0.6640027 0.4849868
vn 0.4833119 0.1537769 0.8618366
vn 0.5691119 0.6640027 0.4849868
vn 0.3532287 0.4030782 0.8442496
vn 0.8182455 0.2887916 0.4970651
vn 0.9385869 0.3449142 0.0094267
vn 0.6470803 0.7615904 0.0355981
vn 0.8182455 0.2887916 0.4970651
vn 0.6470803 0.7615904 0.0355981
vn 0.5691119 0.6640027 0.4849868
vn 0.9385869 0.3449142 0.0094267
vn 0.8207334 0.3088755 -0.4806171
vn 0.5762816 0.7032875 -0.4162766
vn 0.9385869 0.3449142 0.0094267
vn 0.5762816 0.7032875 -0.4162766
vn 0.6470803 0.7615904 0.0355981
vn 0.8207334 0.3088755 -0.4806171
vn 0.4879283 0.1889108 -0.8521964
vn 0.3688788 0.4872556 -0.7915241
vn 0.8207334 0.3088755 -0.4806171
vn 0.3688788 0.4872556 -0.7915241
vn 0.5762816 0.7032875 -0.4162766
vn 0.4879283 0.1889108 -0.8521964
vn -0.0134794 0.0535704 -0.9984731
vn 0.0548238 0.1496273 -0.9872214
vn 0.4879283 0.1889108 -0.8521964
vn 0.0548238 0.1496273 -0.9872214
vn 0.3688788 0.4872556 -0.7915241
vn -0.0134794 0.0535704 -0.9984731
vn -0.2855669 0.4243076 -0.8593104
vn 0.0548238 0.1496273 -0.9872214
vn -0.2855669 0.4243076 -0.8593104
vn -0.1120730 -0.1557620 -0.9814163
vn 0.0548238 0.1496273 -0.9872214
vn -0.2855669 0.4243076 -0.8593104
vn -0.5218604 0.8329539 -0.1839827
vn 0.7580323 -0.6455434 -0.0930634
vn -0.2855669 0.4243076 -0.8593104
vn 0.7580323 -0.6455434 -0.0930634
vn -0.1120730 -0.1557620 -0.9814163
vn -0.5218604 0.8329539 -0.1839827
vn -0.5848860 0.8109941 0.0140330
vn 0.7295515 -0.6801809 -0.0714737
vn -0.5218604 0.8329539 -0.1839827
vn 0.7295515 -0.6801809 -0.0714737
vn 0.7580323 -0.6455434 -0.0930634
vn 0.7295515 -0.6801809 -0.0714737
vn 0.7078239 -0.7003809 -0.0919347
vn -0.9244608 -0.3590555 0.1282626
vn 0.7295515 -0.6801809 -0.0714737
vn -0.9244608 -0.3590555 0.1282626
vn -0.9155610 -0.3997885 0.0437847
vn 0.7078239 -0.7003809 -0.0919347
vn -0.1378033 -0.2857909 0.9483321
vn -0.8237149 0.1907645 0.5339500
vn 0.7078239 -0.7003809 -0.0919347
vn -0.8237149 0.1907645 0.5339500
vn -0.9244608 -0.3590555 0.1282626
vn -0.1378033 -0.2857909 0.9483321
vn 0.0309891 0.0388918 0.9987627
vn -0.0349456 0.0956555 0.9948009
vn -0.1378033 -0.2857909 0.9483321
vn -0.0349456 0.0956555 0.9948009
vn -0.8237149 0.1907645 0.5339500
vn 0.0309891 0.0388918 0.9987627
vn 0.3532287 0.4030782 0.8442496
vn -0.1646446 0.4230253 0.8910341
vn 0.0309891 0.0388918 0.9987627
vn -0.1646446 0.4230253 0.8910341
vn -0.0349456 0.0956555 0.9948009
vn 0.3532287 0.4030782 0.8442496
vn 0.5691119 0.6640027 0.4849868
vn -0.3511923 0.7254832 0.5918937
vn 0.3532287 0.4030782 0.8442496
vn -0.3511923 0.7254832 0.5918937
vn -0.1646446 0.4230253 0.8910341
vn 0.5691119 0.6640027 0.4849868
vn 0.6470803 0.7615904 0.0355981
vn -0.4617340 0.8783768 0.1235142
vn 0.5691119 0.6640027 0.4849868
vn -0.4617340 0.8783768 0.1235142
vn -0.3511923 0.7254832 0.5918937
vn 0.6470803 0.7615904 0.0355981
vn 0.5762816 0.7032875 -0.4162766
vn -0.4372912 0.8118981 -0.3867788
vn 0.6470803 0.7615904 0.0355981
vn -0.4372912 0.8118981 -0.3867788
vn -0.4617340 0.8783768 0.1235142
vn 0.5762816 0.7032875 -0.4162766
vn 0.3688788 0.4872556 -0.7915241
vn -0.2969103 0.5540309 -0.7777493
vn 0.5762816 0.7032875 -0.4162766
vn -0.2969103 0.5540309 -0.7777493
vn -0.4372912 0.8118981 -0.3867788
vn 0.3688788 0.4872556 -0.7915241
vn 0.0548238 0.1496273 -0.9872214
vn -0.1097535 0.1948731 -0.9746685
vn 0.3688788 0.4872556 -0.7915241
vn -0.1097535 0.1948731 -0.9746685
vn -0.2969103 0.5540309 -0.7777493
vn 0.0548238 0.1496273 -0.9872214
vn -0.1120730 -0.1557620 -0.9814163
vn -0.1197152 -0.0989126 -0.9878687
vn 0.0548238 0.1496273 -0.9872214
vn -0.1197152 -0.0989126 -0.9878687
vn -0.1097535 0.1948731 -0.9746685
vn -0.1120730 -0.1557620 -0.9814163
vn 0.7580323 -0.6455434 -0.0930634
vn -0.9399647 -0.3357533 -0.0611241
vn -0.1120730 -0.1557620 -0.9814163
vn -0.9399647 -0.3357533 -0.0611241
vn -0.1197152 -0.0989126 -0.9878687
vn 0.7580323 -0.6455434 -0.0930634
vn 0.7295515 -0.6801809 -0.0714737
vn -0.9155610 -0.3997885 0.0437847
vn 0.7580323 -0.6455434 -0.0930634
vn -0.9155610 -0.3997885 0.0437847
vn -0.9399647 -0.3357533 -0.0611241
vn -0.9155610 -0.3997885 0.0437847
vn -0.9244608 -0.3590555 0.1282626
vn 0.4833556 0.8669118 0.1217841
vn -0.9155610 -0.3997885 0.0437847
vn 0.4833556 0.8669118 0.1217841
vn 0.4834729 0.8680042 -0.1132371
vn -0.9244608 -0.3590555 0.1282626
vn -0.8237149 0.1907645 0.5339500
vn 0.3650391 0.8577125 0.3620437
vn -0.9244608 -0.3590555 0.1282626
vn 0.3650391 0.8577125 0.3620437
vn 0.4833556 0.8669118 0.1217841
vn -0.8237149 0.1907645 0.5339500
vn -0.0349456 0.0956555 0.9948009
vn 0.3650391 0.8577125 0.3620437
vn -0.0349456 0.0956555 0.9948009
vn 0.1756249 0.4940698 0.8514993
vn 0.3650391 0.8577125 0.3620437
vn -0.0349456 0.0956555 0.9948009
vn -0.1646446 0.4230253 0.8910341
vn -0.3414579 0.0530701 0.9383976
vn -0.0349456 0.0956555 0.9948009
vn -0.3414579 0.0530701 0.9383976
vn 0.1756249 0.4940698 0.8514993
vn -0.1646446 0.4230253 0.8910341
vn -0.3511923 0.7254832 0.5918937
vn -0.7583575 0.1398958 0.6366498
vn -0.1646446 0.4230253 0.8910341
vn -0.7583575 0.1398958 0.6366498
vn -0.3414579 0.0530701 0.9383976
vn -0.3511923 0.7254832 0.5918937
vn -0.4617340 0.8783768 0.1235142
vn -0.9642419 0.1851403 0.1896328
vn -0.3511923 0.7254832 0.5918937
vn -0.9642419 0.1851403 0.1896328
vn -0.7583575 0.1398958 0.6366498
vn -0.4617340 0.8783768 0.1235142
vn -0.4372912 0.8118981 -0.3867788
vn -0.9373500 0.1806957 -0.2978657
vn -0.4617340 0.8783768 0.1235142
vn -0.9373500 0.1806957 -0.2978657
vn -0.9642419 0.1851403 0.1896328
vn -0.4372912 0.8118981 -0.3867788
vn -0.2969103 0.5540309 -0.7777493
vn -0.6805963 0.1268156 -0.7215999
vn -0.4372912 0.8118981 -0.3867788
vn -0.6805963 0.1268156 -0.7215999
vn -0.9373500 0.1806957 -0.2978657
vn -0.2969103 0.5540309 -0.7777493
vn -0.1097535 0.1948731 -0.9746685
vn -0.2186007 0.0503545 -0.9745144
vn -0.2969103 0.5540309 -0.7777493
vn -0.2186007 0.0503545 -0.9745144
vn -0.6805963 0.1268156 -0.7215999
vn -0.1097535 0.1948731 -0.9746685
vn -0.1197152 -0.0989126 -0.9878687
vn -0.2186007 0.0503545 -0.9745144
vn -0.1197152 -0.0989126 -0.9878687
vn 0.1149109 0.6189101 -0.7770107
vn -0.2186007 0.0503545 -0.9745144
vn -0.1197152 -0.0989126 -0.9878687
vn -0.9399647 -0.3357533 -0.0611241
vn 0.3716821 0.8776258 -0.3026969
vn -0.1197152 -0.0989126 -0.9878687
vn 0.3716821 0.8776258 -0.3026969
vn 0.1149109 0.6189101 -0.7770107
vn -0.9399647 -0.3357533 -0.0611241
vn -0.9155610 -0.3997885 0.0437847
vn 0.4834729 0.8680042 -0.1132371
vn -0.9399647 -0.3357533 -0.0611241
vn 0.4834729 0.8680042 -0.1132371
vn 0.3716821 0.8776258 -0.3026969
vn 0.4834729 0.8680042 -0.1132371
vn 0.4833556 0.8669118 0.1217841
vn 0.9512676 -0.0468190 0.3047915
vn 0.4834729 0.8680042 -0.1132371
vn 0.9512676 -0.0468190 0.3047915
vn 0.9763791 -0.0447535 -0.2113786
vn 0.4833556 0.8669118 0.1217841
vn 0.3650391 0.8577125 0.3620437
vn 0.6720158 -0.0363846 0.7396424
vn 0.4833556 0.8669118 0.1217841
vn 0.6720158 -0.0363846 0.7396424
vn 0.9512676 -0.0468190 0.3047915
vn 0.3650391 0.8577125 0.3620437
vn 0.1756249 0.4940698 0.8514993
vn 0.2128912 -0.0162029 0.9769415
vn 0.3650391 0.8577125 0.3620437
vn 0.2128912 -0.0162029 0.9769415
vn 0.6720158 -0.0363846 0.7396424
vn 0.1756249 0.4940698 0.8514993
vn -0.3414579 0.0530701 0.9383976
vn -0.3036450 0.0083330 0.9527488
vn 0.1756249 0.4940698 0.8514993
vn -0.3036450 0.0083330 0.9527488
vn 0.2128912 -0.0162029 0.9769415
vn -0.3414579 0.0530701 0.9383976
vn -0.7583575 0.1398958 0.6366498
vn -0.7391053 0.0306218 0.6728935
vn -0.3414579 0.0530701 0.9383976
vn -0.7391053 0.0306218 0.6728935
vn -0.3036450 0.0083330 0.9527488
vn -0.7583575 0.1398958 0.6366498
vn -0.9642419 0.1851403 0.1896328
vn -0.9762272 0.0447232 0.2120853
vn -0.7583575 0.1398958 0.6366498
vn -0.9762272 0.0447232 0.2120853
vn -0.7391053 0.0306218 0.6728935
vn -0.9642419 0.1851403 0.1896328
vn -0.9373500 0.1806957 -0.2978657
vn -0.9509401 0.0467992 -0.3058151
vn -0.9642419 0.1851403 0.1896328
vn -0.9509401 0.0467992 -0.3058151
vn -0.9762272 0.0447232 0.2120853
vn -0.9373500 0.1806957 -0.2978657
vn -0.6805963 0.1268156 -0.7215999
vn -0.6700910 0.0362717 -0.7413922
vn -0.9373500 0.1806957 -0.2978657
vn -0.6700910 0.0362717 -0.7413922
vn -0.9509401 0.0467992 -0.3058151
vn -0.6805963 0.1268156 -0.7215999
vn -0.2186007 0.0503545 -0.9745144
vn -0.2095271 0.0160413 -0.9776713
vn -0.6805963 0.1268156 -0.7215999
vn -0.2095271 0.0160413 -0.9776713
vn -0.6700910 0.0362717 -0.7413922
vn -0.2186007 0.0503545 -0.9745144
vn 0.1149109 0.6189101 -0.7770107
vn 0.3068231 -0.0084758 -0.9517288
vn -0.2186007 0.0503545 -0.9745144
vn 0.3068231 -0.0084758 -0.9517288
vn -0.2095271 0.0160413 -0.9776713
vn 0.1149109 0.6189101 -0.7770107
vn 0.3716821 0.8776258 -0.3026969
vn 0.7406812 -0.0307272 -0.6711537
vn 0.1149109 0.6189101 -0.7770107
vn 0.7406812 -0.0307272 -0.6711537
vn 0.3068231 -0.0084758 -0.9517288
vn 0.3716821 0.8776258 -0.3026969
vn 0.4834729 0.8680042 -0.1132371
vn 0.9763791 -0.0447535 -0.2113786
vn 0.3716821 0.8776258 -0.3026969
vn 0.9763791 -0.0447535 -0.2113786
vn 0.7406812 -0.0307272 -0.6711537
vn 0.9763791 -0.0447535 -0.2113786
vn 0.9512676 -0.0468190 0.3047915
vn 0.9501101 -0.0671438 0.3046021
vn 0.9763791 -0.0447535 -0.2113786
vn 0.9501101 -0.0671438 0.3046021
vn 0.9751579 -0.0656904 -0.2115466
vn 0.9512676 -0.0468190 0.3047915
vn 0.6720158 -0.0363846 0.7396424
vn 0.6712496 -0.0506580 0.7394983
vn 0.9512676 -0.0468190 0.3047915
vn 0.6712496 -0.0506580 0.7394983
vn 0.9501101 -0.0671438 0.3046021
vn 0.6720158 -0.0363846 0.7396424
vn 0.2128912 -0.0162029 0.9769415
vn 0.2127001 -0.0206006 0.9769003
vn 0.6720158 -0.0363846 0.7396424
vn 0.2127001 -0.0206006 0.9769003
vn 0.6712496 -0.0506580 0.7394983
vn 0.2128912 -0.0162029 0.9769415
vn -0.3036450 0.0083330 0.9527488
vn -0.3032058 0.0149862 0.9528072
vn 0.2128912 -0.0162029 0.9769415
vn -0.3032058 0.0149862 0.9528072
vn 0.2127001 -0.0206006 0.9769003
vn -0.3036450 0.0083330 0.9527488
vn -0.7391053 0.0306218 0.6728935
vn -0.7381433 0.0465715 0.6730345
vn -0.3036450 0.0083330 0.9527488
vn -0.7381433 0.0465715 0.6730345
vn -0.3032058 0.0149862 0.9528072
vn -0.7391053 0.0306218 0.6728935
vn -0.9762272 0.0447232 0.2120853
vn -0.9750031 0.0656498 0.2122708
vn -0.7391053 0.0306218 0.6728935
vn -0.9750031 0.0656498 0.2122708
vn -0.7381433 0.0465715 0.6730345
vn -0.9762272 0.0447232 0.2120853
vn -0.9509401 0.0467992 -0.3058151
vn -0.9497749 0.0670955 -0.3056563
vn -0.9762272 0.0447232 0.2120853
vn -0.9497749 0.0670955 -0.3056563
vn -0.9750031 0.0656498 0.2122708
vn -0.9509401 0.0467992 -0.3058151
vn -0.6700910 0.0362717 -0.7413922
vn -0.6692908 0.0505131 -0.7412814
vn -0.9509401 0.0467992 -0.3058151
vn -0.6692908 0.0505131 -0.7412814
vn -0.9497749 0.0670955 -0.3056563
vn -0.6700910 0.0362717 -0.7413922
vn -0.2095271 0.0160413 -0.9776713
vn -0.2093069 0.0203689 -0.9776378
vn -0.6700910 0.0362717 -0.7413922
vn -0.2093069 0.0203689 -0.9776378
vn -0.6692908 0.0505131 -0.7412814
vn -0.2095271 0.0160413 -0.9776713
vn 0.3068231 -0.0084758 -0.9517288
vn 0.3064016 -0.0152132 -0.9517808
vn -0.2095271 0.0160413 -0.9776713
vn 0.3064016 -0.0152132 -0.9517808
vn -0.2093069 0.0203689 -0.9776378
vn 0.3068231 -0.0084758 -0.9517288
vn 0.7406812 -0.0307272 -0.6711537
vn 0.7397357 -0.0467038 -0.6712748
vn 0.3068231 -0.0084758 -0.9517288
vn 0.7397357 -0.0467038 -0.6712748
vn 0.3064016 -0.0152132 -0.9517808
vn 0.7406812 -0.0307272 -0.6711537
vn 0.9763791 -0.0447535 -0.2113786
vn 0.9751579 -0.0656904 -0.2115466
vn 0.7406812 -0.0307272 -0.6711537
vn 0.9751579 -0.0656904 -0.2115466
vn 0.7397357 -0.0467038 -0.6712748
vn 0.9751579 -0.0656904 -0.2115466
vn 0.9501101 -0.0671438 0.3046021
vn 0.9485121 -0.0874509 0.3044294
vn 0.9751579 -0.0656904 -0.2115466
vn 0.9485121 -0.0874509 0.3044294
vn 0.9734833 -0.0866186 -0.2117249
vn 0.9501101 -0.0671438 0.3046021
vn 0.6712496 -0.0506580 0.7394983
vn 0.6701430 -0.0649338 0.7393862
vn 0.9501101 -0.0671438 0.3046021
vn 0.6701430 -0.0649338 0.7393862
vn 0.9485121 -0.0874509 0.3044294
vn 0.6712496 -0.0506580 0.7394983
vn 0.2127001 -0.0206006 0.9769003
vn 0.2123822 -0.0250079 0.9768667
vn 0.6712496 -0.0506580 0.7394983
vn 0.2123822 -0.0250079 0.9768667
vn 0.6701430 -0.0649338 0.7393862
vn 0.2127001 -0.0206006 0.9769003
vn -0.3032058 0.0149862 0.9528072
vn -0.3026498 0.0216357 0.9528562
vn 0.2127001 -0.0206006 0.9769003
vn -0.3026498 0.0216357 0.9528562
vn 0.2123822 -0.0250079 0.9768667
vn -0.3032058 0.0149862 0.9528072
vn -0.7381433 0.0465715 0.6730345
vn -0.7368498 0.0625102 0.6731604
vn -0.3032058 0.0149862 0.9528072
vn -0.7368498 0.0625102 0.6731604
vn -0.3026498 0.0216357 0.9528562
vn -0.7381433 0.0465715 0.6730345
vn -0.9750031 0.0656498 0.2122708
vn -0.9733279 0.0866108 0.2124414
vn -0.7381433 0.0465715 0.6730345
vn -0.9733279 0.0866108 0.2124414
vn -0.7368498 0.0625102 0.6731604
vn -0.9750031 0.0656498 0.2122708
vn -0.9497749 0.0670955 -0.3056563
vn -0.9481784 0.0874294 -0.3054730
vn -0.9750031 0.0656498 0.2122708
vn -0.9481784 0.0874294 -0.3054730
vn -0.9733279 0.0866108 0.2124414
vn -0.9497749 0.0670955 -0.3056563
vn -0.6692908 0.0505131 -0.7412814
vn -0.6682091 0.0647537 -0.7411502
vn -0.9497749 0.0670955 -0.3056563
vn -0.6682091 0.0647537 -0.7411502
vn -0.9481784 0.0874294 -0.3054730
vn -0.6692908 0.0505131 -0.7412814
vn -0.2093069 0.0203689 -0.9776378
vn -0.2090225 0.0247010 -0.9775989
vn -0.6692908 0.0505131 -0.7412814
vn -0.2090225 0.0247010 -0.9775989
vn -0.6682091 0.0647537 -0.7411502
vn -0.2093069 0.0203689 -0.9776378
vn 0.3064016 -0.0152132 -0.9517808
vn 0.3058290 -0.0219391 -0.9518337
vn -0.2093069 0.0203689 -0.9776378
vn 0.3058290 -0.0219391 -0.9518337
vn -0.2090225 0.0247010 -0.9775989
vn 0.3064016 -0.0152132 -0.9517808
vn 0.7397357 -0.0467038 -0.6712748
vn 0.7384344 -0.0626740 -0.6714065
vn 0.3064016 -0.0152132 -0.9517808
vn 0.7384344 -0.0626740 -0.6714065
vn 0.3058290 -0.0219391 -0.9518337
vn 0.7397357 -0.0467038 -0.6712748
vn 0.9751579 -0.0656904 -0.2115466
vn 0.9734833 -0.0866186 -0.2117249
vn 0.7397357 -0.0467038 -0.6712748
vn 0.9734833 -0.0866186 -0.2117249
vn 0.7384344 -0.0626740 -0.6714065
vn 0.9734833 -0.0866186 -0.2117249
vn 0.9485121 -0.0874509 0.3044294
vn 0.9464778 -0.1076899 0.3042739
vn 0.9734833 -0.0866186 -0.2117249
vn 0.9464778 -0.1076899 0.3042739
vn 0.9713644 -0.1074674 -0.2119010
vn 0.9485121 -0.0874509 0.3044294
vn 0.6701430 -0.0649338 0.7393862
vn 0.6687312 -0.0791268 0.7392818
vn 0.9485121 -0.0874509 0.3044294
vn 0.6687312 -0.0791268 0.7392818
vn 0.9464778 -0.1076899 0.3042739
vn 0.6701430 -0.0649338 0.7393862
vn 0.2123822 -0.0250079 0.9768667
vn 0.2119755 -0.0293795 0.9768333
vn 0.6701430 -0.0649338 0.7393862
vn 0.2119755 -0.0293795 0.9768333
vn 0.6687312 -0.0791268 0.7392818
vn 0.2123822 -0.0250079 0.9768667
vn -0.3026498 0.0216357 0.9528562
vn -0.3019393 0.0282768 0.9529076
vn 0.2123822 -0.0250079 0.9768667
vn -0.3019393 0.0282768 0.9529076
vn 0.2119755 -0.0293795 0.9768333
vn -0.3026498 0.0216357 0.9528562
vn -0.7368498 0.0625102 0.6731604
vn -0.7352260 0.0783998 0.6732728
vn -0.3026498 0.0216357 0.9528562
vn -0.7352260 0.0783998 0.6732728
vn -0.3019393 0.0282768 0.9529076
vn -0.7368498 0.0625102 0.6731604
vn -0.9733279 0.0866108 0.2124414
vn -0.9712115 0.1074828 0.2125926
vn -0.7368498 0.0625102 0.6731604
vn -0.9712115 0.1074828 0.2125926
vn -0.7352260 0.0783998 0.6732728
vn -0.9733279 0.0866108 0.2124414
vn -0.9481784 0.0874294 -0.3054730
vn -0.9461451 0.1076619 -0.3053168
vn -0.9733279 0.0866108 0.2124414
vn -0.9461451 0.1076619 -0.3053168
vn -0.9712115 0.1074828 0.2125926
vn -0.9481784 0.0874294 -0.3054730
vn -0.6682091 0.0647537 -0.7411502
vn -0.6668081 0.0789140 -0.7410394
vn -0.9481784 0.0874294 -0.3054730
vn -0.6668081 0.0789140 -0.7410394
vn -0.9461451 0.1076619 -0.3053168
vn -0.6682091 0.0647537 -0.7411502
vn -0.2090225 0.0247010 -0.9775989
vn -0.2086332 0.0290143 -0.9775636
vn -0.6682091 0.0647537 -0.7411502
vn -0.2086332 0.0290143 -0.9775636
vn -0.6668081 0.0789140 -0.7410394
vn -0.2090225 0.0247010 -0.9775989
vn 0.3058290 -0.0219391 -0.9518337
vn 0.3051034 -0.0286257 -0.9518889
vn -0.2090225 0.0247010 -0.9775989
vn 0.3051034 -0.0286257 -0.9518889
vn -0.2086332 0.0290143 -0.9775636
vn 0.3058290 -0.0219391 -0.9518337
vn 0.7384344 -0.0626740 -0.6714065
vn 0.7367895 -0.0785532 -0.6715434
vn 0.3058290 -0.0219391 -0.9518337
vn 0.7367895 -0.0785532 -0.6715434
vn 0.3051034 -0.0286257 -0.9518889
vn 0.7384344 -0.0626740 -0.6714065
vn 0.9734833 -0.0866186 -0.2117249
vn 0.9713644 -0.1074674 -0.2119010
vn 0.7384344 -0.0626740 -0.6714065
vn 0.9713644 -0.1074674 -0.2119010
vn 0.7367895 -0.0785532 -0.6715434
vn 0.9713644 -0.1074674 -0.2119010
vn 0.9464778 -0.1076899 0.3042739
vn 0.9374464 -0.1848246 0.2950158
vn 0.9713644 -0.1074674 -0.2119010
vn 0.9374464 -0.1848246 0.2950158
vn 0.9594205 -0.1869390 -0.2111071
vn 0.9464778 -0.1076899 0.3042739
vn 0.6687312 -0.0791268 0.7392818
vn 0.6722884 -0.1304494 0.7287052
vn 0.9464778 -0.1076899 0.3042739
vn 0.6722884 -0.1304494 0.7287052
vn 0.9374464 -0.1848246 0.2950158
vn 0.6687312 -0.0791268 0.7392818
vn 0.2119755 -0.0293795 0.9768333
vn 0.2176286 -0.0452398 0.9749826
vn 0.6687312 -0.0791268 0.7392818
vn 0.2176286 -0.0452398 0.9749826
vn 0.6722884 -0.1304494 0.7287052
vn 0.2119755 -0.0293795 0.9768333
vn -0.3019393 0.0282768 0.9529076
vn -0.3480113 -0.0616150 0.9354634
vn 0.2119755 -0.0293795 0.9768333
vn -0.3480113 -0.0616150 0.9354634
vn 0.2176286 -0.0452398 0.9749826
vn -0.3019393 0.0282768 0.9529076
vn -0.7352260 0.0783998 0.6732728
vn -0.5492514 -0.6150154 0.5657552
vn -0.3019393 0.0282768 0.9529076
vn -0.5492514 -0.6150154 0.5657552
vn -0.3480113 -0.0616150 0.9354634
vn -0.7352260 0.0783998 0.6732728
vn -0.9712115 0.1074828 0.2125926
vn -0.5857695 -0.8013996 0.1209660
vn -0.7352260 0.0783998 0.6732728
vn -0.5857695 -0.8013996 0.1209660
vn -0.5492514 -0.6150154 0.5657552
vn -0.9712115 0.1074828 0.2125926
vn -0.9461451 0.1076619 -0.3053168
vn -0.6017646 -0.7827571 -0.1586530
vn -0.9712115 0.1074828 0.2125926
vn -0.6017646 -0.7827571 -0.1586530
vn -0.5857695 -0.8013996 0.1209660
vn -0.9461451 0.1076619 -0.3053168
vn -0.6668081 0.0789140 -0.7410394
vn -0.5692288 -0.4389494 -0.6951993
vn -0.9461451 0.1076619 -0.3053168
vn -0.5692288 -0.4389494 -0.6951993
vn -0.6017646 -0.7827571 -0.1586530
vn -0.6668081 0.0789140 -0.7410394
vn -0.2086332 0.0290143 -0.9775636
vn -0.2309676 -0.0106723 -0.9729030
vn -0.6668081 0.0789140 -0.7410394
vn -0.2309676 -0.0106723 -0.9729030
vn -0.5692288 -0.4389494 -0.6951993
vn -0.2086332 0.0290143 -0.9775636
vn 0.3051034 -0.0286257 -0.9518889
vn 0.3093085 -0.0504503 -0.9496226
vn -0.2086332 0.0290143 -0.9775636
vn 0.3093085 -0.0504503 -0.9496226
vn -0.2309676 -0.0106723 -0.9729030
vn 0.3051034 -0.0286257 -0.9518889
vn 0.7367895 -0.0785532 -0.6715434
vn 0.7343490 -0.1361977 -0.6649675
vn 0.3051034 -0.0286257 -0.9518889
vn 0.7343490 -0.1361977 -0.6649675
vn 0.3093085 -0.0504503 -0.9496226
vn 0.7367895 -0.0785532 -0.6715434
vn 0.9713644 -0.1074674 -0.2119010
vn 0.9594205 -0.1869390 -0.2111071
vn 0.7367895 -0.0785532 -0.6715434
vn 0.9594205 -0.1869390 -0.2111071
vn 0.7343490 -0.1361977 -0.6649675
vn 0.9594205 -0.1869390 -0.2111071
vn 0.9374464 -0.1848246 0.2950158
vn 0.7692034 -0.5787274 0.2709260
vn 0.9594205 -0.1869390 -0.2111071
vn 0.7692034 -0.5787274 0.2709260
vn 0.7782795 -0.5832557 -0.2325807
vn 0.9374464 -0.1848246 0.2950158
vn 0.6722884 -0.1304494 0.7287052
vn 0.5688565 -0.4282373 0.7021504
vn 0.9374464 -0.1848246 0.2950158
vn 0.5688565 -0.4282373 0.7021504
vn 0.7692034 -0.5787274 0.2709260
vn 0.6722884 -0.1304494 0.7287052
vn 0.2176286 -0.0452398 0.9749826
vn 0.2339015 -0.1780670 0.9558149
vn 0.6722884 -0.1304494 0.7287052
vn 0.2339015 -0.1780670 0.9558149
vn 0.5688565 -0.4282373 0.7021504
vn 0.2176286 -0.0452398 0.9749826
vn -0.3480113 -0.0616150 0.9354634
vn -0.1657805 0.0528345 0.9847463
vn 0.2176286 -0.0452398 0.9749826
vn -0.1657805 0.0528345 0.9847463
vn 0.2339015 -0.1780670 0.9558149
vn -0.3480113 -0.0616150 0.9354634
vn -0.5492514 -0.6150154 0.5657552
vn -0.1657805 0.0528345 0.9847463
vn -0.5492514 -0.6150154 0.5657552
vn -0.5052206 0.1075905 0.8562573
vn -0.1657805 0.0528345 0.9847463
vn -0.5492514 -0.6150154 0.5657552
vn -0.5857695 -0.8013996 0.1209660
vn 0.5406253 0.5075226 0.6709285
vn -0.5492514 -0.6150154 0.5657552
vn 0.5406253 0.5075226 0.6709285
vn -0.5052206 0.1075905 0.8562573
vn -0.5857695 -0.8013996 0.1209660
vn -0.6017646 -0.7827571 -0.1586530
vn 0.1543343 0.1221134 -0.9804434
vn -0.5857695 -0.8013996 0.1209660
vn 0.1543343 0.1221134 -0.9804434
vn 0.5406253 0.5075226 0.6709285
vn -0.6017646 -0.7827571 -0.1586530
vn -0.5692288 -0.4389494 -0.6951993
vn -0.4456856 0.1103754 -0.8883589
vn -0.6017646 -0.7827571 -0.1586530
vn -0.4456856 0.1103754 -0.8883589
vn 0.1543343 0.1221134 -0.9804434
vn -0.5692288 -0.4389494 -0.6951993
vn -0.2309676 -0.0106723 -0.9729030
vn -0.4456856 0.1103754 -0.8883589
vn -0.2309676 -0.0106723 -0.9729030
vn -0.1396817 0.0592723 -0.9884209
vn -0.4456856 0.1103754 -0.8883589
vn -0.2309676 -0.0106723 -0.9729030
vn 0.3093085 -0.0504503 -0.9496226
vn 0.2643456 -0.1916782 -0.9451883
vn -0.2309676 -0.0106723 -0.9729030
vn 0.2643456 -0.1916782 -0.9451883
vn -0.1396817 0.0592723 -0.9884209
vn 0.3093085 -0.0504503 -0.9496226
vn 0.7343490 -0.1361977 -0.6649675
vn 0.5926856 -0.4400184 -0.6746167
vn 0.3093085 -0.0504503 -0.9496226
vn 0.5926856 -0.4400184 -0.6746167
vn 0.2643456 -0.1916782 -0.9451883
vn 0.7343490 -0.1361977 -0.6649675
vn 0.9594205 -0.1869390 -0.2111071
vn 0.7782795 -0.5832557 -0.2325807
vn 0.7343490 -0.1361977 -0.6649675
vn 0.7782795 -0.5832557 -0.2325807
vn 0.5926856 -0.4400184 -0.6746167
vn 0.7782795 -0.5832557 -0.2325807
vn 0.7692034 -0.5787274 0.2709260
vn -0.1809743 -0.9631774 0.1988404
vn 0.7782795 -0.5832557 -0.2325807
vn -0.1809743 -0.9631774 0.1988404
vn -0.1797560 -0.9674343 -0.1782092
vn 0.7692034 -0.5787274 0.2709260
vn 0.5688565 -0.4282373 0.7021504
vn -0.2799073 -0.7987092 0.5326495
vn 0.7692034 -0.5787274 0.2709260
vn -0.2799073 -0.7987092 0.5326495
vn -0.1809743 -0.9631774 0.1988404
vn 0.5688565 -0.4282373 0.7021504
vn 0.2339015 -0.1780670 0.9558149
vn -0.4588938 -0.5020844 0.7330265
vn 0.5688565 -0.4282373 0.7021504
vn -0.4588938 -0.5020844 0.7330265
vn -0.2799073 -0.7987092 0.5326495
vn 0.2339015 -0.1780670 0.9558149
vn -0.1657805 0.0528345 0.9847463
vn -0.6686394 -0.1529403 0.7276886
vn 0.2339015 -0.1780670 0.9558149
vn -0.6686394 -0.1529403 0.7276886
vn -0.4588938 -0.5020844 0.7330265
vn -0.1657805 0.0528345 0.9847463
vn -0.5052206 0.1075905 0.8562573
vn -0.8432556 0.1387495 0.5192962
vn -0.1657805 0.0528345 0.9847463
vn -0.8432556 0.1387495 0.5192962
vn -0.6686394 -0.1529403 0.7276886
vn -0.5052206 0.1075905 0.8562573
vn 0.5406253 0.5075226 0.6709285
vn -0.9376845 0.2958167 0.1823187
vn -0.5052206 0.1075905 0.8562573
vn -0.9376845 0.2958167 0.1823187
vn -0.8432556 0.1387495 0.5192962
vn 0.5406253 0.5075226 0.6709285
vn 0.1543343 0.1221134 -0.9804434
vn -0.9365713 0.2915086 -0.1945686
vn 0.5406253 0.5075226 0.6709285
vn -0.9365713 0.2915086 -0.1945686
vn -0.9376845 0.2958167 0.1823187
vn 0.1543343 0.1221134 -0.9804434
vn -0.4456856 0.1103754 -0.8883589
vn -0.8396545 0.1258177 -0.5283467
vn 0.1543343 0.1221134 -0.9804434
vn -0.8396545 0.1258177 -0.5283467
vn -0.9365713 0.2915086 -0.1945686
vn -0.4456856 0.1103754 -0.8883589
vn -0.1396817 0.0592723 -0.9884209
vn -0.6627554 -0.1720559 -0.7288018
vn -0.4456856 0.1103754 -0.8883589
vn -0.6627554 -0.1720559 -0.7288018
vn -0.8396545 0.1258177 -0.5283467
vn -0.1396817 0.0592723 -0.9884209
vn 0.2643456 -0.1916782 -0.9451883
vn -0.4528809 -0.5210779 -0.7234478
vn -0.1396817 0.0592723 -0.9884209
vn -0.4528809 -0.5210779 -0.7234478
vn -0.6627554 -0.1720559 -0.7288018
vn 0.2643456 -0.1916782 -0.9451883
vn 0.5926856 -0.4400184 -0.6746167
vn -0.2760938 -0.8114293 -0.5151258
vn 0.2643456 -0.1916782 -0.9451883
vn -0.2760938 -0.8114293 -0.5151258
vn -0.4528809 -0.5210779 -0.7234478
vn 0.5926856 -0.4400184 -0.6746167
vn 0.7782795 -0.5832557 -0.2325807
vn -0.1797560 -0.9674343 -0.1782092
vn 0.5926856 -0.4400184 -0.6746167
vn -0.1797560 -0.9674343 -0.1782092
vn -0.2760938 -0.8114293 -0.5151258
vn -0.8976343 0.4274469 0.1074339
vn -0.2543180 0.8808396 0.3993044
vn -0.2499994 0.9657069 0.0700732
vn -0.8570918 -0.5151535 0.0032434
vn -0.1797560 -0.9674343 -0.1782092
vn -0.1809743 -0.9631774 0.1988404
vn -0.8976343 0.4274469 0.1074339
vn -0.3456550 0.6322662 0.6933702
vn -0.2543180 0.8808396 0.3993044
vn -0.8570918 -0.5151535 0.0032434
vn -0.1809743 -0.9631774 0.1988404
vn -0.2799073 -0.7987092 0.5326495
vn -0.8976343 0.4274469 0.1074339
vn -0.5257765 0.2331655 0.8180421
vn -0.3456550 0.6322662 0.6933702
vn -0.8570918 -0.5151535 0.0032434
vn -0.2799073 -0.7987092 0.5326495
vn -0.4588938 -0.5020844 0.7330265
vn -0.8976343 0.4274469 0.1074339
vn -0.7172935 -0.1484157 0.6807810
vn -0.5257765 0.2331655 0.8180421
vn -0.8570918 -0.5151535 0.0032434
vn -0.4588938 -0.5020844 0.7330265
vn -0.6686394 -0.1529403 0.7276886
vn -0.8976343 0.4274469 0.1074339
vn -0.8460432 -0.3624462 0.3909522
vn -0.7172935 -0.1484157 0.6807810
vn -0.8570918 -0.5151535 0.0032434
vn -0.6686394 -0.1529403 0.7276886
vn -0.8432556 0.1387495 0.5192962
vn -0.8976343 0.4274469 0.1074339
vn -0.9072189 -0.4150026 0.0687504
vn -0.8460432 -0.3624462 0.3909522
vn -0.8570918 -0.5151535 0.0032434
vn -0.8432556 0.1387495 0.5192962
vn -0.9376845 0.2958167 0.1823187
vn -0.8976343 0.4274469 0.1074339
vn -0.9086183 -0.3284301 -0.2579662
vn -0.9072189 -0.4150026 0.0687504
vn -0.8570918 -0.5151535 0.0032434
vn -0.9376845 0.2958167 0.1823187
vn -0.9365713 0.2915086 -0.1945686
vn -0.8976343 0.4274469 0.1074339
vn -0.8308879 -0.0735144 -0.5515622
vn -0.9086183 -0.3284301 -0.2579662
vn -0.8570918 -0.5151535 0.0032434
vn -0.9365713 0.2915086 -0.1945686
vn -0.8396545 0.1258177 -0.5283467
vn -0.8976343 0.4274469 0.1074339
vn -0.6584947 0.3300155 -0.6763686
vn -0.8308879 -0.0735144 -0.5515622
vn -0.8570918 -0.5151535 0.0032434
vn -0.8396545 0.1258177 -0.5283467
vn -0.6627554 -0.1720559 -0.7288018
vn -0.8976343 0.4274469 0.1074339
vn -0.4567393 0.7057626 -0.5415609
vn -0.6584947 0.3300155 -0.6763686
vn -0.8570918 -0.5151535 0.0032434
vn -0.6627554 -0.1720559 -0.7288018
vn -0.4528809 -0.5210779 -0.7234478
vn -0.8976343 0.4274469 0.1074339
vn -0.3154985 0.9143179 -0.2539360
vn -0.4567393 0.7057626 -0.5415609
vn -0.8570918 -0.5151535 0.0032434
vn -0.4528809 -0.5210779 -0.7234478
vn -0.2760938 -0.8114293 -0.5151258
vn -0.8976343 0.4274469 0.1074339
vn -0.2499994 0.9657069 0.0700732
vn -0.3154985 0.9143179 -0.2539360
vn -0.8570918 -0.5151535 0.0032434
vn -0.2760938 -0.8114293 -0.5151258
vn -0.1797560 -0.9674343 -0.1782092
vn -0.9745640 -0.2222409 0.0288769
vn -0.8660503 -0.2618020 0.4259303
vn -0.1276961 -0.2227769 0.9664699
vn -0.9745640 -0.2222409 0.0288769
vn -0.1276961 -0.2227769 0.9664699
vn 0.2524995 0.9655972 0.0621784
vn -0.8660503 -0.2618020 0.4259303
vn -0.5170924 -0.4334342 0.7380719
vn -0.0213530 0.0120655 0.9996992
vn -0.8660503 -0.2618020 0.4259303
vn -0.0213530 0.0120655 0.9996992
vn -0.1276961 -0.2227769 0.9664699
vn -0.5170924 -0.4334342 0.7380719
vn -0.0249434 -0.6787032 0.7339890
vn 0.3828733 0.1829616 0.9055015
vn -0.5170924 -0.4334342 0.7380719
vn 0.3828733 0.1829616 0.9055015
vn -0.0213530 0.0120655 0.9996992
vn -0.0249434 -0.6787032 0.7339890
vn 0.3128832 -0.8507267 0.4223365
vn 0.7681206 0.3260643 0.5510651
vn -0.0249434 -0.6787032 0.7339890
vn 0.7681206 0.3260643 0.5510651
vn 0.3828733 0.1829616 0.9055015
vn 0.3128832 -0.8507267 0.4223365
vn 0.4067859 -0.9130997 0.0278226
vn 0.9296853 0.3645650 -0.0527032
vn 0.3128832 -0.8507267 0.4223365
vn 0.9296853 0.3645650 -0.0527032
vn 0.7681206 0.3260643 0.5510651
vn 0.4067859 -0.9130997 0.0278226
vn 0.2938189 -0.8815374 -0.3695435
vn 0.7342506 0.2519240 -0.6304048
vn 0.4067859 -0.9130997 0.0278226
vn 0.7342506 0.2519240 -0.6304048
vn 0.9296853 0.3645650 -0.0527032
vn 0.2938189 -0.8815374 -0.3695435
vn -0.0652135 -0.7301930 -0.6801217
vn 0.3378668 0.0717395 -0.9384559
vn 0.2938189 -0.8815374 -0.3695435
vn 0.3378668 0.0717395 -0.9384559
vn 0.7342506 0.2519240 -0.6304048
vn -0.0652135 -0.7301930 -0.6801217
vn -0.5566542 -0.4834330 -0.6755950
vn -0.0525762 -0.1095185 -0.9925933
vn -0.0652135 -0.7301930 -0.6801217
vn -0.0525762 -0.1095185 -0.9925933
vn 0.3378668 0.0717395 -0.9384559
vn -0.5566542 -0.4834330 -0.6755950
vn -0.8844718 -0.2913353 -0.3644631
vn -0.0960933 -0.3337034 -0.9377676
vn -0.5566542 -0.4834330 -0.6755950
vn -0.0960933 -0.3337034 -0.9377676
vn -0.0525762 -0.1095185 -0.9925933
vn -0.8844718 -0.2913353 -0.3644631
vn -0.9745640 -0.2222409 0.0288769
vn 0.2524995 0.9655972 0.0621784
vn -0.8844718 -0.2913353 -0.3644631
vn 0.2524995 0.9655972 0.0621784
vn -0.0960933 -0.3337034 -0.9377676
vn 0.2524995 0.9655972 0.0621784
vn -0.1276961 -0.2227769 0.9664699
vn 0.3738416 -0.7675461 0.5206875
vn 0.2524995 0.9655972 0.0621784
vn 0.3738416 -0.7675461 0.5206875
vn 0.4613355 -0.8842052 0.0731484
vn -0.1276961 -0.2227769 0.9664699
vn -0.0213530 0.0120655 0.9996992
vn 0.0824863 -0.3150866 0.9454716
vn -0.1276961 -0.2227769 0.9664699
vn 0.0824863 -0.3150866 0.9454716
vn 0.3738416 -0.7675461 0.5206875
vn -0.0213530 0.0120655 0.9996992
vn 0.3828733 0.1829616 0.9055015
vn 0.1027166 0.4108121 0.9059154
vn -0.0213530 0.0120655 0.9996992
vn 0.1027166 0.4108121 0.9059154
vn 0.0824863 -0.3150866 0.9454716
vn 0.3828733 0.1829616 0.9055015
vn 0.7681206 0.3260643 0.5510651
vn 0.2365304 0.8443016 0.4808412
vn 0.3828733 0.1829616 0.9055015
vn 0.2365304 0.8443016 0.4808412
vn 0.1027166 0.4108121 0.9059154
vn 0.7681206 0.3260643 0.5510651
vn 0.9296853 0.3645650 -0.0527032
vn 0.2797958 0.9559855 -0.0883508
vn 0.7681206 0.3260643 0.5510651
vn 0.2797958 0.9559855 -0.0883508
vn 0.2365304 0.8443016 0.4808412
vn 0.9296853 0.3645650 -0.0527032
vn 0.7342506 0.2519240 -0.6304048
vn 0.2167002 0.7459793 -0.6297268
vn 0.9296853 0.3645650 -0.0527032
vn 0.2167002 0.7459793 -0.6297268
vn 0.2797958 0.9559855 -0.0883508
vn 0.7342506 0.2519240 -0.6304048
vn 0.3378668 0.0717395 -0.9384559
vn 0.0726244 0.2339544 -0.9695314
vn 0.7342506 0.2519240 -0.6304048
vn 0.0726244 0.2339544 -0.9695314
vn 0.2167002 0.7459793 -0.6297268
vn 0.3378668 0.0717395 -0.9384559
vn -0.0525762 -0.1095185 -0.9925933
vn 0.1123437 -0.5054591 -0.8555057
vn 0.3378668 0.0717395 -0.9384559
vn 0.1123437 -0.5054591 -0.8555057
vn 0.0726244 0.2339544 -0.9695314
vn -0.0525762 -0.1095185 -0.9925933
vn -0.0960933 -0.3337034 -0.9377676
vn 0.1123437 -0.5054591 -0.8555057
vn -0.0960933 -0.3337034 -0.9377676
vn 0.3950233 -0.8390785 -0.3740372
vn 0.1123437 -0.5054591 -0.8555057
vn -0.0960933 -0.3337034 -0.9377676
vn 0.2524995 0.9655972 0.0621784
vn 0.4613355 -0.8842052 0.0731484
vn -0.0960933 -0.3337034 -0.9377676
vn 0.4613355 -0.8842052 0.0731484
vn 0.3950233 -0.8390785 -0.3740372
vn 0.4613355 -0.8842052 0.0731484
vn 0.3738416 -0.7675461 0.5206875
vn -0.1416278 -0.7370009 0.6608867
vn 0.4613355 -0.8842052 0.0731484
vn -0.1416278 -0.7370009 0.6608867
vn -0.1848730 -0.9781777 0.0948178
vn 0.3738416 -0.7675461 0.5206875
vn 0.0824863 -0.3150866 0.9454716
vn -0.0444009 -0.2149233 0.9756210
vn 0.3738416 -0.7675461 0.5206875
vn -0.0444009 -0.2149233 0.9756210
vn -0.1416278 -0.7370009 0.6608867
vn 0.0824863 -0.3150866 0.9454716
vn 0.1027166 0.4108121 0.9059154
vn 0.0698859 0.3897960 0.9182456
vn 0.0824863 -0.3150866 0.9454716
vn 0.0698859 0.3897960 0.9182456
vn -0.0444009 -0.2149233 0.9756210
vn 0.1027166 0.4108121 0.9059154
vn 0.2365304 0.8443016 0.4808412
vn 0.1575495 0.8459915 0.5093884
vn 0.1027166 0.4108121 0.9059154
vn 0.1575495 0.8459915 0.5093884
vn 0.0698859 0.3897960 0.9182456
vn 0.2365304 0.8443016 0.4808412
vn 0.2797958 0.9559855 -0.0883508
vn 0.1848699 0.9781586 -0.0950200
vn 0.2365304 0.8443016 0.4808412
vn 0.1848699 0.9781586 -0.0950200
vn 0.1575495 0.8459915 0.5093884
vn 0.2797958 0.9559855 -0.0883508
vn 0.2167002 0.7459793 -0.6297268
vn 0.1412942 0.7352098 -0.6629500
vn 0.2797958 0.9559855 -0.0883508
vn 0.1412942 0.7352098 -0.6629500
vn 0.1848699 0.9781586 -0.0950200
vn 0.2167002 0.7459793 -0.6297268
vn 0.0726244 0.2339544 -0.9695314
vn 0.0436341 0.2108477 -0.9765446
vn 0.2167002 0.7459793 -0.6297268
vn 0.0436341 0.2108477 -0.9765446
vn 0.1412942 0.7352098 -0.6629500
vn 0.0726244 0.2339544 -0.9695314
vn 0.1123437 -0.5054591 -0.8555057
vn -0.0705936 -0.3935099 -0.9166059
vn 0.0726244 0.2339544 -0.9695314
vn -0.0705936 -0.3935099 -0.9166059
vn 0.0436341 0.2108477 -0.9765446
vn 0.1123437 -0.5054591 -0.8555057
vn 0.3950233 -0.8390785 -0.3740372
vn -0.1577838 -0.8472000 -0.5073029
vn 0.1123437 -0.5054591 -0.8555057
vn -0.1577838 -0.8472000 -0.5073029
vn -0.0705936 -0.3935099 -0.9166059
vn 0.3950233 -0.8390785 -0.3740372
vn 0.4613355 -0.8842052 0.0731484
vn -0.1848730 -0.9781777 0.0948178
vn 0.3950233 -0.8390785 -0.3740372
vn -0.1848730 -0.9781777 0.0948178
vn -0.1577838 -0.8472000 -0.5073029
vn -0.1848730 -0.9781777 0.0948178
vn -0.1416278 -0.7370009 0.6608867
vn -0.1588212 -0.7335548 0.6608124
vn -0.1848730 -0.9781777 0.0948178
vn -0.1588212 -0.7335548 0.6608124
vn -0.2068661 -0.9737729 0.0947251
vn -0.1416278 -0.7370009 0.6608867
vn -0.0444009 -0.2149233 0.9756210
vn -0.0502459 -0.2137433 0.9755967
vn -0.1416278 -0.7370009 0.6608867
vn -0.0502459 -0.2137433 0.9755967
vn -0.1588212 -0.7335548 0.6608124
vn -0.0444009 -0.2149233 0.9756210
vn 0.0698859 0.3897960 0.9182456
vn 0.0776341 0.3882517 0.9182775
vn -0.0444009 -0.2149233 0.9756210
vn 0.0776341 0.3882517 0.9182775
vn -0.0502459 -0.2137433 0.9755967
vn 0.0698859 0.3897960 0.9182456
vn 0.1575495 0.8459915 0.5093884
vn 0.1759403 0.8423141 0.5094622
vn 0.0698859 0.3897960 0.9182456
vn 0.1759403 0.8423141 0.5094622
vn 0.0776341 0.3882517 0.9182775
vn 0.1575495 0.8459915 0.5093884
vn 0.1848699 0.9781586 -0.0950200
vn 0.2068602 0.9737545 -0.0949270
vn 0.1575495 0.8459915 0.5093884
vn 0.2068602 0.9737545 -0.0949270
vn 0.1759403 0.8423141 0.5094622
vn 0.1848699 0.9781586 -0.0950200
vn 0.1412942 0.7352098 -0.6629500
vn 0.1584538 0.7317631 -0.6628840
vn 0.1848699 0.9781586 -0.0950200
vn 0.1584538 0.7317631 -0.6628840
vn 0.2068602 0.9737545 -0.0949270
vn 0.1412942 0.7352098 -0.6629500
vn 0.0436341 0.2108477 -0.9765446
vn 0.0493885 0.2096684 -0.9765244
vn 0.1412942 0.7352098 -0.6629500
vn 0.0493885 0.2096684 -0.9765244
vn 0.1584538 0.7317631 -0.6628840
vn 0.0436341 0.2108477 -0.9765446
vn -0.0705936 -0.3935099 -0.9166059
vn -0.0784295 -0.3919570 -0.9166344
vn 0.0436341 0.2108477 -0.9765446
vn -0.0784295 -0.3919570 -0.9166344
vn 0.0493885 0.2096684 -0.9765244
vn -0.0705936 -0.3935099 -0.9166059
vn -0.1577838 -0.8472000 -0.5073029
vn -0.1762094 -0.8435175 -0.5073741
vn -0.0705936 -0.3935099 -0.9166059
vn -0.1762094 -0.8435175 -0.5073741
vn -0.0784295 -0.3919570 -0.9166344
vn -0.1577838 -0.8472000 -0.5073029
vn -0.1848730 -0.9781777 0.0948178
vn -0.2068661 -0.9737729 0.0947251
vn -0.1577838 -0.8472000 -0.5073029
vn -0.2068661 -0.9737729 0.0947251
vn -0.1762094 -0.8435175 -0.5073741
vn -0.2068661 -0.9737729 0.0947251
vn -0.1588212 -0.7335548 0.6608124
vn -0.1759559 -0.7297174 0.6607208
vn -0.2068661 -0.9737729 0.0947251
vn -0.1759559 -0.7297174 0.6607208
vn -0.2287803 -0.9688702 0.0946055
vn -0.1588212 -0.7335548 0.6608124
vn -0.0502459 -0.2137433 0.9755967
vn -0.0560690 -0.2124268 0.9755670
vn -0.1588212 -0.7335548 0.6608124
vn -0.0560690 -0.2124268 0.9755670
vn -0.1759559 -0.7297174 0.6607208
vn -0.0502459 -0.2137433 0.9755967
vn 0.0776341 0.3882517 0.9182775
vn 0.0853578 0.3865340 0.9183167
vn -0.0502459 -0.2137433 0.9755967
vn 0.0853578 0.3865340 0.9183167
vn -0.0560690 -0.2124268 0.9755670
vn 0.0776341 0.3882517 0.9182775
vn 0.1759403 0.8423141 0.5094622
vn 0.1942719 0.8382202 0.5095539
vn 0.0776341 0.3882517 0.9182775
vn 0.1942719 0.8382202 0.5095539
vn 0.0853578 0.3865340 0.9183167
vn 0.1759403 0.8423141 0.5094622
vn 0.2068602 0.9737545 -0.0949270
vn 0.2287762 0.9688509 -0.0948124
vn 0.1759403 0.8423141 0.5094622
vn 0.2287762 0.9688509 -0.0948124
vn 0.1942719 0.8382202 0.5095539
vn 0.2068602 0.9737545 -0.0949270
vn 0.1584538 0.7317631 -0.6628840
vn 0.1755492 0.7279356 -0.6627913
vn 0.2068602 0.9737545 -0.0949270
vn 0.1755492 0.7279356 -0.6627913
vn 0.2287762 0.9688509 -0.0948124
vn 0.1584538 0.7317631 -0.6628840
vn 0.0493885 0.2096684 -0.9765244
vn 0.0551214 0.2083758 -0.9764943
vn 0.1584538 0.7317631 -0.6628840
vn 0.0551214 0.2083758 -0.9764943
vn 0.1755492 0.7279356 -0.6627913
vn 0.0493885 0.2096684 -0.9765244
vn -0.0784295 -0.3919570 -0.9166344
vn -0.0862369 -0.3902163 -0.9166757
vn 0.0493885 0.2096684 -0.9765244
vn -0.0862369 -0.3902163 -0.9166757
vn 0.0551214 0.2083758 -0.9764943
vn -0.0784295 -0.3919570 -0.9166344
vn -0.1762094 -0.8435175 -0.5073741
vn -0.1945676 -0.8394137 -0.5074722
vn -0.0784295 -0.3919570 -0.9166344
vn -0.1945676 -0.8394137 -0.5074722
vn -0.0862369 -0.3902163 -0.9166757
vn -0.1762094 -0.8435175 -0.5073741
vn -0.2068661 -0.9737729 0.0947251
vn -0.2287803 -0.9688702 0.0946055
vn -0.1762094 -0.8435175 -0.5073741
vn -0.2287803 -0.9688702 0.0946055
vn -0.1945676 -0.8394137 -0.5074722
vn -0.2287803 -0.9688702 0.0946055
vn -0.1759559 -0.7297174 0.6607208
vn -0.1929949 -0.7254913 0.6606174
vn -0.2287803 -0.9688702 0.0946055
vn -0.1929949 -0.7254913 0.6606174
vn -0.2505735 -0.9634766 0.0944762
vn -0.1759559 -0.7297174 0.6607208
vn -0.0560690 -0.2124268 0.9755670
vn -0.0618588 -0.2109819 0.9755307
vn -0.1759559 -0.7297174 0.6607208
vn -0.0618588 -0.2109819 0.9755307
vn -0.1929949 -0.7254913 0.6606174
vn -0.0560690 -0.2124268 0.9755670
vn 0.0853578 0.3865340 0.9183167
vn 0.0930389 0.3846405 0.9183656
vn -0.0560690 -0.2124268 0.9755670
vn 0.0930389 0.3846405 0.9183656
vn -0.0618588 -0.2109819 0.9755307
vn 0.0853578 0.3865340 0.9183167
vn 0.1942719 0.8382202 0.5095539
vn 0.2124985 0.8337156 0.5096691
vn 0.0853578 0.3865340 0.9183167
vn 0.2124985 0.8337156 0.5096691
vn 0.0930389 0.3846405 0.9183656
vn 0.1942719 0.8382202 0.5095539
vn 0.2287762 0.9688509 -0.0948124
vn 0.2505670 0.9634579 -0.0946833
vn 0.1942719 0.8382202 0.5095539
vn 0.2505670 0.9634579 -0.0946833
vn 0.2124985 0.8337156 0.5096691
vn 0.2287762 0.9688509 -0.0948124
vn 0.1755492 0.7279356 -0.6627913
vn 0.1925477 0.7237236 -0.6626835
vn 0.2287762 0.9688509 -0.0948124
vn 0.1925477 0.7237236 -0.6626835
vn 0.2505670 0.9634579 -0.0946833
vn 0.1755492 0.7279356 -0.6627913
vn 0.0551214 0.2083758 -0.9764943
vn 0.0608218 0.2069614 -0.9764567
vn 0.1755492 0.7279356 -0.6627913
vn 0.0608218 0.2069614 -0.9764567
vn 0.1925477 0.7237236 -0.6626835
vn 0.0551214 0.2083758 -0.9764943
vn -0.0862369 -0.3902163 -0.9166757
vn -0.0939997 -0.3883103 -0.9167220
vn 0.0551214 0.2083758 -0.9764943
vn -0.0939997 -0.3883103 -0.9167220
vn 0.0608218 0.2069614 -0.9764567
vn -0.0862369 -0.3902163 -0.9166757
vn -0.1945676 -0.8394137 -0.5074722
vn -0.2128211 -0.8349078 -0.5075787
vn -0.0862369 -0.3902163 -0.9166757
vn -0.2128211 -0.8349078 -0.5075787
vn -0.0939997 -0.3883103 -0.9167220
vn -0.1945676 -0.8394137 -0.5074722
vn -0.2287803 -0.9688702 0.0946055
vn -0.2505735 -0.9634766 0.0944762
vn -0.1945676 -0.8394137 -0.5074722
vn -0.2505735 -0.9634766 0.0944762
vn -0.2128211 -0.8349078 -0.5075787
vn -0.2505735 -0.9634766 0.0944762
vn -0.1929949 -0.7254913 0.6606174
vn -0.2411532 -0.7197316 0.6510235
vn -0.2505735 -0.9634766 0.0944762
vn -0.2411532 -0.7197316 0.6510235
vn -0.3135668 -0.9449255 0.0937636
vn -0.1929949 -0.7254913 0.6606174
vn -0.0618588 -0.2109819 0.9755307
vn -0.0783056 -0.2132526 0.9738539
vn -0.1929949 -0.7254913 0.6606174
vn -0.0783056 -0.2132526 0.9738539
vn -0.2411532 -0.7197316 0.6510235
vn -0.0618588 -0.2109819 0.9755307
vn 0.0930389 0.3846405 0.9183656
vn 0.0808335 0.4067822 0.9099419
vn -0.0618588 -0.2109819 0.9755307
vn 0.0808335 0.4067822 0.9099419
vn -0.0783056 -0.2132526 0.9738539
vn 0.0930389 0.3846405 0.9183656
vn 0.2124985 0.8337156 0.5096691
vn 0.1305519 0.8676406 0.4797458
vn 0.0930389 0.3846405 0.9183656
vn 0.1305519 0.8676406 0.4797458
vn 0.0808335 0.4067822 0.9099419
vn 0.2124985 0.8337156 0.5096691
vn 0.2505670 0.9634579 -0.0946833
vn 0.1275827 0.9876488 -0.0909524
vn 0.2124985 0.8337156 0.5096691
vn 0.1275827 0.9876488 -0.0909524
vn 0.1305519 0.8676406 0.4797458
vn 0.2505670 0.9634579 -0.0946833
vn 0.1925477 0.7237236 -0.6626835
vn 0.1233682 0.7617158 -0.6360576
vn 0.2505670 0.9634579 -0.0946833
vn 0.1233682 0.7617158 -0.6360576
vn 0.1275827 0.9876488 -0.0909524
vn 0.1925477 0.7237236 -0.6626835
vn 0.0608218 0.2069614 -0.9764567
vn 0.0525439 0.2231100 -0.9733761
vn 0.1925477 0.7237236 -0.6626835
vn 0.0525439 0.2231100 -0.9733761
vn 0.1233682 0.7617158 -0.6360576
vn 0.0608218 0.2069614 -0.9764567
vn -0.0939997 -0.3883103 -0.9167220
vn -0.1157662 -0.3928296 -0.9122955
vn 0.0608218 0.2069614 -0.9764567
vn -0.1157662 -0.3928296 -0.9122955
vn 0.0525439 0.2231100 -0.9733761
vn -0.0939997 -0.3883103 -0.9167220
vn -0.2128211 -0.8349078 -0.5075787
vn -0.2651025 -0.8265050 -0.4965985
vn -0.0939997 -0.3883103 -0.9167220
vn -0.2651025 -0.8265050 -0.4965985
vn -0.1157662 -0.3928296 -0.9122955
vn -0.2128211 -0.8349078 -0.5075787
vn -0.2505735 -0.9634766 0.0944762
vn -0.3135668 -0.9449255 0.0937636
vn -0.2128211 -0.8349078 -0.5075787
vn -0.3135668 -0.9449255 0.0937636
vn -0.2651025 -0.8265050 -0.4965985
vn -0.3135668 -0.9449255 0.0937636
vn -0.2411532 -0.7197316 0.6510235
vn -0.6120509 -0.5298328 0.5870869
vn -0.3135668 -0.9449255 0.0937636
vn -0.6120509 -0.5298328 0.5870869
vn -0.7319123 -0.6767431 0.0795176
vn -0.2411532 -0.7197316 0.6510235
vn -0.0783056 -0.2132526 0.9738539
vn -0.2696931 -0.1943685 0.9431260
vn -0.2411532 -0.7197316 0.6510235
vn -0.2696931 -0.1943685 0.9431260
vn -0.6120509 -0.5298328 0.5870869
vn -0.0783056 -0.2132526 0.9738539
vn 0.0808335 0.4067822 0.9099419
vn 0.2047141 0.2464817 0.9472797
vn -0.0783056 -0.2132526 0.9738539
vn 0.2047141 0.2464817 0.9472797
vn -0.2696931 -0.1943685 0.9431260
vn 0.0808335 0.4067822 0.9099419
vn 0.1305519 0.8676406 0.4797458
vn 0.5110114 0.6596241 0.5511473
vn 0.0808335 0.4067822 0.9099419
vn 0.5110114 0.6596241 0.5511473
vn 0.2047141 0.2464817 0.9472797
vn 0.1305519 0.8676406 0.4797458
vn 0.1275827 0.9876488 -0.0909524
vn 0.5682452 0.8166986 -0.1005029
vn 0.1305519 0.8676406 0.4797458
vn 0.5682452 0.8166986 -0.1005029
vn 0.5110114 0.6596241 0.5511473
vn 0.1275827 0.9876488 -0.0909524
vn 0.1233682 0.7617158 -0.6360576
vn 0.4700325 0.5334316 -0.7032213
vn 0.1275827 0.9876488 -0.0909524
vn 0.4700325 0.5334316 -0.7032213
vn 0.5682452 0.8166986 -0.1005029
vn 0.1233682 0.7617158 -0.6360576
vn 0.0525439 0.2231100 -0.9733761
vn 0.1030553 0.0723722 -0.9920393
vn 0.1233682 0.7617158 -0.6360576
vn 0.1030553 0.0723722 -0.9920393
vn 0.4700325 0.5334316 -0.7032213
vn 0.0525439 0.2231100 -0.9733761
vn -0.1157662 -0.3928296 -0.9122955
vn -0.3600068 -0.3474789 -0.8658253
vn 0.0525439 0.2231100 -0.9733761
vn -0.3600068 -0.3474789 -0.8658253
vn 0.1030553 0.0723722 -0.9920393
vn -0.1157662 -0.3928296 -0.9122955
vn -0.2651025 -0.8265050 -0.4965985
vn -0.6529853 -0.6136115 -0.4439494
vn -0.1157662 -0.3928296 -0.9122955
vn -0.6529853 -0.6136115 -0.4439494
vn -0.3600068 -0.3474789 -0.8658253
vn -0.2651025 -0.8265050 -0.4965985
vn -0.3135668 -0.9449255 0.0937636
vn -0.7319123 -0.6767431 0.0795176
vn -0.2651025 -0.8265050 -0.4965985
vn -0.7319123 -0.6767431 0.0795176
vn -0.6529853 -0.6136115 -0.4439494
vn -0.7319123 -0.6767431 0.0795176
vn -0.6120509 -0.5298328 0.5870869
vn -0.0741690 -0.4004507 0.9133117
vn -0.7319123 -0.6767431 0.0795176
vn -0.0741690 -0.4004507 0.9133117
vn -0.0281931 -0.9603681 0.2773055
vn -0.6120509 -0.5298328 0.5870869
vn -0.2696931 -0.1943685 0.9431260
vn -0.0363523 0.0419327 0.9984589
vn -0.6120509 -0.5298328 0.5870869
vn -0.0363523 0.0419327 0.9984589
vn -0.0741690 -0.4004507 0.9133117
vn -0.2696931 -0.1943685 0.9431260
vn 0.2047141 0.2464817 0.9472797
vn 0.1006628 0.4636180 0.8802985
vn -0.2696931 -0.1943685 0.9431260
vn 0.1006628 0.4636180 0.8802985
vn -0.0363523 0.0419327 0.9984589
vn 0.2047141 0.2464817 0.9472797
vn 0.5110114 0.6596241 0.5511473
vn 0.2052944 0.8406951 0.5010847
vn 0.2047141 0.2464817 0.9472797
vn 0.2052944 0.8406951 0.5010847
vn 0.1006628 0.4636180 0.8802985
vn 0.5110114 0.6596241 0.5511473
vn 0.5682452 0.8166986 -0.1005029
vn 0.2586524 0.9518864 -0.1643509
vn 0.5110114 0.6596241 0.5511473
vn 0.2586524 0.9518864 -0.1643509
vn 0.2052944 0.8406951 0.5010847
vn 0.5682452 0.8166986 -0.1005029
vn 0.4700325 0.5334316 -0.7032213
vn 0.2177811 0.6568964 -0.7218438
vn 0.5682452 0.8166986 -0.1005029
vn 0.2177811 0.6568964 -0.7218438
vn 0.2586524 0.9518864 -0.1643509
vn 0.4700325 0.5334316 -0.7032213
vn 0.1030553 0.0723722 -0.9920393
vn 0.1284740 0.2366196 -0.9630709
vn 0.4700325 0.5334316 -0.7032213
vn 0.1284740 0.2366196 -0.9630709
vn 0.2177811 0.6568964 -0.7218438
vn 0.1030553 0.0723722 -0.9920393
vn -0.3600068 -0.3474789 -0.8658253
vn 0.0181202 -0.1833694 -0.9828770
vn 0.1030553 0.0723722 -0.9920393
vn 0.0181202 -0.1833694 -0.9828770
vn 0.1284740 0.2366196 -0.9630709
vn -0.3600068 -0.3474789 -0.8658253
vn -0.6529853 -0.6136115 -0.4439494
vn 0.0040413 -0.6471750 -0.7623309
vn -0.3600068 -0.3474789 -0.8658253
vn 0.0040413 -0.6471750 -0.7623309
vn 0.0181202 -0.1833694 -0.9828770
vn -0.6529853 -0.6136115 -0.4439494
vn -0.7319123 -0.6767431 0.0795176
vn -0.0281931 -0.9603681 0.2773055
vn -0.6529853 -0.6136115 -0.4439494
vn -0.0281931 -0.9603681 0.2773055
vn 0.0040413 -0.6471750 -0.7623309
vn -0.0281931 -0.9603681 0.2773055
vn -0.0741690 -0.4004507 0.9133117
vn 0.6244595 -0.4122858 0.6633783
vn -0.0281931 -0.9603681 0.2773055
vn 0.6244595 -0.4122858 0.6633783
vn 0.8249335 -0.5384302 0.1719821
vn -0.0741690 -0.4004507 0.9133117
vn -0.0363523 0.0419327 0.9984589
vn 0.1489835 -0.0744448 0.9860334
vn -0.0741690 -0.4004507 0.9133117
vn 0.1489835 -0.0744448 0.9860334
vn 0.6244595 -0.4122858 0.6633783
vn -0.0363523 0.0419327 0.9984589
vn 0.1006628 0.4636180 0.8802985
vn -0.3630127 0.3787665 0.8513271
vn -0.0363523 0.0419327 0.9984589
vn -0.3630127 0.3787665 0.8513271
vn 0.1489835 -0.0744448 0.9860334
vn 0.1006628 0.4636180 0.8802985
vn 0.2052944 0.8406951 0.5010847
vn -0.6431792 0.6646021 0.3802952
vn 0.1006628 0.4636180 0.8802985
vn -0.6431792 0.6646021 0.3802952
vn -0.3630127 0.3787665 0.8513271
vn 0.2052944 0.8406951 0.5010847
vn 0.2586524 0.9518864 -0.1643509
vn -0.6875167 0.7025803 -0.1835800
vn 0.2052944 0.8406951 0.5010847
vn -0.6875167 0.7025803 -0.1835800
vn -0.6431792 0.6646021 0.3802952
vn 0.2586524 0.9518864 -0.1643509
vn 0.2177811 0.6568964 -0.7218438
vn -0.5139837 0.4997613 -0.6971795
vn 0.2586524 0.9518864 -0.1643509
vn -0.5139837 0.4997613 -0.6971795
vn -0.6875167 0.7025803 -0.1835800
vn 0.2177811 0.6568964 -0.7218438
vn 0.1284740 0.2366196 -0.9630709
vn -0.1049619 0.0841514 -0.9909095
vn 0.2177811 0.6568964 -0.7218438
vn -0.1049619 0.0841514 -0.9909095
vn -0.5139837 0.4997613 -0.6971795
vn 0.1284740 0.2366196 -0.9630709
vn 0.0181202 -0.1833694 -0.9828770
vn 0.4355315 -0.3445408 -0.8316272
vn 0.1284740 0.2366196 -0.9630709
vn 0.4355315 -0.3445408 -0.8316272
vn -0.1049619 0.0841514 -0.9909095
vn 0.0181202 -0.1833694 -0.9828770
vn 0.0040413 -0.6471750 -0.7623309
vn 0.7734339 -0.5322714 -0.3442194
vn 0.0181202 -0.1833694 -0.9828770
vn 0.7734339 -0.5322714 -0.3442194
vn 0.4355315 -0.3445408 -0.8316272
vn 0.0040413 -0.6471750 -0.7623309
vn -0.0281931 -0.9603681 0.2773055
vn 0.8249335 -0.5384302 0.1719821
vn 0.0040413 -0.6471750 -0.7623309
vn 0.8249335 -0.5384302 0.1719821
vn 0.7734339 -0.5322714 -0.3442194
vn 0.8249335 -0.5384302 0.1719821
vn 0.6244595 -0.4122858 0.6633783
vn 0.4869000 -0.4604518 0.7422348
vn 0.8249335 -0.5384302 0.1719821
vn 0.4869000 -0.4604518 0.7422348
vn 0.6992647 -0.6834726 0.2095090
vn 0.6244595 -0.4122858 0.6633783
vn 0.1489835 -0.0744448 0.9860334
vn 0.0891819 -0.0621044 0.9940773
vn 0.6244595 -0.4122858 0.6633783
vn 0.0891819 -0.0621044 0.9940773
vn 0.4869000 -0.4604518 0.7422348
vn 0.1489835 -0.0744448 0.9860334
vn -0.3630127 0.3787665 0.8513271
vn -0.3436839 0.3610501 0.8669049
vn 0.1489835 -0.0744448 0.9860334
vn -0.3436839 0.3610501 0.8669049
vn 0.0891819 -0.0621044 0.9940773
vn -0.3630127 0.3787665 0.8513271
vn -0.6431792 0.6646021 0.3802952
vn -0.6455956 0.6465511 0.4064208
vn -0.3630127 0.3787665 0.8513271
vn -0.6455956 0.6465511 0.4064208
vn -0.3436839 0.3610501 0.8669049
vn -0.6431792 0.6646021 0.3802952
vn -0.6875167 0.7025803 -0.1835800
vn -0.6990205 0.6831712 -0.2112994
vn -0.6431792 0.6646021 0.3802952
vn -0.6990205 0.6831712 -0.2112994
vn -0.6455956 0.6465511 0.4064208
vn -0.6875167 0.7025803 -0.1835800
vn -0.5139837 0.4997613 -0.6971795
vn -0.4829687 0.4564388 -0.7472649
vn -0.6875167 0.7025803 -0.1835800
vn -0.4829687 0.4564388 -0.7472649
vn -0.6990205 0.6831712 -0.2112994
vn -0.5139837 0.4997613 -0.6971795
vn -0.1049619 0.0841514 -0.9909095
vn -0.0818487 0.0548521 -0.9951342
vn -0.5139837 0.4997613 -0.6971795
vn -0.0818487 0.0548521 -0.9951342
vn -0.4829687 0.4564388 -0.7472649
vn -0.1049619 0.0841514 -0.9909095
vn 0.4355315 -0.3445408 -0.8316272
vn 0.3494335 -0.3665922 -0.8622681
vn -0.1049619 0.0841514 -0.9909095
vn 0.3494335 -0.3665922 -0.8622681
vn -0.0818487 0.0548521 -0.9951342
vn 0.4355315 -0.3445408 -0.8316272
vn 0.7734339 -0.5322714 -0.3442194
vn 0.6469652 -0.6477975 -0.4022368
vn 0.4355315 -0.3445408 -0.8316272
vn 0.6469652 -0.6477975 -0.4022368
vn 0.3494335 -0.3665922 -0.8622681
vn 0.7734339 -0.5322714 -0.3442194
vn 0.8249335 -0.5384302 0.1719821
vn 0.6992647 -0.6834726 0.2095090
vn 0.7734339 -0.5322714 -0.3442194
vn 0.6992647 -0.6834726 0.2095090
vn 0.6469652 -0.6477975 -0.4022368
vn 0.6992647 -0.6834726 0.2095090
vn 0.4869000 -0.4604518 0.7422348
vn 0.4599614 -0.4861551 0.7430268
vn 0.6992647 -0.6834726 0.2095090
vn 0.4599614 -0.4861551 0.7430268
vn 0.6612880 -0.7199434 0.2106650
vn 0.4869000 -0.4604518 0.7422348
vn 0.0891819 -0.0621044 0.9940773
vn 0.0835356 -0.0672599 0.9942324
vn 0.4869000 -0.4604518 0.7422348
vn 0.0835356 -0.0672599 0.9942324
vn 0.4599614 -0.4861551 0.7430268
vn 0.0891819 -0.0621044 0.9940773
vn -0.3436839 0.3610501 0.8669049
vn -0.3258289 0.3784752 0.8663671
vn 0.0891819 -0.0621044 0.9940773
vn -0.3258289 0.3784752 0.8663671
vn 0.0835356 -0.0672599 0.9942324
vn -0.3436839 0.3610501 0.8669049
vn -0.6455956 0.6465511 0.4064208
vn -0.6110433 0.6799267 0.4053712
vn -0.3436839 0.3610501 0.8669049
vn -0.6110433 0.6799267 0.4053712
vn -0.3258289 0.3784752 0.8663671
vn -0.6455956 0.6465511 0.4064208
vn -0.6990205 0.6831712 -0.2112994
vn -0.6610497 0.7196316 -0.2124707
vn -0.6455956 0.6465511 0.4064208
vn -0.6610497 0.7196316 -0.2124707
vn -0.6110433 0.6799267 0.4053712
vn -0.6990205 0.6831712 -0.2112994
vn -0.4829687 0.4564388 -0.7472649
vn -0.4562018 0.4819077 -0.7480941
vn -0.6990205 0.6831712 -0.2112994
vn -0.4562018 0.4819077 -0.7480941
vn -0.6610497 0.7196316 -0.2124707
vn -0.4829687 0.4564388 -0.7472649
vn -0.0818487 0.0548521 -0.9951342
vn -0.0765387 0.0595616 -0.9952860
vn -0.4829687 0.4564388 -0.7472649
vn -0.0765387 0.0595616 -0.9952860
vn -0.4562018 0.4819077 -0.7480941
vn -0.0818487 0.0548521 -0.9951342
vn 0.3494335 -0.3665922 -0.8622681
vn 0.3313073 -0.3843695 -0.8616818
vn -0.0818487 0.0548521 -0.9951342
vn 0.3313073 -0.3843695 -0.8616818
vn -0.0765387 0.0595616 -0.9952860
vn 0.3494335 -0.3665922 -0.8622681
vn 0.6469652 -0.6477975 -0.4022368
vn 0.6123463 -0.6812569 -0.4011495
vn 0.3494335 -0.3665922 -0.8622681
vn 0.6123463 -0.6812569 -0.4011495
vn 0.3313073 -0.3843695 -0.8616818
vn 0.6469652 -0.6477975 -0.4022368
vn 0.6992647 -0.6834726 0.2095090
vn 0.6612880 -0.7199434 0.2106650
vn 0.6469652 -0.6477975 -0.4022368
vn 0.6612880 -0.7199434 0.2106650
vn 0.6123463 -0.6812569 -0.4011495
vn 0.6612880 -0.7199434 0.2106650
vn 0.4599614 -0.4861551 0.7430268
vn 0.4315120 -0.5104994 0.7437660
vn 0.6612880 -0.7199434 0.2106650
vn 0.4315120 -0.5104994 0.7437660
vn 0.6211809 -0.7545241 0.2117255
vn 0.4599614 -0.4861551 0.7430268
vn 0.0835356 -0.0672599 0.9942324
vn 0.0775753 -0.0721031 0.9943758
vn 0.4599614 -0.4861551 0.7430268
vn 0.0775753 -0.0721031 0.9943758
vn 0.4315120 -0.5104994 0.7437660
vn 0.0835356 -0.0672599 0.9942324
vn -0.3258289 0.3784752 0.8663671
vn -0.3069635 0.3950419 0.8658611
vn 0.0835356 -0.0672599 0.9942324
vn -0.3069635 0.3950419 0.8658611
vn 0.0775753 -0.0721031 0.9943758
vn -0.3258289 0.3784752 0.8663671
vn -0.6110433 0.6799267 0.4053712
vn -0.5745405 0.7115918 0.4044011
vn -0.3258289 0.3784752 0.8663671
vn -0.5745405 0.7115918 0.4044011
vn -0.3069635 0.3950419 0.8658611
vn -0.6110433 0.6799267 0.4053712
vn -0.6610497 0.7196316 -0.2124707
vn -0.6209525 0.7542015 -0.2135372
vn -0.6110433 0.6799267 0.4053712
vn -0.6209525 0.7542015 -0.2135372
vn -0.5745405 0.7115918 0.4044011
vn -0.6610497 0.7196316 -0.2124707
vn -0.4562018 0.4819077 -0.7480941
vn -0.4279628 0.5060457 -0.7488428
vn -0.6610497 0.7196316 -0.2124707
vn -0.4279628 0.5060457 -0.7488428
vn -0.6209525 0.7542015 -0.2135372
vn -0.4562018 0.4819077 -0.7480941
vn -0.0765387 0.0595616 -0.9952860
vn -0.0709803 0.0640143 -0.9954215
vn -0.4562018 0.4819077 -0.7480941
vn -0.0709803 0.0640143 -0.9954215
vn -0.4279628 0.5060457 -0.7488428
vn -0.0765387 0.0595616 -0.9952860
vn 0.3313073 -0.3843695 -0.8616818
vn 0.3121228 -0.4012415 -0.8611531
vn -0.0765387 0.0595616 -0.9952860
vn 0.3121228 -0.4012415 -0.8611531
vn -0.0709803 0.0640143 -0.9954215
vn 0.3313073 -0.3843695 -0.8616818
vn 0.6123463 -0.6812569 -0.4011495
vn 0.5757644 -0.7129949 -0.4001670
vn 0.3313073 -0.3843695 -0.8616818
vn 0.5757644 -0.7129949 -0.4001670
vn 0.3121228 -0.4012415 -0.8611531
vn 0.6123463 -0.6812569 -0.4011495
vn 0.6612880 -0.7199434 0.2106650
vn 0.6211809 -0.7545241 0.2117255
vn 0.6123463 -0.6812569 -0.4011495
vn 0.6211809 -0.7545241 0.2117255
vn 0.5757644 -0.7129949 -0.4001670
vn 0.6211809 -0.7545241 0.2117255
vn 0.4315120 -0.5104994 0.7437660
vn 0.4017906 -0.5332614 0.7444439
vn 0.6211809 -0.7545241 0.2117255
vn 0.4017906 -0.5332614 0.7444439
vn 0.5792742 -0.7868983 0.2126794
vn 0.4315120 -0.5104994 0.7437660
vn 0.0775753 -0.0721031 0.9943758
vn 0.0713562 -0.0765865 0.9945063
vn 0.4315120 -0.5104994 0.7437660
vn 0.0713562 -0.0765865 0.9945063
vn 0.4017906 -0.5332614 0.7444439
vn 0.0775753 -0.0721031 0.9943758
vn -0.3069635 0.3950419 0.8658611
vn -0.2872440 0.4105994 0.8653895
vn 0.0775753 -0.0721031 0.9943758
vn -0.2872440 0.4105994 0.8653895
vn 0.0713562 -0.0765865 0.9945063
vn -0.3069635 0.3950419 0.8658611
vn -0.5745405 0.7115918 0.4044011
vn -0.5363867 0.7412582 0.4035165
vn -0.3069635 0.3950419 0.8658611
vn -0.5363867 0.7412582 0.4035165
vn -0.2872440 0.4105994 0.8653895
vn -0.5745405 0.7115918 0.4044011
vn -0.6209525 0.7542015 -0.2135372
vn -0.5790539 0.7865689 -0.2144899
vn -0.5745405 0.7115918 0.4044011
vn -0.5790539 0.7865689 -0.2144899
vn -0.5363867 0.7412582 0.4035165
vn -0.6209525 0.7542015 -0.2135372
vn -0.4279628 0.5060457 -0.7488428
vn -0.3984818 0.5286391 -0.7495019
vn -0.6209525 0.7542015 -0.2135372
vn -0.3984818 0.5286391 -0.7495019
vn -0.5790539 0.7865689 -0.2144899
vn -0.4279628 0.5060457 -0.7488428
vn -0.0709803 0.0640143 -0.9954215
vn -0.0652194 0.0681807 -0.9955389
vn -0.4279628 0.5060457 -0.7488428
vn -0.0652194 0.0681807 -0.9955389
vn -0.3984818 0.5286391 -0.7495019
vn -0.0709803 0.0640143 -0.9954215
vn 0.3121228 -0.4012415 -0.8611531
vn 0.2920386 -0.4170495 -0.8606876
vn -0.0709803 0.0640143 -0.9954215
vn 0.2920386 -0.4170495 -0.8606876
vn -0.0652194 0.0681807 -0.9955389
vn 0.3121228 -0.4012415 -0.8611531
vn 0.5757644 -0.7129949 -0.4001670
vn 0.5375232 -0.7427189 -0.3992960
vn 0.3121228 -0.4012415 -0.8611531
vn 0.5375232 -0.7427189 -0.3992960
vn 0.2920386 -0.4170495 -0.8606876
vn 0.5757644 -0.7129949 -0.4001670
vn 0.6211809 -0.7545241 0.2117255
vn 0.5792742 -0.7868983 0.2126794
vn 0.5757644 -0.7129949 -0.4001670
vn 0.5792742 -0.7868983 0.2126794
vn 0.5375232 -0.7427189 -0.3992960
vn 0.5792742 -0.7868983 0.2126794
vn 0.4017906 -0.5332614 0.7444439
vn 0.3697907 -0.5565660 0.7439685
vn 0.5792742 -0.7868983 0.2126794
vn 0.3697907 -0.5565660 0.7439685
vn 0.5325108 -0.8189984 0.2137144
vn 0.4017906 -0.5332614 0.7444439
vn 0.0713562 -0.0765865 0.9945063
vn 0.0643011 -0.0806909 0.9946629
vn 0.4017906 -0.5332614 0.7444439
vn 0.0643011 -0.0806909 0.9946629
vn 0.3697907 -0.5565660 0.7439685
vn 0.0713562 -0.0765865 0.9945063
vn -0.2872440 0.4105994 0.8653895
vn -0.2697780 0.4268850 0.8631274
vn 0.0713562 -0.0765865 0.9945063
vn -0.2697780 0.4268850 0.8631274
vn 0.0643011 -0.0806909 0.9946629
vn -0.2872440 0.4105994 0.8653895
vn -0.5363867 0.7412582 0.4035165
vn -0.5012065 0.7675903 0.3994961
vn -0.2872440 0.4105994 0.8653895
vn -0.5012065 0.7675903 0.3994961
vn -0.2697780 0.4268850 0.8631274
vn -0.5363867 0.7412582 0.4035165
vn -0.5790539 0.7865689 -0.2144899
vn -0.5398628 0.8137834 -0.2151854
vn -0.5363867 0.7412582 0.4035165
vn -0.5398628 0.8137834 -0.2151854
vn -0.5012065 0.7675903 0.3994961
vn -0.5790539 0.7865689 -0.2144899
vn -0.3984818 0.5286391 -0.7495019
vn -0.3710701 0.5493965 -0.7486457
vn -0.5790539 0.7865689 -0.2144899
vn -0.3710701 0.5493965 -0.7486457
vn -0.5398628 0.8137834 -0.2151854
vn -0.3984818 0.5286391 -0.7495019
vn -0.0652194 0.0681807 -0.9955389
vn -0.0596550 0.0714876 -0.9956560
vn -0.3984818 0.5286391 -0.7495019
vn -0.0596550 0.0714876 -0.9956560
vn -0.3710701 0.5493965 -0.7486457
vn -0.0652194 0.0681807 -0.9955389
vn 0.2920386 -0.4170495 -0.8606876
vn 0.2716721 -0.4348955 -0.8585221
vn -0.0652194 0.0681807 -0.9955389
vn 0.2716721 -0.4348955 -0.8585221
vn -0.0596550 0.0714876 -0.9956560
vn 0.2920386 -0.4170495 -0.8606876
vn 0.5375232 -0.7427189 -0.3992960
vn 0.4957096 -0.7731785 -0.3955589
vn 0.2920386 -0.4170495 -0.8606876
vn 0.4957096 -0.7731785 -0.3955589
vn 0.2716721 -0.4348955 -0.8585221
vn 0.5375232 -0.7427189 -0.3992960
vn 0.5792742 -0.7868983 0.2126794
vn 0.5325108 -0.8189984 0.2137144
vn 0.5375232 -0.7427189 -0.3992960
vn 0.5325108 -0.8189984 0.2137144
vn 0.4957096 -0.7731785 -0.3955589
vn 0.5325108 -0.8189984 0.2137144
vn 0.3697907 -0.5565660 0.7439685
vn 0.2211997 -0.6685953 0.7099655
vn 0.5325108 -0.8189984 0.2137144
vn 0.2211997 -0.6685953 0.7099655
vn 0.3104190 -0.9281965 0.2051615
vn 0.3697907 -0.5565660 0.7439685
vn 0.0643011 -0.0806909 0.9946629
vn 0.0422324 -0.1139045 0.9925937
vn 0.3697907 -0.5565660 0.7439685
vn 0.0422324 -0.1139045 0.9925937
vn 0.2211997 -0.6685953 0.7099655
vn 0.0643011 -0.0806909 0.9946629
vn -0.2697780 0.4268850 0.8631274
vn -0.1622198 0.5104277 0.8444811
vn 0.0643011 -0.0806909 0.9946629
vn -0.1622198 0.5104277 0.8444811
vn 0.0422324 -0.1139045 0.9925937
vn -0.2697780 0.4268850 0.8631274
vn -0.5012065 0.7675903 0.3994961
vn -0.3011422 0.8806406 0.3657672
vn -0.2697780 0.4268850 0.8631274
vn -0.3011422 0.8806406 0.3657672
vn -0.1622198 0.5104277 0.8444811
vn -0.5012065 0.7675903 0.3994961
vn -0.5398628 0.8137834 -0.2151854
vn -0.3209971 0.9212649 -0.2196178
vn -0.5012065 0.7675903 0.3994961
vn -0.3209971 0.9212649 -0.2196178
vn -0.3011422 0.8806406 0.3657672
vn -0.5398628 0.8137834 -0.2151854
vn -0.3710701 0.5493965 -0.7486457
vn -0.2118685 0.6211083 -0.7545437
vn -0.5398628 0.8137834 -0.2151854
vn -0.2118685 0.6211083 -0.7545437
vn -0.3209971 0.9212649 -0.2196178
vn -0.3710701 0.5493965 -0.7486457
vn -0.0596550 0.0714876 -0.9956560
vn -0.0143476 0.0189819 -0.9997169
vn -0.3710701 0.5493965 -0.7486457
vn -0.0143476 0.0189819 -0.9997169
vn -0.2118685 0.6211083 -0.7545437
vn -0.0596550 0.0714876 -0.9956560
vn 0.2716721 -0.4348955 -0.8585221
vn 0.1794681 -0.5733180 -0.7994358
vn -0.0596550 0.0714876 -0.9956560
vn 0.1794681 -0.5733180 -0.7994358
vn -0.0143476 0.0189819 -0.9997169
vn 0.2716721 -0.4348955 -0.8585221
vn 0.4957096 -0.7731785 -0.3955589
vn 0.2953372 -0.8952951 -0.3335004
vn 0.2716721 -0.4348955 -0.8585221
vn 0.2953372 -0.8952951 -0.3335004
vn 0.1794681 -0.5733180 -0.7994358
vn 0.4957096 -0.7731785 -0.3955589
vn 0.5325108 -0.8189984 0.2137144
vn 0.3104190 -0.9281965 0.2051615
vn 0.4957096 -0.7731785 -0.3955589
vn 0.3104190 -0.9281965 0.2051615
vn 0.2953372 -0.8952951 -0.3335004
vn 0.3104190 -0.9281965 0.2051615
vn 0.2211997 -0.6685953 0.7099655
vn -0.3842869 -0.2110557 0.8987653
vn 0.3104190 -0.9281965 0.2051615
vn -0.3842869 -0.2110557 0.8987653
vn -0.7110003 -0.7026306 0.0280840
vn 0.2211997 -0.6685953 0.7099655
vn 0.0422324 -0.1139045 0.9925937
vn -0.1568934 0.0712665 0.9850408
vn 0.2211997 -0.6685953 0.7099655
vn -0.1568934 0.0712665 0.9850408
vn -0.3842869 -0.2110557 0.8987653
vn 0.0422324 -0.1139045 0.9925937
vn -0.1622198 0.5104277 0.8444811
vn -0.5446048 0.3189521 0.7756771
vn 0.0422324 -0.1139045 0.9925937
vn -0.5446048 0.3189521 0.7756771
vn -0.1568934 0.0712665 0.9850408
vn -0.1622198 0.5104277 0.8444811
vn -0.3011422 0.8806406 0.3657672
vn -0.8136224 0.5102281 0.2787221
vn -0.1622198 0.5104277 0.8444811
vn -0.8136224 0.5102281 0.2787221
vn -0.5446048 0.3189521 0.7756771
vn -0.3011422 0.8806406 0.3657672
vn -0.3209971 0.9212649 -0.2196178
vn -0.7666217 0.5301031 -0.3623284
vn -0.3011422 0.8806406 0.3657672
vn -0.7666217 0.5301031 -0.3623284
vn -0.8136224 0.5102281 0.2787221
vn -0.3209971 0.9212649 -0.2196178
vn -0.2118685 0.6211083 -0.7545437
vn -0.4501474 0.3810270 -0.8075802
vn -0.3209971 0.9212649 -0.2196178
vn -0.4501474 0.3810270 -0.8075802
vn -0.7666217 0.5301031 -0.3623284
vn -0.2118685 0.6211083 -0.7545437
vn -0.0143476 0.0189819 -0.9997169
vn -0.1093488 0.1670386 -0.9798678
vn -0.2118685 0.6211083 -0.7545437
vn -0.1093488 0.1670386 -0.9798678
vn -0.4501474 0.3810270 -0.8075802
vn -0.0143476 0.0189819 -0.9997169
vn 0.1794681 -0.5733180 -0.7994358
vn -0.3899239 0.2608173 -0.8831385
vn -0.0143476 0.0189819 -0.9997169
vn -0.3899239 0.2608173 -0.8831385
vn -0.1093488 0.1670386 -0.9798678
vn 0.1794681 -0.5733180 -0.7994358
vn 0.2953372 -0.8952951 -0.3335004
vn -0.6981344 -0.6979934 -0.1594168
vn 0.1794681 -0.5733180 -0.7994358
vn -0.6981344 -0.6979934 -0.1594168
vn -0.3899239 0.2608173 -0.8831385
vn 0.2953372 -0.8952951 -0.3335004
vn 0.3104190 -0.9281965 0.2051615
vn -0.7110003 -0.7026306 0.0280840
vn 0.2953372 -0.8952951 -0.3335004
vn -0.7110003 -0.7026306 0.0280840
vn -0.6981344 -0.6979934 -0.1594168
vn -0.7110003 -0.7026306 0.0280840
vn -0.3842869 -0.2110557 0.8987653
vn 0.0334777 0.4073265 0.9126688
vn -0.7110003 -0.7026306 0.0280840
vn 0.0334777 0.4073265 0.9126688
vn -0.0440146 0.9431810 0.3293512
vn -0.3842869 -0.2110557 0.8987653
vn -0.1568934 0.0712665 0.9850408
vn 0.0334777 0.4073265 0.9126688
vn -0.1568934 0.0712665 0.9850408
vn -0.2489679 -0.1092050 0.9623353
vn 0.0334777 0.4073265 0.9126688
vn -0.1568934 0.0712665 0.9850408
vn -0.5446048 0.3189521 0.7756771
vn -0.7159437 -0.3403755 0.6095647
vn -0.1568934 0.0712665 0.9850408
vn -0.7159437 -0.3403755 0.6095647
vn -0.2489679 -0.1092050 0.9623353
vn -0.5446048 0.3189521 0.7756771
vn -0.8136224 0.5102281 0.2787221
vn -0.9083636 -0.4130073 0.0655773
vn -0.5446048 0.3189521 0.7756771
vn -0.9083636 -0.4130073 0.0655773
vn -0.7159437 -0.3403755 0.6095647
vn -0.8136224 0.5102281 0.2787221
vn -0.7666217 0.5301031 -0.3623284
vn -0.7939082 -0.3534881 -0.4947281
vn -0.8136224 0.5102281 0.2787221
vn -0.7939082 -0.3534881 -0.4947281
vn -0.9083636 -0.4130073 0.0655773
vn -0.7666217 0.5301031 -0.3623284
vn -0.4501474 0.3810270 -0.8075802
vn -0.3855481 -0.1707152 -0.9067574
vn -0.7666217 0.5301031 -0.3623284
vn -0.3855481 -0.1707152 -0.9067574
vn -0.7939082 -0.3534881 -0.4947281
vn -0.4501474 0.3810270 -0.8075802
vn -0.1093488 0.1670386 -0.9798678
vn 0.0491378 0.5561246 -0.8296450
vn -0.4501474 0.3810270 -0.8075802
vn 0.0491378 0.5561246 -0.8296450
vn -0.3855481 -0.1707152 -0.9067574
vn -0.1093488 0.1670386 -0.9798678
vn -0.3899239 0.2608173 -0.8831385
vn 0.0491378 0.5561246 -0.8296450
vn -0.3899239 0.2608173 -0.8831385
vn -0.0019807 0.9372001 -0.3487867
vn 0.0491378 0.5561246 -0.8296450
vn -0.3899239 0.2608173 -0.8831385
vn -0.6981344 -0.6979934 -0.1594168
vn 0.0347851 0.9986126 0.0395348
vn -0.3899239 0.2608173 -0.8831385
vn 0.0347851 0.9986126 0.0395348
vn -0.0019807 0.9372001 -0.3487867
vn -0.6981344 -0.6979934 -0.1594168
vn -0.7110003 -0.7026306 0.0280840
vn -0.0440146 0.9431810 0.3293512
vn -0.6981344 -0.6979934 -0.1594168
vn -0.0440146 0.9431810 0.3293512
vn 0.0347851 0.9986126 0.0395348
vn -0.0440146 0.9431810 0.3293512
vn 0.0334777 0.4073265 0.9126688
vn 0.2905077 0.1826223 0.9392840
vn -0.0440146 0.9431810 0.3293512
vn 0.2905077 0.1826223 0.9392840
vn 0.6965337 0.4502394 0.5586818
vn 0.0334777 0.4073265 0.9126688
vn -0.2489679 -0.1092050 0.9623353
vn -0.2267145 -0.1548981 0.9615650
vn 0.0334777 0.4073265 0.9126688
vn -0.2267145 -0.1548981 0.9615650
vn 0.2905077 0.1826223 0.9392840
vn -0.2489679 -0.1092050 0.9623353
vn -0.7159437 -0.3403755 0.6095647
vn -0.6576160 -0.4334182 0.6161899
vn -0.2489679 -0.1092050 0.9623353
vn -0.6576160 -0.4334182 0.6161899
vn -0.2267145 -0.1548981 0.9615650
vn -0.7159437 -0.3403755 0.6095647
vn -0.9083636 -0.4130073 0.0655773
vn -0.8369709 -0.5461419 0.0347645
vn -0.7159437 -0.3403755 0.6095647
vn -0.8369709 -0.5461419 0.0347645
vn -0.6576160 -0.4334182 0.6161899
vn -0.9083636 -0.4130073 0.0655773
vn -0.7939082 -0.3534881 -0.4947281
vn -0.6958078 -0.4497353 -0.5599906
vn -0.9083636 -0.4130073 0.0655773
vn -0.6958078 -0.4497353 -0.5599906
vn -0.8369709 -0.5461419 0.0347645
vn -0.7939082 -0.3534881 -0.4947281
vn -0.3855481 -0.1707152 -0.9067574
vn -0.2884220 -0.1812546 -0.9401912
vn -0.7939082 -0.3534881 -0.4947281
vn -0.2884220 -0.1812546 -0.9401912
vn -0.6958078 -0.4497353 -0.5599906
vn -0.3855481 -0.1707152 -0.9067574
vn 0.0491378 0.5561246 -0.8296450
vn 0.2289054 0.1563199 -0.9608155
vn -0.3855481 -0.1707152 -0.9067574
vn 0.2289054 0.1563199 -0.9608155
vn -0.2884220 -0.1812546 -0.9401912
vn 0.0491378 0.5561246 -0.8296450
vn -0.0019807 0.9372001 -0.3487867
vn 0.6585146 0.4340062 -0.6148146
vn 0.0491378 0.5561246 -0.8296450
vn 0.6585146 0.4340062 -0.6148146
vn 0.2289054 0.1563199 -0.9608155
vn -0.0019807 0.9372001 -0.3487867
vn 0.0347851 0.9986126 0.0395348
vn 0.8369589 0.5461669 -0.0346620
vn -0.0019807 0.9372001 -0.3487867
vn 0.8369589 0.5461669 -0.0346620
vn 0.6585146 0.4340062 -0.6148146
vn 0.0347851 0.9986126 0.0395348
vn -0.0440146 0.9431810 0.3293512
vn 0.6965337 0.4502394 0.5586818
vn 0.0347851 0.9986126 0.0395348
vn 0.6965337 0.4502394 0.5586818
vn 0.8369589 0.5461669 -0.0346620
vn 0.6965337 0.4502394 0.5586818
vn 0.2905077 0.1826223 0.9392840
vn 0.2931447 0.1784232 0.9392717
vn 0.6965337 0.4502394 0.5586818
vn 0.2931447 0.1784232 0.9392717
vn 0.7029674 0.4401688 0.5586486
vn 0.2905077 0.1826223 0.9392840
vn -0.2267145 -0.1548981 0.9615650
vn -0.2288666 -0.1516164 0.9615781
vn 0.2905077 0.1826223 0.9392840
vn -0.2288666 -0.1516164 0.9615781
vn 0.2931447 0.1784232 0.9392717
vn -0.2267145 -0.1548981 0.9615650
vn -0.6576160 -0.4334182 0.6161899
vn -0.6637460 -0.4239268 0.6162202
vn -0.2267145 -0.1548981 0.9615650
vn -0.6637460 -0.4239268 0.6162202
vn -0.2288666 -0.1516164 0.9615781
vn -0.6576160 -0.4334182 0.6161899
vn -0.8369709 -0.5461419 0.0347645
vn -0.8447252 -0.5340673 0.0348041
vn -0.6576160 -0.4334182 0.6161899
vn -0.8447252 -0.5340673 0.0348041
vn -0.6637460 -0.4239268 0.6162202
vn -0.8369709 -0.5461419 0.0347645
vn -0.6958078 -0.4497353 -0.5599906
vn -0.7022254 -0.4396894 -0.5599576
vn -0.8369709 -0.5461419 0.0347645
vn -0.7022254 -0.4396894 -0.5599576
vn -0.8447252 -0.5340673 0.0348041
vn -0.6958078 -0.4497353 -0.5599906
vn -0.2884220 -0.1812546 -0.9401912
vn -0.2910381 -0.1770844 -0.9401797
vn -0.6958078 -0.4497353 -0.5599906
vn -0.2910381 -0.1770844 -0.9401797
vn -0.7022254 -0.4396894 -0.5599576
vn -0.2884220 -0.1812546 -0.9401912
vn 0.2289054 0.1563199 -0.9608155
vn 0.2310785 0.1530063 -0.9608288
vn -0.2884220 -0.1812546 -0.9401912
vn 0.2310785 0.1530063 -0.9608288
vn -0.2910381 -0.1770844 -0.9401797
vn 0.2289054 0.1563199 -0.9608155
vn 0.6585146 0.4340062 -0.6148146
vn 0.6646624 0.4244833 -0.6148478
vn 0.2289054 0.1563199 -0.9608155
vn 0.6646624 0.4244833 -0.6148478
vn 0.2310785 0.1530063 -0.9608288
vn 0.6585146 0.4340062 -0.6148146
vn 0.8369589 0.5461669 -0.0346620
vn 0.8447331 0.5340615 -0.0347034
vn 0.6585146 0.4340062 -0.6148146
vn 0.8447331 0.5340615 -0.0347034
vn 0.6646624 0.4244833 -0.6148478
vn 0.8369589 0.5461669 -0.0346620
vn 0.6965337 0.4502394 0.5586818
vn 0.7029674 0.4401688 0.5586486
vn 0.8369589 0.5461669 -0.0346620
vn 0.7029674 0.4401688 0.5586486
vn 0.8447331 0.5340615 -0.0347034
vn 0.7029674 0.4401688 0.5586486
vn 0.2931447 0.1784232 0.9392717
vn 0.2957260 0.1741901 0.9392571
vn 0.7029674 0.4401688 0.5586486
vn 0.2957260 0.1741901 0.9392571
vn 0.7092586 0.4300028 0.5586142
vn 0.2931447 0.1784232 0.9392717
vn -0.2288666 -0.1516164 0.9615781
vn -0.2309873 -0.1483027 0.9615879
vn 0.2931447 0.1784232 0.9392717
vn -0.2309873 -0.1483027 0.9615879
vn 0.2957260 0.1741901 0.9392571
vn -0.2288666 -0.1516164 0.9615781
vn -0.6637460 -0.4239268 0.6162202
vn -0.6697507 -0.4143331 0.6162483
vn -0.2288666 -0.1516164 0.9615781
vn -0.6697507 -0.4143331 0.6162483
vn -0.2309873 -0.1483027 0.9615879
vn -0.6637460 -0.4239268 0.6162202
vn -0.8447252 -0.5340673 0.0348041
vn -0.8523113 -0.5218729 0.0348446
vn -0.6637460 -0.4239268 0.6162202
vn -0.8523113 -0.5218729 0.0348446
vn -0.6697507 -0.4143331 0.6162483
vn -0.8447252 -0.5340673 0.0348041
vn -0.7022254 -0.4396894 -0.5599576
vn -0.7084995 -0.4295551 -0.5599204
vn -0.8447252 -0.5340673 0.0348041
vn -0.7084995 -0.4295551 -0.5599204
vn -0.8523113 -0.5218729 0.0348446
vn -0.7022254 -0.4396894 -0.5599576
vn -0.2910381 -0.1770844 -0.9401797
vn -0.2935988 -0.1728843 -0.9401653
vn -0.7022254 -0.4396894 -0.5599576
vn -0.2935988 -0.1728843 -0.9401653
vn -0.7084995 -0.4295551 -0.5599204
vn -0.2910381 -0.1770844 -0.9401797
vn 0.2310785 0.1530063 -0.9608288
vn 0.2332180 0.1496684 -0.9608375
vn -0.2910381 -0.1770844 -0.9401797
vn 0.2332180 0.1496684 -0.9608375
vn -0.2935988 -0.1728843 -0.9401653
vn 0.2310785 0.1530063 -0.9608288
vn 0.6646624 0.4244833 -0.6148478
vn 0.6706758 0.4148770 -0.6148747
vn 0.2310785 0.1530063 -0.9608288
vn 0.6706758 0.4148770 -0.6148747
vn 0.2332180 0.1496684 -0.9608375
vn 0.6646624 0.4244833 -0.6148478
vn 0.8447331 0.5340615 -0.0347034
vn 0.8523333 0.5218437 -0.0347424
vn 0.6646624 0.4244833 -0.6148478
vn 0.8523333 0.5218437 -0.0347424
vn 0.6706758 0.4148770 -0.6148747
vn 0.8447331 0.5340615 -0.0347034
vn 0.7029674 0.4401688 0.5586486
vn 0.7092586 0.4300028 0.5586142
vn 0.8447331 0.5340615 -0.0347034
vn 0.7092586 0.4300028 0.5586142
vn 0.8523333 0.5218437 -0.0347424
vn 0.7092586 0.4300028 0.5586142
vn 0.2957260 0.1741901 0.9392571
vn 0.2982461 0.1699182 0.9392429
vn 0.7092586 0.4300028 0.5586142
vn 0.2982461 0.1699182 0.9392429
vn 0.7153958 0.4197570 0.5585812
vn 0.2957260 0.1741901 0.9392571
vn -0.2309873 -0.1483027 0.9615879
vn -0.2330507 -0.1449619 0.9615995
vn 0.2957260 0.1741901 0.9392571
vn -0.2330507 -0.1449619 0.9615995
vn 0.2982461 0.1699182 0.9392429
vn -0.2309873 -0.1483027 0.9615879
vn -0.6697507 -0.4143331 0.6162483
vn -0.6756207 -0.4046367 0.6162838
vn -0.2309873 -0.1483027 0.9615879
vn -0.6756207 -0.4046367 0.6162838
vn -0.2330507 -0.1449619 0.9615995
vn -0.6697507 -0.4143331 0.6162483
vn -0.8523113 -0.5218729 0.0348446
vn -0.8597452 -0.5095304 0.0348847
vn -0.6697507 -0.4143331 0.6162483
vn -0.8597452 -0.5095304 0.0348847
vn -0.6756207 -0.4046367 0.6162838
vn -0.8523113 -0.5218729 0.0348446
vn -0.7084995 -0.4295551 -0.5599204
vn -0.7146360 -0.4193106 -0.5598875
vn -0.8523113 -0.5218729 0.0348446
vn -0.7146360 -0.4193106 -0.5598875
vn -0.8597452 -0.5095304 0.0348847
vn -0.7084995 -0.4295551 -0.5599204
vn -0.2935988 -0.1728843 -0.9401653
vn -0.2960991 -0.1686480 -0.9401506
vn -0.7084995 -0.4295551 -0.5599204
vn -0.2960991 -0.1686480 -0.9401506
vn -0.7146360 -0.4193106 -0.5598875
vn -0.2935988 -0.1728843 -0.9401653
vn 0.2332180 0.1496684 -0.9608375
vn 0.2353035 0.1462895 -0.9608494
vn -0.2935988 -0.1728843 -0.9401653
vn 0.2353035 0.1462895 -0.9608494
vn -0.2960991 -0.1686480 -0.9401506
vn 0.2332180 0.1496684 -0.9608375
vn 0.6706758 0.4148770 -0.6148747
vn 0.6765459 0.4051827 -0.6149085
vn 0.2332180 0.1496684 -0.9608375
vn 0.6765459 0.4051827 -0.6149085
vn 0.2353035 0.1462895 -0.9608494
vn 0.6706758 0.4148770 -0.6148747
vn 0.8523333 0.5218437 -0.0347424
vn 0.8597468 0.5095348 -0.0347810
vn 0.6706758 0.4148770 -0.6148747
vn 0.8597468 0.5095348 -0.0347810
vn 0.6765459 0.4051827 -0.6149085
vn 0.8523333 0.5218437 -0.0347424
vn 0.7092586 0.4300028 0.5586142
vn 0.7153958 0.4197570 0.5585812
vn 0.8523333 0.5218437 -0.0347424
vn 0.7153958 0.4197570 0.5585812
vn 0.8597468 0.5095348 -0.0347810
vn 0.7153958 0.4197570 0.5585812
vn 0.2982461 0.1699182 0.9392429
vn 0.3141143 0.1519330 0.9371492
vn 0.7153958 0.4197570 0.5585812
vn 0.3141143 0.1519330 0.9371492
vn 0.7483020 0.3651179 0.5538348
vn 0.2982461 0.1699182 0.9392429
vn -0.2330507 -0.1449619 0.9615995
vn -0.2205935 -0.2177979 0.9507380
vn 0.2982461 0.1699182 0.9392429
vn -0.2205935 -0.2177979 0.9507380
vn 0.3141143 0.1519330 0.9371492
vn -0.2330507 -0.1449619 0.9615995
vn -0.6756207 -0.4046367 0.6162838
vn -0.4250379 -0.6771556 0.6006689
vn -0.2330507 -0.1449619 0.9615995
vn -0.4250379 -0.6771556 0.6006689
vn -0.2205935 -0.2177979 0.9507380
vn -0.6756207 -0.4046367 0.6162838
vn -0.8597452 -0.5095304 0.0348847
vn -0.3078671 -0.9514037 0.0069791
vn -0.6756207 -0.4046367 0.6162838
vn -0.3078671 -0.9514037 0.0069791
vn -0.4250379 -0.6771556 0.6006689
vn -0.8597452 -0.5095304 0.0348847
vn -0.7146360 -0.4193106 -0.5598875
vn -0.2886431 -0.8457801 -0.4487106
vn -0.8597452 -0.5095304 0.0348847
vn -0.2886431 -0.8457801 -0.4487106
vn -0.3078671 -0.9514037 0.0069791
vn -0.7146360 -0.4193106 -0.5598875
vn -0.2960991 -0.1686480 -0.9401506
vn -0.2839825 -0.2642892 -0.9216861
vn -0.7146360 -0.4193106 -0.5598875
vn -0.2839825 -0.2642892 -0.9216861
vn -0.2886431 -0.8457801 -0.4487106
vn -0.2960991 -0.1686480 -0.9401506
vn 0.2353035 0.1462895 -0.9608494
vn 0.2613543 0.1376590 -0.9553764
vn -0.2960991 -0.1686480 -0.9401506
vn 0.2613543 0.1376590 -0.9553764
vn -0.2839825 -0.2642892 -0.9216861
vn 0.2353035 0.1462895 -0.9608494
vn 0.6765459 0.4051827 -0.6149085
vn 0.7195530 0.3585705 -0.5947023
vn 0.2353035 0.1462895 -0.9608494
vn 0.7195530 0.3585705 -0.5947023
vn 0.2613543 0.1376590 -0.9553764
vn 0.6765459 0.4051827 -0.6149085
vn 0.8597468 0.5095348 -0.0347810
vn 0.8987226 0.4378462 -0.0242553
vn 0.6765459 0.4051827 -0.6149085
vn 0.8987226 0.4378462 -0.0242553
vn 0.7195530 0.3585705 -0.5947023
vn 0.8597468 0.5095348 -0.0347810
vn 0.7153958 0.4197570 0.5585812
vn 0.7483020 0.3651179 0.5538348
vn 0.8597468 0.5095348 -0.0347810
vn 0.7483020 0.3651179 0.5538348
vn 0.8987226 0.4378462 -0.0242553
vn 0.7483020 0.3651179 0.5538348
vn 0.3141143 0.1519330 0.9371492
vn 0.3739324 -0.0459033 0.9263194
vn 0.7483020 0.3651179 0.5538348
vn 0.3739324 -0.0459033 0.9263194
vn 0.8290758 -0.0841994 0.5527601
vn 0.3141143 0.1519330 0.9371492
vn -0.2205935 -0.2177979 0.9507380
vn -0.2352885 -0.0333093 0.9713546
vn 0.3141143 0.1519330 0.9371492
vn -0.2352885 -0.0333093 0.9713546
vn 0.3739324 -0.0459033 0.9263194
vn -0.2205935 -0.2177979 0.9507380
vn -0.4250379 -0.6771556 0.6006689
vn -0.5933650 -0.3122866 0.7418861
vn -0.2205935 -0.2177979 0.9507380
vn -0.5933650 -0.3122866 0.7418861
vn -0.2352885 -0.0333093 0.9713546
vn -0.4250379 -0.6771556 0.6006689
vn -0.3078671 -0.9514037 0.0069791
vn -0.6373760 -0.7698738 -0.0323473
vn -0.4250379 -0.6771556 0.6006689
vn -0.6373760 -0.7698738 -0.0323473
vn -0.5933650 -0.3122866 0.7418861
vn -0.3078671 -0.9514037 0.0069791
vn -0.2886431 -0.8457801 -0.4487106
vn -0.6053281 -0.1833691 -0.7745668
vn -0.3078671 -0.9514037 0.0069791
vn -0.6053281 -0.1833691 -0.7745668
vn -0.6373760 -0.7698738 -0.0323473
vn -0.2886431 -0.8457801 -0.4487106
vn -0.2839825 -0.2642892 -0.9216861
vn -0.6053281 -0.1833691 -0.7745668
vn -0.2839825 -0.2642892 -0.9216861
vn -0.1398676 -0.0221990 -0.9899213
vn -0.6053281 -0.1833691 -0.7745668
vn -0.2839825 -0.2642892 -0.9216861
vn 0.2613543 0.1376590 -0.9553764
vn 0.4463790 -0.0594452 -0.8928673
vn -0.2839825 -0.2642892 -0.9216861
vn 0.4463790 -0.0594452 -0.8928673
vn -0.1398676 -0.0221990 -0.9899213
vn 0.2613543 0.1376590 -0.9553764
vn 0.7195530 0.3585705 -0.5947023
vn 0.8626876 -0.0892951 -0.4977915
vn 0.2613543 0.1376590 -0.9553764
vn 0.8626876 -0.0892951 -0.4977915
vn 0.4463790 -0.0594452 -0.8928673
vn 0.7195530 0.3585705 -0.5947023
vn 0.8987226 0.4378462 -0.0242553
vn 0.9953837 -0.0914409 0.0291552
vn 0.7195530 0.3585705 -0.5947023
vn 0.9953837 -0.0914409 0.0291552
vn 0.8626876 -0.0892951 -0.4977915
vn 0.8987226 0.4378462 -0.0242553
vn 0.7483020 0.3651179 0.5538348
vn 0.8290758 -0.0841994 0.5527601
vn 0.8987226 0.4378462 -0.0242553
vn 0.8290758 -0.0841994 0.5527601
vn 0.9953837 -0.0914409 0.0291552
vn 0.8290758 -0.0841994 0.5527601
vn 0.3739324 -0.0459033 0.9263194
vn -0.1196249 0.0455158 0.9917753
vn 0.8290758 -0.0841994 0.5527601
vn -0.1196249 0.0455158 0.9917753
vn -0.1115062 -0.7032579 0.7021359
vn 0.3739324 -0.0459033 0.9263194
vn -0.2352885 -0.0333093 0.9713546
vn -0.4664396 -0.1273717 0.8753346
vn 0.3739324 -0.0459033 0.9263194
vn -0.4664396 -0.1273717 0.8753346
vn -0.1196249 0.0455158 0.9917753
vn -0.2352885 -0.0333093 0.9713546
vn -0.5933650 -0.3122866 0.7418861
vn -0.8483280 -0.2445707 0.4696006
vn -0.2352885 -0.0333093 0.9713546
vn -0.8483280 -0.2445707 0.4696006
vn -0.4664396 -0.1273717 0.8753346
vn -0.5933650 -0.3122866 0.7418861
vn -0.6373760 -0.7698738 -0.0323473
vn -0.9553955 -0.2625584 -0.1352129
vn -0.5933650 -0.3122866 0.7418861
vn -0.9553955 -0.2625584 -0.1352129
vn -0.8483280 -0.2445707 0.4696006
vn -0.6373760 -0.7698738 -0.0323473
vn -0.6053281 -0.1833691 -0.7745668
vn -0.7276881 -0.1626363 -0.6663477
vn -0.6373760 -0.7698738 -0.0323473
vn -0.7276881 -0.1626363 -0.6663477
vn -0.9553955 -0.2625584 -0.1352129
vn -0.6053281 -0.1833691 -0.7745668
vn -0.1398676 -0.0221990 -0.9899213
vn -0.3284370 -0.0276263 -0.9441217
vn -0.6053281 -0.1833691 -0.7745668
vn -0.3284370 -0.0276263 -0.9441217
vn -0.7276881 -0.1626363 -0.6663477
vn -0.1398676 -0.0221990 -0.9899213
vn 0.4463790 -0.0594452 -0.8928673
vn 0.0292263 0.0465418 -0.9984887
vn -0.1398676 -0.0221990 -0.9899213
vn 0.0292263 0.0465418 -0.9984887
vn -0.3284370 -0.0276263 -0.9441217
vn 0.4463790 -0.0594452 -0.8928673
vn 0.8626876 -0.0892951 -0.4977915
vn -0.0089592 -0.9734268 -0.2288233
vn 0.4463790 -0.0594452 -0.8928673
vn -0.0089592 -0.9734268 -0.2288233
vn 0.0292263 0.0465418 -0.9984887
vn 0.8626876 -0.0892951 -0.4977915
vn 0.9953837 -0.0914409 0.0291552
vn 0.0995931 -0.9949578 -0.0118375
vn 0.8626876 -0.0892951 -0.4977915
vn 0.0995931 -0.9949578 -0.0118375
vn -0.0089592 -0.9734268 -0.2288233
vn 0.9953837 -0.0914409 0.0291552
vn 0.8290758 -0.0841994 0.5527601
vn -0.1115062 -0.7032579 0.7021359
vn 0.9953837 -0.0914409 0.0291552
vn -0.1115062 -0.7032579 0.7021359
vn 0.0995931 -0.9949578 -0.0118375
vn -0.1115062 -0.7032579 0.7021359
vn -0.1196249 0.0455158 0.9917753
vn -0.4432072 0.5832839 0.6806962
vn -0.1196249 0.0455158 0.9917753
vn -0.1540626 0.0243604 0.9877608
vn -0.4432072 0.5832839 0.6806962
vn -0.1196249 0.0455158 0.9917753
vn -0.4664396 -0.1273717 0.8753346
vn -0.2098376 -0.5845517 0.7837521
vn -0.1196249 0.0455158 0.9917753
vn -0.2098376 -0.5845517 0.7837521
vn -0.1540626 0.0243604 0.9877608
vn -0.4664396 -0.1273717 0.8753346
vn -0.8483280 -0.2445707 0.4696006
vn -0.3267549 -0.8986596 0.2926466
vn -0.4664396 -0.1273717 0.8753346
vn -0.3267549 -0.8986596 0.2926466
vn -0.2098376 -0.5845517 0.7837521
vn -0.8483280 -0.2445707 0.4696006
vn -0.9553955 -0.2625584 -0.1352129
vn -0.3249096 -0.9020016 -0.2843005
vn -0.8483280 -0.2445707 0.4696006
vn -0.3249096 -0.9020016 -0.2843005
vn -0.3267549 -0.8986596 0.2926466
vn -0.9553955 -0.2625584 -0.1352129
vn -0.7276881 -0.1626363 -0.6663477
vn -0.2023380 -0.5967814 -0.7764736
vn -0.9553955 -0.2625584 -0.1352129
vn -0.2023380 -0.5967814 -0.7764736
vn -0.3249096 -0.9020016 -0.2843005
vn -0.7276881 -0.1626363 -0.6663477
vn -0.3284370 -0.0276263 -0.9441217
vn -0.0329738 0.0189590 -0.9992763
vn -0.7276881 -0.1626363 -0.6663477
vn -0.0329738 0.0189590 -0.9992763
vn -0.2023380 -0.5967814 -0.7764736
vn -0.3284370 -0.0276263 -0.9441217
vn 0.0292263 0.0465418 -0.9984887
vn -0.0329738 0.0189590 -0.9992763
vn 0.0292263 0.0465418 -0.9984887
vn -0.6202371 0.5799864 -0.5281304
vn -0.0329738 0.0189590 -0.9992763
vn 0.0292263 0.0465418 -0.9984887
vn -0.0089592 -0.9734268 -0.2288233
vn -0.6202371 0.5799864 -0.5281304
vn -0.0089592 -0.9734268 -0.2288233
vn -0.6790438 0.7249421 -0.1155783
vn -0.6202371 0.5799864 -0.5281304
vn -0.0089592 -0.9734268 -0.2288233
vn 0.0995931 -0.9949578 -0.0118375
vn -0.6973785 0.6858019 0.2081802
vn -0.0089592 -0.9734268 -0.2288233
vn -0.6973785 0.6858019 0.2081802
vn -0.6790438 0.7249421 -0.1155783
vn 0.0995931 -0.9949578 -0.0118375
vn -0.1115062 -0.7032579 0.7021359
vn -0.4432072 0.5832839 0.6806962
vn 0.0995931 -0.9949578 -0.0118375
vn -0.4432072 0.5832839 0.6806962
vn -0.6973785 0.6858019 0.2081802
vn -0.4432072 0.5832839 0.6806962
vn -0.1540626 0.0243604 0.9877608
vn -0.0204441 -0.0286562 0.9993802
vn -0.4432072 0.5832839 0.6806962
vn -0.0204441 -0.0286562 0.9993802
vn 0.1041710 0.5515519 0.8276103
vn -0.1540626 0.0243604 0.9877608
vn -0.2098376 -0.5845517 0.7837521
vn -0.1373413 -0.5983531 0.7893738
vn -0.1540626 0.0243604 0.9877608
vn -0.1373413 -0.5983531 0.7893738
vn -0.0204441 -0.0286562 0.9993802
vn -0.2098376 -0.5845517 0.7837521
vn -0.3267549 -0.8986596 0.2926466
vn -0.2017458 -0.9394006 0.2771737
vn -0.2098376 -0.5845517 0.7837521
vn -0.2017458 -0.9394006 0.2771737
vn -0.1373413 -0.5983531 0.7893738
vn -0.3267549 -0.8986596 0.2926466
vn -0.3249096 -0.9020016 -0.2843005
vn -0.1889084 -0.9207824 -0.3412819
vn -0.3267549 -0.8986596 0.2926466
vn -0.1889084 -0.9207824 -0.3412819
vn -0.2017458 -0.9394006 0.2771737
vn -0.3249096 -0.9020016 -0.2843005
vn -0.2023380 -0.5967814 -0.7764736
vn -0.1037535 -0.5496562 -0.8289230
vn -0.3249096 -0.9020016 -0.2843005
vn -0.1037535 -0.5496562 -0.8289230
vn -0.1889084 -0.9207824 -0.3412819
vn -0.2023380 -0.5967814 -0.7764736
vn -0.0329738 0.0189590 -0.9992763
vn 0.0210233 0.0314149 -0.9992853
vn -0.2023380 -0.5967814 -0.7764736
vn 0.0210233 0.0314149 -0.9992853
vn -0.1037535 -0.5496562 -0.8289230
vn -0.0329738 0.0189590 -0.9992763
vn -0.6202371 0.5799864 -0.5281304
vn 0.1376827 0.6000733 -0.7880073
vn -0.0329738 0.0189590 -0.9992763
vn 0.1376827 0.6000733 -0.7880073
vn 0.0210233 0.0314149 -0.9992853
vn -0.6202371 0.5799864 -0.5281304
vn -0.6790438 0.7249421 -0.1155783
vn 0.2017829 0.9396147 -0.2764197
vn -0.6202371 0.5799864 -0.5281304
vn 0.2017829 0.9396147 -0.2764197
vn 0.1376827 0.6000733 -0.7880073
vn -0.6790438 0.7249421 -0.1155783
vn -0.6973785 0.6858019 0.2081802
vn 0.1889912 0.9210999 0.3403780
vn -0.6790438 0.7249421 -0.1155783
vn 0.1889912 0.9210999 0.3403780
vn 0.2017829 0.9396147 -0.2764197
vn -0.6973785 0.6858019 0.2081802
vn -0.4432072 0.5832839 0.6806962
vn 0.1041710 0.5515519 0.8276103
vn -0.6973785 0.6858019 0.2081802
vn 0.1041710 0.5515519 0.8276103
vn 0.1889912 0.9210999 0.3403780
vn 0.1041710 0.5515519 0.8276103
vn -0.0204441 -0.0286562 0.9993802
vn -0.0208957 -0.0286102 0.9993722
vn 0.1041710 0.5515519 0.8276103
vn -0.0208957 -0.0286102 0.9993722
vn 0.1120603 0.5497945 0.8277490
vn -0.0204441 -0.0286562 0.9993802
vn -0.1373413 -0.5983531 0.7893738
vn -0.1459644 -0.5965077 0.7892230
vn -0.0204441 -0.0286562 0.9993802
vn -0.1459644 -0.5965077 0.7892230
vn -0.0208957 -0.0286102 0.9993722
vn -0.1373413 -0.5983531 0.7893738
vn -0.2017458 -0.9394006 0.2771737
vn -0.2152484 -0.9364696 0.2769346
vn -0.1373413 -0.5983531 0.7893738
vn -0.2152484 -0.9364696 0.2769346
vn -0.1459644 -0.5965077 0.7892230
vn -0.2017458 -0.9394006 0.2771737
vn -0.1889084 -0.9207824 -0.3412819
vn -0.2021195 -0.9178854 -0.3415176
vn -0.2017458 -0.9394006 0.2771737
vn -0.2021195 -0.9178854 -0.3415176
vn -0.2152484 -0.9364696 0.2769346
vn -0.1889084 -0.9207824 -0.3412819
vn -0.1037535 -0.5496562 -0.8289230
vn -0.1116140 -0.5479037 -0.8290620
vn -0.1889084 -0.9207824 -0.3412819
vn -0.1116140 -0.5479037 -0.8290620
vn -0.2021195 -0.9178854 -0.3415176
vn -0.1037535 -0.5496562 -0.8289230
vn 0.0210233 0.0314149 -0.9992853
vn 0.0215164 0.0313648 -0.9992764
vn -0.1037535 -0.5496562 -0.8289230
vn 0.0215164 0.0313648 -0.9992764
vn -0.1116140 -0.5479037 -0.8290620
vn 0.0210233 0.0314149 -0.9992853
vn 0.1376827 0.6000733 -0.7880073
vn 0.1463320 0.5982258 -0.7878534
vn 0.0210233 0.0314149 -0.9992853
vn 0.1463320 0.5982258 -0.7878534
vn 0.0215164 0.0313648 -0.9992764
vn 0.1376827 0.6000733 -0.7880073
vn 0.2017829 0.9396147 -0.2764197
vn 0.2152868 0.9366843 -0.2761777
vn 0.1376827 0.6000733 -0.7880073
vn 0.2152868 0.9366843 -0.2761777
vn 0.1463320 0.5982258 -0.7878534
vn 0.2017829 0.9396147 -0.2764197
vn 0.1889912 0.9210999 0.3403780
vn 0.2022042 0.9182018 0.3406154
vn 0.2017829 0.9396147 -0.2764197
vn 0.2022042 0.9182018 0.3406154
vn 0.2152868 0.9366843 -0.2761777
vn 0.1889912 0.9210999 0.3403780
vn 0.1041710 0.5515519 0.8276103
vn 0.1120603 0.5497945 0.8277490
vn 0.1889912 0.9210999 0.3403780
vn 0.1120603 0.5497945 0.8277490
vn 0.2022042 0.9182018 0.3406154
vn 0.1120603 0.5497945 0.8277490
vn -0.0208957 -0.0286102 0.9993722
vn -0.0213462 -0.0285541 0.9993643
vn 0.1120603 0.5497945 0.8277490
vn -0.0213462 -0.0285541 0.9993643
vn 0.1199240 0.5479166 0.8278924
vn -0.0208957 -0.0286102 0.9993722
vn -0.1459644 -0.5965077 0.7892230
vn -0.1545615 -0.5945427 0.7890688
vn -0.0208957 -0.0286102 0.9993722
vn -0.1545615 -0.5945427 0.7890688
vn -0.0213462 -0.0285541 0.9993643
vn -0.1459644 -0.5965077 0.7892230
vn -0.2152484 -0.9364696 0.2769346
vn -0.2287084 -0.9333458 0.2766914
vn -0.1459644 -0.5965077 0.7892230
vn -0.2287084 -0.9333458 0.2766914
vn -0.1545615 -0.5945427 0.7890688
vn -0.2152484 -0.9364696 0.2769346
vn -0.2021195 -0.9178854 -0.3415176
vn -0.2152867 -0.9148012 -0.3417463
vn -0.2152484 -0.9364696 0.2769346
vn -0.2152867 -0.9148012 -0.3417463
vn -0.2287084 -0.9333458 0.2766914
vn -0.2021195 -0.9178854 -0.3415176
vn -0.1116140 -0.5479037 -0.8290620
vn -0.1194492 -0.5460420 -0.8291984
vn -0.2021195 -0.9178854 -0.3415176
vn -0.1194492 -0.5460420 -0.8291984
vn -0.2152867 -0.9148012 -0.3417463
vn -0.1116140 -0.5479037 -0.8290620
vn 0.0215164 0.0313648 -0.9992764
vn 0.0220065 0.0312964 -0.9992678
vn -0.1116140 -0.5479037 -0.8290620
vn 0.0220065 0.0312964 -0.9992678
vn -0.1194492 -0.5460420 -0.8291984
vn 0.0215164 0.0313648 -0.9992764
vn 0.1463320 0.5982258 -0.7878534
vn 0.1549574 0.5962537 -0.7876989
vn 0.0215164 0.0313648 -0.9992764
vn 0.1549574 0.5962537 -0.7876989
vn 0.0220065 0.0312964 -0.9992678
vn 0.1463320 0.5982258 -0.7878534
vn 0.2152868 0.9366843 -0.2761777
vn 0.2287530 0.9335579 -0.2759382
vn 0.1463320 0.5982258 -0.7878534
vn 0.2287530 0.9335579 -0.2759382
vn 0.1549574 0.5962537 -0.7876989
vn 0.2152868 0.9366843 -0.2761777
vn 0.2022042 0.9182018 0.3406154
vn 0.2153813 0.9151134 0.3408493
vn 0.2152868 0.9366843 -0.2761777
vn 0.2153813 0.9151134 0.3408493
vn 0.2287530 0.9335579 -0.2759382
vn 0.2022042 0.9182018 0.3406154
vn 0.1120603 0.5497945 0.8277490
vn 0.1199240 0.5479166 0.8278924
vn 0.2022042 0.9182018 0.3406154
vn 0.1199240 0.5479166 0.8278924
vn 0.2153813 0.9151134 0.3408493
vn 0.1199240 0.5479166 0.8278924
vn -0.0213462 -0.0285541 0.9993643
vn -0.0217969 -0.0284861 0.9993566
vn 0.1199240 0.5479166 0.8278924
vn -0.0217969 -0.0284861 0.9993566
vn 0.1277634 0.5459393 0.8280259
vn -0.0213462 -0.0285541 0.9993643
vn -0.1545615 -0.5945427 0.7890688
vn -0.1631403 -0.5924519 0.7889144
vn -0.0213462 -0.0285541 0.9993643
vn -0.1631403 -0.5924519 0.7889144
vn -0.0217969 -0.0284861 0.9993566
vn -0.1545615 -0.5945427 0.7890688
vn -0.2287084 -0.9333458 0.2766914
vn -0.2421356 -0.9300249 0.2764490
vn -0.1545615 -0.5945427 0.7890688
vn -0.2421356 -0.9300249 0.2764490
vn -0.1631403 -0.5924519 0.7889144
vn -0.2287084 -0.9333458 0.2766914
vn -0.2152867 -0.9148012 -0.3417463
vn -0.2284226 -0.9115188 -0.3419891
vn -0.2287084 -0.9333458 0.2766914
vn -0.2284226 -0.9115188 -0.3419891
vn -0.2421356 -0.9300249 0.2764490
vn -0.2152867 -0.9148012 -0.3417463
vn -0.1194492 -0.5460420 -0.8291984
vn -0.1272650 -0.5440518 -0.8293439
vn -0.2152867 -0.9148012 -0.3417463
vn -0.1272650 -0.5440518 -0.8293439
vn -0.2284226 -0.9115188 -0.3419891
vn -0.1194492 -0.5460420 -0.8291984
vn 0.0220065 0.0312964 -0.9992678
vn 0.0224961 0.0312255 -0.9992592
vn -0.1194492 -0.5460420 -0.8291984
vn 0.0224961 0.0312255 -0.9992592
vn -0.1272650 -0.5440518 -0.8293439
vn 0.0220065 0.0312964 -0.9992678
vn 0.1549574 0.5962537 -0.7876989
vn 0.1635569 0.5941571 -0.7875445
vn 0.0220065 0.0312964 -0.9992678
vn 0.1635569 0.5941571 -0.7875445
vn 0.0224961 0.0312255 -0.9992592
vn 0.1549574 0.5962537 -0.7876989
vn 0.2287530 0.9335579 -0.2759382
vn 0.2421790 0.9302363 -0.2756989
vn 0.1549574 0.5962537 -0.7876989
vn 0.2421790 0.9302363 -0.2756989
vn 0.1635569 0.5941571 -0.7875445
vn 0.2287530 0.9335579 -0.2759382
vn 0.2153813 0.9151134 0.3408493
vn 0.2285165 0.9118375 0.3410755
vn 0.2287530 0.9335579 -0.2759382
vn 0.2285165 0.9118375 0.3410755
vn 0.2421790 0.9302363 -0.2756989
vn 0.2153813 0.9151134 0.3408493
vn 0.1199240 0.5479166 0.8278924
vn 0.1277634 0.5459393 0.8280259
vn 0.2153813 0.9151134 0.3408493
vn 0.1277634 0.5459393 0.8280259
vn 0.2285165 0.9118375 0.3410755
vn 0.1277634 0.5459393 0.8280259
vn -0.0217969 -0.0284861 0.9993566
vn -0.0049007 -0.0428131 0.9990711
vn 0.1277634 0.5459393 0.8280259
vn -0.0049007 -0.0428131 0.9990711
vn 0.1660714 0.5422106 0.8236674
vn -0.0217969 -0.0284861 0.9993566
vn -0.1631403 -0.5924519 0.7889144
vn 0.0986448 -0.6487020 0.7546225
vn -0.0217969 -0.0284861 0.9993566
vn 0.0986448 -0.6487020 0.7546225
vn -0.0049007 -0.0428131 0.9990711
vn -0.1631403 -0.5924519 0.7889144
vn -0.2421356 -0.9300249 0.2764490
vn 0.3281725 -0.9098406 0.2539545
vn -0.1631403 -0.5924519 0.7889144
vn 0.3281725 -0.9098406 0.2539545
vn 0.0986448 -0.6487020 0.7546225
vn -0.2421356 -0.9300249 0.2764490
vn -0.2284226 -0.9115188 -0.3419891
vn 0.4001738 -0.8707710 -0.2856902
vn -0.2421356 -0.9300249 0.2764490
vn 0.4001738 -0.8707710 -0.2856902
vn 0.3281725 -0.9098406 0.2539545
vn -0.2284226 -0.9115188 -0.3419891
vn -0.1272650 -0.5440518 -0.8293439
vn 0.1060179 -0.6425747 -0.7588530
vn -0.2284226 -0.9115188 -0.3419891
vn 0.1060179 -0.6425747 -0.7588530
vn 0.4001738 -0.8707710 -0.2856902
vn -0.1272650 -0.5440518 -0.8293439
vn 0.0224961 0.0312255 -0.9992592
vn 0.0375208 0.0314277 -0.9988015
vn -0.1272650 -0.5440518 -0.8293439
vn 0.0375208 0.0314277 -0.9988015
vn 0.1060179 -0.6425747 -0.7588530
vn 0.0224961 0.0312255 -0.9992592
vn 0.1635569 0.5941571 -0.7875445
vn 0.2108242 0.6008480 -0.7710609
vn 0.0224961 0.0312255 -0.9992592
vn 0.2108242 0.6008480 -0.7710609
vn 0.0375208 0.0314277 -0.9988015
vn 0.1635569 0.5941571 -0.7875445
vn 0.2421790 0.9302363 -0.2756989
vn 0.3155893 0.9129654 -0.2586458
vn 0.1635569 0.5941571 -0.7875445
vn 0.3155893 0.9129654 -0.2586458
vn 0.2108242 0.6008480 -0.7710609
vn 0.2421790 0.9302363 -0.2756989
vn 0.2285165 0.9118375 0.3410755
vn 0.2982163 0.8912728 0.3416134
vn 0.2421790 0.9302363 -0.2756989
vn 0.2982163 0.8912728 0.3416134
vn 0.3155893 0.9129654 -0.2586458
vn 0.2285165 0.9118375 0.3410755
vn 0.1277634 0.5459393 0.8280259
vn 0.1660714 0.5422106 0.8236674
vn 0.2285165 0.9118375 0.3410755
vn 0.1660714 0.5422106 0.8236674
vn 0.2982163 0.8912728 0.3416134
vn 0.1660714 0.5422106 0.8236674
vn -0.0049007 -0.0428131 0.9990711
vn -0.0041087 -0.0036418 0.9999849
vn 0.1660714 0.5422106 0.8236674
vn -0.0041087 -0.0036418 0.9999849
vn 0.4412984 0.3804523 0.8127187
vn -0.0049007 -0.0428131 0.9990711
vn 0.0986448 -0.6487020 0.7546225
vn -0.2570251 -0.4752608 0.8414662
vn -0.0049007 -0.0428131 0.9990711
vn -0.2570251 -0.4752608 0.8414662
vn -0.0041087 -0.0036418 0.9999849
vn 0.0986448 -0.6487020 0.7546225
vn 0.3281725 -0.9098406 0.2539545
vn -0.0033738 -0.9283439 0.3717073
vn 0.0986448 -0.6487020 0.7546225
vn -0.0033738 -0.9283439 0.3717073
vn -0.2570251 -0.4752608 0.8414662
vn 0.3281725 -0.9098406 0.2539545
vn 0.4001738 -0.8707710 -0.2856902
vn -0.1824303 -0.8103817 -0.5567769
vn 0.3281725 -0.9098406 0.2539545
vn -0.1824303 -0.8103817 -0.5567769
vn -0.0033738 -0.9283439 0.3717073
vn 0.4001738 -0.8707710 -0.2856902
vn 0.1060179 -0.6425747 -0.7588530
vn -0.1824303 -0.8103817 -0.5567769
vn 0.1060179 -0.6425747 -0.7588530
vn -0.1986991 -0.2968473 -0.9340238
vn -0.1824303 -0.8103817 -0.5567769
vn 0.1060179 -0.6425747 -0.7588530
vn 0.0375208 0.0314277 -0.9988015
vn 0.1956836 0.1254660 -0.9726080
vn 0.1060179 -0.6425747 -0.7588530
vn 0.1956836 0.1254660 -0.9726080
vn -0.1986991 -0.2968473 -0.9340238
vn 0.0375208 0.0314277 -0.9988015
vn 0.2108242 0.6008480 -0.7710609
vn 0.5766500 0.4624148 -0.6735334
vn 0.0375208 0.0314277 -0.9988015
vn 0.5766500 0.4624148 -0.6735334
vn 0.1956836 0.1254660 -0.9726080
vn 0.2108242 0.6008480 -0.7710609
vn 0.3155893 0.9129654 -0.2586458
vn 0.7485969 0.6378471 -0.1809798
vn 0.2108242 0.6008480 -0.7710609
vn 0.7485969 0.6378471 -0.1809798
vn 0.5766500 0.4624148 -0.6735334
vn 0.3155893 0.9129654 -0.2586458
vn 0.2982163 0.8912728 0.3416134
vn 0.7067522 0.6102541 0.3578983
vn 0.3155893 0.9129654 -0.2586458
vn 0.7067522 0.6102541 0.3578983
vn 0.7485969 0.6378471 -0.1809798
vn 0.2982163 0.8912728 0.3416134
vn 0.1660714 0.5422106 0.8236674
vn 0.4412984 0.3804523 0.8127187
vn 0.2982163 0.8912728 0.3416134
vn 0.4412984 0.3804523 0.8127187
vn 0.7067522 0.6102541 0.3578983
vn 0.4412984 0.3804523 0.8127187
vn -0.0041087 -0.0036418 0.9999849
vn -0.1067431 -0.2616142 0.9592518
vn 0.4412984 0.3804523 0.8127187
vn -0.1067431 -0.2616142 0.9592518
vn 0.0697009 0.1460295 0.9868218
vn -0.0041087 -0.0036418 0.9999849
vn -0.2570251 -0.4752608 0.8414662
vn -0.3017865 -0.6691586 0.6790814
vn -0.0041087 -0.0036418 0.9999849
vn -0.3017865 -0.6691586 0.6790814
vn -0.1067431 -0.2616142 0.9592518
vn -0.2570251 -0.4752608 0.8414662
vn -0.0033738 -0.9283439 0.3717073
vn -0.4149965 -0.9011799 0.1251107
vn -0.2570251 -0.4752608 0.8414662
vn -0.4149965 -0.9011799 0.1251107
vn -0.3017865 -0.6691586 0.6790814
vn -0.0033738 -0.9283439 0.3717073
vn -0.1824303 -0.8103817 -0.5567769
vn -0.3882565 -0.7812452 -0.4887871
vn -0.0033738 -0.9283439 0.3717073
vn -0.3882565 -0.7812452 -0.4887871
vn -0.4149965 -0.9011799 0.1251107
vn -0.1824303 -0.8103817 -0.5567769
vn -0.1986991 -0.2968473 -0.9340238
vn -0.2550928 -0.4213366 -0.8702891
vn -0.1824303 -0.8103817 -0.5567769
vn -0.2550928 -0.4213366 -0.8702891
vn -0.3882565 -0.7812452 -0.4887871
vn -0.1986991 -0.2968473 -0.9340238
vn 0.1956836 0.1254660 -0.9726080
vn -0.0670434 -0.0121320 -0.9976763
vn -0.1986991 -0.2968473 -0.9340238
vn -0.0670434 -0.0121320 -0.9976763
vn -0.2550928 -0.4213366 -0.8702891
vn 0.1956836 0.1254660 -0.9726080
vn 0.5766500 0.4624148 -0.6735334
vn -0.0764169 0.3528814 -0.9325423
vn 0.1956836 0.1254660 -0.9726080
vn -0.0764169 0.3528814 -0.9325423
vn -0.0670434 -0.0121320 -0.9976763
vn 0.5766500 0.4624148 -0.6735334
vn 0.7485969 0.6378471 -0.1809798
vn -0.2805595 0.6842555 -0.6731128
vn 0.5766500 0.4624148 -0.6735334
vn -0.2805595 0.6842555 -0.6731128
vn -0.0764169 0.3528814 -0.9325423
vn 0.7485969 0.6378471 -0.1809798
vn 0.7067522 0.6102541 0.3578983
vn -0.0581085 0.4338281 0.8991199
vn 0.7485969 0.6378471 -0.1809798
vn -0.0581085 0.4338281 0.8991199
vn -0.2805595 0.6842555 -0.6731128
vn 0.7067522 0.6102541 0.3578983
vn 0.4412984 0.3804523 0.8127187
vn 0.0697009 0.1460295 0.9868218
vn 0.7067522 0.6102541 0.3578983
vn 0.0697009 0.1460295 0.9868218
vn -0.0581085 0.4338281 0.8991199
vn 0.0697009 0.1460295 0.9868218
vn -0.1067431 -0.2616142 0.9592518
vn 0.1724558 -0.2799646 0.9443933
vn 0.0697009 0.1460295 0.9868218
vn 0.1724558 -0.2799646 0.9443933
vn -0.3185088 0.2362733 0.9180017
vn -0.1067431 -0.2616142 0.9592518
vn -0.3017865 -0.6691586 0.6790814
vn 0.4222651 -0.7143521 0.5580261
vn -0.1067431 -0.2616142 0.9592518
vn 0.4222651 -0.7143521 0.5580261
vn 0.1724558 -0.2799646 0.9443933
vn -0.3017865 -0.6691586 0.6790814
vn -0.4149965 -0.9011799 0.1251107
vn 0.4978935 -0.8672365 0.0017362
vn -0.3017865 -0.6691586 0.6790814
vn 0.4978935 -0.8672365 0.0017362
vn 0.4222651 -0.7143521 0.5580261
vn -0.4149965 -0.9011799 0.1251107
vn -0.3882565 -0.7812452 -0.4887871
vn 0.4171464 -0.7224771 -0.5513762
vn -0.4149965 -0.9011799 0.1251107
vn 0.4171464 -0.7224771 -0.5513762
vn 0.4978935 -0.8672365 0.0017362
vn -0.3882565 -0.7812452 -0.4887871
vn -0.2550928 -0.4213366 -0.8702891
vn 0.1760190 -0.2990512 -0.9378623
vn -0.3882565 -0.7812452 -0.4887871
vn 0.1760190 -0.2990512 -0.9378623
vn 0.4171464 -0.7224771 -0.5513762
vn -0.2550928 -0.4213366 -0.8702891
vn -0.0670434 -0.0121320 -0.9976763
vn -0.3048431 0.2503010 -0.9189233
vn -0.2550928 -0.4213366 -0.8702891
vn -0.3048431 0.2503010 -0.9189233
vn 0.1760190 -0.2990512 -0.9378623
vn -0.0670434 -0.0121320 -0.9976763
vn -0.0764169 0.3528814 -0.9325423
vn -0.3048431 0.2503010 -0.9189233
vn -0.0764169 0.3528814 -0.9325423
vn -0.7966331 0.4257933 -0.4290406
vn -0.3048431 0.2503010 -0.9189233
vn -0.0764169 0.3528814 -0.9325423
vn -0.2805595 0.6842555 -0.6731128
vn -0.8983607 0.4377358 0.0365446
vn -0.0764169 0.3528814 -0.9325423
vn -0.8983607 0.4377358 0.0365446
vn -0.7966331 0.4257933 -0.4290406
vn -0.2805595 0.6842555 -0.6731128
vn -0.0581085 0.4338281 0.8991199
vn -0.7548113 0.4226397 0.5016329
vn -0.2805595 0.6842555 -0.6731128
vn -0.7548113 0.4226397 0.5016329
vn -0.8983607 0.4377358 0.0365446
vn -0.0581085 0.4338281 0.8991199
vn 0.0697009 0.1460295 0.9868218
vn -0.3185088 0.2362733 0.9180017
vn -0.0581085 0.4338281 0.8991199
vn -0.3185088 0.2362733 0.9180017
vn -0.7548113 0.4226397 0.5016329
vn -0.3185088 0.2362733 0.9180017
vn 0.1724558 -0.2799646 0.9443933
vn 0.1923637 -0.2718844 0.9429078
vn -0.3185088 0.2362733 0.9180017
vn 0.1923637 -0.2718844 0.9429078
vn -0.1603376 0.2354366 0.9585726
vn 0.1724558 -0.2799646 0.9443933
vn 0.4222651 -0.7143521 0.5580261
vn 0.4718965 -0.6758014 0.5662209
vn 0.1724558 -0.2799646 0.9443933
vn 0.4718965 -0.6758014 0.5662209
vn 0.1923637 -0.2718844 0.9429078
vn 0.4222651 -0.7143521 0.5580261
vn 0.4978935 -0.8672365 0.0017362
vn 0.5705996 -0.8207511 -0.0279962
vn 0.4222651 -0.7143521 0.5580261
vn 0.5705996 -0.8207511 -0.0279962
vn 0.4718965 -0.6758014 0.5662209
vn 0.4978935 -0.8672365 0.0017362
vn 0.4171464 -0.7224771 -0.5513762
vn 0.4502910 -0.6506719 -0.6114442
vn 0.4978935 -0.8672365 0.0017362
vn 0.4502910 -0.6506719 -0.6114442
vn 0.5705996 -0.8207511 -0.0279962
vn 0.4171464 -0.7224771 -0.5513762
vn 0.1760190 -0.2990512 -0.9378623
vn 0.1574965 -0.2313524 -0.9600369
vn 0.4171464 -0.7224771 -0.5513762
vn 0.1574965 -0.2313524 -0.9600369
vn 0.4502910 -0.6506719 -0.6114442
vn 0.1760190 -0.2990512 -0.9378623
vn -0.3048431 0.2503010 -0.9189233
vn -0.1950947 0.2758091 -0.9412053
vn 0.1760190 -0.2990512 -0.9378623
vn -0.1950947 0.2758091 -0.9412053
vn 0.1574965 -0.2313524 -0.9600369
vn -0.3048431 0.2503010 -0.9189233
vn -0.7966331 0.4257933 -0.4290406
vn -0.4728733 0.6771963 -0.5637341
vn -0.3048431 0.2503010 -0.9189233
vn -0.4728733 0.6771963 -0.5637341
vn -0.1950947 0.2758091 -0.9412053
vn -0.7966331 0.4257933 -0.4290406
vn -0.8983607 0.4377358 0.0365446
vn -0.5706095 0.8207502 0.0278234
vn -0.7966331 0.4257933 -0.4290406
vn -0.5706095 0.8207502 0.0278234
vn -0.4728733 0.6771963 -0.5637341
vn -0.8983607 0.4377358 0.0365446
vn -0.7548113 0.4226397 0.5016329
vn -0.4514449 0.6523204 0.6088314
vn -0.8983607 0.4377358 0.0365446
vn -0.4514449 0.6523204 0.6088314
vn -0.5706095 0.8207502 0.0278234
vn -0.7548113 0.4226397 0.5016329
vn -0.3185088 0.2362733 0.9180017
vn -0.1603376 0.2354366 0.9585726
vn -0.7548113 0.4226397 0.5016329
vn -0.1603376 0.2354366 0.9585726
vn -0.4514449 0.6523204 0.6088314
vn -0.1603376 0.2354366 0.9585726
vn 0.1923637 -0.2718844 0.9429078
vn 0.1847084 -0.2771648 0.9429011
vn -0.1603376 0.2354366 0.9585726
vn 0.1847084 -0.2771648 0.9429011
vn -0.1539249 0.2396527 0.9585790
vn 0.1923637 -0.2718844 0.9429078
vn 0.4718965 -0.6758014 0.5662209
vn 0.4530848 -0.6885624 0.5662120
vn 0.1923637 -0.2718844 0.9429078
vn 0.4530848 -0.6885624 0.5662120
vn 0.1847084 -0.2771648 0.9429011
vn 0.4718965 -0.6758014 0.5662209
vn 0.5705996 -0.8207511 -0.0279962
vn 0.5478421 -0.8361124 -0.0280207
vn 0.4718965 -0.6758014 0.5662209
vn 0.5478421 -0.8361124 -0.0280207
vn 0.4530848 -0.6885624 0.5662120
vn 0.5705996 -0.8207511 -0.0279962
vn 0.4502910 -0.6506719 -0.6114442
vn 0.4323095 -0.6627255 -0.6114763
vn 0.5705996 -0.8207511 -0.0279962
vn 0.4323095 -0.6627255 -0.6114763
vn 0.5478421 -0.8361124 -0.0280207
vn 0.4502910 -0.6506719 -0.6114442
vn 0.1574965 -0.2313524 -0.9600369
vn 0.1511874 -0.2354830 -0.9600469
vn 0.4502910 -0.6506719 -0.6114442
vn 0.1511874 -0.2354830 -0.9600469
vn 0.4323095 -0.6627255 -0.6114763
vn 0.1574965 -0.2313524 -0.9600369
vn -0.1950947 0.2758091 -0.9412053
vn -0.1873275 0.2811710 -0.9411967
vn 0.1574965 -0.2313524 -0.9600369
vn -0.1873275 0.2811710 -0.9411967
vn 0.1511874 -0.2354830 -0.9600469
vn -0.1950947 0.2758091 -0.9412053
vn -0.4728733 0.6771963 -0.5637341
vn -0.4540122 0.6900002 -0.5637133
vn -0.1950947 0.2758091 -0.9412053
vn -0.4540122 0.6900002 -0.5637133
vn -0.1873275 0.2811710 -0.9411967
vn -0.4728733 0.6771963 -0.5637341
vn -0.5706095 0.8207502 0.0278234
vn -0.5478365 0.8361220 0.0278430
vn -0.4728733 0.6771963 -0.5637341
vn -0.5478365 0.8361220 0.0278430
vn -0.4540122 0.6900002 -0.5637133
vn -0.5706095 0.8207502 0.0278234
vn -0.4514449 0.6523204 0.6088314
vn -0.4334227 0.6644215 0.6088423
vn -0.5706095 0.8207502 0.0278234
vn -0.4334227 0.6644215 0.6088423
vn -0.5478365 0.8361220 0.0278430
vn -0.4514449 0.6523204 0.6088314
vn -0.1603376 0.2354366 0.9585726
vn -0.1539249 0.2396527 0.9585790
vn -0.4514449 0.6523204 0.6088314
vn -0.1539249 0.2396527 0.9585790
vn -0.4334227 0.6644215 0.6088423
vn -0.1539249 0.2396527 0.9585790
vn 0.1847084 -0.2771648 0.9429011
vn 0.1768922 -0.2822440 0.9428931
vn -0.1539249 0.2396527 0.9585790
vn 0.1768922 -0.2822440 0.9428931
vn -0.1473905 0.2437060 0.9585841
vn 0.1847084 -0.2771648 0.9429011
vn 0.4530848 -0.6885624 0.5662120
vn 0.4338852 -0.7008384 0.5661882
vn 0.1847084 -0.2771648 0.9429011
vn 0.4338852 -0.7008384 0.5661882
vn 0.1768922 -0.2822440 0.9428931
vn 0.4530848 -0.6885624 0.5662120
vn 0.5478421 -0.8361124 -0.0280207
vn 0.5246161 -0.8508769 -0.0280474
vn 0.4530848 -0.6885624 0.5662120
vn 0.5246161 -0.8508769 -0.0280474
vn 0.4338852 -0.7008384 0.5661882
vn 0.5478421 -0.8361124 -0.0280207
vn 0.4323095 -0.6627255 -0.6114763
vn 0.4139788 -0.6743131 -0.6114928
vn 0.5478421 -0.8361124 -0.0280207
vn 0.4139788 -0.6743131 -0.6114928
vn 0.5246161 -0.8508769 -0.0280474
vn 0.4323095 -0.6627255 -0.6114763
vn 0.1511874 -0.2354830 -0.9600469
vn 0.1447679 -0.2394546 -0.9600540
vn 0.4323095 -0.6627255 -0.6114763
vn 0.1447679 -0.2394546 -0.9600540
vn 0.4139788 -0.6743131 -0.6114928
vn 0.1511874 -0.2354830 -0.9600469
vn -0.1873275 0.2811710 -0.9411967
vn -0.1794019 0.2863308 -0.9411852
vn 0.1511874 -0.2354830 -0.9600469
vn -0.1794019 0.2863308 -0.9411852
vn 0.1447679 -0.2394546 -0.9600540
vn -0.1873275 0.2811710 -0.9411967
vn -0.4540122 0.6900002 -0.5637133
vn -0.4347729 0.7023062 -0.5636831
vn -0.1873275 0.2811710 -0.9411967
vn -0.4347729 0.7023062 -0.5636831
vn -0.1794019 0.2863308 -0.9411852
vn -0.4540122 0.6900002 -0.5637133
vn -0.5478365 0.8361220 0.0278430
vn -0.5246109 0.8508856 0.0278765
vn -0.4540122 0.6900002 -0.5637133
vn -0.5246109 0.8508856 0.0278765
vn -0.4347729 0.7023062 -0.5636831
vn -0.5478365 0.8361220 0.0278430
vn -0.4334227 0.6644215 0.6088423
vn -0.4150419 0.6760395 0.6088603
vn -0.5478365 0.8361220 0.0278430
vn -0.4150419 0.6760395 0.6088603
vn -0.5246109 0.8508856 0.0278765
vn -0.4334227 0.6644215 0.6088423
vn -0.1539249 0.2396527 0.9585790
vn -0.1473905 0.2437060 0.9585841
vn -0.4334227 0.6644215 0.6088423
vn -0.1473905 0.2437060 0.9585841
vn -0.4150419 0.6760395 0.6088603
vn -0.1473905 0.2437060 0.9585841
vn 0.1768922 -0.2822440 0.9428931
vn 0.1689345 -0.2871106 0.9428832
vn -0.1473905 0.2437060 0.9585841
vn 0.1689345 -0.2871106 0.9428832
vn -0.1407444 0.2475639 0.9585944
vn 0.1768922 -0.2822440 0.9428931
vn 0.4338852 -0.7008384 0.5661882
vn 0.4143540 -0.7125845 0.5661573
vn 0.1768922 -0.2822440 0.9428931
vn 0.4143540 -0.7125845 0.5661573
vn 0.1689345 -0.2871106 0.9428832
vn 0.4338852 -0.7008384 0.5661882
vn 0.5246161 -0.8508769 -0.0280474
vn 0.5009942 -0.8649945 -0.0280959
vn 0.4338852 -0.7008384 0.5661882
vn 0.5009942 -0.8649945 -0.0280959
vn 0.4143540 -0.7125845 0.5661573
vn 0.5246161 -0.8508769 -0.0280474
vn 0.4139788 -0.6743131 -0.6114928
vn 0.3953334 -0.6853836 -0.6115234
vn 0.5246161 -0.8508769 -0.0280474
vn 0.3953334 -0.6853836 -0.6115234
vn 0.5009942 -0.8649945 -0.0280959
vn 0.4139788 -0.6743131 -0.6114928
vn 0.1447679 -0.2394546 -0.9600540
vn 0.1382444 -0.2432481 -0.9600619
vn 0.4139788 -0.6743131 -0.6114928
vn 0.1382444 -0.2432481 -0.9600619
vn 0.3953334 -0.6853836 -0.6115234
vn 0.1447679 -0.2394546 -0.9600540
vn -0.1794019 0.2863308 -0.9411852
vn -0.1713349 0.2912604 -0.9411758
vn 0.1447679 -0.2394546 -0.9600540
vn -0.1713349 0.2912604 -0.9411758
vn 0.1382444 -0.2432481 -0.9600619
vn -0.1794019 0.2863308 -0.9411852
vn -0.4347729 0.7023062 -0.5636831
vn -0.4152102 0.7140682 -0.5636551
vn -0.1794019 0.2863308 -0.9411852
vn -0.4152102 0.7140682 -0.5636551
vn -0.1713349 0.2912604 -0.9411758
vn -0.4347729 0.7023062 -0.5636831
vn -0.5246109 0.8508856 0.0278765
vn -0.5009981 0.8649982 0.0279099
vn -0.4347729 0.7023062 -0.5636831
vn -0.5009981 0.8649982 0.0279099
vn -0.4152102 0.7140682 -0.5636551
vn -0.5246109 0.8508856 0.0278765
vn -0.4150419 0.6760395 0.6088603
vn -0.3963534 0.6871397 0.6088867
vn -0.5246109 0.8508856 0.0278765
vn -0.3963534 0.6871397 0.6088867
vn -0.5009981 0.8649982 0.0279099
vn -0.4150419 0.6760395 0.6088603
vn -0.1473905 0.2437060 0.9585841
vn -0.1407444 0.2475639 0.9585944
vn -0.4150419 0.6760395 0.6088603
vn -0.1407444 0.2475639 0.9585944
vn -0.3963534 0.6871397 0.6088867
vn -0.1407444 0.2475639 0.9585944
vn 0.1689345 -0.2871106 0.9428832
vn 0.1764612 -0.2976147 0.9382361
vn -0.1407444 0.2475639 0.9585944
vn 0.1764612 -0.2976147 0.9382361
vn -0.1299516 0.2552881 0.9580922
vn 0.1689345 -0.2871106 0.9428832
vn 0.4143540 -0.7125845 0.5661573
vn 0.4359218 -0.7120827 0.5503731
vn 0.1689345 -0.2871106 0.9428832
vn 0.4359218 -0.7120827 0.5503731
vn 0.1764612 -0.2976147 0.9382361
vn 0.4143540 -0.7125845 0.5661573
vn 0.5009942 -0.8649945 -0.0280959
vn 0.5283173 -0.8485737 -0.0283430
vn 0.4143540 -0.7125845 0.5661573
vn 0.5283173 -0.8485737 -0.0283430
vn 0.4359218 -0.7120827 0.5503731
vn 0.5009942 -0.8649945 -0.0280959
vn 0.3953334 -0.6853836 -0.6115234
vn 0.4138158 -0.6850649 -0.5995352
vn 0.5009942 -0.8649945 -0.0280959
vn 0.4138158 -0.6850649 -0.5995352
vn 0.5283173 -0.8485737 -0.0283430
vn 0.3953334 -0.6853836 -0.6115234
vn 0.1382444 -0.2432481 -0.9600619
vn 0.1413549 -0.2469388 -0.9586657
vn 0.3953334 -0.6853836 -0.6115234
vn 0.1413549 -0.2469388 -0.9586657
vn 0.4138158 -0.6850649 -0.5995352
vn 0.1382444 -0.2432481 -0.9600619
vn -0.1713349 0.2912604 -0.9411758
vn -0.1618904 0.3079904 -0.9375145
vn 0.1382444 -0.2432481 -0.9600619
vn -0.1618904 0.3079904 -0.9375145
vn 0.1413549 -0.2469388 -0.9586657
vn -0.1713349 0.2912604 -0.9411758
vn -0.4152102 0.7140682 -0.5636551
vn -0.3805070 0.7410871 -0.5531766
vn -0.1713349 0.2912604 -0.9411758
vn -0.3805070 0.7410871 -0.5531766
vn -0.1618904 0.3079904 -0.9375145
vn -0.4152102 0.7140682 -0.5636551
vn -0.5009981 0.8649982 0.0279099
vn -0.4531207 0.8909056 0.0311252
vn -0.4152102 0.7140682 -0.5636551
vn -0.4531207 0.8909056 0.0311252
vn -0.3805070 0.7410871 -0.5531766
vn -0.5009981 0.8649982 0.0279099
vn -0.3963534 0.6871397 0.6088867
vn -0.3623819 0.7093071 0.6046179
vn -0.5009981 0.8649982 0.0279099
vn -0.3623819 0.7093071 0.6046179
vn -0.4531207 0.8909056 0.0311252
vn -0.3963534 0.6871397 0.6088867
vn -0.1407444 0.2475639 0.9585944
vn -0.1299516 0.2552881 0.9580922
vn -0.3963534 0.6871397 0.6088867
vn -0.1299516 0.2552881 0.9580922
vn -0.3623819 0.7093071 0.6046179
vn -0.1299516 0.2552881 0.9580922
vn 0.1764612 -0.2976147 0.9382361
vn 0.0248934 -0.2707932 0.9623156
vn -0.1299516 0.2552881 0.9580922
vn 0.0248934 -0.2707932 0.9623156
vn -0.0216540 0.3186961 0.9476096
vn 0.1764612 -0.2976147 0.9382361
vn 0.4359218 -0.7120827 0.5503731
vn 0.1004956 -0.7895002 0.6054668
vn 0.1764612 -0.2976147 0.9382361
vn 0.1004956 -0.7895002 0.6054668
vn 0.0248934 -0.2707932 0.9623156
vn 0.4359218 -0.7120827 0.5503731
vn 0.5283173 -0.8485737 -0.0283430
vn 0.1433932 -0.9876800 -0.0626628
vn 0.4359218 -0.7120827 0.5503731
vn 0.1433932 -0.9876800 -0.0626628
vn 0.1004956 -0.7895002 0.6054668
vn 0.5283173 -0.8485737 -0.0283430
vn 0.4138158 -0.6850649 -0.5995352
vn 0.0920708 -0.7155259 -0.6924924
vn 0.5283173 -0.8485737 -0.0283430
vn 0.0920708 -0.7155259 -0.6924924
vn 0.1433932 -0.9876800 -0.0626628
vn 0.4138158 -0.6850649 -0.5995352
vn 0.1413549 -0.2469388 -0.9586657
vn 0.0224345 -0.1714318 -0.9849405
vn 0.4138158 -0.6850649 -0.5995352
vn 0.0224345 -0.1714318 -0.9849405
vn 0.0920708 -0.7155259 -0.6924924
vn 0.1413549 -0.2469388 -0.9586657
vn -0.1618904 0.3079904 -0.9375145
vn -0.0196609 0.4098499 -0.9119411
vn 0.1413549 -0.2469388 -0.9586657
vn -0.0196609 0.4098499 -0.9119411
vn 0.0224345 -0.1714318 -0.9849405
vn -0.1618904 0.3079904 -0.9375145
vn -0.3805070 0.7410871 -0.5531766
vn -0.0438763 0.8496287 -0.5255532
vn -0.1618904 0.3079904 -0.9375145
vn -0.0438763 0.8496287 -0.5255532
vn -0.0196609 0.4098499 -0.9119411
vn -0.3805070 0.7410871 -0.5531766
vn -0.4531207 0.8909056 0.0311252
vn -0.0532363 0.9973468 0.0496535
vn -0.3805070 0.7410871 -0.5531766
vn -0.0532363 0.9973468 0.0496535
vn -0.0438763 0.8496287 -0.5255532
vn -0.4531207 0.8909056 0.0311252
vn -0.3623819 0.7093071 0.6046179
vn -0.0455433 0.7937667 0.6065148
vn -0.4531207 0.8909056 0.0311252
vn -0.0455433 0.7937667 0.6065148
vn -0.0532363 0.9973468 0.0496535
vn -0.3623819 0.7093071 0.6046179
vn -0.1299516 0.2552881 0.9580922
vn -0.0216540 0.3186961 0.9476096
vn -0.3623819 0.7093071 0.6046179
vn -0.0216540 0.3186961 0.9476096
vn -0.0455433 0.7937667 0.6065148
vn -0.0216540 0.3186961 0.9476096
vn 0.0248934 -0.2707932 0.9623156
vn 0.5154352 -0.4804765 0.7095554
vn -0.0216540 0.3186961 0.9476096
vn 0.5154352 -0.4804765 0.7095554
vn 0.6720151 -0.0206724 0.7402488
vn 0.0248934 -0.2707932 0.9623156
vn 0.1004956 -0.7895002 0.6054668
vn 0.3974584 -0.8243530 0.4030745
vn 0.0248934 -0.2707932 0.9623156
vn 0.3974584 -0.8243530 0.4030745
vn 0.5154352 -0.4804765 0.7095554
vn 0.1004956 -0.7895002 0.6054668
vn 0.1433932 -0.9876800 -0.0626628
vn 0.3615934 -0.9313027 -0.0438805
vn 0.1004956 -0.7895002 0.6054668
vn 0.3615934 -0.9313027 -0.0438805
vn 0.3974584 -0.8243530 0.4030745
vn 0.1433932 -0.9876800 -0.0626628
vn 0.0920708 -0.7155259 -0.6924924
vn 0.4176354 -0.7741309 -0.4757122
vn 0.1433932 -0.9876800 -0.0626628
vn 0.4176354 -0.7741309 -0.4757122
vn 0.3615934 -0.9313027 -0.0438805
vn 0.0920708 -0.7155259 -0.6924924
vn 0.0224345 -0.1714318 -0.9849405
vn 0.5492934 -0.3947932 -0.7364883
vn 0.0920708 -0.7155259 -0.6924924
vn 0.5492934 -0.3947932 -0.7364883
vn 0.4176354 -0.7741309 -0.4757122
vn 0.0224345 -0.1714318 -0.9849405
vn -0.0196609 0.4098499 -0.9119411
vn 0.7053860 0.0651381 -0.7058241
vn 0.0224345 -0.1714318 -0.9849405
vn 0.7053860 0.0651381 -0.7058241
vn 0.5492934 -0.3947932 -0.7364883
vn -0.0196609 0.4098499 -0.9119411
vn -0.0438763 0.8496287 -0.5255532
vn 0.8199100 0.4101959 -0.3993579
vn -0.0196609 0.4098499 -0.9119411
vn 0.8199100 0.4101959 -0.3993579
vn 0.7053860 0.0651381 -0.7058241
vn -0.0438763 0.8496287 -0.5255532
vn -0.0532363 0.9973468 0.0496535
vn 0.8542339 0.5177036 0.0476185
vn -0.0438763 0.8496287 -0.5255532
vn 0.8542339 0.5177036 0.0476185
vn 0.8199100 0.4101959 -0.3993579
vn -0.0532363 0.9973468 0.0496535
vn -0.0455433 0.7937667 0.6065148
vn 0.8004143 0.3597803 0.4794739
vn -0.0532363 0.9973468 0.0496535
vn 0.8004143 0.3597803 0.4794739
vn 0.8542339 0.5177036 0.0476185
vn -0.0455433 0.7937667 0.6065148
vn -0.0216540 0.3186961 0.9476096
vn 0.6720151 -0.0206724 0.7402488
vn -0.0455433 0.7937667 0.6065148
vn 0.6720151 -0.0206724 0.7402488
vn 0.8004143 0.3597803 0.4794739
vn -0.4467666 -0.8935343 0.0446786
vn -0.8660503 -0.2618020 0.4259303
vn -0.9745640 -0.2222409 0.0288769
vn 0.9467172 -0.3220527 0.0029167
vn 0.6720151 -0.0206724 0.7402488
vn 0.5154352 -0.4804765 0.7095554
vn -0.4467666 -0.8935343 0.0446786
vn -0.5170924 -0.4334342 0.7380719
vn -0.8660503 -0.2618020 0.4259303
vn 0.9467172 -0.3220527 0.0029167
vn 0.5154352 -0.4804765 0.7095554
vn 0.3974584 -0.8243530 0.4030745
vn -0.4467666 -0.8935343 0.0446786
vn -0.0249434 -0.6787032 0.7339890
vn -0.5170924 -0.4334342 0.7380719
vn 0.9467172 -0.3220527 0.0029167
vn 0.3974584 -0.8243530 0.4030745
vn 0.3615934 -0.9313027 -0.0438805
vn -0.4467666 -0.8935343 0.0446786
vn 0.3128832 -0.8507267 0.4223365
vn -0.0249434 -0.6787032 0.7339890
vn 0.9467172 -0.3220527 0.0029167
vn 0.3615934 -0.9313027 -0.0438805
vn 0.4176354 -0.7741309 -0.4757122
vn -0.4467666 -0.8935343 0.0446786
vn 0.4067859 -0.9130997 0.0278226
vn 0.3128832 -0.8507267 0.4223365
vn 0.9467172 -0.3220527 0.0029167
vn 0.4176354 -0.7741309 -0.4757122
vn 0.5492934 -0.3947932 -0.7364883
vn -0.4467666 -0.8935343 0.0446786
vn 0.2938189 -0.8815374 -0.3695435
vn 0.4067859 -0.9130997 0.0278226
vn 0.9467172 -0.3220527 0.0029167
vn 0.5492934 -0.3947932 -0.7364883
vn 0.7053860 0.0651381 -0.7058241
vn -0.4467666 -0.8935343 0.0446786
vn -0.0652135 -0.7301930 -0.6801217
vn 0.2938189 -0.8815374 -0.3695435
vn 0.9467172 -0.3220527 0.0029167
vn 0.7053860 0.0651381 -0.7058241
vn 0.8199100 0.4101959 -0.3993579
vn -0.4467666 -0.8935343 0.0446786
vn -0.5566542 -0.4834330 -0.6755950
vn -0.0652135 -0.7301930 -0.6801217
vn 0.9467172 -0.3220527 0.0029167
vn 0.8199100 0.4101959 -0.3993579
vn 0.8542339 0.5177036 0.0476185
vn -0.4467666 -0.8935343 0.0446786
vn -0.8844718 -0.2913353 -0.3644631
vn -0.5566542 -0.4834330 -0.6755950
vn 0.9467172 -0.3220527 0.0029167
vn 0.8542339 0.5177036 0.0476185
vn 0.8004143 0.3597803 0.4794739
vn -0.4467666 -0.8935343 0.0446786
vn -0.9745640 -0.2222409 0.0288769
vn -0.8844718 -0.2913353 -0.3644631
vn 0.9467172 -0.3220527 0.0029167
vn 0.8004143 0.3597803 0.4794739
vn 0.6720151 -0.0206724 0.7402488
usemtl cable
f 1//1 2//2 10//3
f 1//4 10//5 9//6
f 2//7 3//8 11//9
f 2//10 11//11 10//12
f 3//13 4//14 12//15
f 3//16 12//17 11//18
f 4//19 5//20 13//21
f 4//22 13//23 12//24
f 5//25 6//26 14//27
f 5//28 14//29 13//30
f 6//31 7//32 15//33
f 6//34 15//35 14//36
f 7//37 8//38 16//39
f 7//40 16//41 15//42
f 8//43 1//44 9//45
f 8//46 9//47 16//48
f 9//49 10//50 18//51
f 9//52 18//53 17//54
f 10//55 11//56 19//57
f 10//58 19//59 18//60
f 11//61 12//62 20//63
f 11//64 20//65 19//66
f 12//67 13//68 21//69
f 12//70 21//71 20//72
f 13//73 14//74 22//75
f 13//76 22//77 21//78
f 14//79 15//80 23//81
f 14//82 23//83 22//84
f 15//85 16//86 24//87
f 15//88 24//89 23//90
f 16//91 9//92 17//93
f 16//94 17//95 24//96
f 17//97 18//98 26//99
f 17//100 26//101 25//102
f 18//103 19//104 27//105
f 18//106 27//107 26//108
f 19//109 20//110 28//111
f 19//112 28//113 27//114
f 20//115 21//116 29//117
f 20//118 29//119 28//120
f 21//121 22//122 30//123
f 21//124 30//125 29//126
f 22//127 23//128 31//129
f 22//130 31//131 30//132
f 23//133 24//134 32//135
f 23//136 32//137 31//138
f 24//139 17//140 25//141
f 24//142 25//143 32//144
f 25//145 26//146 34//147
f 25//148 34//149 33//150
f 26//151 27//152 35//153
f 26//154 35//155 34//156
f 27//157 28//158 36//159
f 27//160 36//161 35//162
f 28//163 29//164 37//165
f 28//166 37//167 36//168
f 29//169 30//170 38//171
f 29//172 38//173 37//174
f 30//175 31//176 39//177
f 30//178 39//179 38//180
f 31//181 32//182 40//183
f 31//184 40//185 39//186
f 32//187 25//188 33//189
f 32//190 33//191 40//192
f 33//193 34//194 42//195
f 33//196 42//197 41//198
f 34//199 35//200 43//201
f 34//202 43//203 42//204
f 35//205 36//206 44//207
f 35//208 44//209 43//210
f 36//211 37//212 45//213
f 36//214 45//215 44//216
f 37//217 38//218 46//219
f 37//220 46//221 45//222
f 38//223 39//224 47//225
f 38//226 47//227 46//228
f 39//229 40//230 48//231
f 39//232 48//233 47//234
f 40//235 33//236 41//237
f 40//238 41//239 48//240
f 41//241 42//242 50//243
f 41//244 50//245 49//246
f 42//247 43//248 51//249
f 42//250 51//251 50//252
f 43//253 44//254 52//255
f 43//256 52//257 51//258
f 44//259 45//260 53//261
f 44//262 53//263 52//264
f 45//265 46//266 54//267
f 45//268 54//269 53//270
f 46//271 47//272 55//273
f 46//274 55//275 54//276
f 47//277 48//278 56//279
f 47//280 56//281 55//282
f 48//283 41//284 49//285
f 48//286 49//287 56//288
f 49//289 50//290 58//291
f 49//292 58//293 57//294
f 50//295 51//296 59//297
f 50//298 59//299 58//300
f 51//301 52//302 60//303
f 51//304 60//305 59//306
f 52//307 53//308 61//309
f 52//310 61//311 60//312
f 53//313 54//314 62//315
f 53//316 62//317 61//318
f 54//319 55//320 63//321
f 54//322 63//323 62//324
f 55//325 56//326 64//327
f 55//328 64//329 63//330
f 56//331 49//332 57//333
f 56//334 57//335 64//336
f 57//337 58//338 66//339
f 57//340 66//341 65//342
f 58//343 59//344 67//345
f 58//346 67//347 66//348
f 59//349 60//350 68//351
f 59//352 68//353 67//354
f 60//355 61//356 69//357
f 60//358 69//359 68//360
f 61//361 62//362 70//363
f 61//364 70//365 69//366
f 62//367 63//368 71//369
f 62//370 71//371 70//372
f 63//373 64//374 72//375
f 63//376 72//377 71//378
f 64//379 57//380 65//381
f 64//382 65//383 72//384
f 65//385 66//386 74//387
f 65//388 74//389 73//390
f 66//391 67//392 75//393
f 66//394 75//395 74//396
f 67//397 68//398 76//399
f 67//400 76//401 75//402
f 68//403 69//404 77//405
f 68//406 77//407 76//408
f 69//409 70//410 78//411
f 69//412 78//413 77//414
f 70//415 71//416 79//417
f 70//418 79//419 78//420
f 71//421 72//422 80//423
f 71//424 80//425 79//426
f 72//427 65//428 73//429
f 72//430 73//431 80//432
f 73//433 74//434 82//435
f 73//436 82//437 81//438
f 74//439 75//440 83//441
f 74//442 83//443 82//444
f 75//445 76//446 84//447
f 75//448 84//449 83//450
f 76//451 77//452 85//453
f 76//454 85//455 84//456
f 77//457 78//458 86//459
f 77//460 86//461 85//462
f 78//463 79//464 87//465
f 78//466 87//467 86//468
f 79//469 80//470 88//471
f 79//472 88//473 87//474
f 80//475 73//476 81//477
f 80//478 81//479 88//480
f 81//481 82//482 90//483
f 81//484 90//485 89//486
f 82//487 83//488 91//489
f 82//490 91//491 90//492
f 83//493 84//494 92//495
f 83//496 92//497 91//498
f 84//499 85//500 93//501
f 84//502 93//503 92//504
f 85//505 86//506 94//507
f 85//508 94//509 93//510
f 86//511 87//512 95//513
f 86//514 95//515 94//516
f 87//517 88//518 96//519
f 87//520 96//521 95//522
f 88//523 81//524 89//525
f 88//526 89//527 96//528
f 89//529 90//530 98//531
f 89//532 98//533 97//534
f 90//535 91//536 99//537
f 90//538 99//539 98//540
f 91//541 92//542 100//543
f 91//544 100//545 99//546
f 92//547 93//548 101//549
f 92//550 101//551 100//552
f 93//553 94//554 102//555
f 93//556 102//557 101//558
f 94//559 95//560 103//561
f 94//562 103//563 102//564
f 95//565 96//566 104//567
f 95//568 104//569 103//570
f 96//571 89//572 97//573
f 96//574 97//575 104//576
f 97//577 98//578 106//579
f 97//580 106//581 105//582
f 98//583 99//584 107//585
f 98//586 107//587 106//588
f 99//589 100//590 108//591
f 99//592 108//593 107//594
f 100//595 101//596 109//597
f 100//598 109//599 108//600
f 101//601 102//602 110//603
f 101//604 110//605 109//606
f 102//607 103//608 111//609
f 102//610 111//611 110//612
f 103//613 104//614 112//615
f 103//616 112//617 111//618
f 104//619 97//620 105//621
f 104//622 105//623 112//624
f 105//625 106//626 114//627
f 105//628 114//629 113//630
f 106//631 107//632 115//633
f 106//634 115//635 114//636
f 107//637 108//638 116//639
f 107//640 116//641 115//642
f 108//643 109//644 117//645
f 108//646 117//647 116//648
f 109//649 110//650 118//651
f 109//652 118//653 117//654
f 110//655 111//656 119//657
f 110//658 119//659 118//660
f 111//661 112//662 120//663
f 111//664 120//665 119//666
f 112//667 105//668 113//669
f 112//670 113//671 120//672
f 113//673 114//674 122//675
f 113//676 122//677 121//678
f 114//679 115//680 123//681
f 114//682 123//683 122//684
f 115//685 116//686 124//687
f 115//688 124//689 123//690
f 116//691 117//692 125//693
f 116//694 125//695 124//696
f 117//697 118//698 126//699
f 117//700 126//701 125//702
f 118//703 119//704 127//705
f 118//706 127//707 126//708
f 119//709 120//710 128//711
f 119//712 128//713 127//714
f 120//715 113//716 121//717
f 120//718 121//719 128//720
f 121//721 122//722 130//723
f 121//724 130//725 129//726
f 122//727 123//728 131//729
f 122//730 131//731 130//732
f 123//733 124//734 132//735
f 123//736 132//737 131//738
f 124//739 125//740 133//741
f 124//742 133//743 132//744
f 125//745 126//746 134//747
f 125//748 134//749 133//750
f 126//751 127//752 135//753
f 126//754 135//755 134//756
f 127//757 128//758 136//759
f 127//760 136//761 135//762
f 128//763 121//764 129//765
f 128//766 129//767 136//768
f 129//769 130//770 138//771
f 129//772 138//773 137//774
f 130//775 131//776 139//777
f 130//778 139//779 138//780
f 131//781 132//782 140//783
f 131//784 140//785 139//786
f 132//787 133//788 141//789
f 132//790 141//791 140//792
f 133//793 134//794 142//795
f 133//796 142//797 141//798
f 134//799 135//800 143//801
f 134//802 143//803 142//804
f 135//805 136//806 144//807
f 135//808 144//809 143//810
f 136//811 129//812 137//813
f 136//814 137//815 144//816
f 137//817 138//818 146//819
f 137//820 146//821 145//822
f 138//823 139//824 147//825
f 138//826 147//827 146//828
f 139//829 140//830 148//831
f 139//832 148//833 147//834
f 140//835 141//836 149//837
f 140//838 149//839 148//840
f 141//841 142//842 150//843
f 141//844 150//845 149//846
f 142//847 143//848 151//849
f 142//850 151//851 150//852
f 143//853 144//854 152//855
f 143//856 152//857 151//858
f 144//859 137//860 145//861
f 144//862 145//863 152//864
f 145//865 146//866 154//867
f 145//868 154//869 153//870
f 146//871 147//872 155//873
f 146//874 155//875 154//876
f 147//877 148//878 156//879
f 147//880 156//881 155//882
f 148//883 149//884 157//885
f 148//886 157//887 156//888
f 149//889 150//890 158//891
f 149//892 158//893 157//894
f 150//895 151//896 159//897
f 150//898 159//899 158//900
f 151//901 152//902 160//903
f 151//904 160//905 159//906
f 152//907 145//908 153//909
f 152//910 153//911 160//912
f 153//913 154//914 162//915
f 153//916 162//917 161//918
f 154//919 155//920 163//921
f 154//922 163//923 162//924
f 155//925 156//926 164//927
f 155//928 164//929 163//930
f 156//931 157//932 165//933
f 156//934 165//935 164//936
f 157//937 158//938 166//939
f 157//940 166//941 165//942
f 158//943 159//944 167//945
f 158//946 167//947 166//948
f 159//949 160//950 168//951
f 159//952 168//953 167//954
f 160//955 153//956 161//957
f 160//958 161//959 168//960
f 161//961 162//962 170//963
f 161//964 170//965 169//966
f 162//967 163//968 171//969
f 162//970 171//971 170//972
f 163//973 164//974 172//975
f 163//976 172//977 171//978
f 164//979 165//980 173//981
f 164//982 173//983 172//984
f 165//985 166//986 174//987
f 165//988 174//989 173//990
f 166//991 167//992 175//993
f 166//994 175//995 174//996
f 167//997 168//998 176//999
f 167//1000 176//1001 175//1002
f 168//1003 161//1004 169//1005
f 168//1006 169//1007 176//1008
f 169//1009 170//1010 178//1011
f 169//1012 178//1013 177//1014
f 170//1015 171//1016 179//1017
f 170//1018 179//1019 178//1020
f 171//1021 172//1022 180//1023
f 171//1024 180//1025 179//1026
f 172//1027 173//1028 181//1029
f 172//1030 181//1031 180//1032
f 173//1033 174//1034 182//1035
f 173//1036 182//1037 181//1038
f 174//1039 175//1040 183//1041
f 174//1042 183//1043 182//1044
f 175//1045 176//1046 184//1047
f 175//1048 184//1049 183//1050
f 176//1051 169//1052 177//1053
f 176//1054 177//1055 184//1056
f 177//1057 178//1058 186//1059
f 177//1060 186//1061 185//1062
f 178//1063 179//1064 187//1065
f 178//1066 187//1067 186//1068
f 179//1069 180//1070 188//1071
f 179//1072 188//1073 187//1074
f 180//1075 181//1076 189//1077
f 180//1078 189//1079 188//1080
f 181//1081 182//1082 190//1083
f 181//1084 190//1085 189//1086
f 182//1087 183//1088 191//1089
f 182//1090 191//1091 190//1092
f 183//1093 184//1094 192//1095
f 183//1096 192//1097 191//1098
f 184//1099 177//1100 185//1101
f 184//1102 185//1103 192//1104
f 185//1105 186//1106 194//1107
f 185//1108 194//1109 193//1110
f 186//1111 187//1112 195//1113
f 186//1114 195//1115 194//1116
f 187//1117 188//1118 196//1119
f 187//1120 196//1121 195//1122
f 188//1123 189//1124 197//1125
f 188//1126 197//1127 196//1128
f 189//1129 190//1130 198//1131
f 189//1132 198//1133 197//1134
f 190//1135 191//1136 199//1137
f 190//1138 199//1139 198//1140
f 191//1141 192//1142 200//1143
f 191//1144 200//1145 199//1146
f 192//1147 185//1148 193//1149
f 192//1150 193//1151 200//1152
f 193//1153 194//1154 202//1155
f 193//1156 202//1157 201//1158
f 194//1159 195//1160 203//1161
f 194//1162 203//1163 202//1164
f 195//1165 196//1166 204//1167
f 195//1168 204//1169 203//1170
f 196//1171 197//1172 205//1173
f 196//1174 205//1175 204//1176
f 197//1177 198//1178 206//1179
f 197//1180 206//1181 205//1182
f 198//1183 199//1184 207//1185
f 198//1186 207//1187 206//1188
f 199//1189 200//1190 208//1191
f 199//1192 208//1193 207//1194
f 200//1195 193//1196 201//1197
f 200//1198 201//1199 208//1200
f 201//1201 202//1202 210//1203
f 201//1204 210//1205 209//1206
f 202//1207 203//1208 211//1209
f 202//1210 211//1211 210//1212
f 203//1213 204//1214 212//1215
f 203//1216 212//1217 211//1218
f 204//1219 205//1220 213//1221
f 204//1222 213//1223 212//1224
f 205//1225 206//1226 214//1227
f 205//1228 214//1229 213//1230
f 206//1231 207//1232 215//1233
f 206//1234 215//1235 214//1236
f 207//1237 208//1238 216//1239
f 207//1240 216//1241 215//1242
f 208//1243 201//1244 209//1245
f 208//1246 209//1247 216//1248
f 209//1249 210//1250 218//1251
f 209//1252 218//1253 217//1254
f 210//1255 211//1256 219//1257
f 210//1258 219//1259 218//1260
f 211//1261 212//1262 220//1263
f 211//1264 220//1265 219//1266
f 212//1267 213//1268 221//1269
f 212//1270 221//1271 220//1272
f 213//1273 214//1274 222//1275
f 213//1276 222//1277 221//1278
f 214//1279 215//1280 223//1281
f 214//1282 223//1283 222//1284
f 215//1285 216//1286 224//1287
f 215//1288 224//1289 223//1290
f 216//1291 209//1292 217//1293
f 216//1294 217//1295 224//1296
f 217//1297 218//1298 226//1299
f 217//1300 226//1301 225//1302
f 218//1303 219//1304 227//1305
f 218//1306 227//1307 226//1308
f 219//1309 220//1310 228//1311
f 219//1312 228//1313 227//1314
f 220//1315 221//1316 229//1317
f 220//1318 229//1319 228//1320
f 221//1321 222//1322 230//1323
f 221//1324 230//1325 229//1326
f 222//1327 223//1328 231//1329
f 222//1330 231//1331 230//1332
f 223//1333 224//1334 232//1335
f 223//1336 232//1337 231//1338
f 224//1339 217//1340 225//1341
f 224//1342 225//1343 232//1344
f 225//1345 226//1346 234//1347
f 225//1348 234//1349 233//1350
f 226//1351 227//1352 235//1353
f 226//1354 235//1355 234//1356
f 227//1357 228//1358 236//1359
f 227//1360 236//1361 235//1362
f 228//1363 229//1364 237//1365
f 228//1366 237//1367 236//1368
f 229//1369 230//1370 238//1371
f 229//1372 238//1373 237//1374
f 230//1375 231//1376 239//1377
f 230//1378 239//1379 238//1380
f 231//1381 232//1382 240//1383
f 231//1384 240//1385 239//1386
f 232//1387 225//1388 233//1389
f 232//1390 233//1391 240//1392
f 233//1393 234//1394 242//1395
f 233//1396 242//1397 241//1398
f 234//1399 235//1400 243//1401
f 234//1402 243//1403 242//1404
f 235//1405 236//1406 244//1407
f 235//1408 244//1409 243//1410
f 236//1411 237//1412 245//1413
f 236//1414 245//1415 244//1416
f 237//1417 238//1418 246//1419
f 237//1420 246//1421 245//1422
f 238//1423 239//1424 247//1425
f 238//1426 247//1427 246//1428
f 239//1429 240//1430 248//1431
f 239//1432 248//1433 247//1434
f 240//1435 233//1436 241//1437
f 240//1438 241//1439 248//1440
f 241//1441 242//1442 250//1443
f 241//1444 250//1445 249//1446
f 242//1447 243//1448 251//1449
f 242//1450 251//1451 250//1452
f 243//1453 244//1454 252//1455
f 243//1456 252//1457 251//1458
f 244//1459 245//1460 253//1461
f 244//1462 253//1463 252//1464
f 245//1465 246//1466 254//1467
f 245//1468 254//1469 253//1470
f 246//1471 247//1472 255//1473
f 246//1474 255//1475 254//1476
f 247//1477 248//1478 256//1479
f 247//1480 256//1481 255//1482
f 248//1483 241//1484 249//1485
f 248//1486 249//1487 256//1488
f 249//1489 250//1490 258//1491
f 249//1492 258//1493 257//1494
f 250//1495 251//1496 259//1497
f 250//1498 259//1499 258//1500
f 251//1501 252//1502 260//1503
f 251//1504 260//1505 259//1506
f 252//1507 253//1508 261//1509
f 252//1510 261//1511 260//1512
f 253//1513 254//1514 262//1515
f 253//1516 262//1517 261//1518
f 254//1519 255//1520 263//1521
f 254//1522 263//1523 262//1524
f 255//1525 256//1526 264//1527
f 255//1528 264//1529 263//1530
f 256//1531 249//1532 257//1533
f 256//1534 257//1535 264//1536
f 257//1537 258//1538 266//1539
f 257//1540 266//1541 265//1542
f 258//1543 259//1544 267//1545
f 258//1546 267//1547 266//1548
f 259//1549 260//1550 268//1551
f 259//1552 268//1553 267//1554
f 260//1555 261//1556 269//1557
f 260//1558 269//1559 268//1560
f 261//1561 262//1562 270//1563
f 261//1564 270//1565 269//1566
f 262//1567 263//1568 271//1569
f 262//1570 271//1571 270//1572
f 263//1573 264//1574 272//1575
f 263//1576 272//1577 271//1578
f 264//1579 257//1580 265//1581
f 264//1582 265//1583 272//1584
f 265//1585 266//1586 274//1587
f 265//1588 274//1589 273//1590
f 266//1591 267//1592 275//1593
f 266//1594 275//1595 274//1596
f 267//1597 268//1598 276//1599
f 267//1600 276//1601 275//1602
f 268//1603 269//1604 277//1605
f 268//1606 277//1607 276//1608
f 269//1609 270//1610 278//1611
f 269//1612 278//1613 277//1614
f 270//1615 271//1616 279//1617
f 270//1618 279//1619 278//1620
f 271//1621 272//1622 280//1623
f 271//1624 280//1625 279//1626
f 272//1627 265//1628 273//1629
f 272//1630 273//1631 280//1632
f 273//1633 274//1634 282//1635
f 273//1636 282//1637 281//1638
f 274//1639 275//1640 283//1641
f 274//1642 283//1643 282//1644
f 275//1645 276//1646 284//1647
f 275//1648 284//1649 283//1650
f 276//1651 277//1652 285//1653
f 276//1654 285//1655 284//1656
f 277//1657 278//1658 286//1659
f 277//1660 286//1661 285//1662
f 278//1663 279//1664 287//1665
f 278//1666 287//1667 286//1668
f 279//1669 280//1670 288//1671
f 279//1672 288//1673 287//1674
f 280//1675 273//1676 281//1677
f 280//1678 281//1679 288//1680
f 281//1681 282//1682 290//1683
f 281//1684 290//1685 289//1686
f 282//1687 283//1688 291//1689
f 282//1690 291//1691 290//1692
f 283//1693 284//1694 292//1695
f 283//1696 292//1697 291//1698
f 284//1699 285//1700 293//1701
f 284//1702 293//1703 292//1704
f 285//1705 286//1706 294//1707
f 285//1708 294//1709 293//1710
f 286//1711 287//1712 295//1713
f 286//1714 295//1715 294//1716
f 287//1717 288//1718 296//1719
f 287//1720 296//1721 295//1722
f 288//1723 281//1724 289//1725
f 288//1726 289//1727 296//1728
f 289//1729 290//1730 298//1731
f 289//1732 298//1733 297//1734
f 290//1735 291//1736 299//1737
f 290//1738 299//1739 298//1740
f 291//1741 292//1742 300//1743
f 291//1744 300//1745 299//1746
f 292//1747 293//1748 301//1749
f 292//1750 301//1751 300//1752
f 293//1753 294//1754 302//1755
f 293//1756 302//1757 301//1758
f 294//1759 295//1760 303//1761
f 294//1762 303//1763 302//1764
f 295//1765 296//1766 304//1767
f 295//1768 304//1769 303//1770
f 296//1771 289//1772 297//1773
f 296//1774 297//1775 304//1776
f 297//1777 298//1778 306//1779
f 297//1780 306//1781 305//1782
f 298//1783 299//1784 307//1785
f 298//1786 307//1787 306//1788
f 299//1789 300//1790 308//1791
f 299//1792 308//1793 307//1794
f 300//1795 301//1796 309//1797
f 300//1798 309//1799 308//1800
f 301//1801 302//1802 310//1803
f 301//1804 310//1805 309//1806
f 302//1807 303//1808 311//1809
f 302//1810 311//1811 310//1812
f 303//1813 304//1814 312//1815
f 303//1816 312//1817 311//1818
f 304//1819 297//1820 305//1821
f 304//1822 305//1823 312//1824
f 305//1825 306//1826 314//1827
f 305//1828 314//1829 313//1830
f 306//1831 307//1832 315//1833
f 306//1834 315//1835 314//1836
f 307//1837 308//1838 316//1839
f 307//1840 316//1841 315//1842
f 308//1843 309//1844 317//1845
f 308//1846 317//1847 316//1848
f 309//1849 310//1850 318//1851
f 309//1852 318//1853 317//1854
f 310//1855 311//1856 319//1857
f 310//1858 319//1859 318//1860
f 311//1861 312//1862 320//1863
f 311//1864 320//1865 319//1866
f 312//1867 305//1868 313//1869
f 312//1870 313//1871 320//1872
f 313//1873 314//1874 322//1875
f 313//1876 322//1877 321//1878
f 314//1879 315//1880 323//1881
f 314//1882 323//1883 322//1884
f 315//1885 316//1886 324//1887
f 315//1888 324//1889 323//1890
f 316//1891 317//1892 325//1893
f 316//1894 325//1895 324//1896
f 317//1897 318//1898 326//1899
f 317//1900 326//1901 325//1902
f 318//1903 319//1904 327//1905
f 318//1906 327//1907 326//1908
f 319//1909 320//1910 328//1911
f 319//1912 328//1913 327//1914
f 320//1915 313//1916 321//1917
f 320//1918 321//1919 328//1920
f 321//1921 322//1922 330//1923
f 321//1924 330//1925 329//1926
f 322//1927 323//1928 331//1929
f 322//1930 331//1931 330//1932
f 323//1933 324//1934 332//1935
f 323//1936 332//1937 331//1938
f 324//1939 325//1940 333//1941
f 324//1942 333//1943 332//1944
f 325//1945 326//1946 334//1947
f 325//1948 334//1949 333//1950
f 326//1951 327//1952 335//1953
f 326//1954 335//1955 334//1956
f 327//1957 328//1958 336//1959
f 327//1960 336//1961 335//1962
f 328//1963 321//1964 329//1965
f 328//1966 329//1967 336//1968
f 337//1969 2//1970 1//1971
f 338//1972 329//1973 330//1974
f 337//1975 3//1976 2//1977
f 338//1978 330//1979 331//1980
f 337//1981 4//1982 3//1983
f 338//1984 331//1985 332//1986
f 337//1987 5//1988 4//1989
f 338//1990 332//1991 333//1992
f 337//1993 6//1994 5//1995
f 338//1996 333//1997 334//1998
f 337//1999 7//2000 6//2001
f 338//2002 334//2003 335//2004
f 337//2005 8//2006 7//2007
f 338//2008 335//2009 336//2010
f 337//2011 1//2012 8//2013
f 338//2014 336//2015 329//2016
f 339//2017 340//2018 348//2019
f 339//2020 348//2021 347//2022
f 340//2023 341//2024 349//2025
f 340//2026 349//2027 348//2028
f 341//2029 342//2030 350//2031
f 341//2032 350//2033 349//2034
f 342//2035 343//2036 351//2037
f 342//2038 351//2039 350//2040
f 343//2041 344//2042 352//2043
f 343//2044 352//2045 351//2046
f 344//2047 345//2048 353//2049
f 344//2050 353//2051 352//2052
f 345//2053 346//2054 354//2055
f 345//2056 354//2057 353//2058
f 346//2059 339//2060 347//2061
f 346//2062 347//2063 354//2064
f 347//2065 348//2066 356//2067
f 347//2068 356//2069 355//2070
f 348//2071 349//2072 357//2073
f 348//2074 357//2075 356//2076
f 349//2077 350//2078 358//2079
f 349//2080 358//2081 357//2082
f 350//2083 351//2084 359//2085
f 350//2086 359//2087 358//2088
f 351//2089 352//2090 360//2091
f 351//2092 360//2093 359//2094
f 352//2095 353//2096 361//2097
f 352//2098 361//2099 360//2100
f 353//2101 354//2102 362//2103
f 353//2104 362//2105 361//2106
f 354//2107 347//2108 355//2109
f 354//2110 355//2111 362//2112
f 355//2113 356//2114 364//2115
f 355//2116 364//2117 363//2118
f 356//2119 357//2120 365//2121
f 356//2122 365//2123 364//2124
f 357//2125 358//2126 366//2127
f 357//2128 366//2129 365//2130
f 358//2131 359//2132 367//2133
f 358//2134 367//2135 366//2136
f 359//2137 360//2138 368//2139
f 359//2140 368//2141 367//2142
f 360//2143 361//2144 369//2145
f 360//2146 369//2147 368//2148
f 361//2149 362//2150 370//2151
f 361//2152 370//2153 369//2154
f 362//2155 355//2156 363//2157
f 362//2158 363//2159 370//2160
f 363//2161 364//2162 372//2163
f 363//2164 372//2165 371//2166
f 364//2167 365//2168 373//2169
f 364//2170 373//2171 372//2172
f 365//2173 366//2174 374//2175
f 365//2176 374//2177 373//2178
f 366//2179 367//2180 375//2181
f 366//2182 375//2183 374//2184
f 367//2185 368//2186 376//2187
f 367//2188 376//2189 375//2190
f 368//2191 369//2192 377//2193
f 368//2194 377//2195 376//2196
f 369//2197 370//2198 378//2199
f 369//2200 378//2201 377//2202
f 370//2203 363//2204 371//2205
f 370//2206 371//2207 378//2208
f 371//2209 372//2210 380//2211
f 371//2212 380//2213 379//2214
f 372//2215 373//2216 381//2217
f 372//2218 381//2219 380//2220
f 373//2221 374//2222 382//2223
f 373//2224 382//2225 381//2226
f 374//2227 375//2228 383//2229
f 374//2230 383//2231 382//2232
f 375//2233 376//2234 384//2235
f 375//2236 384//2237 383//2238
f 376//2239 377//2240 385//2241
f 376//2242 385//2243 384//2244
f 377//2245 378//2246 386//2247
f 377//2248 386//2249 385//2250
f 378//2251 371//2252 379//2253
f 378//2254 379//2255 386//2256
f 379//2257 380//2258 388//2259
f 379//2260 388//2261 387//2262
f 380//2263 381//2264 389//2265
f 380//2266 389//2267 388//2268
f 381//2269 382//2270 390//2271
f 381//2272 390//2273 389//2274
f 382//2275 383//2276 391//2277
f 382//2278 391//2279 390//2280
f 383//2281 384//2282 392//2283
f 383//2284 392//2285 391//2286
f 384//2287 385//2288 393//2289
f 384//2290 393//2291 392//2292
f 385//2293 386//2294 394//2295
f 385//2296 394//2297 393//2298
f 386//2299 379//2300 387//2301
f 386//2302 387//2303 394//2304
f 387//2305 388//2306 396//2307
f 387//2308 396//2309 395//2310
f 388//2311 389//2312 397//2313
f 388//2314 397//2315 396//2316
f 389//2317 390//2318 398//2319
f 389//2320 398//2321 397//2322
f 390//2323 391//2324 399//2325
f 390//2326 399//2327 398//2328
f 391//2329 392//2330 400//2331
f 391//2332 400//2333 399//2334
f 392//2335 393//2336 401//2337
f 392//2338 401//2339 400//2340
f 393//2341 394//2342 402//2343
f 393//2344 402//2345 401//2346
f 394//2347 387//2348 395//2349
f 394//2350 395//2351 402//2352
f 395//2353 396//2354 404//2355
f 395//2356 404//2357 403//2358
f 396//2359 397//2360 405//2361
f 396//2362 405//2363 404//2364
f 397//2365 398//2366 406//2367
f 397//2368 406//2369 405//2370
f 398//2371 399//2372 407//2373
f 398//2374 407//2375 406//2376
f 399//2377 400//2378 408//2379
f 399//2380 408//2381 407//2382
f 400//2383 401//2384 409//2385
f 400//2386 409//2387 408//2388
f 401//2389 402//2390 410//2391
f 401//2392 410//2393 409//2394
f 402//2395 395//2396 403//2397
f 402//2398 403//2399 410//2400
f 403//2401 404//2402 412//2403
f 403//2404 412//2405 411//2406
f 404//2407 405//2408 413//2409
f 404//2410 413//2411 412//2412
f 405//2413 406//2414 414//2415
f 405//2416 414//2417 413//2418
f 406//2419 407//2420 415//2421
f 406//2422 415//2423 414//2424
f 407//2425 408//2426 416//2427
f 407//2428 416//2429 415//2430
f 408//2431 409//2432 417//2433
f 408//2434 417//2435 416//2436
f 409//2437 410//2438 418//2439
f 409//2440 418//2441 417//2442
f 410//2443 403//2444 411//2445
f 410//2446 411//2447 418//2448
f 411//2449 412//2450 420//2451
f 411//2452 420//2453 419//2454
f 412//2455 413//2456 421//2457
f 412//2458 421//2459 420//2460
f 413//2461 414//2462 422//2463
f 413//2464 422//2465 421//2466
f 414//2467 415//2468 423//2469
f 414//2470 423//2471 422//2472
f 415//2473 416//2474 424//2475
f 415//2476 424//2477 423//2478
f 416//2479 417//2480 425//2481
f 416//2482 425//2483 424//2484
f 417//2485 418//2486 426//2487
f 417//2488 426//2489 425//2490
f 418//2491 411//2492 419//2493
f 418//2494 419//2495 426//2496
f 419//2497 420//2498 428//2499
f 419//2500 428//2501 427//2502
f 420//2503 421//2504 429//2505
f 420//2506 429//2507 428//2508
f 421//2509 422//2510 430//2511
f 421//2512 430//2513 429//2514
f 422//2515 423//2516 431//2517
f 422//2518 431//2519 430//2520
f 423//2521 424//2522 432//2523
f 423//2524 432//2525 431//2526
f 424//2527 425//2528 433//2529
f 424//2530 433//2531 432//2532
f 425//2533 426//2534 434//2535
f 425//2536 434//2537 433//2538
f 426//2539 419//2540 427//2541
f 426//2542 427//2543 434//2544
f 427//2545 428//2546 436//2547
f 427//2548 436//2549 435//2550
f 428//2551 429//2552 437//2553
f 428//2554 437//2555 436//2556
f 429//2557 430//2558 438//2559
f 429//2560 438//2561 437//2562
f 430//2563 431//2564 439//2565
f 430//2566 439//2567 438//2568
f 431//2569 432//2570 440//2571
f 431//2572 440//2573 439//2574
f 432//2575 433//2576 441//2577
f 432//2578 441//2579 440//2580
f 433//2581 434//2582 442//2583
f 433//2584 442//2585 441//2586
f 434//2587 427//2588 435//2589
f 434//2590 435//2591 442//2592
f 435//2593 436//2594 444//2595
f 435//2596 444//2597 443//2598
f 436//2599 437//2600 445//2601
f 436//2602 445//2603 444//2604
f 437//2605 438//2606 446//2607
f 437//2608 446//2609 445//2610
f 438//2611 439//2612 447//2613
f 438//2614 447//2615 446//2616
f 439//2617 440//2618 448//2619
f 439//2620 448//2621 447//2622
f 440//2623 441//2624 449//2625
f 440//2626 449//2627 448//2628
f 441//2629 442//2630 450//2631
f 441//2632 450//2633 449//2634
f 442//2635 435//2636 443//2637
f 442//2638 443//2639 450//2640
f 443//2641 444//2642 452//2643
f 443//2644 452//2645 451//2646
f 444//2647 445//2648 453//2649
f 444//2650 453//2651 452//2652
f 445//2653 446//2654 454//2655
f 445//2656 454//2657 453//2658
f 446//2659 447//2660 455//2661
f 446//2662 455//2663 454//2664
f 447//2665 448//2666 456//2667
f 447//2668 456//2669 455//2670
f 448//2671 449//2672 457//2673
f 448//2674 457//2675 456//2676
f 449//2677 450//2678 458//2679
f 449//2680 458//2681 457//2682
f 450//2683 443//2684 451//2685
f 450//2686 451//2687 458//2688
f 451//2689 452//2690 460//2691
f 451//2692 460//2693 459//2694
f 452//2695 453//2696 461//2697
f 452//2698 461//2699 460//2700
f 453//2701 454//2702 462//2703
f 453//2704 462//2705 461//2706
f 454//2707 455//2708 463//2709
f 454//2710 463//2711 462//2712
f 455//2713 456//2714 464//2715
f 455//2716 464//2717 463//2718
f 456//2719 457//2720 465//2721
f 456//2722 465//2723 464//2724
f 457//2725 458//2726 466//2727
f 457//2728 466//2729 465//2730
f 458//2731 451//2732 459//2733
f 458//2734 459//2735 466//2736
f 459//2737 460//2738 468//2739
f 459//2740 468//2741 467//2742
f 460//2743 461//2744 469//2745
f 460//2746 469//2747 468//2748
f 461//2749 462//2750 470//2751
f 461//2752 470//2753 469//2754
f 462//2755 463//2756 471//2757
f 462//2758 471//2759 470//2760
f 463//2761 464//2762 472//2763
f 463//2764 472//2765 471//2766
f 464//2767 465//2768 473//2769
f 464//2770 473//2771 472//2772
f 465//2773 466//2774 474//2775
f 465//2776 474//2777 473//2778
f 466//2779 459//2780 467//2781
f 466//2782 467//2783 474//2784
f 467//2785 468//2786 476//2787
f 467//2788 476//2789 475//2790
f 468//2791 469//2792 477//2793
f 468//2794 477//2795 476//2796
f 469//2797 470//2798 478//2799
f 469//2800 478//2801 477//2802
f 470//2803 471//2804 479//2805
f 470//2806 479//2807 478//2808
f 471//2809 472//2810 480//2811
f 471//2812 480//2813 479//2814
f 472//2815 473//2816 481//2817
f 472//2818 481//2819 480//2820
f 473//2821 474//2822 482//2823
f 473//2824 482//2825 481//2826
f 474//2827 467//2828 475//2829
f 474//2830 475//2831 482//2832
f 475//2833 476//2834 484//2835
f 475//2836 484//2837 483//2838
f 476//2839 477//2840 485//2841
f 476//2842 485//2843 484//2844
f 477//2845 478//2846 486//2847
f 477//2848 486//2849 485//2850
f 478//2851 479//2852 487//2853
f 478//2854 487//2855 486//2856
f 479//2857 480//2858 488//2859
f 479//2860 488//2861 487//2862
f 480//2863 481//2864 489//2865
f 480//2866 489//2867 488//2868
f 481//2869 482//2870 490//2871
f 481//2872 490//2873 489//2874
f 482//2875 475//2876 483//2877
f 482//2878 483//2879 490//2880
f 483//2881 484//2882 492//2883
f 483//2884 492//2885 491//2886
f 484//2887 485//2888 493//2889
f 484//2890 493//2891 492//2892
f 485//2893 486//2894 494//2895
f 485//2896 494//2897 493//2898
f 486//2899 487//2900 495//2901
f 486//2902 495//2903 494//2904
f 487//2905 488//2906 496//2907
f 487//2908 496//2909 495//2910
f 488//2911 489//2912 497//2913
f 488//2914 497//2915 496//2916
f 489//2917 490//2918 498//2919
f 489//2920 498//2921 497//2922
f 490//2923 483//2924 491//2925
f 490//2926 491//2927 498//2928
f 491//2929 492//2930 500//2931
f 491//2932 500//2933 499//2934
f 492//2935 493//2936 501//2937
f 492//2938 501//2939 500//2940
f 493//2941 494//2942 502//2943
f 493//2944 502//2945 501//2946
f 494//2947 495//2948 503//2949
f 494//2950 503//2951 502//2952
f 495//2953 496//2954 504//2955
f 495//2956 504//2957 503//2958
f 496//2959 497//2960 505//2961
f 496//2962 505//2963 504//2964
f 497//2965 498//2966 506//2967
f 497//2968 506//2969 505//2970
f 498//2971 491//2972 499//2973
f 498//2974 499//2975 506//2976
f 499//2977 500//2978 508//2979
f 499//2980 508//2981 507//2982
f 500//2983 501//2984 509//2985
f 500//2986 509//2987 508//2988
f 501//2989 502//2990 510//2991
f 501//2992 510//2993 509//2994
f 502//2995 503//2996 511//2997
f 502//2998 511//2999 510//3000
f 503//3001 504//3002 512//3003
f 503//3004 512//3005 511//3006
f 504//3007 505//3008 513//3009
f 504//3010 513//3011 512//3012
f 505//3013 506//3014 514//3015
f 505//3016 514//3017 513//3018
f 506//3019 499//3020 507//3021
f 506//3022 507//3023 514//3024
f 507//3025 508//3026 516//3027
f 507//3028 516//3029 515//3030
f 508//3031 509//3032 517//3033
f 508//3034 517//3035 516//3036
f 509//3037 510//3038 518//3039
f 509//3040 518//3041 517//3042
f 510//3043 511//3044 519//3045
f 510//3046 519//3047 518//3048
f 511//3049 512//3050 520//3051
f 511//3052 520//3053 519//3054
f 512//3055 513//3056 521//3057
f 512//3058 521//3059 520//3060
f 513//3061 514//3062 522//3063
f 513//3064 522//3065 521//3066
f 514//3067 507//3068 515//3069
f 514//3070 515//3071 522//3072
f 515//3073 516//3074 524//3075
f 515//3076 524//3077 523//3078
f 516//3079 517//3080 525//3081
f 516//3082 525//3083 524//3084
f 517//3085 518//3086 526//3087
f 517//3088 526//3089 525//3090
f 518//3091 519//3092 527//3093
f 518//3094 527//3095 526//3096
f 519//3097 520//3098 528//3099
f 519//3100 528//3101 527//3102
f 520//3103 521//3104 529//3105
f 520//3106 529//3107 528//3108
f 521//3109 522//3110 530//3111
f 521//3112 530//3113 529//3114
f 522//3115 515//3116 523//3117
f 522//3118 523//3119 530//3120
f 523//3121 524//3122 532//3123
f 523//3124 532//3125 531//3126
f 524//3127 525//3128 533//3129
f 524//3130 533//3131 532//3132
f 525//3133 526//3134 534//3135
f 525//3136 534//3137 533//3138
f 526//3139 527//3140 535//3141
f 526//3142 535//3143 534//3144
f 527//3145 528//3146 536//3147
f 527//3148 536//3149 535//3150
f 528//3151 529//3152 537//3153
f 528//3154 537//3155 536//3156
f 529//3157 530//3158 538//3159
f 529//3160 538//3161 537//3162
f 530//3163 523//3164 531//3165
f 530//3166 531//3167 538//3168
f 531//3169 532//3170 540//3171
f 531//3172 540//3173 539//3174
f 532//3175 533//3176 541//3177
f 532//3178 541//3179 540//3180
f 533//3181 534//3182 542//3183
f 533//3184 542//3185 541//3186
f 534//3187 535//3188 543//3189
f 534//3190 543//3191 542//3192
f 535//3193 536//3194 544//3195
f 535//3196 544//3197 543//3198
f 536//3199 537//3200 545//3201
f 536//3202 545//3203 544//3204
f 537//3205 538//3206 546//3207
f 537//3208 546//3209 545//3210
f 538//3211 531//3212 539//3213
f 538//3214 539//3215 546//3216
f 539//3217 540//3218 548//3219
f 539//3220 548//3221 547//3222
f 540//3223 541//3224 549//3225
f 540//3226 549//3227 548//3228
f 541//3229 542//3230 550//3231
f 541//3232 550//3233 549//3234
f 542//3235 543//3236 551//3237
f 542//3238 551//3239 550//3240
f 543//3241 544//3242 552//3243
f 543//3244 552//3245 551//3246
f 544//3247 545//3248 553//3249
f 544//3250 553//3251 552//3252
f 545//3253 546//3254 554//3255
f 545//3256 554//3257 553//3258
f 546//3259 539//3260 547//3261
f 546//3262 547//3263 554//3264
f 547//3265 548//3266 556//3267
f 547//3268 556//3269 555//3270
f 548//3271 549//3272 557//3273
f 548//3274 557//3275 556//3276
f 549//3277 550//3278 558//3279
f 549//3280 558//3281 557//3282
f 550//3283 551//3284 559//3285
f 550//3286 559//3287 558//3288
f 551//3289 552//3290 560//3291
f 551//3292 560//3293 559//3294
f 552//3295 553//3296 561//3297
f 552//3298 561//3299 560//3300
f 553//3301 554//3302 562//3303
f 553//3304 562//3305 561//3306
f 554//3307 547//3308 555//3309
f 554//3310 555//3311 562//3312
f 555//3313 556//3314 564//3315
f 555//3316 564//3317 563//3318
f 556//3319 557//3320 565//3321
f 556//3322 565//3323 564//3324
f 557//3325 558//3326 566//3327
f 557//3328 566//3329 565//3330
f 558//3331 559//3332 567//3333
f 558//3334 567//3335 566//3336
f 559//3337 560//3338 568//3339
f 559//3340 568//3341 567//3342
f 560//3343 561//3344 569//3345
f 560//3346 569//3347 568//3348
f 561//3349 562//3350 570//3351
f 561//3352 570//3353 569//3354
f 562//3355 555//3356 563//3357
f 562//3358 563//3359 570//3360
f 563//3361 564//3362 572//3363
f 563//3364 572//3365 571//3366
f 564//3367 565//3368 573//3369
f 564//3370 573//3371 572//3372
f 565//3373 566//3374 574//3375
f 565//3376 574//3377 573//3378
f 566//3379 567//3380 575//3381
f 566//3382 575//3383 574//3384
f 567//3385 568//3386 576//3387
f 567//3388 576//3389 575//3390
f 568//3391 569//3392 577//3393
f 568//3394 577//3395 576//3396
f 569//3397 570//3398 578//3399
f 569//3400 578//3401 577//3402
f 570//3403 563//3404 571//3405
f 570//3406 571//3407 578//3408
f 571//3409 572//3410 580//3411
f 571//3412 580//3413 579//3414
f 572//3415 573//3416 581//3417
f 572//3418 581//3419 580//3420
f 573//3421 574//3422 582//3423
f 573//3424 582//3425 581//3426
f 574//3427 575//3428 583//3429
f 574//3430 583//3431 582//3432
f 575//3433 576//3434 584//3435
f 575//3436 584//3437 583//3438
f 576//3439 577//3440 585//3441
f 576//3442 585//3443 584//3444
f 577//3445 578//3446 586//3447
f 577//3448 586//3449 585//3450
f 578//3451 571//3452 579//3453
f 578//3454 579//3455 586//3456
f 579//3457 580//3458 588//3459
f 579//3460 588//3461 587//3462
f 580//3463 581//3464 589//3465
f 580//3466 589//3467 588//3468
f 581//3469 582//3470 590//3471
f 581//3472 590//3473 589//3474
f 582//3475 583//3476 591//3477
f 582//3478 591//3479 590//3480
f 583//3481 584//3482 592//3483
f 583//3484 592//3485 591//3486
f 584//3487 585//3488 593//3489
f 584//3490 593//3491 592//3492
f 585//3493 586//3494 594//3495
f 585//3496 594//3497 593//3498
f 586//3499 579//3500 587//3501
f 586//3502 587//3503 594//3504
f 587//3505 588//3506 596//3507
f 587//3508 596//3509 595//3510
f 588//3511 589//3512 597//3513
f 588//3514 597//3515 596//3516
f 589//3517 590//3518 598//3519
f 589//3520 598//3521 597//3522
f 590//3523 591//3524 599//3525
f 590//3526 599//3527 598//3528
f 591//3529 592//3530 600//3531
f 591//3532 600//3533 599//3534
f 592//3535 593//3536 601//3537
f 592//3538 601//3539 600//3540
f 593//3541 594//3542 602//3543
f 593//3544 602//3545 601//3546
f 594//3547 587//3548 595//3549
f 594//3550 595//3551 602//3552
f 595//3553 596//3554 604//3555
f 595//3556 604//3557 603//3558
f 596//3559 597//3560 605//3561
f 596//3562 605//3563 604//3564
f 597//3565 598//3566 606//3567
f 597//3568 606//3569 605//3570
f 598//3571 599//3572 607//3573
f 598//3574 607//3575 606//3576
f 599//3577 600//3578 608//3579
f 599//3580 608//3581 607//3582
f 600//3583 601//3584 609//3585
f 600//3586 609//3587 608//3588
f 601//3589 602//3590 610//3591
f 601//3592 610//3593 609//3594
f 602//3595 595//3596 603//3597
f 602//3598 603//3599 610//3600
f 603//3601 604//3602 612//3603
f 603//3604 612//3605 611//3606
f 604//3607 605//3608 613//3609
f 604//3610 613//3611 612//3612
f 605//3613 606//3614 614//3615
f 605//3616 614//3617 613//3618
f 606//3619 607//3620 615//3621
f 606//3622 615//3623 614//3624
f 607//3625 608//3626 616//3627
f 607//3628 616//3629 615//3630
f 608//3631 609//3632 617//3633
f 608//3634 617//3635 616//3636
f 609//3637 610//3638 618//3639
f 609//3640 618//3641 617//3642
f 610//3643 603//3644 611//3645
f 610//3646 611//3647 618//3648
f 611//3649 612//3650 620//3651
f 611//3652 620//3653 619//3654
f 612//3655 613//3656 621//3657
f 612//3658 621//3659 620//3660
f 613//3661 614//3662 622//3663
f 613//3664 622//3665 621//3666
f 614//3667 615//3668 623//3669
f 614//3670 623//3671 622//3672
f 615//3673 616//3674 624//3675
f 615//3676 624//3677 623//3678
f 616//3679 617//3680 625//3681
f 616//3682 625//3683 624//3684
f 617//3685 618//3686 626//3687
f 617//3688 626//3689 625//3690
f 618//3691 611//3692 619//3693
f 618//3694 619//3695 626//3696
f 619//3697 620//3698 628//3699
f 619//3700 628//3701 627//3702
f 620//3703 621//3704 629//3705
f 620//3706 629//3707 628//3708
f 621//3709 622//3710 630//3711
f 621//3712 630//3713 629//3714
f 622//3715 623//3716 631//3717
f 622//3718 631//3719 630//3720
f 623//3721 624//3722 632//3723
f 623//3724 632//3725 631//3726
f 624//3727 625//3728 633//3729
f 624//3730 633//3731 632//3732
f 625//3733 626//3734 634//3735
f 625//3736 634//3737 633//3738
f 626//3739 619//3740 627//3741
f 626//3742 627//3743 634//3744
f 627//3745 628//3746 636//3747
f 627//3748 636//3749 635//3750
f 628//3751 629//3752 637//3753
f 628//3754 637//3755 636//3756
f 629//3757 630//3758 638//3759
f 629//3760 638//3761 637//3762
f 630//3763 631//3764 639//3765
f 630//3766 639//3767 638//3768
f 631//3769 632//3770 640//3771
f 631//3772 640//3773 639//3774
f 632//3775 633//3776 641//3777
f 632//3778 641//3779 640//3780
f 633//3781 634//3782 642//3783
f 633//3784 642//3785 641//3786
f 634//3787 627//3788 635//3789
f 634//3790 635//3791 642//3792
f 635//3793 636//3794 644//3795
f 635//3796 644//3797 643//3798
f 636//3799 637//3800 645//3801
f 636//3802 645//3803 644//3804
f 637//3805 638//3806 646//3807
f 637//3808 646//3809 645//3810
f 638//3811 639//3812 647//3813
f 638//3814 647//3815 646//3816
f 639//3817 640//3818 648//3819
f 639//3820 648//3821 647//3822
f 640//3823 641//3824 649//3825
f 640//3826 649//3827 648//3828
f 641//3829 642//3830 650//3831
f 641//3832 650//3833 649//3834
f 642//3835 635//3836 643//3837
f 642//3838 643//3839 650//3840
f 643//3841 644//3842 652//3843
f 643//3844 652//3845 651//3846
f 644//3847 645//3848 653//3849
f 644//3850 653//3851 652//3852
f 645//3853 646//3854 654//3855
f 645//3856 654//3857 653//3858
f 646//3859 647//3860 655//3861
f 646//3862 655//3863 654//3864
f 647//3865 648//3866 656//3867
f 647//3868 656//3869 655//3870
f 648//3871 649//3872 657//3873
f 648//3874 657//3875 656//3876
f 649//3877 650//3878 658//3879
f 649//3880 658//3881 657//3882
f 650//3883 643//3884 651//3885
f 650//3886 651//3887 658//3888
f 651//3889 652//3890 660//3891
f 651//3892 660//3893 659//3894
f 652//3895 653//3896 661//3897
f 652//3898 661//3899 660//3900
f 653//3901 654//3902 662//3903
f 653//3904 662//3905 661//3906
f 654//3907 655//3908 663//3909
f 654//3910 663//3911 662//3912
f 655//3913 656//3914 664//3915
f 655//3916 664//3917 663//3918
f 656//3919 657//3920 665//3921
f 656//3922 665//3923 664//3924
f 657//3925 658//3926 666//3927
f 657//3928 666//3929 665//3930
f 658//3931 651//3932 659//3933
f 658//3934 659//3935 666//3936
f 659//3937 660//3938 668//3939
f 659//3940 668//3941 667//3942
f 660//3943 661//3944 669//3945
f 660//3946 669//3947 668//3948
f 661//3949 662//3950 670//3951
f 661//3952 670//3953 669//3954
f 662//3955 663//3956 671//3957
f 662//3958 671//3959 670//3960
f 663//3961 664//3962 672//3963
f 663//3964 672//3965 671//3966
f 664//3967 665//3968 673//3969
f 664//3970 673//3971 672//3972
f 665//3973 666//3974 674//3975
f 665//3976 674//3977 673//3978
f 666//3979 659//3980 667//3981
f 666//3982 667//3983 674//3984
f 675//3985 340//3986 339//3987
f 676//3988 667//3989 668//3990
f 675//3991 341//3992 340//3993
f 676//3994 668//3995 669//3996
f 675//3997 342//3998 341//3999
f 676//4000 669//4001 670//4002
f 675//4003 343//4004 342//4005
f 676//4006 670//4007 671//4008
f 675//4009 344//4010 343//4011
f 676//4012 671//4013 672//4014
f 675//4015 345//4016 344//4017
f 676//4018 672//4019 673//4020
f 675//4021 346//4022 345//4023
f 676//4024 673//4025 674//4026
f 675//4027 339//4028 346//4029
f 676//4030 674//4031 667//4032
f 677//4033 678//4034 686//4035
f 677//4036 686//4037 685//4038
f 678//4039 679//4040 687//4041
f 678//4042 687//4043 686//4044
f 679//4045 680//4046 688//4047
f 679//4048 688//4049 687//4050
f 680//4051 681//4052 689//4053
f 680//4054 689//4055 688//4056
f 681//4057 682//4058 690//4059
f 681//4060 690//4061 689//4062
f 682//4063 683//4064 691//4065
f 682//4066 691//4067 690//4068
f 683//4069 684//4070 692//4071
f 683//4072 692//4073 691//4074
f 684//4075 677//4076 685//4077
f 684//4078 685//4079 692//4080
f 685//4081 686//4082 694//4083
f 685//4084 694//4085 693//4086
f 686//4087 687//4088 695//4089
f 686//4090 695//4091 694//4092
f 687//4093 688//4094 696//4095
f 687//4096 696//4097 695//4098
f 688//4099 689//4100 697//4101
f 688//4102 697//4103 696//4104
f 689//4105 690//4106 698//4107
f 689//4108 698//4109 697//4110
f 690//4111 691//4112 699//4113
f 690//4114 699//4115 698//4116
f 691//4117 692//4118 700//4119
f 691//4120 700//4121 699//4122
f 692//4123 685//4124 693//4125
f 692//4126 693//4127 700//4128
f 693//4129 694//4130 702//4131
f 693//4132 702//4133 701//4134
f 694//4135 695//4136 703//4137
f 694//4138 703//4139 702//4140
f 695//4141 696//4142 704//4143
f 695//4144 704//4145 703//4146
f 696//4147 697//4148 705//4149
f 696//4150 705//4151 704//4152
f 697//4153 698//4154 706//4155
f 697//4156 706//4157 705//4158
f 698//4159 699//4160 707//4161
f 698//4162 707//4163 706//4164
f 699//4165 700//4166 708//4167
f 699//4168 708//4169 707//4170
f 700//4171 693//4172 701//4173
f 700//4174 701//4175 708//4176
f 701//4177 702//4178 710//4179
f 701//4180 710//4181 709//4182
f 702//4183 703//4184 711//4185
f 702//4186 711//4187 710//4188
f 703//4189 704//4190 712//4191
f 703//4192 712//4193 711//4194
f 704//4195 705//4196 713//4197
f 704//4198 713//4199 712//4200
f 705//4201 706//4202 714//4203
f 705//4204 714//4205 713//4206
f 706//4207 707//4208 715//4209
f 706//4210 715//4211 714//4212
f 707//4213 708//4214 716//4215
f 707//4216 716//4217 715//4218
f 708//4219 701//4220 709//4221
f 708//4222 709//4223 716//4224
f 709//4225 710//4226 718//4227
f 709//4228 718//4229 717//4230
f 710//4231 711//4232 719//4233
f 710//4234 719//4235 718//4236
f 711//4237 712//4238 720//4239
f 711//4240 720//4241 719//4242
f 712//4243 713//4244 721//4245
f 712//4246 721//4247 720//4248
f 713//4249 714//4250 722//4251
f 713//4252 722//4253 721//4254
f 714//4255 715//4256 723//4257
f 714//4258 723//4259 722//4260
f 715//4261 716//4262 724//4263
f 715//4264 724//4265 723//4266
f 716//4267 709//4268 717//4269
f 716//4270 717//4271 724//4272
f 717//4273 718//4274 726//4275
f 717//4276 726//4277 725//4278
f 718//4279 719//4280 727//4281
f 718//4282 727//4283 726//4284
f 719//4285 720//4286 728//4287
f 719//4288 728//4289 727//4290
f 720//4291 721//4292 729//4293
f 720//4294 729//4295 728//4296
f 721//4297 722//4298 730//4299
f 721//4300 730//4301 729//4302
f 722//4303 723//4304 731//4305
f 722//4306 731//4307 730//4308
f 723//4309 724//4310 732//4311
f 723//4312 732//4313 731//4314
f 724//4315 717//4316 725//4317
f 724//4318 725//4319 732//4320
f 725//4321 726//4322 734//4323
f 725//4324 734//4325 733//4326
f 726//4327 727//4328 735//4329
f 726//4330 735//4331 734//4332
f 727//4333 728//4334 736//4335
f 727//4336 736//4337 735//4338
f 728//4339 729//4340 737//4341
f 728//4342 737//4343 736//4344
f 729//4345 730//4346 738//4347
f 729//4348 738//4349 737//4350
f 730//4351 731//4352 739//4353
f 730//4354 739//4355 738//4356
f 731//4357 732//4358 740//4359
f 731//4360 740//4361 739//4362
f 732//4363 725//4364 733//4365
f 732//4366 733//4367 740//4368
f 733//4369 734//4370 742//4371
f 733//4372 742//4373 741//4374
f 734//4375 735//4376 743//4377
f 734//4378 743//4379 742//4380
f 735//4381 736//4382 744//4383
f 735//4384 744//4385 743//4386
f 736//4387 737//4388 745//4389
f 736//4390 745//4391 744//4392
f 737//4393 738//4394 746//4395
f 737//4396 746//4397 745//4398
f 738//4399 739//4400 747//4401
f 738//4402 747//4403 746//4404
f 739//4405 740//4406 748//4407
f 739//4408 748//4409 747//4410
f 740//4411 733//4412 741//4413
f 740//4414 741//4415 748//4416
f 741//4417 742//4418 750//4419
f 741//4420 750//4421 749//4422
f 742//4423 743//4424 751//4425
f 742//4426 751//4427 750//4428
f 743//4429 744//4430 752//4431
f 743//4432 752//4433 751//4434
f 744//4435 745//4436 753//4437
f 744//4438 753//4439 752//4440
f 745//4441 746//4442 754//4443
f 745//4444 754//4445 753//4446
f 746//4447 747//4448 755//4449
f 746//4450 755//4451 754//4452
f 747//4453 748//4454 756//4455
f 747//4456 756//4457 755//4458
f 748//4459 741//4460 749//4461
f 748//4462 749//4463 756//4464
f 749//4465 750//4466 758//4467
f 749//4468 758//4469 757//4470
f 750//4471 751//4472 759//4473
f 750//4474 759//4475 758//4476
f 751//4477 752//4478 760//4479
f 751//4480 760//4481 759//4482
f 752//4483 753//4484 761//4485
f 752//4486 761//4487 760//4488
f 753//4489 754//4490 762//4491
f 753//4492 762//4493 761//4494
f 754//4495 755//4496 763//4497
f 754//4498 763//4499 762//4500
f 755//4501 756//4502 764//4503
f 755//4504 764//4505 763//4506
f 756//4507 749//4508 757//4509
f 756//4510 757//4511 764//4512
f 757//4513 758//4514 766//4515
f 757//4516 766//4517 765//4518
f 758//4519 759//4520 767//4521
f 758//4522 767//4523 766//4524
f 759//4525 760//4526 768//4527
f 759//4528 768//4529 767//4530
f 760//4531 761//4532 769//4533
f 760//4534 769//4535 768//4536
f 761//4537 762//4538 770//4539
f 761//4540 770//4541 769//4542
f 762//4543 763//4544 771//4545
f 762//4546 771//4547 770//4548
f 763//4549 764//4550 772//4551
f 763//4552 772//4553 771//4554
f 764//4555 757//4556 765//4557
f 764//4558 765//4559 772//4560
f 765//4561 766//4562 774//4563
f 765//4564 774//4565 773//4566
f 766//4567 767//4568 775//4569
f 766//4570 775//4571 774//4572
f 767//4573 768//4574 776//4575
f 767//4576 776//4577 775//4578
f 768//4579 769//4580 777//4581
f 768//4582 777//4583 776//4584
f 769//4585 770//4586 778//4587
f 769//4588 778//4589 777//4590
f 770//4591 771//4592 779//4593
f 770//4594 779//4595 778//4596
f 771//4597 772//4598 780//4599
f 771//4600 780//4601 779//4602
f 772//4603 765//4604 773//4605
f 772//4606 773//4607 780//4608
f 773//4609 774//4610 782//4611
f 773//4612 782//4613 781//4614
f 774//4615 775//4616 783//4617
f 774//4618 783//4619 782//4620
f 775//4621 776//4622 784//4623
f 775//4624 784//4625 783//4626
f 776//4627 777//4628 785//4629
f 776//4630 785//4631 784//4632
f 777//4633 778//4634 786//4635
f 777//4636 786//4637 785//4638
f 778//4639 779//4640 787//4641
f 778//4642 787//4643 786//4644
f 779//4645 780//4646 788//4647
f 779//4648 788//4649 787//4650
f 780//4651 773//4652 781//4653
f 780//4654 781//4655 788//4656
f 781//4657 782//4658 790//4659
f 781//4660 790//4661 789//4662
f 782//4663 783//4664 791//4665
f 782//4666 791//4667 790//4668
f 783//4669 784//4670 792//4671
f 783//4672 792//4673 791//4674
f 784//4675 785//4676 793//4677
f 784//4678 793//4679 792//4680
f 785//4681 786//4682 794//4683
f 785//4684 794//4685 793//4686
f 786//4687 787//4688 795//4689
f 786//4690 795//4691 794//4692
f 787//4693 788//4694 796//4695
f 787//4696 796//4697 795//4698
f 788//4699 781//4700 789//4701
f 788//4702 789//4703 796//4704
f 789//4705 790//4706 798//4707
f 789//4708 798//4709 797//4710
f 790//4711 791//4712 799//4713
f 790//4714 799//4715 798//4716
f 791//4717 792//4718 800//4719
f 791//4720 800//4721 799//4722
f 792//4723 793//4724 801//4725
f 792//4726 801//4727 800//4728
f 793//4729 794//4730 802//4731
f 793//4732 802//4733 801//4734
f 794//4735 795//4736 803//4737
f 794//4738 803//4739 802//4740
f 795//4741 796//4742 804//4743
f 795//4744 804//4745 803//4746
f 796//4747 789//4748 797//4749
f 796//4750 797//4751 804//4752
f 797//4753 798//4754 806//4755
f 797//4756 806//4757 805//4758
f 798//4759 799//4760 807//4761
f 798//4762 807//4763 806//4764
f 799//4765 800//4766 808//4767
f 799//4768 808//4769 807//4770
f 800//4771 801//4772 809//4773
f 800//4774 809//4775 808//4776
f 801//4777 802//4778 810//4779
f 801//4780 810//4781 809//4782
f 802//4783 803//4784 811//4785
f 802//4786 811//4787 810//4788
f 803//4789 804//4790 812//4791
f 803//4792 812//4793 811//4794
f 804//4795 797//4796 805//4797
f 804//4798 805//4799 812//4800
f 805//4801 806//4802 814//4803
f 805//4804 814//4805 813//4806
f 806//4807 807//4808 815//4809
f 806//4810 815//4811 814//4812
f 807//4813 808//4814 816//4815
f 807//4816 816//4817 815//4818
f 808//4819 809//4820 817//4821
f 808//4822 817//4823 816//4824
f 809//4825 810//4826 818//4827
f 809//4828 818//4829 817//4830
f 810//4831 811//4832 819//4833
f 810//4834 819//4835 818//4836
f 811//4837 812//4838 820//4839
f 811//4840 820//4841 819//4842
f 812//4843 805//4844 813//4845
f 812//4846 813//4847 820//4848
f 813//4849 814//4850 822//4851
f 813//4852 822//4853 821//4854
f 814//4855 815//4856 823//4857
f 814//4858 823//4859 822//4860
f 815//4861 816//4862 824//4863
f 815//4864 824//4865 823//4866
f 816//4867 817//4868 825//4869
f 816//4870 825//4871 824//4872
f 817//4873 818//4874 826//4875
f 817//4876 826//4877 825//4878
f 818//4879 819//4880 827//4881
f 818//4882 827//4883 826//4884
f 819//4885 820//4886 828//4887
f 819//4888 828//4889 827//4890
f 820//4891 813//4892 821//4893
f 820//4894 821//4895 828//4896
f 821//4897 822//4898 830//4899
f 821//4900 830//4901 829//4902
f 822//4903 823//4904 831//4905
f 822//4906 831//4907 830//4908
f 823//4909 824//4910 832//4911
f 823//4912 832//4913 831//4914
f 824//4915 825//4916 833//4917
f 824//4918 833//4919 832//4920
f 825//4921 826//4922 834//4923
f 825//4924 834//4925 833//4926
f 826//4927 827//4928 835//4929
f 826//4930 835//4931 834//4932
f 827//4933 828//4934 836//4935
f 827//4936 836//4937 835//4938
f 828//4939 821//4940 829//4941
f 828//4942 829//4943 836//4944
f 829//4945 830//4946 838//4947
f 829//4948 838//4949 837//4950
f 830//4951 831//4952 839//4953
f 830//4954 839//4955 838//4956
f 831//4957 832//4958 840//4959
f 831//4960 840//4961 839//4962
f 832//4963 833//4964 841//4965
f 832//4966 841//4967 840//4968
f 833//4969 834//4970 842//4971
f 833//4972 842//4973 841//4974
f 834//4975 835//4976 843//4977
f 834//4978 843//4979 842//4980
f 835//4981 836//4982 844//4983
f 835//4984 844//4985 843//4986
f 836//4987 829//4988 837//4989
f 836//4990 837//4991 844//4992
f 837//4993 838//4994 846//4995
f 837//4996 846//4997 845//4998
f 838//4999 839//5000 847//5001
f 838//5002 847//5003 846//5004
f 839//5005 840//5006 848//5007
f 839//5008 848//5009 847//5010
f 840//5011 841//5012 849//5013
f 840//5014 849//5015 848//5016
f 841//5017 842//5018 850//5019
f 841//5020 850//5021 849//5022
f 842//5023 843//5024 851//5025
f 842//5026 851//5027 850//5028
f 843//5029 844//5030 852//5031
f 843//5032 852//5033 851//5034
f 844//5035 837//5036 845//5037
f 844//5038 845//5039 852//5040
f 845//5041 846//5042 854//5043
f 845//5044 854//5045 853//5046
f 846//5047 847//5048 855//5049
f 846//5050 855//5051 854//5052
f 847//5053 848//5054 856//5055
f 847//5056 856//5057 855//5058
f 848//5059 849//5060 857//5061
f 848//5062 857//5063 856//5064
f 849//5065 850//5066 858//5067
f 849//5068 858//5069 857//5070
f 850//5071 851//5072 859//5073
f 850//5074 859//5075 858//5076
f 851//5077 852//5078 860//5079
f 851//5080 860//5081 859//5082
f 852//5083 845//5084 853//5085
f 852//5086 853//5087 860//5088
f 853//5089 854//5090 862//5091
f 853//5092 862//5093 861//5094
f 854//5095 855//5096 863//5097
f 854//5098 863//5099 862//5100
f 855//5101 856//5102 864//5103
f 855//5104 864//5105 863//5106
f 856//5107 857//5108 865//5109
f 856//5110 865//5111 864//5112
f 857//5113 858//5114 866//5115
f 857//5116 866//5117 865//5118
f 858//5119 859//5120 867//5121
f 858//5122 867//5123 866//5124
f 859//5125 860//5126 868//5127
f 859//5128 868//5129 867//5130
f 860//5131 853//5132 861//5133
f 860//5134 861//5135 868//5136
f 861//5137 862//5138 870//5139
f 861//5140 870//5141 869//5142
f 862//5143 863//5144 871//5145
f 862//5146 871//5147 870//5148
f 863//5149 864//5150 872//5151
f 863//5152 872//5153 871//5154
f 864//5155 865//5156 873//5157
f 864//5158 873//5159 872//5160
f 865//5161 866//5162 874//5163
f 865//5164 874//5165 873//5166
f 866//5167 867//5168 875//5169
f 866//5170 875//5171 874//5172
f 867//5173 868//5174 876//5175
f 867//5176 876//5177 875//5178
f 868//5179 861//5180 869//5181
f 868//5182 869//5183 876//5184
f 869//5185 870//5186 878//5187
f 869//5188 878//5189 877//5190
f 870//5191 871//5192 879//5193
f 870//5194 879//5195 878//5196
f 871//5197 872//5198 880//5199
f 871//5200 880//5201 879//5202
f 872//5203 873//5204 881//5205
f 872//5206 881//5207 880//5208
f 873//5209 874//5210 882//5211
f 873//5212 882//5213 881//5214
f 874//5215 875//5216 883//5217
f 874//5218 883//5219 882//5220
f 875//5221 876//5222 884//5223
f 875//5224 884//5225 883//5226
f 876//5227 869//5228 877//5229
f 876//5230 877//5231 884//5232
f 877//5233 878//5234 886//5235
f 877//5236 886//5237 885//5238
f 878//5239 879//5240 887//5241
f 878//5242 887//5243 886//5244
f 879//5245 880//5246 888//5247
f 879//5248 888//5249 887//5250
f 880//5251 881//5252 889//5253
f 880//5254 889//5255 888//5256
f 881//5257 882//5258 890//5259
f 881//5260 890//5261 889//5262
f 882//5263 883//5264 891//5265
f 882//5266 891//5267 890//5268
f 883//5269 884//5270 892//5271
f 883//5272 892//5273 891//5274
f 884//5275 877//5276 885//5277
f 884//5278 885//5279 892//5280
f 885//5281 886//5282 894//5283
f 885//5284 894//5285 893//5286
f 886//5287 887//5288 895//5289
f 886//5290 895//5291 894//5292
f 887//5293 888//5294 896//5295
f 887//5296 896//5297 895//5298
f 888//5299 889//5300 897//5301
f 888//5302 897//5303 896//5304
f 889//5305 890//5306 898//5307
f 889//5308 898//5309 897//5310
f 890//5311 891//5312 899//5313
f 890//5314 899//5315 898//5316
f 891//5317 892//5318 900//5319
f 891//5320 900//5321 899//5322
f 892//5323 885//5324 893//5325
f 892//5326 893//5327 900//5328
f 893//5329 894//5330 902//5331
f 893//5332 902//5333 901//5334
f 894//5335 895//5336 903//5337
f 894//5338 903//5339 902//5340
f 895//5341 896//5342 904//5343
f 895//5344 904//5345 903//5346
f 896//5347 897//5348 905//5349
f 896//5350 905//5351 904//5352
f 897//5353 898//5354 906//5355
f 897//5356 906//5357 905//5358
f 898//5359 899//5360 907//5361
f 898//5362 907//5363 906//5364
f 899//5365 900//5366 908//5367
f 899//5368 908//5369 907//5370
f 900//5371 893//5372 901//5373
f 900//5374 901//5375 908//5376
f 901//5377 902//5378 910//5379
f 901//5380 910//5381 909//5382
f 902//5383 903//5384 911//5385
f 902//5386 911//5387 910//5388
f 903//5389 904//5390 912//5391
f 903//5392 912//5393 911//5394
f 904//5395 905//5396 913//5397
f 904//5398 913//5399 912//5400
f 905//5401 906//5402 914//5403
f 905//5404 914//5405 913//5406
f 906//5407 907//5408 915//5409
f 906//5410 915//5411 914//5412
f 907//5413 908//5414 916//5415
f 907//5416 916//5417 915//5418
f 908//5419 901//5420 909//5421
f 908//5422 909//5423 916//5424
f 909//5425 910//5426 918//5427
f 909//5428 918//5429 917//5430
f 910//5431 911//5432 919//5433
f 910//5434 919//5435 918//5436
f 911//5437 912//5438 920//5439
f 911//5440 920//5441 919//5442
f 912//5443 913//5444 921//5445
f 912//5446 921//5447 920//5448
f 913//5449 914//5450 922//5451
f 913//5452 922//5453 921//5454
f 914//5455 915//5456 923//5457
f 914//5458 923//5459 922//5460
f 915//5461 916//5462 924//5463
f 915//5464 924//5465 923//5466
f 916//5467 909//5468 917//5469
f 916//5470 917//5471 924//5472
f 917//5473 918//5474 926//5475
f 917//5476 926//5477 925//5478
f 918//5479 919//5480 927//5481
f 918//5482 927//5483 926//5484
f 919//5485 920//5486 928//5487
f 919//5488 928//5489 927//5490
f 920//5491 921//5492 929//5493
f 920//5494 929//5495 928//5496
f 921//5497 922//5498 930//5499
f 921//5500 930//5501 929//5502
f 922//5503 923//5504 931//5505
f 922//5506 931//5507 930//5508
f 923//5509 924//5510 932//5511
f 923//5512 932//5513 931//5514
f 924//5515 917//5516 925//5517
f 924//5518 925//5519 932//5520
f 925//5521 926//5522 934//5523
f 925//5524 934//5525 933//5526
f 926//5527 927//5528 935//5529
f 926//5530 935//5531 934//5532
f 927//5533 928//5534 936//5535
f 927//5536 936//5537 935//5538
f 928//5539 929//5540 937//5541
f 928//5542 937//5543 936//5544
f 929//5545 930//5546 938//5547
f 929//5548 938//5549 937//5550
f 930//5551 931//5552 939//5553
f 930//5554 939//5555 938//5556
f 931//5557 932//5558 940//5559
f 931//5560 940//5561 939//5562
f 932//5563 925//5564 933//5565
f 932//5566 933//5567 940//5568
f 933//5569 934//5570 942//5571
f 933//5572 942//5573 941//5574
f 934//5575 935//5576 943//5577
f 934//5578 943//5579 942//5580
f 935//5581 936//5582 944//5583
f 935//5584 944//5585 943//5586
f 936//5587 937//5588 945//5589
f 936//5590 945//5591 944//5592
f 937//5593 938//5594 946//5595
f 937//5596 946//5597 945//5598
f 938//5599 939//5600 947//5601
f 938//5602 947//5603 946//5604
f 939//5605 940//5606 948//5607
f 939//5608 948//5609 947//5610
f 940//5611 933//5612 941//5613
f 940//5614 941//5615 948//5616
f 941//5617 942//5618 950//5619
f 941//5620 950//5621 949//5622
f 942//5623 943//5624 951//5625
f 942//5626 951//5627 950//5628
f 943//5629 944//5630 952//5631
f 943//5632 952//5633 951//5634
f 944//5635 945//5636 953//5637
f 944//5638 953//5639 952//5640
f 945//5641 946//5642 954//5643
f 945//5644 954//5645 953//5646
f 946//5647 947//5648 955//5649
f 946//5650 955//5651 954//5652
f 947//5653 948//5654 956//5655
f 947//5656 956//5657 955//5658
f 948//5659 941//5660 949//5661
f 948//5662 949//5663 956//5664
f 949//5665 950//5666 958//5667
f 949//5668 958//5669 957//5670
f 950//5671 951//5672 959//5673
f 950//5674 959//5675 958//5676
f 951//5677 952//5678 960//5679
f 951//5680 960//5681 959//5682
f 952//5683 953//5684 961//5685
f 952//5686 961//5687 960//5688
f 953//5689 954//5690 962//5691
f 953//5692 962//5693 961//5694
f 954//5695 955//5696 963//5697
f 954//5698 963//5699 962//5700
f 955//5701 956//5702 964//5703
f 955//5704 964//5705 963//5706
f 956//5707 949//5708 957//5709
f 956//5710 957//5711 964//5712
f 957//5713 958//5714 966//5715
f 957//5716 966//5717 965//5718
f 958//5719 959//5720 967//5721
f 958//5722 967//5723 966//5724
f 959//5725 960//5726 968//5727
f 959//5728 968//5729 967//5730
f 960//5731 961//5732 969//5733
f 960//5734 969//5735 968//5736
f 961//5737 962//5738 970//5739
f 961//5740 970//5741 969//5742
f 962//5743 963//5744 971//5745
f 962//5746 971//5747 970//5748
f 963//5749 964//5750 972//5751
f 963//5752 972//5753 971//5754
f 964//5755 957//5756 965//5757
f 964//5758 965//5759 972//5760
f 965//5761 966//5762 974//5763
f 965//5764 974//5765 973//5766
f 966//5767 967//5768 975//5769
f 966//5770 975//5771 974//5772
f 967//5773 968//5774 976//5775
f 967//5776 976//5777 975//5778
f 968//5779 969//5780 977//5781
f 968//5782 977//5783 976//5784
f 969//5785 970//5786 978//5787
f 969//5788 978//5789 977//5790
f 970//5791 971//5792 979//5793
f 970//5794 979//5795 978//5796
f 971//5797 972//5798 980//5799
f 971//5800 980//5801 979//5802
f 972//5803 965//5804 973//5805
f 972//5806 973//5807 980//5808
f 973//5809 974//5810 982//5811
f 973//5812 982//5813 981//5814
f 974//5815 975//5816 983//5817
f 974//5818 983//5819 982//5820
f 975//5821 976//5822 984//5823
f 975//5824 984//5825 983//5826
f 976//5827 977//5828 985//5829
f 976//5830 985//5831 984//5832
f 977//5833 978//5834 986//5835
f 977//5836 986//5837 985//5838
f 978//5839 979//5840 987//5841
f 978//5842 987//5843 986//5844
f 979//5845 980//5846 988//5847
f 979//5848 988//5849 987//5850
f 980//5851 973//5852 981//5853
f 980//5854 981//5855 988//5856
f 981//5857 982//5858 990//5859
f 981//5860 990//5861 989//5862
f 982//5863 983//5864 991//5865
f 982//5866 991//5867 990//5868
f 983//5869 984//5870 992//5871
f 983//5872 992//5873 991//5874
f 984//5875 985//5876 993//5877
f 984//5878 993//5879 992//5880
f 985//5881 986//5882 994//5883
f 985//5884 994//5885 993//5886
f 986//5887 987//5888 995//5889
f 986//5890 995//5891 994//5892
f 987//5893 988//5894 996//5895
f 987//5896 996//5897 995//5898
f 988//5899 981//5900 989//5901
f 988//5902 989//5903 996//5904
f 989//5905 990//5906 998//5907
f 989//5908 998//5909 997//5910
f 990//5911 991//5912 999//5913
f 990//5914 999//5915 998//5916
f 991//5917 992//5918 1000//5919
f 991//5920 1000//5921 999//5922
f 992//5923 993//5924 1001//5925
f 992//5926 1001//5927 1000//5928
f 993//5929 994//5930 1002//5931
f 993//5932 1002//5933 1001//5934
f 994//5935 995//5936 1003//5937
f 994//5938 1003//5939 1002//5940
f 995//5941 996//5942 1004//5943
f 995//5944 1004//5945 1003//5946
f 996//5947 989//5948 997//5949
f 996//5950 997//5951 1004//5952
f 997//5953 998//5954 1006//5955
f 997//5956 1006//5957 1005//5958
f 998//5959 999//5960 1007//5961
f 998//5962 1007//5963 1006//5964
f 999//5965 1000//5966 1008//5967
f 999//5968 1008//5969 1007//5970
f 1000//5971 1001//5972 1009//5973
f 1000//5974 1009//5975 1008//5976
f 1001//5977 1002//5978 1010//5979
f 1001//5980 1010//5981 1009//5982
f 1002//5983 1003//5984 1011//5985
f 1002//5986 1011//5987 1010//5988
f 1003//5989 1004//5990 1012//5991
f 1003//5992 1012//5993 1011//5994
f 1004//5995 997//5996 1005//5997
f 1004//5998 1005//5999 1012//6000
f 1013//6001 678//6002 677//6003
f 1014//6004 1005//6005 1006//6006
f 1013//6007 679//6008 678//6009
f 1014//6010 1006//6011 1007//6012
f 1013//6013 680//6014 679//6015
f 1014//6016 1007//6017 1008//6018
f 1013//6019 681//6020 680//6021
f 1014//6022 1008//6023 1009//6024
f 1013//6025 682//6026 681//6027
f 1014//6028 1009//6029 1010//6030
f 1013//6031 683//6032 682//6033
f 1014//6034 1010//6035 1011//6036
f 1013//6037 684//6038 683//6039
f 1014//6040 1011//6041 1012//6042
f 1013//6043 677//6044 684//6045
f 1014//6046 1012//6047 1005//6048
f 1015//6049 1016//6050 1024//6051
f 1015//6052 1024//6053 1023//6054
f 1016//6055 1017//6056 1025//6057
f 1016//6058 1025//6059 1024//6060
f 1017//6061 1018//6062 1026//6063
f 1017//6064 1026//6065 1025//6066
f 1018//6067 1019//6068 1027//6069
f 1018//6070 1027//6071 1026//6072
f 1019//6073 1020//6074 1028//6075
f 1019//6076 1028//6077 1027//6078
f 1020//6079 1021//6080 1029//6081
f 1020//6082 1029//6083 1028//6084
f 1021//6085 1022//6086 1030//6087
f 1021//6088 1030//6089 1029//6090
f 1022//6091 1015//6092 1023//6093
f 1022//6094 1023//6095 1030//6096
f 1023//6097 1024//6098 1032//6099
f 1023//6100 1032//6101 1031//6102
f 1024//6103 1025//6104 1033//6105
f 1024//6106 1033//6107 1032//6108
f 1025//6109 1026//6110 1034//6111
f 1025//6112 1034//6113 1033//6114
f 1026//6115 1027//6116 1035//6117
f 1026//6118 1035//6119 1034//6120
f 1027//6121 1028//6122 1036//6123
f 1027//6124 1036//6125 1035//6126
f 1028//6127 1029//6128 1037//6129
f 1028//6130 1037//6131 1036//6132
f 1029//6133 1030//6134 1038//6135
f 1029//6136 1038//6137 1037//6138
f 1030//6139 1023//6140 1031//6141
f 1030//6142 1031//6143 1038//6144
f 1031//6145 1032//6146 1040//6147
f 1031//6148 1040//6149 1039//6150
f 1032//6151 1033//6152 1041//6153
f 1032//6154 1041//6155 1040//6156
f 1033//6157 1034//6158 1042//6159
f 1033//6160 1042//6161 1041//6162
f 1034//6163 1035//6164 1043//6165
f 1034//6166 1043//6167 1042//6168
f 1035//6169 1036//6170 1044//6171
f 1035//6172 1044//6173 1043//6174
f 1036//6175 1037//6176 1045//6177
f 1036//6178 1045//6179 1044//6180
f 1037//6181 1038//6182 1046//6183
f 1037//6184 1046//6185 1045//6186
f 1038//6187 1031//6188 1039//6189
f 1038//6190 1039//6191 1046//6192
f 1039//6193 1040//6194 1048//6195
f 1039//6196 1048//6197 1047//6198
f 1040//6199 1041//6200 1049//6201
f 1040//6202 1049//6203 1048//6204
f 1041//6205 1042//6206 1050//6207
f 1041//6208 1050//6209 1049//6210
f 1042//6211 1043//6212 1051//6213
f 1042//6214 1051//6215 1050//6216
f 1043//6217 1044//6218 1052//6219
f 1043//6220 1052//6221 1051//6222
f 1044//6223 1045//6224 1053//6225
f 1044//6226 1053//6227 1052//6228
f 1045//6229 1046//6230 1054//6231
f 1045//6232 1054//6233 1053//6234
f 1046//6235 1039//6236 1047//6237
f 1046//6238 1047//6239 1054//6240
f 1047//6241 1048//6242 1056//6243
f 1047//6244 1056//6245 1055//6246
f 1048//6247 1049//6248 1057//6249
f 1048//6250 1057//6251 1056//6252
f 1049//6253 1050//6254 1058//6255
f 1049//6256 1058//6257 1057//6258
f 1050//6259 1051//6260 1059//6261
f 1050//6262 1059//6263 1058//6264
f 1051//6265 1052//6266 1060//6267
f 1051//6268 1060//6269 1059//6270
f 1052//6271 1053//6272 1061//6273
f 1052//6274 1061//6275 1060//6276
f 1053//6277 1054//6278 1062//6279
f 1053//6280 1062//6281 1061//6282
f 1054//6283 1047//6284 1055//6285
f 1054//6286 1055//6287 1062//6288
f 1055//6289 1056//6290 1064//6291
f 1055//6292 1064//6293 1063//6294
f 1056//6295 1057//6296 1065//6297
f 1056//6298 1065//6299 1064//6300
f 1057//6301 1058//6302 1066//6303
f 1057//6304 1066//6305 1065//6306
f 1058//6307 1059//6308 1067//6309
f 1058//6310 1067//6311 1066//6312
f 1059//6313 1060//6314 1068//6315
f 1059//6316 1068//6317 1067//6318
f 1060//6319 1061//6320 1069//6321
f 1060//6322 1069//6323 1068//6324
f 1061//6325 1062//6326 1070//6327
f 1061//6328 1070//6329 1069//6330
f 1062//6331 1055//6332 1063//6333
f 1062//6334 1063//6335 1070//6336
f 1063//6337 1064//6338 1072//6339
f 1063//6340 1072//6341 1071//6342
f 1064//6343 1065//6344 1073//6345
f 1064//6346 1073//6347 1072//6348
f 1065//6349 1066//6350 1074//6351
f 1065//6352 1074//6353 1073//6354
f 1066//6355 1067//6356 1075//6357
f 1066//6358 1075//6359 1074//6360
f 1067//6361 1068//6362 1076//6363
f 1067//6364 1076//6365 1075//6366
f 1068//6367 1069//6368 1077//6369
f 1068//6370 1077//6371 1076//6372
f 1069//6373 1070//6374 1078//6375
f 1069//6376 1078//6377 1077//6378
f 1070//6379 1063//6380 1071//6381
f 1070//6382 1071//6383 1078//6384
f 1071//6385 1072//6386 1080//6387
f 1071//6388 1080//6389 1079//6390
f 1072//6391 1073//6392 1081//6393
f 1072//6394 1081//6395 1080//6396
f 1073//6397 1074//6398 1082//6399
f 1073//6400 1082//6401 1081//6402
f 1074//6403 1075//6404 1083//6405
f 1074//6406 1083//6407 1082//6408
f 1075//6409 1076//6410 1084//6411
f 1075//6412 1084//6413 1083//6414
f 1076//6415 1077//6416 1085//6417
f 1076//6418 1085//6419 1084//6420
f 1077//6421 1078//6422 1086//6423
f 1077//6424 1086//6425 1085//6426
f 1078//6427 1071//6428 1079//6429
f 1078//6430 1079//6431 1086//6432
f 1079//6433 1080//6434 1088//6435
f 1079//6436 1088//6437 1087//6438
f 1080//6439 1081//6440 1089//6441
f 1080//6442 1089//6443 1088//6444
f 1081//6445 1082//6446 1090//6447
f 1081//6448 1090//6449 1089//6450
f 1082//6451 1083//6452 1091//6453
f 1082//6454 1091//6455 1090//6456
f 1083//6457 1084//6458 1092//6459
f 1083//6460 1092//6461 1091//6462
f 1084//6463 1085//6464 1093//6465
f 1084//6466 1093//6467 1092//6468
f 1085//6469 1086//6470 1094//6471
f 1085//6472 1094//6473 1093//6474
f 1086//6475 1079//6476 1087//6477
f 1086//6478 1087//6479 1094//6480
f 1087//6481 1088//6482 1096//6483
f 1087//6484 1096//6485 1095//6486
f 1088//6487 1089//6488 1097//6489
f 1088//6490 1097//6491 1096//6492
f 1089//6493 1090//6494 1098//6495
f 1089//6496 1098//6497 1097//6498
f 1090//6499 1091//6500 1099//6501
f 1090//6502 1099//6503 1098//6504
f 1091//6505 1092//6506 1100//6507
f 1091//6508 1100//6509 1099//6510
f 1092//6511 1093//6512 1101//6513
f 1092//6514 1101//6515 1100//6516
f 1093//6517 1094//6518 1102//6519
f 1093//6520 1102//6521 1101//6522
f 1094//6523 1087//6524 1095//6525
f 1094//6526 1095//6527 1102//6528
f 1095//6529 1096//6530 1104//6531
f 1095//6532 1104//6533 1103//6534
f 1096//6535 1097//6536 1105//6537
f 1096//6538 1105//6539 1104//6540
f 1097//6541 1098//6542 1106//6543
f 1097//6544 1106//6545 1105//6546
f 1098//6547 1099//6548 1107//6549
f 1098//6550 1107//6551 1106//6552
f 1099//6553 1100//6554 1108//6555
f 1099//6556 1108//6557 1107//6558
f 1100//6559 1101//6560 1109//6561
f 1100//6562 1109//6563 1108//6564
f 1101//6565 1102//6566 1110//6567
f 1101//6568 1110//6569 1109//6570
f 1102//6571 1095//6572 1103//6573
f 1102//6574 1103//6575 1110//6576
f 1103//6577 1104//6578 1112//6579
f 1103//6580 1112//6581 1111//6582
f 1104//6583 1105//6584 1113//6585
f 1104//6586 1113//6587 1112//6588
f 1105//6589 1106//6590 1114//6591
f 1105//6592 1114//6593 1113//6594
f 1106//6595 1107//6596 1115//6597
f 1106//6598 1115//6599 1114//6600
f 1107//6601 1108//6602 1116//6603
f 1107//6604 1116//6605 1115//6606
f 1108//6607 1109//6608 1117//6609
f 1108//6610 1117//6611 1116//6612
f 1109//6613 1110//6614 1118//6615
f 1109//6616 1118//6617 1117//6618
f 1110//6619 1103//6620 1111//6621
f 1110//6622 1111//6623 1118//6624
f 1111//6625 1112//6626 1120//6627
f 1111//6628 1120//6629 1119//6630
f 1112//6631 1113//6632 1121//6633
f 1112//6634 1121//6635 1120//6636
f 1113//6637 1114//6638 1122//6639
f 1113//6640 1122//6641 1121//6642
f 1114//6643 1115//6644 1123//6645
f 1114//6646 1123//6647 1122//6648
f 1115//6649 1116//6650 1124//6651
f 1115//6652 1124//6653 1123//6654
f 1116//6655 1117//6656 1125//6657
f 1116//6658 1125//6659 1124//6660
f 1117//6661 1118//6662 1126//6663
f 1117//6664 1126//6665 1125//6666
f 1118//6667 1111//6668 1119//6669
f 1118//6670 1119//6671 1126//6672
f 1119//6673 1120//6674 1128//6675
f 1119//6676 1128//6677 1127//6678
f 1120//6679 1121//6680 1129//6681
f 1120//6682 1129//6683 1128//6684
f 1121//6685 1122//6686 1130//6687
f 1121//6688 1130//6689 1129//6690
f 1122//6691 1123//6692 1131//6693
f 1122//6694 1131//6695 1130//6696
f 1123//6697 1124//6698 1132//6699
f 1123//6700 1132//6701 1131//6702
f 1124//6703 1125//6704 1133//6705
f 1124//6706 1133//6707 1132//6708
f 1125//6709 1126//6710 1134//6711
f 1125//6712 1134//6713 1133//6714
f 1126//6715 1119//6716 1127//6717
f 1126//6718 1127//6719 1134//6720
f 1127//6721 1128//6722 1136//6723
f 1127//6724 1136//6725 1135//6726
f 1128//6727 1129//6728 1137//6729
f 1128//6730 1137//6731 1136//6732
f 1129//6733 1130//6734 1138//6735
f 1129//6736 1138//6737 1137//6738
f 1130//6739 1131//6740 1139//6741
f 1130//6742 1139//6743 1138//6744
f 1131//6745 1132//6746 1140//6747
f 1131//6748 1140//6749 1139//6750
f 1132//6751 1133//6752 1141//6753
f 1132//6754 1141//6755 1140//6756
f 1133//6757 1134//6758 1142//6759
f 1133//6760 1142//6761 1141//6762
f 1134//6763 1127//6764 1135//6765
f 1134//6766 1135//6767 1142//6768
f 1135//6769 1136//6770 1144//6771
f 1135//6772 1144//6773 1143//6774
f 1136//6775 1137//6776 1145//6777
f 1136//6778 1145//6779 1144//6780
f 1137//6781 1138//6782 1146//6783
f 1137//6784 1146//6785 1145//6786
f 1138//6787 1139//6788 1147//6789
f 1138//6790 1147//6791 1146//6792
f 1139//6793 1140//6794 1148//6795
f 1139//6796 1148//6797 1147//6798
f 1140//6799 1141//6800 1149//6801
f 1140//6802 1149//6803 1148//6804
f 1141//6805 1142//6806 1150//6807
f 1141//6808 1150//6809 1149//6810
f 1142//6811 1135//6812 1143//6813
f 1142//6814 1143//6815 1150//6816
f 1143//6817 1144//6818 1152//6819
f 1143//6820 1152//6821 1151//6822
f 1144//6823 1145//6824 1153//6825
f 1144//6826 1153//6827 1152//6828
f 1145//6829 1146//6830 1154//6831
f 1145//6832 1154//6833 1153//6834
f 1146//6835 1147//6836 1155//6837
f 1146//6838 1155//6839 1154//6840
f 1147//6841 1148//6842 1156//6843
f 1147//6844 1156//6845 1155//6846
f 1148//6847 1149//6848 1157//6849
f 1148//6850 1157//6851 1156//6852
f 1149//6853 1150//6854 1158//6855
f 1149//6856 1158//6857 1157//6858
f 1150//6859 1143//6860 1151//6861
f 1150//6862 1151//6863 1158//6864
f 1151//6865 1152//6866 1160//6867
f 1151//6868 1160//6869 1159//6870
f 1152//6871 1153//6872 1161//6873
f 1152//6874 1161//6875 1160//6876
f 1153//6877 1154//6878 1162//6879
f 1153//6880 1162//6881 1161//6882
f 1154//6883 1155//6884 1163//6885
f 1154//6886 1163//6887 1162//6888
f 1155//6889 1156//6890 1164//6891
f 1155//6892 1164//6893 1163//6894
f 1156//6895 1157//6896 1165//6897
f 1156//6898 1165//6899 1164//6900
f 1157//6901 1158//6902 1166//6903
f 1157//6904 1166//6905 1165//6906
f 1158//6907 1151//6908 1159//6909
f 1158//6910 1159//6911 1166//6912
f 1159//6913 1160//6914 1168//6915
f 1159//6916 1168//6917 1167//6918
f 1160//6919 1161//6920 1169//6921
f 1160//6922 1169//6923 1168//6924
f 1161//6925 1162//6926 1170//6927
f 1161//6928 1170//6929 1169//6930
f 1162//6931 1163//6932 1171//6933
f 1162//6934 1171//6935 1170//6936
f 1163//6937 1164//6938 1172//6939
f 1163//6940 1172//6941 1171//6942
f 1164//6943 1165//6944 1173//6945
f 1164//6946 1173//6947 1172//6948
f 1165//6949 1166//6950 1174//6951
f 1165//6952 1174//6953 1173//6954
f 1166//6955 1159//6956 1167//6957
f 1166//6958 1167//6959 1174//6960
f 1167//6961 1168//6962 1176//6963
f 1167//6964 1176//6965 1175//6966
f 1168//6967 1169//6968 1177//6969
f 1168//6970 1177//6971 1176//6972
f 1169//6973 1170//6974 1178//6975
f 1169//6976 1178//6977 1177//6978
f 1170//6979 1171//6980 1179//6981
f 1170//6982 1179//6983 1178//6984
f 1171//6985 1172//6986 1180//6987
f 1171//6988 1180//6989 1179//6990
f 1172//6991 1173//6992 1181//6993
f 1172//6994 1181//6995 1180//6996
f 1173//6997 1174//6998 1182//6999
f 1173//7000 1182//7001 1181//7002
f 1174//7003 1167//7004 1175//7005
f 1174//7006 1175//7007 1182//7008
f 1175//7009 1176//7010 1184//7011
f 1175//7012 1184//7013 1183//7014
f 1176//7015 1177//7016 1185//7017
f 1176//7018 1185//7019 1184//7020
f 1177//7021 1178//7022 1186//7023
f 1177//7024 1186//7025 1185//7026
f 1178//7027 1179//7028 1187//7029
f 1178//7030 1187//7031 1186//7032
f 1179//7033 1180//7034 1188//7035
f 1179//7036 1188//7037 1187//7038
f 1180//7039 1181//7040 1189//7041
f 1180//7042 1189//7043 1188//7044
f 1181//7045 1182//7046 1190//7047
f 1181//7048 1190//7049 1189//7050
f 1182//7051 1175//7052 1183//7053
f 1182//7054 1183//7055 1190//7056
f 1183//7057 1184//7058 1192//7059
f 1183//7060 1192//7061 1191//7062
f 1184//7063 1185//7064 1193//7065
f 1184//7066 1193//7067 1192//7068
f 1185//7069 1186//7070 1194//7071
f 1185//7072 1194//7073 1193//7074
f 1186//7075 1187//7076 1195//7077
f 1186//7078 1195//7079 1194//7080
f 1187//7081 1188//7082 1196//7083
f 1187//7084 1196//7085 1195//7086
f 1188//7087 1189//7088 1197//7089
f 1188//7090 1197//7091 1196//7092
f 1189//7093 1190//7094 1198//7095
f 1189//7096 1198//7097 1197//7098
f 1190//7099 1183//7100 1191//7101
f 1190//7102 1191//7103 1198//7104
f 1191//7105 1192//7106 1200//7107
f 1191//7108 1200//7109 1199//7110
f 1192//7111 1193//7112 1201//7113
f 1192//7114 1201//7115 1200//7116
f 1193//7117 1194//7118 1202//7119
f 1193//7120 1202//7121 1201//7122
f 1194//7123 1195//7124 1203//7125
f 1194//7126 1203//7127 1202//7128
f 1195//7129 1196//7130 1204//7131
f 1195//7132 1204//7133 1203//7134
f 1196//7135 1197//7136 1205//7137
f 1196//7138 1205//7139 1204//7140
f 1197//7141 1198//7142 1206//7143
f 1197//7144 1206//7145 1205//7146
f 1198//7147 1191//7148 1199//7149
f 1198//7150 1199//7151 1206//7152
f 1199//7153 1200//7154 1208//7155
f 1199//7156 1208//7157 1207//7158
f 1200//7159 1201//7160 1209//7161
f 1200//7162 1209//7163 1208//7164
f 1201//7165 1202//7166 1210//7167
f 1201//7168 1210//7169 1209//7170
f 1202//7171 1203//7172 1211//7173
f 1202//7174 1211//7175 1210//7176
f 1203//7177 1204//7178 1212//7179
f 1203//7180 1212//7181 1211//7182
f 1204//7183 1205//7184 1213//7185
f 1204//7186 1213//7187 1212//7188
f 1205//7189 1206//7190 1214//7191
f 1205//7192 1214//7193 1213//7194
f 1206//7195 1199//7196 1207//7197
f 1206//7198 1207//7199 1214//7200
f 1207//7201 1208//7202 1216//7203
f 1207//7204 1216//7205 1215//7206
f 1208//7207 1209//7208 1217//7209
f 1208//7210 1217//7211 1216//7212
f 1209//7213 1210//7214 1218//7215
f 1209//7216 1218//7217 1217//7218
f 1210//7219 1211//7220 1219//7221
f 1210//7222 1219//7223 1218//7224
f 1211//7225 1212//7226 1220//7227
f 1211//7228 1220//7229 1219//7230
f 1212//7231 1213//7232 1221//7233
f 1212//7234 1221//7235 1220//7236
f 1213//7237 1214//7238 1222//7239
f 1213//7240 1222//7241 1221//7242
f 1214//7243 1207//7244 1215//7245
f 1214//7246 1215//7247 1222//7248
f 1215//7249 1216//7250 1224//7251
f 1215//7252 1224//7253 1223//7254
f 1216//7255 1217//7256 1225//7257
f 1216//7258 1225//7259 1224//7260
f 1217//7261 1218//7262 1226//7263
f 1217//7264 1226//7265 1225//7266
f 1218//7267 1219//7268 1227//7269
f 1218//7270 1227//7271 1226//7272
f 1219//7273 1220//7274 1228//7275
f 1219//7276 1228//7277 1227//7278
f 1220//7279 1221//7280 1229//7281
f 1220//7282 1229//7283 1228//7284
f 1221//7285 1222//7286 1230//7287
f 1221//7288 1230//7289 1229//7290
f 1222//7291 1215//7292 1223//7293
f 1222//7294 1223//7295 1230//7296
f 1223//7297 1224//7298 1232//7299
f 1223//7300 1232//7301 1231//7302
f 1224//7303 1225//7304 1233//7305
f 1224//7306 1233//7307 1232//7308
f 1225//7309 1226//7310 1234//7311
f 1225//7312 1234//7313 1233//7314
f 1226//7315 1227//7316 1235//7317
f 1226//7318 1235//7319 1234//7320
f 1227//7321 1228//7322 1236//7323
f 1227//7324 1236//7325 1235//7326
f 1228//7327 1229//7328 1237//7329
f 1228//7330 1237//7331 1236//7332
f 1229//7333 1230//7334 1238//7335
f 1229//7336 1238//7337 1237//7338
f 1230//7339 1223//7340 1231//7341
f 1230//7342 1231//7343 1238//7344
f 1231//7345 1232//7346 1240//7347
f 1231//7348 1240//7349 1239//7350
f 1232//7351 1233//7352 1241//7353
f 1232//7354 1241//7355 1240//7356
f 1233//7357 1234//7358 1242//7359
f 1233//7360 1242//7361 1241//7362
f 1234//7363 1235//7364 1243//7365
f 1234//7366 1243//7367 1242//7368
f 1235//7369 1236//7370 1244//7371
f 1235//7372 1244//7373 1243//7374
f 1236//7375 1237//7376 1245//7377
f 1236//7378 1245//7379 1244//7380
f 1237//7381 1238//7382 1246//7383
f 1237//7384 1246//7385 1245//7386
f 1238//7387 1231//7388 1239//7389
f 1238//7390 1239//7391 1246//7392
f 1239//7393 1240//7394 1248//7395
f 1239//7396 1248//7397 1247//7398
f 1240//7399 1241//7400 1249//7401
f 1240//7402 1249//7403 1248//7404
f 1241//7405 1242//7406 1250//7407
f 1241//7408 1250//7409 1249//7410
f 1242//7411 1243//7412 1251//7413
f 1242//7414 1251//7415 1250//7416
f 1243//7417 1244//7418 1252//7419
f 1243//7420 1252//7421 1251//7422
f 1244//7423 1245//7424 1253//7425
f 1244//7426 1253//7427 1252//7428
f 1245//7429 1246//7430 1254//7431
f 1245//7432 1254//7433 1253//7434
f 1246//7435 1239//7436 1247//7437
f 1246//7438 1247//7439 1254//7440
f 1247//7441 1248//7442 1256//7443
f 1247//7444 1256//7445 1255//7446
f 1248//7447 1249//7448 1257//7449
f 1248//7450 1257//7451 1256//7452
f 1249//7453 1250//7454 1258//7455
f 1249//7456 1258//7457 1257//7458
f 1250//7459 1251//7460 1259//7461
f 1250//7462 1259//7463 1258//7464
f 1251//7465 1252//7466 1260//7467
f 1251//7468 1260//7469 1259//7470
f 1252//7471 1253//7472 1261//7473
f 1252//7474 1261//7475 1260//7476
f 1253//7477 1254//7478 1262//7479
f 1253//7480 1262//7481 1261//7482
f 1254//7483 1247//7484 1255//7485
f 1254//7486 1255//7487 1262//7488
f 1255//7489 1256//7490 1264//7491
f 1255//7492 1264//7493 1263//7494
f 1256//7495 1257//7496 1265//7497
f 1256//7498 1265//7499 1264//7500
f 1257//7501 1258//7502 1266//7503
f 1257//7504 1266//7505 1265//7506
f 1258//7507 1259//7508 1267//7509
f 1258//7510 1267//7511 1266//7512
f 1259//7513 1260//7514 1268//7515
f 1259//7516 1268//7517 1267//7518
f 1260//7519 1261//7520 1269//7521
f 1260//7522 1269//7523 1268//7524
f 1261//7525 1262//7526 1270//7527
f 1261//7528 1270//7529 1269//7530
f 1262//7531 1255//7532 1263//7533
f 1262//7534 1263//7535 1270//7536
f 1263//7537 1264//7538 1272//7539
f 1263//7540 1272//7541 1271//7542
f 1264//7543 1265//7544 1273//7545
f 1264//7546 1273//7547 1272//7548
f 1265//7549 1266//7550 1274//7551
f 1265//7552 1274//7553 1273//7554
f 1266//7555 1267//7556 1275//7557
f 1266//7558 1275//7559 1274//7560
f 1267//7561 1268//7562 1276//7563
f 1267//7564 1276//7565 1275//7566
f 1268//7567 1269//7568 1277//7569
f 1268//7570 1277//7571 1276//7572
f 1269//7573 1270//7574 1278//7575
f 1269//7576 1278//7577 1277//7578
f 1270//7579 1263//7580 1271//7581
f 1270//7582 1271//7583 1278//7584
f 1271//7585 1272//7586 1280//7587
f 1271//7588 1280//7589 1279//7590
f 1272//7591 1273//7592 1281//7593
f 1272//7594 1281//7595 1280//7596
f 1273//7597 1274//7598 1282//7599
f 1273//7600 1282//7601 1281//7602
f 1274//7603 1275//7604 1283//7605
f 1274//7606 1283//7607 1282//7608
f 1275//7609 1276//7610 1284//7611
f 1275//7612 1284//7613 1283//7614
f 1276//7615 1277//7616 1285//7617
f 1276//7618 1285//7619 1284//7620
f 1277//7621 1278//7622 1286//7623
f 1277//7624 1286//7625 1285//7626
f 1278//7627 1271//7628 1279//7629
f 1278//7630 1279//7631 1286//7632
f 1279//7633 1280//7634 1288//7635
f 1279//7636 1288//7637 1287//7638
f 1280//7639 1281//7640 1289//7641
f 1280//7642 1289//7643 1288//7644
f 1281//7645 1282//7646 1290//7647
f 1281//7648 1290//7649 1289//7650
f 1282//7651 1283//7652 1291//7653
f 1282//7654 1291//7655 1290//7656
f 1283//7657 1284//7658 1292//7659
f 1283//7660 1292//7661 1291//7662
f 1284//7663 1285//7664 1293//7665
f 1284//7666 1293//7667 1292//7668
f 1285//7669 1286//7670 1294//7671
f 1285//7672 1294//7673 1293//7674
f 1286//7675 1279//7676 1287//7677
f 1286//7678 1287//7679 1294//7680
f 1287//7681 1288//7682 1296//7683
f 1287//7684 1296//7685 1295//7686
f 1288//7687 1289//7688 1297//7689
f 1288//7690 1297//7691 1296//7692
f 1289//7693 1290//7694 1298//7695
f 1289//7696 1298//7697 1297//7698
f 1290//7699 1291//7700 1299//7701
f 1290//7702 1299//7703 1298//7704
f 1291//7705 1292//7706 1300//7707
f 1291//7708 1300//7709 1299//7710
f 1292//7711 1293//7712 1301//7713
f 1292//7714 1301//7715 1300//7716
f 1293//7717 1294//7718 1302//7719
f 1293//7720 1302//7721 1301//7722
f 1294//7723 1287//7724 1295//7725
f 1294//7726 1295//7727 1302//7728
f 1295//7729 1296//7730 1304//7731
f 1295//7732 1304//7733 1303//7734
f 1296//7735 1297//7736 1305//7737
f 1296//7738 1305//7739 1304//7740
f 1297//7741 1298//7742 1306//7743
f 1297//7744 1306//7745 1305//7746
f 1298//7747 1299//7748 1307//7749
f 1298//7750 1307//7751 1306//7752
f 1299//7753 1300//7754 1308//7755
f 1299//7756 1308//7757 1307//7758
f 1300//7759 1301//7760 1309//7761
f 1300//7762 1309//7763 1308//7764
f 1301//7765 1302//7766 1310//7767
f 1301//7768 1310//7769 1309//7770
f 1302//7771 1295//7772 1303//7773
f 1302//7774 1303//7775 1310//7776
f 1303//7777 1304//7778 1312//7779
f 1303//7780 1312//7781 1311//7782
f 1304//7783 1305//7784 1313//7785
f 1304//7786 1313//7787 1312//7788
f 1305//7789 1306//7790 1314//7791
f 1305//7792 1314//7793 1313//7794
f 1306//7795 1307//7796 1315//7797
f 1306//7798 1315//7799 1314//7800
f 1307//7801 1308//7802 1316//7803
f 1307//7804 1316//7805 1315//7806
f 1308//7807 1309//7808 1317//7809
f 1308//7810 1317//7811 1316//7812
f 1309//7813 1310//7814 1318//7815
f 1309//7816 1318//7817 1317//7818
f 1310//7819 1303//7820 1311//7821
f 1310//7822 1311//7823 1318//7824
f 1311//7825 1312//7826 1320//7827
f 1311//7828 1320//7829 1319//7830
f 1312//7831 1313//7832 1321//7833
f 1312//7834 1321//7835 1320//7836
f 1313//7837 1314//7838 1322//7839
f 1313//7840 1322//7841 1321//7842
f 1314//7843 1315//7844 1323//7845
f 1314//7846 1323//7847 1322//7848
f 1315//7849 1316//7850 1324//7851
f 1315//7852 1324//7853 1323//7854
f 1316//7855 1317//7856 1325//7857
f 1316//7858 1325//7859 1324//7860
f 1317//7861 1318//7862 1326//7863
f 1317//7864 1326//7865 1325//7866
f 1318//7867 1311//7868 1319//7869
f 1318//7870 1319//7871 1326//7872
f 1319//7873 1320//7874 1328//7875
f 1319//7876 1328//7877 1327//7878
f 1320//7879 1321//7880 1329//7881
f 1320//7882 1329//7883 1328//7884
f 1321//7885 1322//7886 1330//7887
f 1321//7888 1330//7889 1329//7890
f 1322//7891 1323//7892 1331//7893
f 1322//7894 1331//7895 1330//7896
f 1323//7897 1324//7898 1332//7899
f 1323//7900 1332//7901 1331//7902
f 1324//7903 1325//7904 1333//7905
f 1324//7906 1333//7907 1332//7908
f 1325//7909 1326//7910 1334//7911
f 1325//7912 1334//7913 1333//7914
f 1326//7915 1319//7916 1327//7917
f 1326//7918 1327//7919 1334//7920
f 1327//7921 1328//7922 1336//7923
f 1327//7924 1336//7925 1335//7926
f 1328//7927 1329//7928 1337//7929
f 1328//7930 1337//7931 1336//7932
f 1329//7933 1330//7934 1338//7935
f 1329//7936 1338//7937 1337//7938
f 1330//7939 1331//7940 1339//7941
f 1330//7942 1339//7943 1338//7944
f 1331//7945 1332//7946 1340//7947
f 1331//7948 1340//7949 1339//7950
f 1332//7951 1333//7952 1341//7953
f 1332//7954 1341//7955 1340//7956
f 1333//7957 1334//7958 1342//7959
f 1333//7960 1342//7961 1341//7962
f 1334//7963 1327//7964 1335//7965
f 1334//7966 1335//7967 1342//7968
f 1335//7969 1336//7970 1344//7971
f 1335//7972 1344//7973 1343//7974
f 1336//7975 1337//7976 1345//7977
f 1336//7978 1345//7979 1344//7980
f 1337//7981 1338//7982 1346//7983
f 1337//7984 1346//7985 1345//7986
f 1338//7987 1339//7988 1347//7989
f 1338//7990 1347//7991 1346//7992
f 1339//7993 1340//7994 1348//7995
f 1339//7996 1348//7997 1347//7998
f 1340//7999 1341//8000 1349//8001
f 1340//8002 1349//8003 1348//8004
f 1341//8005 1342//8006 1350//8007
f 1341//8008 1350//8009 1349//8010
f 1342//8011 1335//8012 1343//8013
f 1342//8014 1343//8015 1350//8016
f 1351//8017 1016//8018 1015//8019
f 1352//8020 1343//8021 1344//8022
f 1351//8023 1017//8024 1016//8025
f 1352//8026 1344//8027 1345//8028
f 1351//8029 1018//8030 1017//8031
f 1352//8032 1345//8033 1346//8034
f 1351//8035 1019//8036 1018//8037
f 1352//8038 1346//8039 1347//8040
f 1351//8041 1020//8042 1019//8043
f 1352//8044 1347//8045 1348//8046
f 1351//8047 1021//8048 1020//8049
f 1352//8050 1348//8051 1349//8052
f 1351//8053 1022//8054 1021//8055
f 1352//8056 1349//8057 1350//8058
f 1351//8059 1015//8060 1022//8061
f 1352//8062 1350//8063 1343//8064
f 1353//8065 1354//8066 1366//8067
f 1353//8068 1366//8069 1365//8070
f 1354//8071 1355//8072 1367//8073
f 1354//8074 1367//8075 1366//8076
f 1355//8077 1356//8078 1368//8079
f 1355//8080 1368//8081 1367//8082
f 1356//8083 1357//8084 1369//8085
f 1356//8086 1369//8087 1368//8088
f 1357//8089 1358//8090 1370//8091
f 1357//8092 1370//8093 1369//8094
f 1358//8095 1359//8096 1371//8097
f 1358//8098 1371//8099 1370//8100
f 1359//8101 1360//8102 1372//8103
f 1359//8104 1372//8105 1371//8106
f 1360//8107 1361//8108 1373//8109
f 1360//8110 1373//8111 1372//8112
f 1361//8113 1362//8114 1374//8115
f 1361//8116 1374//8117 1373//8118
f 1362//8119 1363//8120 1375//8121
f 1362//8122 1375//8123 1374//8124
f 1363//8125 1364//8126 1376//8127
f 1363//8128 1376//8129 1375//8130
f 1364//8131 1353//8132 1365//8133
f 1364//8134 1365//8135 1376//8136
f 1365//8137 1366//8138 1378//8139
f 1365//8140 1378//8141 1377//8142
f 1366//8143 1367//8144 1379//8145
f 1366//8146 1379//8147 1378//8148
f 1367//8149 1368//8150 1380//8151
f 1367//8152 1380//8153 1379//8154
f 1368//8155 1369//8156 1380//8157
f 1369//8158 1381//8159 1380//8160
f 1369//8161 1370//8162 1382//8163
f 1369//8164 1382//8165 1381//8166
f 1370//8167 1371//8168 1383//8169
f 1370//8170 1383//8171 1382//8172
f 1371//8173 1372//8174 1384//8175
f 1371//8176 1384//8177 1383//8178
f 1372//8179 1373//8180 1385//8181
f 1372//8182 1385//8183 1384//8184
f 1373//8185 1374//8186 1385//8187
f 1374//8188 1386//8189 1385//8190
f 1374//8191 1375//8192 1387//8193
f 1374//8194 1387//8195 1386//8196
f 1375//8197 1376//8198 1388//8199
f 1375//8200 1388//8201 1387//8202
f 1376//8203 1365//8204 1377//8205
f 1376//8206 1377//8207 1388//8208
f 1377//8209 1378//8210 1390//8211
f 1377//8212 1390//8213 1389//8214
f 1378//8215 1379//8216 1391//8217
f 1378//8218 1391//8219 1390//8220
f 1379//8221 1380//8222 1392//8223
f 1379//8224 1392//8225 1391//8226
f 1380//8227 1381//8228 1393//8229
f 1380//8230 1393//8231 1392//8232
f 1381//8233 1382//8234 1394//8235
f 1381//8236 1394//8237 1393//8238
f 1382//8239 1383//8240 1395//8241
f 1382//8242 1395//8243 1394//8244
f 1383//8245 1384//8246 1396//8247
f 1383//8248 1396//8249 1395//8250
f 1384//8251 1385//8252 1397//8253
f 1384//8254 1397//8255 1396//8256
f 1385//8257 1386//8258 1398//8259
f 1385//8260 1398//8261 1397//8262
f 1386//8263 1387//8264 1399//8265
f 1386//8266 1399//8267 1398//8268
f 1387//8269 1388//8270 1400//8271
f 1387//8272 1400//8273 1399//8274
f 1388//8275 1377//8276 1389//8277
f 1388//8278 1389//8279 1400//8280
f 1389//8281 1390//8282 1402//8283
f 1389//8284 1402//8285 1401//8286
f 1390//8287 1391//8288 1403//8289
f 1390//8290 1403//8291 1402//8292
f 1391//8293 1392//8294 1404//8295
f 1391//8296 1404//8297 1403//8298
f 1392//8299 1393//8300 1405//8301
f 1392//8302 1405//8303 1404//8304
f 1393//8305 1394//8306 1406//8307
f 1393//8308 1406//8309 1405//8310
f 1394//8311 1395//8312 1407//8313
f 1394//8314 1407//8315 1406//8316
f 1395//8317 1396//8318 1408//8319
f 1395//8320 1408//8321 1407//8322
f 1396//8323 1397//8324 1409//8325
f 1396//8326 1409//8327 1408//8328
f 1397//8329 1398//8330 1410//8331
f 1397//8332 1410//8333 1409//8334
f 1398//8335 1399//8336 1411//8337
f 1398//8338 1411//8339 1410//8340
f 1399//8341 1400//8342 1412//8343
f 1399//8344 1412//8345 1411//8346
f 1400//8347 1389//8348 1401//8349
f 1400//8350 1401//8351 1412//8352
f 1401//8353 1402//8354 1414//8355
f 1401//8356 1414//8357 1413//8358
f 1402//8359 1403//8360 1415//8361
f 1402//8362 1415//8363 1414//8364
f 1403//8365 1404//8366 1416//8367
f 1403//8368 1416//8369 1415//8370
f 1404//8371 1405//8372 1417//8373
f 1404//8374 1417//8375 1416//8376
f 1405//8377 1406//8378 1418//8379
f 1405//8380 1418//8381 1417//8382
f 1406//8383 1407//8384 1419//8385
f 1406//8386 1419//8387 1418//8388
f 1407//8389 1408//8390 1420//8391
f 1407//8392 1420//8393 1419//8394
f 1408//8395 1409//8396 1421//8397
f 1408//8398 1421//8399 1420//8400
f 1409//8401 1410//8402 1422//8403
f 1409//8404 1422//8405 1421//8406
f 1410//8407 1411//8408 1423//8409
f 1410//8410 1423//8411 1422//8412
f 1411//8413 1412//8414 1424//8415
f 1411//8416 1424//8417 1423//8418
f 1412//8419 1401//8420 1413//8421
f 1412//8422 1413//8423 1424//8424
f 1413//8425 1414//8426 1426//8427
f 1413//8428 1426//8429 1425//8430
f 1414//8431 1415//8432 1427//8433
f 1414//8434 1427//8435 1426//8436
f 1415//8437 1416//8438 1428//8439
f 1415//8440 1428//8441 1427//8442
f 1416//8443 1417//8444 1429//8445
f 1416//8446 1429//8447 1428//8448
f 1417//8449 1418//8450 1430//8451
f 1417//8452 1430//8453 1429//8454
f 1418//8455 1419//8456 1431//8457
f 1418//8458 1431//8459 1430//8460
f 1419//8461 1420//8462 1432//8463
f 1419//8464 1432//8465 1431//8466
f 1420//8467 1421//8468 1433//8469
f 1420//8470 1433//8471 1432//8472
f 1421//8473 1422//8474 1434//8475
f 1421//8476 1434//8477 1433//8478
f 1422//8479 1423//8480 1435//8481
f 1422//8482 1435//8483 1434//8484
f 1423//8485 1424//8486 1436//8487
f 1423//8488 1436//8489 1435//8490
f 1424//8491 1413//8492 1425//8493
f 1424//8494 1425//8495 1436//8496
f 1425//8497 1426//8498 1438//8499
f 1425//8500 1438//8501 1437//8502
f 1426//8503 1427//8504 1439//8505
f 1426//8506 1439//8507 1438//8508
f 1427//8509 1428//8510 1440//8511
f 1427//8512 1440//8513 1439//8514
f 1428//8515 1429//8516 1441//8517
f 1428//8518 1441//8519 1440//8520
f 1429//8521 1430//8522 1442//8523
f 1429//8524 1442//8525 1441//8526
f 1430//8527 1431//8528 1443//8529
f 1430//8530 1443//8531 1442//8532
f 1431//8533 1432//8534 1444//8535
f 1431//8536 1444//8537 1443//8538
f 1432//8539 1433//8540 1445//8541
f 1432//8542 1445//8543 1444//8544
f 1433//8545 1434//8546 1446//8547
f 1433//8548 1446//8549 1445//8550
f 1434//8551 1435//8552 1447//8553
f 1434//8554 1447//8555 1446//8556
f 1435//8557 1436//8558 1448//8559
f 1435//8560 1448//8561 1447//8562
f 1436//8563 1425//8564 1437//8565
f 1436//8566 1437//8567 1448//8568
f 1437//8569 1438//8570 1450//8571
f 1437//8572 1450//8573 1449//8574
f 1438//8575 1439//8576 1451//8577
f 1438//8578 1451//8579 1450//8580
f 1439//8581 1440//8582 1451//8583
f 1440//8584 1452//8585 1451//8586
f 1440//8587 1441//8588 1453//8589
f 1440//8590 1453//8591 1452//8592
f 1441//8593 1442//8594 1454//8595
f 1441//8596 1454//8597 1453//8598
f 1442//8599 1443//8600 1455//8601
f 1442//8602 1455//8603 1454//8604
f 1443//8605 1444//8606 1456//8607
f 1443//8608 1456//8609 1455//8610
f 1444//8611 1445//8612 1457//8613
f 1444//8614 1457//8615 1456//8616
f 1445//8617 1446//8618 1458//8619
f 1445//8620 1458//8621 1457//8622
f 1446//8623 1447//8624 1458//8625
f 1447//8626 1459//8627 1458//8628
f 1447//8629 1448//8630 1460//8631
f 1447//8632 1460//8633 1459//8634
f 1448//8635 1437//8636 1449//8637
f 1448//8638 1449//8639 1460//8640
f 1449//8641 1450//8642 1462//8643
f 1449//8644 1462//8645 1461//8646
f 1450//8647 1451//8648 1463//8649
f 1450//8650 1463//8651 1462//8652
f 1451//8653 1452//8654 1464//8655
f 1451//8656 1464//8657 1463//8658
f 1452//8659 1453//8660 1465//8661
f 1452//8662 1465//8663 1464//8664
f 1453//8665 1454//8666 1466//8667
f 1453//8668 1466//8669 1465//8670
f 1454//8671 1455//8672 1467//8673
f 1454//8674 1467//8675 1466//8676
f 1455//8677 1456//8678 1468//8679
f 1455//8680 1468//8681 1467//8682
f 1456//8683 1457//8684 1469//8685
f 1456//8686 1469//8687 1468//8688
f 1457//8689 1458//8690 1470//8691
f 1457//8692 1470//8693 1469//8694
f 1458//8695 1459//8696 1471//8697
f 1458//8698 1471//8699 1470//8700
f 1459//8701 1460//8702 1472//8703
f 1459//8704 1472//8705 1471//8706
f 1460//8707 1449//8708 1461//8709
f 1460//8710 1461//8711 1472//8712
f 1461//8713 1462//8714 1474//8715
f 1461//8716 1474//8717 1473//8718
f 1462//8719 1463//8720 1475//8721
f 1462//8722 1475//8723 1474//8724
f 1463//8725 1464//8726 1476//8727
f 1463//8728 1476//8729 1475//8730
f 1464//8731 1465//8732 1477//8733
f 1464//8734 1477//8735 1476//8736
f 1465//8737 1466//8738 1478//8739
f 1465//8740 1478//8741 1477//8742
f 1466//8743 1467//8744 1479//8745
f 1466//8746 1479//8747 1478//8748
f 1467//8749 1468//8750 1480//8751
f 1467//8752 1480//8753 1479//8754
f 1468//8755 1469//8756 1481//8757
f 1468//8758 1481//8759 1480//8760
f 1469//8761 1470//8762 1482//8763
f 1469//8764 1482//8765 1481//8766
f 1470//8767 1471//8768 1483//8769
f 1470//8770 1483//8771 1482//8772
f 1471//8773 1472//8774 1484//8775
f 1471//8776 1484//8777 1483//8778
f 1472//8779 1461//8780 1473//8781
f 1472//8782 1473//8783 1484//8784
f 1473//8785 1474//8786 1486//8787
f 1473//8788 1486//8789 1485//8790
f 1474//8791 1475//8792 1487//8793
f 1474//8794 1487//8795 1486//8796
f 1475//8797 1476//8798 1488//8799
f 1475//8800 1488//8801 1487//8802
f 1476//8803 1477//8804 1489//8805
f 1476//8806 1489//8807 1488//8808
f 1477//8809 1478//8810 1490//8811
f 1477//8812 1490//8813 1489//8814
f 1478//8815 1479//8816 1491//8817
f 1478//8818 1491//8819 1490//8820
f 1479//8821 1480//8822 1492//8823
f 1479//8824 1492//8825 1491//8826
f 1480//8827 1481//8828 1493//8829
f 1480//8830 1493//8831 1492//8832
f 1481//8833 1482//8834 1494//8835
f 1481//8836 1494//8837 1493//8838
f 1482//8839 1483//8840 1495//8841
f 1482//8842 1495//8843 1494//8844
f 1483//8845 1484//8846 1496//8847
f 1483//8848 1496//8849 1495//8850
f 1484//8851 1473//8852 1485//8853
f 1484//8854 1485//8855 1496//8856
f 1485//8857 1486//8858 1498//8859
f 1485//8860 1498//8861 1497//8862
f 1486//8863 1487//8864 1499//8865
f 1486//8866 1499//8867 1498//8868
f 1487//8869 1488//8870 1500//8871
f 1487//8872 1500//8873 1499//8874
f 1488//8875 1489//8876 1501//8877
f 1488//8878 1501//8879 1500//8880
f 1489//8881 1490//8882 1502//8883
f 1489//8884 1502//8885 1501//8886
f 1490//8887 1491//8888 1503//8889
f 1490//8890 1503//8891 1502//8892
f 1491//8893 1492//8894 1504//8895
f 1491//8896 1504//8897 1503//8898
f 1492//8899 1493//8900 1505//8901
f 1492//8902 1505//8903 1504//8904
f 1493//8905 1494//8906 1506//8907
f 1493//8908 1506//8909 1505//8910
f 1494//8911 1495//8912 1507//8913
f 1494//8914 1507//8915 1506//8916
f 1495//8917 1496//8918 1508//8919
f 1495//8920 1508//8921 1507//8922
f 1496//8923 1485//8924 1497//8925
f 1496//8926 1497//8927 1508//8928
f 1497//8929 1498//8930 1510//8931
f 1497//8932 1510//8933 1509//8934
f 1498//8935 1499//8936 1511//8937
f 1498//8938 1511//8939 1510//8940
f 1499//8941 1500//8942 1512//8943
f 1499//8944 1512//8945 1511//8946
f 1500//8947 1501//8948 1513//8949
f 1500//8950 1513//8951 1512//8952
f 1501//8953 1502//8954 1514//8955
f 1501//8956 1514//8957 1513//8958
f 1502//8959 1503//8960 1515//8961
f 1502//8962 1515//8963 1514//8964
f 1503//8965 1504//8966 1516//8967
f 1503//8968 1516//8969 1515//8970
f 1504//8971 1505//8972 1517//8973
f 1504//8974 1517//8975 1516//8976
f 1505//8977 1506//8978 1518//8979
f 1505//8980 1518//8981 1517//8982
f 1506//8983 1507//8984 1519//8985
f 1506//8986 1519//8987 1518//8988
f 1507//8989 1508//8990 1520//8991
f 1507//8992 1520//8993 1519//8994
f 1508//8995 1497//8996 1509//8997
f 1508//8998 1509//8999 1520//9000
f 1509//9001 1510//9002 1522//9003
f 1509//9004 1522//9005 1521//9006
f 1510//9007 1511//9008 1523//9009
f 1510//9010 1523//9011 1522//9012
f 1511//9013 1512//9014 1524//9015
f 1511//9016 1524//9017 1523//9018
f 1512//9019 1513//9020 1525//9021
f 1512//9022 1525//9023 1524//9024
f 1513//9025 1514//9026 1526//9027
f 1513//9028 1526//9029 1525//9030
f 1514//9031 1515//9032 1527//9033
f 1514//9034 1527//9035 1526//9036
f 1515//9037 1516//9038 1528//9039
f 1515//9040 1528//9041 1527//9042
f 1516//9043 1517//9044 1529//9045
f 1516//9046 1529//9047 1528//9048
f 1517//9049 1518//9050 1530//9051
f 1517//9052 1530//9053 1529//9054
f 1518//9055 1519//9056 1531//9057
f 1518//9058 1531//9059 1530//9060
f 1519//9061 1520//9062 1532//9063
f 1519//9064 1532//9065 1531//9066
f 1520//9067 1509//9068 1521//9069
f 1520//9070 1521//9071 1532//9072
f 1521//9073 1522//9074 1534//9075
f 1521//9076 1534//9077 1533//9078
f 1522//9079 1523//9080 1535//9081
f 1522//9082 1535//9083 1534//9084
f 1523//9085 1524//9086 1536//9087
f 1523//9088 1536//9089 1535//9090
f 1524//9091 1525//9092 1537//9093
f 1524//9094 1537//9095 1536//9096
f 1525//9097 1526//9098 1538//9099
f 1525//9100 1538//9101 1537//9102
f 1526//9103 1527//9104 1539//9105
f 1526//9106 1539//9107 1538//9108
f 1527//9109 1528//9110 1540//9111
f 1527//9112 1540//9113 1539//9114
f 1528//9115 1529//9116 1541//9117
f 1528//9118 1541//9119 1540//9120
f 1529//9121 1530//9122 1542//9123
f 1529//9124 1542//9125 1541//9126
f 1530//9127 1531//9128 1543//9129
f 1530//9130 1543//9131 1542//9132
f 1531//9133 1532//9134 1544//9135
f 1531//9136 1544//9137 1543//9138
f 1532//9139 1521//9140 1533//9141
f 1532//9142 1533//9143 1544//9144
f 1533//9145 1534//9146 1546//9147
f 1533//9148 1546//9149 1545//9150
f 1534//9151 1535//9152 1547//9153
f 1534//9154 1547//9155 1546//9156
f 1535//9157 1536//9158 1548//9159
f 1535//9160 1548//9161 1547//9162
f 1536//9163 1537//9164 1549//9165
f 1536//9166 1549//9167 1548//9168
f 1537//9169 1538//9170 1550//9171
f 1537//9172 1550//9173 1549//9174
f 1538//9175 1539//9176 1551//9177
f 1538//9178 1551//9179 1550//9180
f 1539//9181 1540//9182 1552//9183
f 1539//9184 1552//9185 1551//9186
f 1540//9187 1541//9188 1553//9189
f 1540//9190 1553//9191 1552//9192
f 1541//9193 1542//9194 1554//9195
f 1541//9196 1554//9197 1553//9198
f 1542//9199 1543//9200 1555//9201
f 1542//9202 1555//9203 1554//9204
f 1543//9205 1544//9206 1556//9207
f 1543//9208 1556//9209 1555//9210
f 1544//9211 1533//9212 1545//9213
f 1544//9214 1545//9215 1556//9216
f 1545//9217 1546//9218 1558//9219
f 1545//9220 1558//9221 1557//9222
f 1546//9223 1547//9224 1559//9225
f 1546//9226 1559//9227 1558//9228
f 1547//9229 1548//9230 1560//9231
f 1547//9232 1560//9233 1559//9234
f 1548//9235 1549//9236 1561//9237
f 1548//9238 1561//9239 1560//9240
f 1549//9241 1550//9242 1562//9243
f 1549//9244 1562//9245 1561//9246
f 1550//9247 1551//9248 1563//9249
f 1550//9250 1563//9251 1562//9252
f 1551//9253 1552//9254 1564//9255
f 1551//9256 1564//9257 1563//9258
f 1552//9259 1553//9260 1565//9261
f 1552//9262 1565//9263 1564//9264
f 1553//9265 1554//9266 1566//9267
f 1553//9268 1566//9269 1565//9270
f 1554//9271 1555//9272 1567//9273
f 1554//9274 1567//9275 1566//9276
f 1555//9277 1556//9278 1568//9279
f 1555//9280 1568//9281 1567//9282
f 1556//9283 1545//9284 1557//9285
f 1556//9286 1557//9287 1568//9288
f 1557//9289 1558//9290 1570//9291
f 1557//9292 1570//9293 1569//9294
f 1558//9295 1559//9296 1571//9297
f 1558//9298 1571//9299 1570//9300
f 1559//9301 1560//9302 1572//9303
f 1559//9304 1572//9305 1571//9306
f 1560//9307 1561//9308 1572//9309
f 1561//9310 1573//9311 1572//9312
f 1561//9313 1562//9314 1574//9315
f 1561//9316 1574//9317 1573//9318
f 1562//9319 1563//9320 1575//9321
f 1562//9322 1575//9323 1574//9324
f 1563//9325 1564//9326 1576//9327
f 1563//9328 1576//9329 1575//9330
f 1564//9331 1565//9332 1577//9333
f 1564//9334 1577//9335 1576//9336
f 1565//9337 1566//9338 1577//9339
f 1566//9340 1578//9341 1577//9342
f 1566//9343 1567//9344 1579//9345
f 1566//9346 1579//9347 1578//9348
f 1567//9349 1568//9350 1580//9351
f 1567//9352 1580//9353 1579//9354
f 1568//9355 1557//9356 1569//9357
f 1568//9358 1569//9359 1580//9360
f 1569//9361 1570//9362 1582//9363
f 1569//9364 1582//9365 1581//9366
f 1570//9367 1571//9368 1583//9369
f 1570//9370 1583//9371 1582//9372
f 1571//9373 1572//9374 1584//9375
f 1571//9376 1584//9377 1583//9378
f 1572//9379 1573//9380 1585//9381
f 1572//9382 1585//9383 1584//9384
f 1573//9385 1574//9386 1586//9387
f 1573//9388 1586//9389 1585//9390
f 1574//9391 1575//9392 1587//9393
f 1574//9394 1587//9395 1586//9396
f 1575//9397 1576//9398 1588//9399
f 1575//9400 1588//9401 1587//9402
f 1576//9403 1577//9404 1589//9405
f 1576//9406 1589//9407 1588//9408
f 1577//9409 1578//9410 1590//9411
f 1577//9412 1590//9413 1589//9414
f 1578//9415 1579//9416 1591//9417
f 1578//9418 1591//9419 1590//9420
f 1579//9421 1580//9422 1592//9423
f 1579//9424 1592//9425 1591//9426
f 1580//9427 1569//9428 1581//9429
f 1580//9430 1581//9431 1592//9432
f 1581//9433 1582//9434 1594//9435
f 1581//9436 1594//9437 1593//9438
f 1582//9439 1583//9440 1595//9441
f 1582//9442 1595//9443 1594//9444
f 1583//9445 1584//9446 1596//9447
f 1583//9448 1596//9449 1595//9450
f 1584//9451 1585//9452 1597//9453
f 1584//9454 1597//9455 1596//9456
f 1585//9457 1586//9458 1598//9459
f 1585//9460 1598//9461 1597//9462
f 1586//9463 1587//9464 1599//9465
f 1586//9466 1599//9467 1598//9468
f 1587//9469 1588//9470 1600//9471
f 1587//9472 1600//9473 1599//9474
f 1588//9475 1589//9476 1601//9477
f 1588//9478 1601//9479 1600//9480
f 1589//9481 1590//9482 1602//9483
f 1589//9484 1602//9485 1601//9486
f 1590//9487 1591//9488 1603//9489
f 1590//9490 1603//9491 1602//9492
f 1591//9493 1592//9494 1604//9495
f 1591//9496 1604//9497 1603//9498
f 1592//9499 1581//9500 1593//9501
f 1592//9502 1593//9503 1604//9504
f 1593//9505 1594//9506 1606//9507
f 1593//9508 1606//9509 1605//9510
f 1594//9511 1595//9512 1607//9513
f 1594//9514 1607//9515 1606//9516
f 1595//9517 1596//9518 1608//9519
f 1595//9520 1608//9521 1607//9522
f 1596//9523 1597//9524 1609//9525
f 1596//9526 1609//9527 1608//9528
f 1597//9529 1598//9530 1610//9531
f 1597//9532 1610//9533 1609//9534
f 1598//9535 1599//9536 1611//9537
f 1598//9538 1611//9539 1610//9540
f 1599//9541 1600//9542 1612//9543
f 1599//9544 1612//9545 1611//9546
f 1600//9547 1601//9548 1613//9549
f 1600//9550 1613//9551 1612//9552
f 1601//9553 1602//9554 1614//9555
f 1601//9556 1614//9557 1613//9558
f 1602//9559 1603//9560 1615//9561
f 1602//9562 1615//9563 1614//9564
f 1603//9565 1604//9566 1616//9567
f 1603//9568 1616//9569 1615//9570
f 1604//9571 1593//9572 1605//9573
f 1604//9574 1605//9575 1616//9576
f 1605//9577 1606//9578 1618//9579
f 1605//9580 1618//9581 1617//9582
f 1606//9583 1607//9584 1619//9585
f 1606//9586 1619//9587 1618//9588
f 1607//9589 1608//9590 1620//9591
f 1607//9592 1620//9593 1619//9594
f 1608//9595 1609//9596 1621//9597
f 1608//9598 1621//9599 1620//9600
f 1609//9601 1610//9602 1622//9603
f 1609//9604 1622//9605 1621//9606
f 1610//9607 1611//9608 1623//9609
f 1610//9610 1623//9611 1622//9612
f 1611//9613 1612//9614 1624//9615
f 1611//9616 1624//9617 1623//9618
f 1612//9619 1613//9620 1625//9621
f 1612//9622 1625//9623 1624//9624
f 1613//9625 1614//9626 1626//9627
f 1613//9628 1626//9629 1625//9630
f 1614//9631 1615//9632 1627//9633
f 1614//9634 1627//9635 1626//9636
f 1615//9637 1616//9638 1628//9639
f 1615//9640 1628//9641 1627//9642
f 1616//9643 1605//9644 1617//9645
f 1616//9646 1617//9647 1628//9648
f 1617//9649 1618//9650 1630//9651
f 1617//9652 1630//9653 1629//9654
f 1618//9655 1619//9656 1631//9657
f 1618//9658 1631//9659 1630//9660
f 1619//9661 1620//9662 1632//9663
f 1619//9664 1632//9665 1631//9666
f 1620//9667 1621//9668 1633//9669
f 1620//9670 1633//9671 1632//9672
f 1621//9673 1622//9674 1634//9675
f 1621//9676 1634//9677 1633//9678
f 1622//9679 1623//9680 1635//9681
f 1622//9682 1635//9683 1634//9684
f 1623//9685 1624//9686 1636//9687
f 1623//9688 1636//9689 1635//9690
f 1624//9691 1625//9692 1637//9693
f 1624//9694 1637//9695 1636//9696
f 1625//9697 1626//9698 1638//9699
f 1625//9700 1638//9701 1637//9702
f 1626//9703 1627//9704 1639//9705
f 1626//9706 1639//9707 1638//9708
f 1627//9709 1628//9710 1640//9711
f 1627//9712 1640//9713 1639//9714
f 1628//9715 1617//9716 1629//9717
f 1628//9718 1629//9719 1640//9720
f 1629//9721 1630//9722 1642//9723
f 1629//9724 1642//9725 1641//9726
f 1630//9727 1631//9728 1643//9729
f 1630//9730 1643//9731 1642//9732
f 1631//9733 1632//9734 1643//9735
f 1632//9736 1644//9737 1643//9738
f 1632//9739 1633//9740 1645//9741
f 1632//9742 1645//9743 1644//9744
f 1633//9745 1634//9746 1646//9747
f 1633//9748 1646//9749 1645//9750
f 1634//9751 1635//9752 1647//9753
f 1634//9754 1647//9755 1646//9756
f 1635//9757 1636//9758 1648//9759
f 1635//9760 1648//9761 1647//9762
f 1636//9763 1637//9764 1649//9765
f 1636//9766 1649//9767 1648//9768
f 1637//9769 1638//9770 1650//9771
f 1637//9772 1650//9773 1649//9774
f 1638//9775 1639//9776 1650//9777
f 1639//9778 1651//9779 1650//9780
f 1639//9781 1640//9782 1652//9783
f 1639//9784 1652//9785 1651//9786
f 1640//9787 1629//9788 1641//9789
f 1640//9790 1641//9791 1652//9792
f 1641//9793 1642//9794 1654//9795
f 1641//9796 1654//9797 1653//9798
f 1642//9799 1643//9800 1655//9801
f 1642//9802 1655//9803 1654//9804
f 1643//9805 1644//9806 1656//9807
f 1643//9808 1656//9809 1655//9810
f 1644//9811 1645//9812 1657//9813
f 1644//9814 1657//9815 1656//9816
f 1645//9817 1646//9818 1658//9819
f 1645//9820 1658//9821 1657//9822
f 1646//9823 1647//9824 1659//9825
f 1646//9826 1659//9827 1658//9828
f 1647//9829 1648//9830 1660//9831
f 1647//9832 1660//9833 1659//9834
f 1648//9835 1649//9836 1661//9837
f 1648//9838 1661//9839 1660//9840
f 1649//9841 1650//9842 1662//9843
f 1649//9844 1662//9845 1661//9846
f 1650//9847 1651//9848 1663//9849
f 1650//9850 1663//9851 1662//9852
f 1651//9853 1652//9854 1664//9855
f 1651//9856 1664//9857 1663//9858
f 1652//9859 1641//9860 1653//9861
f 1652//9862 1653//9863 1664//9864
f 1653//9865 1654//9866 1666//9867
f 1653//9868 1666//9869 1665//9870
f 1654//9871 1655//9872 1667//9873
f 1654//9874 1667//9875 1666//9876
f 1655//9877 1656//9878 1667//9879
f 1656//9880 1668//9881 1667//9882
f 1656//9883 1657//9884 1669//9885
f 1656//9886 1669//9887 1668//9888
f 1657//9889 1658//9890 1670//9891
f 1657//9892 1670//9893 1669//9894
f 1658//9895 1659//9896 1671//9897
f 1658//9898 1671//9899 1670//9900
f 1659//9901 1660//9902 1672//9903
f 1659//9904 1672//9905 1671//9906
f 1660//9907 1661//9908 1673//9909
f 1660//9910 1673//9911 1672//9912
f 1661//9913 1662//9914 1674//9915
f 1661//9916 1674//9917 1673//9918
f 1662//9919 1663//9920 1674//9921
f 1663//9922 1675//9923 1674//9924
f 1663//9925 1664//9926 1676//9927
f 1663//9928 1676//9929 1675//9930
f 1664//9931 1653//9932 1665//9933
f 1664//9934 1665//9935 1676//9936
f 1665//9937 1666//9938 1678//9939
f 1665//9940 1678//9941 1677//9942
f 1666//9943 1667//9944 1679//9945
f 1666//9946 1679//9947 1678//9948
f 1667//9949 1668//9950 1680//9951
f 1667//9952 1680//9953 1679//9954
f 1668//9955 1669//9956 1681//9957
f 1668//9958 1681//9959 1680//9960
f 1669//9961 1670//9962 1682//9963
f 1669//9964 1682//9965 1681//9966
f 1670//9967 1671//9968 1683//9969
f 1670//9970 1683//9971 1682//9972
f 1671//9973 1672//9974 1684//9975
f 1671//9976 1684//9977 1683//9978
f 1672//9979 1673//9980 1685//9981
f 1672//9982 1685//9983 1684//9984
f 1673//9985 1674//9986 1686//9987
f 1673//9988 1686//9989 1685//9990
f 1674//9991 1675//9992 1687//9993
f 1674//9994 1687//9995 1686//9996
f 1675//9997 1676//9998 1688//9999
f 1675//10000 1688//10001 1687//10002
f 1676//10003 1665//10004 1677//10005
f 1676//10006 1677//10007 1688//10008
f 1677//10009 1678//10010 1690//10011
f 1677//10012 1690//10013 1689//10014
f 1678//10015 1679//10016 1691//10017
f 1678//10018 1691//10019 1690//10020
f 1679//10021 1680//10022 1692//10023
f 1679//10024 1692//10025 1691//10026
f 1680//10027 1681//10028 1693//10029
f 1680//10030 1693//10031 1692//10032
f 1681//10033 1682//10034 1694//10035
f 1681//10036 1694//10037 1693//10038
f 1682//10039 1683//10040 1695//10041
f 1682//10042 1695//10043 1694//10044
f 1683//10045 1684//10046 1696//10047
f 1683//10048 1696//10049 1695//10050
f 1684//10051 1685//10052 1697//10053
f 1684//10054 1697//10055 1696//10056
f 1685//10057 1686//10058 1698//10059
f 1685//10060 1698//10061 1697//10062
f 1686//10063 1687//10064 1699//10065
f 1686//10066 1699//10067 1698//10068
f 1687//10069 1688//10070 1700//10071
f 1687//10072 1700//10073 1699//10074
f 1688//10075 1677//10076 1689//10077
f 1688//10078 1689//10079 1700//10080
f 1689//10081 1690//10082 1702//10083
f 1689//10084 1702//10085 1701//10086
f 1690//10087 1691//10088 1703//10089
f 1690//10090 1703//10091 1702//10092
f 1691//10093 1692//10094 1704//10095
f 1691//10096 1704//10097 1703//10098
f 1692//10099 1693//10100 1705//10101
f 1692//10102 1705//10103 1704//10104
f 1693//10105 1694//10106 1706//10107
f 1693//10108 1706//10109 1705//10110
f 1694//10111 1695//10112 1707//10113
f 1694//10114 1707//10115 1706//10116
f 1695//10117 1696//10118 1708//10119
f 1695//10120 1708//10121 1707//10122
f 1696//10123 1697//10124 1709//10125
f 1696//10126 1709//10127 1708//10128
f 1697//10129 1698//10130 1710//10131
f 1697//10132 1710//10133 1709//10134
f 1698//10135 1699//10136 1711//10137
f 1698//10138 1711//10139 1710//10140
f 1699//10141 1700//10142 1712//10143
f 1699//10144 1712//10145 1711//10146
f 1700//10147 1689//10148 1701//10149
f 1700//10150 1701//10151 1712//10152
f 1701//10153 1702//10154 1714//10155
f 1701//10156 1714//10157 1713//10158
f 1702//10159 1703//10160 1715//10161
f 1702//10162 1715//10163 1714//10164
f 1703//10165 1704//10166 1716//10167
f 1703//10168 1716//10169 1715//10170
f 1704//10171 1705//10172 1717//10173
f 1704//10174 1717//10175 1716//10176
f 1705//10177 1706//10178 1718//10179
f 1705//10180 1718//10181 1717//10182
f 1706//10183 1707//10184 1719//10185
f 1706//10186 1719//10187 1718//10188
f 1707//10189 1708//10190 1720//10191
f 1707//10192 1720//10193 1719//10194
f 1708//10195 1709//10196 1721//10197
f 1708//10198 1721//10199 1720//10200
f 1709//10201 1710//10202 1722//10203
f 1709//10204 1722//10205 1721//10206
f 1710//10207 1711//10208 1723//10209
f 1710//10210 1723//10211 1722//10212
f 1711//10213 1712//10214 1724//10215
f 1711//10216 1724//10217 1723//10218
f 1712//10219 1701//10220 1713//10221
f 1712//10222 1713//10223 1724//10224
f 1713//10225 1714//10226 1726//10227
f 1713//10228 1726//10229 1725//10230
f 1714//10231 1715//10232 1727//10233
f 1714//10234 1727//10235 1726//10236
f 1715//10237 1716//10238 1728//10239
f 1715//10240 1728//10241 1727//10242
f 1716//10243 1717//10244 1729//10245
f 1716//10246 1729//10247 1728//10248
f 1717//10249 1718//10250 1730//10251
f 1717//10252 1730//10253 1729//10254
f 1718//10255 1719//10256 1731//10257
f 1718//10258 1731//10259 1730//10260
f 1719//10261 1720//10262 1732//10263
f 1719//10264 1732//10265 1731//10266
f 1720//10267 1721//10268 1733//10269
f 1720//10270 1733//10271 1732//10272
f 1721//10273 1722//10274 1734//10275
f 1721//10276 1734//10277 1733//10278
f 1722//10279 1723//10280 1735//10281
f 1722//10282 1735//10283 1734//10284
f 1723//10285 1724//10286 1736//10287
f 1723//10288 1736//10289 1735//10290
f 1724//10291 1713//10292 1725//10293
f 1724//10294 1725//10295 1736//10296
f 1725//10297 1726//10298 1738//10299
f 1725//10300 1738//10301 1737//10302
f 1726//10303 1727//10304 1739//10305
f 1726//10306 1739//10307 1738//10308
f 1727//10309 1728//10310 1740//10311
f 1727//10312 1740//10313 1739//10314
f 1728//10315 1729//10316 1741//10317
f 1728//10318 1741//10319 1740//10320
f 1729//10321 1730//10322 1741//10323
f 1730//10324 1742//10325 1741//10326
f 1730//10327 1731//10328 1743//10329
f 1730//10330 1743//10331 1742//10332
f 1731//10333 1732//10334 1744//10335
f 1731//10336 1744//10337 1743//10338
f 1732//10339 1733//10340 1745//10341
f 1732//10342 1745//10343 1744//10344
f 1733//10345 1734//10346 1745//10347
f 1734//10348 1746//10349 1745//10350
f 1734//10351 1735//10352 1747//10353
f 1734//10354 1747//10355 1746//10356
f 1735//10357 1736//10358 1748//10359
f 1735//10360 1748//10361 1747//10362
f 1736//10363 1725//10364 1737//10365
f 1736//10366 1737//10367 1748//10368
f 1737//10369 1738//10370 1750//10371
f 1737//10372 1750//10373 1749//10374
f 1738//10375 1739//10376 1751//10377
f 1738//10378 1751//10379 1750//10380
f 1739//10381 1740//10382 1752//10383
f 1739//10384 1752//10385 1751//10386
f 1740//10387 1741//10388 1753//10389
f 1740//10390 1753//10391 1752//10392
f 1741//10393 1742//10394 1754//10395
f 1741//10396 1754//10397 1753//10398
f 1742//10399 1743//10400 1755//10401
f 1742//10402 1755//10403 1754//10404
f 1743//10405 1744//10406 1756//10407
f 1743//10408 1756//10409 1755//10410
f 1744//10411 1745//10412 1757//10413
f 1744//10414 1757//10415 1756//10416
f 1745//10417 1746//10418 1758//10419
f 1745//10420 1758//10421 1757//10422
f 1746//10423 1747//10424 1759//10425
f 1746//10426 1759//10427 1758//10428
f 1747//10429 1748//10430 1760//10431
f 1747//10432 1760//10433 1759//10434
f 1748//10435 1737//10436 1749//10437
f 1748//10438 1749//10439 1760//10440
f 1761//10441 1354//10442 1353//10443
f 1762//10444 1749//10445 1750//10446
f 1761//10447 1355//10448 1354//10449
f 1762//10450 1750//10451 1751//10452
f 1761//10453 1356//10454 1355//10455
f 1762//10456 1751//10457 1752//10458
f 1761//10459 1357//10460 1356//10461
f 1762//10462 1752//10463 1753//10464
f 1761//10465 1358//10466 1357//10467
f 1762//10468 1753//10469 1754//10470
f 1761//10471 1359//10472 1358//10473
f 1762//10474 1754//10475 1755//10476
f 1761//10477 1360//10478 1359//10479
f 1762//10480 1755//10481 1756//10482
f 1761//10483 1361//10484 1360//10485
f 1762//10486 1756//10487 1757//10488
f 1761//10489 1362//10490 1361//10491
f 1762//10492 1757//10493 1758//10494
f 1761//10495 1363//10496 1362//10497
f 1762//10498 1758//10499 1759//10500
f 1761//10501 1364//10502 1363//10503
f 1762//10504 1759//10505 1760//10506
f 1761//10507 1353//10508 1364//10509
f 1762//10510 1760//10511 1749//10512
f 1763//10513 1764//10514 1774//10515
f 1763//10516 1774//10517 1773//10518
f 1764//10519 1765//10520 1775//10521
f 1764//10522 1775//10523 1774//10524
f 1765//10525 1766//10526 1776//10527
f 1765//10528 1776//10529 1775//10530
f 1766//10531 1767//10532 1777//10533
f 1766//10534 1777//10535 1776//10536
f 1767//10537 1768//10538 1778//10539
f 1767//10540 1778//10541 1777//10542
f 1768//10543 1769//10544 1779//10545
f 1768//10546 1779//10547 1778//10548
f 1769//10549 1770//10550 1780//10551
f 1769//10552 1780//10553 1779//10554
f 1770//10555 1771//10556 1781//10557
f 1770//10558 1781//10559 1780//10560
f 1771//10561 1772//10562 1782//10563
f 1771//10564 1782//10565 1781//10566
f 1772//10567 1763//10568 1773//10569
f 1772//10570 1773//10571 1782//10572
f 1773//10573 1774//10574 1784//10575
f 1773//10576 1784//10577 1783//10578
f 1774//10579 1775//10580 1785//10581
f 1774//10582 1785//10583 1784//10584
f 1775//10585 1776//10586 1786//10587
f 1775//10588 1786//10589 1785//10590
f 1776//10591 1777//10592 1787//10593
f 1776//10594 1787//10595 1786//10596
f 1777//10597 1778//10598 1788//10599
f 1777//10600 1788//10601 1787//10602
f 1778//10603 1779//10604 1789//10605
f 1778//10606 1789//10607 1788//10608
f 1779//10609 1780//10610 1790//10611
f 1779//10612 1790//10613 1789//10614
f 1780//10615 1781//10616 1791//10617
f 1780//10618 1791//10619 1790//10620
f 1781//10621 1782//10622 1791//10623
f 1782//10624 1792//10625 1791//10626
f 1782//10627 1773//10628 1783//10629
f 1782//10630 1783//10631 1792//10632
f 1783//10633 1784//10634 1794//10635
f 1783//10636 1794//10637 1793//10638
f 1784//10639 1785//10640 1795//10641
f 1784//10642 1795//10643 1794//10644
f 1785//10645 1786//10646 1796//10647
f 1785//10648 1796//10649 1795//10650
f 1786//10651 1787//10652 1797//10653
f 1786//10654 1797//10655 1796//10656
f 1787//10657 1788//10658 1798//10659
f 1787//10660 1798//10661 1797//10662
f 1788//10663 1789//10664 1799//10665
f 1788//10666 1799//10667 1798//10668
f 1789//10669 1790//10670 1800//10671
f 1789//10672 1800//10673 1799//10674
f 1790//10675 1791//10676 1801//10677
f 1790//10678 1801//10679 1800//10680
f 1791//10681 1792//10682 1802//10683
f 1791//10684 1802//10685 1801//10686
f 1792//10687 1783//10688 1793//10689
f 1792//10690 1793//10691 1802//10692
f 1793//10693 1794//10694 1804//10695
f 1793//10696 1804//10697 1803//10698
f 1794//10699 1795//10700 1805//10701
f 1794//10702 1805//10703 1804//10704
f 1795//10705 1796//10706 1806//10707
f 1795//10708 1806//10709 1805//10710
f 1796//10711 1797//10712 1807//10713
f 1796//10714 1807//10715 1806//10716
f 1797//10717 1798//10718 1808//10719
f 1797//10720 1808//10721 1807//10722
f 1798//10723 1799//10724 1809//10725
f 1798//10726 1809//10727 1808//10728
f 1799//10729 1800//10730 1810//10731
f 1799//10732 1810//10733 1809//10734
f 1800//10735 1801//10736 1811//10737
f 1800//10738 1811//10739 1810//10740
f 1801//10741 1802//10742 1812//10743
f 1801//10744 1812//10745 1811//10746
f 1802//10747 1793//10748 1803//10749
f 1802//10750 1803//10751 1812//10752
f 1803//10753 1804//10754 1814//10755
f 1803//10756 1814//10757 1813//10758
f 1804//10759 1805//10760 1815//10761
f 1804//10762 1815//10763 1814//10764
f 1805//10765 1806//10766 1816//10767
f 1805//10768 1816//10769 1815//10770
f 1806//10771 1807//10772 1817//10773
f 1806//10774 1817//10775 1816//10776
f 1807//10777 1808//10778 1818//10779
f 1807//10780 1818//10781 1817//10782
f 1808//10783 1809//10784 1819//10785
f 1808//10786 1819//10787 1818//10788
f 1809//10789 1810//10790 1820//10791
f 1809//10792 1820//10793 1819//10794
f 1810//10795 1811//10796 1821//10797
f 1810//10798 1821//10799 1820//10800
f 1811//10801 1812//10802 1822//10803
f 1811//10804 1822//10805 1821//10806
f 1812//10807 1803//10808 1813//10809
f 1812//10810 1813//10811 1822//10812
f 1813//10813 1814//10814 1824//10815
f 1813//10816 1824//10817 1823//10818
f 1814//10819 1815//10820 1825//10821
f 1814//10822 1825//10823 1824//10824
f 1815//10825 1816//10826 1826//10827
f 1815//10828 1826//10829 1825//10830
f 1816//10831 1817//10832 1827//10833
f 1816//10834 1827//10835 1826//10836
f 1817//10837 1818//10838 1828//10839
f 1817//10840 1828//10841 1827//10842
f 1818//10843 1819//10844 1829//10845
f 1818//10846 1829//10847 1828//10848
f 1819//10849 1820//10850 1830//10851
f 1819//10852 1830//10853 1829//10854
f 1820//10855 1821//10856 1831//10857
f 1820//10858 1831//10859 1830//10860
f 1821//10861 1822//10862 1832//10863
f 1821//10864 1832//10865 1831//10866
f 1822//10867 1813//10868 1823//10869
f 1822//10870 1823//10871 1832//10872
f 1823//10873 1824//10874 1834//10875
f 1823//10876 1834//10877 1833//10878
f 1824//10879 1825//10880 1835//10881
f 1824//10882 1835//10883 1834//10884
f 1825//10885 1826//10886 1836//10887
f 1825//10888 1836//10889 1835//10890
f 1826//10891 1827//10892 1837//10893
f 1826//10894 1837//10895 1836//10896
f 1827//10897 1828//10898 1838//10899
f 1827//10900 1838//10901 1837//10902
f 1828//10903 1829//10904 1839//10905
f 1828//10906 1839//10907 1838//10908
f 1829//10909 1830//10910 1840//10911
f 1829//10912 1840//10913 1839//10914
f 1830//10915 1831//10916 1841//10917
f 1830//10918 1841//10919 1840//10920
f 1831//10921 1832//10922 1842//10923
f 1831//10924 1842//10925 1841//10926
f 1832//10927 1823//10928 1833//10929
f 1832//10930 1833//10931 1842//10932
f 1833//10933 1834//10934 1844//10935
f 1833//10936 1844//10937 1843//10938
f 1834//10939 1835//10940 1845//10941
f 1834//10942 1845//10943 1844//10944
f 1835//10945 1836//10946 1846//10947
f 1835//10948 1846//10949 1845//10950
f 1836//10951 1837//10952 1847//10953
f 1836//10954 1847//10955 1846//10956
f 1837//10957 1838//10958 1848//10959
f 1837//10960 1848//10961 1847//10962
f 1838//10963 1839//10964 1849//10965
f 1838//10966 1849//10967 1848//10968
f 1839//10969 1840//10970 1850//10971
f 1839//10972 1850//10973 1849//10974
f 1840//10975 1841//10976 1851//10977
f 1840//10978 1851//10979 1850//10980
f 1841//10981 1842//10982 1852//10983
f 1841//10984 1852//10985 1851//10986
f 1842//10987 1833//10988 1843//10989
f 1842//10990 1843//10991 1852//10992
f 1843//10993 1844//10994 1854//10995
f 1843//10996 1854//10997 1853//10998
f 1844//10999 1845//11000 1855//11001
f 1844//11002 1855//11003 1854//11004
f 1845//11005 1846//11006 1856//11007
f 1845//11008 1856//11009 1855//11010
f 1846//11011 1847//11012 1857//11013
f 1846//11014 1857//11015 1856//11016
f 1847//11017 1848//11018 1858//11019
f 1847//11020 1858//11021 1857//11022
f 1848//11023 1849//11024 1859//11025
f 1848//11026 1859//11027 1858//11028
f 1849//11029 1850//11030 1860//11031
f 1849//11032 1860//11033 1859//11034
f 1850//11035 1851//11036 1861//11037
f 1850//11038 1861//11039 1860//11040
f 1851//11041 1852//11042 1862//11043
f 1851//11044 1862//11045 1861//11046
f 1852//11047 1843//11048 1853//11049
f 1852//11050 1853//11051 1862//11052
f 1853//11053 1854//11054 1864//11055
f 1853//11056 1864//11057 1863//11058
f 1854//11059 1855//11060 1865//11061
f 1854//11062 1865//11063 1864//11064
f 1855//11065 1856//11066 1866//11067
f 1855//11068 1866//11069 1865//11070
f 1856//11071 1857//11072 1867//11073
f 1856//11074 1867//11075 1866//11076
f 1857//11077 1858//11078 1868//11079
f 1857//11080 1868//11081 1867//11082
f 1858//11083 1859//11084 1869//11085
f 1858//11086 1869//11087 1868//11088
f 1859//11089 1860//11090 1870//11091
f 1859//11092 1870//11093 1869//11094
f 1860//11095 1861//11096 1871//11097
f 1860//11098 1871//11099 1870//11100
f 1861//11101 1862//11102 1872//11103
f 1861//11104 1872//11105 1871//11106
f 1862//11107 1853//11108 1863//11109
f 1862//11110 1863//11111 1872//11112
f 1863//11113 1864//11114 1874//11115
f 1863//11116 1874//11117 1873//11118
f 1864//11119 1865//11120 1875//11121
f 1864//11122 1875//11123 1874//11124
f 1865//11125 1866//11126 1876//11127
f 1865//11128 1876//11129 1875//11130
f 1866//11131 1867//11132 1877//11133
f 1866//11134 1877//11135 1876//11136
f 1867//11137 1868//11138 1878//11139
f 1867//11140 1878//11141 1877//11142
f 1868//11143 1869//11144 1879//11145
f 1868//11146 1879//11147 1878//11148
f 1869//11149 1870//11150 1880//11151
f 1869//11152 1880//11153 1879//11154
f 1870//11155 1871//11156 1881//11157
f 1870//11158 1881//11159 1880//11160
f 1871//11161 1872//11162 1882//11163
f 1871//11164 1882//11165 1881//11166
f 1872//11167 1863//11168 1873//11169
f 1872//11170 1873//11171 1882//11172
f 1873//11173 1874//11174 1884//11175
f 1873//11176 1884//11177 1883//11178
f 1874//11179 1875//11180 1885//11181
f 1874//11182 1885//11183 1884//11184
f 1875//11185 1876//11186 1886//11187
f 1875//11188 1886//11189 1885//11190
f 1876//11191 1877//11192 1887//11193
f 1876//11194 1887//11195 1886//11196
f 1877//11197 1878//11198 1888//11199
f 1877//11200 1888//11201 1887//11202
f 1878//11203 1879//11204 1889//11205
f 1878//11206 1889//11207 1888//11208
f 1879//11209 1880//11210 1890//11211
f 1879//11212 1890//11213 1889//11214
f 1880//11215 1881//11216 1891//11217
f 1880//11218 1891//11219 1890//11220
f 1881//11221 1882//11222 1892//11223
f 1881//11224 1892//11225 1891//11226
f 1882//11227 1873//11228 1883//11229
f 1882//11230 1883//11231 1892//11232
f 1883//11233 1884//11234 1894//11235
f 1883//11236 1894//11237 1893//11238
f 1884//11239 1885//11240 1895//11241
f 1884//11242 1895//11243 1894//11244
f 1885//11245 1886//11246 1896//11247
f 1885//11248 1896//11249 1895//11250
f 1886//11251 1887//11252 1897//11253
f 1886//11254 1897//11255 1896//11256
f 1887//11257 1888//11258 1898//11259
f 1887//11260 1898//11261 1897//11262
f 1888//11263 1889//11264 1899//11265
f 1888//11266 1899//11267 1898//11268
f 1889//11269 1890//11270 1900//11271
f 1889//11272 1900//11273 1899//11274
f 1890//11275 1891//11276 1901//11277
f 1890//11278 1901//11279 1900//11280
f 1891//11281 1892//11282 1902//11283
f 1891//11284 1902//11285 1901//11286
f 1892//11287 1883//11288 1893//11289
f 1892//11290 1893//11291 1902//11292
f 1893//11293 1894//11294 1904//11295
f 1893//11296 1904//11297 1903//11298
f 1894//11299 1895//11300 1905//11301
f 1894//11302 1905//11303 1904//11304
f 1895//11305 1896//11306 1906//11307
f 1895//11308 1906//11309 1905//11310
f 1896//11311 1897//11312 1907//11313
f 1896//11314 1907//11315 1906//11316
f 1897//11317 1898//11318 1908//11319
f 1897//11320 1908//11321 1907//11322
f 1898//11323 1899//11324 1909//11325
f 1898//11326 1909//11327 1908//11328
f 1899//11329 1900//11330 1910//11331
f 1899//11332 1910//11333 1909//11334
f 1900//11335 1901//11336 1911//11337
f 1900//11338 1911//11339 1910//11340
f 1901//11341 1902//11342 1912//11343
f 1901//11344 1912//11345 1911//11346
f 1902//11347 1893//11348 1903//11349
f 1902//11350 1903//11351 1912//11352
f 1903//11353 1904//11354 1914//11355
f 1903//11356 1914//11357 1913//11358
f 1904//11359 1905//11360 1915//11361
f 1904//11362 1915//11363 1914//11364
f 1905//11365 1906//11366 1916//11367
f 1905//11368 1916//11369 1915//11370
f 1906//11371 1907//11372 1917//11373
f 1906//11374 1917//11375 1916//11376
f 1907//11377 1908//11378 1918//11379
f 1907//11380 1918//11381 1917//11382
f 1908//11383 1909//11384 1919//11385
f 1908//11386 1919//11387 1918//11388
f 1909//11389 1910//11390 1920//11391
f 1909//11392 1920//11393 1919//11394
f 1910//11395 1911//11396 1921//11397
f 1910//11398 1921//11399 1920//11400
f 1911//11401 1912//11402 1922//11403
f 1911//11404 1922//11405 1921//11406
f 1912//11407 1903//11408 1913//11409
f 1912//11410 1913//11411 1922//11412
f 1913//11413 1914//11414 1924//11415
f 1913//11416 1924//11417 1923//11418
f 1914//11419 1915//11420 1925//11421
f 1914//11422 1925//11423 1924//11424
f 1915//11425 1916//11426 1926//11427
f 1915//11428 1926//11429 1925//11430
f 1916//11431 1917//11432 1927//11433
f 1916//11434 1927//11435 1926//11436
f 1917//11437 1918//11438 1928//11439
f 1917//11440 1928//11441 1927//11442
f 1918//11443 1919//11444 1929//11445
f 1918//11446 1929//11447 1928//11448
f 1919//11449 1920//11450 1930//11451
f 1919//11452 1930//11453 1929//11454
f 1920//11455 1921//11456 1931//11457
f 1920//11458 1931//11459 1930//11460
f 1921//11461 1922//11462 1932//11463
f 1921//11464 1932//11465 1931//11466
f 1922//11467 1913//11468 1923//11469
f 1922//11470 1923//11471 1932//11472
f 1923//11473 1924//11474 1934//11475
f 1923//11476 1934//11477 1933//11478
f 1924//11479 1925//11480 1935//11481
f 1924//11482 1935//11483 1934//11484
f 1925//11485 1926//11486 1936//11487
f 1925//11488 1936//11489 1935//11490
f 1926//11491 1927//11492 1937//11493
f 1926//11494 1937//11495 1936//11496
f 1927//11497 1928//11498 1938//11499
f 1927//11500 1938//11501 1937//11502
f 1928//11503 1929//11504 1939//11505
f 1928//11506 1939//11507 1938//11508
f 1929//11509 1930//11510 1940//11511
f 1929//11512 1940//11513 1939//11514
f 1930//11515 1931//11516 1941//11517
f 1930//11518 1941//11519 1940//11520
f 1931//11521 1932//11522 1942//11523
f 1931//11524 1942//11525 1941//11526
f 1932//11527 1923//11528 1933//11529
f 1932//11530 1933//11531 1942//11532
f 1933//11533 1934//11534 1944//11535
f 1933//11536 1944//11537 1943//11538
f 1934//11539 1935//11540 1944//11541
f 1935//11542 1945//11543 1944//11544
f 1935//11545 1936//11546 1946//11547
f 1935//11548 1946//11549 1945//11550
f 1936//11551 1937//11552 1947//11553
f 1936//11554 1947//11555 1946//11556
f 1937//11557 1938//11558 1948//11559
f 1937//11560 1948//11561 1947//11562
f 1938//11563 1939//11564 1949//11565
f 1938//11566 1949//11567 1948//11568
f 1939//11569 1940//11570 1950//11571
f 1939//11572 1950//11573 1949//11574
f 1940//11575 1941//11576 1950//11577
f 1941//11578 1951//11579 1950//11580
f 1941//11581 1942//11582 1952//11583
f 1941//11584 1952//11585 1951//11586
f 1942//11587 1933//11588 1943//11589
f 1942//11590 1943//11591 1952//11592
f 1943//11593 1944//11594 1954//11595
f 1943//11596 1954//11597 1953//11598
f 1944//11599 1945//11600 1955//11601
f 1944//11602 1955//11603 1954//11604
f 1945//11605 1946//11606 1956//11607
f 1945//11608 1956//11609 1955//11610
f 1946//11611 1947//11612 1957//11613
f 1946//11614 1957//11615 1956//11616
f 1947//11617 1948//11618 1958//11619
f 1947//11620 1958//11621 1957//11622
f 1948//11623 1949//11624 1959//11625
f 1948//11626 1959//11627 1958//11628
f 1949//11629 1950//11630 1960//11631
f 1949//11632 1960//11633 1959//11634
f 1950//11635 1951//11636 1961//11637
f 1950//11638 1961//11639 1960//11640
f 1951//11641 1952//11642 1962//11643
f 1951//11644 1962//11645 1961//11646
f 1952//11647 1943//11648 1953//11649
f 1952//11650 1953//11651 1962//11652
f 1953//11653 1954//11654 1964//11655
f 1953//11656 1964//11657 1963//11658
f 1954//11659 1955//11660 1965//11661
f 1954//11662 1965//11663 1964//11664
f 1955//11665 1956//11666 1966//11667
f 1955//11668 1966//11669 1965//11670
f 1956//11671 1957//11672 1967//11673
f 1956//11674 1967//11675 1966//11676
f 1957//11677 1958//11678 1968//11679
f 1957//11680 1968//11681 1967//11682
f 1958//11683 1959//11684 1969//11685
f 1958//11686 1969//11687 1968//11688
f 1959//11689 1960//11690 1970//11691
f 1959//11692 1970//11693 1969//11694
f 1960//11695 1961//11696 1971//11697
f 1960//11698 1971//11699 1970//11700
f 1961//11701 1962//11702 1972//11703
f 1961//11704 1972//11705 1971//11706
f 1962//11707 1953//11708 1963//11709
f 1962//11710 1963//11711 1972//11712
f 1963//11713 1964//11714 1974//11715
f 1963//11716 1974//11717 1973//11718
f 1964//11719 1965//11720 1975//11721
f 1964//11722 1975//11723 1974//11724
f 1965//11725 1966//11726 1976//11727
f 1965//11728 1976//11729 1975//11730
f 1966//11731 1967//11732 1977//11733
f 1966//11734 1977//11735 1976//11736
f 1967//11737 1968//11738 1978//11739
f 1967//11740 1978//11741 1977//11742
f 1968//11743 1969//11744 1979//11745
f 1968//11746 1979//11747 1978//11748
f 1969//11749 1970//11750 1980//11751
f 1969//11752 1980//11753 1979//11754
f 1970//11755 1971//11756 1981//11757
f 1970//11758 1981//11759 1980//11760
f 1971//11761 1972//11762 1982//11763
f 1971//11764 1982//11765 1981//11766
f 1972//11767 1963//11768 1973//11769
f 1972//11770 1973//11771 1982//11772
f 1973//11773 1974//11774 1984//11775
f 1973//11776 1984//11777 1983//11778
f 1974//11779 1975//11780 1985//11781
f 1974//11782 1985//11783 1984//11784
f 1975//11785 1976//11786 1986//11787
f 1975//11788 1986//11789 1985//11790
f 1976//11791 1977//11792 1987//11793
f 1976//11794 1987//11795 1986//11796
f 1977//11797 1978//11798 1988//11799
f 1977//11800 1988//11801 1987//11802
f 1978//11803 1979//11804 1989//11805
f 1978//11806 1989//11807 1988//11808
f 1979//11809 1980//11810 1990//11811
f 1979//11812 1990//11813 1989//11814
f 1980//11815 1981//11816 1991//11817
f 1980//11818 1991//11819 1990//11820
f 1981//11821 1982//11822 1992//11823
f 1981//11824 1992//11825 1991//11826
f 1982//11827 1973//11828 1983//11829
f 1982//11830 1983//11831 1992//11832
f 1983//11833 1984//11834 1994//11835
f 1983//11836 1994//11837 1993//11838
f 1984//11839 1985//11840 1995//11841
f 1984//11842 1995//11843 1994//11844
f 1985//11845 1986//11846 1996//11847
f 1985//11848 1996//11849 1995//11850
f 1986//11851 1987//11852 1997//11853
f 1986//11854 1997//11855 1996//11856
f 1987//11857 1988//11858 1998//11859
f 1987//11860 1998//11861 1997//11862
f 1988//11863 1989//11864 1999//11865
f 1988//11866 1999//11867 1998//11868
f 1989//11869 1990//11870 2000//11871
f 1989//11872 2000//11873 1999//11874
f 1990//11875 1991//11876 2001//11877
f 1990//11878 2001//11879 2000//11880
f 1991//11881 1992//11882 2002//11883
f 1991//11884 2002//11885 2001//11886
f 1992//11887 1983//11888 1993//11889
f 1992//11890 1993//11891 2002//11892
f 1993//11893 1994//11894 2004//11895
f 1993//11896 2004//11897 2003//11898
f 1994//11899 1995//11900 2005//11901
f 1994//11902 2005//11903 2004//11904
f 1995//11905 1996//11906 2006//11907
f 1995//11908 2006//11909 2005//11910
f 1996//11911 1997//11912 2007//11913
f 1996//11914 2007//11915 2006//11916
f 1997//11917 1998//11918 2008//11919
f 1997//11920 2008//11921 2007//11922
f 1998//11923 1999//11924 2008//11925
f 1999//11926 2009//11927 2008//11928
f 1999//11929 2000//11930 2010//11931
f 1999//11932 2010//11933 2009//11934
f 2000//11935 2001//11936 2011//11937
f 2000//11938 2011//11939 2010//11940
f 2001//11941 2002//11942 2012//11943
f 2001//11944 2012//11945 2011//11946
f 2002//11947 1993//11948 2003//11949
f 2002//11950 2003//11951 2012//11952
f 2003//11953 2004//11954 2014//11955
f 2003//11956 2014//11957 2013//11958
f 2004//11959 2005//11960 2015//11961
f 2004//11962 2015//11963 2014//11964
f 2005//11965 2006//11966 2016//11967
f 2005//11968 2016//11969 2015//11970
f 2006//11971 2007//11972 2017//11973
f 2006//11974 2017//11975 2016//11976
f 2007//11977 2008//11978 2018//11979
f 2007//11980 2018//11981 2017//11982
f 2008//11983 2009//11984 2019//11985
f 2008//11986 2019//11987 2018//11988
f 2009//11989 2010//11990 2020//11991
f 2009//11992 2020//11993 2019//11994
f 2010//11995 2011//11996 2021//11997
f 2010//11998 2021//11999 2020//12000
f 2011//12001 2012//12002 2022//12003
f 2011//12004 2022//12005 2021//12006
f 2012//12007 2003//12008 2013//12009
f 2012//12010 2013//12011 2022//12012
f 2013//12013 2014//12014 2023//12015
f 2014//12016 2024//12017 2023//12018
f 2014//12019 2015//12020 2025//12021
f 2014//12022 2025//12023 2024//12024
f 2015//12025 2016//12026 2026//12027
f 2015//12028 2026//12029 2025//12030
f 2016//12031 2017//12032 2027//12033
f 2016//12034 2027//12035 2026//12036
f 2017//12037 2018//12038 2028//12039
f 2017//12040 2028//12041 2027//12042
f 2018//12043 2019//12044 2029//12045
f 2018//12046 2029//12047 2028//12048
f 2019//12049 2020//12050 2029//12051
f 2020//12052 2030//12053 2029//12054
f 2020//12055 2021//12056 2030//12057
f 2021//12058 2031//12059 2030//12060
f 2021//12061 2022//12062 2032//12063
f 2021//12064 2032//12065 2031//12066
f 2022//12067 2013//12068 2023//12069
f 2022//12070 2023//12071 2032//12072
f 2023//12073 2024//12074 2034//12075
f 2023//12076 2034//12077 2033//12078
f 2024//12079 2025//12080 2035//12081
f 2024//12082 2035//12083 2034//12084
f 2025//12085 2026//12086 2036//12087
f 2025//12088 2036//12089 2035//12090
f 2026//12091 2027//12092 2037//12093
f 2026//12094 2037//12095 2036//12096
f 2027//12097 2028//12098 2038//12099
f 2027//12100 2038//12101 2037//12102
f 2028//12103 2029//12104 2039//12105
f 2028//12106 2039//12107 2038//12108
f 2029//12109 2030//12110 2040//12111
f 2029//12112 2040//12113 2039//12114
f 2030//12115 2031//12116 2041//12117
f 2030//12118 2041//12119 2040//12120
f 2031//12121 2032//12122 2042//12123
f 2031//12124 2042//12125 2041//12126
f 2032//12127 2023//12128 2033//12129
f 2032//12130 2033//12131 2042//12132
f 2033//12133 2034//12134 2044//12135
f 2033//12136 2044//12137 2043//12138
f 2034//12139 2035//12140 2045//12141
f 2034//12142 2045//12143 2044//12144
f 2035//12145 2036//12146 2046//12147
f 2035//12148 2046//12149 2045//12150
f 2036//12151 2037//12152 2047//12153
f 2036//12154 2047//12155 2046//12156
f 2037//12157 2038//12158 2048//12159
f 2037//12160 2048//12161 2047//12162
f 2038//12163 2039//12164 2049//12165
f 2038//12166 2049//12167 2048//12168
f 2039//12169 2040//12170 2050//12171
f 2039//12172 2050//12173 2049//12174
f 2040//12175 2041//12176 2051//12177
f 2040//12178 2051//12179 2050//12180
f 2041//12181 2042//12182 2052//12183
f 2041//12184 2052//12185 2051//12186
f 2042//12187 2033//12188 2043//12189
f 2042//12190 2043//12191 2052//12192
f 2043//12193 2044//12194 2054//12195
f 2043//12196 2054//12197 2053//12198
f 2044//12199 2045//12200 2055//12201
f 2044//12202 2055//12203 2054//12204
f 2045//12205 2046//12206 2056//12207
f 2045//12208 2056//12209 2055//12210
f 2046//12211 2047//12212 2057//12213
f 2046//12214 2057//12215 2056//12216
f 2047//12217 2048//12218 2058//12219
f 2047//12220 2058//12221 2057//12222
f 2048//12223 2049//12224 2059//12225
f 2048//12226 2059//12227 2058//12228
f 2049//12229 2050//12230 2060//12231
f 2049//12232 2060//12233 2059//12234
f 2050//12235 2051//12236 2061//12237
f 2050//12238 2061//12239 2060//12240
f 2051//12241 2052//12242 2062//12243
f 2051//12244 2062//12245 2061//12246
f 2052//12247 2043//12248 2053//12249
f 2052//12250 2053//12251 2062//12252
f 2053//12253 2054//12254 2064//12255
f 2053//12256 2064//12257 2063//12258
f 2054//12259 2055//12260 2065//12261
f 2054//12262 2065//12263 2064//12264
f 2055//12265 2056//12266 2066//12267
f 2055//12268 2066//12269 2065//12270
f 2056//12271 2057//12272 2067//12273
f 2056//12274 2067//12275 2066//12276
f 2057//12277 2058//12278 2068//12279
f 2057//12280 2068//12281 2067//12282
f 2058//12283 2059//12284 2069//12285
f 2058//12286 2069//12287 2068//12288
f 2059//12289 2060//12290 2070//12291
f 2059//12292 2070//12293 2069//12294
f 2060//12295 2061//12296 2071//12297
f 2060//12298 2071//12299 2070//12300
f 2061//12301 2062//12302 2072//12303
f 2061//12304 2072//12305 2071//12306
f 2062//12307 2053//12308 2063//12309
f 2062//12310 2063//12311 2072//12312
f 2063//12313 2064//12314 2074//12315
f 2063//12316 2074//12317 2073//12318
f 2064//12319 2065//12320 2075//12321
f 2064//12322 2075//12323 2074//12324
f 2065//12325 2066//12326 2076//12327
f 2065//12328 2076//12329 2075//12330
f 2066//12331 2067//12332 2077//12333
f 2066//12334 2077//12335 2076//12336
f 2067//12337 2068//12338 2078//12339
f 2067//12340 2078//12341 2077//12342
f 2068//12343 2069//12344 2079//12345
f 2068//12346 2079//12347 2078//12348
f 2069//12349 2070//12350 2080//12351
f 2069//12352 2080//12353 2079//12354
f 2070//12355 2071//12356 2081//12357
f 2070//12358 2081//12359 2080//12360
f 2071//12361 2072//12362 2082//12363
f 2071//12364 2082//12365 2081//12366
f 2072//12367 2063//12368 2073//12369
f 2072//12370 2073//12371 2082//12372
f 2073//12373 2074//12374 2084//12375
f 2073//12376 2084//12377 2083//12378
f 2074//12379 2075//12380 2085//12381
f 2074//12382 2085//12383 2084//12384
f 2075//12385 2076//12386 2086//12387
f 2075//12388 2086//12389 2085//12390
f 2076//12391 2077//12392 2087//12393
f 2076//12394 2087//12395 2086//12396
f 2077//12397 2078//12398 2087//12399
f 2078//12400 2088//12401 2087//12402
f 2078//12403 2079//12404 2089//12405
f 2078//12406 2089//12407 2088//12408
f 2079//12409 2080//12410 2090//12411
f 2079//12412 2090//12413 2089//12414
f 2080//12415 2081//12416 2091//12417
f 2080//12418 2091//12419 2090//12420
f 2081//12421 2082//12422 2092//12423
f 2081//12424 2092//12425 2091//12426
f 2082//12427 2073//12428 2083//12429
f 2082//12430 2083//12431 2092//12432
f 2083//12433 2084//12434 2094//12435
f 2083//12436 2094//12437 2093//12438
f 2084//12439 2085//12440 2095//12441
f 2084//12442 2095//12443 2094//12444
f 2085//12445 2086//12446 2096//12447
f 2085//12448 2096//12449 2095//12450
f 2086//12451 2087//12452 2097//12453
f 2086//12454 2097//12455 2096//12456
f 2087//12457 2088//12458 2098//12459
f 2087//12460 2098//12461 2097//12462
f 2088//12463 2089//12464 2099//12465
f 2088//12466 2099//12467 2098//12468
f 2089//12469 2090//12470 2100//12471
f 2089//12472 2100//12473 2099//12474
f 2090//12475 2091//12476 2101//12477
f 2090//12478 2101//12479 2100//12480
f 2091//12481 2092//12482 2102//12483
f 2091//12484 2102//12485 2101//12486
f 2092//12487 2083//12488 2093//12489
f 2092//12490 2093//12491 2102//12492
f 2093//12493 2094//12494 2104//12495
f 2093//12496 2104//12497 2103//12498
f 2094//12499 2095//12500 2105//12501
f 2094//12502 2105//12503 2104//12504
f 2095//12505 2096//12506 2106//12507
f 2095//12508 2106//12509 2105//12510
f 2096//12511 2097//12512 2107//12513
f 2096//12514 2107//12515 2106//12516
f 2097//12517 2098//12518 2108//12519
f 2097//12520 2108//12521 2107//12522
f 2098//12523 2099//12524 2109//12525
f 2098//12526 2109//12527 2108//12528
f 2099//12529 2100//12530 2109//12531
f 2100//12532 2110//12533 2109//12534
f 2100//12535 2101//12536 2111//12537
f 2100//12538 2111//12539 2110//12540
f 2101//12541 2102//12542 2112//12543
f 2101//12544 2112//12545 2111//12546
f 2102//12547 2093//12548 2103//12549
f 2102//12550 2103//12551 2112//12552
f 2103//12553 2104//12554 2114//12555
f 2103//12556 2114//12557 2113//12558
f 2104//12559 2105//12560 2115//12561
f 2104//12562 2115//12563 2114//12564
f 2105//12565 2106//12566 2116//12567
f 2105//12568 2116//12569 2115//12570
f 2106//12571 2107//12572 2117//12573
f 2106//12574 2117//12575 2116//12576
f 2107//12577 2108//12578 2118//12579
f 2107//12580 2118//12581 2117//12582
f 2108//12583 2109//12584 2119//12585
f 2108//12586 2119//12587 2118//12588
f 2109//12589 2110//12590 2120//12591
f 2109//12592 2120//12593 2119//12594
f 2110//12595 2111//12596 2121//12597
f 2110//12598 2121//12599 2120//12600
f 2111//12601 2112//12602 2122//12603
f 2111//12604 2122//12605 2121//12606
f 2112//12607 2103//12608 2113//12609
f 2112//12610 2113//12611 2122//12612
f 2113//12613 2114//12614 2124//12615
f 2113//12616 2124//12617 2123//12618
f 2114//12619 2115//12620 2125//12621
f 2114//12622 2125//12623 2124//12624
f 2115//12625 2116//12626 2126//12627
f 2115//12628 2126//12629 2125//12630
f 2116//12631 2117//12632 2127//12633
f 2116//12634 2127//12635 2126//12636
f 2117//12637 2118//12638 2128//12639
f 2117//12640 2128//12641 2127//12642
f 2118//12643 2119//12644 2129//12645
f 2118//12646 2129//12647 2128//12648
f 2119//12649 2120//12650 2130//12651
f 2119//12652 2130//12653 2129//12654
f 2120//12655 2121//12656 2131//12657
f 2120//12658 2131//12659 2130//12660
f 2121//12661 2122//12662 2132//12663
f 2121//12664 2132//12665 2131//12666
f 2122//12667 2113//12668 2123//12669
f 2122//12670 2123//12671 2132//12672
f 2123//12673 2124//12674 2134//12675
f 2123//12676 2134//12677 2133//12678
f 2124//12679 2125//12680 2135//12681
f 2124//12682 2135//12683 2134//12684
f 2125//12685 2126//12686 2136//12687
f 2125//12688 2136//12689 2135//12690
f 2126//12691 2127//12692 2137//12693
f 2126//12694 2137//12695 2136//12696
f 2127//12697 2128//12698 2138//12699
f 2127//12700 2138//12701 2137//12702
f 2128//12703 2129//12704 2139//12705
f 2128//12706 2139//12707 2138//12708
f 2129//12709 2130//12710 2140//12711
f 2129//12712 2140//12713 2139//12714
f 2130//12715 2131//12716 2141//12717
f 2130//12718 2141//12719 2140//12720
f 2131//12721 2132//12722 2142//12723
f 2131//12724 2142//12725 2141//12726
f 2132//12727 2123//12728 2133//12729
f 2132//12730 2133//12731 2142//12732
f 2133//12733 2134//12734 2144//12735
f 2133//12736 2144//12737 2143//12738
f 2134//12739 2135//12740 2145//12741
f 2134//12742 2145//12743 2144//12744
f 2135//12745 2136//12746 2146//12747
f 2135//12748 2146//12749 2145//12750
f 2136//12751 2137//12752 2147//12753
f 2136//12754 2147//12755 2146//12756
f 2137//12757 2138//12758 2148//12759
f 2137//12760 2148//12761 2147//12762
f 2138//12763 2139//12764 2149//12765
f 2138//12766 2149//12767 2148//12768
f 2139//12769 2140//12770 2150//12771
f 2139//12772 2150//12773 2149//12774
f 2140//12775 2141//12776 2151//12777
f 2140//12778 2151//12779 2150//12780
f 2141//12781 2142//12782 2152//12783
f 2141//12784 2152//12785 2151//12786
f 2142//12787 2133//12788 2143//12789
f 2142//12790 2143//12791 2152//12792
f 2143//12793 2144//12794 2154//12795
f 2143//12796 2154//12797 2153//12798
f 2144//12799 2145//12800 2155//12801
f 2144//12802 2155//12803 2154//12804
f 2145//12805 2146//12806 2156//12807
f 2145//12808 2156//12809 2155//12810
f 2146//12811 2147//12812 2157//12813
f 2146//12814 2157//12815 2156//12816
f 2147//12817 2148//12818 2158//12819
f 2147//12820 2158//12821 2157//12822
f 2148//12823 2149//12824 2159//12825
f 2148//12826 2159//12827 2158//12828
f 2149//12829 2150//12830 2160//12831
f 2149//12832 2160//12833 2159//12834
f 2150//12835 2151//12836 2161//12837
f 2150//12838 2161//12839 2160//12840
f 2151//12841 2152//12842 2162//12843
f 2151//12844 2162//12845 2161//12846
f 2152//12847 2143//12848 2153//12849
f 2152//12850 2153//12851 2162//12852
f 2153//12853 2154//12854 2164//12855
f 2153//12856 2164//12857 2163//12858
f 2154//12859 2155//12860 2165//12861
f 2154//12862 2165//12863 2164//12864
f 2155//12865 2156//12866 2166//12867
f 2155//12868 2166//12869 2165//12870
f 2156//12871 2157//12872 2167//12873
f 2156//12874 2167//12875 2166//12876
f 2157//12877 2158//12878 2168//12879
f 2157//12880 2168//12881 2167//12882
f 2158//12883 2159//12884 2169//12885
f 2158//12886 2169//12887 2168//12888
f 2159//12889 2160//12890 2170//12891
f 2159//12892 2170//12893 2169//12894
f 2160//12895 2161//12896 2171//12897
f 2160//12898 2171//12899 2170//12900
f 2161//12901 2162//12902 2172//12903
f 2161//12904 2172//12905 2171//12906
f 2162//12907 2153//12908 2163//12909
f 2162//12910 2163//12911 2172//12912
f 2163//12913 2164//12914 2174//12915
f 2163//12916 2174//12917 2173//12918
f 2164//12919 2165//12920 2175//12921
f 2164//12922 2175//12923 2174//12924
f 2165//12925 2166//12926 2176//12927
f 2165//12928 2176//12929 2175//12930
f 2166//12931 2167//12932 2177//12933
f 2166//12934 2177//12935 2176//12936
f 2167//12937 2168//12938 2178//12939
f 2167//12940 2178//12941 2177//12942
f 2168//12943 2169//12944 2179//12945
f 2168//12946 2179//12947 2178//12948
f 2169//12949 2170//12950 2180//12951
f 2169//12952 2180//12953 2179//12954
f 2170//12955 2171//12956 2181//12957
f 2170//12958 2181//12959 2180//12960
f 2171//12961 2172//12962 2182//12963
f 2171//12964 2182//12965 2181//12966
f 2172//12967 2163//12968 2173//12969
f 2172//12970 2173//12971 2182//12972
f 2183//12973 1764//12974 1763//12975
f 2184//12976 2173//12977 2174//12978
f 2183//12979 1765//12980 1764//12981
f 2184//12982 2174//12983 2175//12984
f 2183//12985 1766//12986 1765//12987
f 2184//12988 2175//12989 2176//12990
f 2183//12991 1767//12992 1766//12993
f 2184//12994 2176//12995 2177//12996
f 2183//12997 1768//12998 1767//12999
f 2184//13000 2177//13001 2178//13002
f 2183//13003 1769//13004 1768//13005
f 2184//13006 2178//13007 2179//13008
f 2183//13009 1770//13010 1769//13011
f 2184//13012 2179//13013 2180//13014
f 2183//13015 1771//13016 1770//13017
f 2184//13018 2180//13019 2181//13020
f 2183//13021 1772//13022 1771//13023
f 2184//13024 2181//13025 2182//13026
f 2183//13027 1763//13028 1772//13029
f 2184//13030 2182//13031 2173//13032
