# metres; world coordinates; Y forward / Z up
mtllib glass.mtl
o glass
v -6.911952972 1.047444940 0.803999126
v -6.917705536 1.062709212 0.803514898
v -6.925776005 1.076884866 0.803020537
v -6.935965538 1.089622736 0.802528262
v -6.948023796 1.100609303 0.802050173
v -6.961652756 1.109573960 0.801598072
v -6.976517677 1.116295934 0.801183105
v -6.992252827 1.120609760 0.800815403
v -7.008469582 1.122409344 0.800504148
v -7.024769306 1.121650100 0.800256908
v -7.040750980 1.118350983 0.800079763
v -7.056020737 1.112593055 0.799977124
v -7.070202351 1.104518175 0.799951494
v -7.082947254 1.094325066 0.800003529
v -7.093940735 1.082264900 0.800131917
v -7.102912903 1.068634510 0.800333560
v -7.109642506 1.053769588 0.800603390
v -7.113963604 1.038036108 0.800934851
v -7.115770340 1.021821499 0.801319718
v -7.115017891 1.005524993 0.801748574
v -7.111724377 0.989547908 0.802210808
v -7.105971813 0.974283636 0.802695036
v -7.097901344 0.960108042 0.803189397
v -7.087711811 0.947370112 0.803681672
v -7.075654030 0.936383605 0.804159760
v -7.062024593 0.927418947 0.804611802
v -7.047159672 0.920696914 0.805026829
v -7.031424999 0.916383028 0.805394471
v -7.015207767 0.914583564 0.805705786
v -6.998908043 0.915342748 0.805953026
v -6.982926369 0.918641925 0.806130171
v -6.967656612 0.924399853 0.806232810
v -6.953474998 0.932474732 0.806258380
v -6.940730572 0.942667723 0.806206405
v -6.929736614 0.954727948 0.806077957
v -6.920764446 0.968358278 0.805876374
v -6.914035320 0.983223259 0.805606544
v -6.909713745 0.998956740 0.805275083
v -6.907907009 1.015171409 0.804890215
v -6.908659935 1.031467795 0.804461360
v -6.912051201 1.047598243 0.809996367
v -6.917803764 1.062862515 0.809512138
v -6.925874233 1.077038169 0.809017777
v -6.936063766 1.089776039 0.808525503
v -6.948121548 1.100762606 0.808047414
v -6.961750984 1.109727263 0.807595313
v -6.976615906 1.116449237 0.807180345
v -6.992350578 1.120763063 0.806812644
v -7.008567810 1.122562647 0.806501389
v -7.024867535 1.121803403 0.806254148
v -7.040849209 1.118504286 0.806077003
v -7.056118965 1.112746358 0.805974364
v -7.070300579 1.104671478 0.805948734
v -7.083045006 1.094478369 0.806000769
v -7.094038963 1.082418203 0.806129158
v -7.103011131 1.068787813 0.806330800
v -7.109740257 1.053922892 0.806600630
v -7.114061832 1.038189411 0.806932092
v -7.115868568 1.021974802 0.807316959
v -7.115115643 1.005678296 0.807745814
v -7.111822605 0.989701211 0.808208048
v -7.106070042 0.974436939 0.808692276
v -7.097999573 0.960261285 0.809186637
v -7.087810040 0.947523415 0.809678912
v -7.075751781 0.936536849 0.810157001
v -7.062122822 0.927572191 0.810609043
v -7.047257900 0.920850217 0.811024070
v -7.031523228 0.916536331 0.811391711
v -7.015305996 0.914736867 0.811703026
v -6.999006271 0.915496051 0.811950266
v -6.983024597 0.918795228 0.812127411
v -6.967754841 0.924553096 0.812230051
v -6.953573227 0.932628036 0.812255621
v -6.940828323 0.942821026 0.812203646
v -6.929834843 0.954881251 0.812075198
v -6.920862675 0.968511581 0.811873615
v -6.914133072 0.983376563 0.811603785
v -6.909811974 0.999110043 0.811272323
v -6.908005238 1.015324593 0.810887456
v -6.908757687 1.031621099 0.810458601
v -7.011838913 1.018496394 0.803104937
v -7.011936665 1.018649697 0.809102178
v -3.441405296 1.030101538 0.767028987
v -3.444735527 1.046067238 0.766454339
v -3.450519323 1.061311007 0.765745759
v -3.458613873 1.075457573 0.764920712
v -3.468820095 1.088158369 0.763999462
v -3.480886459 1.099100828 0.763004720
v -3.494516134 1.108015537 0.761960983
v -3.509373188 1.114682913 0.760894001
v -3.525091887 1.118938804 0.759829938
v -3.541285515 1.120678425 0.758795083
v -3.557554722 1.119858861 0.757814944
v -3.573499441 1.116500378 0.756913543
v -3.588726997 1.110685706 0.756113172
v -3.602862120 1.102557898 0.755433440
v -3.615556955 1.092317224 0.754891217
v -3.626498938 1.080215812 0.754499733
v -3.635418653 1.066551566 0.754268706
v -3.642096519 1.051661015 0.754203796
v -3.646367788 1.035910726 0.754306614
v -3.648127556 1.019688606 0.754574597
v -3.647332430 1.003394008 0.755001128
v -3.644002199 0.987428308 0.755575776
v -3.638218403 0.972184539 0.756284416
v -3.630123854 0.958038092 0.757109463
v -3.619917631 0.945337236 0.758030713
v -3.607851267 0.934394717 0.759025455
v -3.594221592 0.925480068 0.760069132
v -3.579364538 0.918812692 0.761136174
v -3.563645840 0.914556801 0.762200177
v -3.547452211 0.912817240 0.763235033
v -3.531183004 0.913636744 0.764215231
v -3.515238285 0.916995227 0.765116632
v -3.500010729 0.922809899 0.765917003
v -3.485875607 0.930937648 0.766596675
v -3.473180771 0.941178381 0.767138958
v -3.462238789 0.953279793 0.767530382
v -3.453319073 0.966944039 0.767761469
v -3.446641207 0.981834650 0.767826378
v -3.442369938 0.997584939 0.767723560
v -3.440610170 1.013807058 0.767455578
v -3.441772938 1.030240297 0.773016155
v -3.445103407 1.046206117 0.772441506
v -3.450886965 1.061449885 0.771732926
v -3.458981514 1.075596333 0.770907879
v -3.469187737 1.088297129 0.769986629
v -3.481254101 1.099239707 0.768991888
v -3.494883776 1.108154297 0.767948151
v -3.509740829 1.114821672 0.766881168
v -3.525459528 1.119077563 0.765817106
v -3.541653156 1.120817184 0.764782250
v -3.557922602 1.119997621 0.763802111
v -3.573867321 1.116639256 0.762900710
v -3.589094639 1.110824466 0.762100339
v -3.603229761 1.102696776 0.761420608
v -3.615924835 1.092456102 0.760878384
v -3.626866817 1.080354571 0.760486901
v -3.635786295 1.066690326 0.760255873
v -3.642464161 1.051799774 0.760190964
v -3.646735430 1.036049485 0.760293782
v -3.648495197 1.019827366 0.760561764
v -3.647700310 1.003532887 0.760988295
v -3.644369841 0.987567127 0.761562943
v -3.638586044 0.972323358 0.762271583
v -3.630491495 0.958176851 0.763096631
v -3.620285273 0.945476055 0.764017880
v -3.608218908 0.934533536 0.765012622
v -3.594589472 0.925618887 0.766056299
v -3.579732180 0.918951511 0.767123342
v -3.564013481 0.914695621 0.768187344
v -3.547820091 0.912955999 0.769222200
v -3.531550646 0.913775563 0.770202398
v -3.515605927 0.917133987 0.771103799
v -3.500378370 0.922948718 0.771904171
v -3.486243248 0.931076467 0.772583842
v -3.473548412 0.941317141 0.773126125
v -3.462606430 0.953418612 0.773517549
v -3.453686714 0.967082858 0.773748636
v -3.447009087 0.981973469 0.773813546
v -3.442737579 0.997723699 0.773710728
v -3.440977812 1.013945818 0.773442745
v -3.544368744 1.016747832 0.761015058
v -3.544736624 1.016886592 0.767002225
v 0.123189688 0.998497069 0.785305321
v 0.124650478 1.014746070 0.784904897
v 0.123551652 1.031025290 0.784577072
v 0.119920269 1.046933651 0.784329832
v 0.113845728 1.062079668 0.784169316
v 0.105477631 1.076090217 0.784099519
v 0.095022000 1.088620424 0.784122050
v 0.082736306 1.099361658 0.784236491
v 0.068923056 1.108049512 0.784439921
v 0.053922385 1.114470005 0.784727395
v 0.038103651 1.118465066 0.785091758
v 0.021856368 1.119936347 0.785524130
v 0.005580598 1.118847609 0.786013782
v -0.010322897 1.115225673 0.786548674
v -0.025462519 1.109159708 0.787115693
v -0.039465487 1.100799084 0.787700832
v -0.051986981 1.090349555 0.788289726
v -0.062718704 1.078068614 0.788867772
v -0.071396396 1.064258575 0.789420843
v -0.077806383 1.049259424 0.789935231
v -0.081790835 1.033440590 0.790398359
v -0.083251618 1.017191648 0.790798783
v -0.082152791 1.000912428 0.791126668
v -0.078521408 0.985004008 0.791373909
v -0.072446868 0.969858050 0.791534364
v -0.064078771 0.955847502 0.791604221
v -0.053623144 0.943317354 0.791581631
v -0.041337445 0.932576060 0.791467190
v -0.027524197 0.923888266 0.791263759
v -0.012523524 0.917467713 0.790976346
v 0.003295209 0.913472652 0.790611923
v 0.019542493 0.912001371 0.790179610
v 0.035818264 0.913090110 0.789689958
v 0.051721759 0.916712046 0.789155006
v 0.066861384 0.922778010 0.788587987
v 0.080864348 0.931138694 0.788002849
v 0.093385845 0.941588104 0.787414014
v 0.104117565 0.953869104 0.786835909
v 0.112795256 0.967679143 0.786282897
v 0.119205244 0.982678235 0.785768449
v 0.123361230 0.998629391 0.791301429
v 0.124822021 1.014878511 0.790901005
v 0.123723194 1.031157613 0.790573180
v 0.120091811 1.047066092 0.790325940
v 0.114017271 1.062211990 0.790165424
v 0.105649173 1.076222539 0.790095627
v 0.095193543 1.088752747 0.790118158
v 0.082907848 1.099493980 0.790232599
v 0.069094598 1.108181834 0.790436029
v 0.054093927 1.114602327 0.790723503
v 0.038275193 1.118597388 0.791087866
v 0.022027910 1.120068669 0.791520238
v 0.005752141 1.118979931 0.792009890
v -0.010151355 1.115357995 0.792544782
v -0.025290977 1.109292030 0.793111801
v -0.039293945 1.100931406 0.793696940
v -0.051815439 1.090481997 0.794285834
v -0.062547162 1.078200936 0.794863880
v -0.071224853 1.064390898 0.795416951
v -0.077634841 1.049391866 0.795931339
v -0.081619292 1.033573031 0.796394467
v -0.083080076 1.017323971 0.796794891
v -0.081981249 1.001044750 0.797122777
v -0.078349866 0.985136390 0.797370017
v -0.072275326 0.969990432 0.797530472
v -0.063907228 0.955979824 0.797600329
v -0.053451601 0.943449676 0.797577739
v -0.041165903 0.932708442 0.797463298
v -0.027352655 0.924020588 0.797259867
v -0.012351982 0.917600095 0.796972454
v 0.003466751 0.913604975 0.796608031
v 0.019714035 0.912133694 0.796175718
v 0.035989806 0.913222432 0.795686066
v 0.051893301 0.916844368 0.795151114
v 0.067032926 0.922910333 0.794584095
v 0.081035890 0.931271017 0.793998957
v 0.093557388 0.941720486 0.793410122
v 0.104289107 0.954001427 0.792832017
v 0.112966798 0.967811465 0.792279005
v 0.119376786 0.982810557 0.791764557
v 0.020699430 1.015968919 0.787851870
v 0.020870972 1.016101241 0.793847978
v 3.634519339 1.000743389 0.725711584
v 3.637804031 1.016708136 0.724895358
v 3.638550282 1.032995224 0.724187732
v 3.636740208 1.049203515 0.723606288
v 3.632418156 1.064934134 0.723165214
v 3.625690460 1.079799533 0.722875476
v 3.616723061 1.093433857 0.722744167
v 3.605736732 1.105501294 0.722774446
v 3.593001604 1.115704656 0.722965717
v 3.578831673 1.123792768 0.723313153
v 3.563575745 1.129566431 0.723808229
v 3.547609329 1.132883549 0.724438727
v 3.531325579 1.133662343 0.725189209
v 3.515125751 1.131883740 0.726041138
v 3.499408484 1.127591491 0.726973534
v 3.484560966 1.120891213 0.727963448
v 3.470948458 1.111948013 0.728986442
v 3.458906412 1.100982070 0.730017483
v 3.448731422 1.088263273 0.731031001
v 3.440673590 1.074105024 0.732002199
v 3.434931993 1.058855772 0.732907057
v 3.431647301 1.042891026 0.733723342
v 3.430901051 1.026604056 0.734430909
v 3.432711124 1.010395646 0.735012352
v 3.437033176 0.994665086 0.735453427
v 3.443760872 0.979799628 0.735743165
v 3.452728271 0.966165364 0.735874534
v 3.463714838 0.954097986 0.735844195
v 3.476449728 0.943894565 0.735652983
v 3.490619659 0.935806453 0.735305548
v 3.505875587 0.930032790 0.734810472
v 3.521842003 0.926715732 0.734179914
v 3.538125753 0.925936878 0.733429432
v 3.554325581 0.927715480 0.732577503
v 3.570042849 0.932007790 0.731645167
v 3.584890604 0.938708007 0.730655253
v 3.598502874 0.947651207 0.729632199
v 3.610544920 0.958617210 0.728601217
v 3.620720148 0.971335888 0.727587640
v 3.628777742 0.985494196 0.726616442
v 3.634807348 1.000990391 0.731699646
v 3.638091803 1.016955137 0.730883420
v 3.638838053 1.033242106 0.730175793
v 3.637027979 1.049450517 0.729594350
v 3.632705927 1.065181136 0.729153275
v 3.625978231 1.080046535 0.728863537
v 3.617010832 1.093680859 0.728732228
v 3.606024504 1.105748177 0.728762507
v 3.593289375 1.115951538 0.728953779
v 3.579119444 1.124039650 0.729301214
v 3.563863516 1.129813433 0.729796290
v 3.547897100 1.133130431 0.730426788
v 3.531613588 1.133909345 0.731177270
v 3.515413523 1.132130623 0.732029200
v 3.499696255 1.127838373 0.732961595
v 3.484848738 1.121138215 0.733951509
v 3.471236229 1.112195015 0.734974504
v 3.459194183 1.101228952 0.736005545
v 3.449019194 1.088510275 0.737019062
v 3.440961361 1.074352026 0.737990260
v 3.435219765 1.059102774 0.738895118
v 3.431935072 1.043138027 0.739711404
v 3.431188822 1.026850939 0.740418971
v 3.432998896 1.010642648 0.741000414
v 3.437320948 0.994912028 0.741441488
v 3.444048643 0.980046630 0.741731226
v 3.453016043 0.966412306 0.741862595
v 3.464002609 0.954344928 0.741832256
v 3.476737499 0.944141567 0.741641045
v 3.490907431 0.936053455 0.741293609
v 3.506163359 0.930279732 0.740798533
v 3.522129774 0.926962674 0.740167975
v 3.538413525 0.926183820 0.739417493
v 3.554613352 0.927962482 0.738565564
v 3.570330620 0.932254732 0.737633228
v 3.585178375 0.938954949 0.736643314
v 3.598790646 0.947898149 0.735620260
v 3.610832691 0.958864152 0.734589279
v 3.621007919 0.971582890 0.733575702
v 3.629065514 0.985741138 0.732604504
v 3.534725666 1.029799581 0.729309320
v 3.535013437 1.030046582 0.735297382
v 7.069844723 1.035879016 0.736700714
v 7.063843250 1.051050782 0.736345470
v 7.055543900 1.065095544 0.735904813
v 7.045151234 1.077667356 0.735389531
v 7.032920837 1.088456750 0.734812438
v 7.019154072 1.097197890 0.734187663
v 7.004189491 1.103675723 0.733530581
v 6.988396168 1.107730746 0.732857406
v 6.972162724 1.109263062 0.732184708
v 6.955888748 1.108234763 0.731529057
v 6.939975262 1.104671478 0.730906546
v 6.924813747 1.098660827 0.730332613
v 6.910778046 1.090350628 0.729821265
v 6.898213387 1.079945803 0.729385138
v 6.887428761 1.067702413 0.729035020
v 6.878690720 1.053921819 0.728779495
v 6.872213364 1.038943529 0.728624821
v 6.868156910 1.023136377 0.728574872
v 6.866621017 1.006889343 0.728630841
v 6.867643833 0.990602732 0.728791356
v 6.871199608 0.974677444 0.729052484
v 6.877201080 0.959505677 0.729407728
v 6.885499954 0.945460975 0.729848385
v 6.895893097 0.932889163 0.730363607
v 6.908123493 0.922099829 0.730940759
v 6.921890259 0.913358569 0.731565535
v 6.936854362 0.906880736 0.732222617
v 6.952647686 0.902825773 0.732895792
v 6.968881130 0.901293516 0.733568490
v 6.985155106 0.902321696 0.734224141
v 7.001068592 0.905885041 0.734846652
v 7.016230106 0.911895752 0.735420585
v 7.030265808 0.920205832 0.735931933
v 7.042830944 0.930610716 0.736368001
v 7.053615093 0.942854106 0.736718178
v 7.062353611 0.956634641 0.736973703
v 7.068830490 0.971612930 0.737128317
v 7.072886944 0.987420201 0.737178326
v 7.074422836 1.003667116 0.737122357
v 7.073400497 1.019953728 0.736961842
v 7.069600105 1.035922766 0.742695630
v 7.063598633 1.051094532 0.742340386
v 7.055299759 1.065139294 0.741899729
v 7.044906616 1.077711105 0.741384447
v 7.032676220 1.088500500 0.740807354
v 7.018909454 1.097241640 0.740182579
v 7.003945351 1.103719473 0.739525497
v 6.988152027 1.107774496 0.738852322
v 6.971918583 1.109306693 0.738179624
v 6.955644608 1.108278513 0.737523973
v 6.939731121 1.104715228 0.736901462
v 6.924569607 1.098704576 0.736327529
v 6.910533905 1.090394378 0.735816181
v 6.897968769 1.079989552 0.735380054
v 6.887184620 1.067746162 0.735029936
v 6.878446102 1.053965569 0.734774411
v 6.871969223 1.038987279 0.734619737
v 6.867912769 1.023180127 0.734569788
v 6.866376877 1.006933093 0.734625757
v 6.867399216 0.990646482 0.734786272
v 6.870954990 0.974721193 0.735047400
v 6.876956463 0.959549427 0.735402644
v 6.885255814 0.945504725 0.735843301
v 6.895648479 0.932932913 0.736358523
v 6.907878876 0.922143579 0.736935675
v 6.921646118 0.913402319 0.737560451
v 6.936610222 0.906924486 0.738217533
v 6.952403545 0.902869523 0.738890707
v 6.968636990 0.901337266 0.739563406
v 6.984910965 0.902365446 0.740219057
v 7.000824451 0.905928731 0.740841568
v 7.015985966 0.911939502 0.741415501
v 7.030021667 0.920249581 0.741926849
v 7.042586327 0.930654466 0.742362916
v 7.053370953 0.942897856 0.742713094
v 7.062108994 0.956678391 0.742968619
v 7.068586349 0.971656680 0.743123233
v 7.072642803 0.987463951 0.743173242
v 7.074178696 1.003710866 0.743117273
v 7.073155880 1.019997478 0.742956758
v 6.970521927 1.005278230 0.732876599
v 6.970277786 1.005321980 0.738871515
v -6.946947098 5.055762768 0.663809121
v -6.951252937 5.071467400 0.662736118
v -6.957962513 5.086296082 0.661543965
v -6.966910362 5.099883556 0.660261989
v -6.977875710 5.111895561 0.658921719
v -6.990589142 5.122035980 0.657556176
v -7.004737377 5.130055428 0.656199038
v -7.019972324 5.135756493 0.654883623
v -7.035918236 5.138998032 0.653642416
v -7.052182674 5.139701366 0.652505934
v -7.068365574 5.137848377 0.651502132
v -7.084068298 5.133485317 0.650655806
v -7.098903656 5.126718998 0.649987698
v -7.112507343 5.117715836 0.649514318
v -7.124543190 5.106698513 0.649247348
v -7.134716034 5.093937874 0.649193287
v -7.142774582 5.079747677 0.649353564
v -7.148520470 5.064477444 0.649724126
v -7.151812553 5.048503876 0.650295913
v -7.152569771 5.032219410 0.651054800
v -7.150773048 5.016026020 0.651982188
v -7.146467209 5.000321388 0.653055131
v -7.139757633 4.985492706 0.654247284
v -7.130809784 4.971905231 0.655529261
v -7.119844437 4.959893227 0.656869531
v -7.107131004 4.949752808 0.658235073
v -7.092982769 4.941733360 0.659592211
v -7.077747822 4.936032295 0.660907626
v -7.061801910 4.932790279 0.662148833
v -7.045537472 4.932087421 0.663285315
v -7.029354572 4.933939934 0.664289117
v -7.013651848 4.938303471 0.665135443
v -6.998816490 4.945069790 0.665803552
v -6.985212803 4.954072475 0.666276932
v -6.973176479 4.965090275 0.666543901
v -6.963004112 4.977850914 0.666597962
v -6.954945564 4.992041111 0.666437745
v -6.949199677 5.007311344 0.666067123
v -6.945907593 5.023284912 0.665495336
v -6.945150375 5.039568901 0.664736450
v -6.947351933 5.056060314 0.669788063
v -6.951657772 5.071764946 0.668715060
v -6.958367348 5.086593628 0.667522907
v -6.967315197 5.100181103 0.666240931
v -6.978280544 5.112193108 0.664900661
v -6.990993977 5.122333527 0.663535118
v -7.005142212 5.130352974 0.662177980
v -7.020377159 5.136053562 0.660862565
v -7.036323071 5.139295578 0.659621358
v -7.052587509 5.139998913 0.658484876
v -7.068770409 5.138145924 0.657481074
v -7.084473133 5.133782864 0.656634748
v -7.099308968 5.127016068 0.655966640
v -7.112912178 5.118013382 0.655493259
v -7.124948502 5.106996059 0.655226290
v -7.135120869 5.094234943 0.655172229
v -7.143179417 5.080044746 0.655332506
v -7.148925304 5.064774990 0.655703068
v -7.152217388 5.048801422 0.656274855
v -7.152974606 5.032516956 0.657033741
v -7.151177883 5.016323090 0.657961130
v -7.146872044 5.000618935 0.659034073
v -7.140162468 4.985790253 0.660226226
v -7.131214619 4.972202778 0.661508203
v -7.120249271 4.960190773 0.662848473
v -7.107535839 4.950050354 0.664214015
v -7.093387604 4.942030907 0.665571153
v -7.078153133 4.936329842 0.666886568
v -7.062206745 4.933087826 0.668127775
v -7.045942307 4.932384491 0.669264257
v -7.029759407 4.934237480 0.670268059
v -7.014056683 4.938601017 0.671114385
v -6.999221325 4.945367336 0.671782494
v -6.985617638 4.954370022 0.672255874
v -6.973581791 4.965387821 0.672522843
v -6.963408947 4.978148460 0.672576904
v -6.955350399 4.992338657 0.672416687
v -6.949604511 5.007608414 0.672046065
v -6.946312428 5.023582458 0.671474278
v -6.945555210 5.039866447 0.670715392
v -7.048860073 5.035894394 0.657895625
v -7.049264908 5.036191940 0.663874567
v -3.379942894 5.020821571 0.701695979
v -3.381173611 5.037088394 0.701246619
v -3.384934425 5.052964211 0.700864911
v -3.391132355 5.068058014 0.700560331
v -3.399614811 5.081997871 0.700340331
v -3.410173178 5.094440937 0.700210333
v -3.422547340 5.105080605 0.700173616
v -3.436432838 5.113655090 0.700230956
v -3.451487303 5.119953156 0.700381041
v -3.467340231 5.123819828 0.700620115
v -3.483601570 5.125159264 0.700942338
v -3.499870539 5.123939514 0.701339722
v -3.515746593 5.120189667 0.701802552
v -3.530838966 5.114002705 0.702319384
v -3.544775963 5.105530739 0.702877462
v -3.557214499 5.094982624 0.703463137
v -3.567848206 5.082617283 0.704061925
v -3.576415062 5.068740368 0.704659045
v -3.582704306 5.053692818 0.705239892
v -3.586561203 5.037845135 0.705790102
v -3.587890625 5.021587849 0.706296086
v -3.586659908 5.005321026 0.706745505
v -3.582899332 4.989445210 0.707127154
v -3.576701403 4.974351406 0.707431793
v -3.568218708 4.960411549 0.707651734
v -3.557660341 4.947968483 0.707781732
v -3.545286179 4.937328815 0.707818508
v -3.531400919 4.928754330 0.707761109
v -3.516346455 4.922456264 0.707611084
v -3.500493288 4.918589592 0.707371950
v -3.484232187 4.917250156 0.707049787
v -3.467963219 4.918469906 0.706652343
v -3.452086926 4.922219753 0.706189573
v -3.436994553 4.928406715 0.705672741
v -3.423057556 4.936878681 0.705114603
v -3.410619259 4.947426796 0.704528987
v -3.399985552 4.959791660 0.703930199
v -3.391418695 4.973669052 0.703333080
v -3.385129213 4.988716602 0.702752233
v -3.381272316 5.004564285 0.702202022
v -3.379809618 5.020997524 0.707691967
v -3.381040335 5.037264347 0.707242608
v -3.384801149 5.053140163 0.706860900
v -3.390999079 5.068233490 0.706556320
v -3.399481535 5.082173824 0.706336319
v -3.410039902 5.094616890 0.706206322
v -3.422414064 5.105256557 0.706169605
v -3.436299562 5.113831043 0.706226945
v -3.451354027 5.120129108 0.706377029
v -3.467206955 5.123995304 0.706616104
v -3.483468294 5.125335217 0.706938326
v -3.499737263 5.124114990 0.707335711
v -3.515613317 5.120365620 0.707798541
v -3.530705690 5.114178658 0.708315372
v -3.544642687 5.105706692 0.708873451
v -3.557081223 5.095158100 0.709459126
v -3.567714930 5.082793236 0.710057914
v -3.576281786 5.068915844 0.710655034
v -3.582571030 5.053868294 0.711235881
v -3.586427927 5.038020611 0.711786091
v -3.587757349 5.021763325 0.712292075
v -3.586526632 5.005496502 0.712741494
v -3.582766056 4.989620686 0.713123143
v -3.576568127 4.974527359 0.713427782
v -3.568085432 4.960587025 0.713647723
v -3.557527065 4.948143959 0.713777721
v -3.545152903 4.937504292 0.713814497
v -3.531267643 4.928929806 0.713757098
v -3.516213179 4.922632217 0.713607073
v -3.500360012 4.918765545 0.713367939
v -3.484098911 4.917425632 0.713045776
v -3.467829943 4.918645859 0.712648332
v -3.451953650 4.922395229 0.712185562
v -3.436861277 4.928582191 0.711668730
v -3.422924280 4.937054157 0.711110592
v -3.410485983 4.947602749 0.710524976
v -3.399852276 4.959967613 0.709926188
v -3.391285181 4.973845005 0.709329069
v -3.384995937 4.988892555 0.708748221
v -3.381139040 5.004740238 0.708198011
v -3.483916759 5.021204472 0.703996062
v -3.483783484 5.021380424 0.709992051
v 0.067016333 4.961917877 0.646757603
v 0.062796272 4.977648258 0.647786915
v 0.056165162 4.992536068 0.648632646
v 0.047286309 5.006213665 0.649273872
v 0.036378335 5.018344879 0.649694860
v 0.023709826 5.028630733 0.649885178
v 0.009592725 5.036818027 0.649840236
v -0.005625363 5.042705059 0.649561048
v -0.021569712 5.046146870 0.649054527
v -0.037847720 5.047059059 0.648333132
v -0.054058570 5.045418739 0.647414625
v -0.069803096 5.041266441 0.646321654
v -0.084693618 5.034704685 0.645081103
v -0.098363474 5.025894642 0.643723547
v -0.110476084 5.015053272 0.642282367
v -0.120733179 5.002447605 0.640793085
v -0.128882200 4.988388062 0.639292419
v -0.134722486 4.973221302 0.637817204
v -0.138110250 4.957319736 0.636403799
v -0.138962060 4.941075802 0.635087073
v -0.137256920 4.924889088 0.633899450
v -0.133036852 4.909158230 0.632870078
v -0.126405746 4.894270897 0.632024348
v -0.117526896 4.880593300 0.631383121
v -0.106618926 4.868462086 0.630962133
v -0.093950413 4.858176231 0.630771816
v -0.079833314 4.849988937 0.630816817
v -0.064615220 4.844101906 0.631096005
v -0.048670873 4.840660095 0.631602526
v -0.032392867 4.839747906 0.632323861
v -0.016182017 4.841388226 0.633242369
v -0.000437489 4.845540524 0.634335339
v 0.014453029 4.852102280 0.635575891
v 0.028122891 4.860912323 0.636933446
v 0.040235497 4.871753693 0.638374627
v 0.050492592 4.884359360 0.639863908
v 0.058641616 4.898418427 0.641364634
v 0.064481907 4.913585663 0.642839789
v 0.067869663 4.929487228 0.644253194
v 0.068721466 4.945731163 0.645569921
v 0.066725276 4.961448669 0.652732193
v 0.062505215 4.977179527 0.653761506
v 0.055874106 4.992066860 0.654607236
v 0.046995252 5.005744457 0.655248463
v 0.036087278 5.017875671 0.655669451
v 0.023418769 5.028161526 0.655859768
v 0.009301668 5.036348820 0.655814826
v -0.005916420 5.042235851 0.655535638
v -0.021860769 5.045678139 0.655029118
v -0.038138777 5.046589851 0.654307723
v -0.054349627 5.044949532 0.653389215
v -0.070094153 5.040797710 0.652296245
v -0.084984675 5.034235477 0.651055694
v -0.098654538 5.025425434 0.649698138
v -0.110767141 5.014584064 0.648256958
v -0.121024236 5.001978397 0.646767676
v -0.129173264 4.987919331 0.645267010
v -0.135013551 4.972752094 0.643791795
v -0.138401300 4.956851006 0.642378390
v -0.139253110 4.940607071 0.641061664
v -0.137547970 4.924420357 0.639874041
v -0.133327916 4.908689499 0.638844669
v -0.126696810 4.893801689 0.637998939
v -0.117817953 4.880124092 0.637357712
v -0.106909983 4.867992878 0.636936724
v -0.094241470 4.857707024 0.636746407
v -0.080124371 4.849519730 0.636791408
v -0.064906284 4.843632698 0.637070596
v -0.048961930 4.840190887 0.637577116
v -0.032683924 4.839278698 0.638298452
v -0.016473074 4.840919018 0.639216959
v -0.000728546 4.845071316 0.640309930
v 0.014161972 4.851633072 0.641550481
v 0.027831834 4.860443115 0.642908037
v 0.039944440 4.871284485 0.644349217
v 0.050201535 4.883890152 0.645838499
v 0.058350559 4.897949696 0.647339225
v 0.064190850 4.913116932 0.648814380
v 0.067578606 4.929018021 0.650227785
v 0.068430409 4.945261955 0.651544511
v -0.035120293 4.943403244 0.640328526
v -0.035411350 4.942934513 0.646303117
v 3.606859446 5.031980515 0.650398612
v 3.607249737 5.048266888 0.649436176
v 3.605082989 5.064414501 0.648494005
v 3.600412846 5.080025673 0.647595227
v 3.593353987 5.094715595 0.646762073
v 3.584080219 5.108123302 0.646014988
v 3.572819948 5.119918346 0.645372331
v 3.559850693 5.129810333 0.644850016
v 3.545491457 5.137555122 0.644460917
v 3.530095816 5.142962933 0.644214511
v 3.514043093 5.145900249 0.644116938
v 3.497728348 5.146294117 0.644170523
v 3.481553555 5.144135952 0.644374073
v 3.465916872 5.139477730 0.644722521
v 3.451203108 5.132435322 0.645207226
v 3.437774897 5.123181343 0.645816326
v 3.425962687 5.111943722 0.646534801
v 3.416057348 5.098999500 0.647344947
v 3.408303022 5.084667206 0.648226857
v 3.402890205 5.069299698 0.649158716
v 3.399952650 5.053275108 0.650117695
v 3.399562120 5.036988735 0.651080132
v 3.401728868 5.020841599 0.652022302
v 3.406399250 5.005230427 0.652921081
v 3.413458109 4.990540028 0.653754294
v 3.422731876 4.977132320 0.654501379
v 3.433991909 4.965337276 0.655143976
v 3.446961403 4.955445766 0.655666292
v 3.461320639 4.947700500 0.656055450
v 3.476716042 4.942292690 0.656301856
v 3.492768764 4.939355850 0.656399429
v 3.509083509 4.938961506 0.656345785
v 3.525258303 4.941120148 0.656142235
v 3.540894985 4.945777893 0.655793846
v 3.555608749 4.952820778 0.655309081
v 3.569036961 4.962074757 0.654700041
v 3.580849171 4.973311901 0.653981566
v 3.590754509 4.986256599 0.653171420
v 3.598509073 5.000588894 0.652289510
v 3.603921652 5.015956402 0.651357591
v 3.606887579 5.032333851 0.656388164
v 3.607277870 5.048620224 0.655425727
v 3.605111361 5.064767838 0.654483557
v 3.600440979 5.080379009 0.653584778
v 3.593382120 5.095068932 0.652751625
v 3.584108353 5.108476639 0.652004540
v 3.572848320 5.120271683 0.651361883
v 3.559878826 5.130163670 0.650839567
v 3.545519590 5.137908459 0.650450468
v 3.530123949 5.143316269 0.650204062
v 3.514071226 5.146253109 0.650106490
v 3.497756720 5.146647453 0.650160074
v 3.481581926 5.144489288 0.650363624
v 3.465945005 5.139831066 0.650712073
v 3.451231480 5.132788658 0.651196778
v 3.437803268 5.123534679 0.651805878
v 3.425991058 5.112297058 0.652524352
v 3.416085720 5.099352837 0.653334498
v 3.408331156 5.085020542 0.654216409
v 3.402918577 5.069653034 0.655148268
v 3.399980783 5.053628445 0.656107247
v 3.399590492 5.037342072 0.657069683
v 3.401757002 5.021194458 0.658011854
v 3.406427383 5.005583763 0.658910632
v 3.413486242 4.990893364 0.659743845
v 3.422760010 4.977485657 0.660490930
v 3.434020281 4.965690613 0.661133528
v 3.446989536 4.955798626 0.661655843
v 3.461348772 4.948053837 0.662045002
v 3.476744413 4.942646027 0.662291408
v 3.492797136 4.939709187 0.662388980
v 3.509111643 4.939314842 0.662335336
v 3.525286674 4.941473484 0.662131786
v 3.540923357 4.946131229 0.661783397
v 3.555636883 4.953173637 0.661298633
v 3.569065332 4.962428093 0.660689592
v 3.580877542 4.973665237 0.659971118
v 3.590782642 4.986609459 0.659160972
v 3.598537207 5.000942230 0.658279061
v 3.603950024 5.016309261 0.657347143
v 3.503406048 5.042627811 0.650258183
v 3.503434181 5.042981148 0.656247735
v 7.113407135 4.979529381 0.660127699
v 7.113914967 4.995840073 0.660325825
v 7.111865520 5.012028217 0.660557926
v 7.107308388 5.027696609 0.660818219
v 7.100356102 5.042458534 0.661100388
v 7.091180325 5.055950642 0.661397398
v 7.080006599 5.067841053 0.661701977
v 7.067110062 5.077836990 0.662006617
v 7.052808285 5.085691452 0.662303865
v 7.037453651 5.091212273 0.662586331
v 7.021423817 5.094262600 0.662847042
v 7.005114079 5.094767570 0.663079679
v 6.988925457 5.092715263 0.663278401
v 6.973256588 5.088155270 0.663438439
v 6.958493710 5.081200600 0.663555741
v 6.945000172 5.072022438 0.663627446
v 6.933107853 5.060846329 0.663651824
v 6.923110008 5.047947884 0.663628280
v 6.915253162 5.033644676 0.663557351
v 6.909729958 5.018288612 0.663440764
v 6.906676769 5.002257824 0.663281441
v 6.906168938 4.985947609 0.663083315
v 6.908218384 4.969758987 0.662851214
v 6.912775517 4.954090595 0.662590921
v 6.919727325 4.939328671 0.662308753
v 6.928903103 4.925836563 0.662011743
v 6.940076828 4.913946152 0.661707163
v 6.952973366 4.903950691 0.661402524
v 6.967275143 4.896095753 0.661105275
v 6.982630253 4.890574932 0.660822809
v 6.998659611 4.887524605 0.660562098
v 7.014969826 4.887019634 0.660329461
v 7.031158447 4.889072418 0.660130739
v 7.046827316 4.893631935 0.659970701
v 7.061590195 4.900586605 0.659853399
v 7.075083733 4.909765244 0.659781694
v 7.086976051 4.920940876 0.659757316
v 7.096973419 4.933839798 0.659780860
v 7.104830742 4.948143005 0.659851789
v 7.110353947 4.963499069 0.659968376
v 7.113490105 4.979454041 0.666126668
v 7.113998413 4.995764256 0.666324794
v 7.111948490 5.011952877 0.666556895
v 7.107391357 5.027621269 0.666817188
v 7.100439548 5.042383194 0.667099357
v 7.091263771 5.055875301 0.667396367
v 7.080090046 5.067765713 0.667700946
v 7.067193508 5.077761173 0.668005586
v 7.052891731 5.085616112 0.668302834
v 7.037537098 5.091136932 0.668585300
v 7.021507263 5.094187260 0.668846011
v 7.005197048 5.094692230 0.669078648
v 6.989008427 5.092639923 0.669277370
v 6.973339558 5.088079929 0.669437408
v 6.958576679 5.081125259 0.669554710
v 6.945083141 5.071947098 0.669626415
v 6.933191299 5.060770988 0.669650793
v 6.923193455 5.047872543 0.669627249
v 6.915336132 5.033568859 0.669556320
v 6.909812927 5.018212795 0.669439733
v 6.906759739 5.002182484 0.669280410
v 6.906251907 4.985872269 0.669082284
v 6.908301830 4.969683647 0.668850183
v 6.912858486 4.954015255 0.668589890
v 6.919810772 4.939253330 0.668307722
v 6.928986549 4.925761223 0.668010712
v 6.940160275 4.913870811 0.667706132
v 6.953056812 4.903874874 0.667401493
v 6.967358589 4.896020412 0.667104244
v 6.982713223 4.890499592 0.666821778
v 6.998743057 4.887449265 0.666561067
v 7.015052795 4.886944294 0.666328430
v 7.031241894 4.888996601 0.666129708
v 7.046910286 4.893556595 0.665969670
v 7.061673164 4.900511265 0.665852368
v 7.075167179 4.909689426 0.665780663
v 7.087059021 4.920865536 0.665756285
v 7.097056866 4.933763981 0.665779829
v 7.104914188 4.948067665 0.665850759
v 7.110437393 4.963423252 0.665967345
v 7.010041714 4.990893841 0.661704540
v 7.010125160 4.990818024 0.667703509
v -6.944283962 9.023318291 0.776115954
v -6.947824478 9.039243698 0.775694430
v -6.953807831 9.054415703 0.775122881
v -6.962087154 9.068461418 0.774415374
v -6.972457886 9.081034660 0.773589253
v -6.984665394 9.091826439 0.772664964
v -6.998408794 9.100569725 0.771665215
v -7.013349533 9.107049942 0.770614624
v -7.029119968 9.111107826 0.769539118
v -7.045331478 9.112643242 0.768465042
v -7.061584949 9.111618042 0.767419040
v -7.077480316 9.108057976 0.766426682
v -7.092626572 9.102050781 0.765512526
v -7.106649876 9.093744278 0.764698982
v -7.119205475 9.083341599 0.764006197
v -7.129984379 9.071101189 0.763451099
v -7.138720512 9.057322502 0.763047516
v -7.145199776 9.042346954 0.762805223
v -7.149261475 9.026540756 0.762730300
v -7.150806427 9.010294914 0.762824535
v -7.149796009 8.994009018 0.763085604
v -7.146255493 8.978083611 0.763507128
v -7.140272141 8.962911606 0.764078677
v -7.131992817 8.948865891 0.764786243
v -7.121622086 8.936292648 0.765612304
v -7.109414577 8.925500870 0.766536653
v -7.095671177 8.916757584 0.767536402
v -7.080730438 8.910277367 0.768586934
v -7.064960480 8.906219482 0.769662499
v -7.048748970 8.904684067 0.770736516
v -7.032495022 8.905709267 0.771782577
v -7.016599655 8.909269333 0.772774935
v -7.001453876 8.915276527 0.773689091
v -6.987430096 8.923583031 0.774502635
v -6.974874496 8.933985710 0.775195420
v -6.964095592 8.946226120 0.775750458
v -6.955359459 8.960004807 0.776154101
v -6.948880672 8.974980354 0.776396394
v -6.944818497 8.990786552 0.776471317
v -6.943274021 9.007032394 0.776377082
v -6.944674015 9.023390770 0.782102883
v -6.948214531 9.039315224 0.781681359
v -6.954197884 9.054488182 0.781109810
v -6.962477207 9.068533897 0.780402303
v -6.972847939 9.081107140 0.779576182
v -6.985055447 9.091897964 0.778651893
v -6.998798847 9.100641251 0.777652144
v -7.013739586 9.107122421 0.776601553
v -7.029509544 9.111180305 0.775526047
v -7.045721054 9.112714767 0.774451971
v -7.061975002 9.111690521 0.773405969
v -7.077870369 9.108130455 0.772413611
v -7.093016148 9.102122307 0.771499455
v -7.107039928 9.093815804 0.770685911
v -7.119595528 9.083414078 0.769993126
v -7.130373955 9.071172714 0.769438028
v -7.139110565 9.057394981 0.769034445
v -7.145589352 9.042418480 0.768792152
v -7.149651051 9.026612282 0.768717229
v -7.151196003 9.010366440 0.768811464
v -7.150186062 8.994080544 0.769072533
v -7.146645546 8.978155136 0.769494057
v -7.140662193 8.962983131 0.770065606
v -7.132382870 8.948937416 0.770773172
v -7.122011662 8.936364174 0.771599233
v -7.109804630 8.925572395 0.772523582
v -7.096061230 8.916829109 0.773523331
v -7.081120491 8.910348892 0.774573863
v -7.065350056 8.906291008 0.775649428
v -7.049138546 8.904755592 0.776723444
v -7.032885075 8.905780792 0.777769506
v -7.016989231 8.909340858 0.778761864
v -7.001843452 8.915348053 0.779676020
v -6.987820148 8.923655510 0.780489564
v -6.975264549 8.934057236 0.781182349
v -6.964485645 8.946297646 0.781737387
v -6.955749512 8.960076332 0.782141030
v -6.949270248 8.975052834 0.782383323
v -6.945208549 8.990858078 0.782458246
v -6.943663597 9.007103920 0.782364011
v -7.047039986 9.008664131 0.769600809
v -7.047430038 9.008735657 0.775587738
v -3.415354013 9.003563881 0.701976836
v -3.420487165 9.019051552 0.702315629
v -3.427979708 9.033547401 0.702572107
v -3.437647343 9.046693802 0.702740014
v -3.449251890 9.058167458 0.702815115
v -3.462507486 9.067687035 0.702795684
v -3.477087975 9.075016022 0.702682078
v -3.492634296 9.079976082 0.702477157
v -3.508763552 9.082443237 0.702185988
v -3.525078535 9.082358360 0.701815665
v -3.541177750 9.079722404 0.701375365
v -3.556664467 9.074600220 0.700875938
v -3.571157694 9.067118645 0.700329661
v -3.584300280 9.057461739 0.699750006
v -3.595768929 9.045866013 0.699151158
v -3.605280876 9.032619476 0.698548019
v -3.612601995 9.018046379 0.697955251
v -3.617552280 9.002506256 0.697387636
v -3.620009422 8.986381531 0.696859002
v -3.619913340 8.970068932 0.696382463
v -3.617265940 8.953970909 0.695969760
v -3.612133026 8.938483238 0.695630968
v -3.604640245 8.923988342 0.695374429
v -3.594972849 8.910840988 0.695206583
v -3.583368301 8.899367332 0.695131421
v -3.570112705 8.889847755 0.695150912
v -3.555532217 8.882518768 0.695264518
v -3.539985895 8.877558708 0.695469439
v -3.523856640 8.875091553 0.695760608
v -3.507541656 8.875176430 0.696130931
v -3.491442442 8.877813339 0.696571171
v -3.475955486 8.882934570 0.697070599
v -3.461462498 8.890416145 0.697616935
v -3.448319674 8.900074005 0.698196590
v -3.436851263 8.911668777 0.698795378
v -3.427339315 8.924915314 0.699398577
v -3.420018196 8.939488411 0.699991286
v -3.415067911 8.955028534 0.700558960
v -3.412610769 8.971153259 0.701087534
v -3.412706852 8.987465858 0.701564074
v -3.415489197 9.003388405 0.707972825
v -3.420622349 9.018875122 0.708311617
v -3.428114891 9.033370972 0.708568096
v -3.437782526 9.046517372 0.708736002
v -3.449387074 9.057991982 0.708811104
v -3.462642670 9.067510605 0.708791673
v -3.477223158 9.074840546 0.708678067
v -3.492769480 9.079799652 0.708473146
v -3.508898735 9.082267761 0.708181977
v -3.525213718 9.082181931 0.707811654
v -3.541312933 9.079545975 0.707371354
v -3.556799650 9.074423790 0.706871927
v -3.571292877 9.066942215 0.706325650
v -3.584435463 9.057285309 0.705745995
v -3.595904112 9.045690536 0.705147147
v -3.605416059 9.032443047 0.704544008
v -3.612737179 9.017869949 0.703951240
v -3.617687225 9.002329826 0.703383625
v -3.620144606 8.986205101 0.702854991
v -3.620048523 8.969893456 0.702378452
v -3.617401123 8.953795433 0.701965749
v -3.612268209 8.938307762 0.701626956
v -3.604775429 8.923811913 0.701370418
v -3.595108032 8.910665512 0.701202571
v -3.583503485 8.899190903 0.701127410
v -3.570247889 8.889672279 0.701146901
v -3.555667400 8.882342339 0.701260507
v -3.540121078 8.877383232 0.701465428
v -3.523991823 8.874915123 0.701756597
v -3.507676601 8.875000954 0.702126920
v -3.491577625 8.877636909 0.702567160
v -3.476090670 8.882759094 0.703066587
v -3.461597443 8.890240669 0.703612924
v -3.448454857 8.899897575 0.704192579
v -3.436986446 8.911492348 0.704791367
v -3.427474499 8.924739838 0.705394566
v -3.420153379 8.939312935 0.705987275
v -3.415203094 8.954853058 0.706554949
v -3.412745953 8.970977783 0.707083523
v -3.412842035 8.987290382 0.707560062
v -3.516309977 8.978767395 0.698973298
v -3.516445160 8.978591919 0.704969287
v 0.065815032 8.961162567 0.733550251
v 0.066728726 8.977445602 0.734153867
v 0.065085597 8.993675232 0.734624386
v 0.060926124 9.009452820 0.734950185
v 0.054352708 9.024388313 0.735123217
v 0.045527216 9.038115501 0.735139310
v 0.034666963 9.050295830 0.734998047
v 0.022039359 9.060629845 0.734702885
v 0.007955344 9.068861961 0.734261096
v -0.007238290 9.074790001 0.733683586
v -0.023167426 9.078269005 0.732984483
v -0.039439835 9.079212189 0.732181072
v -0.055654839 9.077595711 0.731293201
v -0.071413159 9.073460579 0.730342567
v -0.086326793 9.066908836 0.729352713
v -0.100028500 9.058100700 0.728348017
v -0.112180911 9.047254562 0.727353096
v -0.122484788 9.034635544 0.726392567
v -0.130686402 9.020555496 0.725490034
v -0.136583835 9.005360603 0.724667728
v -0.140031844 8.989426613 0.723945856
v -0.140945539 8.973143578 0.723342299
v -0.139302403 8.956913948 0.722871780
v -0.135142922 8.941136360 0.722545981
v -0.128569514 8.926200867 0.722372890
v -0.119744025 8.912473679 0.722356796
v -0.108883768 8.900293350 0.722498059
v -0.096256167 8.889959335 0.722793221
v -0.082172148 8.881727219 0.723235071
v -0.066978514 8.875799179 0.723812580
v -0.051049381 8.872320175 0.724511683
v -0.034776971 8.871377945 0.725315034
v -0.018561969 8.872993469 0.726202965
v -0.002803644 8.877128601 0.727153540
v 0.012109988 8.883680344 0.728143394
v 0.025811698 8.892488480 0.729148149
v 0.037964106 8.903335571 0.730143011
v 0.048267983 8.915953636 0.731103599
v 0.056469604 8.930033684 0.732006133
v 0.062367029 8.945228577 0.732828438
v 0.065507501 8.960958481 0.739538908
v 0.066421196 8.977240562 0.740142524
v 0.064778067 8.993471146 0.740613043
v 0.060618594 9.009247780 0.740938842
v 0.054045178 9.024184227 0.741111875
v 0.045219686 9.037911415 0.741127968
v 0.034359433 9.050091743 0.740986705
v 0.021731829 9.060424805 0.740691543
v 0.007647814 9.068656921 0.740249753
v -0.007545820 9.074585915 0.739672244
v -0.023474956 9.078063965 0.738973141
v -0.039747365 9.079007149 0.738169730
v -0.055962369 9.077391624 0.737281859
v -0.071720690 9.073256493 0.736331224
v -0.086634323 9.066703796 0.735341370
v -0.100336030 9.057896614 0.734336674
v -0.112488441 9.047049522 0.733341753
v -0.122792318 9.034430504 0.732381225
v -0.130993932 9.020350456 0.731478691
v -0.136891365 9.005156517 0.730656385
v -0.140339375 8.989221573 0.729934514
v -0.141253069 8.972938538 0.729330957
v -0.139609933 8.956708908 0.728860438
v -0.135450453 8.940932274 0.728534639
v -0.128877044 8.925995827 0.728361547
v -0.120051555 8.912268639 0.728345454
v -0.109191298 8.900088310 0.728486717
v -0.096563697 8.889755249 0.728781879
v -0.082479678 8.881522179 0.729223728
v -0.067286044 8.875594139 0.729801238
v -0.051356912 8.872116089 0.730500340
v -0.035084501 8.871172905 0.731303692
v -0.018869499 8.872788429 0.732191622
v -0.003111174 8.876923561 0.733142197
v 0.011802458 8.883475304 0.734132051
v 0.025504168 8.892283440 0.735136807
v 0.037656575 8.903130531 0.736131668
v 0.047960453 8.915749550 0.737092257
v 0.056162074 8.929828644 0.737994790
v 0.062059499 8.945023537 0.738817096
v -0.037108403 8.975295067 0.728748083
v -0.037415933 8.975090027 0.734736741
v 3.640851974 9.010302544 0.672637582
v 3.644217968 9.026234627 0.671562731
v 3.645048618 9.042505264 0.670614064
v 3.643323421 9.058713913 0.669814944
v 3.639085054 9.074460983 0.669185042
v 3.632437944 9.089358330 0.668739915
v 3.623545647 9.103039742 0.668490410
v 3.612627029 9.115168571 0.668442786
v 3.599951029 9.125446320 0.668598175
v 3.585829973 9.133619308 0.668952763
v 3.570611238 9.139485359 0.669497788
v 3.554669619 9.142902374 0.670219898
v 3.538398027 9.143784523 0.671101213
v 3.522196531 9.142109871 0.672120094
v 3.506464481 9.137921333 0.673251390
v 3.491589069 9.131320000 0.674467385
v 3.477936745 9.122469902 0.675737977
v 3.465843439 9.111588478 0.677031994
v 3.455607176 9.098943710 0.678317487
v 3.447479963 9.084847450 0.679562867
v 3.441661596 9.069644928 0.680737436
v 3.438295841 9.053712845 0.681812286
v 3.437465191 9.037442207 0.682760954
v 3.439190388 9.021233559 0.683560073
v 3.443428516 9.005486488 0.684189975
v 3.450075865 8.990589142 0.684635162
v 3.458968163 8.976907730 0.684884608
v 3.469886780 8.964778900 0.684932232
v 3.482562542 8.954501152 0.684776843
v 3.496683836 8.946329117 0.684422255
v 3.511902571 8.940462112 0.683877230
v 3.527843952 8.937045097 0.683155179
v 3.544115782 8.936162949 0.682273865
v 3.560317278 8.937837601 0.681254983
v 3.576049328 8.942026138 0.680123627
v 3.590924501 8.948627472 0.678907692
v 3.604577065 8.957477570 0.677637100
v 3.616670132 8.968358994 0.676343083
v 3.626906395 8.981003761 0.675057590
v 3.635033846 8.995100021 0.673812151
v 3.641193867 9.010633469 0.678618729
v 3.644559860 9.026565552 0.677543879
v 3.645390511 9.042837143 0.676595211
v 3.643665314 9.059044838 0.675796092
v 3.639426947 9.074791908 0.675166190
v 3.632779837 9.089689255 0.674721062
v 3.623887539 9.103371620 0.674471557
v 3.612968922 9.115500450 0.674423933
v 3.600292921 9.125777245 0.674579322
v 3.586171865 9.133950233 0.674933910
v 3.570953131 9.139817238 0.675478935
v 3.555011511 9.143233299 0.676201046
v 3.538739920 9.144115448 0.677082360
v 3.522538424 9.142441750 0.678101242
v 3.506806374 9.138252258 0.679232538
v 3.491930962 9.131651878 0.680448532
v 3.478278637 9.122801781 0.681719124
v 3.466185331 9.111920357 0.683013141
v 3.455949068 9.099275589 0.684298635
v 3.447821856 9.085178375 0.685544014
v 3.442003489 9.069976807 0.686718583
v 3.438637733 9.054043770 0.687793434
v 3.437807083 9.037773132 0.688742101
v 3.439532280 9.021565437 0.689541221
v 3.443770409 9.005818367 0.690171123
v 3.450417757 8.990920067 0.690616310
v 3.459310055 8.977238655 0.690865755
v 3.470228672 8.965109825 0.690913379
v 3.482904434 8.954833031 0.690757990
v 3.497025728 8.946660042 0.690403402
v 3.512244463 8.940793037 0.689858377
v 3.528185844 8.937376976 0.689136326
v 3.544457674 8.936494827 0.688255012
v 3.560659170 8.938168526 0.687236130
v 3.576391220 8.942358017 0.686104774
v 3.591266632 8.948958397 0.684888840
v 3.604918957 8.957808495 0.683618248
v 3.617012024 8.968689919 0.682324231
v 3.627248526 8.981334686 0.681038737
v 3.635375738 8.995431900 0.679793298
v 3.541256905 9.039974213 0.676687539
v 3.541598797 9.040305138 0.682668686
v 7.055794716 9.007985115 0.684876084
v 7.054322720 9.024236679 0.684628189
v 7.050331593 9.040055275 0.684216976
v 7.043920517 9.055051804 0.683652699
v 7.035246372 9.068857193 0.682949126
v 7.024523735 9.081131935 0.682123601
v 7.012015820 9.091572762 0.681196570
v 6.998030663 9.099923134 0.680190682
v 6.982913017 9.105978012 0.679130852
v 6.967034817 9.109587669 0.678043127
v 6.950787067 9.110662460 0.676954269
v 6.934570312 9.109177589 0.675891101
v 6.918783188 9.105168343 0.674879789
v 6.903814793 9.098733902 0.673945308
v 6.890033722 9.090033531 0.673110545
v 6.877779007 9.079279900 0.672396183
v 6.867352962 9.066738129 0.671819746
v 6.859011650 9.052718163 0.671395361
v 6.852961063 9.037563324 0.671133637
v 6.849349499 9.021649361 0.671040893
v 6.848266602 9.005365372 0.671119452
v 6.849738598 8.989114761 0.671367347
v 6.853729248 8.973296165 0.671778560
v 6.860140800 8.958299637 0.672342896
v 6.868814468 8.944493294 0.673046470
v 6.879537582 8.932219505 0.673871934
v 6.892045498 8.921777725 0.674799025
v 6.906030655 8.913427353 0.675804853
v 6.921148300 8.907373428 0.676864684
v 6.937026501 8.903763771 0.677952409
v 6.953273773 8.902688026 0.679041266
v 6.969491005 8.904172897 0.680104434
v 6.985277653 8.908182144 0.681115746
v 7.000246048 8.914616585 0.682050228
v 7.014027596 8.923317909 0.682884991
v 7.026281834 8.934071541 0.683599353
v 7.036708355 8.946613312 0.684175849
v 7.045049191 8.960633278 0.684600174
v 7.051100254 8.975787163 0.684861898
v 7.054711342 8.991702080 0.684954643
v 7.055397034 9.008040428 0.690862775
v 7.053925037 9.024291992 0.690614820
v 7.049934387 9.040110588 0.690203607
v 7.043522835 9.055107117 0.689639330
v 7.034849167 9.068912506 0.688935757
v 7.024126053 9.081187248 0.688110232
v 7.011618137 9.091628075 0.687183201
v 6.997632980 9.099978447 0.686177313
v 6.982515335 9.106033325 0.685117483
v 6.966637135 9.109642982 0.684029758
v 6.950389862 9.110717773 0.682940900
v 6.934172630 9.109232903 0.681877732
v 6.918385506 9.105223656 0.680866420
v 6.903417110 9.098789215 0.679931939
v 6.889636040 9.090088844 0.679097176
v 6.877381802 9.079335213 0.678382814
v 6.866955280 9.066793442 0.677806377
v 6.858613968 9.052773476 0.677381992
v 6.852563381 9.037619591 0.677120268
v 6.848951817 9.021704674 0.677027524
v 6.847868919 9.005421638 0.677106082
v 6.849340916 8.989170074 0.677353978
v 6.853331566 8.973351479 0.677765191
v 6.859743118 8.958354950 0.678329527
v 6.868416786 8.944548607 0.679033101
v 6.879139900 8.932274818 0.679858565
v 6.891647816 8.921833992 0.680785656
v 6.905632973 8.913482666 0.681791484
v 6.920750618 8.907428741 0.682851315
v 6.936628819 8.903819084 0.683939040
v 6.952876091 8.902743340 0.685027897
v 6.969093323 8.904228210 0.686091065
v 6.984880447 8.908237457 0.687102377
v 6.999848843 8.914671898 0.688036859
v 7.013629913 8.923373222 0.688871622
v 7.025884628 8.934126854 0.689585984
v 7.036310673 8.946668625 0.690162480
v 7.044651985 8.960688591 0.690586805
v 7.050702572 8.975842476 0.690848529
v 7.054314137 8.991757393 0.690941274
v 6.952030659 9.006675720 0.677997768
v 6.951632977 9.006731033 0.683984399
v -6.934471607 12.984843254 0.700331867
v -6.938760281 13.000579834 0.700862408
v -6.945456028 13.015458107 0.701230407
v -6.954393864 13.029110909 0.701426923
v -6.965353966 13.041202545 0.701447070
v -6.978065968 13.051435471 0.701290309
v -6.992217541 13.059556961 0.700960517
v -7.007459641 13.065366745 0.700465858
v -7.023416996 13.068722725 0.699818492
v -7.039697170 13.069542885 0.699034393
v -7.055898666 13.067805290 0.698132753
v -7.071623325 13.063553810 0.697135925
v -7.086483002 13.056892395 0.696068347
v -7.100112438 13.047986031 0.694956362
v -7.112175941 13.037053108 0.693827271
v -7.122376442 13.024363518 0.692708969
v -7.130462646 13.010229111 0.691628993
v -7.136235714 12.994998932 0.690613866
v -7.139553070 12.979046822 0.689688563
v -7.140333652 12.962766647 0.688875973
v -7.138557434 12.946557999 0.688196063
v -7.134268761 12.930821419 0.687665582
v -7.127573013 12.915943146 0.687297523
v -7.118635178 12.902290344 0.687101066
v -7.107675552 12.890198708 0.687080920
v -7.094963074 12.879966736 0.687237680
v -7.080811977 12.871845245 0.687567413
v -7.065569878 12.866034508 0.688062072
v -7.049612045 12.862678528 0.688709438
v -7.033332348 12.861859322 0.689493597
v -7.017130375 12.863596916 0.690395176
v -7.001406193 12.867848396 0.691392064
v -6.986546040 12.874508858 0.692459643
v -6.972916603 12.883415222 0.693571627
v -6.960853100 12.894348145 0.694700658
v -6.950652599 12.907037735 0.695818961
v -6.942566395 12.921172142 0.696898997
v -6.936793327 12.936402321 0.697914124
v -6.933475971 12.952354431 0.698839366
v -6.932695866 12.968634605 0.699651957
v -6.934774399 12.984559059 0.706317544
v -6.939063072 13.000295639 0.706848085
v -6.945758820 13.015173912 0.707216084
v -6.954696655 13.028826714 0.707412601
v -6.965656757 13.040918350 0.707432747
v -6.978368759 13.051151276 0.707275987
v -6.992519855 13.059272766 0.706946194
v -7.007761955 13.065082550 0.706451535
v -7.023719788 13.068438530 0.705804169
v -7.039999485 13.069258690 0.705020070
v -7.056201458 13.067521095 0.704118431
v -7.071925640 13.063269615 0.703121603
v -7.086785793 13.056608200 0.702054024
v -7.100415230 13.047701836 0.700942039
v -7.112478733 13.036768913 0.699812949
v -7.122679234 13.024079323 0.698694646
v -7.130765438 13.009944916 0.697614670
v -7.136538506 12.994714737 0.696599543
v -7.139855862 12.978762627 0.695674241
v -7.140635967 12.962482452 0.694861650
v -7.138860226 12.946273804 0.694181740
v -7.134571552 12.930537224 0.693651259
v -7.127875805 12.915658951 0.693283200
v -7.118937969 12.902006149 0.693086743
v -7.107977867 12.889914513 0.693066597
v -7.095265865 12.879681587 0.693223357
v -7.081114292 12.871561050 0.693553090
v -7.065872192 12.865750313 0.694047749
v -7.049914837 12.862394333 0.694695115
v -7.033634663 12.861575127 0.695479274
v -7.017433167 12.863311768 0.696380854
v -7.001708508 12.867564201 0.697377741
v -6.986848831 12.874224663 0.698445320
v -6.973219395 12.883131027 0.699557304
v -6.961155891 12.894063950 0.700686336
v -6.950955391 12.906753540 0.701804638
v -6.942869186 12.920887947 0.702884674
v -6.937096119 12.936118126 0.703899801
v -6.933778763 12.952070236 0.704825044
v -6.932998180 12.968350410 0.705637634
v -7.036514759 12.965701103 0.694263995
v -7.036817074 12.965416908 0.700249672
v -3.410877466 13.060293198 0.775395036
v -3.414551973 13.076158524 0.774341404
v -3.420668125 13.091252327 0.773289323
v -3.429075480 13.105201721 0.772264659
v -3.439566612 13.117664337 0.771292686
v -3.451883554 13.128333092 0.770397305
v -3.465723038 13.136944771 0.769600570
v -3.480744123 13.143287659 0.768922150
v -3.496577024 13.147205353 0.768378675
v -3.512831926 13.148601532 0.767983556
v -3.529108286 13.147442818 0.767746508
v -3.545005798 13.143755913 0.767673373
v -3.560132742 13.137632370 0.767765999
v -3.574116707 13.129223824 0.768022060
v -3.586613178 13.118736267 0.768435240
v -3.597314596 13.106428146 0.768995404
v -3.605957747 13.092601776 0.769688725
v -3.612329245 13.077599525 0.770498157
v -3.616272449 13.061789513 0.771403790
v -3.617690563 13.045561790 0.772383213
v -3.616548061 13.029314995 0.773412466
v -3.612873793 13.013448715 0.774466097
v -3.606757641 12.998355865 0.775518179
v -3.598350286 12.984406471 0.776542783
v -3.587859154 12.971943855 0.777514815
v -3.575542212 12.961275101 0.778410137
v -3.561702728 12.952663422 0.779206872
v -3.546681643 12.946320534 0.779885352
v -3.530848742 12.942402840 0.780428827
v -3.514593840 12.941005707 0.780823946
v -3.498317242 12.942165375 0.781060934
v -3.482419968 12.945852280 0.781134069
v -3.467293024 12.951975822 0.781041443
v -3.453309059 12.960384369 0.780785382
v -3.440812588 12.970871925 0.780372202
v -3.430111170 12.983180046 0.779812038
v -3.421468019 12.997005463 0.779118717
v -3.415096521 13.012008667 0.778309286
v -3.411153316 13.027818680 0.777403712
v -3.409735203 13.044046402 0.776424229
v -3.410991192 13.060665131 0.781382501
v -3.414665699 13.076530457 0.780328870
v -3.420781851 13.091623306 0.779276788
v -3.429188967 13.105573654 0.778252125
v -3.439680338 13.118036270 0.777280152
v -3.451997280 13.128704071 0.776384771
v -3.465836763 13.137315750 0.775588036
v -3.480857849 13.143658638 0.774909616
v -3.496690750 13.147576332 0.774366140
v -3.512945414 13.148973465 0.773971021
v -3.529222012 13.147813797 0.773733974
v -3.545119524 13.144126892 0.773660839
v -3.560246468 13.138003349 0.773753464
v -3.574230194 13.129594803 0.774009526
v -3.586726904 13.119107246 0.774422705
v -3.597428322 13.106799126 0.774982870
v -3.606071234 13.092973709 0.775676191
v -3.612442732 13.077971458 0.776485622
v -3.616386175 13.062161446 0.777391255
v -3.617804050 13.045932770 0.778370678
v -3.616661787 13.029685974 0.779399931
v -3.612987280 13.013820648 0.780453563
v -3.606871128 12.998726845 0.781505644
v -3.598464012 12.984777451 0.782530248
v -3.587972641 12.972314835 0.783502281
v -3.575655699 12.961646080 0.784397602
v -3.561816216 12.953034401 0.785194337
v -3.546795130 12.946691513 0.785872817
v -3.530962229 12.942773819 0.786416292
v -3.514707565 12.941377640 0.786811411
v -3.498430967 12.942536354 0.787048399
v -3.482533455 12.946223259 0.787121534
v -3.467406750 12.952346802 0.787028909
v -3.453422785 12.960755348 0.786772847
v -3.440926313 12.971243858 0.786359668
v -3.430224657 12.983551979 0.785799503
v -3.421581745 12.997377396 0.785106182
v -3.415210247 13.012379646 0.784296751
v -3.411266804 13.028189659 0.783391178
v -3.409848928 13.044417381 0.782411695
v -3.513712883 13.044803619 0.774403751
v -3.513826609 13.045175552 0.780391216
v 0.099492073 12.995877266 0.729630649
v 0.095646985 13.011732101 0.730065048
v 0.089368187 13.026789665 0.730466008
v 0.080810323 13.040680885 0.730823696
v 0.070184067 13.053062439 0.731129348
v 0.057751123 13.063631058 0.731375396
v 0.043817598 13.072125435 0.731555760
v 0.028726593 13.078335762 0.731666028
v 0.012849696 13.082110405 0.731703520
v -0.003422148 13.083356857 0.731667280
v -0.019688275 13.082042694 0.731558144
v -0.035548158 13.078200340 0.731378913
v -0.050611272 13.071926117 0.731133878
v -0.064506717 13.063373566 0.730829179
v -0.076892339 13.052753448 0.730472267
v -0.087463170 13.040326118 0.730071902
v -0.095958903 13.026399612 0.729637980
v -0.102170363 13.011315346 0.729181230
v -0.105944596 12.995445251 0.728712797
v -0.107188664 12.979179382 0.728244305
v -0.105871946 12.962920189 0.727787256
v -0.102026850 12.947065353 0.727352917
v -0.095748059 12.932007790 0.726951957
v -0.087190188 12.918116570 0.726594210
v -0.076563939 12.905735016 0.726288557
v -0.064130992 12.895166397 0.726042569
v -0.050197467 12.886672020 0.725862145
v -0.035106461 12.880461693 0.725751877
v -0.019229565 12.876687050 0.725714386
v -0.002957720 12.875441551 0.725750685
v 0.013308406 12.876755714 0.725859761
v 0.029168289 12.880597115 0.726039052
v 0.044231404 12.886871338 0.726284027
v 0.058126848 12.895423889 0.726588786
v 0.070512474 12.906044960 0.726945698
v 0.081083298 12.918471336 0.727346003
v 0.089579031 12.932397842 0.727779925
v 0.095790498 12.947482109 0.728236735
v 0.099564724 12.963352203 0.728705108
v 0.100808799 12.979618073 0.729173601
v 0.099465638 12.995706558 0.735628188
v 0.095620543 13.011561394 0.736062586
v 0.089341752 13.026618958 0.736463547
v 0.080783881 13.040510178 0.736821234
v 0.070157632 13.052891731 0.737126887
v 0.057724684 13.063460350 0.737372935
v 0.043791164 13.071954727 0.737553298
v 0.028700156 13.078165054 0.737663567
v 0.012823260 13.081939697 0.737701058
v -0.003448584 13.083185196 0.737664819
v -0.019714711 13.081871033 0.737555683
v -0.035574593 13.078029633 0.737376451
v -0.050637707 13.071755409 0.737131417
v -0.064533152 13.063202858 0.736826718
v -0.076918781 13.052581787 0.736469805
v -0.087489605 13.040155411 0.736069441
v -0.095985338 13.026228905 0.735635519
v -0.102196805 13.011144638 0.735178769
v -0.105971031 12.995274544 0.734710336
v -0.107215106 12.979008675 0.734241843
v -0.105898380 12.962749481 0.733784795
v -0.102053285 12.946894646 0.733350456
v -0.095774494 12.931837082 0.732949495
v -0.087216623 12.917945862 0.732591748
v -0.076590374 12.905564308 0.732286096
v -0.064157426 12.894995689 0.732040107
v -0.050223902 12.886501312 0.731859684
v -0.035132896 12.880290985 0.731749415
v -0.019256001 12.876516342 0.731711924
v -0.002984156 12.875269890 0.731748223
v 0.013281970 12.876584053 0.731857300
v 0.029141853 12.880426407 0.732036591
v 0.044204969 12.886700630 0.732281566
v 0.058100414 12.895253181 0.732586324
v 0.070486039 12.905873299 0.732943237
v 0.081056863 12.918300629 0.733343542
v 0.089552596 12.932227135 0.733777463
v 0.095764063 12.947311401 0.734234273
v 0.099538289 12.963181496 0.734702647
v 0.100782365 12.979447365 0.735171139
v -0.003189934 12.979398727 0.728708982
v -0.003216370 12.979228020 0.734706521
v 3.643090725 12.987349510 0.732616782
v 3.645538568 13.003479958 0.732227266
v 3.645436525 13.019797325 0.731983006
v 3.642787218 13.035900116 0.731889963
v 3.637655735 13.051391602 0.731950581
v 3.630168438 13.065890312 0.732163191
v 3.620509863 13.079040527 0.732522666
v 3.608917713 13.090516090 0.733020127
v 3.595677376 13.100036621 0.733643353
v 3.581115007 13.107366562 0.734376967
v 3.565589190 13.112324715 0.735202909
v 3.549482107 13.114790916 0.736100793
v 3.533190489 13.114703178 0.737048626
v 3.517115355 13.112064362 0.738022923
v 3.501652479 13.106938362 0.738999844
v 3.487182856 13.099452019 0.739955246
v 3.474062443 13.089790344 0.740865588
v 3.462614775 13.078189850 0.741708517
v 3.453121185 13.064937592 0.742463291
v 3.445815802 13.050358772 0.743111193
v 3.440878391 13.034812927 0.743636429
v 3.438430786 13.018683434 0.744025946
v 3.438532829 13.002366066 0.744270205
v 3.441182137 12.986263275 0.744363248
v 3.446313620 12.970770836 0.744302630
v 3.453800917 12.956272125 0.744090021
v 3.463459492 12.943122864 0.743730545
v 3.475051641 12.931646347 0.743233085
v 3.488291740 12.922126770 0.742609859
v 3.502854109 12.914796829 0.741876245
v 3.518379927 12.909837723 0.741050303
v 3.534487009 12.907371521 0.740152419
v 3.550778866 12.907459259 0.739204586
v 3.566854000 12.910099030 0.738230228
v 3.582316875 12.915224075 0.737253368
v 3.596786499 12.922710419 0.736297965
v 3.609906673 12.932373047 0.735387564
v 3.621354580 12.943972588 0.734544694
v 3.630847931 12.957225800 0.733789921
v 3.638153315 12.971803665 0.733142018
v 3.643438816 12.987442017 0.738606036
v 3.645886421 13.003571510 0.738216519
v 3.645784378 13.019888878 0.737972260
v 3.643135071 13.035991669 0.737879217
v 3.638003588 13.051483154 0.737939835
v 3.630516291 13.065982819 0.738152444
v 3.620857716 13.079132080 0.738511920
v 3.609265566 13.090607643 0.739009380
v 3.596025467 13.100128174 0.739632607
v 3.581463099 13.107458115 0.740366220
v 3.565937281 13.112417221 0.741192162
v 3.549829960 13.114882469 0.742090046
v 3.533538342 13.114795685 0.743037879
v 3.517463207 13.112155914 0.744012177
v 3.502000332 13.107029915 0.744989097
v 3.487530708 13.099544525 0.745944500
v 3.474410534 13.089881897 0.746854842
v 3.462962627 13.078282356 0.747697771
v 3.453469038 13.065029144 0.748452544
v 3.446163893 13.050451279 0.749100447
v 3.441226482 13.034905434 0.749625683
v 3.438778639 13.018774986 0.750015199
v 3.438880682 13.002457619 0.750259459
v 3.441529989 12.986354828 0.750352502
v 3.446661472 12.970863342 0.750291884
v 3.454148769 12.956363678 0.750079274
v 3.463807344 12.943214417 0.749719799
v 3.475399494 12.931738853 0.749222338
v 3.488639832 12.922218323 0.748599112
v 3.503202200 12.914888382 0.747865498
v 3.518728018 12.909929276 0.747039557
v 3.534835100 12.907464027 0.746141672
v 3.551126719 12.907551765 0.745193839
v 3.567201853 12.910190582 0.744219482
v 3.582664728 12.915316582 0.743242621
v 3.597134352 12.922801971 0.742287219
v 3.610254765 12.932464600 0.741376817
v 3.621702433 12.944064140 0.740533948
v 3.631196022 12.957317352 0.739779174
v 3.638501406 12.971896172 0.739131272
v 3.541984558 13.011081696 0.738126576
v 3.542332649 13.011173248 0.744115829
v 7.084802151 12.959240913 0.649601698
v 7.086045742 12.975502968 0.650186479
v 7.084729195 12.991760254 0.650707781
v 7.080884933 13.007615089 0.651152611
v 7.074607372 13.022674561 0.651510179
v 7.066051960 13.036568642 0.651771545
v 7.055428505 13.048955917 0.651930332
v 7.042999268 13.059531212 0.651982665
v 7.029069901 13.068034172 0.651927233
v 7.013983250 13.074254036 0.651765347
v 6.998110771 13.078039169 0.651501060
v 6.981843948 13.079296112 0.651140809
v 6.965582371 13.077993393 0.650693536
v 6.949727535 13.074163437 0.650170207
v 6.934669018 13.067900658 0.649583757
v 6.920777798 13.059359550 0.648948610
v 6.908395767 13.048748970 0.648280382
v 6.897828579 13.036332130 0.647595525
v 6.889335632 13.022413254 0.646910906
v 6.883126259 13.007336617 0.646243393
v 6.879353523 12.991471291 0.645609438
v 6.878109932 12.975210190 0.645024657
v 6.879426479 12.958951950 0.644503355
v 6.883270741 12.943098068 0.644058526
v 6.889547825 12.928038597 0.643700957
v 6.898103714 12.914143562 0.643439591
v 6.908726692 12.901756287 0.643280804
v 6.921156406 12.891181946 0.643228471
v 6.935085773 12.882678986 0.643283904
v 6.950172424 12.876459122 0.643445790
v 6.966044903 12.872673988 0.643710077
v 6.982311726 12.871417046 0.644070327
v 6.998572826 12.872719765 0.644517601
v 7.014428139 12.876548767 0.645040929
v 7.029486656 12.882811546 0.645627379
v 7.043377876 12.891353607 0.646262527
v 7.055759430 12.901963234 0.646930754
v 7.066327095 12.914381027 0.647615612
v 7.074820042 12.928298950 0.648300231
v 7.081029415 12.943376541 0.648967743
v 7.084653854 12.959036827 0.655596435
v 7.085896969 12.975298882 0.656181216
v 7.084580421 12.991556168 0.656702518
v 7.080736160 13.007410049 0.657147348
v 7.074459076 13.022470474 0.657504916
v 7.065903664 13.036364555 0.657766283
v 7.055280209 13.048751831 0.657925069
v 7.042850971 13.059327126 0.657977402
v 7.028921127 13.067829132 0.657921970
v 7.013834476 13.074049950 0.657760084
v 6.997962475 13.077835083 0.657495797
v 6.981695175 13.079092026 0.657135546
v 6.965434074 13.077789307 0.656688273
v 6.949578762 13.073959351 0.656164944
v 6.934520245 13.067696571 0.655578494
v 6.920629025 13.059155464 0.654943347
v 6.908247471 13.048544884 0.654275119
v 6.897679806 13.036128044 0.653590262
v 6.889186859 13.022209167 0.652905643
v 6.882977486 13.007132530 0.652238131
v 6.879204750 12.991267204 0.651604176
v 6.877961159 12.975006104 0.651019394
v 6.879278183 12.958747864 0.650498092
v 6.883122444 12.942893982 0.650053263
v 6.889399529 12.927834511 0.649695694
v 6.897954941 12.913939476 0.649434328
v 6.908578396 12.901552200 0.649275541
v 6.921007633 12.890976906 0.649223208
v 6.934937477 12.882474899 0.649278641
v 6.950024128 12.876254082 0.649440527
v 6.965896130 12.872468948 0.649704814
v 6.982163429 12.871212959 0.650065064
v 6.998424530 12.872514725 0.650512338
v 7.014279366 12.876344681 0.651035666
v 7.029338360 12.882607460 0.651622117
v 7.043229103 12.891149521 0.652257264
v 7.055611134 12.901759148 0.652925491
v 7.066178322 12.914175987 0.653610349
v 7.074671745 12.928094864 0.654294968
v 7.080880642 12.943172455 0.654962480
v 6.982077599 12.975356102 0.647605538
v 6.981929302 12.975152016 0.653600335
v -6.882563591 16.969718933 0.780687690
v -6.883493900 16.985998154 0.781338036
v -6.886961460 17.001930237 0.782022119
v -6.892880440 17.017122269 0.782723069
v -6.901104927 17.031200409 0.783423722
v -6.911432743 17.043817520 0.784106731
v -6.923609257 17.054664612 0.784755349
v -6.937335491 17.063470840 0.785353541
v -6.952272415 17.070022583 0.785886586
v -6.968052387 17.074157715 0.786341429
v -6.984287739 17.075775146 0.786706805
v -7.000577927 17.074832916 0.786973774
v -7.016521931 17.071355820 0.787135661
v -7.031727314 17.065429688 0.787188590
v -7.045819283 17.057199478 0.787131190
v -7.058451176 17.046869278 0.786964893
v -7.069312572 17.034690857 0.786693752
v -7.078134537 17.020967484 0.786324561
v -7.084701061 17.006034851 0.785866320
v -7.088850021 16.990261078 0.785330296
v -7.090479851 16.974033356 0.784729719
v -7.089549065 16.957754135 0.784079432
v -7.086081982 16.941822052 0.783395350
v -7.080163002 16.926630020 0.782694340
v -7.071938515 16.912551880 0.781993747
v -7.061610699 16.899932861 0.781310678
v -7.049433708 16.889087677 0.780662119
v -7.035707951 16.880281448 0.780063868
v -7.020771027 16.873729706 0.779530823
v -7.004990578 16.869592667 0.779075980
v -6.988755703 16.867977142 0.778710604
v -6.972465515 16.868919373 0.778443694
v -6.956521511 16.872394562 0.778281748
v -6.941316128 16.878322601 0.778228819
v -6.927224159 16.886550903 0.778286278
v -6.914591789 16.896883011 0.778452575
v -6.903730869 16.909059525 0.778723657
v -6.894908428 16.922784805 0.779092848
v -6.888341904 16.937717438 0.779551148
v -6.884192944 16.953491211 0.780087113
v -6.882452011 16.969486237 0.786682189
v -6.883382320 16.985765457 0.787332535
v -6.886849880 17.001697540 0.788016617
v -6.892768383 17.016889572 0.788717568
v -6.900992870 17.030967712 0.789418221
v -6.911320686 17.043584824 0.790101230
v -6.923497677 17.054431915 0.790749848
v -6.937223434 17.063238144 0.791348040
v -6.952160358 17.069789886 0.791881084
v -6.967940807 17.073925018 0.792335927
v -6.984176159 17.075542450 0.792701304
v -7.000466347 17.074600220 0.792968273
v -7.016410351 17.071123123 0.793130159
v -7.031615257 17.065196991 0.793183088
v -7.045707703 17.056966782 0.793125689
v -7.058339596 17.046636581 0.792959392
v -7.069200516 17.034458160 0.792688251
v -7.078022957 17.020734787 0.792319059
v -7.084589481 17.005802155 0.791860819
v -7.088738441 16.990026474 0.791324794
v -7.090367794 16.973800659 0.790724218
v -7.089437485 16.957519531 0.790073931
v -7.085969925 16.941587448 0.789389849
v -7.080051422 16.926395416 0.788688838
v -7.071826935 16.912317276 0.787988245
v -7.061499119 16.899700165 0.787305176
v -7.049322128 16.888854980 0.786656618
v -7.035596371 16.880046844 0.786058366
v -7.020659447 16.873495102 0.785525322
v -7.004878998 16.869359970 0.785070479
v -6.988643646 16.867744446 0.784705102
v -6.972353935 16.868684769 0.784438193
v -6.956409931 16.872161865 0.784276247
v -6.941204548 16.878087997 0.784223318
v -6.927112103 16.886318207 0.784280777
v -6.914480209 16.896650314 0.784447074
v -6.903619289 16.908826828 0.784718156
v -6.894796848 16.922552109 0.785087347
v -6.888230324 16.937484741 0.785545647
v -6.884081364 16.953258514 0.786081612
v -6.986521721 16.971876144 0.782708704
v -6.986410141 16.971643448 0.788703203
v -3.441864252 17.040660858 0.732891619
v -3.447439194 17.055988312 0.732297897
v -3.455340385 17.070249557 0.731588006
v -3.465373278 17.083095551 0.730779529
v -3.477290630 17.094209671 0.729892313
v -3.490799189 17.103317261 0.728948236
v -3.505566120 17.110195160 0.727970541
v -3.521228075 17.114673615 0.726983249
v -3.537399054 17.116641998 0.726010740
v -3.553681135 17.116052628 0.725076914
v -3.569673300 17.112920761 0.724204779
v -3.584981918 17.107320786 0.723415852
v -3.599229813 17.099393845 0.722729504
v -3.612066269 17.089332581 0.722162604
v -3.623175383 17.077384949 0.721729219
v -3.632283211 17.063846588 0.721439898
v -3.639165878 17.049049377 0.721301913
v -3.643653631 17.033359528 0.721318483
v -3.645636082 17.017162323 0.721489370
v -3.645064592 17.000856400 0.721810222
v -3.641952753 16.984842300 0.722273231
v -3.636377811 16.969516754 0.722867012
v -3.628476620 16.955255508 0.723576844
v -3.618443727 16.942409515 0.724385321
v -3.606526375 16.931295395 0.725272536
v -3.593017817 16.922187805 0.726216614
v -3.578250885 16.915309906 0.727194369
v -3.562588930 16.910831451 0.728181601
v -3.546417952 16.908861160 0.729154170
v -3.530135870 16.909450531 0.730087936
v -3.514143705 16.912584305 0.730960071
v -3.498835087 16.918182373 0.731749058
v -3.484587193 16.926111221 0.732435405
v -3.471750736 16.936172485 0.733002245
v -3.460641623 16.948118210 0.733435690
v -3.451533794 16.961656570 0.733724952
v -3.444651127 16.976453781 0.733862996
v -3.440163374 16.992143631 0.733846366
v -3.438180923 17.008342743 0.733675539
v -3.438752413 17.024648666 0.733354628
v -3.442211390 17.040767670 0.738880694
v -3.447786570 17.056093216 0.738286972
v -3.455687761 17.070354462 0.737577081
v -3.465720654 17.083200455 0.736768603
v -3.477638006 17.094314575 0.735881388
v -3.491146564 17.103422165 0.734937310
v -3.505913496 17.110300064 0.733959615
v -3.521575212 17.114778519 0.732972324
v -3.537746429 17.116748810 0.731999815
v -3.554028511 17.116159439 0.731065989
v -3.570020676 17.113025665 0.730193853
v -3.585329294 17.107427597 0.729404926
v -3.599577188 17.099498749 0.728718579
v -3.612413645 17.089437485 0.728151679
v -3.623522758 17.077491760 0.727718294
v -3.632630587 17.063951492 0.727428973
v -3.639513254 17.049156189 0.727290988
v -3.644001007 17.033466339 0.727307558
v -3.645983458 17.017267227 0.727478445
v -3.645411730 17.000961304 0.727799296
v -3.642300129 16.984949112 0.728262305
v -3.636724949 16.969621658 0.728856087
v -3.628823757 16.955360413 0.729565918
v -3.618791103 16.942514420 0.730374396
v -3.606873512 16.931400299 0.731261611
v -3.593365192 16.922292709 0.732205689
v -3.578598022 16.915414810 0.733183444
v -3.562936306 16.910936356 0.734170675
v -3.546765327 16.908967972 0.735143244
v -3.530483246 16.909557343 0.736077011
v -3.514490843 16.912689209 0.736949146
v -3.499182463 16.918289185 0.737738132
v -3.484934330 16.926216125 0.738424480
v -3.472097874 16.936277390 0.738991320
v -3.460988998 16.948225021 0.739424765
v -3.451880932 16.961763382 0.739714026
v -3.444998503 16.976558685 0.739852071
v -3.440510750 16.992250443 0.739835441
v -3.438528061 17.008447647 0.739664614
v -3.439099789 17.024753571 0.739343703
v -3.541908503 17.012752533 0.727582455
v -3.542255878 17.012857437 0.733571529
v 0.112222083 17.010204315 0.805428863
v 0.113224037 17.026481628 0.804859221
v 0.111665741 17.042718887 0.804323733
v 0.107585587 17.058511734 0.803835571
v 0.101084016 17.073474884 0.803406835
v 0.092321143 17.087236404 0.803048074
v 0.081512712 17.099460602 0.802768052
v 0.068924882 17.109846115 0.802573681
v 0.054867607 17.118133545 0.802469790
v 0.039687019 17.124124527 0.802458942
v 0.023756914 17.127666473 0.802541375
v 0.007469543 17.128675461 0.802715063
v -0.008774039 17.127124786 0.802975714
v -0.024573868 17.123054504 0.803316951
v -0.039540902 17.116561890 0.803730309
v -0.053306594 17.107809067 0.804205656
v -0.065531991 17.097011566 0.804731309
v -0.075916059 17.084434509 0.805294275
v -0.084203109 17.070388794 0.805880666
v -0.090189107 17.055217743 0.806476176
v -0.093726628 17.039297104 0.807065964
v -0.094728582 17.023017883 0.807635665
v -0.093170278 17.006782532 0.808171153
v -0.089090124 16.990989685 0.808659315
v -0.082588561 16.976026535 0.809088051
v -0.073825687 16.962263107 0.809446812
v -0.063017257 16.950040817 0.809726834
v -0.050429426 16.939655304 0.809921205
v -0.036372148 16.931365967 0.810025036
v -0.021191563 16.925376892 0.810035944
v -0.005261457 16.921834946 0.809953511
v 0.011025914 16.920825958 0.809779823
v 0.027269498 16.922376633 0.809519172
v 0.043069325 16.926446915 0.809177935
v 0.058036357 16.932939529 0.808764577
v 0.071802050 16.941692352 0.808289230
v 0.084027447 16.952489853 0.807763577
v 0.094411522 16.965066910 0.807200611
v 0.102698572 16.979112625 0.806614161
v 0.108684562 16.994283676 0.806018710
v 0.112298727 17.010408401 0.811424911
v 0.113300674 17.026687622 0.810855269
v 0.111742377 17.042922974 0.810319781
v 0.107662223 17.058717728 0.809831619
v 0.101160660 17.073678970 0.809402883
v 0.092397779 17.087442398 0.809044123
v 0.081589356 17.099666595 0.808764100
v 0.069001526 17.110050201 0.808569729
v 0.054944247 17.118339539 0.808465838
v 0.039763659 17.124328613 0.808454990
v 0.023833554 17.127872467 0.808537424
v 0.007546183 17.128879547 0.808711112
v -0.008697400 17.127330780 0.808971763
v -0.024497230 17.123258591 0.809312999
v -0.039464261 17.116767883 0.809726357
v -0.053229958 17.108015060 0.810201705
v -0.065455347 17.097217560 0.810727358
v -0.075839423 17.084640503 0.811290324
v -0.084126472 17.070592880 0.811876714
v -0.090112470 17.055423737 0.812472224
v -0.093649983 17.039503098 0.813062012
v -0.094651937 17.023223877 0.813631713
v -0.093093641 17.006988525 0.814167202
v -0.089013487 16.991193771 0.814655364
v -0.082511917 16.976232529 0.815084100
v -0.073749043 16.962469101 0.815442860
v -0.062940612 16.950244904 0.815722883
v -0.050352786 16.939861298 0.815917253
v -0.036295511 16.931571960 0.816021085
v -0.021114923 16.925582886 0.816031992
v -0.005184817 16.922039032 0.815949559
v 0.011102553 16.921030045 0.815775871
v 0.027346136 16.922580719 0.815515220
v 0.043145966 16.926652908 0.815173984
v 0.058112998 16.933143616 0.814760625
v 0.071878694 16.941896439 0.814285278
v 0.084104091 16.952693939 0.813759625
v 0.094488159 16.965270996 0.813196659
v 0.102775209 16.979318619 0.812610209
v 0.108761206 16.994487762 0.812014759
v 0.009247729 17.024749756 0.806247413
v 0.009324368 17.024955750 0.812243462
v 3.626689672 16.982908249 0.722223163
v 3.628021717 16.999172211 0.722189963
v 3.626794338 17.015445709 0.722241938
v 3.623037815 17.031326294 0.722377837
v 3.616844416 17.046422958 0.722594261
v 3.608366966 17.060365677 0.722885907
v 3.597814083 17.072809219 0.723245621
v 3.585445642 17.083446503 0.723664522
v 3.571566105 17.092018127 0.724132240
v 3.556517363 17.098312378 0.724637330
v 3.540669918 17.102170944 0.725167334
v 3.524413824 17.103504181 0.725709260
v 3.508149624 17.102275848 0.726249635
v 3.492277622 17.098516464 0.726775229
v 3.477188826 17.092319489 0.727273107
v 3.463254452 17.083837509 0.727731049
v 3.450818062 17.073278427 0.728137672
v 3.440185308 17.060901642 0.728483021
v 3.431618452 17.047014236 0.728758574
v 3.425328493 17.031957626 0.728957593
v 3.421469927 17.016101837 0.729075134
v 3.420137882 16.999835968 0.729108334
v 3.421365261 16.983562469 0.729056358
v 3.425122023 16.967681885 0.728920460
v 3.431315184 16.952585220 0.728704035
v 3.439792633 16.938644409 0.728412390
v 3.450345516 16.926200867 0.728052676
v 3.462713957 16.915561676 0.727633834
v 3.476593494 16.906991959 0.727166057
v 3.491642237 16.900697708 0.726660967
v 3.507489681 16.896837234 0.726130962
v 3.523745775 16.895505905 0.725589097
v 3.540009975 16.896734238 0.725048661
v 3.555881977 16.900493622 0.724523067
v 3.570970774 16.906690598 0.724025190
v 3.584905148 16.915172577 0.723567307
v 3.597341537 16.925731659 0.723160684
v 3.607974291 16.938106537 0.722815335
v 3.616541147 16.951993942 0.722539723
v 3.622831345 16.967050552 0.722340703
v 3.626889229 16.982904434 0.728219867
v 3.628221273 16.999168396 0.728186667
v 3.626993895 17.015441895 0.728238642
v 3.623237371 17.031322479 0.728374541
v 3.617043972 17.046419144 0.728590965
v 3.608566523 17.060361862 0.728882611
v 3.598013639 17.072805405 0.729242325
v 3.585645199 17.083442688 0.729661226
v 3.571765661 17.092014313 0.730128944
v 3.556716919 17.098306656 0.730634034
v 3.540869474 17.102167130 0.731164038
v 3.524613380 17.103500366 0.731705964
v 3.508349180 17.102272034 0.732246339
v 3.492477179 17.098512650 0.732771933
v 3.477388382 17.092315674 0.733269811
v 3.463454008 17.083833694 0.733727753
v 3.451017618 17.073274612 0.734134376
v 3.440384865 17.060897827 0.734479725
v 3.431818008 17.047010422 0.734755278
v 3.425528049 17.031953812 0.734954298
v 3.421669483 17.016098022 0.735071838
v 3.420337439 16.999832153 0.735105038
v 3.421564817 16.983558655 0.735053062
v 3.425321579 16.967678070 0.734917164
v 3.431514740 16.952581406 0.734700739
v 3.439992189 16.938640594 0.734409094
v 3.450545073 16.926197052 0.734049380
v 3.462913513 16.915557861 0.733630538
v 3.476793051 16.906986237 0.733162761
v 3.491841793 16.900693893 0.732657671
v 3.507689238 16.896833420 0.732127666
v 3.523945332 16.895500183 0.731585801
v 3.540209532 16.896730423 0.731045365
v 3.556081533 16.900487900 0.730519772
v 3.571170330 16.906684875 0.730021894
v 3.585104704 16.915168762 0.729564011
v 3.597541094 16.925727844 0.729157388
v 3.608173847 16.938102722 0.728812039
v 3.616740704 16.951990128 0.728536427
v 3.623030901 16.967046738 0.728337407
v 3.524079800 16.999504089 0.725649178
v 3.524279356 16.999500275 0.731645882
v 7.145806313 16.967964172 0.744605780
v 7.144260406 16.984188080 0.745460451
v 7.140196323 16.999961853 0.746440470
v 7.133714199 17.014900208 0.747521639
v 7.124973774 17.028633118 0.748677433
v 7.114190102 17.040822983 0.749879301
v 7.101628780 17.051170349 0.751097739
v 7.087599277 17.059417725 0.752302647
v 7.072446346 17.065366745 0.753464401
v 7.056543827 17.068866730 0.754554391
v 7.040283203 17.069831848 0.755545795
v 7.024065018 17.068241119 0.756414175
v 7.008287907 17.064130783 0.757138133
v 6.993340969 17.057603836 0.757699907
v 6.979591846 17.048822403 0.758085608
v 6.967379570 17.037998199 0.758285761
v 6.957004547 17.025402069 0.758295417
v 6.948722363 17.011341095 0.758114398
v 6.942736626 16.996162415 0.757747114
v 6.939195156 16.980241776 0.757202566
v 6.938184738 16.963968277 0.756494284
v 6.939730644 16.947746277 0.755639553
v 6.943794727 16.931970596 0.754659534
v 6.950276852 16.917032242 0.753578365
v 6.959017277 16.903299332 0.752422571
v 6.969800949 16.891109467 0.751220703
v 6.982362270 16.880764008 0.750002265
v 6.996392250 16.872514725 0.748797357
v 7.011544704 16.866567612 0.747635603
v 7.027447224 16.863067627 0.746545613
v 7.043707848 16.862100601 0.745554268
v 7.059926510 16.863691330 0.744685888
v 7.075703621 16.867801666 0.743961871
v 7.090650558 16.874328613 0.743400097
v 7.104399204 16.883111954 0.743014395
v 7.116611958 16.893934250 0.742814243
v 7.126986980 16.906532288 0.742804587
v 7.135269165 16.920591354 0.742985606
v 7.141254902 16.935770035 0.743352890
v 7.144796371 16.951690674 0.743897438
v 7.146154404 16.967681885 0.750589073
v 7.144608498 16.983905792 0.751443744
v 7.140544415 16.999679565 0.752423763
v 7.134062290 17.014617920 0.753504932
v 7.125321865 17.028350830 0.754660726
v 7.114538193 17.040540695 0.755862594
v 7.101976871 17.050888062 0.757081032
v 7.087946892 17.059135437 0.758285940
v 7.072794437 17.065084457 0.759447694
v 7.056891918 17.068584442 0.760537684
v 7.040631294 17.069549561 0.761529088
v 7.024413109 17.067958832 0.762397468
v 7.008635998 17.063848495 0.763121426
v 6.993689060 17.057323456 0.763683200
v 6.979939938 17.048540115 0.764068902
v 6.967727661 17.037715912 0.764269054
v 6.957352638 17.025119781 0.764278710
v 6.949070454 17.011058807 0.764097691
v 6.943084717 16.995882034 0.763730407
v 6.939543247 16.979959488 0.763185859
v 6.938532829 16.963687897 0.762477577
v 6.940078735 16.947463989 0.761622846
v 6.944142818 16.931688309 0.760642827
v 6.950624943 16.916749954 0.759561658
v 6.959365368 16.903017044 0.758405864
v 6.970149040 16.890827179 0.757203996
v 6.982710361 16.880481720 0.755985558
v 6.996740341 16.872232437 0.754780650
v 7.011892796 16.866285324 0.753618896
v 7.027795315 16.862785339 0.752528906
v 7.044055939 16.861818314 0.751537561
v 7.060274601 16.863409042 0.750669181
v 7.076051712 16.867519379 0.749945164
v 7.090998650 16.874046326 0.749383390
v 7.104747295 16.882829666 0.748997688
v 7.116959572 16.893651962 0.748797536
v 7.127335072 16.906250000 0.748787880
v 7.135617256 16.920309067 0.748968899
v 7.141602516 16.935487747 0.749336183
v 7.145144463 16.951408386 0.749880731
v 7.041995525 16.965967178 0.750550032
v 7.042343616 16.965684891 0.756533325
v -6.940675259 21.012023926 0.722140789
v -6.939802647 21.028310776 0.721618414
v -6.941485405 21.044528961 0.720944345
v -6.945682049 21.060279846 0.720135093
v -6.952289581 21.075172424 0.719210565
v -6.961144924 21.088842392 0.718193650
v -6.972030163 21.100954056 0.717109263
v -6.984677315 21.111206055 0.715984166
v -6.998774529 21.119348526 0.714846015
v -7.013975143 21.125179291 0.713722944
v -7.029904842 21.128555298 0.712642491
v -7.046171665 21.129394531 0.711631298
v -7.062374115 21.127676010 0.710714281
v -7.078114510 21.123439789 0.709914029
v -7.093004227 21.116792679 0.709250152
v -7.106676579 21.107898712 0.708739161
v -7.118795872 21.096973419 0.708393514
v -7.129063129 21.084289551 0.708221734
v -7.137225151 21.070158005 0.708228052
v -7.143081665 21.054927826 0.708412409
v -7.146488190 21.038970947 0.708770156
v -7.147360802 21.022684097 0.709292471
v -7.145678043 21.006464005 0.709966600
v -7.141481400 20.990715027 0.710775852
v -7.134873867 20.975822449 0.711700320
v -7.126018524 20.962150574 0.712717295
v -7.115133286 20.950040817 0.713801682
v -7.102486134 20.939788818 0.714926779
v -7.088388920 20.931646347 0.716064870
v -7.073188305 20.925815582 0.717188001
v -7.057258606 20.922437668 0.718268394
v -7.040991783 20.921600342 0.719279587
v -7.024789333 20.923318863 0.720196605
v -7.009048939 20.927555084 0.720996916
v -6.994159222 20.934200287 0.721660733
v -6.980486870 20.943096161 0.722171783
v -6.968367577 20.954019547 0.722517431
v -6.958100319 20.966703415 0.722689211
v -6.949938297 20.980834961 0.722682834
v -6.944081783 20.996067047 0.722498536
v -6.941036224 21.012233734 0.728126228
v -6.940163612 21.028522491 0.727603853
v -6.941846848 21.044740677 0.726929784
v -6.946043491 21.060489655 0.726120532
v -6.952651024 21.075384140 0.725196004
v -6.961505890 21.089054108 0.724179089
v -6.972391129 21.101163864 0.723094702
v -6.985038280 21.111417770 0.721969604
v -6.999135971 21.119558334 0.720831454
v -7.014336586 21.125391006 0.719708383
v -7.030266285 21.128767014 0.718627930
v -7.046532631 21.129606247 0.717616737
v -7.062735558 21.127885818 0.716699719
v -7.078475475 21.123651505 0.715899467
v -7.093365192 21.117004395 0.715235591
v -7.107038021 21.108108521 0.714724600
v -7.119157314 21.097185135 0.714378953
v -7.129424095 21.084501266 0.714207172
v -7.137586594 21.070369720 0.714213490
v -7.143443108 21.055137634 0.714397848
v -7.146849632 21.039182663 0.714755535
v -7.147721767 21.022893906 0.715277910
v -7.146039009 21.006675720 0.715952039
v -7.141842365 20.990926743 0.716761291
v -7.135234833 20.976032257 0.717685759
v -7.126379490 20.962362289 0.718702734
v -7.115494728 20.950252533 0.719787121
v -7.102847576 20.940000534 0.720912218
v -7.088749886 20.931858063 0.722050309
v -7.073549271 20.926027298 0.723173440
v -7.057619572 20.922649384 0.724253833
v -7.041353226 20.921810150 0.725265026
v -7.025150299 20.923530579 0.726182044
v -7.009410381 20.927764893 0.726982355
v -6.994520664 20.934412003 0.727646172
v -6.980847836 20.943307877 0.728157222
v -6.968728542 20.954231262 0.728502870
v -6.958461761 20.966915131 0.728674650
v -6.950299263 20.981046677 0.728668272
v -6.944442749 20.996278763 0.728483975
v -7.043581963 21.025497437 0.715455472
v -7.043942928 21.025709152 0.721440911
v -3.444941282 20.984884262 0.712846041
v -3.442314148 21.000991821 0.712798893
v -3.442233801 21.017309189 0.712587714
v -3.444702387 21.033437729 0.712217748
v -3.449658871 21.048976898 0.711697936
v -3.456981421 21.063547134 0.711041212
v -3.466489553 21.076787949 0.710263729
v -3.477949381 21.088373184 0.709384620
v -3.491078377 21.098018646 0.708425522
v -3.505553484 21.105485916 0.707410097
v -3.521018267 21.110591888 0.706363261
v -3.537091732 21.113210678 0.705310822
v -3.553378582 21.113277435 0.704278767
v -3.569477081 21.110790253 0.703292370
v -3.584991455 21.105812073 0.702376068
v -3.599539518 21.098463058 0.701552331
v -3.612762928 21.088926315 0.700841486
v -3.624336004 21.077434540 0.700260997
v -3.633974075 21.064271927 0.699825227
v -3.641439676 21.049762726 0.699544787
v -3.646548748 21.034263611 0.699426711
v -3.649175882 21.018157959 0.699473798
v -3.649255991 21.001840591 0.699684978
v -3.646787643 20.985712051 0.700055003
v -3.641830921 20.970172882 0.700574756
v -3.634508610 20.955602646 0.701231480
v -3.625000477 20.942361832 0.702008963
v -3.613540649 20.930776596 0.702888072
v -3.600411654 20.921131134 0.703847170
v -3.585936546 20.913663864 0.704862654
v -3.570471764 20.908557892 0.705909491
v -3.554398298 20.905939102 0.706961870
v -3.538111448 20.905872345 0.707993984
v -3.522012711 20.908359528 0.708980322
v -3.506498337 20.913337708 0.709896624
v -3.491950512 20.920686722 0.710720360
v -3.478727102 20.930223465 0.711431265
v -3.467153788 20.941715240 0.712011695
v -3.457515955 20.954877853 0.712447524
v -3.450050354 20.969387054 0.712727904
v -3.445320368 20.984964371 0.718833566
v -3.442693233 21.001071930 0.718786418
v -3.442612886 21.017389297 0.718575239
v -3.445081472 21.033515930 0.718205273
v -3.450037956 21.049057007 0.717685461
v -3.457360506 21.063625336 0.717028737
v -3.466868639 21.076866150 0.716251254
v -3.478328466 21.088453293 0.715372145
v -3.491457462 21.098098755 0.714413047
v -3.505932570 21.105566025 0.713397622
v -3.521397352 21.110671997 0.712350786
v -3.537470818 21.113290787 0.711298347
v -3.553757668 21.113357544 0.710266292
v -3.569856405 21.110870361 0.709279895
v -3.585370541 21.105890274 0.708363593
v -3.599918604 21.098543167 0.707539856
v -3.613142014 21.089004517 0.706829011
v -3.624715090 21.077512741 0.706248522
v -3.634353161 21.064352036 0.705812752
v -3.641818762 21.049842834 0.705532312
v -3.646927834 21.034343719 0.705414236
v -3.649554968 21.018236160 0.705461323
v -3.649635315 21.001918793 0.705672503
v -3.647166729 20.985792160 0.706042528
v -3.642210245 20.970251083 0.706562281
v -3.634887695 20.955682755 0.707219005
v -3.625379562 20.942441940 0.707996488
v -3.613919735 20.930854797 0.708875597
v -3.600790739 20.921209335 0.709834695
v -3.586315632 20.913742065 0.710850179
v -3.570850849 20.908636093 0.711897016
v -3.554777384 20.906017303 0.712949395
v -3.538490534 20.905950546 0.713981509
v -3.522391796 20.908437729 0.714967847
v -3.506877422 20.913417816 0.715884149
v -3.492329597 20.920764923 0.716707885
v -3.479106188 20.930303574 0.717418790
v -3.467532873 20.941795349 0.717999220
v -3.457895041 20.954956055 0.718435049
v -3.450429440 20.969465256 0.718715429
v -3.545744896 21.009574890 0.706136346
v -3.546123981 21.009653091 0.712123871
v 0.095145397 20.989324570 0.647619545
v 0.096633323 21.005575180 0.647479892
v 0.095560774 21.021858215 0.647313952
v 0.091954149 21.037773132 0.647125840
v 0.085902251 21.052927017 0.646920085
v 0.077554114 21.066947937 0.646701813
v 0.067115277 21.079490662 0.646476328
v 0.054842792 21.090246201 0.646249294
v 0.041038841 21.098947525 0.646026254
v 0.026043333 21.105382919 0.645812690
v 0.010225494 21.109394073 0.645613849
v -0.006025177 21.110879898 0.645434618
v -0.022308543 21.109806061 0.645279467
v -0.038223647 21.106197357 0.645152152
v -0.053378612 21.100143433 0.645055890
v -0.067400269 21.091794968 0.644992948
v -0.079943351 21.081354141 0.644964933
v -0.090699024 21.069080353 0.644972563
v -0.099402428 21.055274963 0.645015597
v -0.105839275 21.040279388 0.645093024
v -0.109851055 21.024461746 0.645202875
v -0.111338988 21.008209229 0.645342469
v -0.110266432 20.991926193 0.645508409
v -0.106659807 20.976011276 0.645696580
v -0.100607909 20.960857391 0.645902336
v -0.092259772 20.946836472 0.646120608
v -0.081820935 20.934293747 0.646346033
v -0.069548450 20.923540115 0.646573067
v -0.055744503 20.914836884 0.646796167
v -0.040748991 20.908401489 0.647009730
v -0.024931155 20.904392242 0.647208571
v -0.008680482 20.902906418 0.647387743
v 0.007602883 20.903980255 0.647542953
v 0.023517989 20.907587051 0.647670209
v 0.038672950 20.913640976 0.647766531
v 0.052694608 20.921991348 0.647829413
v 0.065237693 20.932430267 0.647857428
v 0.075993367 20.944704056 0.647849798
v 0.084696770 20.958509445 0.647806764
v 0.091133609 20.973505020 0.647729397
v 0.095084459 20.989381790 0.653618991
v 0.096572392 21.005632401 0.653479338
v 0.095499836 21.021915436 0.653313398
v 0.091893211 21.037830353 0.653125286
v 0.085841313 21.052984238 0.652919531
v 0.077493176 21.067005157 0.652701259
v 0.067054346 21.079547882 0.652475774
v 0.054781854 21.090301514 0.652248740
v 0.040977906 21.099004745 0.652025700
v 0.025982397 21.105440140 0.651812136
v 0.010164559 21.109449387 0.651613295
v -0.006086113 21.110937119 0.651434064
v -0.022369478 21.109863281 0.651278913
v -0.038284585 21.106254578 0.651151597
v -0.053439546 21.100200653 0.651055336
v -0.067461208 21.091852188 0.650992393
v -0.080004290 21.081411362 0.650964379
v -0.090759963 21.069137573 0.650972009
v -0.099463366 21.055332184 0.651015043
v -0.105900206 21.040336609 0.651092470
v -0.109911993 21.024518967 0.651202321
v -0.111399919 21.008266449 0.651341915
v -0.110327370 20.991983414 0.651507854
v -0.106720746 20.976068497 0.651696026
v -0.100668848 20.960914612 0.651901782
v -0.092320710 20.946893692 0.652120054
v -0.081881873 20.934350967 0.652345479
v -0.069609389 20.923597336 0.652572513
v -0.055805437 20.914894104 0.652795613
v -0.040809929 20.908458710 0.653009176
v -0.024992090 20.904449463 0.653208017
v -0.008741418 20.902963638 0.653387189
v 0.007541947 20.904037476 0.653542399
v 0.023457052 20.907644272 0.653669655
v 0.038612016 20.913698196 0.653765976
v 0.052633673 20.922048569 0.653828859
v 0.065176755 20.932487488 0.653856874
v 0.075932428 20.944761276 0.653849244
v 0.084635831 20.958566666 0.653806210
v 0.091072679 20.973562241 0.653728843
v -0.007352830 21.006893158 0.646411180
v -0.007413765 21.006950378 0.652410626
v 3.561433077 21.031936646 0.705509961
v 3.555599928 21.047172546 0.705150902
v 3.547458172 21.061307907 0.704673707
v 3.537208319 21.073993683 0.704090118
v 3.525102615 21.084917068 0.703414500
v 3.511439085 21.093809128 0.702663481
v 3.496554375 21.100452423 0.701855540
v 3.480814934 21.104681015 0.701010644
v 3.464608192 21.106391907 0.700149477
v 3.448333263 21.105541229 0.699293375
v 3.432390928 21.102153778 0.698463321
v 3.417173862 21.096309662 0.697679758
v 3.403056622 21.088153839 0.696962059
v 3.390386820 21.077888489 0.696327806
v 3.379476309 21.065763474 0.695792675
v 3.370594025 21.052078247 0.695369840
v 3.363958359 21.037172318 0.695069671
v 3.359733105 21.021409988 0.694899559
v 3.358021975 21.005180359 0.694863737
v 3.358867168 20.988883972 0.694963098
v 3.362247944 20.972919464 0.695195138
v 3.368081093 20.957683563 0.695554197
v 3.376222849 20.943548203 0.696031392
v 3.386472702 20.930862427 0.696614981
v 3.398578405 20.919939041 0.697290599
v 3.412241936 20.911046982 0.698041618
v 3.427126646 20.904403687 0.698849559
v 3.442866325 20.900175095 0.699694455
v 3.459073067 20.898464203 0.700555623
v 3.475347757 20.899314880 0.701411784
v 3.491290092 20.902702332 0.702241838
v 3.506507158 20.908546448 0.703025341
v 3.520624638 20.916702271 0.703743100
v 3.533294439 20.926967621 0.704377294
v 3.544204712 20.939092636 0.704912424
v 3.553087234 20.952775955 0.705335319
v 3.559722662 20.967683792 0.705635488
v 3.563947916 20.983446121 0.705805540
v 3.565659046 20.999675751 0.705841362
v 3.564813852 21.015972137 0.705742002
v 3.561116934 21.031955719 0.711501658
v 3.555283785 21.047193527 0.711142600
v 3.547142029 21.061328888 0.710665405
v 3.536892176 21.074014664 0.710081816
v 3.524786234 21.084938049 0.709406197
v 3.511122942 21.093830109 0.708655179
v 3.496238232 21.100471497 0.707847238
v 3.480498552 21.104700089 0.707002342
v 3.464291811 21.106410980 0.706141174
v 3.448017120 21.105562210 0.705285072
v 3.432074785 21.102172852 0.704455018
v 3.416857481 21.096328735 0.703671455
v 3.402740240 21.088174820 0.702953756
v 3.390070438 21.077907562 0.702319503
v 3.379160166 21.065782547 0.701784372
v 3.370277643 21.052099228 0.701361537
v 3.363642216 21.037193298 0.701061368
v 3.359416962 21.021430969 0.700891256
v 3.357705832 21.005201340 0.700855434
v 3.358551025 20.988903046 0.700954795
v 3.361931801 20.972940445 0.701186836
v 3.367764950 20.957702637 0.701545894
v 3.375906706 20.943567276 0.702023089
v 3.386156559 20.930881500 0.702606678
v 3.398262262 20.919958115 0.703282297
v 3.411925793 20.911066055 0.704033315
v 3.426810503 20.904424667 0.704841256
v 3.442549944 20.900196075 0.705686152
v 3.458756685 20.898485184 0.706547320
v 3.475031614 20.899333954 0.707403481
v 3.490973949 20.902723312 0.708233535
v 3.506191015 20.908567429 0.709017038
v 3.520308256 20.916721344 0.709734797
v 3.532978058 20.926988602 0.710368991
v 3.543888569 20.939113617 0.710904121
v 3.552770853 20.952796936 0.711327016
v 3.559406519 20.967702866 0.711627185
v 3.563631773 20.983465195 0.711797237
v 3.565342903 20.999694824 0.711833060
v 3.564497709 21.015993118 0.711733699
v 3.461840630 21.002428055 0.700352550
v 3.461524248 21.002449036 0.706344247
v 7.133708477 21.071207047 0.663034022
v 7.127732277 21.086381912 0.662454605
v 7.119457245 21.100440979 0.662048042
v 7.109086990 21.113040924 0.661824346
v 7.096877098 21.123868942 0.661789119
v 7.083127499 21.132658005 0.661943197
v 7.068177700 21.139194489 0.662282765
v 7.052395344 21.143314362 0.662799418
v 7.036169052 21.144916534 0.663480520
v 7.019898891 21.143964767 0.664309263
v 7.003984451 21.140480042 0.665265262
v 6.988818169 21.134546280 0.666324914
v 6.974773884 21.126314163 0.667462170
v 6.962196827 21.115982056 0.668649018
v 6.951396942 21.103807449 0.669856250
v 6.942639828 21.090087891 0.671054125
v 6.936141491 21.075162888 0.672213197
v 6.932062149 21.059400558 0.673304856
v 6.930501461 21.043186188 0.674302220
v 6.931498528 21.026920319 0.675180793
v 6.935029030 21.011005402 0.675918877
v 6.941005230 20.995830536 0.676498353
v 6.949280262 20.981769562 0.676904917
v 6.959650517 20.969171524 0.677128553
v 6.971860409 20.958343506 0.677163780
v 6.985609531 20.949554443 0.677009702
v 7.000559807 20.943017960 0.676670134
v 7.016342163 20.938898087 0.676153481
v 7.032567978 20.937294006 0.675472379
v 7.048838615 20.938247681 0.674643636
v 7.064753056 20.941732407 0.673687696
v 7.079919338 20.947664261 0.672627985
v 7.093963623 20.955898285 0.671490729
v 7.106540680 20.966228485 0.670303881
v 7.117340565 20.978404999 0.669096649
v 7.126097679 20.992122650 0.667898774
v 7.132596016 21.007047653 0.666739702
v 7.136675358 21.022811890 0.665648103
v 7.138236046 21.039026260 0.664650679
v 7.137238979 21.055290222 0.663772166
v 7.133993626 21.071548462 0.669017613
v 7.128017426 21.086723328 0.668438196
v 7.119742393 21.100782394 0.668031633
v 7.109372139 21.113380432 0.667807937
v 7.097161770 21.124208450 0.667772710
v 7.083412647 21.132999420 0.667926788
v 7.068462849 21.139533997 0.668266356
v 7.052680492 21.143653870 0.668783009
v 7.036454201 21.145257950 0.669464111
v 7.020183563 21.144306183 0.670292854
v 7.004269123 21.140819550 0.671248853
v 6.989103317 21.134887695 0.672308505
v 6.975058556 21.126653671 0.673445761
v 6.962481499 21.116323471 0.674632609
v 6.951681614 21.104148865 0.675839841
v 6.942924500 21.090429306 0.677037716
v 6.936426640 21.075504303 0.678196788
v 6.932346821 21.059740067 0.679288447
v 6.930786610 21.043527603 0.680285811
v 6.931783676 21.027261734 0.681164384
v 6.935313702 21.011344910 0.681902468
v 6.941289902 20.996170044 0.682481945
v 6.949564934 20.982110977 0.682888508
v 6.959935188 20.969511032 0.683112144
v 6.972145081 20.958684921 0.683147371
v 6.985894680 20.949893951 0.682993293
v 7.000844479 20.943359375 0.682653725
v 7.016626835 20.939239502 0.682137072
v 7.032853127 20.937635422 0.681455970
v 7.049123764 20.938587189 0.680627227
v 7.065037727 20.942073822 0.679671288
v 7.080204010 20.948005676 0.678611577
v 7.094248295 20.956237793 0.677474320
v 7.106825352 20.966569901 0.676287472
v 7.117625713 20.978744507 0.675080240
v 7.126382351 20.992464066 0.673882365
v 7.132880688 21.007389069 0.672723293
v 7.136960030 21.023151398 0.671631694
v 7.138520718 21.039365768 0.670634270
v 7.137523651 21.055631638 0.669755757
v 7.034368515 21.041105270 0.669476449
v 7.034653664 21.041446686 0.675460041
v -3.810205221 -5.706358910 0.220473036
v -3.810667515 -5.706414700 0.236785889
v -3.813657761 -5.706775188 0.252825052
v -3.819102287 -5.707431793 0.268195570
v -3.826866865 -5.708367825 0.282519013
v -3.836760283 -5.709560871 0.295442641
v -3.848539352 -5.710981369 0.306648284
v -3.861913443 -5.712594032 0.315859973
v -3.876553774 -5.714359283 0.322850913
v -3.892099380 -5.716233730 0.327448964
v -3.908167839 -5.718171120 0.329540908
v -3.924363375 -5.720124245 0.329075217
v -3.940287352 -5.722043991 0.326063365
v -3.955547333 -5.723884106 0.320579529
v -3.969767570 -5.725598812 0.312758714
v -3.982598305 -5.727146149 0.302793503
v -3.993723392 -5.728487492 0.290929288
v -4.002868652 -5.729590416 0.277458191
v -4.009809494 -5.730427265 0.262711912
v -4.014374733 -5.730977535 0.247053564
v -4.016451359 -5.731227875 0.230868712
v -4.015989304 -5.731172085 0.214555860
v -4.012999058 -5.730811596 0.198516697
v -4.007554531 -5.730154991 0.183146164
v -3.999789953 -5.729218960 0.168822736
v -3.989896297 -5.728025913 0.155899093
v -3.978117466 -5.726605892 0.144693464
v -3.964743137 -5.724993229 0.135481760
v -3.950103045 -5.723227501 0.128490821
v -3.934557199 -5.721353054 0.123892777
v -3.918488741 -5.719415665 0.121800847
v -3.902293205 -5.717463017 0.122266538
v -3.886369467 -5.715542793 0.125278383
v -3.871109486 -5.713702679 0.130762234
v -3.856889009 -5.711987972 0.138583049
v -3.844058275 -5.710441113 0.148548245
v -3.832933187 -5.709099293 0.160412461
v -3.823787928 -5.707996845 0.173883557
v -3.816847086 -5.707159996 0.188629836
v -3.812282085 -5.706609249 0.204288185
v -3.809487104 -5.712316036 0.220473036
v -3.809949398 -5.712371349 0.236785889
v -3.812939644 -5.712732315 0.252825052
v -3.818383932 -5.713388443 0.268195570
v -3.826148510 -5.714324951 0.282519013
v -3.836042166 -5.715517998 0.295442641
v -3.847820997 -5.716938019 0.306648284
v -3.861195087 -5.718550682 0.315859973
v -3.875835419 -5.720315933 0.322850913
v -3.891381264 -5.722190380 0.327448964
v -3.907449722 -5.724128246 0.329540908
v -3.923645258 -5.726080894 0.329075217
v -3.939568996 -5.728001118 0.326063365
v -3.954828978 -5.729841232 0.320579529
v -3.969049454 -5.731555939 0.312758714
v -3.981880188 -5.733102798 0.302793503
v -3.993005037 -5.734444141 0.290929288
v -4.002150536 -5.735547066 0.277458191
v -4.009091377 -5.736383915 0.262711912
v -4.013656139 -5.736934185 0.247053564
v -4.015733242 -5.737185001 0.230868712
v -4.015270710 -5.737129211 0.214555860
v -4.012280464 -5.736768723 0.198516697
v -4.006836414 -5.736112118 0.183146164
v -3.999071598 -5.735175610 0.168822736
v -3.989178181 -5.733983040 0.155899093
v -3.977399111 -5.732562542 0.144693464
v -3.964025021 -5.730949879 0.135481760
v -3.949384689 -5.729184628 0.128490821
v -3.933839083 -5.727310181 0.123892777
v -3.917770624 -5.725372791 0.121800847
v -3.901575089 -5.723419666 0.122266538
v -3.885651112 -5.721499443 0.125278383
v -3.870391130 -5.719659805 0.130762234
v -3.856170654 -5.717945099 0.138583049
v -3.843340158 -5.716397762 0.148548245
v -3.832215071 -5.715056419 0.160412461
v -3.823069572 -5.713953495 0.173883557
v -3.816128969 -5.713116646 0.188629836
v -3.811563969 -5.712566376 0.204288185
v -3.913328409 -5.718793392 0.225670874
v -3.912610054 -5.724750519 0.225670874
v 3.083362579 -4.276591301 0.465907902
v 3.083712816 -4.276600838 0.482223630
v 3.081507206 -4.276539803 0.498393267
v 3.076800108 -4.276409149 0.514018655
v 3.069707632 -4.276212215 0.528715074
v 3.060404539 -4.275954247 0.542120636
v 3.049119473 -4.275640965 0.553905249
v 3.036130667 -4.275280952 0.563778698
v 3.021757603 -4.274881840 0.571497917
v 3.006354570 -4.274454594 0.576872826
v 2.990300655 -4.274009228 0.579771042
v 2.973991394 -4.273556709 0.580121219
v 2.957827806 -4.273108482 0.577914774
v 2.942208529 -4.272675037 0.573205948
v 2.927517653 -4.272267342 0.566110790
v 2.914117336 -4.271895885 0.556803942
v 2.902337313 -4.271568775 0.545514643
v 2.892467499 -4.271295071 0.532520771
v 2.884751320 -4.271080971 0.518142283
v 2.879378557 -4.270932198 0.502733350
v 2.876481533 -4.270851612 0.486673266
v 2.876131296 -4.270842075 0.470357537
v 2.878336906 -4.270903111 0.454187870
v 2.883044004 -4.271033764 0.438562483
v 2.890136480 -4.271230698 0.423866063
v 2.899439573 -4.271488667 0.410460532
v 2.910724640 -4.271801472 0.398675948
v 2.923713446 -4.272161961 0.388802469
v 2.938086510 -4.272560596 0.381083280
v 2.953489542 -4.272988319 0.375708371
v 2.969543457 -4.273433685 0.372810155
v 2.985852718 -4.273885727 0.372459948
v 3.002016306 -4.274334431 0.374666423
v 3.017635584 -4.274767876 0.379375190
v 3.032326460 -4.275175095 0.386470377
v 3.045726776 -4.275547028 0.395777196
v 3.057506800 -4.275873661 0.407066554
v 3.067376614 -4.276147842 0.420060426
v 3.075092793 -4.276361465 0.434438854
v 3.080465555 -4.276510715 0.449847817
v 3.083196402 -4.282588959 0.465907902
v 3.083546400 -4.282598495 0.482223630
v 3.081340790 -4.282537460 0.498393267
v 3.076633692 -4.282406807 0.514018655
v 3.069541216 -4.282209873 0.528715074
v 3.060238123 -4.281951904 0.542120636
v 3.048953056 -4.281639099 0.553905249
v 3.035964251 -4.281278610 0.563778698
v 3.021591187 -4.280879974 0.571497917
v 3.006188154 -4.280452251 0.576872826
v 2.990134239 -4.280006886 0.579771042
v 2.973824978 -4.279554844 0.580121219
v 2.957661390 -4.279106140 0.577914774
v 2.942042112 -4.278672695 0.573205948
v 2.927351236 -4.278265476 0.566110790
v 2.913950920 -4.277893543 0.556803942
v 2.902170897 -4.277566910 0.545514643
v 2.892301321 -4.277292728 0.532520771
v 2.884584904 -4.277079105 0.518142283
v 2.879212141 -4.276929855 0.502733350
v 2.876315117 -4.276849270 0.486673266
v 2.875964880 -4.276839733 0.470357537
v 2.878170490 -4.276900768 0.454187870
v 2.882877588 -4.277031422 0.438562483
v 2.889970064 -4.277228355 0.423866063
v 2.899273157 -4.277486324 0.410460532
v 2.910558224 -4.277799606 0.398675948
v 2.923547029 -4.278159618 0.388802469
v 2.937920094 -4.278558731 0.381083280
v 2.953323126 -4.278985977 0.375708371
v 2.969377041 -4.279431343 0.372810155
v 2.985686541 -4.279883862 0.372459948
v 3.001849890 -4.280332088 0.374666423
v 3.017469168 -4.280765533 0.379375190
v 3.032160044 -4.281173229 0.386470377
v 3.045560360 -4.281544685 0.395777196
v 3.057340384 -4.281871796 0.407066554
v 3.067210197 -4.282145500 0.420060426
v 3.074926376 -4.282359600 0.434438854
v 3.080299139 -4.282508373 0.449847817
v 2.979922056 -4.273721218 0.476290584
v 2.979755640 -4.279719353 0.476290584
v 3.882735014 -4.276662827 0.465907902
v 3.883085251 -4.276672840 0.482223630
v 3.880879641 -4.276609898 0.498393267
v 3.876172781 -4.276475430 0.514018655
v 3.869080544 -4.276272297 0.528715074
v 3.859777451 -4.276006222 0.542120636
v 3.848492622 -4.275683403 0.553905249
v 3.835504055 -4.275311947 0.563778698
v 3.821131706 -4.274900436 0.571497917
v 3.805728912 -4.274459839 0.576872826
v 3.789675474 -4.274000645 0.579771042
v 3.773366451 -4.273534298 0.580121219
v 3.757203341 -4.273071766 0.577914774
v 3.741584301 -4.272624969 0.573205948
v 3.726893902 -4.272204876 0.566110790
v 3.713493824 -4.271821499 0.556803942
v 3.701714039 -4.271484375 0.545514643
v 3.691844702 -4.271202087 0.532520771
v 3.684128523 -4.270981312 0.518142283
v 3.678755999 -4.270827770 0.502733350
v 3.675858974 -4.270744801 0.486673266
v 3.675508738 -4.270734787 0.470357537
v 3.677714348 -4.270797729 0.454187870
v 3.682421207 -4.270932674 0.438562483
v 3.689513445 -4.271135330 0.423866063
v 3.698816538 -4.271401405 0.410460532
v 3.710101366 -4.271724224 0.398675948
v 3.723089933 -4.272096157 0.388802469
v 3.737462282 -4.272507191 0.381083280
v 3.752865076 -4.272947788 0.375708371
v 3.768918514 -4.273406982 0.372810155
v 3.785227537 -4.273873329 0.372459948
v 3.801390648 -4.274335861 0.374666423
v 3.817009687 -4.274782658 0.379375190
v 3.831700087 -4.275202751 0.386470377
v 3.845100164 -4.275586128 0.395777196
v 3.856879950 -4.275923252 0.407066554
v 3.866749287 -4.276205540 0.420060426
v 3.874465466 -4.276426315 0.434438854
v 3.879837990 -4.276579857 0.449847817
v 3.882563591 -4.282660484 0.465907902
v 3.882913589 -4.282670498 0.482223630
v 3.880707979 -4.282607555 0.498393267
v 3.876001120 -4.282472610 0.514018655
v 3.868908882 -4.282269955 0.528715074
v 3.859605789 -4.282003880 0.542120636
v 3.848321199 -4.281681061 0.553905249
v 3.835332632 -4.281309128 0.563778698
v 3.820960045 -4.280898094 0.571497917
v 3.805557251 -4.280457497 0.576872826
v 3.789503813 -4.279998302 0.579771042
v 3.773194790 -4.279531956 0.580121219
v 3.757031679 -4.279069424 0.577914774
v 3.741412640 -4.278622627 0.573205948
v 3.726722240 -4.278202534 0.566110790
v 3.713322163 -4.277819157 0.556803942
v 3.701542616 -4.277482033 0.545514643
v 3.691673040 -4.277199745 0.532520771
v 3.683957100 -4.276978970 0.518142283
v 3.678584337 -4.276825428 0.502733350
v 3.675687313 -4.276742458 0.486673266
v 3.675337315 -4.276732445 0.470357537
v 3.677542925 -4.276795387 0.454187870
v 3.682249546 -4.276929855 0.438562483
v 3.689342022 -4.277132988 0.423866063
v 3.698644876 -4.277399063 0.410460532
v 3.709929705 -4.277721882 0.398675948
v 3.722918272 -4.278093338 0.388802469
v 3.737290859 -4.278504848 0.381083280
v 3.752693415 -4.278945446 0.375708371
v 3.768747091 -4.279404640 0.372810155
v 3.785056114 -4.279870987 0.372459948
v 3.801218987 -4.280333519 0.374666423
v 3.816838026 -4.280780315 0.379375190
v 3.831528425 -4.281200409 0.386470377
v 3.844928503 -4.281583786 0.395777196
v 3.856708288 -4.281920910 0.407066554
v 3.866577625 -4.282203197 0.420060426
v 3.874293804 -4.282423973 0.434438854
v 3.879666567 -4.282577515 0.449847817
v 3.779296875 -4.273704052 0.476290584
v 3.779125452 -4.279701233 0.476290584
v 4.810951233 -4.250274181 0.465907991
v 4.811297417 -4.250221729 0.482223719
v 4.809115887 -4.250552654 0.498393357
v 4.804460526 -4.251259327 0.514018774
v 4.797445297 -4.252324104 0.528715193
v 4.788243771 -4.253720284 0.542120755
v 4.777082443 -4.255414486 0.553905308
v 4.764235973 -4.257364273 0.563778758
v 4.750020027 -4.259521961 0.571497977
v 4.734785557 -4.261834145 0.576872885
v 4.718907356 -4.264244080 0.579771101
v 4.702776432 -4.266692638 0.580121279
v 4.686789989 -4.269118786 0.577914834
v 4.671341419 -4.271463394 0.573206067
v 4.656811237 -4.273668766 0.566110909
v 4.643557549 -4.275680542 0.556804061
v 4.631906509 -4.277449131 0.545514703
v 4.622144699 -4.278930664 0.532520831
v 4.614512920 -4.280088902 0.518142402
v 4.609199047 -4.280895233 0.502733409
v 4.606333733 -4.281330109 0.486673355
v 4.605987072 -4.281383038 0.470357627
v 4.608168602 -4.281051636 0.454187959
v 4.612824440 -4.280344963 0.438562572
v 4.619839191 -4.279280663 0.423866153
v 4.629040718 -4.277884007 0.410460621
v 4.640202045 -4.276189804 0.398676038
v 4.653048992 -4.274240017 0.388802558
v 4.667264462 -4.272082329 0.381083339
v 4.682498932 -4.269770145 0.375708461
v 4.698377132 -4.267360210 0.372810245
v 4.714508057 -4.264912128 0.372460037
v 4.730494499 -4.262485504 0.374666512
v 4.745943069 -4.260140896 0.379375279
v 4.760473251 -4.257935524 0.386470467
v 4.773726940 -4.255923748 0.395777285
v 4.785377979 -4.254155636 0.407066643
v 4.795139790 -4.252674103 0.420060515
v 4.802771568 -4.251515388 0.434438944
v 4.808085442 -4.250709057 0.449847907
v 4.811851501 -4.256206036 0.465907991
v 4.812197685 -4.256153584 0.482223719
v 4.810016155 -4.256484509 0.498393357
v 4.805360794 -4.257191181 0.514018774
v 4.798346043 -4.258255959 0.528715193
v 4.789144516 -4.259652615 0.542120755
v 4.777982712 -4.261346817 0.553905308
v 4.765136242 -4.263296604 0.563778758
v 4.750920296 -4.265454292 0.571497977
v 4.735685825 -4.267766476 0.576872885
v 4.719807625 -4.270176411 0.579771101
v 4.703676701 -4.272624493 0.580121279
v 4.687690258 -4.275051117 0.577914834
v 4.672241688 -4.277395725 0.573206067
v 4.657711506 -4.279601097 0.566110909
v 4.644457817 -4.281612873 0.556804061
v 4.632806778 -4.283380985 0.545514703
v 4.623044968 -4.284862518 0.532520831
v 4.615413189 -4.286020756 0.518142402
v 4.610099316 -4.286827564 0.502733409
v 4.607234001 -4.287262440 0.486673355
v 4.606887817 -4.287314892 0.470357627
v 4.609069347 -4.286983967 0.454187959
v 4.613724709 -4.286277294 0.438562572
v 4.620739460 -4.285212517 0.423866153
v 4.629940987 -4.283815861 0.410460621
v 4.641102314 -4.282122135 0.398676038
v 4.653949261 -4.280172348 0.388802558
v 4.668164730 -4.278014660 0.381083339
v 4.683399200 -4.275702477 0.375708461
v 4.699277401 -4.273292542 0.372810245
v 4.715408325 -4.270843983 0.372460037
v 4.731395245 -4.268417835 0.374666512
v 4.746843338 -4.266072750 0.379375279
v 4.761373520 -4.263867378 0.386470467
v 4.774627209 -4.261856079 0.395777285
v 4.786278248 -4.260087490 0.407066643
v 4.796040058 -4.258605957 0.420060515
v 4.803671837 -4.257447720 0.434438944
v 4.808986187 -4.256640911 0.449847907
v 4.708642483 -4.265802383 0.476290673
v 4.709542751 -4.271734238 0.476290673
v 3.058597565 -3.229006529 0.465907902
v 3.058947086 -3.229028225 0.482223630
v 3.056744814 -3.228891850 0.498393267
v 3.052045107 -3.228601217 0.514018655
v 3.044963360 -3.228163481 0.528715074
v 3.035674334 -3.227588892 0.542120636
v 3.024406433 -3.226892233 0.553905249
v 3.011437416 -3.226090193 0.563778698
v 2.997086525 -3.225202799 0.571497917
v 2.981706858 -3.224251747 0.576872826
v 2.965677261 -3.223260403 0.579771042
v 2.949392796 -3.222253561 0.580121219
v 2.933254004 -3.221255541 0.577914774
v 2.917658329 -3.220291138 0.573205948
v 2.902989864 -3.219383955 0.566110790
v 2.889610052 -3.218556643 0.556803942
v 2.877847910 -3.217829227 0.545514643
v 2.867993116 -3.217219830 0.532520771
v 2.860288620 -3.216743469 0.518142283
v 2.854923964 -3.216411591 0.502733350
v 2.852031231 -3.216232777 0.486673266
v 2.851681709 -3.216211081 0.470357537
v 2.853883982 -3.216347456 0.454187870
v 2.858583927 -3.216638088 0.438562483
v 2.865665436 -3.217075825 0.423866063
v 2.874954700 -3.217650414 0.410460532
v 2.886222363 -3.218347073 0.398675948
v 2.899191618 -3.219149113 0.388802469
v 2.913542509 -3.220036507 0.381083280
v 2.928922176 -3.220987558 0.375708371
v 2.944951534 -3.221978903 0.372810155
v 2.961236238 -3.222985744 0.372459948
v 2.977375031 -3.223983765 0.374666423
v 2.992970705 -3.224948168 0.379375190
v 3.007639170 -3.225855350 0.386470377
v 3.021018982 -3.226682663 0.395777196
v 3.032781124 -3.227410078 0.407066554
v 3.042635918 -3.228019476 0.420060426
v 3.050340414 -3.228495836 0.434438854
v 3.055704832 -3.228827715 0.449847817
v 3.058227301 -3.234995127 0.465907902
v 3.058576822 -3.235016823 0.482223630
v 3.056374550 -3.234880447 0.498393267
v 3.051674843 -3.234589815 0.514018655
v 3.044593096 -3.234152079 0.528715074
v 3.035304070 -3.233577490 0.542120636
v 3.024036169 -3.232880831 0.553905249
v 3.011067152 -3.232078791 0.563778698
v 2.996716022 -3.231191397 0.571497917
v 2.981336594 -3.230240345 0.576872826
v 2.965306997 -3.229249001 0.579771042
v 2.949022532 -3.228242159 0.580121219
v 2.932883501 -3.227244139 0.577914774
v 2.917288065 -3.226279736 0.573205948
v 2.902619600 -3.225372553 0.566110790
v 2.889239550 -3.224545240 0.556803942
v 2.877477407 -3.223817825 0.545514643
v 2.867622852 -3.223208427 0.532520771
v 2.859918356 -3.222732067 0.518142283
v 2.854553699 -3.222400188 0.502733350
v 2.851660967 -3.222221375 0.486673266
v 2.851311445 -3.222199678 0.470357537
v 2.853513718 -3.222336054 0.454187870
v 2.858213663 -3.222626686 0.438562483
v 2.865295172 -3.223064423 0.423866063
v 2.874584198 -3.223639011 0.410460532
v 2.885852098 -3.224335670 0.398675948
v 2.898821115 -3.225137711 0.388802469
v 2.913172245 -3.226025105 0.381083280
v 2.928551912 -3.226976156 0.375708371
v 2.944581270 -3.227967501 0.372810155
v 2.960865974 -3.228974342 0.372459948
v 2.977004766 -3.229972363 0.374666423
v 2.992600441 -3.230936766 0.379375190
v 3.007268667 -3.231843948 0.386470377
v 3.020648718 -3.232671261 0.395777196
v 3.032410860 -3.233398676 0.407066554
v 3.042265415 -3.234008074 0.420060426
v 3.049969912 -3.234484434 0.434438854
v 3.055334568 -3.234816313 0.449847817
v 2.955314398 -3.222619534 0.476290584
v 2.954944134 -3.228608131 0.476290584
v 3.958525896 -3.213970423 0.465907812
v 3.958875179 -3.213943720 0.482223541
v 3.956675053 -3.214112282 0.498393208
v 3.951980114 -3.214472294 0.514018595
v 3.944905758 -3.215014696 0.528715014
v 3.935626030 -3.215726137 0.542120576
v 3.924369812 -3.216589212 0.553905129
v 3.911413908 -3.217582703 0.563778579
v 3.897077560 -3.218681812 0.571497798
v 3.881713629 -3.219859838 0.576872706
v 3.865700483 -3.221087456 0.579770923
v 3.849432707 -3.222334862 0.580121100
v 3.833310366 -3.223571062 0.577914655
v 3.817730665 -3.224765539 0.573205888
v 3.803077221 -3.225888968 0.566110730
v 3.789710999 -3.226913929 0.556803882
v 3.777960777 -3.227814674 0.545514524
v 3.768116236 -3.228569508 0.532520652
v 3.760419607 -3.229159594 0.518142223
v 3.755060434 -3.229570627 0.502733231
v 3.752170801 -3.229792118 0.486673176
v 3.751821518 -3.229818821 0.470357448
v 3.754021645 -3.229650259 0.454187810
v 3.758716583 -3.229290247 0.438562393
v 3.765790939 -3.228747845 0.423865974
v 3.775070429 -3.228036404 0.410460442
v 3.786326885 -3.227173328 0.398675859
v 3.799282789 -3.226179838 0.388802379
v 3.813619137 -3.225080729 0.381083190
v 3.828982830 -3.223902702 0.375708282
v 3.844995975 -3.222675085 0.372810066
v 3.861263990 -3.221427679 0.372459859
v 3.877386332 -3.220191479 0.374666333
v 3.892966032 -3.218997002 0.379375100
v 3.907619476 -3.217873573 0.386470288
v 3.920985699 -3.216848612 0.395777106
v 3.932735920 -3.215947866 0.407066464
v 3.942580462 -3.215193033 0.420060337
v 3.950277090 -3.214602947 0.434438765
v 3.955636263 -3.214191914 0.449847728
v 3.958984613 -3.219952822 0.465907812
v 3.959333658 -3.219926119 0.482223541
v 3.957133770 -3.220094681 0.498393208
v 3.952438831 -3.220454693 0.514018595
v 3.945364475 -3.220997095 0.528715014
v 3.936084747 -3.221708536 0.542120576
v 3.924828529 -3.222571611 0.553905129
v 3.911872625 -3.223565102 0.563778579
v 3.897536278 -3.224664211 0.571497798
v 3.882172346 -3.225842237 0.576872706
v 3.866159201 -3.227070093 0.579770923
v 3.849891186 -3.228317261 0.580121100
v 3.833769083 -3.229553461 0.577914655
v 3.818189383 -3.230747938 0.573205888
v 3.803535938 -3.231871605 0.566110730
v 3.790169477 -3.232896328 0.556803882
v 3.778419495 -3.233797312 0.545514524
v 3.768574953 -3.234552145 0.532520652
v 3.760878325 -3.235142231 0.518142223
v 3.755519152 -3.235553026 0.502733231
v 3.752629280 -3.235774517 0.486673176
v 3.752280235 -3.235801458 0.470357448
v 3.754480124 -3.235632658 0.454187810
v 3.759175301 -3.235272646 0.438562393
v 3.766249657 -3.234730244 0.423865974
v 3.775529146 -3.234018803 0.410460442
v 3.786785603 -3.233155727 0.398675859
v 3.799741268 -3.232162476 0.388802379
v 3.814077854 -3.231063128 0.381083190
v 3.829441547 -3.229885101 0.375708282
v 3.845454693 -3.228657484 0.372810066
v 3.861722708 -3.227410078 0.372459859
v 3.877845049 -3.226174116 0.374666333
v 3.893424749 -3.224979401 0.379375100
v 3.908078194 -3.223855972 0.386470288
v 3.921444416 -3.222831249 0.395777106
v 3.933194399 -3.221930265 0.407066464
v 3.943039179 -3.221175432 0.420060337
v 3.950735807 -3.220585346 0.434438765
v 3.956094742 -3.220174313 0.449847728
v 3.855348349 -3.221881390 0.476290494
v 3.855807066 -3.227863789 0.476290494
v 4.758953571 -3.213875294 0.465907902
v 4.759302616 -3.213848114 0.482223630
v 4.757102966 -3.214018106 0.498393267
v 4.752408028 -3.214380980 0.514018655
v 4.745334148 -3.214927673 0.528715074
v 4.736054897 -3.215644598 0.542120636
v 4.724799156 -3.216514587 0.553905249
v 4.711843967 -3.217515707 0.563778698
v 4.697507858 -3.218623400 0.571497917
v 4.682145119 -3.219810486 0.576872826
v 4.666132450 -3.221047878 0.579771042
v 4.649865150 -3.222305059 0.580121219
v 4.633743763 -3.223550797 0.577914774
v 4.618165016 -3.224754572 0.573205948
v 4.603512287 -3.225887060 0.566110790
v 4.590146542 -3.226919889 0.556803942
v 4.578396797 -3.227827787 0.545514643
v 4.568552494 -3.228588343 0.532520771
v 4.560856342 -3.229183197 0.518142283
v 4.555497646 -3.229597330 0.502733350
v 4.552608013 -3.229820490 0.486673266
v 4.552258968 -3.229847670 0.470357537
v 4.554458618 -3.229677677 0.454187870
v 4.559153557 -3.229314804 0.438562483
v 4.566227436 -3.228768110 0.423866063
v 4.575506687 -3.228051186 0.410460532
v 4.586762428 -3.227181196 0.398675948
v 4.599717617 -3.226180077 0.388802469
v 4.614053249 -3.225072384 0.381083280
v 4.629416466 -3.223885298 0.375708371
v 4.645429134 -3.222647905 0.372810155
v 4.661696434 -3.221390724 0.372459948
v 4.677817822 -3.220144987 0.374666423
v 4.693396568 -3.218941212 0.379375190
v 4.708049297 -3.217808723 0.386470377
v 4.721415043 -3.216775894 0.395777196
v 4.733164787 -3.215867996 0.407066554
v 4.743008614 -3.215107441 0.420060426
v 4.750705242 -3.214512587 0.434438854
v 4.756063938 -3.214098454 0.449847817
v 4.759416103 -3.219857454 0.465907902
v 4.759765148 -3.219830513 0.482223630
v 4.757565022 -3.220000505 0.498393267
v 4.752870560 -3.220363140 0.514018655
v 4.745796204 -3.220909834 0.528715074
v 4.736516953 -3.221626997 0.542120636
v 4.725261211 -3.222496748 0.553905249
v 4.712306023 -3.223497868 0.563778698
v 4.697970390 -3.224605560 0.571497917
v 4.682607174 -3.225792885 0.576872826
v 4.666594982 -3.227030277 0.579771042
v 4.650327682 -3.228287220 0.580121219
v 4.634205818 -3.229532957 0.577914715
v 4.618627071 -3.230736971 0.573205948
v 4.603974342 -3.231869221 0.566110790
v 4.590608597 -3.232902050 0.556803942
v 4.578859329 -3.233809948 0.545514643
v 4.569015026 -3.234570742 0.532520771
v 4.561318874 -3.235165358 0.518142283
v 4.555959702 -3.235579491 0.502733350
v 4.553070068 -3.235802889 0.486673266
v 4.552721024 -3.235829830 0.470357537
v 4.554921150 -3.235659838 0.454187870
v 4.559615612 -3.235296965 0.438562483
v 4.566689968 -3.234750271 0.423866063
v 4.575969219 -3.234033346 0.410460532
v 4.587224960 -3.233163595 0.398675948
v 4.600180149 -3.232162476 0.388802469
v 4.614515781 -3.231054544 0.381083250
v 4.629878998 -3.229867458 0.375708371
v 4.645891190 -3.228630066 0.372810155
v 4.662158489 -3.227372885 0.372459948
v 4.678279877 -3.226127148 0.374666423
v 4.693859100 -3.224923372 0.379375190
v 4.708511829 -3.223791122 0.386470377
v 4.721877575 -3.222758293 0.395777196
v 4.733626842 -3.221850157 0.407066554
v 4.743471146 -3.221089602 0.420060426
v 4.751167297 -3.220494747 0.434438854
v 4.756526470 -3.220080614 0.449847817
v 4.655780792 -3.221848011 0.476290584
v 4.656242847 -3.227830172 0.476290584
vn 0.7065653 0.1838984 -0.6833351
vn 0.6665354 0.2901267 -0.6867001
vn 0.6439642 0.3253715 0.6924186
vn 0.7065653 0.1838984 -0.6833351
vn 0.6439642 0.3253715 0.6924186
vn 0.6839997 0.2191464 0.6957868
vn 0.6665354 0.2901267 -0.6867001
vn 0.6103553 0.3888009 -0.6901451
vn 0.5877876 0.4240480 0.6889769
vn 0.6665354 0.2901267 -0.6867001
vn 0.5877876 0.4240480 0.6889769
vn 0.6439642 0.3253715 0.6924186
vn 0.6103553 0.3888009 -0.6901451
vn 0.5394244 0.4774680 -0.6935746
vn 0.5168634 0.5127212 0.6855429
vn 0.6103553 0.3888009 -0.6901451
vn 0.5168634 0.5127212 0.6855429
vn 0.5877876 0.4240480 0.6889769
vn 0.5394244 0.4774680 -0.6935746
vn 0.4554853 0.5539366 -0.6969126
vn 0.4329368 0.5892007 0.6822082
vn 0.5394244 0.4774680 -0.6935746
vn 0.4329368 0.5892007 0.6822082
vn 0.5168634 0.5127212 0.6855429
vn 0.4554853 0.5539366 -0.6969126
vn 0.3606076 0.6163489 -0.7000543
vn 0.3380500 0.6516083 0.6790647
vn 0.4554853 0.5539366 -0.6969126
vn 0.3380500 0.6516083 0.6790647
vn 0.4329368 0.5892007 0.6822082
vn 0.3606076 0.6163489 -0.7000543
vn 0.2571367 0.6631411 -0.7029399
vn 0.2345774 0.6983957 0.6761782
vn 0.3606076 0.6163489 -0.7000543
vn 0.2345774 0.6983957 0.6761782
vn 0.3380500 0.6516083 0.6790647
vn 0.2571367 0.6631411 -0.7029399
vn 0.1476131 0.6931624 -0.7055043
vn 0.1250592 0.7284231 0.6736171
vn 0.2571367 0.6631411 -0.7029399
vn 0.1250592 0.7284231 0.6736171
vn 0.2345774 0.6983957 0.6761782
vn 0.1476131 0.6931624 -0.7055043
vn 0.0347329 0.7056899 -0.7076690
vn 0.0121705 0.7409510 0.6714488
vn 0.1476131 0.6931624 -0.7055043
vn 0.0121705 0.7409510 0.6714488
vn 0.1250592 0.7284231 0.6736171
vn 0.0347329 0.7056899 -0.7076690
vn -0.0787263 0.7004080 -0.7093876
vn -0.1012909 0.7356609 0.6697335
vn 0.0347329 0.7056899 -0.7076690
vn -0.1012909 0.7356609 0.6697335
vn 0.0121705 0.7409510 0.6714488
vn -0.0787263 0.7004080 -0.7093876
vn -0.1899691 0.6774465 -0.7106180
vn -0.2125321 0.7126963 0.6685014
vn -0.0787263 0.7004080 -0.7093876
vn -0.2125321 0.7126963 0.6685014
vn -0.1012909 0.7356609 0.6697335
vn -0.1899691 0.6774465 -0.7106180
vn -0.2962588 0.6373662 -0.7113333
vn -0.3188210 0.6726184 0.6677856
vn -0.1899691 0.6774465 -0.7106180
vn -0.3188210 0.6726184 0.6677856
vn -0.2125321 0.7126963 0.6685014
vn -0.2962588 0.6373662 -0.7113333
vn -0.3949656 0.5811648 -0.7115123
vn -0.4175294 0.6164167 0.6676074
vn -0.2962588 0.6373662 -0.7113333
vn -0.4175294 0.6164167 0.6676074
vn -0.3188210 0.6726184 0.6677856
vn -0.3949656 0.5811648 -0.7115123
vn -0.4836919 0.5102128 -0.7111435
vn -0.5062442 0.5454563 0.6679778
vn -0.3949656 0.5811648 -0.7115123
vn -0.5062442 0.5454563 0.6679778
vn -0.4175294 0.6164167 0.6676074
vn -0.4836919 0.5102128 -0.7111435
vn -0.5602159 0.4262567 -0.7102558
vn -0.5827804 0.4615092 0.6688620
vn -0.4836919 0.5102128 -0.7111435
vn -0.5827804 0.4615092 0.6688620
vn -0.5062442 0.5454563 0.6679778
vn -0.5602159 0.4262567 -0.7102558
vn -0.6226692 0.3313764 -0.7088531
vn -0.6452348 0.3666276 0.6702658
vn -0.5602159 0.4262567 -0.7102558
vn -0.6452348 0.3666276 0.6702658
vn -0.5827804 0.4615092 0.6688620
vn -0.6226692 0.3313764 -0.7088531
vn -0.6695217 0.2279055 -0.7069652
vn -0.6920665 0.2631506 0.6721575
vn -0.6226692 0.3313764 -0.7088531
vn -0.6920665 0.2631506 0.6721575
vn -0.6452348 0.3666276 0.6702658
vn -0.6695217 0.2279055 -0.7069652
vn -0.6995915 0.1183854 -0.7046677
vn -0.7221551 0.1536357 0.6744539
vn -0.6695217 0.2279055 -0.7069652
vn -0.7221551 0.1536357 0.6744539
vn -0.6920665 0.2631506 0.6721575
vn -0.6995915 0.1183854 -0.7046677
vn -0.7121694 0.0055033 -0.7019860
vn -0.7347345 0.0407527 0.6771295
vn -0.6995915 0.1183854 -0.7046677
vn -0.7347345 0.0407527 0.6771295
vn -0.7221551 0.1536357 0.6744539
vn -0.7121694 0.0055033 -0.7019860
vn -0.7069412 -0.1079210 -0.6989900
vn -0.7294822 -0.0726694 0.6801285
vn -0.7121694 0.0055033 -0.7019860
vn -0.7294822 -0.0726694 0.6801285
vn -0.7347345 0.0407527 0.6771295
vn -0.7069412 -0.1079210 -0.6989900
vn -0.6840103 -0.2191168 -0.6957858
vn -0.7065715 -0.1838677 0.6833368
vn -0.7069412 -0.1079210 -0.6989900
vn -0.7065715 -0.1838677 0.6833368
vn -0.7294822 -0.0726694 0.6801285
vn -0.6840103 -0.2191168 -0.6957858
vn -0.6439610 -0.3253737 -0.6924205
vn -0.6665342 -0.2901295 0.6867002
vn -0.6840103 -0.2191168 -0.6957858
vn -0.6665342 -0.2901295 0.6867002
vn -0.7065715 -0.1838677 0.6833368
vn -0.6439610 -0.3253737 -0.6924205
vn -0.5877826 -0.4240521 -0.6889786
vn -0.6103540 -0.3888074 0.6901426
vn -0.6439610 -0.3253737 -0.6924205
vn -0.6103540 -0.3888074 0.6901426
vn -0.6665342 -0.2901295 0.6867002
vn -0.5877826 -0.4240521 -0.6889786
vn -0.5168588 -0.5127245 -0.6855441
vn -0.5394198 -0.4774734 0.6935743
vn -0.5877826 -0.4240521 -0.6889786
vn -0.5394198 -0.4774734 0.6935743
vn -0.6103540 -0.3888074 0.6901426
vn -0.5168588 -0.5127245 -0.6855441
vn -0.4329314 -0.5892017 -0.6822108
vn -0.4554799 -0.5539446 0.6969100
vn -0.5168588 -0.5127245 -0.6855441
vn -0.4554799 -0.5539446 0.6969100
vn -0.5394198 -0.4774734 0.6935743
vn -0.4329314 -0.5892017 -0.6822108
vn -0.3380535 -0.6515977 -0.6790731
vn -0.3606190 -0.6163512 0.7000464
vn -0.4329314 -0.5892017 -0.6822108
vn -0.3606190 -0.6163512 0.7000464
vn -0.4554799 -0.5539446 0.6969100
vn -0.3380535 -0.6515977 -0.6790731
vn -0.2345803 -0.6983885 -0.6761845
vn -0.2571442 -0.6631431 0.7029353
vn -0.3380535 -0.6515977 -0.6790731
vn -0.2571442 -0.6631431 0.7029353
vn -0.3606190 -0.6163512 0.7000464
vn -0.2345803 -0.6983885 -0.6761845
vn -0.1250591 -0.7284186 -0.6736220
vn -0.1476201 -0.6931692 0.7054961
vn -0.2345803 -0.6983885 -0.6761845
vn -0.1476201 -0.6931692 0.7054961
vn -0.2571442 -0.6631431 0.7029353
vn -0.1250591 -0.7284186 -0.6736220
vn -0.0121725 -0.7409474 -0.6714528
vn -0.0347366 -0.7056915 0.7076674
vn -0.1250591 -0.7284186 -0.6736220
vn -0.0347366 -0.7056915 0.7076674
vn -0.1476201 -0.6931692 0.7054961
vn -0.0121725 -0.7409474 -0.6714528
vn 0.1012914 -0.7356630 -0.6697313
vn 0.0787284 -0.7004064 0.7093890
vn -0.0121725 -0.7409474 -0.6714528
vn 0.0787284 -0.7004064 0.7093890
vn -0.0347366 -0.7056915 0.7076674
vn 0.1012914 -0.7356630 -0.6697313
vn 0.2125362 -0.7126969 -0.6684994
vn 0.1899716 -0.6774439 0.7106199
vn 0.1012914 -0.7356630 -0.6697313
vn 0.1899716 -0.6774439 0.7106199
vn 0.0787284 -0.7004064 0.7093890
vn 0.2125362 -0.7126969 -0.6684994
vn 0.3188254 -0.6726159 -0.6677860
vn 0.2962635 -0.6373654 0.7113321
vn 0.2125362 -0.7126969 -0.6684994
vn 0.2962635 -0.6373654 0.7113321
vn 0.1899716 -0.6774439 0.7106199
vn 0.3188254 -0.6726159 -0.6677860
vn 0.4175424 -0.6164024 -0.6676124
vn 0.3949820 -0.5811563 0.7115101
vn 0.3188254 -0.6726159 -0.6677860
vn 0.3949820 -0.5811563 0.7115101
vn 0.2962635 -0.6373654 0.7113321
vn 0.4175424 -0.6164024 -0.6676124
vn 0.5062455 -0.5454569 -0.6679762
vn 0.4836921 -0.5102137 0.7111428
vn 0.4175424 -0.6164024 -0.6676124
vn 0.4836921 -0.5102137 0.7111428
vn 0.3949820 -0.5811563 0.7115101
vn 0.5062455 -0.5454569 -0.6679762
vn 0.5827770 -0.4615118 -0.6688631
vn 0.5602107 -0.4262590 0.7102584
vn 0.5062455 -0.5454569 -0.6679762
vn 0.5602107 -0.4262590 0.7102584
vn 0.4836921 -0.5102137 0.7111428
vn 0.5827770 -0.4615118 -0.6688631
vn 0.6452405 -0.3666178 -0.6702657
vn 0.6226760 -0.3313688 0.7088507
vn 0.5827770 -0.4615118 -0.6688631
vn 0.6226760 -0.3313688 0.7088507
vn 0.5602107 -0.4262590 0.7102584
vn 0.6452405 -0.3666178 -0.6702657
vn 0.6920665 -0.2631457 -0.6721595
vn 0.6695247 -0.2279018 0.7069636
vn 0.6452405 -0.3666178 -0.6702657
vn 0.6695247 -0.2279018 0.7069636
vn 0.6226760 -0.3313688 0.7088507
vn 0.6920665 -0.2631457 -0.6721595
vn 0.7221529 -0.1536484 -0.6744534
vn 0.6995901 -0.1183991 0.7046668
vn 0.6920665 -0.2631457 -0.6721595
vn 0.6995901 -0.1183991 0.7046668
vn 0.6695247 -0.2279018 0.7069636
vn 0.7221529 -0.1536484 -0.6744534
vn 0.7347331 -0.0407894 -0.6771290
vn 0.7121689 -0.0055408 0.7019864
vn 0.7221529 -0.1536484 -0.6744534
vn 0.7121689 -0.0055408 0.7019864
vn 0.6995901 -0.1183991 0.7046668
vn 0.7347331 -0.0407894 -0.6771290
vn 0.7294810 0.0726692 -0.6801297
vn 0.7069383 0.1079213 0.6989929
vn 0.7347331 -0.0407894 -0.6771290
vn 0.7069383 0.1079213 0.6989929
vn 0.7121689 -0.0055408 0.7019864
vn 0.7294810 0.0726692 -0.6801297
vn 0.7065653 0.1838984 -0.6833351
vn 0.6839997 0.2191464 0.6957868
vn 0.7294810 0.0726692 -0.6801297
vn 0.6839997 0.2191464 0.6957868
vn 0.7069383 0.1079213 0.6989929
vn 0.0163518 -0.0255476 -0.9995399
vn 0.6665354 0.2901267 -0.6867001
vn 0.7065653 0.1838984 -0.6833351
vn -0.0163519 0.0255476 0.9995399
vn 0.6839997 0.2191464 0.6957868
vn 0.6439642 0.3253715 0.6924186
vn 0.0163518 -0.0255476 -0.9995399
vn 0.6103553 0.3888009 -0.6901451
vn 0.6665354 0.2901267 -0.6867001
vn -0.0163519 0.0255476 0.9995399
vn 0.6439642 0.3253715 0.6924186
vn 0.5877876 0.4240480 0.6889769
vn 0.0163518 -0.0255476 -0.9995399
vn 0.5394244 0.4774680 -0.6935746
vn 0.6103553 0.3888009 -0.6901451
vn -0.0163519 0.0255476 0.9995399
vn 0.5877876 0.4240480 0.6889769
vn 0.5168634 0.5127212 0.6855429
vn 0.0163518 -0.0255476 -0.9995399
vn 0.4554853 0.5539366 -0.6969126
vn 0.5394244 0.4774680 -0.6935746
vn -0.0163519 0.0255476 0.9995399
vn 0.5168634 0.5127212 0.6855429
vn 0.4329368 0.5892007 0.6822082
vn 0.0163518 -0.0255476 -0.9995399
vn 0.3606076 0.6163489 -0.7000543
vn 0.4554853 0.5539366 -0.6969126
vn -0.0163519 0.0255476 0.9995399
vn 0.4329368 0.5892007 0.6822082
vn 0.3380500 0.6516083 0.6790647
vn 0.0163518 -0.0255476 -0.9995399
vn 0.2571367 0.6631411 -0.7029399
vn 0.3606076 0.6163489 -0.7000543
vn -0.0163519 0.0255476 0.9995399
vn 0.3380500 0.6516083 0.6790647
vn 0.2345774 0.6983957 0.6761782
vn 0.0163518 -0.0255476 -0.9995399
vn 0.1476131 0.6931624 -0.7055043
vn 0.2571367 0.6631411 -0.7029399
vn -0.0163519 0.0255476 0.9995399
vn 0.2345774 0.6983957 0.6761782
vn 0.1250592 0.7284231 0.6736171
vn 0.0163518 -0.0255476 -0.9995399
vn 0.0347329 0.7056899 -0.7076690
vn 0.1476131 0.6931624 -0.7055043
vn -0.0163519 0.0255476 0.9995399
vn 0.1250592 0.7284231 0.6736171
vn 0.0121705 0.7409510 0.6714488
vn 0.0163518 -0.0255476 -0.9995399
vn -0.0787263 0.7004080 -0.7093876
vn 0.0347329 0.7056899 -0.7076690
vn -0.0163519 0.0255476 0.9995399
vn 0.0121705 0.7409510 0.6714488
vn -0.1012909 0.7356609 0.6697335
vn 0.0163518 -0.0255476 -0.9995399
vn -0.1899691 0.6774465 -0.7106180
vn -0.0787263 0.7004080 -0.7093876
vn -0.0163519 0.0255476 0.9995399
vn -0.1012909 0.7356609 0.6697335
vn -0.2125321 0.7126963 0.6685014
vn 0.0163518 -0.0255476 -0.9995399
vn -0.2962588 0.6373662 -0.7113333
vn -0.1899691 0.6774465 -0.7106180
vn -0.0163519 0.0255476 0.9995399
vn -0.2125321 0.7126963 0.6685014
vn -0.3188210 0.6726184 0.6677856
vn 0.0163518 -0.0255476 -0.9995399
vn -0.3949656 0.5811648 -0.7115123
vn -0.2962588 0.6373662 -0.7113333
vn -0.0163519 0.0255476 0.9995399
vn -0.3188210 0.6726184 0.6677856
vn -0.4175294 0.6164167 0.6676074
vn 0.0163518 -0.0255476 -0.9995399
vn -0.4836919 0.5102128 -0.7111435
vn -0.3949656 0.5811648 -0.7115123
vn -0.0163519 0.0255476 0.9995399
vn -0.4175294 0.6164167 0.6676074
vn -0.5062442 0.5454563 0.6679778
vn 0.0163518 -0.0255476 -0.9995399
vn -0.5602159 0.4262567 -0.7102558
vn -0.4836919 0.5102128 -0.7111435
vn -0.0163519 0.0255476 0.9995399
vn -0.5062442 0.5454563 0.6679778
vn -0.5827804 0.4615092 0.6688620
vn 0.0163518 -0.0255476 -0.9995399
vn -0.6226692 0.3313764 -0.7088531
vn -0.5602159 0.4262567 -0.7102558
vn -0.0163519 0.0255476 0.9995399
vn -0.5827804 0.4615092 0.6688620
vn -0.6452348 0.3666276 0.6702658
vn 0.0163518 -0.0255476 -0.9995399
vn -0.6695217 0.2279055 -0.7069652
vn -0.6226692 0.3313764 -0.7088531
vn -0.0163519 0.0255476 0.9995399
vn -0.6452348 0.3666276 0.6702658
vn -0.6920665 0.2631506 0.6721575
vn 0.0163518 -0.0255476 -0.9995399
vn -0.6995915 0.1183854 -0.7046677
vn -0.6695217 0.2279055 -0.7069652
vn -0.0163519 0.0255476 0.9995399
vn -0.6920665 0.2631506 0.6721575
vn -0.7221551 0.1536357 0.6744539
vn 0.0163518 -0.0255476 -0.9995399
vn -0.7121694 0.0055033 -0.7019860
vn -0.6995915 0.1183854 -0.7046677
vn -0.0163519 0.0255476 0.9995399
vn -0.7221551 0.1536357 0.6744539
vn -0.7347345 0.0407527 0.6771295
vn 0.0163518 -0.0255476 -0.9995399
vn -0.7069412 -0.1079210 -0.6989900
vn -0.7121694 0.0055033 -0.7019860
vn -0.0163519 0.0255476 0.9995399
vn -0.7347345 0.0407527 0.6771295
vn -0.7294822 -0.0726694 0.6801285
vn 0.0163518 -0.0255476 -0.9995399
vn -0.6840103 -0.2191168 -0.6957858
vn -0.7069412 -0.1079210 -0.6989900
vn -0.0163519 0.0255476 0.9995399
vn -0.7294822 -0.0726694 0.6801285
vn -0.7065715 -0.1838677 0.6833368
vn 0.0163518 -0.0255476 -0.9995399
vn -0.6439610 -0.3253737 -0.6924205
vn -0.6840103 -0.2191168 -0.6957858
vn -0.0163519 0.0255476 0.9995399
vn -0.7065715 -0.1838677 0.6833368
vn -0.6665342 -0.2901295 0.6867002
vn 0.0163518 -0.0255476 -0.9995399
vn -0.5877826 -0.4240521 -0.6889786
vn -0.6439610 -0.3253737 -0.6924205
vn -0.0163519 0.0255476 0.9995399
vn -0.6665342 -0.2901295 0.6867002
vn -0.6103540 -0.3888074 0.6901426
vn 0.0163518 -0.0255476 -0.9995399
vn -0.5168588 -0.5127245 -0.6855441
vn -0.5877826 -0.4240521 -0.6889786
vn -0.0163519 0.0255476 0.9995399
vn -0.6103540 -0.3888074 0.6901426
vn -0.5394198 -0.4774734 0.6935743
vn 0.0163518 -0.0255476 -0.9995399
vn -0.4329314 -0.5892017 -0.6822108
vn -0.5168588 -0.5127245 -0.6855441
vn -0.0163519 0.0255476 0.9995399
vn -0.5394198 -0.4774734 0.6935743
vn -0.4554799 -0.5539446 0.6969100
vn 0.0163518 -0.0255476 -0.9995399
vn -0.3380535 -0.6515977 -0.6790731
vn -0.4329314 -0.5892017 -0.6822108
vn -0.0163519 0.0255476 0.9995399
vn -0.4554799 -0.5539446 0.6969100
vn -0.3606190 -0.6163512 0.7000464
vn 0.0163518 -0.0255476 -0.9995399
vn -0.2345803 -0.6983885 -0.6761845
vn -0.3380535 -0.6515977 -0.6790731
vn -0.0163519 0.0255476 0.9995399
vn -0.3606190 -0.6163512 0.7000464
vn -0.2571442 -0.6631431 0.7029353
vn 0.0163518 -0.0255476 -0.9995399
vn -0.1250591 -0.7284186 -0.6736220
vn -0.2345803 -0.6983885 -0.6761845
vn -0.0163519 0.0255476 0.9995399
vn -0.2571442 -0.6631431 0.7029353
vn -0.1476201 -0.6931692 0.7054961
vn 0.0163518 -0.0255476 -0.9995399
vn -0.0121725 -0.7409474 -0.6714528
vn -0.1250591 -0.7284186 -0.6736220
vn -0.0163519 0.0255476 0.9995399
vn -0.1476201 -0.6931692 0.7054961
vn -0.0347366 -0.7056915 0.7076674
vn 0.0163518 -0.0255476 -0.9995399
vn 0.1012914 -0.7356630 -0.6697313
vn -0.0121725 -0.7409474 -0.6714528
vn -0.0163519 0.0255476 0.9995399
vn -0.0347366 -0.7056915 0.7076674
vn 0.0787284 -0.7004064 0.7093890
vn 0.0163518 -0.0255476 -0.9995399
vn 0.2125362 -0.7126969 -0.6684994
vn 0.1012914 -0.7356630 -0.6697313
vn -0.0163519 0.0255476 0.9995399
vn 0.0787284 -0.7004064 0.7093890
vn 0.1899716 -0.6774439 0.7106199
vn 0.0163518 -0.0255476 -0.9995399
vn 0.3188254 -0.6726159 -0.6677860
vn 0.2125362 -0.7126969 -0.6684994
vn -0.0163519 0.0255476 0.9995399
vn 0.1899716 -0.6774439 0.7106199
vn 0.2962635 -0.6373654 0.7113321
vn 0.0163518 -0.0255476 -0.9995399
vn 0.4175424 -0.6164024 -0.6676124
vn 0.3188254 -0.6726159 -0.6677860
vn -0.0163519 0.0255476 0.9995399
vn 0.2962635 -0.6373654 0.7113321
vn 0.3949820 -0.5811563 0.7115101
vn 0.0163518 -0.0255476 -0.9995399
vn 0.5062455 -0.5454569 -0.6679762
vn 0.4175424 -0.6164024 -0.6676124
vn -0.0163519 0.0255476 0.9995399
vn 0.3949820 -0.5811563 0.7115101
vn 0.4836921 -0.5102137 0.7111428
vn 0.0163518 -0.0255476 -0.9995399
vn 0.5827770 -0.4615118 -0.6688631
vn 0.5062455 -0.5454569 -0.6679762
vn -0.0163519 0.0255476 0.9995399
vn 0.4836921 -0.5102137 0.7111428
vn 0.5602107 -0.4262590 0.7102584
vn 0.0163518 -0.0255476 -0.9995399
vn 0.6452405 -0.3666178 -0.6702657
vn 0.5827770 -0.4615118 -0.6688631
vn -0.0163519 0.0255476 0.9995399
vn 0.5602107 -0.4262590 0.7102584
vn 0.6226760 -0.3313688 0.7088507
vn 0.0163518 -0.0255476 -0.9995399
vn 0.6920665 -0.2631457 -0.6721595
vn 0.6452405 -0.3666178 -0.6702657
vn -0.0163519 0.0255476 0.9995399
vn 0.6226760 -0.3313688 0.7088507
vn 0.6695247 -0.2279018 0.7069636
vn 0.0163518 -0.0255476 -0.9995399
vn 0.7221529 -0.1536484 -0.6744534
vn 0.6920665 -0.2631457 -0.6721595
vn -0.0163519 0.0255476 0.9995399
vn 0.6695247 -0.2279018 0.7069636
vn 0.6995901 -0.1183991 0.7046668
vn 0.0163518 -0.0255476 -0.9995399
vn 0.7347331 -0.0407894 -0.6771290
vn 0.7221529 -0.1536484 -0.6744534
vn -0.0163519 0.0255476 0.9995399
vn 0.6995901 -0.1183991 0.7046668
vn 0.7121689 -0.0055408 0.7019864
vn 0.0163518 -0.0255476 -0.9995399
vn 0.7294810 0.0726692 -0.6801297
vn 0.7347331 -0.0407894 -0.6771290
vn -0.0163519 0.0255476 0.9995399
vn 0.7121689 -0.0055408 0.7019864
vn 0.7069383 0.1079213 0.6989929
vn 0.0163518 -0.0255476 -0.9995399
vn 0.7065653 0.1838984 -0.6833351
vn 0.7294810 0.0726692 -0.6801297
vn -0.0163519 0.0255476 0.9995399
vn 0.7069383 0.1079213 0.6989929
vn 0.6839997 0.2191464 0.6957868
vn 0.7589877 0.0770020 -0.6465357
vn 0.7358121 0.1881264 -0.6505299
vn 0.6512510 0.2200417 0.7262602
vn 0.7589877 0.0770020 -0.6465357
vn 0.6512510 0.2200417 0.7262602
vn 0.6744342 0.1089191 0.7302567
vn 0.7358121 0.1881264 -0.6505299
vn 0.6955457 0.2942354 -0.6554706
vn 0.6109964 0.3261541 0.7213229
vn 0.7358121 0.1881264 -0.6505299
vn 0.6109964 0.3261541 0.7213229
vn 0.6512510 0.2200417 0.7262602
vn 0.6955457 0.2942354 -0.6554706
vn 0.6391987 0.3927132 -0.6612120
vn 0.5546498 0.4246324 0.7155773
vn 0.6955457 0.2942354 -0.6554706
vn 0.5546498 0.4246324 0.7155773
vn 0.6109964 0.3261541 0.7213229
vn 0.6391987 0.3927132 -0.6612120
vn 0.5681573 0.4811201 -0.6676233
vn 0.4836017 0.5130375 0.7091697
vn 0.6391987 0.3927132 -0.6612120
vn 0.4836017 0.5130375 0.7091697
vn 0.5546498 0.4246324 0.7155773
vn 0.5681573 0.4811201 -0.6676233
vn 0.4841610 0.5572887 -0.6745499
vn 0.3996105 0.5892131 0.7022387
vn 0.5681573 0.4811201 -0.6676233
vn 0.3996105 0.5892131 0.7022387
vn 0.4836017 0.5130375 0.7091697
vn 0.4841610 0.5572887 -0.6745499
vn 0.3892916 0.6193369 -0.6818165
vn 0.3047403 0.6512614 0.6949762
vn 0.4841610 0.5572887 -0.6745499
vn 0.3047403 0.6512614 0.6949762
vn 0.3996105 0.5892131 0.7022387
vn 0.3892916 0.6193369 -0.6818165
vn 0.2858791 0.6657507 -0.6892381
vn 0.2013210 0.6976671 0.6875540
vn 0.3892916 0.6193369 -0.6818165
vn 0.2013210 0.6976671 0.6875540
vn 0.3047403 0.6512614 0.6949762
vn 0.2858791 0.6657507 -0.6892381
vn 0.1764614 0.6953768 -0.6966437
vn 0.0919058 0.7272919 0.6801469
vn 0.2858791 0.6657507 -0.6892381
vn 0.0919058 0.7272919 0.6801469
vn 0.2013210 0.6976671 0.6875540
vn 0.1764614 0.6953768 -0.6966437
vn 0.0637373 0.7074861 -0.7038473
vn -0.0208105 0.7394009 0.6729438
vn 0.1764614 0.6953768 -0.6966437
vn -0.0208105 0.7394009 0.6729438
vn 0.0919058 0.7272919 0.6801469
vn 0.0637373 0.7074861 -0.7038473
vn -0.0495061 0.7017774 -0.7106740
vn -0.1340628 0.7336981 0.6661189
vn 0.0637373 0.7074861 -0.7038473
vn -0.1340628 0.7336981 0.6661189
vn -0.0208105 0.7394009 0.6729438
vn -0.0495061 0.7017774 -0.7106740
vn -0.1604900 0.6783977 -0.7169516
vn -0.2450555 0.7103243 0.6598388
vn -0.0495061 0.7017774 -0.7106740
vn -0.2450555 0.7103243 0.6598388
vn -0.1340628 0.7336981 0.6661189
vn -0.1604900 0.6783977 -0.7169516
vn -0.2664919 0.6379264 -0.7225178
vn -0.3510484 0.6698452 0.6542724
vn -0.1604900 0.6783977 -0.7169516
vn -0.3510484 0.6698452 0.6542724
vn -0.2450555 0.7103243 0.6598388
vn -0.2664919 0.6379264 -0.7225178
vn -0.3648835 0.5813535 -0.7272469
vn -0.4494336 0.6132706 0.6495450
vn -0.2664919 0.6379264 -0.7225178
vn -0.4494336 0.6132706 0.6495450
vn -0.3510484 0.6698452 0.6542724
vn -0.3648835 0.5813535 -0.7272469
vn -0.4532462 0.5100697 -0.7310244
vn -0.5378042 0.5419891 0.6457665
vn -0.3648835 0.5813535 -0.7272469
vn -0.5378042 0.5419891 0.6457665
vn -0.4494336 0.6132706 0.6495450
vn -0.4532462 0.5100697 -0.7310244
vn -0.5294103 0.4258315 -0.7337522
vn -0.6139748 0.4577515 0.6430385
vn -0.4532462 0.5100697 -0.7310244
vn -0.6139748 0.4577515 0.6430385
vn -0.5378042 0.5419891 0.6457665
vn -0.5294103 0.4258315 -0.7337522
vn -0.5915023 0.3307238 -0.7353549
vn -0.6760534 0.3626380 0.6414400
vn -0.5294103 0.4258315 -0.7337522
vn -0.6760534 0.3626380 0.6414400
vn -0.6139748 0.4577515 0.6430385
vn -0.5915023 0.3307238 -0.7353549
vn -0.6379913 0.2270706 -0.7358029
vn -0.7225389 0.2589860 0.6409864
vn -0.5915023 0.3307238 -0.7353549
vn -0.7225389 0.2589860 0.6409864
vn -0.6760534 0.3626380 0.6414400
vn -0.6379913 0.2270706 -0.7358029
vn -0.6677229 0.1174329 -0.7350888
vn -0.7522710 0.1493490 0.6417034
vn -0.6379913 0.2270706 -0.7358029
vn -0.7522710 0.1493490 0.6417034
vn -0.7225389 0.2589860 0.6409864
vn -0.6677229 0.1174329 -0.7350888
vn -0.6799690 0.0045154 -0.7332269
vn -0.7645227 0.0364295 0.6435666
vn -0.6677229 0.1174329 -0.7350888
vn -0.7645227 0.0364295 0.6435666
vn -0.7522710 0.1493490 0.6417034
vn -0.6799690 0.0045154 -0.7332269
vn -0.6744303 -0.1089134 -0.7302614
vn -0.7589936 -0.0769982 0.6465292
vn -0.6799690 0.0045154 -0.7332269
vn -0.7589936 -0.0769982 0.6465292
vn -0.7645227 0.0364295 0.6435666
vn -0.6744303 -0.1089134 -0.7302614
vn -0.6512542 -0.2200511 -0.7262544
vn -0.7358056 -0.1881319 0.6505355
vn -0.6744303 -0.1089134 -0.7302614
vn -0.7358056 -0.1881319 0.6505355
vn -0.7589936 -0.0769982 0.6465292
vn -0.6512542 -0.2200511 -0.7262544
vn -0.6109957 -0.3261587 -0.7213216
vn -0.6955442 -0.2942361 0.6554719
vn -0.6512542 -0.2200511 -0.7262544
vn -0.6955442 -0.2942361 0.6554719
vn -0.7358056 -0.1881319 0.6505355
vn -0.6109957 -0.3261587 -0.7213216
vn -0.5546445 -0.4246319 -0.7155818
vn -0.6392012 -0.3927157 0.6612082
vn -0.6109957 -0.3261587 -0.7213216
vn -0.6392012 -0.3927157 0.6612082
vn -0.6955442 -0.2942361 0.6554719
vn -0.5546445 -0.4246319 -0.7155818
vn -0.4836047 -0.5130394 -0.7091665
vn -0.5681549 -0.4811199 0.6676254
vn -0.5546445 -0.4246319 -0.7155818
vn -0.5681549 -0.4811199 0.6676254
vn -0.6392012 -0.3927157 0.6612082
vn -0.4836047 -0.5130394 -0.7091665
vn -0.3996201 -0.5892037 -0.7022413
vn -0.4841676 -0.5572830 0.6745497
vn -0.4836047 -0.5130394 -0.7091665
vn -0.4841676 -0.5572830 0.6745497
vn -0.5681549 -0.4811199 0.6676254
vn -0.3996201 -0.5892037 -0.7022413
vn -0.3047374 -0.6512582 -0.6949805
vn -0.3892955 -0.6193401 0.6818114
vn -0.3996201 -0.5892037 -0.7022413
vn -0.3892955 -0.6193401 0.6818114
vn -0.4841676 -0.5572830 0.6745497
vn -0.3047374 -0.6512582 -0.6949805
vn -0.2013220 -0.6976714 -0.6875493
vn -0.2858793 -0.6657463 0.6892422
vn -0.3047374 -0.6512582 -0.6949805
vn -0.2858793 -0.6657463 0.6892422
vn -0.3892955 -0.6193401 0.6818114
vn -0.2013220 -0.6976714 -0.6875493
vn -0.0919090 -0.7272945 -0.6801438
vn -0.1764604 -0.6953737 0.6966470
vn -0.2013220 -0.6976714 -0.6875493
vn -0.1764604 -0.6953737 0.6966470
vn -0.2858793 -0.6657463 0.6892422
vn -0.0919090 -0.7272945 -0.6801438
vn 0.0208148 -0.7394017 -0.6729428
vn -0.0637372 -0.7074845 0.7038489
vn -0.0919090 -0.7272945 -0.6801438
vn -0.0637372 -0.7074845 0.7038489
vn -0.1764604 -0.6953737 0.6966470
vn 0.0208148 -0.7394017 -0.6729428
vn 0.1340636 -0.7336966 -0.6661202
vn 0.0495078 -0.7017804 0.7106710
vn 0.0208148 -0.7394017 -0.6729428
vn 0.0495078 -0.7017804 0.7106710
vn -0.0637372 -0.7074845 0.7038489
vn 0.1340636 -0.7336966 -0.6661202
vn 0.2450467 -0.7103181 -0.6598486
vn 0.1604943 -0.6784050 0.7169437
vn 0.1340636 -0.7336966 -0.6661202
vn 0.1604943 -0.6784050 0.7169437
vn 0.0495078 -0.7017804 0.7106710
vn 0.2450467 -0.7103181 -0.6598486
vn 0.3510442 -0.6698435 -0.6542765
vn 0.2664914 -0.6379307 0.7225142
vn 0.2450467 -0.7103181 -0.6598486
vn 0.2664914 -0.6379307 0.7225142
vn 0.1604943 -0.6784050 0.7169437
vn 0.3510442 -0.6698435 -0.6542765
vn 0.4494397 -0.6132634 -0.6495475
vn 0.3648879 -0.5813541 0.7272443
vn 0.3510442 -0.6698435 -0.6542765
vn 0.3648879 -0.5813541 0.7272443
vn 0.2664914 -0.6379307 0.7225142
vn 0.4494397 -0.6132634 -0.6495475
vn 0.5378062 -0.5419807 -0.6457719
vn 0.4532562 -0.5100660 0.7310208
vn 0.4494397 -0.6132634 -0.6495475
vn 0.4532562 -0.5100660 0.7310208
vn 0.3648879 -0.5813541 0.7272443
vn 0.5378062 -0.5419807 -0.6457719
vn 0.6139708 -0.4577469 -0.6430456
vn 0.5294172 -0.4258327 0.7337465
vn 0.5378062 -0.5419807 -0.6457719
vn 0.5294172 -0.4258327 0.7337465
vn 0.4532562 -0.5100660 0.7310208
vn 0.6139708 -0.4577469 -0.6430456
vn 0.6760606 -0.3626364 -0.6414334
vn 0.5915013 -0.3307200 0.7353573
vn 0.6139708 -0.4577469 -0.6430456
vn 0.5915013 -0.3307200 0.7353573
vn 0.5294172 -0.4258327 0.7337465
vn 0.6760606 -0.3626364 -0.6414334
vn 0.7225453 -0.2589917 -0.6409769
vn 0.6379791 -0.2270700 0.7358138
vn 0.6760606 -0.3626364 -0.6414334
vn 0.6379791 -0.2270700 0.7358138
vn 0.5915013 -0.3307200 0.7353573
vn 0.7225453 -0.2589917 -0.6409769
vn 0.7522736 -0.1493491 -0.6417003
vn 0.6677209 -0.1174317 0.7350909
vn 0.7225453 -0.2589917 -0.6409769
vn 0.6677209 -0.1174317 0.7350909
vn 0.6379791 -0.2270700 0.7358138
vn 0.7522736 -0.1493491 -0.6417003
vn 0.7645224 -0.0364202 -0.6435675
vn 0.6799726 -0.0045021 0.7332237
vn 0.7522736 -0.1493491 -0.6417003
vn 0.6799726 -0.0045021 0.7332237
vn 0.6677209 -0.1174317 0.7350909
vn 0.7645224 -0.0364202 -0.6435675
vn 0.7589877 0.0770020 -0.6465357
vn 0.6744342 0.1089191 0.7302567
vn 0.7645224 -0.0364202 -0.6435675
vn 0.6744342 0.1089191 0.7302567
vn 0.6799726 -0.0045021 0.7332237
vn 0.0612829 -0.0231323 -0.9978523
vn 0.7358121 0.1881264 -0.6505299
vn 0.7589877 0.0770020 -0.6465357
vn -0.0612830 0.0231324 0.9978523
vn 0.6744342 0.1089191 0.7302567
vn 0.6512510 0.2200417 0.7262602
vn 0.0612829 -0.0231323 -0.9978523
vn 0.6955457 0.2942354 -0.6554706
vn 0.7358121 0.1881264 -0.6505299
vn -0.0612830 0.0231324 0.9978523
vn 0.6512510 0.2200417 0.7262602
vn 0.6109964 0.3261541 0.7213229
vn 0.0612829 -0.0231323 -0.9978523
vn 0.6391987 0.3927132 -0.6612120
vn 0.6955457 0.2942354 -0.6554706
vn -0.0612830 0.0231324 0.9978523
vn 0.6109964 0.3261541 0.7213229
vn 0.5546498 0.4246324 0.7155773
vn 0.0612829 -0.0231323 -0.9978523
vn 0.5681573 0.4811201 -0.6676233
vn 0.6391987 0.3927132 -0.6612120
vn -0.0612830 0.0231324 0.9978523
vn 0.5546498 0.4246324 0.7155773
vn 0.4836017 0.5130375 0.7091697
vn 0.0612829 -0.0231323 -0.9978523
vn 0.4841610 0.5572887 -0.6745499
vn 0.5681573 0.4811201 -0.6676233
vn -0.0612830 0.0231324 0.9978523
vn 0.4836017 0.5130375 0.7091697
vn 0.3996105 0.5892131 0.7022387
vn 0.0612829 -0.0231323 -0.9978523
vn 0.3892916 0.6193369 -0.6818165
vn 0.4841610 0.5572887 -0.6745499
vn -0.0612830 0.0231324 0.9978523
vn 0.3996105 0.5892131 0.7022387
vn 0.3047403 0.6512614 0.6949762
vn 0.0612829 -0.0231323 -0.9978523
vn 0.2858791 0.6657507 -0.6892381
vn 0.3892916 0.6193369 -0.6818165
vn -0.0612830 0.0231324 0.9978523
vn 0.3047403 0.6512614 0.6949762
vn 0.2013210 0.6976671 0.6875540
vn 0.0612829 -0.0231323 -0.9978523
vn 0.1764614 0.6953768 -0.6966437
vn 0.2858791 0.6657507 -0.6892381
vn -0.0612830 0.0231324 0.9978523
vn 0.2013210 0.6976671 0.6875540
vn 0.0919058 0.7272919 0.6801469
vn 0.0612829 -0.0231323 -0.9978523
vn 0.0637373 0.7074861 -0.7038473
vn 0.1764614 0.6953768 -0.6966437
vn -0.0612830 0.0231324 0.9978523
vn 0.0919058 0.7272919 0.6801469
vn -0.0208105 0.7394009 0.6729438
vn 0.0612829 -0.0231323 -0.9978523
vn -0.0495061 0.7017774 -0.7106740
vn 0.0637373 0.7074861 -0.7038473
vn -0.0612830 0.0231324 0.9978523
vn -0.0208105 0.7394009 0.6729438
vn -0.1340628 0.7336981 0.6661189
vn 0.0612829 -0.0231323 -0.9978523
vn -0.1604900 0.6783977 -0.7169516
vn -0.0495061 0.7017774 -0.7106740
vn -0.0612830 0.0231324 0.9978523
vn -0.1340628 0.7336981 0.6661189
vn -0.2450555 0.7103243 0.6598388
vn 0.0612829 -0.0231323 -0.9978523
vn -0.2664919 0.6379264 -0.7225178
vn -0.1604900 0.6783977 -0.7169516
vn -0.0612830 0.0231324 0.9978523
vn -0.2450555 0.7103243 0.6598388
vn -0.3510484 0.6698452 0.6542724
vn 0.0612829 -0.0231323 -0.9978523
vn -0.3648835 0.5813535 -0.7272469
vn -0.2664919 0.6379264 -0.7225178
vn -0.0612830 0.0231324 0.9978523
vn -0.3510484 0.6698452 0.6542724
vn -0.4494336 0.6132706 0.6495450
vn 0.0612829 -0.0231323 -0.9978523
vn -0.4532462 0.5100697 -0.7310244
vn -0.3648835 0.5813535 -0.7272469
vn -0.0612830 0.0231324 0.9978523
vn -0.4494336 0.6132706 0.6495450
vn -0.5378042 0.5419891 0.6457665
vn 0.0612829 -0.0231323 -0.9978523
vn -0.5294103 0.4258315 -0.7337522
vn -0.4532462 0.5100697 -0.7310244
vn -0.0612830 0.0231324 0.9978523
vn -0.5378042 0.5419891 0.6457665
vn -0.6139748 0.4577515 0.6430385
vn 0.0612829 -0.0231323 -0.9978523
vn -0.5915023 0.3307238 -0.7353549
vn -0.5294103 0.4258315 -0.7337522
vn -0.0612830 0.0231324 0.9978523
vn -0.6139748 0.4577515 0.6430385
vn -0.6760534 0.3626380 0.6414400
vn 0.0612829 -0.0231323 -0.9978523
vn -0.6379913 0.2270706 -0.7358029
vn -0.5915023 0.3307238 -0.7353549
vn -0.0612830 0.0231324 0.9978523
vn -0.6760534 0.3626380 0.6414400
vn -0.7225389 0.2589860 0.6409864
vn 0.0612829 -0.0231323 -0.9978523
vn -0.6677229 0.1174329 -0.7350888
vn -0.6379913 0.2270706 -0.7358029
vn -0.0612830 0.0231324 0.9978523
vn -0.7225389 0.2589860 0.6409864
vn -0.7522710 0.1493490 0.6417034
vn 0.0612829 -0.0231323 -0.9978523
vn -0.6799690 0.0045154 -0.7332269
vn -0.6677229 0.1174329 -0.7350888
vn -0.0612830 0.0231324 0.9978523
vn -0.7522710 0.1493490 0.6417034
vn -0.7645227 0.0364295 0.6435666
vn 0.0612829 -0.0231323 -0.9978523
vn -0.6744303 -0.1089134 -0.7302614
vn -0.6799690 0.0045154 -0.7332269
vn -0.0612830 0.0231324 0.9978523
vn -0.7645227 0.0364295 0.6435666
vn -0.7589936 -0.0769982 0.6465292
vn 0.0612829 -0.0231323 -0.9978523
vn -0.6512542 -0.2200511 -0.7262544
vn -0.6744303 -0.1089134 -0.7302614
vn -0.0612830 0.0231324 0.9978523
vn -0.7589936 -0.0769982 0.6465292
vn -0.7358056 -0.1881319 0.6505355
vn 0.0612829 -0.0231323 -0.9978523
vn -0.6109957 -0.3261587 -0.7213216
vn -0.6512542 -0.2200511 -0.7262544
vn -0.0612830 0.0231324 0.9978523
vn -0.7358056 -0.1881319 0.6505355
vn -0.6955442 -0.2942361 0.6554719
vn 0.0612829 -0.0231323 -0.9978523
vn -0.5546445 -0.4246319 -0.7155818
vn -0.6109957 -0.3261587 -0.7213216
vn -0.0612830 0.0231324 0.9978523
vn -0.6955442 -0.2942361 0.6554719
vn -0.6392012 -0.3927157 0.6612082
vn 0.0612829 -0.0231323 -0.9978523
vn -0.4836047 -0.5130394 -0.7091665
vn -0.5546445 -0.4246319 -0.7155818
vn -0.0612830 0.0231324 0.9978523
vn -0.6392012 -0.3927157 0.6612082
vn -0.5681549 -0.4811199 0.6676254
vn 0.0612829 -0.0231323 -0.9978523
vn -0.3996201 -0.5892037 -0.7022413
vn -0.4836047 -0.5130394 -0.7091665
vn -0.0612830 0.0231324 0.9978523
vn -0.5681549 -0.4811199 0.6676254
vn -0.4841676 -0.5572830 0.6745497
vn 0.0612829 -0.0231323 -0.9978523
vn -0.3047374 -0.6512582 -0.6949805
vn -0.3996201 -0.5892037 -0.7022413
vn -0.0612830 0.0231324 0.9978523
vn -0.4841676 -0.5572830 0.6745497
vn -0.3892955 -0.6193401 0.6818114
vn 0.0612829 -0.0231323 -0.9978523
vn -0.2013220 -0.6976714 -0.6875493
vn -0.3047374 -0.6512582 -0.6949805
vn -0.0612830 0.0231324 0.9978523
vn -0.3892955 -0.6193401 0.6818114
vn -0.2858793 -0.6657463 0.6892422
vn 0.0612829 -0.0231323 -0.9978523
vn -0.0919090 -0.7272945 -0.6801438
vn -0.2013220 -0.6976714 -0.6875493
vn -0.0612830 0.0231324 0.9978523
vn -0.2858793 -0.6657463 0.6892422
vn -0.1764604 -0.6953737 0.6966470
vn 0.0612829 -0.0231323 -0.9978523
vn 0.0208148 -0.7394017 -0.6729428
vn -0.0919090 -0.7272945 -0.6801438
vn -0.0612830 0.0231324 0.9978523
vn -0.1764604 -0.6953737 0.6966470
vn -0.0637372 -0.7074845 0.7038489
vn 0.0612829 -0.0231323 -0.9978523
vn 0.1340636 -0.7336966 -0.6661202
vn 0.0208148 -0.7394017 -0.6729428
vn -0.0612830 0.0231324 0.9978523
vn -0.0637372 -0.7074845 0.7038489
vn 0.0495078 -0.7017804 0.7106710
vn 0.0612829 -0.0231323 -0.9978523
vn 0.2450467 -0.7103181 -0.6598486
vn 0.1340636 -0.7336966 -0.6661202
vn -0.0612830 0.0231324 0.9978523
vn 0.0495078 -0.7017804 0.7106710
vn 0.1604943 -0.6784050 0.7169437
vn 0.0612829 -0.0231323 -0.9978523
vn 0.3510442 -0.6698435 -0.6542765
vn 0.2450467 -0.7103181 -0.6598486
vn -0.0612830 0.0231324 0.9978523
vn 0.1604943 -0.6784050 0.7169437
vn 0.2664914 -0.6379307 0.7225142
vn 0.0612829 -0.0231323 -0.9978523
vn 0.4494397 -0.6132634 -0.6495475
vn 0.3510442 -0.6698435 -0.6542765
vn -0.0612830 0.0231324 0.9978523
vn 0.2664914 -0.6379307 0.7225142
vn 0.3648879 -0.5813541 0.7272443
vn 0.0612829 -0.0231323 -0.9978523
vn 0.5378062 -0.5419807 -0.6457719
vn 0.4494397 -0.6132634 -0.6495475
vn -0.0612830 0.0231324 0.9978523
vn 0.3648879 -0.5813541 0.7272443
vn 0.4532562 -0.5100660 0.7310208
vn 0.0612829 -0.0231323 -0.9978523
vn 0.6139708 -0.4577469 -0.6430456
vn 0.5378062 -0.5419807 -0.6457719
vn -0.0612830 0.0231324 0.9978523
vn 0.4532562 -0.5100660 0.7310208
vn 0.5294172 -0.4258327 0.7337465
vn 0.0612829 -0.0231323 -0.9978523
vn 0.6760606 -0.3626364 -0.6414334
vn 0.6139708 -0.4577469 -0.6430456
vn -0.0612830 0.0231324 0.9978523
vn 0.5294172 -0.4258327 0.7337465
vn 0.5915013 -0.3307200 0.7353573
vn 0.0612829 -0.0231323 -0.9978523
vn 0.7225453 -0.2589917 -0.6409769
vn 0.6760606 -0.3626364 -0.6414334
vn -0.0612830 0.0231324 0.9978523
vn 0.5915013 -0.3307200 0.7353573
vn 0.6379791 -0.2270700 0.7358138
vn 0.0612829 -0.0231323 -0.9978523
vn 0.7522736 -0.1493491 -0.6417003
vn 0.7225453 -0.2589917 -0.6409769
vn -0.0612830 0.0231324 0.9978523
vn 0.6379791 -0.2270700 0.7358138
vn 0.6677209 -0.1174317 0.7350909
vn 0.0612829 -0.0231323 -0.9978523
vn 0.7645224 -0.0364202 -0.6435675
vn 0.7522736 -0.1493491 -0.6417003
vn -0.0612830 0.0231324 0.9978523
vn 0.6677209 -0.1174317 0.7350909
vn 0.6799726 -0.0045021 0.7332237
vn 0.0612829 -0.0231323 -0.9978523
vn 0.7589877 0.0770020 -0.6465357
vn 0.7645224 -0.0364202 -0.6435675
vn -0.0612830 0.0231324 0.9978523
vn 0.6799726 -0.0045021 0.7332237
vn 0.6744342 0.1089191 0.7302567
vn 0.6936936 -0.1368339 -0.7071533
vn 0.7038610 -0.0237273 -0.7099413
vn 0.7433097 0.0067052 0.6689138
vn 0.6936936 -0.1368339 -0.7071533
vn 0.7433097 0.0067052 0.6689138
vn 0.7331410 -0.1064014 0.6717016
vn 0.7038610 -0.0237273 -0.7099413
vn 0.6962126 0.0895892 -0.7122231
vn 0.7356606 0.1200208 0.6666322
vn 0.7038610 -0.0237273 -0.7099413
vn 0.7356606 0.1200208 0.6666322
vn 0.7433097 0.0067052 0.6689138
vn 0.6962126 0.0895892 -0.7122231
vn 0.6709331 0.2003236 -0.7139462
vn 0.7103848 0.2307596 0.6649086
vn 0.6962126 0.0895892 -0.7122231
vn 0.7103848 0.2307596 0.6649086
vn 0.7356606 0.1200208 0.6666322
vn 0.6709331 0.2003236 -0.7139462
vn 0.6286502 0.3057534 -0.7150621
vn 0.6681003 0.3361859 0.6637928
vn 0.6709331 0.2003236 -0.7139462
vn 0.6681003 0.3361859 0.6637928
vn 0.7103848 0.2307596 0.6649086
vn 0.6286502 0.3057534 -0.7150621
vn 0.5704057 0.4032797 -0.7155437
vn 0.6098477 0.4337097 0.6633112
vn 0.6286502 0.3057534 -0.7150621
vn 0.6098477 0.4337097 0.6633112
vn 0.6681003 0.3361859 0.6637928
vn 0.5704057 0.4032797 -0.7155437
vn 0.4976225 0.4904984 -0.7153903
vn 0.5370712 0.5209323 0.6634638
vn 0.5704057 0.4032797 -0.7155437
vn 0.5370712 0.5209323 0.6634638
vn 0.6098477 0.4337097 0.6633112
vn 0.4976225 0.4904984 -0.7153903
vn 0.4121039 0.5652649 -0.7145950
vn 0.4515556 0.5956978 0.6642601
vn 0.4976225 0.4904984 -0.7153903
vn 0.4515556 0.5956978 0.6642601
vn 0.5370712 0.5209323 0.6634638
vn 0.4121039 0.5652649 -0.7145950
vn 0.3159558 0.6257443 -0.7131732
vn 0.3553998 0.6561704 0.6656812
vn 0.4121039 0.5652649 -0.7145950
vn 0.3553998 0.6561704 0.6656812
vn 0.4515556 0.5956978 0.6642601
vn 0.3159558 0.6257443 -0.7131732
vn 0.2115337 0.6704378 -0.7111728
vn 0.2509794 0.7008637 0.6676822
vn 0.3159558 0.6257443 -0.7131732
vn 0.2509794 0.7008637 0.6676822
vn 0.3553998 0.6561704 0.6656812
vn 0.2115337 0.6704378 -0.7111728
vn 0.1014223 0.6982411 -0.7086416
vn 0.1408675 0.7286767 0.6702138
vn 0.2115337 0.6704378 -0.7111728
vn 0.1408675 0.7286767 0.6702138
vn 0.2509794 0.7008637 0.6676822
vn 0.1014223 0.6982411 -0.7086416
vn -0.0116704 0.7084875 -0.7056269
vn 0.0277763 0.7389129 0.6732281
vn 0.1014223 0.6982411 -0.7086416
vn 0.0277763 0.7389129 0.6732281
vn 0.1408675 0.7286767 0.6702138
vn -0.0116704 0.7084875 -0.7056269
vn -0.1249645 0.7009070 -0.7022201
vn -0.0855136 0.7313362 0.6766348
vn -0.0116704 0.7084875 -0.7056269
vn -0.0855136 0.7313362 0.6766348
vn 0.0277763 0.7389129 0.6732281
vn -0.1249645 0.7009070 -0.7022201
vn -0.2356634 0.6756912 -0.6985012
vn -0.1962158 0.7061288 0.6803539
vn -0.1249645 0.7009070 -0.7022201
vn -0.1962158 0.7061288 0.6803539
vn -0.0855136 0.7313362 0.6766348
vn -0.2356634 0.6756912 -0.6985012
vn -0.3410482 0.6334694 -0.6945521
vn -0.3015999 0.6639028 0.6843029
vn -0.2356634 0.6756912 -0.6985012
vn -0.3015999 0.6639028 0.6843029
vn -0.1962158 0.7061288 0.6803539
vn -0.3410482 0.6334694 -0.6945521
vn -0.4385193 0.5752750 -0.6904777
vn -0.3990720 0.6057065 0.6883758
vn -0.3410482 0.6334694 -0.6945521
vn -0.3990720 0.6057065 0.6883758
vn -0.3015999 0.6639028 0.6843029
vn -0.4385193 0.5752750 -0.6904777
vn -0.5256798 0.5025355 -0.6863810
vn -0.4862335 0.5329695 0.6924742
vn -0.4385193 0.5752750 -0.6904777
vn -0.4862335 0.5329695 0.6924742
vn -0.3990720 0.6057065 0.6883758
vn -0.5256798 0.5025355 -0.6863810
vn -0.6003811 0.4170491 -0.6823581
vn -0.5609378 0.4474818 0.6964975
vn -0.5256798 0.5025355 -0.6863810
vn -0.5609378 0.4474818 0.6964975
vn -0.4862335 0.5329695 0.6924742
vn -0.6003811 0.4170491 -0.6823581
vn -0.6607859 0.3209221 -0.6785065
vn -0.6213397 0.3513538 0.7003482
vn -0.6003811 0.4170491 -0.6823581
vn -0.6213397 0.3513538 0.7003482
vn -0.5609378 0.4474818 0.6964975
vn -0.6607859 0.3209221 -0.6785065
vn -0.7054043 0.2165141 -0.6749270
vn -0.6659600 0.2469478 0.7039276
vn -0.6607859 0.3209221 -0.6785065
vn -0.6659600 0.2469478 0.7039276
vn -0.6213397 0.3513538 0.7003482
vn -0.7054043 0.2165141 -0.6749270
vn -0.7331409 0.1064005 -0.6717018
vn -0.6936940 0.1368346 0.7071527
vn -0.7054043 0.2165141 -0.6749270
vn -0.6936940 0.1368346 0.7071527
vn -0.6659600 0.2469478 0.7039276
vn -0.7331409 0.1064005 -0.6717018
vn -0.7433090 -0.0067062 -0.6689144
vn -0.7038620 0.0237276 0.7099404
vn -0.7331409 0.1064005 -0.6717018
vn -0.7038620 0.0237276 0.7099404
vn -0.6936940 0.1368346 0.7071527
vn -0.7433090 -0.0067062 -0.6689144
vn -0.7356609 -0.1200220 -0.6666316
vn -0.6962128 -0.0895878 0.7122232
vn -0.7433090 -0.0067062 -0.6689144
vn -0.6962128 -0.0895878 0.7122232
vn -0.7038620 0.0237276 0.7099404
vn -0.7356609 -0.1200220 -0.6666316
vn -0.7103834 -0.2307564 -0.6649113
vn -0.6709357 -0.2003245 0.7139435
vn -0.7356609 -0.1200220 -0.6666316
vn -0.6709357 -0.2003245 0.7139435
vn -0.6962128 -0.0895878 0.7122232
vn -0.7103834 -0.2307564 -0.6649113
vn -0.6680970 -0.3361838 -0.6637973
vn -0.6286542 -0.3057534 0.7150586
vn -0.7103834 -0.2307564 -0.6649113
vn -0.6286542 -0.3057534 0.7150586
vn -0.6709357 -0.2003245 0.7139435
vn -0.6680970 -0.3361838 -0.6637973
vn -0.6098500 -0.4337111 -0.6633081
vn -0.5704022 -0.4032790 0.7155468
vn -0.6680970 -0.3361838 -0.6637973
vn -0.5704022 -0.4032790 0.7155468
vn -0.6286542 -0.3057534 0.7150586
vn -0.6098500 -0.4337111 -0.6633081
vn -0.5370722 -0.5209346 -0.6634610
vn -0.4976173 -0.4904989 0.7153934
vn -0.6098500 -0.4337111 -0.6633081
vn -0.4976173 -0.4904989 0.7153934
vn -0.5704022 -0.4032790 0.7155468
vn -0.5370722 -0.5209346 -0.6634610
vn -0.4515513 -0.5957016 -0.6642598
vn -0.4121010 -0.5652678 0.7145943
vn -0.5370722 -0.5209346 -0.6634610
vn -0.4121010 -0.5652678 0.7145943
vn -0.4976173 -0.4904989 0.7153934
vn -0.4515513 -0.5957016 -0.6642598
vn -0.3553981 -0.6561720 -0.6656805
vn -0.3159526 -0.6257441 0.7131748
vn -0.4515513 -0.5957016 -0.6642598
vn -0.3159526 -0.6257441 0.7131748
vn -0.4121010 -0.5652678 0.7145943
vn -0.3553981 -0.6561720 -0.6656805
vn -0.2509815 -0.7008673 -0.6676776
vn -0.2115342 -0.6704327 0.7111773
vn -0.3553981 -0.6561720 -0.6656805
vn -0.2115342 -0.6704327 0.7111773
vn -0.3159526 -0.6257441 0.7131748
vn -0.2509815 -0.7008673 -0.6676776
vn -0.1408691 -0.7286757 -0.6702147
vn -0.1014258 -0.6982422 0.7086400
vn -0.2509815 -0.7008673 -0.6676776
vn -0.1014258 -0.6982422 0.7086400
vn -0.2115342 -0.6704327 0.7111773
vn -0.1408691 -0.7286757 -0.6702147
vn -0.0277759 -0.7389184 -0.6732222
vn 0.0116697 -0.7084818 0.7056325
vn -0.1408691 -0.7286757 -0.6702147
vn 0.0116697 -0.7084818 0.7056325
vn -0.1014258 -0.6982422 0.7086400
vn -0.0277759 -0.7389184 -0.6732222
vn 0.0855145 -0.7313383 -0.6766324
vn 0.1249665 -0.7009047 0.7022223
vn -0.0277759 -0.7389184 -0.6732222
vn 0.1249665 -0.7009047 0.7022223
vn 0.0116697 -0.7084818 0.7056325
vn 0.0855145 -0.7313383 -0.6766324
vn 0.1962153 -0.7061235 -0.6803597
vn 0.2356641 -0.6756968 0.6984957
vn 0.0855145 -0.7313383 -0.6766324
vn 0.2356641 -0.6756968 0.6984957
vn 0.1249665 -0.7009047 0.7022223
vn 0.1962153 -0.7061235 -0.6803597
vn 0.3016034 -0.6639001 -0.6843041
vn 0.3410478 -0.6334714 0.6945505
vn 0.1962153 -0.7061235 -0.6803597
vn 0.3410478 -0.6334714 0.6945505
vn 0.2356641 -0.6756968 0.6984957
vn 0.3016034 -0.6639001 -0.6843041
vn 0.3990743 -0.6057047 -0.6883759
vn 0.4385229 -0.5752710 0.6904788
vn 0.3016034 -0.6639001 -0.6843041
vn 0.4385229 -0.5752710 0.6904788
vn 0.3410478 -0.6334714 0.6945505
vn 0.3990743 -0.6057047 -0.6883759
vn 0.4862314 -0.5329708 -0.6924747
vn 0.5256827 -0.5025340 0.6863798
vn 0.3990743 -0.6057047 -0.6883759
vn 0.5256827 -0.5025340 0.6863798
vn 0.4385229 -0.5752710 0.6904788
vn 0.4862314 -0.5329708 -0.6924747
vn 0.5609352 -0.4474806 -0.6965005
vn 0.6003831 -0.4170506 0.6823554
vn 0.4862314 -0.5329708 -0.6924747
vn 0.6003831 -0.4170506 0.6823554
vn 0.5256827 -0.5025340 0.6863798
vn 0.5609352 -0.4474806 -0.6965005
vn 0.6213411 -0.3513502 -0.7003487
vn 0.6607872 -0.3209197 0.6785063
vn 0.5609352 -0.4474806 -0.6965005
vn 0.6607872 -0.3209197 0.6785063
vn 0.6003831 -0.4170506 0.6823554
vn 0.6213411 -0.3513502 -0.7003487
vn 0.6659580 -0.2469460 -0.7039300
vn 0.7054070 -0.2165130 0.6749244
vn 0.6213411 -0.3513502 -0.7003487
vn 0.7054070 -0.2165130 0.6749244
vn 0.6607872 -0.3209197 0.6785063
vn 0.6659580 -0.2469460 -0.7039300
vn 0.6936936 -0.1368339 -0.7071533
vn 0.7331410 -0.1064014 0.6717016
vn 0.6659580 -0.2469460 -0.7039300
vn 0.7331410 -0.1064014 0.6717016
vn 0.7054070 -0.2165130 0.6749244
vn -0.0285904 -0.0220564 -0.9993478
vn 0.7038610 -0.0237273 -0.7099413
vn 0.6936936 -0.1368339 -0.7071533
vn 0.0285904 0.0220564 0.9993479
vn 0.7331410 -0.1064014 0.6717016
vn 0.7433097 0.0067052 0.6689138
vn -0.0285904 -0.0220564 -0.9993478
vn 0.6962126 0.0895892 -0.7122231
vn 0.7038610 -0.0237273 -0.7099413
vn 0.0285904 0.0220564 0.9993479
vn 0.7433097 0.0067052 0.6689138
vn 0.7356606 0.1200208 0.6666322
vn -0.0285904 -0.0220564 -0.9993478
vn 0.6709331 0.2003236 -0.7139462
vn 0.6962126 0.0895892 -0.7122231
vn 0.0285904 0.0220564 0.9993479
vn 0.7356606 0.1200208 0.6666322
vn 0.7103848 0.2307596 0.6649086
vn -0.0285904 -0.0220564 -0.9993478
vn 0.6286502 0.3057534 -0.7150621
vn 0.6709331 0.2003236 -0.7139462
vn 0.0285904 0.0220564 0.9993479
vn 0.7103848 0.2307596 0.6649086
vn 0.6681003 0.3361859 0.6637928
vn -0.0285904 -0.0220564 -0.9993478
vn 0.5704057 0.4032797 -0.7155437
vn 0.6286502 0.3057534 -0.7150621
vn 0.0285904 0.0220564 0.9993479
vn 0.6681003 0.3361859 0.6637928
vn 0.6098477 0.4337097 0.6633112
vn -0.0285904 -0.0220564 -0.9993478
vn 0.4976225 0.4904984 -0.7153903
vn 0.5704057 0.4032797 -0.7155437
vn 0.0285904 0.0220564 0.9993479
vn 0.6098477 0.4337097 0.6633112
vn 0.5370712 0.5209323 0.6634638
vn -0.0285904 -0.0220564 -0.9993478
vn 0.4121039 0.5652649 -0.7145950
vn 0.4976225 0.4904984 -0.7153903
vn 0.0285904 0.0220564 0.9993479
vn 0.5370712 0.5209323 0.6634638
vn 0.4515556 0.5956978 0.6642601
vn -0.0285904 -0.0220564 -0.9993478
vn 0.3159558 0.6257443 -0.7131732
vn 0.4121039 0.5652649 -0.7145950
vn 0.0285904 0.0220564 0.9993479
vn 0.4515556 0.5956978 0.6642601
vn 0.3553998 0.6561704 0.6656812
vn -0.0285904 -0.0220564 -0.9993478
vn 0.2115337 0.6704378 -0.7111728
vn 0.3159558 0.6257443 -0.7131732
vn 0.0285904 0.0220564 0.9993479
vn 0.3553998 0.6561704 0.6656812
vn 0.2509794 0.7008637 0.6676822
vn -0.0285904 -0.0220564 -0.9993478
vn 0.1014223 0.6982411 -0.7086416
vn 0.2115337 0.6704378 -0.7111728
vn 0.0285904 0.0220564 0.9993479
vn 0.2509794 0.7008637 0.6676822
vn 0.1408675 0.7286767 0.6702138
vn -0.0285904 -0.0220564 -0.9993478
vn -0.0116704 0.7084875 -0.7056269
vn 0.1014223 0.6982411 -0.7086416
vn 0.0285904 0.0220564 0.9993479
vn 0.1408675 0.7286767 0.6702138
vn 0.0277763 0.7389129 0.6732281
vn -0.0285904 -0.0220564 -0.9993478
vn -0.1249645 0.7009070 -0.7022201
vn -0.0116704 0.7084875 -0.7056269
vn 0.0285904 0.0220564 0.9993479
vn 0.0277763 0.7389129 0.6732281
vn -0.0855136 0.7313362 0.6766348
vn -0.0285904 -0.0220564 -0.9993478
vn -0.2356634 0.6756912 -0.6985012
vn -0.1249645 0.7009070 -0.7022201
vn 0.0285904 0.0220564 0.9993479
vn -0.0855136 0.7313362 0.6766348
vn -0.1962158 0.7061288 0.6803539
vn -0.0285904 -0.0220564 -0.9993478
vn -0.3410482 0.6334694 -0.6945521
vn -0.2356634 0.6756912 -0.6985012
vn 0.0285904 0.0220564 0.9993479
vn -0.1962158 0.7061288 0.6803539
vn -0.3015999 0.6639028 0.6843029
vn -0.0285904 -0.0220564 -0.9993478
vn -0.4385193 0.5752750 -0.6904777
vn -0.3410482 0.6334694 -0.6945521
vn 0.0285904 0.0220564 0.9993479
vn -0.3015999 0.6639028 0.6843029
vn -0.3990720 0.6057065 0.6883758
vn -0.0285904 -0.0220564 -0.9993478
vn -0.5256798 0.5025355 -0.6863810
vn -0.4385193 0.5752750 -0.6904777
vn 0.0285904 0.0220564 0.9993479
vn -0.3990720 0.6057065 0.6883758
vn -0.4862335 0.5329695 0.6924742
vn -0.0285904 -0.0220564 -0.9993478
vn -0.6003811 0.4170491 -0.6823581
vn -0.5256798 0.5025355 -0.6863810
vn 0.0285904 0.0220564 0.9993479
vn -0.4862335 0.5329695 0.6924742
vn -0.5609378 0.4474818 0.6964975
vn -0.0285904 -0.0220564 -0.9993478
vn -0.6607859 0.3209221 -0.6785065
vn -0.6003811 0.4170491 -0.6823581
vn 0.0285904 0.0220564 0.9993479
vn -0.5609378 0.4474818 0.6964975
vn -0.6213397 0.3513538 0.7003482
vn -0.0285904 -0.0220564 -0.9993478
vn -0.7054043 0.2165141 -0.6749270
vn -0.6607859 0.3209221 -0.6785065
vn 0.0285904 0.0220564 0.9993479
vn -0.6213397 0.3513538 0.7003482
vn -0.6659600 0.2469478 0.7039276
vn -0.0285904 -0.0220564 -0.9993478
vn -0.7331409 0.1064005 -0.6717018
vn -0.7054043 0.2165141 -0.6749270
vn 0.0285904 0.0220564 0.9993479
vn -0.6659600 0.2469478 0.7039276
vn -0.6936940 0.1368346 0.7071527
vn -0.0285904 -0.0220564 -0.9993478
vn -0.7433090 -0.0067062 -0.6689144
vn -0.7331409 0.1064005 -0.6717018
vn 0.0285904 0.0220564 0.9993479
vn -0.6936940 0.1368346 0.7071527
vn -0.7038620 0.0237276 0.7099404
vn -0.0285904 -0.0220564 -0.9993478
vn -0.7356609 -0.1200220 -0.6666316
vn -0.7433090 -0.0067062 -0.6689144
vn 0.0285904 0.0220564 0.9993479
vn -0.7038620 0.0237276 0.7099404
vn -0.6962128 -0.0895878 0.7122232
vn -0.0285904 -0.0220564 -0.9993478
vn -0.7103834 -0.2307564 -0.6649113
vn -0.7356609 -0.1200220 -0.6666316
vn 0.0285904 0.0220564 0.9993479
vn -0.6962128 -0.0895878 0.7122232
vn -0.6709357 -0.2003245 0.7139435
vn -0.0285904 -0.0220564 -0.9993478
vn -0.6680970 -0.3361838 -0.6637973
vn -0.7103834 -0.2307564 -0.6649113
vn 0.0285904 0.0220564 0.9993479
vn -0.6709357 -0.2003245 0.7139435
vn -0.6286542 -0.3057534 0.7150586
vn -0.0285904 -0.0220564 -0.9993478
vn -0.6098500 -0.4337111 -0.6633081
vn -0.6680970 -0.3361838 -0.6637973
vn 0.0285904 0.0220564 0.9993479
vn -0.6286542 -0.3057534 0.7150586
vn -0.5704022 -0.4032790 0.7155468
vn -0.0285904 -0.0220564 -0.9993478
vn -0.5370722 -0.5209346 -0.6634610
vn -0.6098500 -0.4337111 -0.6633081
vn 0.0285904 0.0220564 0.9993479
vn -0.5704022 -0.4032790 0.7155468
vn -0.4976173 -0.4904989 0.7153934
vn -0.0285904 -0.0220564 -0.9993478
vn -0.4515513 -0.5957016 -0.6642598
vn -0.5370722 -0.5209346 -0.6634610
vn 0.0285904 0.0220564 0.9993479
vn -0.4976173 -0.4904989 0.7153934
vn -0.4121010 -0.5652678 0.7145943
vn -0.0285904 -0.0220564 -0.9993478
vn -0.3553981 -0.6561720 -0.6656805
vn -0.4515513 -0.5957016 -0.6642598
vn 0.0285904 0.0220564 0.9993479
vn -0.4121010 -0.5652678 0.7145943
vn -0.3159526 -0.6257441 0.7131748
vn -0.0285904 -0.0220564 -0.9993478
vn -0.2509815 -0.7008673 -0.6676776
vn -0.3553981 -0.6561720 -0.6656805
vn 0.0285904 0.0220564 0.9993479
vn -0.3159526 -0.6257441 0.7131748
vn -0.2115342 -0.6704327 0.7111773
vn -0.0285904 -0.0220564 -0.9993478
vn -0.1408691 -0.7286757 -0.6702147
vn -0.2509815 -0.7008673 -0.6676776
vn 0.0285904 0.0220564 0.9993479
vn -0.2115342 -0.6704327 0.7111773
vn -0.1014258 -0.6982422 0.7086400
vn -0.0285904 -0.0220564 -0.9993478
vn -0.0277759 -0.7389184 -0.6732222
vn -0.1408691 -0.7286757 -0.6702147
vn 0.0285904 0.0220564 0.9993479
vn -0.1014258 -0.6982422 0.7086400
vn 0.0116697 -0.7084818 0.7056325
vn -0.0285904 -0.0220564 -0.9993478
vn 0.0855145 -0.7313383 -0.6766324
vn -0.0277759 -0.7389184 -0.6732222
vn 0.0285904 0.0220564 0.9993479
vn 0.0116697 -0.7084818 0.7056325
vn 0.1249665 -0.7009047 0.7022223
vn -0.0285904 -0.0220564 -0.9993478
vn 0.1962153 -0.7061235 -0.6803597
vn 0.0855145 -0.7313383 -0.6766324
vn 0.0285904 0.0220564 0.9993479
vn 0.1249665 -0.7009047 0.7022223
vn 0.2356641 -0.6756968 0.6984957
vn -0.0285904 -0.0220564 -0.9993478
vn 0.3016034 -0.6639001 -0.6843041
vn 0.1962153 -0.7061235 -0.6803597
vn 0.0285904 0.0220564 0.9993479
vn 0.2356641 -0.6756968 0.6984957
vn 0.3410478 -0.6334714 0.6945505
vn -0.0285904 -0.0220564 -0.9993478
vn 0.3990743 -0.6057047 -0.6883759
vn 0.3016034 -0.6639001 -0.6843041
vn 0.0285904 0.0220564 0.9993479
vn 0.3410478 -0.6334714 0.6945505
vn 0.4385229 -0.5752710 0.6904788
vn -0.0285904 -0.0220564 -0.9993478
vn 0.4862314 -0.5329708 -0.6924747
vn 0.3990743 -0.6057047 -0.6883759
vn 0.0285904 0.0220564 0.9993479
vn 0.4385229 -0.5752710 0.6904788
vn 0.5256827 -0.5025340 0.6863798
vn -0.0285904 -0.0220564 -0.9993478
vn 0.5609352 -0.4474806 -0.6965005
vn 0.4862314 -0.5329708 -0.6924747
vn 0.0285904 0.0220564 0.9993479
vn 0.5256827 -0.5025340 0.6863798
vn 0.6003831 -0.4170506 0.6823554
vn -0.0285904 -0.0220564 -0.9993478
vn 0.6213411 -0.3513502 -0.7003487
vn 0.5609352 -0.4474806 -0.6965005
vn 0.0285904 0.0220564 0.9993479
vn 0.6003831 -0.4170506 0.6823554
vn 0.6607872 -0.3209197 0.6785063
vn -0.0285904 -0.0220564 -0.9993478
vn 0.6659580 -0.2469460 -0.7039300
vn 0.6213411 -0.3513502 -0.7003487
vn 0.0285904 0.0220564 0.9993479
vn 0.6607872 -0.3209197 0.6785063
vn 0.7054070 -0.2165130 0.6749244
vn -0.0285904 -0.0220564 -0.9993478
vn 0.6936936 -0.1368339 -0.7071533
vn 0.6659580 -0.2469460 -0.7039300
vn 0.0285904 0.0220564 0.9993479
vn 0.7054070 -0.2165130 0.6749244
vn 0.7331410 -0.1064014 0.6717016
vn 0.6615505 -0.2306544 -0.7135471
vn 0.6844204 -0.1195266 -0.7192233
vn 0.7506006 -0.0627368 0.6577711
vn 0.6615505 -0.2306544 -0.7135471
vn 0.7506006 -0.0627368 0.6577711
vn 0.7277393 -0.1738682 0.6634495
vn 0.6844204 -0.1195266 -0.7192233
vn 0.6896155 -0.0061521 -0.7241496
vn 0.7557939 0.0506379 0.6528487
vn 0.6844204 -0.1195266 -0.7192233
vn 0.7557939 0.0506379 0.6528487
vn 0.7506006 -0.0627368 0.6577711
vn 0.6896155 -0.0061521 -0.7241496
vn 0.6770167 0.1066685 -0.7281966
vn 0.7431957 0.1634592 0.6487998
vn 0.6896155 -0.0061521 -0.7241496
vn 0.7431957 0.1634592 0.6487998
vn 0.7557939 0.0506379 0.6528487
vn 0.6770167 0.1066685 -0.7281966
vn 0.6469311 0.2161711 -0.7312663
vn 0.7131107 0.2729634 0.6457276
vn 0.6770167 0.1066685 -0.7281966
vn 0.7131107 0.2729634 0.6457276
vn 0.7431957 0.1634592 0.6487998
vn 0.6469311 0.2161711 -0.7312663
vn 0.6000988 0.3196482 -0.7332847
vn 0.6662774 0.3764380 0.6437150
vn 0.6469311 0.2161711 -0.7312663
vn 0.6662774 0.3764380 0.6437150
vn 0.7131107 0.2729634 0.6457276
vn 0.6000988 0.3196482 -0.7332847
vn 0.5376804 0.4145533 -0.7341970
vn 0.6038569 0.4713430 0.6428007
vn 0.6000988 0.3196482 -0.7332847
vn 0.6038569 0.4713430 0.6428007
vn 0.6662774 0.3764380 0.6437150
vn 0.5376804 0.4145533 -0.7341970
vn 0.4612032 0.4985589 -0.7339827
vn 0.5273800 0.5553457 0.6430097
vn 0.5376804 0.4145533 -0.7341970
vn 0.5273800 0.5553457 0.6430097
vn 0.6038569 0.4713430 0.6428007
vn 0.4612032 0.4985589 -0.7339827
vn 0.3725582 0.5695798 -0.7326521
vn 0.4387364 0.6263642 0.6443433
vn 0.4612032 0.4985589 -0.7339827
vn 0.4387364 0.6263642 0.6443433
vn 0.5273800 0.5553457 0.6430097
vn 0.3725582 0.5695798 -0.7326521
vn 0.2739306 0.6258765 -0.7302332
vn 0.3401027 0.6826600 0.6467654
vn 0.3725582 0.5695798 -0.7326521
vn 0.3401027 0.6826600 0.6467654
vn 0.4387364 0.6263642 0.6443433
vn 0.2739306 0.6258765 -0.7302332
vn 0.1677344 0.6660721 -0.7267826
vn 0.2339067 0.7228486 0.6502136
vn 0.2739306 0.6258765 -0.7302332
vn 0.2339067 0.7228486 0.6502136
vn 0.3401027 0.6826600 0.6467654
vn 0.1677344 0.6660721 -0.7267826
vn 0.0565922 0.6891567 -0.7223991
vn 0.1227727 0.7459414 0.6545979
vn 0.1677344 0.6660721 -0.7267826
vn 0.1227727 0.7459414 0.6545979
vn 0.2339067 0.7228486 0.6502136
vn 0.0565922 0.6891567 -0.7223991
vn -0.0567577 0.6945730 -0.7171799
vn 0.0094222 0.7513688 0.6598153
vn 0.0565922 0.6891567 -0.7223991
vn 0.0094222 0.7513688 0.6598153
vn 0.1227727 0.7459414 0.6545979
vn -0.0567577 0.6945730 -0.7171799
vn -0.1695229 0.6822002 -0.7112418
vn -0.1033462 0.7389780 0.6657560
vn -0.0567577 0.6945730 -0.7171799
vn -0.1033462 0.7389780 0.6657560
vn 0.0094222 0.7513688 0.6598153
vn -0.1695229 0.6822002 -0.7112418
vn -0.2789299 0.6523204 -0.7047526
vn -0.2127487 0.7091036 0.6722425
vn -0.1695229 0.6822002 -0.7112418
vn -0.2127487 0.7091036 0.6722425
vn -0.1033462 0.7389780 0.6657560
vn -0.2789299 0.6523204 -0.7047526
vn -0.3822760 0.6056750 -0.6978702
vn -0.3161009 0.6624706 0.6791266
vn -0.2789299 0.6523204 -0.7047526
vn -0.3161009 0.6624706 0.6791266
vn -0.2127487 0.7091036 0.6722425
vn -0.3822760 0.6056750 -0.6978702
vn -0.4770299 0.5434259 -0.6907464
vn -0.4108533 0.6002179 0.6862493
vn -0.3822760 0.6056750 -0.6978702
vn -0.4108533 0.6002179 0.6862493
vn -0.3161009 0.6624706 0.6791266
vn -0.4770299 0.5434259 -0.6907464
vn -0.5608588 0.4670908 -0.6835667
vn -0.4946792 0.5238777 0.6934296
vn -0.4770299 0.5434259 -0.6907464
vn -0.4946792 0.5238777 0.6934296
vn -0.4108533 0.6002179 0.6862493
vn -0.5608588 0.4670908 -0.6835667
vn -0.6316808 0.3785562 -0.6765164
vn -0.5655057 0.4353477 0.7004825
vn -0.5608588 0.4670908 -0.6835667
vn -0.5655057 0.4353477 0.7004825
vn -0.4946792 0.5238777 0.6934296
vn -0.6316808 0.3785562 -0.6765164
vn -0.6877710 0.2800069 -0.6697515
vn -0.6215938 0.3368000 0.7072390
vn -0.6316808 0.3785562 -0.6765164
vn -0.6215938 0.3368000 0.7072390
vn -0.5655057 0.4353477 0.7004825
vn -0.6877710 0.2800069 -0.6697515
vn -0.7277339 0.1738547 -0.6634592
vn -0.6615594 0.2306469 0.7135413
vn -0.6877710 0.2800069 -0.6697515
vn -0.6615594 0.2306469 0.7135413
vn -0.6215938 0.3368000 0.7072390
vn -0.7277339 0.1738547 -0.6634592
vn -0.7506002 0.0627280 -0.6577724
vn -0.6844255 0.1195182 0.7192199
vn -0.7277339 0.1738547 -0.6634592
vn -0.6844255 0.1195182 0.7192199
vn -0.6615594 0.2306469 0.7135413
vn -0.7506002 0.0627280 -0.6577724
vn -0.7557932 -0.0506441 -0.6528490
vn -0.6896154 0.0061437 0.7241496
vn -0.7506002 0.0627280 -0.6577724
vn -0.6896154 0.0061437 0.7241496
vn -0.6844255 0.1195182 0.7192199
vn -0.7557932 -0.0506441 -0.6528490
vn -0.7431958 -0.1634627 -0.6487989
vn -0.6770169 -0.1066718 0.7281959
vn -0.7557932 -0.0506441 -0.6528490
vn -0.6770169 -0.1066718 0.7281959
vn -0.6896154 0.0061437 0.7241496
vn -0.7431958 -0.1634627 -0.6487989
vn -0.7131075 -0.2729689 -0.6457288
vn -0.6469294 -0.2161775 0.7312657
vn -0.7431958 -0.1634627 -0.6487989
vn -0.6469294 -0.2161775 0.7312657
vn -0.6770169 -0.1066718 0.7281959
vn -0.7131075 -0.2729689 -0.6457288
vn -0.6662711 -0.3764427 -0.6437187
vn -0.6001019 -0.3196549 0.7332793
vn -0.7131075 -0.2729689 -0.6457288
vn -0.6001019 -0.3196549 0.7332793
vn -0.6469294 -0.2161775 0.7312657
vn -0.6662711 -0.3764427 -0.6437187
vn -0.6038606 -0.4713373 -0.6428013
vn -0.5376881 -0.4145503 0.7341931
vn -0.6662711 -0.3764427 -0.6437187
vn -0.5376881 -0.4145503 0.7341931
vn -0.6001019 -0.3196549 0.7332793
vn -0.6038606 -0.4713373 -0.6428013
vn -0.5273890 -0.5553355 -0.6430110
vn -0.4612118 -0.4985449 0.7339869
vn -0.6038606 -0.4713373 -0.6428013
vn -0.4612118 -0.4985449 0.7339869
vn -0.5376881 -0.4145503 0.7341931
vn -0.5273890 -0.5553355 -0.6430110
vn -0.4387387 -0.6263657 -0.6443405
vn -0.3725601 -0.5695736 0.7326560
vn -0.5273890 -0.5553355 -0.6430110
vn -0.3725601 -0.5695736 0.7326560
vn -0.4612118 -0.4985449 0.7339869
vn -0.4387387 -0.6263657 -0.6443405
vn -0.3400997 -0.6826679 -0.6467587
vn -0.2739190 -0.6258757 0.7302382
vn -0.4387387 -0.6263657 -0.6443405
vn -0.2739190 -0.6258757 0.7302382
vn -0.3725601 -0.5695736 0.7326560
vn -0.3400997 -0.6826679 -0.6467587
vn -0.2339080 -0.7228535 -0.6502076
vn -0.1677318 -0.6660675 0.7267875
vn -0.3400997 -0.6826679 -0.6467587
vn -0.1677318 -0.6660675 0.7267875
vn -0.2739190 -0.6258757 0.7302382
vn -0.2339080 -0.7228535 -0.6502076
vn -0.1227739 -0.7459413 -0.6545976
vn -0.0565954 -0.6891558 0.7223997
vn -0.2339080 -0.7228535 -0.6502076
vn -0.0565954 -0.6891558 0.7223997
vn -0.1677318 -0.6660675 0.7267875
vn -0.1227739 -0.7459413 -0.6545976
vn -0.0094240 -0.7513648 -0.6598198
vn 0.0567559 -0.6945774 0.7171758
vn -0.1227739 -0.7459413 -0.6545976
vn 0.0567559 -0.6945774 0.7171758
vn -0.0565954 -0.6891558 0.7223997
vn -0.0094240 -0.7513648 -0.6598198
vn 0.1033446 -0.7389837 -0.6657501
vn 0.1695212 -0.6821960 0.7112461
vn -0.0094240 -0.7513648 -0.6598198
vn 0.1695212 -0.6821960 0.7112461
vn 0.0567559 -0.6945774 0.7171758
vn 0.1033446 -0.7389837 -0.6657501
vn 0.2127461 -0.7091073 -0.6722396
vn 0.2789230 -0.6523173 0.7047582
vn 0.1033446 -0.7389837 -0.6657501
vn 0.2789230 -0.6523173 0.7047582
vn 0.1695212 -0.6821960 0.7112461
vn 0.2127461 -0.7091073 -0.6722396
vn 0.3160965 -0.6624673 -0.6791319
vn 0.3822784 -0.6056822 0.6978627
vn 0.2127461 -0.7091073 -0.6722396
vn 0.3822784 -0.6056822 0.6978627
vn 0.2789230 -0.6523173 0.7047582
vn 0.3160965 -0.6624673 -0.6791319
vn 0.4108528 -0.6002146 -0.6862525
vn 0.4770314 -0.5434272 0.6907444
vn 0.3160965 -0.6624673 -0.6791319
vn 0.4770314 -0.5434272 0.6907444
vn 0.3822784 -0.6056822 0.6978627
vn 0.4108528 -0.6002146 -0.6862525
vn 0.4946789 -0.5238841 -0.6934250
vn 0.5608526 -0.4670907 0.6835720
vn 0.4108528 -0.6002146 -0.6862525
vn 0.5608526 -0.4670907 0.6835720
vn 0.4770314 -0.5434272 0.6907444
vn 0.4946789 -0.5238841 -0.6934250
vn 0.5655050 -0.4353545 -0.7004789
vn 0.6316805 -0.3785591 0.6765152
vn 0.4946789 -0.5238841 -0.6934250
vn 0.6316805 -0.3785591 0.6765152
vn 0.5608526 -0.4670907 0.6835720
vn 0.5655050 -0.4353545 -0.7004789
vn 0.6215890 -0.3367990 -0.7072436
vn 0.6877691 -0.2800079 0.6697531
vn 0.5655050 -0.4353545 -0.7004789
vn 0.6877691 -0.2800079 0.6697531
vn 0.6316805 -0.3785591 0.6765152
vn 0.6215890 -0.3367990 -0.7072436
vn 0.6615505 -0.2306544 -0.7135471
vn 0.7277393 -0.1738682 0.6634495
vn 0.6215890 -0.3367990 -0.7072436
vn 0.7277393 -0.1738682 0.6634495
vn 0.6877691 -0.2800079 0.6697531
vn -0.0479637 -0.0411597 -0.9980006
vn 0.6844204 -0.1195266 -0.7192233
vn 0.6615505 -0.2306544 -0.7135471
vn 0.0479635 0.0411597 0.9980007
vn 0.7277393 -0.1738682 0.6634495
vn 0.7506006 -0.0627368 0.6577711
vn -0.0479637 -0.0411597 -0.9980006
vn 0.6896155 -0.0061521 -0.7241496
vn 0.6844204 -0.1195266 -0.7192233
vn 0.0479635 0.0411597 0.9980007
vn 0.7506006 -0.0627368 0.6577711
vn 0.7557939 0.0506379 0.6528487
vn -0.0479637 -0.0411597 -0.9980006
vn 0.6770167 0.1066685 -0.7281966
vn 0.6896155 -0.0061521 -0.7241496
vn 0.0479635 0.0411597 0.9980007
vn 0.7557939 0.0506379 0.6528487
vn 0.7431957 0.1634592 0.6487998
vn -0.0479637 -0.0411597 -0.9980006
vn 0.6469311 0.2161711 -0.7312663
vn 0.6770167 0.1066685 -0.7281966
vn 0.0479635 0.0411597 0.9980007
vn 0.7431957 0.1634592 0.6487998
vn 0.7131107 0.2729634 0.6457276
vn -0.0479637 -0.0411597 -0.9980006
vn 0.6000988 0.3196482 -0.7332847
vn 0.6469311 0.2161711 -0.7312663
vn 0.0479635 0.0411597 0.9980007
vn 0.7131107 0.2729634 0.6457276
vn 0.6662774 0.3764380 0.6437150
vn -0.0479637 -0.0411597 -0.9980006
vn 0.5376804 0.4145533 -0.7341970
vn 0.6000988 0.3196482 -0.7332847
vn 0.0479635 0.0411597 0.9980007
vn 0.6662774 0.3764380 0.6437150
vn 0.6038569 0.4713430 0.6428007
vn -0.0479637 -0.0411597 -0.9980006
vn 0.4612032 0.4985589 -0.7339827
vn 0.5376804 0.4145533 -0.7341970
vn 0.0479635 0.0411597 0.9980007
vn 0.6038569 0.4713430 0.6428007
vn 0.5273800 0.5553457 0.6430097
vn -0.0479637 -0.0411597 -0.9980006
vn 0.3725582 0.5695798 -0.7326521
vn 0.4612032 0.4985589 -0.7339827
vn 0.0479635 0.0411597 0.9980007
vn 0.5273800 0.5553457 0.6430097
vn 0.4387364 0.6263642 0.6443433
vn -0.0479637 -0.0411597 -0.9980006
vn 0.2739306 0.6258765 -0.7302332
vn 0.3725582 0.5695798 -0.7326521
vn 0.0479635 0.0411597 0.9980007
vn 0.4387364 0.6263642 0.6443433
vn 0.3401027 0.6826600 0.6467654
vn -0.0479637 -0.0411597 -0.9980006
vn 0.1677344 0.6660721 -0.7267826
vn 0.2739306 0.6258765 -0.7302332
vn 0.0479635 0.0411597 0.9980007
vn 0.3401027 0.6826600 0.6467654
vn 0.2339067 0.7228486 0.6502136
vn -0.0479637 -0.0411597 -0.9980006
vn 0.0565922 0.6891567 -0.7223991
vn 0.1677344 0.6660721 -0.7267826
vn 0.0479635 0.0411597 0.9980007
vn 0.2339067 0.7228486 0.6502136
vn 0.1227727 0.7459414 0.6545979
vn -0.0479637 -0.0411597 -0.9980006
vn -0.0567577 0.6945730 -0.7171799
vn 0.0565922 0.6891567 -0.7223991
vn 0.0479635 0.0411597 0.9980007
vn 0.1227727 0.7459414 0.6545979
vn 0.0094222 0.7513688 0.6598153
vn -0.0479637 -0.0411597 -0.9980006
vn -0.1695229 0.6822002 -0.7112418
vn -0.0567577 0.6945730 -0.7171799
vn 0.0479635 0.0411597 0.9980007
vn 0.0094222 0.7513688 0.6598153
vn -0.1033462 0.7389780 0.6657560
vn -0.0479637 -0.0411597 -0.9980006
vn -0.2789299 0.6523204 -0.7047526
vn -0.1695229 0.6822002 -0.7112418
vn 0.0479635 0.0411597 0.9980007
vn -0.1033462 0.7389780 0.6657560
vn -0.2127487 0.7091036 0.6722425
vn -0.0479637 -0.0411597 -0.9980006
vn -0.3822760 0.6056750 -0.6978702
vn -0.2789299 0.6523204 -0.7047526
vn 0.0479635 0.0411597 0.9980007
vn -0.2127487 0.7091036 0.6722425
vn -0.3161009 0.6624706 0.6791266
vn -0.0479637 -0.0411597 -0.9980006
vn -0.4770299 0.5434259 -0.6907464
vn -0.3822760 0.6056750 -0.6978702
vn 0.0479635 0.0411597 0.9980007
vn -0.3161009 0.6624706 0.6791266
vn -0.4108533 0.6002179 0.6862493
vn -0.0479637 -0.0411597 -0.9980006
vn -0.5608588 0.4670908 -0.6835667
vn -0.4770299 0.5434259 -0.6907464
vn 0.0479635 0.0411597 0.9980007
vn -0.4108533 0.6002179 0.6862493
vn -0.4946792 0.5238777 0.6934296
vn -0.0479637 -0.0411597 -0.9980006
vn -0.6316808 0.3785562 -0.6765164
vn -0.5608588 0.4670908 -0.6835667
vn 0.0479635 0.0411597 0.9980007
vn -0.4946792 0.5238777 0.6934296
vn -0.5655057 0.4353477 0.7004825
vn -0.0479637 -0.0411597 -0.9980006
vn -0.6877710 0.2800069 -0.6697515
vn -0.6316808 0.3785562 -0.6765164
vn 0.0479635 0.0411597 0.9980007
vn -0.5655057 0.4353477 0.7004825
vn -0.6215938 0.3368000 0.7072390
vn -0.0479637 -0.0411597 -0.9980006
vn -0.7277339 0.1738547 -0.6634592
vn -0.6877710 0.2800069 -0.6697515
vn 0.0479635 0.0411597 0.9980007
vn -0.6215938 0.3368000 0.7072390
vn -0.6615594 0.2306469 0.7135413
vn -0.0479637 -0.0411597 -0.9980006
vn -0.7506002 0.0627280 -0.6577724
vn -0.7277339 0.1738547 -0.6634592
vn 0.0479635 0.0411597 0.9980007
vn -0.6615594 0.2306469 0.7135413
vn -0.6844255 0.1195182 0.7192199
vn -0.0479637 -0.0411597 -0.9980006
vn -0.7557932 -0.0506441 -0.6528490
vn -0.7506002 0.0627280 -0.6577724
vn 0.0479635 0.0411597 0.9980007
vn -0.6844255 0.1195182 0.7192199
vn -0.6896154 0.0061437 0.7241496
vn -0.0479637 -0.0411597 -0.9980006
vn -0.7431958 -0.1634627 -0.6487989
vn -0.7557932 -0.0506441 -0.6528490
vn 0.0479635 0.0411597 0.9980007
vn -0.6896154 0.0061437 0.7241496
vn -0.6770169 -0.1066718 0.7281959
vn -0.0479637 -0.0411597 -0.9980006
vn -0.7131075 -0.2729689 -0.6457288
vn -0.7431958 -0.1634627 -0.6487989
vn 0.0479635 0.0411597 0.9980007
vn -0.6770169 -0.1066718 0.7281959
vn -0.6469294 -0.2161775 0.7312657
vn -0.0479637 -0.0411597 -0.9980006
vn -0.6662711 -0.3764427 -0.6437187
vn -0.7131075 -0.2729689 -0.6457288
vn 0.0479635 0.0411597 0.9980007
vn -0.6469294 -0.2161775 0.7312657
vn -0.6001019 -0.3196549 0.7332793
vn -0.0479637 -0.0411597 -0.9980006
vn -0.6038606 -0.4713373 -0.6428013
vn -0.6662711 -0.3764427 -0.6437187
vn 0.0479635 0.0411597 0.9980007
vn -0.6001019 -0.3196549 0.7332793
vn -0.5376881 -0.4145503 0.7341931
vn -0.0479637 -0.0411597 -0.9980006
vn -0.5273890 -0.5553355 -0.6430110
vn -0.6038606 -0.4713373 -0.6428013
vn 0.0479635 0.0411597 0.9980007
vn -0.5376881 -0.4145503 0.7341931
vn -0.4612118 -0.4985449 0.7339869
vn -0.0479637 -0.0411597 -0.9980006
vn -0.4387387 -0.6263657 -0.6443405
vn -0.5273890 -0.5553355 -0.6430110
vn 0.0479635 0.0411597 0.9980007
vn -0.4612118 -0.4985449 0.7339869
vn -0.3725601 -0.5695736 0.7326560
vn -0.0479637 -0.0411597 -0.9980006
vn -0.3400997 -0.6826679 -0.6467587
vn -0.4387387 -0.6263657 -0.6443405
vn 0.0479635 0.0411597 0.9980007
vn -0.3725601 -0.5695736 0.7326560
vn -0.2739190 -0.6258757 0.7302382
vn -0.0479637 -0.0411597 -0.9980006
vn -0.2339080 -0.7228535 -0.6502076
vn -0.3400997 -0.6826679 -0.6467587
vn 0.0479635 0.0411597 0.9980007
vn -0.2739190 -0.6258757 0.7302382
vn -0.1677318 -0.6660675 0.7267875
vn -0.0479637 -0.0411597 -0.9980006
vn -0.1227739 -0.7459413 -0.6545976
vn -0.2339080 -0.7228535 -0.6502076
vn 0.0479635 0.0411597 0.9980007
vn -0.1677318 -0.6660675 0.7267875
vn -0.0565954 -0.6891558 0.7223997
vn -0.0479637 -0.0411597 -0.9980006
vn -0.0094240 -0.7513648 -0.6598198
vn -0.1227739 -0.7459413 -0.6545976
vn 0.0479635 0.0411597 0.9980007
vn -0.0565954 -0.6891558 0.7223997
vn 0.0567559 -0.6945774 0.7171758
vn -0.0479637 -0.0411597 -0.9980006
vn 0.1033446 -0.7389837 -0.6657501
vn -0.0094240 -0.7513648 -0.6598198
vn 0.0479635 0.0411597 0.9980007
vn 0.0567559 -0.6945774 0.7171758
vn 0.1695212 -0.6821960 0.7112461
vn -0.0479637 -0.0411597 -0.9980006
vn 0.2127461 -0.7091073 -0.6722396
vn 0.1033446 -0.7389837 -0.6657501
vn 0.0479635 0.0411597 0.9980007
vn 0.1695212 -0.6821960 0.7112461
vn 0.2789230 -0.6523173 0.7047582
vn -0.0479637 -0.0411597 -0.9980006
vn 0.3160965 -0.6624673 -0.6791319
vn 0.2127461 -0.7091073 -0.6722396
vn 0.0479635 0.0411597 0.9980007
vn 0.2789230 -0.6523173 0.7047582
vn 0.3822784 -0.6056822 0.6978627
vn -0.0479637 -0.0411597 -0.9980006
vn 0.4108528 -0.6002146 -0.6862525
vn 0.3160965 -0.6624673 -0.6791319
vn 0.0479635 0.0411597 0.9980007
vn 0.3822784 -0.6056822 0.6978627
vn 0.4770314 -0.5434272 0.6907444
vn -0.0479637 -0.0411597 -0.9980006
vn 0.4946789 -0.5238841 -0.6934250
vn 0.4108528 -0.6002146 -0.6862525
vn 0.0479635 0.0411597 0.9980007
vn 0.4770314 -0.5434272 0.6907444
vn 0.5608526 -0.4670907 0.6835720
vn -0.0479637 -0.0411597 -0.9980006
vn 0.5655050 -0.4353545 -0.7004789
vn 0.4946789 -0.5238841 -0.6934250
vn 0.0479635 0.0411597 0.9980007
vn 0.5608526 -0.4670907 0.6835720
vn 0.6316805 -0.3785591 0.6765152
vn -0.0479637 -0.0411597 -0.9980006
vn 0.6215890 -0.3367990 -0.7072436
vn 0.5655050 -0.4353545 -0.7004789
vn 0.0479635 0.0411597 0.9980007
vn 0.6316805 -0.3785591 0.6765152
vn 0.6877691 -0.2800079 0.6697531
vn -0.0479637 -0.0411597 -0.9980006
vn 0.6615505 -0.2306544 -0.7135471
vn 0.6215890 -0.3367990 -0.7072436
vn 0.0479635 0.0411597 0.9980007
vn 0.6877691 -0.2800079 0.6697531
vn 0.7277393 -0.1738682 0.6634495
vn 0.7194709 0.2079898 -0.6626477
vn 0.6776910 0.3135855 -0.6651309
vn 0.6214961 0.3236334 0.7134452
vn 0.7194709 0.2079898 -0.6626477
vn 0.6214961 0.3236334 0.7134452
vn 0.6632593 0.2180392 0.7159232
vn 0.6776910 0.3135855 -0.6651309
vn 0.6199164 0.4113464 -0.6682049
vn 0.5637370 0.4214032 0.7103661
vn 0.6776910 0.3135855 -0.6651309
vn 0.5637370 0.4214032 0.7103661
vn 0.6214961 0.3236334 0.7134452
vn 0.6199164 0.4113464 -0.6682049
vn 0.5475815 0.4988574 -0.6717855
vn 0.4913870 0.5089090 0.7067889
vn 0.6199164 0.4113464 -0.6682049
vn 0.4913870 0.5089090 0.7067889
vn 0.5637370 0.4214032 0.7103661
vn 0.5475815 0.4988574 -0.6717855
vn 0.4624423 0.5739681 -0.6758016
vn 0.4062524 0.5840120 0.7027724
vn 0.5475815 0.4988574 -0.6717855
vn 0.4062524 0.5840120 0.7027724
vn 0.4913870 0.5089090 0.7067889
vn 0.4624423 0.5739681 -0.6758016
vn 0.3666032 0.6348146 -0.6801562
vn 0.3104189 0.6448670 0.6984173
vn 0.4624423 0.5739681 -0.6758016
vn 0.3104189 0.6448670 0.6984173
vn 0.4062524 0.5840120 0.7027724
vn 0.3666032 0.6348146 -0.6801562
vn 0.2624440 0.6798934 -0.6847394
vn 0.2062687 0.6899611 0.6938349
vn 0.3666032 0.6348146 -0.6801562
vn 0.2062687 0.6899611 0.6938349
vn 0.3104189 0.6448670 0.6984173
vn 0.2624440 0.6798934 -0.6847394
vn 0.1525101 0.7081252 -0.6894195
vn 0.0963338 0.7181827 0.6891541
vn 0.2624440 0.6798934 -0.6847394
vn 0.0963338 0.7181827 0.6891541
vn 0.2062687 0.6899611 0.6938349
vn 0.1525101 0.7081252 -0.6894195
vn 0.0395054 0.7187994 -0.6940943
vn -0.0166714 0.7288417 0.6844794
vn 0.1525101 0.7081252 -0.6894195
vn -0.0166714 0.7288417 0.6844794
vn 0.0963338 0.7181827 0.6891541
vn 0.0395054 0.7187994 -0.6940943
vn -0.0737731 0.7116402 -0.6986600
vn -0.1299471 0.7216852 0.6799150
vn 0.0395054 0.7187994 -0.6940943
vn -0.1299471 0.7216852 0.6799150
vn -0.0166714 0.7288417 0.6844794
vn -0.0737731 0.7116402 -0.6986600
vn -0.1845447 0.6868402 -0.7029892
vn -0.2407142 0.6968785 0.6755865
vn -0.0737731 0.7116402 -0.6986600
vn -0.2407142 0.6968785 0.6755865
vn -0.1299471 0.7216852 0.6799150
vn -0.1845447 0.6868402 -0.7029892
vn -0.2900934 0.6450007 -0.7069793
vn -0.3462563 0.6550359 0.6715910
vn -0.1845447 0.6868402 -0.7029892
vn -0.3462563 0.6550359 0.6715910
vn -0.2407142 0.6968785 0.6755865
vn -0.2900934 0.6450007 -0.7069793
vn -0.3877932 0.5871394 -0.7105517
vn -0.4439654 0.5971898 0.6680262
vn -0.2900934 0.6450007 -0.7069793
vn -0.4439654 0.5971898 0.6680262
vn -0.3462563 0.6550359 0.6715910
vn -0.3877932 0.5871394 -0.7105517
vn -0.4752409 0.5147153 -0.7135925
vn -0.5314218 0.5247782 0.6649802
vn -0.3877932 0.5871394 -0.7105517
vn -0.5314218 0.5247782 0.6649802
vn -0.4439654 0.5971898 0.6680262
vn -0.4752409 0.5147153 -0.7135925
vn -0.5503088 0.4294980 -0.7160249
vn -0.6064815 0.4395575 0.6625477
vn -0.4752409 0.5147153 -0.7135925
vn -0.6064815 0.4395575 0.6625477
vn -0.5314218 0.5247782 0.6649802
vn -0.5503088 0.4294980 -0.7160249
vn -0.6111233 0.3335802 -0.7178109
vn -0.6673110 0.3436393 0.6607633
vn -0.5503088 0.4294980 -0.7160249
vn -0.6673110 0.3436393 0.6607633
vn -0.6064815 0.4395575 0.6625477
vn -0.6111233 0.3335802 -0.7178109
vn -0.6562219 0.2293188 -0.7188781
vn -0.7123888 0.2393764 0.6596978
vn -0.6111233 0.3335802 -0.7178109
vn -0.7123888 0.2393764 0.6596978
vn -0.6673110 0.3436393 0.6607633
vn -0.6562219 0.2293188 -0.7188781
vn -0.6844688 0.1192639 -0.7192207
vn -0.7406271 0.1293209 0.6593539
vn -0.6562219 0.2293188 -0.7188781
vn -0.7406271 0.1293209 0.6593539
vn -0.7123888 0.2393764 0.6596978
vn -0.6844688 0.1192639 -0.7192207
vn -0.6951523 0.0061793 -0.7188359
vn -0.7513227 0.0162381 0.6597351
vn -0.6844688 0.1192639 -0.7192207
vn -0.7513227 0.0162381 0.6597351
vn -0.7406271 0.1293209 0.6593539
vn -0.6951523 0.0061793 -0.7188359
vn -0.6880140 -0.1071884 -0.7177376
vn -0.7442173 -0.0971313 0.6608376
vn -0.6951523 0.0061793 -0.7188359
vn -0.7442173 -0.0971313 0.6608376
vn -0.7513227 0.0162381 0.6597351
vn -0.6880140 -0.1071884 -0.7177376
vn -0.6632559 -0.2180521 -0.7159225
vn -0.7194663 -0.2080028 0.6626486
vn -0.6880140 -0.1071884 -0.7177376
vn -0.7194663 -0.2080028 0.6626486
vn -0.7442173 -0.0971313 0.6608376
vn -0.6632559 -0.2180521 -0.7159225
vn -0.6214917 -0.3236386 -0.7134466
vn -0.6776916 -0.3135904 0.6651278
vn -0.6632559 -0.2180521 -0.7159225
vn -0.6776916 -0.3135904 0.6651278
vn -0.7194663 -0.2080028 0.6626486
vn -0.6214917 -0.3236386 -0.7134466
vn -0.5637361 -0.4214022 -0.7103673
vn -0.6199152 -0.4113489 0.6682044
vn -0.6214917 -0.3236386 -0.7134466
vn -0.6199152 -0.4113489 0.6682044
vn -0.6776916 -0.3135904 0.6651278
vn -0.5637361 -0.4214022 -0.7103673
vn -0.4913877 -0.5089087 -0.7067886
vn -0.5475798 -0.4988604 0.6717847
vn -0.5637361 -0.4214022 -0.7103673
vn -0.5475798 -0.4988604 0.6717847
vn -0.6199152 -0.4113489 0.6682044
vn -0.4913877 -0.5089087 -0.7067886
vn -0.4062534 -0.5840143 -0.7027698
vn -0.4624448 -0.5739630 0.6758043
vn -0.4913877 -0.5089087 -0.7067886
vn -0.4624448 -0.5739630 0.6758043
vn -0.5475798 -0.4988604 0.6717847
vn -0.4062534 -0.5840143 -0.7027698
vn -0.3104258 -0.6448695 -0.6984119
vn -0.3666008 -0.6348085 0.6801631
vn -0.4062534 -0.5840143 -0.7027698
vn -0.3666008 -0.6348085 0.6801631
vn -0.4624448 -0.5739630 0.6758043
vn -0.3104258 -0.6448695 -0.6984119
vn -0.2062704 -0.6899591 -0.6938363
vn -0.2624443 -0.6798965 0.6847363
vn -0.3104258 -0.6448695 -0.6984119
vn -0.2624443 -0.6798965 0.6847363
vn -0.3666008 -0.6348085 0.6801631
vn -0.2062704 -0.6899591 -0.6938363
vn -0.0963312 -0.7181841 -0.6891530
vn -0.1525062 -0.7081243 0.6894214
vn -0.2062704 -0.6899591 -0.6938363
vn -0.1525062 -0.7081243 0.6894214
vn -0.2624443 -0.6798965 0.6847363
vn -0.0963312 -0.7181841 -0.6891530
vn 0.0166679 -0.7288519 -0.6844684
vn -0.0395075 -0.7187880 0.6941058
vn -0.0963312 -0.7181841 -0.6891530
vn -0.0395075 -0.7187880 0.6941058
vn -0.1525062 -0.7081243 0.6894214
vn 0.0166679 -0.7288519 -0.6844684
vn 0.1299470 -0.7216924 -0.6799071
vn 0.0737687 -0.7116345 0.6986662
vn 0.0166679 -0.7288519 -0.6844684
vn 0.0737687 -0.7116345 0.6986662
vn -0.0395075 -0.7187880 0.6941058
vn 0.1299470 -0.7216924 -0.6799071
vn 0.2407112 -0.6968887 -0.6755769
vn 0.1845375 -0.6868346 0.7029965
vn 0.1299470 -0.7216924 -0.6799071
vn 0.1845375 -0.6868346 0.7029965
vn 0.0737687 -0.7116345 0.6986662
vn 0.2407112 -0.6968887 -0.6755769
vn 0.3462480 -0.6550478 -0.6715837
vn 0.2900773 -0.6449964 0.7069899
vn 0.2407112 -0.6968887 -0.6755769
vn 0.2900773 -0.6449964 0.7069899
vn 0.1845375 -0.6868346 0.7029965
vn 0.3462480 -0.6550478 -0.6715837
vn 0.4439633 -0.5971944 -0.6680235
vn 0.3877921 -0.5871385 0.7105530
vn 0.3462480 -0.6550478 -0.6715837
vn 0.3877921 -0.5871385 0.7105530
vn 0.2900773 -0.6449964 0.7069899
vn 0.4439633 -0.5971944 -0.6680235
vn 0.5314167 -0.5247846 -0.6649792
vn 0.4752336 -0.5147220 0.7135925
vn 0.4439633 -0.5971944 -0.6680235
vn 0.4752336 -0.5147220 0.7135925
vn 0.3877921 -0.5871385 0.7105530
vn 0.5314167 -0.5247846 -0.6649792
vn 0.6064879 -0.4395549 -0.6625436
vn 0.5503052 -0.4294933 0.7160304
vn 0.5314167 -0.5247846 -0.6649792
vn 0.5503052 -0.4294933 0.7160304
vn 0.4752336 -0.5147220 0.7135925
vn 0.6064879 -0.4395549 -0.6625436
vn 0.6673241 -0.3436228 -0.6607585
vn 0.6111327 -0.3335572 0.7178137
vn 0.6064879 -0.4395549 -0.6625436
vn 0.6111327 -0.3335572 0.7178137
vn 0.5503052 -0.4294933 0.7160304
vn 0.6673241 -0.3436228 -0.6607585
vn 0.7123920 -0.2393723 -0.6596959
vn 0.6562225 -0.2293136 0.7188792
vn 0.6673241 -0.3436228 -0.6607585
vn 0.6562225 -0.2293136 0.7188792
vn 0.6111327 -0.3335572 0.7178137
vn 0.7123920 -0.2393723 -0.6596959
vn 0.7406277 -0.1293218 -0.6593530
vn 0.6844659 -0.1192659 0.7192232
vn 0.7123920 -0.2393723 -0.6596959
vn 0.6844659 -0.1192659 0.7192232
vn 0.6562225 -0.2293136 0.7188792
vn 0.7406277 -0.1293218 -0.6593530
vn 0.7513229 -0.0162341 -0.6597350
vn 0.6951520 -0.0061752 0.7188361
vn 0.7406277 -0.1293218 -0.6593530
vn 0.6951520 -0.0061752 0.7188361
vn 0.6844659 -0.1192659 0.7192232
vn 0.7513229 -0.0162341 -0.6597350
vn 0.7442189 0.0971285 -0.6608360
vn 0.6880143 0.1071860 0.7177379
vn 0.7513229 -0.0162341 -0.6597350
vn 0.6880143 0.1071860 0.7177379
vn 0.6951520 -0.0061752 0.7188361
vn 0.7442189 0.0971285 -0.6608360
vn 0.7194709 0.2079898 -0.6626477
vn 0.6632593 0.2180392 0.7159232
vn 0.7442189 0.0971285 -0.6608360
vn 0.6632593 0.2180392 0.7159232
vn 0.6880143 0.1071860 0.7177379
vn 0.0407155 -0.0072905 -0.9991442
vn 0.6776910 0.3135855 -0.6651309
vn 0.7194709 0.2079898 -0.6626477
vn -0.0407154 0.0072905 0.9991441
vn 0.6632593 0.2180392 0.7159232
vn 0.6214961 0.3236334 0.7134452
vn 0.0407155 -0.0072905 -0.9991442
vn 0.6199164 0.4113464 -0.6682049
vn 0.6776910 0.3135855 -0.6651309
vn -0.0407154 0.0072905 0.9991441
vn 0.6214961 0.3236334 0.7134452
vn 0.5637370 0.4214032 0.7103661
vn 0.0407155 -0.0072905 -0.9991442
vn 0.5475815 0.4988574 -0.6717855
vn 0.6199164 0.4113464 -0.6682049
vn -0.0407154 0.0072905 0.9991441
vn 0.5637370 0.4214032 0.7103661
vn 0.4913870 0.5089090 0.7067889
vn 0.0407155 -0.0072905 -0.9991442
vn 0.4624423 0.5739681 -0.6758016
vn 0.5475815 0.4988574 -0.6717855
vn -0.0407154 0.0072905 0.9991441
vn 0.4913870 0.5089090 0.7067889
vn 0.4062524 0.5840120 0.7027724
vn 0.0407155 -0.0072905 -0.9991442
vn 0.3666032 0.6348146 -0.6801562
vn 0.4624423 0.5739681 -0.6758016
vn -0.0407154 0.0072905 0.9991441
vn 0.4062524 0.5840120 0.7027724
vn 0.3104189 0.6448670 0.6984173
vn 0.0407155 -0.0072905 -0.9991442
vn 0.2624440 0.6798934 -0.6847394
vn 0.3666032 0.6348146 -0.6801562
vn -0.0407154 0.0072905 0.9991441
vn 0.3104189 0.6448670 0.6984173
vn 0.2062687 0.6899611 0.6938349
vn 0.0407155 -0.0072905 -0.9991442
vn 0.1525101 0.7081252 -0.6894195
vn 0.2624440 0.6798934 -0.6847394
vn -0.0407154 0.0072905 0.9991441
vn 0.2062687 0.6899611 0.6938349
vn 0.0963338 0.7181827 0.6891541
vn 0.0407155 -0.0072905 -0.9991442
vn 0.0395054 0.7187994 -0.6940943
vn 0.1525101 0.7081252 -0.6894195
vn -0.0407154 0.0072905 0.9991441
vn 0.0963338 0.7181827 0.6891541
vn -0.0166714 0.7288417 0.6844794
vn 0.0407155 -0.0072905 -0.9991442
vn -0.0737731 0.7116402 -0.6986600
vn 0.0395054 0.7187994 -0.6940943
vn -0.0407154 0.0072905 0.9991441
vn -0.0166714 0.7288417 0.6844794
vn -0.1299471 0.7216852 0.6799150
vn 0.0407155 -0.0072905 -0.9991442
vn -0.1845447 0.6868402 -0.7029892
vn -0.0737731 0.7116402 -0.6986600
vn -0.0407154 0.0072905 0.9991441
vn -0.1299471 0.7216852 0.6799150
vn -0.2407142 0.6968785 0.6755865
vn 0.0407155 -0.0072905 -0.9991442
vn -0.2900934 0.6450007 -0.7069793
vn -0.1845447 0.6868402 -0.7029892
vn -0.0407154 0.0072905 0.9991441
vn -0.2407142 0.6968785 0.6755865
vn -0.3462563 0.6550359 0.6715910
vn 0.0407155 -0.0072905 -0.9991442
vn -0.3877932 0.5871394 -0.7105517
vn -0.2900934 0.6450007 -0.7069793
vn -0.0407154 0.0072905 0.9991441
vn -0.3462563 0.6550359 0.6715910
vn -0.4439654 0.5971898 0.6680262
vn 0.0407155 -0.0072905 -0.9991442
vn -0.4752409 0.5147153 -0.7135925
vn -0.3877932 0.5871394 -0.7105517
vn -0.0407154 0.0072905 0.9991441
vn -0.4439654 0.5971898 0.6680262
vn -0.5314218 0.5247782 0.6649802
vn 0.0407155 -0.0072905 -0.9991442
vn -0.5503088 0.4294980 -0.7160249
vn -0.4752409 0.5147153 -0.7135925
vn -0.0407154 0.0072905 0.9991441
vn -0.5314218 0.5247782 0.6649802
vn -0.6064815 0.4395575 0.6625477
vn 0.0407155 -0.0072905 -0.9991442
vn -0.6111233 0.3335802 -0.7178109
vn -0.5503088 0.4294980 -0.7160249
vn -0.0407154 0.0072905 0.9991441
vn -0.6064815 0.4395575 0.6625477
vn -0.6673110 0.3436393 0.6607633
vn 0.0407155 -0.0072905 -0.9991442
vn -0.6562219 0.2293188 -0.7188781
vn -0.6111233 0.3335802 -0.7178109
vn -0.0407154 0.0072905 0.9991441
vn -0.6673110 0.3436393 0.6607633
vn -0.7123888 0.2393764 0.6596978
vn 0.0407155 -0.0072905 -0.9991442
vn -0.6844688 0.1192639 -0.7192207
vn -0.6562219 0.2293188 -0.7188781
vn -0.0407154 0.0072905 0.9991441
vn -0.7123888 0.2393764 0.6596978
vn -0.7406271 0.1293209 0.6593539
vn 0.0407155 -0.0072905 -0.9991442
vn -0.6951523 0.0061793 -0.7188359
vn -0.6844688 0.1192639 -0.7192207
vn -0.0407154 0.0072905 0.9991441
vn -0.7406271 0.1293209 0.6593539
vn -0.7513227 0.0162381 0.6597351
vn 0.0407155 -0.0072905 -0.9991442
vn -0.6880140 -0.1071884 -0.7177376
vn -0.6951523 0.0061793 -0.7188359
vn -0.0407154 0.0072905 0.9991441
vn -0.7513227 0.0162381 0.6597351
vn -0.7442173 -0.0971313 0.6608376
vn 0.0407155 -0.0072905 -0.9991442
vn -0.6632559 -0.2180521 -0.7159225
vn -0.6880140 -0.1071884 -0.7177376
vn -0.0407154 0.0072905 0.9991441
vn -0.7442173 -0.0971313 0.6608376
vn -0.7194663 -0.2080028 0.6626486
vn 0.0407155 -0.0072905 -0.9991442
vn -0.6214917 -0.3236386 -0.7134466
vn -0.6632559 -0.2180521 -0.7159225
vn -0.0407154 0.0072905 0.9991441
vn -0.7194663 -0.2080028 0.6626486
vn -0.6776916 -0.3135904 0.6651278
vn 0.0407155 -0.0072905 -0.9991442
vn -0.5637361 -0.4214022 -0.7103673
vn -0.6214917 -0.3236386 -0.7134466
vn -0.0407154 0.0072905 0.9991441
vn -0.6776916 -0.3135904 0.6651278
vn -0.6199152 -0.4113489 0.6682044
vn 0.0407155 -0.0072905 -0.9991442
vn -0.4913877 -0.5089087 -0.7067886
vn -0.5637361 -0.4214022 -0.7103673
vn -0.0407154 0.0072905 0.9991441
vn -0.6199152 -0.4113489 0.6682044
vn -0.5475798 -0.4988604 0.6717847
vn 0.0407155 -0.0072905 -0.9991442
vn -0.4062534 -0.5840143 -0.7027698
vn -0.4913877 -0.5089087 -0.7067886
vn -0.0407154 0.0072905 0.9991441
vn -0.5475798 -0.4988604 0.6717847
vn -0.4624448 -0.5739630 0.6758043
vn 0.0407155 -0.0072905 -0.9991442
vn -0.3104258 -0.6448695 -0.6984119
vn -0.4062534 -0.5840143 -0.7027698
vn -0.0407154 0.0072905 0.9991441
vn -0.4624448 -0.5739630 0.6758043
vn -0.3666008 -0.6348085 0.6801631
vn 0.0407155 -0.0072905 -0.9991442
vn -0.2062704 -0.6899591 -0.6938363
vn -0.3104258 -0.6448695 -0.6984119
vn -0.0407154 0.0072905 0.9991441
vn -0.3666008 -0.6348085 0.6801631
vn -0.2624443 -0.6798965 0.6847363
vn 0.0407155 -0.0072905 -0.9991442
vn -0.0963312 -0.7181841 -0.6891530
vn -0.2062704 -0.6899591 -0.6938363
vn -0.0407154 0.0072905 0.9991441
vn -0.2624443 -0.6798965 0.6847363
vn -0.1525062 -0.7081243 0.6894214
vn 0.0407155 -0.0072905 -0.9991442
vn 0.0166679 -0.7288519 -0.6844684
vn -0.0963312 -0.7181841 -0.6891530
vn -0.0407154 0.0072905 0.9991441
vn -0.1525062 -0.7081243 0.6894214
vn -0.0395075 -0.7187880 0.6941058
vn 0.0407155 -0.0072905 -0.9991442
vn 0.1299470 -0.7216924 -0.6799071
vn 0.0166679 -0.7288519 -0.6844684
vn -0.0407154 0.0072905 0.9991441
vn -0.0395075 -0.7187880 0.6941058
vn 0.0737687 -0.7116345 0.6986662
vn 0.0407155 -0.0072905 -0.9991442
vn 0.2407112 -0.6968887 -0.6755769
vn 0.1299470 -0.7216924 -0.6799071
vn -0.0407154 0.0072905 0.9991441
vn 0.0737687 -0.7116345 0.6986662
vn 0.1845375 -0.6868346 0.7029965
vn 0.0407155 -0.0072905 -0.9991442
vn 0.3462480 -0.6550478 -0.6715837
vn 0.2407112 -0.6968887 -0.6755769
vn -0.0407154 0.0072905 0.9991441
vn 0.1845375 -0.6868346 0.7029965
vn 0.2900773 -0.6449964 0.7069899
vn 0.0407155 -0.0072905 -0.9991442
vn 0.4439633 -0.5971944 -0.6680235
vn 0.3462480 -0.6550478 -0.6715837
vn -0.0407154 0.0072905 0.9991441
vn 0.2900773 -0.6449964 0.7069899
vn 0.3877921 -0.5871385 0.7105530
vn 0.0407155 -0.0072905 -0.9991442
vn 0.5314167 -0.5247846 -0.6649792
vn 0.4439633 -0.5971944 -0.6680235
vn -0.0407154 0.0072905 0.9991441
vn 0.3877921 -0.5871385 0.7105530
vn 0.4752336 -0.5147220 0.7135925
vn 0.0407155 -0.0072905 -0.9991442
vn 0.6064879 -0.4395549 -0.6625436
vn 0.5314167 -0.5247846 -0.6649792
vn -0.0407154 0.0072905 0.9991441
vn 0.4752336 -0.5147220 0.7135925
vn 0.5503052 -0.4294933 0.7160304
vn 0.0407155 -0.0072905 -0.9991442
vn 0.6673241 -0.3436228 -0.6607585
vn 0.6064879 -0.4395549 -0.6625436
vn -0.0407154 0.0072905 0.9991441
vn 0.5503052 -0.4294933 0.7160304
vn 0.6111327 -0.3335572 0.7178137
vn 0.0407155 -0.0072905 -0.9991442
vn 0.7123920 -0.2393723 -0.6596959
vn 0.6673241 -0.3436228 -0.6607585
vn -0.0407154 0.0072905 0.9991441
vn 0.6111327 -0.3335572 0.7178137
vn 0.6562225 -0.2293136 0.7188792
vn 0.0407155 -0.0072905 -0.9991442
vn 0.7406277 -0.1293218 -0.6593530
vn 0.7123920 -0.2393723 -0.6596959
vn -0.0407154 0.0072905 0.9991441
vn 0.6562225 -0.2293136 0.7188792
vn 0.6844659 -0.1192659 0.7192232
vn 0.0407155 -0.0072905 -0.9991442
vn 0.7513229 -0.0162341 -0.6597350
vn 0.7406277 -0.1293218 -0.6593530
vn -0.0407154 0.0072905 0.9991441
vn 0.6844659 -0.1192659 0.7192232
vn 0.6951520 -0.0061752 0.7188361
vn 0.0407155 -0.0072905 -0.9991442
vn 0.7442189 0.0971285 -0.6608360
vn 0.7513229 -0.0162341 -0.6597350
vn -0.0407154 0.0072905 0.9991441
vn 0.6951520 -0.0061752 0.7188361
vn 0.6880143 0.1071860 0.7177379
vn 0.0407155 -0.0072905 -0.9991442
vn 0.7194709 0.2079898 -0.6626477
vn 0.7442189 0.0971285 -0.6608360
vn -0.0407154 0.0072905 0.9991441
vn 0.6880143 0.1071860 0.7177379
vn 0.6632593 0.2180392 0.7159232
vn 0.7559508 0.1040873 -0.6463003
vn 0.7259741 0.2134099 -0.6537719
vn 0.6328802 0.2818269 0.7211355
vn 0.7559508 0.1040873 -0.6463003
vn 0.6328802 0.2818269 0.7211355
vn 0.6628498 0.1724971 0.7286116
vn 0.7259741 0.2134099 -0.6537719
vn 0.6792664 0.3166416 -0.6620690
vn 0.5861711 0.3850544 0.7128370
vn 0.7259741 0.2134099 -0.6537719
vn 0.5861711 0.3850544 0.7128370
vn 0.6328802 0.2818269 0.7211355
vn 0.6792664 0.3166416 -0.6620690
vn 0.6169949 0.4111984 -0.6709940
vn 0.5238931 0.4796169 0.7039202
vn 0.6792664 0.3166416 -0.6620690
vn 0.5238931 0.4796169 0.7039202
vn 0.5861711 0.3850544 0.7128370
vn 0.6169949 0.4111984 -0.6709940
vn 0.5406735 0.4948244 -0.6803094
vn 0.4475577 0.5632314 0.6945952
vn 0.6169949 0.4111984 -0.6709940
vn 0.4475577 0.5632314 0.6945952
vn 0.5238931 0.4796169 0.7039202
vn 0.5406735 0.4948244 -0.6803094
vn 0.4521679 0.5654246 -0.6898109
vn 0.3590466 0.6338170 0.6850997
vn 0.5406735 0.4948244 -0.6803094
vn 0.3590466 0.6338170 0.6850997
vn 0.4475577 0.5632314 0.6945952
vn 0.4521679 0.5654246 -0.6898109
vn 0.3536805 0.6212329 -0.6992710
vn 0.2605696 0.6896536 0.6756340
vn 0.4521679 0.5654246 -0.6898109
vn 0.2605696 0.6896536 0.6756340
vn 0.3590466 0.6338170 0.6850997
vn 0.3536805 0.6212329 -0.6992710
vn 0.2476383 0.6609210 -0.7084199
vn 0.1545245 0.7293253 0.6664883
vn 0.3536805 0.6212329 -0.6992710
vn 0.1545245 0.7293253 0.6664883
vn 0.2605696 0.6896536 0.6756340
vn 0.2476383 0.6609210 -0.7084199
vn 0.1366464 0.6834908 -0.7170552
vn 0.0435338 0.7518818 0.6578590
vn 0.2476383 0.6609210 -0.7084199
vn 0.0435338 0.7518818 0.6578590
vn 0.1545245 0.7293253 0.6664883
vn 0.1366464 0.6834908 -0.7170552
vn 0.0234306 0.6883678 -0.7249833
vn -0.0696842 0.7567999 0.6499216
vn 0.1366464 0.6834908 -0.7170552
vn -0.0696842 0.7567999 0.6499216
vn 0.0435338 0.7518818 0.6578590
vn 0.0234306 0.6883678 -0.7249833
vn -0.0892117 0.6754642 -0.7319763
vn -0.1823296 0.7439012 0.6429361
vn 0.0234306 0.6883678 -0.7249833
vn -0.1823296 0.7439012 0.6429361
vn -0.0696842 0.7567999 0.6499216
vn -0.0892117 0.6754642 -0.7319763
vn -0.1985147 0.6451182 -0.7378444
vn -0.2916251 0.7135212 0.6370575
vn -0.0892117 0.6754642 -0.7319763
vn -0.2916251 0.7135212 0.6370575
vn -0.1823296 0.7439012 0.6429361
vn -0.1985147 0.6451182 -0.7378444
vn -0.3017796 0.5980086 -0.7425058
vn -0.3949077 0.6664199 0.6324021
vn -0.1985147 0.6451182 -0.7378444
vn -0.3949077 0.6664199 0.6324021
vn -0.2916251 0.7135212 0.6370575
vn -0.3017796 0.5980086 -0.7425058
vn -0.3964707 0.5353270 -0.7458124
vn -0.4896052 0.6037604 0.6290947
vn -0.3017796 0.5980086 -0.7425058
vn -0.4896052 0.6037604 0.6290947
vn -0.3949077 0.6664199 0.6324021
vn -0.3964707 0.5353270 -0.7458124
vn -0.4802534 0.4586342 -0.7476707
vn -0.5733939 0.5270613 0.6272366
vn -0.3964707 0.5353270 -0.7458124
vn -0.5733939 0.5270613 0.6272366
vn -0.4896052 0.6037604 0.6290947
vn -0.4802534 0.4586342 -0.7476707
vn -0.5510715 0.3698192 -0.7480333
vn -0.6441944 0.4382267 0.6268739
vn -0.4802534 0.4586342 -0.7476707
vn -0.6441944 0.4382267 0.6268739
vn -0.5733939 0.5270613 0.6272366
vn -0.5510715 0.3698192 -0.7480333
vn -0.6071736 0.2710571 -0.7469057
vn -0.7002766 0.3394542 0.6279997
vn -0.5510715 0.3698192 -0.7480333
vn -0.7002766 0.3394542 0.6279997
vn -0.6441944 0.4382267 0.6268739
vn -0.6071736 0.2710571 -0.7469057
vn -0.6471666 0.1647716 -0.7443290
vn -0.7402672 0.2331749 0.6305821
vn -0.6071736 0.2710571 -0.7469057
vn -0.7402672 0.2331749 0.6305821
vn -0.7002766 0.3394542 0.6279997
vn -0.6471666 0.1647716 -0.7443290
vn -0.6700795 0.0535782 -0.7403532
vn -0.7631882 0.1219804 0.6345586
vn -0.6471666 0.1647716 -0.7443290
vn -0.7631882 0.1219804 0.6345586
vn -0.7402672 0.2331749 0.6305821
vn -0.6700795 0.0535782 -0.7403532
vn -0.6753532 -0.0597875 -0.7350671
vn -0.7684622 0.0086169 0.6398370
vn -0.6700795 0.0535782 -0.7403532
vn -0.7684622 0.0086169 0.6398370
vn -0.7631882 0.1219804 0.6345586
vn -0.6753532 -0.0597875 -0.7350671
vn -0.6628408 -0.1724952 -0.7286203
vn -0.7559590 -0.1040913 0.6462902
vn -0.6753532 -0.0597875 -0.7350671
vn -0.7559590 -0.1040913 0.6462902
vn -0.7684622 0.0086169 0.6398370
vn -0.6628408 -0.1724952 -0.7286203
vn -0.6328799 -0.2818103 -0.7211422
vn -0.7259834 -0.2134008 0.6537646
vn -0.6628408 -0.1724952 -0.7286203
vn -0.7259834 -0.2134008 0.6537646
vn -0.7559590 -0.1040913 0.6462902
vn -0.6328799 -0.2818103 -0.7211422
vn -0.5861692 -0.3850535 -0.7128389
vn -0.6792642 -0.3166427 0.6620706
vn -0.6328799 -0.2818103 -0.7211422
vn -0.6792642 -0.3166427 0.6620706
vn -0.7259834 -0.2134008 0.6537646
vn -0.5861692 -0.3850535 -0.7128389
vn -0.5238822 -0.4796306 -0.7039191
vn -0.6169849 -0.4112135 0.6709941
vn -0.5861692 -0.3850535 -0.7128389
vn -0.6169849 -0.4112135 0.6709941
vn -0.6792642 -0.3166427 0.6620706
vn -0.5238822 -0.4796306 -0.7039191
vn -0.4475642 -0.5632446 -0.6945803
vn -0.5406604 -0.4948175 0.6803250
vn -0.5238822 -0.4796306 -0.7039191
vn -0.5406604 -0.4948175 0.6803250
vn -0.6169849 -0.4112135 0.6709941
vn -0.4475642 -0.5632446 -0.6945803
vn -0.3590623 -0.6338243 -0.6850846
vn -0.4521684 -0.5654078 0.6898245
vn -0.4475642 -0.5632446 -0.6945803
vn -0.4521684 -0.5654078 0.6898245
vn -0.5406604 -0.4948175 0.6803250
vn -0.3590623 -0.6338243 -0.6850846
vn -0.2605764 -0.6896319 -0.6756535
vn -0.3537003 -0.6212369 0.6992575
vn -0.3590623 -0.6338243 -0.6850846
vn -0.3537003 -0.6212369 0.6992575
vn -0.4521684 -0.5654078 0.6898245
vn -0.2605764 -0.6896319 -0.6756535
vn -0.1545264 -0.7293261 -0.6664873
vn -0.2476450 -0.6609179 0.7084204
vn -0.2605764 -0.6896319 -0.6756535
vn -0.2476450 -0.6609179 0.7084204
vn -0.3537003 -0.6212369 0.6992575
vn -0.1545264 -0.7293261 -0.6664873
vn -0.0435291 -0.7518992 -0.6578395
vn -0.1366385 -0.6834800 0.7170668
vn -0.1545264 -0.7293261 -0.6664873
vn -0.1366385 -0.6834800 0.7170668
vn -0.2476450 -0.6609179 0.7084204
vn -0.0435291 -0.7518992 -0.6578395
vn 0.0696841 -0.7567708 -0.6499555
vn -0.0234289 -0.6883957 0.7249569
vn -0.0435291 -0.7518992 -0.6578395
vn -0.0234289 -0.6883957 0.7249569
vn -0.1366385 -0.6834800 0.7170668
vn 0.0696841 -0.7567708 -0.6499555
vn 0.1823236 -0.7438818 -0.6429604
vn 0.0892154 -0.6754977 0.7319450
vn 0.0696841 -0.7567708 -0.6499555
vn 0.0892154 -0.6754977 0.7319450
vn -0.0234289 -0.6883957 0.7249569
vn 0.1823236 -0.7438818 -0.6429604
vn 0.2916343 -0.7135134 -0.6370622
vn 0.1985211 -0.6451131 0.7378471
vn 0.1823236 -0.7438818 -0.6429604
vn 0.1985211 -0.6451131 0.7378471
vn 0.0892154 -0.6754977 0.7319450
vn 0.2916343 -0.7135134 -0.6370622
vn 0.3949048 -0.6664213 -0.6324025
vn 0.3017837 -0.5980017 0.7425098
vn 0.2916343 -0.7135134 -0.6370622
vn 0.3017837 -0.5980017 0.7425098
vn 0.1985211 -0.6451131 0.7378471
vn 0.3949048 -0.6664213 -0.6324025
vn 0.4896088 -0.6037606 -0.6290916
vn 0.3964785 -0.5353272 0.7458081
vn 0.3949048 -0.6664213 -0.6324025
vn 0.3964785 -0.5353272 0.7458081
vn 0.3017837 -0.5980017 0.7425098
vn 0.4896088 -0.6037606 -0.6290916
vn 0.5733837 -0.5270593 -0.6272477
vn 0.4802515 -0.4586454 0.7476649
vn 0.4896088 -0.6037606 -0.6290916
vn 0.4802515 -0.4586454 0.7476649
vn 0.3964785 -0.5353272 0.7458081
vn 0.5733837 -0.5270593 -0.6272477
vn 0.6441714 -0.4382411 -0.6268875
vn 0.5510728 -0.3698479 0.7480183
vn 0.5733837 -0.5270593 -0.6272477
vn 0.5510728 -0.3698479 0.7480183
vn 0.4802515 -0.4586454 0.7476649
vn 0.6441714 -0.4382411 -0.6268875
vn 0.7002667 -0.3394594 -0.6280079
vn 0.6071771 -0.2710635 0.7469006
vn 0.6441714 -0.4382411 -0.6268875
vn 0.6071771 -0.2710635 0.7469006
vn 0.5510728 -0.3698479 0.7480183
vn 0.7002667 -0.3394594 -0.6280079
vn 0.7402678 -0.2331638 -0.6305857
vn 0.6471711 -0.1647654 0.7443265
vn 0.7002667 -0.3394594 -0.6280079
vn 0.6471711 -0.1647654 0.7443265
vn 0.6071771 -0.2710635 0.7469006
vn 0.7402678 -0.2331638 -0.6305857
vn 0.7631875 -0.1219825 -0.6345591
vn 0.6700785 -0.0535762 0.7403542
vn 0.7402678 -0.2331638 -0.6305857
vn 0.6700785 -0.0535762 0.7403542
vn 0.6471711 -0.1647654 0.7443265
vn 0.7631875 -0.1219825 -0.6345591
vn 0.7684584 -0.0086196 -0.6398416
vn 0.6753562 0.0597826 0.7350646
vn 0.7631875 -0.1219825 -0.6345591
vn 0.6753562 0.0597826 0.7350646
vn 0.6700785 -0.0535762 0.7403542
vn 0.7684584 -0.0086196 -0.6398416
vn 0.7559508 0.1040873 -0.6463003
vn 0.6628498 0.1724971 0.7286116
vn 0.7684584 -0.0086196 -0.6398416
vn 0.6628498 0.1724971 0.7286116
vn 0.6753562 0.0597826 0.7350646
vn 0.0674863 -0.0495778 -0.9964876
vn 0.7259741 0.2134099 -0.6537719
vn 0.7559508 0.1040873 -0.6463003
vn -0.0674864 0.0495779 0.9964876
vn 0.6628498 0.1724971 0.7286116
vn 0.6328802 0.2818269 0.7211355
vn 0.0674863 -0.0495778 -0.9964876
vn 0.6792664 0.3166416 -0.6620690
vn 0.7259741 0.2134099 -0.6537719
vn -0.0674864 0.0495779 0.9964876
vn 0.6328802 0.2818269 0.7211355
vn 0.5861711 0.3850544 0.7128370
vn 0.0674863 -0.0495778 -0.9964876
vn 0.6169949 0.4111984 -0.6709940
vn 0.6792664 0.3166416 -0.6620690
vn -0.0674864 0.0495779 0.9964876
vn 0.5861711 0.3850544 0.7128370
vn 0.5238931 0.4796169 0.7039202
vn 0.0674863 -0.0495778 -0.9964876
vn 0.5406735 0.4948244 -0.6803094
vn 0.6169949 0.4111984 -0.6709940
vn -0.0674864 0.0495779 0.9964876
vn 0.5238931 0.4796169 0.7039202
vn 0.4475577 0.5632314 0.6945952
vn 0.0674863 -0.0495778 -0.9964876
vn 0.4521679 0.5654246 -0.6898109
vn 0.5406735 0.4948244 -0.6803094
vn -0.0674864 0.0495779 0.9964876
vn 0.4475577 0.5632314 0.6945952
vn 0.3590466 0.6338170 0.6850997
vn 0.0674863 -0.0495778 -0.9964876
vn 0.3536805 0.6212329 -0.6992710
vn 0.4521679 0.5654246 -0.6898109
vn -0.0674864 0.0495779 0.9964876
vn 0.3590466 0.6338170 0.6850997
vn 0.2605696 0.6896536 0.6756340
vn 0.0674863 -0.0495778 -0.9964876
vn 0.2476383 0.6609210 -0.7084199
vn 0.3536805 0.6212329 -0.6992710
vn -0.0674864 0.0495779 0.9964876
vn 0.2605696 0.6896536 0.6756340
vn 0.1545245 0.7293253 0.6664883
vn 0.0674863 -0.0495778 -0.9964876
vn 0.1366464 0.6834908 -0.7170552
vn 0.2476383 0.6609210 -0.7084199
vn -0.0674864 0.0495779 0.9964876
vn 0.1545245 0.7293253 0.6664883
vn 0.0435338 0.7518818 0.6578590
vn 0.0674863 -0.0495778 -0.9964876
vn 0.0234306 0.6883678 -0.7249833
vn 0.1366464 0.6834908 -0.7170552
vn -0.0674864 0.0495779 0.9964876
vn 0.0435338 0.7518818 0.6578590
vn -0.0696842 0.7567999 0.6499216
vn 0.0674863 -0.0495778 -0.9964876
vn -0.0892117 0.6754642 -0.7319763
vn 0.0234306 0.6883678 -0.7249833
vn -0.0674864 0.0495779 0.9964876
vn -0.0696842 0.7567999 0.6499216
vn -0.1823296 0.7439012 0.6429361
vn 0.0674863 -0.0495778 -0.9964876
vn -0.1985147 0.6451182 -0.7378444
vn -0.0892117 0.6754642 -0.7319763
vn -0.0674864 0.0495779 0.9964876
vn -0.1823296 0.7439012 0.6429361
vn -0.2916251 0.7135212 0.6370575
vn 0.0674863 -0.0495778 -0.9964876
vn -0.3017796 0.5980086 -0.7425058
vn -0.1985147 0.6451182 -0.7378444
vn -0.0674864 0.0495779 0.9964876
vn -0.2916251 0.7135212 0.6370575
vn -0.3949077 0.6664199 0.6324021
vn 0.0674863 -0.0495778 -0.9964876
vn -0.3964707 0.5353270 -0.7458124
vn -0.3017796 0.5980086 -0.7425058
vn -0.0674864 0.0495779 0.9964876
vn -0.3949077 0.6664199 0.6324021
vn -0.4896052 0.6037604 0.6290947
vn 0.0674863 -0.0495778 -0.9964876
vn -0.4802534 0.4586342 -0.7476707
vn -0.3964707 0.5353270 -0.7458124
vn -0.0674864 0.0495779 0.9964876
vn -0.4896052 0.6037604 0.6290947
vn -0.5733939 0.5270613 0.6272366
vn 0.0674863 -0.0495778 -0.9964876
vn -0.5510715 0.3698192 -0.7480333
vn -0.4802534 0.4586342 -0.7476707
vn -0.0674864 0.0495779 0.9964876
vn -0.5733939 0.5270613 0.6272366
vn -0.6441944 0.4382267 0.6268739
vn 0.0674863 -0.0495778 -0.9964876
vn -0.6071736 0.2710571 -0.7469057
vn -0.5510715 0.3698192 -0.7480333
vn -0.0674864 0.0495779 0.9964876
vn -0.6441944 0.4382267 0.6268739
vn -0.7002766 0.3394542 0.6279997
vn 0.0674863 -0.0495778 -0.9964876
vn -0.6471666 0.1647716 -0.7443290
vn -0.6071736 0.2710571 -0.7469057
vn -0.0674864 0.0495779 0.9964876
vn -0.7002766 0.3394542 0.6279997
vn -0.7402672 0.2331749 0.6305821
vn 0.0674863 -0.0495778 -0.9964876
vn -0.6700795 0.0535782 -0.7403532
vn -0.6471666 0.1647716 -0.7443290
vn -0.0674864 0.0495779 0.9964876
vn -0.7402672 0.2331749 0.6305821
vn -0.7631882 0.1219804 0.6345586
vn 0.0674863 -0.0495778 -0.9964876
vn -0.6753532 -0.0597875 -0.7350671
vn -0.6700795 0.0535782 -0.7403532
vn -0.0674864 0.0495779 0.9964876
vn -0.7631882 0.1219804 0.6345586
vn -0.7684622 0.0086169 0.6398370
vn 0.0674863 -0.0495778 -0.9964876
vn -0.6628408 -0.1724952 -0.7286203
vn -0.6753532 -0.0597875 -0.7350671
vn -0.0674864 0.0495779 0.9964876
vn -0.7684622 0.0086169 0.6398370
vn -0.7559590 -0.1040913 0.6462902
vn 0.0674863 -0.0495778 -0.9964876
vn -0.6328799 -0.2818103 -0.7211422
vn -0.6628408 -0.1724952 -0.7286203
vn -0.0674864 0.0495779 0.9964876
vn -0.7559590 -0.1040913 0.6462902
vn -0.7259834 -0.2134008 0.6537646
vn 0.0674863 -0.0495778 -0.9964876
vn -0.5861692 -0.3850535 -0.7128389
vn -0.6328799 -0.2818103 -0.7211422
vn -0.0674864 0.0495779 0.9964876
vn -0.7259834 -0.2134008 0.6537646
vn -0.6792642 -0.3166427 0.6620706
vn 0.0674863 -0.0495778 -0.9964876
vn -0.5238822 -0.4796306 -0.7039191
vn -0.5861692 -0.3850535 -0.7128389
vn -0.0674864 0.0495779 0.9964876
vn -0.6792642 -0.3166427 0.6620706
vn -0.6169849 -0.4112135 0.6709941
vn 0.0674863 -0.0495778 -0.9964876
vn -0.4475642 -0.5632446 -0.6945803
vn -0.5238822 -0.4796306 -0.7039191
vn -0.0674864 0.0495779 0.9964876
vn -0.6169849 -0.4112135 0.6709941
vn -0.5406604 -0.4948175 0.6803250
vn 0.0674863 -0.0495778 -0.9964876
vn -0.3590623 -0.6338243 -0.6850846
vn -0.4475642 -0.5632446 -0.6945803
vn -0.0674864 0.0495779 0.9964876
vn -0.5406604 -0.4948175 0.6803250
vn -0.4521684 -0.5654078 0.6898245
vn 0.0674863 -0.0495778 -0.9964876
vn -0.2605764 -0.6896319 -0.6756535
vn -0.3590623 -0.6338243 -0.6850846
vn -0.0674864 0.0495779 0.9964876
vn -0.4521684 -0.5654078 0.6898245
vn -0.3537003 -0.6212369 0.6992575
vn 0.0674863 -0.0495778 -0.9964876
vn -0.1545264 -0.7293261 -0.6664873
vn -0.2605764 -0.6896319 -0.6756535
vn -0.0674864 0.0495779 0.9964876
vn -0.3537003 -0.6212369 0.6992575
vn -0.2476450 -0.6609179 0.7084204
vn 0.0674863 -0.0495778 -0.9964876
vn -0.0435291 -0.7518992 -0.6578395
vn -0.1545264 -0.7293261 -0.6664873
vn -0.0674864 0.0495779 0.9964876
vn -0.2476450 -0.6609179 0.7084204
vn -0.1366385 -0.6834800 0.7170668
vn 0.0674863 -0.0495778 -0.9964876
vn 0.0696841 -0.7567708 -0.6499555
vn -0.0435291 -0.7518992 -0.6578395
vn -0.0674864 0.0495779 0.9964876
vn -0.1366385 -0.6834800 0.7170668
vn -0.0234289 -0.6883957 0.7249569
vn 0.0674863 -0.0495778 -0.9964876
vn 0.1823236 -0.7438818 -0.6429604
vn 0.0696841 -0.7567708 -0.6499555
vn -0.0674864 0.0495779 0.9964876
vn -0.0234289 -0.6883957 0.7249569
vn 0.0892154 -0.6754977 0.7319450
vn 0.0674863 -0.0495778 -0.9964876
vn 0.2916343 -0.7135134 -0.6370622
vn 0.1823236 -0.7438818 -0.6429604
vn -0.0674864 0.0495779 0.9964876
vn 0.0892154 -0.6754977 0.7319450
vn 0.1985211 -0.6451131 0.7378471
vn 0.0674863 -0.0495778 -0.9964876
vn 0.3949048 -0.6664213 -0.6324025
vn 0.2916343 -0.7135134 -0.6370622
vn -0.0674864 0.0495779 0.9964876
vn 0.1985211 -0.6451131 0.7378471
vn 0.3017837 -0.5980017 0.7425098
vn 0.0674863 -0.0495778 -0.9964876
vn 0.4896088 -0.6037606 -0.6290916
vn 0.3949048 -0.6664213 -0.6324025
vn -0.0674864 0.0495779 0.9964876
vn 0.3017837 -0.5980017 0.7425098
vn 0.3964785 -0.5353272 0.7458081
vn 0.0674863 -0.0495778 -0.9964876
vn 0.5733837 -0.5270593 -0.6272477
vn 0.4896088 -0.6037606 -0.6290916
vn -0.0674864 0.0495779 0.9964876
vn 0.3964785 -0.5353272 0.7458081
vn 0.4802515 -0.4586454 0.7476649
vn 0.0674863 -0.0495778 -0.9964876
vn 0.6441714 -0.4382411 -0.6268875
vn 0.5733837 -0.5270593 -0.6272477
vn -0.0674864 0.0495779 0.9964876
vn 0.4802515 -0.4586454 0.7476649
vn 0.5510728 -0.3698479 0.7480183
vn 0.0674863 -0.0495778 -0.9964876
vn 0.7002667 -0.3394594 -0.6280079
vn 0.6441714 -0.4382411 -0.6268875
vn -0.0674864 0.0495779 0.9964876
vn 0.5510728 -0.3698479 0.7480183
vn 0.6071771 -0.2710635 0.7469006
vn 0.0674863 -0.0495778 -0.9964876
vn 0.7402678 -0.2331638 -0.6305857
vn 0.7002667 -0.3394594 -0.6280079
vn -0.0674864 0.0495779 0.9964876
vn 0.6071771 -0.2710635 0.7469006
vn 0.6471711 -0.1647654 0.7443265
vn 0.0674863 -0.0495778 -0.9964876
vn 0.7631875 -0.1219825 -0.6345591
vn 0.7402678 -0.2331638 -0.6305857
vn -0.0674864 0.0495779 0.9964876
vn 0.6471711 -0.1647654 0.7443265
vn 0.6700785 -0.0535762 0.7403542
vn 0.0674863 -0.0495778 -0.9964876
vn 0.7684584 -0.0086196 -0.6398416
vn 0.7631875 -0.1219825 -0.6345591
vn -0.0674864 0.0495779 0.9964876
vn 0.6700785 -0.0535762 0.7403542
vn 0.6753562 0.0597826 0.7350646
vn 0.0674863 -0.0495778 -0.9964876
vn 0.7559508 0.1040873 -0.6463003
vn 0.7684584 -0.0086196 -0.6398416
vn -0.0674864 0.0495779 0.9964876
vn 0.6753562 0.0597826 0.7350646
vn 0.6628498 0.1724971 0.7286116
vn 0.7084197 -0.0228794 -0.7054205
vn 0.6998487 0.0903612 -0.7085525
vn 0.7305056 0.1307749 0.6702682
vn 0.7084197 -0.0228794 -0.7054205
vn 0.7305056 0.1307749 0.6702682
vn 0.7390687 0.0175328 0.6734018
vn 0.6998487 0.0903612 -0.7085525
vn 0.6736630 0.2008729 -0.7112160
vn 0.7043289 0.2412927 0.6676067
vn 0.6998487 0.0903612 -0.7085525
vn 0.7043289 0.2412927 0.6676067
vn 0.7305056 0.1307749 0.6702682
vn 0.6736630 0.2008729 -0.7112160
vn 0.6305200 0.3059285 -0.7133388
vn 0.6611907 0.3463460 0.6654857
vn 0.6736630 0.2008729 -0.7112160
vn 0.6611907 0.3463460 0.6654857
vn 0.7043289 0.2412927 0.6676067
vn 0.6305200 0.3059285 -0.7133388
vn 0.5714842 0.4029726 -0.7148558
vn 0.6021318 0.4433843 0.6639636
vn 0.6305200 0.3059285 -0.7133388
vn 0.6021318 0.4433843 0.6639636
vn 0.6611907 0.3463460 0.6654857
vn 0.5714842 0.4029726 -0.7148558
vn 0.4979971 0.4895924 -0.7157500
vn 0.5286301 0.5299878 0.6630710
vn 0.5714842 0.4029726 -0.7148558
vn 0.5286301 0.5299878 0.6630710
vn 0.6021318 0.4433843 0.6639636
vn 0.4979971 0.4895924 -0.7157500
vn 0.4118512 0.5636300 -0.7160305
vn 0.4425142 0.6040601 0.6627915
vn 0.4979971 0.4895924 -0.7157500
vn 0.4425142 0.6040601 0.6627915
vn 0.5286301 0.5299878 0.6630710
vn 0.4118512 0.5636300 -0.7160305
vn 0.3152008 0.6233212 -0.7156249
vn 0.3458527 0.6637412 0.6631994
vn 0.4118512 0.5636300 -0.7160305
vn 0.3458527 0.6637412 0.6631994
vn 0.4425142 0.6040601 0.6627915
vn 0.3152008 0.6233212 -0.7156249
vn 0.2104157 0.6671776 -0.7145622
vn 0.2410564 0.7075682 0.6642582
vn 0.3152008 0.6233212 -0.7156249
vn 0.2410564 0.7075682 0.6642582
vn 0.3458527 0.6637412 0.6631994
vn 0.2104157 0.6671776 -0.7145622
vn 0.1000584 0.6940917 -0.7128990
vn 0.1307098 0.7344812 0.6659222
vn 0.2104157 0.6671776 -0.7145622
vn 0.1307098 0.7344812 0.6659222
vn 0.2410564 0.7075682 0.6642582
vn 0.1000584 0.6940917 -0.7128990
vn -0.0131340 0.7033939 -0.7106790
vn 0.0175199 0.7438259 0.6681437
vn 0.1000584 0.6940917 -0.7128990
vn 0.0175199 0.7438259 0.6681437
vn 0.1307098 0.7344812 0.6659222
vn -0.0131340 0.7033939 -0.7106790
vn -0.1263760 0.6949057 -0.7079091
vn -0.0957283 0.7353313 0.6709128
vn -0.0131340 0.7033939 -0.7106790
vn -0.0957283 0.7353313 0.6709128
vn 0.0175199 0.7438259 0.6681437
vn -0.1263760 0.6949057 -0.7079091
vn -0.2368904 0.6688060 -0.7046853
vn -0.2062406 0.7092284 0.6741364
vn -0.1263760 0.6949057 -0.7079091
vn -0.2062406 0.7092284 0.6741364
vn -0.0957283 0.7353313 0.6709128
vn -0.2368904 0.6688060 -0.7046853
vn -0.3419472 0.6257516 -0.7010756
vn -0.3112941 0.6661491 0.6777473
vn -0.2368904 0.6688060 -0.7046853
vn -0.3112941 0.6661491 0.6777473
vn -0.2062406 0.7092284 0.6741364
vn -0.3419472 0.6257516 -0.7010756
vn -0.4389587 0.5667851 -0.6971871
vn -0.4082963 0.6071793 0.6816357
vn -0.3419472 0.6257516 -0.7010756
vn -0.4082963 0.6071793 0.6816357
vn -0.3112941 0.6661491 0.6777473
vn -0.4389587 0.5667851 -0.6971871
vn -0.5255243 0.4933425 -0.6931359
vn -0.4948957 0.5337736 0.6856851
vn -0.4389587 0.5667851 -0.6971871
vn -0.4948957 0.5337736 0.6856851
vn -0.4082963 0.6071793 0.6816357
vn -0.5255243 0.4933425 -0.6931359
vn -0.5995537 0.4072794 -0.6889549
vn -0.5689072 0.4476933 0.6898661
vn -0.5255243 0.4933425 -0.6931359
vn -0.5689072 0.4476933 0.6898661
vn -0.4948957 0.5337736 0.6856851
vn -0.5995537 0.4072794 -0.6889549
vn -0.6591985 0.3106957 -0.6847813
vn -0.6285236 0.3510924 0.6940405
vn -0.5995537 0.4072794 -0.6889549
vn -0.6285236 0.3510924 0.6940405
vn -0.5689072 0.4476933 0.6898661
vn -0.6591985 0.3106957 -0.6847813
vn -0.7029687 0.2059407 -0.6807521
vn -0.6723161 0.2463484 0.6980713
vn -0.6591985 0.3106957 -0.6847813
vn -0.6723161 0.2463484 0.6980713
vn -0.6285236 0.3510924 0.6940405
vn -0.7029687 0.2059407 -0.6807521
vn -0.7298158 0.0956237 -0.6769232
vn -0.6991662 0.1360297 0.7018992
vn -0.7029687 0.2059407 -0.6807521
vn -0.6991662 0.1360297 0.7018992
vn -0.6723161 0.2463484 0.6980713
vn -0.7298158 0.0956237 -0.6769232
vn -0.7390692 -0.0175321 -0.6734012
vn -0.7084197 0.0228760 0.7054207
vn -0.7298158 0.0956237 -0.6769232
vn -0.7084197 0.0228760 0.7054207
vn -0.6991662 0.1360297 0.7018992
vn -0.7390692 -0.0175321 -0.6734012
vn -0.7305019 -0.1307541 -0.6702763
vn -0.6998564 -0.0903477 0.7085467
vn -0.7390692 -0.0175321 -0.6734012
vn -0.6998564 -0.0903477 0.7085467
vn -0.7084197 0.0228760 0.7054207
vn -0.7305019 -0.1307541 -0.6702763
vn -0.7043193 -0.2412757 -0.6676230
vn -0.6736817 -0.2008716 0.7111986
vn -0.7305019 -0.1307541 -0.6702763
vn -0.6736817 -0.2008716 0.7111986
vn -0.6998564 -0.0903477 0.7085467
vn -0.7043193 -0.2412757 -0.6676230
vn -0.6611706 -0.3463514 -0.6655030
vn -0.6305343 -0.3059447 0.7133192
vn -0.7043193 -0.2412757 -0.6676230
vn -0.6305343 -0.3059447 0.7133192
vn -0.6736817 -0.2008716 0.7111986
vn -0.6611706 -0.3463514 -0.6655030
vn -0.6021323 -0.4433687 -0.6639735
vn -0.5714929 -0.4029720 0.7148491
vn -0.6611706 -0.3463514 -0.6655030
vn -0.5714929 -0.4029720 0.7148491
vn -0.6305343 -0.3059447 0.7133192
vn -0.6021323 -0.4433687 -0.6639735
vn -0.5286390 -0.5299874 -0.6630643
vn -0.4979946 -0.4895823 0.7157588
vn -0.6021323 -0.4433687 -0.6639735
vn -0.4979946 -0.4895823 0.7157588
vn -0.5714929 -0.4029720 0.7148491
vn -0.5286390 -0.5299874 -0.6630643
vn -0.4425047 -0.6040518 -0.6628053
vn -0.4118575 -0.5636421 0.7160174
vn -0.5286390 -0.5299874 -0.6630643
vn -0.4118575 -0.5636421 0.7160174
vn -0.4979946 -0.4895823 0.7157588
vn -0.4425047 -0.6040518 -0.6628053
vn -0.3458562 -0.6637408 -0.6631981
vn -0.3152025 -0.6233249 0.7156210
vn -0.4425047 -0.6040518 -0.6628053
vn -0.3152025 -0.6233249 0.7156210
vn -0.4118575 -0.5636421 0.7160174
vn -0.3458562 -0.6637408 -0.6631981
vn -0.2410651 -0.7075915 -0.6642302
vn -0.2104036 -0.6671467 0.7145947
vn -0.3458562 -0.6637408 -0.6631981
vn -0.2104036 -0.6671467 0.7145947
vn -0.3152025 -0.6233249 0.7156210
vn -0.2410651 -0.7075915 -0.6642302
vn -0.1307142 -0.7344968 -0.6659040
vn -0.1000592 -0.6940747 0.7129153
vn -0.2410651 -0.7075915 -0.6642302
vn -0.1000592 -0.6940747 0.7129153
vn -0.2104036 -0.6671467 0.7145947
vn -0.1307142 -0.7344968 -0.6659040
vn -0.0175201 -0.7438087 -0.6681629
vn 0.0131358 -0.7034135 0.7106594
vn -0.1307142 -0.7344968 -0.6659040
vn 0.0131358 -0.7034135 0.7106594
vn -0.1000592 -0.6940747 0.7129153
vn -0.0175201 -0.7438087 -0.6681629
vn 0.0957253 -0.7353353 -0.6709087
vn 0.1263733 -0.6949012 0.7079139
vn -0.0175201 -0.7438087 -0.6681629
vn 0.1263733 -0.6949012 0.7079139
vn 0.0131358 -0.7034135 0.7106594
vn 0.0957253 -0.7353353 -0.6709087
vn 0.2062402 -0.7092274 -0.6741377
vn 0.2368812 -0.6688107 0.7046840
vn 0.0957253 -0.7353353 -0.6709087
vn 0.2368812 -0.6688107 0.7046840
vn 0.1263733 -0.6949012 0.7079139
vn 0.2062402 -0.7092274 -0.6741377
vn 0.3112992 -0.6661634 -0.6777309
vn 0.3419393 -0.6257386 0.7010912
vn 0.2062402 -0.7092274 -0.6741377
vn 0.3419393 -0.6257386 0.7010912
vn 0.2368812 -0.6688107 0.7046840
vn 0.3112992 -0.6661634 -0.6777309
vn 0.4083149 -0.6071891 -0.6816161
vn 0.4389563 -0.5667657 0.6972044
vn 0.3112992 -0.6661634 -0.6777309
vn 0.4389563 -0.5667657 0.6972044
vn 0.3419393 -0.6257386 0.7010912
vn 0.4083149 -0.6071891 -0.6816161
vn 0.4948831 -0.5337487 -0.6857135
vn 0.5255460 -0.4933510 0.6931134
vn 0.4083149 -0.6071891 -0.6816161
vn 0.5255460 -0.4933510 0.6931134
vn 0.4389563 -0.5667657 0.6972044
vn 0.4948831 -0.5337487 -0.6857135
vn 0.5689142 -0.4476955 -0.6898589
vn 0.5995513 -0.4072747 0.6889598
vn 0.4948831 -0.5337487 -0.6857135
vn 0.5995513 -0.4072747 0.6889598
vn 0.5255460 -0.4933510 0.6931134
vn 0.5689142 -0.4476955 -0.6898589
vn 0.6285579 -0.3510987 -0.6940062
vn 0.6591743 -0.3106658 0.6848183
vn 0.5689142 -0.4476955 -0.6898589
vn 0.6591743 -0.3106658 0.6848183
vn 0.5995513 -0.4072747 0.6889598
vn 0.6285579 -0.3510987 -0.6940062
vn 0.6723273 -0.2463531 -0.6980588
vn 0.7029616 -0.2059330 0.6807616
vn 0.6285579 -0.3510987 -0.6940062
vn 0.7029616 -0.2059330 0.6807616
vn 0.6591743 -0.3106658 0.6848183
vn 0.6723273 -0.2463531 -0.6980588
vn 0.6991688 -0.1360450 -0.7018937
vn 0.7298100 -0.0956285 0.6769288
vn 0.6723273 -0.2463531 -0.6980588
vn 0.7298100 -0.0956285 0.6769288
vn 0.7029616 -0.2059330 0.6807616
vn 0.6991688 -0.1360450 -0.7018937
vn 0.7084197 -0.0228794 -0.7054205
vn 0.7390687 0.0175328 0.6734018
vn 0.6991688 -0.1360450 -0.7018937
vn 0.7390687 0.0175328 0.6734018
vn 0.7298100 -0.0956285 0.6769288
vn -0.0222144 -0.0292883 -0.9993241
vn 0.6998487 0.0903612 -0.7085525
vn 0.7084197 -0.0228794 -0.7054205
vn 0.0222144 0.0292882 0.9993241
vn 0.7390687 0.0175328 0.6734018
vn 0.7305056 0.1307749 0.6702682
vn -0.0222144 -0.0292883 -0.9993241
vn 0.6736630 0.2008729 -0.7112160
vn 0.6998487 0.0903612 -0.7085525
vn 0.0222144 0.0292882 0.9993241
vn 0.7305056 0.1307749 0.6702682
vn 0.7043289 0.2412927 0.6676067
vn -0.0222144 -0.0292883 -0.9993241
vn 0.6305200 0.3059285 -0.7133388
vn 0.6736630 0.2008729 -0.7112160
vn 0.0222144 0.0292882 0.9993241
vn 0.7043289 0.2412927 0.6676067
vn 0.6611907 0.3463460 0.6654857
vn -0.0222144 -0.0292883 -0.9993241
vn 0.5714842 0.4029726 -0.7148558
vn 0.6305200 0.3059285 -0.7133388
vn 0.0222144 0.0292882 0.9993241
vn 0.6611907 0.3463460 0.6654857
vn 0.6021318 0.4433843 0.6639636
vn -0.0222144 -0.0292883 -0.9993241
vn 0.4979971 0.4895924 -0.7157500
vn 0.5714842 0.4029726 -0.7148558
vn 0.0222144 0.0292882 0.9993241
vn 0.6021318 0.4433843 0.6639636
vn 0.5286301 0.5299878 0.6630710
vn -0.0222144 -0.0292883 -0.9993241
vn 0.4118512 0.5636300 -0.7160305
vn 0.4979971 0.4895924 -0.7157500
vn 0.0222144 0.0292882 0.9993241
vn 0.5286301 0.5299878 0.6630710
vn 0.4425142 0.6040601 0.6627915
vn -0.0222144 -0.0292883 -0.9993241
vn 0.3152008 0.6233212 -0.7156249
vn 0.4118512 0.5636300 -0.7160305
vn 0.0222144 0.0292882 0.9993241
vn 0.4425142 0.6040601 0.6627915
vn 0.3458527 0.6637412 0.6631994
vn -0.0222144 -0.0292883 -0.9993241
vn 0.2104157 0.6671776 -0.7145622
vn 0.3152008 0.6233212 -0.7156249
vn 0.0222144 0.0292882 0.9993241
vn 0.3458527 0.6637412 0.6631994
vn 0.2410564 0.7075682 0.6642582
vn -0.0222144 -0.0292883 -0.9993241
vn 0.1000584 0.6940917 -0.7128990
vn 0.2104157 0.6671776 -0.7145622
vn 0.0222144 0.0292882 0.9993241
vn 0.2410564 0.7075682 0.6642582
vn 0.1307098 0.7344812 0.6659222
vn -0.0222144 -0.0292883 -0.9993241
vn -0.0131340 0.7033939 -0.7106790
vn 0.1000584 0.6940917 -0.7128990
vn 0.0222144 0.0292882 0.9993241
vn 0.1307098 0.7344812 0.6659222
vn 0.0175199 0.7438259 0.6681437
vn -0.0222144 -0.0292883 -0.9993241
vn -0.1263760 0.6949057 -0.7079091
vn -0.0131340 0.7033939 -0.7106790
vn 0.0222144 0.0292882 0.9993241
vn 0.0175199 0.7438259 0.6681437
vn -0.0957283 0.7353313 0.6709128
vn -0.0222144 -0.0292883 -0.9993241
vn -0.2368904 0.6688060 -0.7046853
vn -0.1263760 0.6949057 -0.7079091
vn 0.0222144 0.0292882 0.9993241
vn -0.0957283 0.7353313 0.6709128
vn -0.2062406 0.7092284 0.6741364
vn -0.0222144 -0.0292883 -0.9993241
vn -0.3419472 0.6257516 -0.7010756
vn -0.2368904 0.6688060 -0.7046853
vn 0.0222144 0.0292882 0.9993241
vn -0.2062406 0.7092284 0.6741364
vn -0.3112941 0.6661491 0.6777473
vn -0.0222144 -0.0292883 -0.9993241
vn -0.4389587 0.5667851 -0.6971871
vn -0.3419472 0.6257516 -0.7010756
vn 0.0222144 0.0292882 0.9993241
vn -0.3112941 0.6661491 0.6777473
vn -0.4082963 0.6071793 0.6816357
vn -0.0222144 -0.0292883 -0.9993241
vn -0.5255243 0.4933425 -0.6931359
vn -0.4389587 0.5667851 -0.6971871
vn 0.0222144 0.0292882 0.9993241
vn -0.4082963 0.6071793 0.6816357
vn -0.4948957 0.5337736 0.6856851
vn -0.0222144 -0.0292883 -0.9993241
vn -0.5995537 0.4072794 -0.6889549
vn -0.5255243 0.4933425 -0.6931359
vn 0.0222144 0.0292882 0.9993241
vn -0.4948957 0.5337736 0.6856851
vn -0.5689072 0.4476933 0.6898661
vn -0.0222144 -0.0292883 -0.9993241
vn -0.6591985 0.3106957 -0.6847813
vn -0.5995537 0.4072794 -0.6889549
vn 0.0222144 0.0292882 0.9993241
vn -0.5689072 0.4476933 0.6898661
vn -0.6285236 0.3510924 0.6940405
vn -0.0222144 -0.0292883 -0.9993241
vn -0.7029687 0.2059407 -0.6807521
vn -0.6591985 0.3106957 -0.6847813
vn 0.0222144 0.0292882 0.9993241
vn -0.6285236 0.3510924 0.6940405
vn -0.6723161 0.2463484 0.6980713
vn -0.0222144 -0.0292883 -0.9993241
vn -0.7298158 0.0956237 -0.6769232
vn -0.7029687 0.2059407 -0.6807521
vn 0.0222144 0.0292882 0.9993241
vn -0.6723161 0.2463484 0.6980713
vn -0.6991662 0.1360297 0.7018992
vn -0.0222144 -0.0292883 -0.9993241
vn -0.7390692 -0.0175321 -0.6734012
vn -0.7298158 0.0956237 -0.6769232
vn 0.0222144 0.0292882 0.9993241
vn -0.6991662 0.1360297 0.7018992
vn -0.7084197 0.0228760 0.7054207
vn -0.0222144 -0.0292883 -0.9993241
vn -0.7305019 -0.1307541 -0.6702763
vn -0.7390692 -0.0175321 -0.6734012
vn 0.0222144 0.0292882 0.9993241
vn -0.7084197 0.0228760 0.7054207
vn -0.6998564 -0.0903477 0.7085467
vn -0.0222144 -0.0292883 -0.9993241
vn -0.7043193 -0.2412757 -0.6676230
vn -0.7305019 -0.1307541 -0.6702763
vn 0.0222144 0.0292882 0.9993241
vn -0.6998564 -0.0903477 0.7085467
vn -0.6736817 -0.2008716 0.7111986
vn -0.0222144 -0.0292883 -0.9993241
vn -0.6611706 -0.3463514 -0.6655030
vn -0.7043193 -0.2412757 -0.6676230
vn 0.0222144 0.0292882 0.9993241
vn -0.6736817 -0.2008716 0.7111986
vn -0.6305343 -0.3059447 0.7133192
vn -0.0222144 -0.0292883 -0.9993241
vn -0.6021323 -0.4433687 -0.6639735
vn -0.6611706 -0.3463514 -0.6655030
vn 0.0222144 0.0292882 0.9993241
vn -0.6305343 -0.3059447 0.7133192
vn -0.5714929 -0.4029720 0.7148491
vn -0.0222144 -0.0292883 -0.9993241
vn -0.5286390 -0.5299874 -0.6630643
vn -0.6021323 -0.4433687 -0.6639735
vn 0.0222144 0.0292882 0.9993241
vn -0.5714929 -0.4029720 0.7148491
vn -0.4979946 -0.4895823 0.7157588
vn -0.0222144 -0.0292883 -0.9993241
vn -0.4425047 -0.6040518 -0.6628053
vn -0.5286390 -0.5299874 -0.6630643
vn 0.0222144 0.0292882 0.9993241
vn -0.4979946 -0.4895823 0.7157588
vn -0.4118575 -0.5636421 0.7160174
vn -0.0222144 -0.0292883 -0.9993241
vn -0.3458562 -0.6637408 -0.6631981
vn -0.4425047 -0.6040518 -0.6628053
vn 0.0222144 0.0292882 0.9993241
vn -0.4118575 -0.5636421 0.7160174
vn -0.3152025 -0.6233249 0.7156210
vn -0.0222144 -0.0292883 -0.9993241
vn -0.2410651 -0.7075915 -0.6642302
vn -0.3458562 -0.6637408 -0.6631981
vn 0.0222144 0.0292882 0.9993241
vn -0.3152025 -0.6233249 0.7156210
vn -0.2104036 -0.6671467 0.7145947
vn -0.0222144 -0.0292883 -0.9993241
vn -0.1307142 -0.7344968 -0.6659040
vn -0.2410651 -0.7075915 -0.6642302
vn 0.0222144 0.0292882 0.9993241
vn -0.2104036 -0.6671467 0.7145947
vn -0.1000592 -0.6940747 0.7129153
vn -0.0222144 -0.0292883 -0.9993241
vn -0.0175201 -0.7438087 -0.6681629
vn -0.1307142 -0.7344968 -0.6659040
vn 0.0222144 0.0292882 0.9993241
vn -0.1000592 -0.6940747 0.7129153
vn 0.0131358 -0.7034135 0.7106594
vn -0.0222144 -0.0292883 -0.9993241
vn 0.0957253 -0.7353353 -0.6709087
vn -0.0175201 -0.7438087 -0.6681629
vn 0.0222144 0.0292882 0.9993241
vn 0.0131358 -0.7034135 0.7106594
vn 0.1263733 -0.6949012 0.7079139
vn -0.0222144 -0.0292883 -0.9993241
vn 0.2062402 -0.7092274 -0.6741377
vn 0.0957253 -0.7353353 -0.6709087
vn 0.0222144 0.0292882 0.9993241
vn 0.1263733 -0.6949012 0.7079139
vn 0.2368812 -0.6688107 0.7046840
vn -0.0222144 -0.0292883 -0.9993241
vn 0.3112992 -0.6661634 -0.6777309
vn 0.2062402 -0.7092274 -0.6741377
vn 0.0222144 0.0292882 0.9993241
vn 0.2368812 -0.6688107 0.7046840
vn 0.3419393 -0.6257386 0.7010912
vn -0.0222144 -0.0292883 -0.9993241
vn 0.4083149 -0.6071891 -0.6816161
vn 0.3112992 -0.6661634 -0.6777309
vn 0.0222144 0.0292882 0.9993241
vn 0.3419393 -0.6257386 0.7010912
vn 0.4389563 -0.5667657 0.6972044
vn -0.0222144 -0.0292883 -0.9993241
vn 0.4948831 -0.5337487 -0.6857135
vn 0.4083149 -0.6071891 -0.6816161
vn 0.0222144 0.0292882 0.9993241
vn 0.4389563 -0.5667657 0.6972044
vn 0.5255460 -0.4933510 0.6931134
vn -0.0222144 -0.0292883 -0.9993241
vn 0.5689142 -0.4476955 -0.6898589
vn 0.4948831 -0.5337487 -0.6857135
vn 0.0222144 0.0292882 0.9993241
vn 0.5255460 -0.4933510 0.6931134
vn 0.5995513 -0.4072747 0.6889598
vn -0.0222144 -0.0292883 -0.9993241
vn 0.6285579 -0.3510987 -0.6940062
vn 0.5689142 -0.4476955 -0.6898589
vn 0.0222144 0.0292882 0.9993241
vn 0.5995513 -0.4072747 0.6889598
vn 0.6591743 -0.3106658 0.6848183
vn -0.0222144 -0.0292883 -0.9993241
vn 0.6723273 -0.2463531 -0.6980588
vn 0.6285579 -0.3510987 -0.6940062
vn 0.0222144 0.0292882 0.9993241
vn 0.6591743 -0.3106658 0.6848183
vn 0.7029616 -0.2059330 0.6807616
vn -0.0222144 -0.0292883 -0.9993241
vn 0.6991688 -0.1360450 -0.7018937
vn 0.6723273 -0.2463531 -0.6980588
vn 0.0222144 0.0292882 0.9993241
vn 0.7029616 -0.2059330 0.6807616
vn 0.7298100 -0.0956285 0.6769288
vn -0.0222144 -0.0292883 -0.9993241
vn 0.7084197 -0.0228794 -0.7054205
vn 0.6991688 -0.1360450 -0.7018937
vn 0.0222144 0.0292882 0.9993241
vn 0.7298100 -0.0956285 0.6769288
vn 0.7390687 0.0175328 0.6734018
vn 0.7444196 0.1828037 -0.6422011
vn 0.7150483 0.2923033 -0.6350313
vn 0.6481112 0.1844467 0.7388716
vn 0.7444196 0.1828037 -0.6422011
vn 0.6481112 0.1844467 0.7388716
vn 0.6774910 0.0749441 0.7317030
vn 0.7150483 0.2923033 -0.6350313
vn 0.6688890 0.3959369 -0.6291435
vn 0.6019545 0.2880738 0.7447578
vn 0.7150483 0.2923033 -0.6350313
vn 0.6019545 0.2880738 0.7447578
vn 0.6481112 0.1844467 0.7388716
vn 0.6688890 0.3959369 -0.6291435
vn 0.6070791 0.4911376 -0.6246910
vn 0.5401580 0.3832850 0.7492142
vn 0.6688890 0.3959369 -0.6291435
vn 0.5401580 0.3832850 0.7492142
vn 0.6019545 0.2880738 0.7447578
vn 0.6070791 0.4911376 -0.6246910
vn 0.5311605 0.5755884 -0.6217448
vn 0.4642195 0.4677186 0.7521566
vn 0.6070791 0.4911376 -0.6246910
vn 0.4642195 0.4677186 0.7521566
vn 0.5401580 0.3832850 0.7492142
vn 0.5311605 0.5755884 -0.6217448
vn 0.4429761 0.6471938 -0.6204130
vn 0.3760315 0.5393106 0.7534882
vn 0.5311605 0.5755884 -0.6217448
vn 0.3760315 0.5393106 0.7534882
vn 0.4642195 0.4677186 0.7521566
vn 0.4429761 0.6471938 -0.6204130
vn 0.3447120 0.7041888 -0.6207187
vn 0.2777648 0.5962944 0.7531798
vn 0.4429761 0.6471938 -0.6204130
vn 0.2777648 0.5962944 0.7531798
vn 0.3760315 0.5393106 0.7534882
vn 0.3447120 0.7041888 -0.6207187
vn 0.2387836 0.7451717 -0.6226569
vn 0.1718371 0.6372635 0.7512438
vn 0.3447120 0.7041888 -0.6207187
vn 0.1718371 0.6372635 0.7512438
vn 0.2777648 0.5962944 0.7531798
vn 0.2387836 0.7451717 -0.6226569
vn 0.1277858 0.7691140 -0.6262063
vn 0.0608570 0.6612492 0.7476938
vn 0.2387836 0.7451717 -0.6226569
vn 0.0608570 0.6612492 0.7476938
vn 0.1718371 0.6372635 0.7512438
vn 0.1277858 0.7691140 -0.6262063
vn 0.0144758 0.7754610 -0.6312295
vn -0.0524511 0.6675949 0.7426749
vn 0.1277858 0.7691140 -0.6262063
vn -0.0524511 0.6675949 0.7426749
vn 0.0608570 0.6612492 0.7476938
vn 0.0144758 0.7754610 -0.6312295
vn -0.0983595 0.7640609 -0.6376019
vn -0.1652819 0.6561568 0.7363015
vn 0.0144758 0.7754610 -0.6312295
vn -0.1652819 0.6561568 0.7363015
vn -0.0524511 0.6675949 0.7426749
vn -0.0983595 0.7640609 -0.6376019
vn -0.2079569 0.7351494 -0.6452202
vn -0.2748806 0.6272714 0.7286778
vn -0.0983595 0.7640609 -0.6376019
vn -0.2748806 0.6272714 0.7286778
vn -0.1652819 0.6561568 0.7363015
vn -0.2079569 0.7351494 -0.6452202
vn -0.3116038 0.6894554 -0.6538763
vn -0.3785411 0.5816061 0.7200285
vn -0.2079569 0.7351494 -0.6452202
vn -0.3785411 0.5816061 0.7200285
vn -0.2748806 0.6272714 0.7286778
vn -0.3116038 0.6894554 -0.6538763
vn -0.4067603 0.6281364 -0.6633181
vn -0.4736905 0.5202760 0.7105843
vn -0.3116038 0.6894554 -0.6538763
vn -0.4736905 0.5202760 0.7105843
vn -0.3785411 0.5816061 0.7200285
vn -0.4067603 0.6281364 -0.6633181
vn -0.4910797 0.5526774 -0.6733412
vn -0.5579969 0.4448054 0.7005624
vn -0.4067603 0.6281364 -0.6633181
vn -0.5579969 0.4448054 0.7005624
vn -0.4736905 0.5202760 0.7105843
vn -0.4910797 0.5526774 -0.6733412
vn -0.5624629 0.4649237 -0.6837261
vn -0.6294054 0.3570734 0.6901792
vn -0.4910797 0.5526774 -0.6733412
vn -0.6294054 0.3570734 0.6901792
vn -0.5579969 0.4448054 0.7005624
vn -0.5624629 0.4649237 -0.6837261
vn -0.6191826 0.3670561 -0.6941777
vn -0.6861368 0.2592131 0.6797242
vn -0.5624629 0.4649237 -0.6837261
vn -0.6861368 0.2592131 0.6797242
vn -0.6294054 0.3570734 0.6901792
vn -0.6191826 0.3670561 -0.6941777
vn -0.6598425 0.2614844 -0.7044387
vn -0.7267863 0.1536247 0.6694634
vn -0.6191826 0.3670561 -0.6941777
vn -0.7267863 0.1536247 0.6694634
vn -0.6861368 0.2592131 0.6797242
vn -0.6598425 0.2614844 -0.7044387
vn -0.6834239 0.1507965 -0.7142774
vn -0.7503655 0.0429427 0.6596269
vn -0.6598425 0.2614844 -0.7044387
vn -0.7503655 0.0429427 0.6596269
vn -0.7267863 0.1536247 0.6694634
vn -0.6834239 0.1507965 -0.7142774
vn -0.6893608 0.0377240 -0.7234353
vn -0.7562889 -0.0701289 0.6504683
vn -0.6834239 0.1507965 -0.7142774
vn -0.7562889 -0.0701289 0.6504683
vn -0.7503655 0.0429427 0.6596269
vn -0.6893608 0.0377240 -0.7234353
vn -0.6774952 -0.0749476 -0.7316987
vn -0.7444167 -0.1827997 0.6422057
vn -0.6893608 0.0377240 -0.7234353
vn -0.7444167 -0.1827997 0.6422057
vn -0.7562889 -0.0701289 0.6504683
vn -0.6774952 -0.0749476 -0.7316987
vn -0.6481252 -0.1844486 -0.7388589
vn -0.7150369 -0.2922975 0.6350468
vn -0.6774952 -0.0749476 -0.7316987
vn -0.7150369 -0.2922975 0.6350468
vn -0.7444167 -0.1827997 0.6422057
vn -0.6481252 -0.1844486 -0.7388589
vn -0.6019554 -0.2880720 -0.7447578
vn -0.6688899 -0.3959363 0.6291429
vn -0.6481252 -0.1844486 -0.7388589
vn -0.6688899 -0.3959363 0.6291429
vn -0.7150369 -0.2922975 0.6350468
vn -0.6019554 -0.2880720 -0.7447578
vn -0.5401452 -0.3832764 -0.7492279
vn -0.6070885 -0.4911460 0.6246753
vn -0.6019554 -0.2880720 -0.7447578
vn -0.6070885 -0.4911460 0.6246753
vn -0.6688899 -0.3959363 0.6291429
vn -0.5401452 -0.3832764 -0.7492279
vn -0.4642222 -0.4677263 -0.7521502
vn -0.5311551 -0.5755865 0.6217511
vn -0.5401452 -0.3832764 -0.7492279
vn -0.5311551 -0.5755865 0.6217511
vn -0.6070885 -0.4911460 0.6246753
vn -0.4642222 -0.4677263 -0.7521502
vn -0.3760447 -0.5393282 -0.7534689
vn -0.4429691 -0.6471775 0.6204351
vn -0.4642222 -0.4677263 -0.7521502
vn -0.4429691 -0.6471775 0.6204351
vn -0.5311551 -0.5755865 0.6217511
vn -0.3760447 -0.5393282 -0.7534689
vn -0.2777782 -0.5963220 -0.7531530
vn -0.3446985 -0.7041662 0.6207519
vn -0.3760447 -0.5393282 -0.7534689
vn -0.3446985 -0.7041662 0.6207519
vn -0.4429691 -0.6471775 0.6204351
vn -0.2777782 -0.5963220 -0.7531530
vn -0.1718368 -0.6372831 -0.7512273
vn -0.2387698 -0.7451624 0.6226732
vn -0.2777782 -0.5963220 -0.7531530
vn -0.2387698 -0.7451624 0.6226732
vn -0.3446985 -0.7041662 0.6207519
vn -0.1718368 -0.6372831 -0.7512273
vn -0.0608582 -0.6612436 -0.7476986
vn -0.1277873 -0.7691129 0.6262075
vn -0.1718368 -0.6372831 -0.7512273
vn -0.1277873 -0.7691129 0.6262075
vn -0.2387698 -0.7451624 0.6226732
vn -0.0608582 -0.6612436 -0.7476986
vn 0.0524486 -0.6675984 -0.7426719
vn -0.0144836 -0.7754617 0.6312286
vn -0.0608582 -0.6612436 -0.7476986
vn -0.0144836 -0.7754617 0.6312286
vn -0.1277873 -0.7691129 0.6262075
vn 0.0524486 -0.6675984 -0.7426719
vn 0.1652958 -0.6561731 -0.7362841
vn 0.0983677 -0.7640468 0.6376177
vn 0.0524486 -0.6675984 -0.7426719
vn 0.0983677 -0.7640468 0.6376177
vn -0.0144836 -0.7754617 0.6312286
vn 0.1652958 -0.6561731 -0.7362841
vn 0.2748786 -0.6272653 -0.7286837
vn 0.2079572 -0.7351494 0.6452203
vn 0.1652958 -0.6561731 -0.7362841
vn 0.2079572 -0.7351494 0.6452203
vn 0.0983677 -0.7640468 0.6376177
vn 0.2748786 -0.6272653 -0.7286837
vn 0.3785221 -0.5815867 -0.7200543
vn 0.3116067 -0.6894835 0.6538453
vn 0.2748786 -0.6272653 -0.7286837
vn 0.3116067 -0.6894835 0.6538453
vn 0.2079572 -0.7351494 0.6452203
vn 0.3785221 -0.5815867 -0.7200543
vn 0.4736822 -0.5202647 -0.7105982
vn 0.4067691 -0.6281471 0.6633024
vn 0.3785221 -0.5815867 -0.7200543
vn 0.4067691 -0.6281471 0.6633024
vn 0.3116067 -0.6894835 0.6538453
vn 0.4736822 -0.5202647 -0.7105982
vn 0.5579990 -0.4448036 -0.7005619
vn 0.4910817 -0.5526754 0.6733413
vn 0.4736822 -0.5202647 -0.7105982
vn 0.4910817 -0.5526754 0.6733413
vn 0.4067691 -0.6281471 0.6633024
vn 0.5579990 -0.4448036 -0.7005619
vn 0.6293908 -0.3570577 -0.6902006
vn 0.5624810 -0.4649347 0.6837038
vn 0.5579990 -0.4448036 -0.7005619
vn 0.5624810 -0.4649347 0.6837038
vn 0.4910817 -0.5526754 0.6733413
vn 0.6293908 -0.3570577 -0.6902006
vn 0.6861176 -0.2592064 -0.6797461
vn 0.6192021 -0.3670644 0.6941559
vn 0.6293908 -0.3570577 -0.6902006
vn 0.6192021 -0.3670644 0.6941559
vn 0.5624810 -0.4649347 0.6837038
vn 0.6861176 -0.2592064 -0.6797461
vn 0.7267803 -0.1536307 -0.6694685
vn 0.6598459 -0.2614829 0.7044361
vn 0.6861176 -0.2592064 -0.6797461
vn 0.6598459 -0.2614829 0.7044361
vn 0.6192021 -0.3670644 0.6941559
vn 0.7267803 -0.1536307 -0.6694685
vn 0.7503611 -0.0429378 -0.6596322
vn 0.6834304 -0.1507990 0.7142707
vn 0.7267803 -0.1536307 -0.6694685
vn 0.6834304 -0.1507990 0.7142707
vn 0.6598459 -0.2614829 0.7044361
vn 0.7503611 -0.0429378 -0.6596322
vn 0.7562895 0.0701309 -0.6504673
vn 0.6893598 -0.0377291 0.7234361
vn 0.7503611 -0.0429378 -0.6596322
vn 0.6893598 -0.0377291 0.7234361
vn 0.6834304 -0.1507990 0.7142707
vn 0.7562895 0.0701309 -0.6504673
vn 0.7444196 0.1828037 -0.6422011
vn 0.6774910 0.0749441 0.7317030
vn 0.7562895 0.0701309 -0.6504673
vn 0.6774910 0.0749441 0.7317030
vn 0.6893598 -0.0377291 0.7234361
vn 0.0485088 0.0781721 -0.9957590
vn 0.7150483 0.2923033 -0.6350313
vn 0.7444196 0.1828037 -0.6422011
vn -0.0485088 -0.0781721 0.9957591
vn 0.6774910 0.0749441 0.7317030
vn 0.6481112 0.1844467 0.7388716
vn 0.0485088 0.0781721 -0.9957590
vn 0.6688890 0.3959369 -0.6291435
vn 0.7150483 0.2923033 -0.6350313
vn -0.0485088 -0.0781721 0.9957591
vn 0.6481112 0.1844467 0.7388716
vn 0.6019545 0.2880738 0.7447578
vn 0.0485088 0.0781721 -0.9957590
vn 0.6070791 0.4911376 -0.6246910
vn 0.6688890 0.3959369 -0.6291435
vn -0.0485088 -0.0781721 0.9957591
vn 0.6019545 0.2880738 0.7447578
vn 0.5401580 0.3832850 0.7492142
vn 0.0485088 0.0781721 -0.9957590
vn 0.5311605 0.5755884 -0.6217448
vn 0.6070791 0.4911376 -0.6246910
vn -0.0485088 -0.0781721 0.9957591
vn 0.5401580 0.3832850 0.7492142
vn 0.4642195 0.4677186 0.7521566
vn 0.0485088 0.0781721 -0.9957590
vn 0.4429761 0.6471938 -0.6204130
vn 0.5311605 0.5755884 -0.6217448
vn -0.0485088 -0.0781721 0.9957591
vn 0.4642195 0.4677186 0.7521566
vn 0.3760315 0.5393106 0.7534882
vn 0.0485088 0.0781721 -0.9957590
vn 0.3447120 0.7041888 -0.6207187
vn 0.4429761 0.6471938 -0.6204130
vn -0.0485088 -0.0781721 0.9957591
vn 0.3760315 0.5393106 0.7534882
vn 0.2777648 0.5962944 0.7531798
vn 0.0485088 0.0781721 -0.9957590
vn 0.2387836 0.7451717 -0.6226569
vn 0.3447120 0.7041888 -0.6207187
vn -0.0485088 -0.0781721 0.9957591
vn 0.2777648 0.5962944 0.7531798
vn 0.1718371 0.6372635 0.7512438
vn 0.0485088 0.0781721 -0.9957590
vn 0.1277858 0.7691140 -0.6262063
vn 0.2387836 0.7451717 -0.6226569
vn -0.0485088 -0.0781721 0.9957591
vn 0.1718371 0.6372635 0.7512438
vn 0.0608570 0.6612492 0.7476938
vn 0.0485088 0.0781721 -0.9957590
vn 0.0144758 0.7754610 -0.6312295
vn 0.1277858 0.7691140 -0.6262063
vn -0.0485088 -0.0781721 0.9957591
vn 0.0608570 0.6612492 0.7476938
vn -0.0524511 0.6675949 0.7426749
vn 0.0485088 0.0781721 -0.9957590
vn -0.0983595 0.7640609 -0.6376019
vn 0.0144758 0.7754610 -0.6312295
vn -0.0485088 -0.0781721 0.9957591
vn -0.0524511 0.6675949 0.7426749
vn -0.1652819 0.6561568 0.7363015
vn 0.0485088 0.0781721 -0.9957590
vn -0.2079569 0.7351494 -0.6452202
vn -0.0983595 0.7640609 -0.6376019
vn -0.0485088 -0.0781721 0.9957591
vn -0.1652819 0.6561568 0.7363015
vn -0.2748806 0.6272714 0.7286778
vn 0.0485088 0.0781721 -0.9957590
vn -0.3116038 0.6894554 -0.6538763
vn -0.2079569 0.7351494 -0.6452202
vn -0.0485088 -0.0781721 0.9957591
vn -0.2748806 0.6272714 0.7286778
vn -0.3785411 0.5816061 0.7200285
vn 0.0485088 0.0781721 -0.9957590
vn -0.4067603 0.6281364 -0.6633181
vn -0.3116038 0.6894554 -0.6538763
vn -0.0485088 -0.0781721 0.9957591
vn -0.3785411 0.5816061 0.7200285
vn -0.4736905 0.5202760 0.7105843
vn 0.0485088 0.0781721 -0.9957590
vn -0.4910797 0.5526774 -0.6733412
vn -0.4067603 0.6281364 -0.6633181
vn -0.0485088 -0.0781721 0.9957591
vn -0.4736905 0.5202760 0.7105843
vn -0.5579969 0.4448054 0.7005624
vn 0.0485088 0.0781721 -0.9957590
vn -0.5624629 0.4649237 -0.6837261
vn -0.4910797 0.5526774 -0.6733412
vn -0.0485088 -0.0781721 0.9957591
vn -0.5579969 0.4448054 0.7005624
vn -0.6294054 0.3570734 0.6901792
vn 0.0485088 0.0781721 -0.9957590
vn -0.6191826 0.3670561 -0.6941777
vn -0.5624629 0.4649237 -0.6837261
vn -0.0485088 -0.0781721 0.9957591
vn -0.6294054 0.3570734 0.6901792
vn -0.6861368 0.2592131 0.6797242
vn 0.0485088 0.0781721 -0.9957590
vn -0.6598425 0.2614844 -0.7044387
vn -0.6191826 0.3670561 -0.6941777
vn -0.0485088 -0.0781721 0.9957591
vn -0.6861368 0.2592131 0.6797242
vn -0.7267863 0.1536247 0.6694634
vn 0.0485088 0.0781721 -0.9957590
vn -0.6834239 0.1507965 -0.7142774
vn -0.6598425 0.2614844 -0.7044387
vn -0.0485088 -0.0781721 0.9957591
vn -0.7267863 0.1536247 0.6694634
vn -0.7503655 0.0429427 0.6596269
vn 0.0485088 0.0781721 -0.9957590
vn -0.6893608 0.0377240 -0.7234353
vn -0.6834239 0.1507965 -0.7142774
vn -0.0485088 -0.0781721 0.9957591
vn -0.7503655 0.0429427 0.6596269
vn -0.7562889 -0.0701289 0.6504683
vn 0.0485088 0.0781721 -0.9957590
vn -0.6774952 -0.0749476 -0.7316987
vn -0.6893608 0.0377240 -0.7234353
vn -0.0485088 -0.0781721 0.9957591
vn -0.7562889 -0.0701289 0.6504683
vn -0.7444167 -0.1827997 0.6422057
vn 0.0485088 0.0781721 -0.9957590
vn -0.6481252 -0.1844486 -0.7388589
vn -0.6774952 -0.0749476 -0.7316987
vn -0.0485088 -0.0781721 0.9957591
vn -0.7444167 -0.1827997 0.6422057
vn -0.7150369 -0.2922975 0.6350468
vn 0.0485088 0.0781721 -0.9957590
vn -0.6019554 -0.2880720 -0.7447578
vn -0.6481252 -0.1844486 -0.7388589
vn -0.0485088 -0.0781721 0.9957591
vn -0.7150369 -0.2922975 0.6350468
vn -0.6688899 -0.3959363 0.6291429
vn 0.0485088 0.0781721 -0.9957590
vn -0.5401452 -0.3832764 -0.7492279
vn -0.6019554 -0.2880720 -0.7447578
vn -0.0485088 -0.0781721 0.9957591
vn -0.6688899 -0.3959363 0.6291429
vn -0.6070885 -0.4911460 0.6246753
vn 0.0485088 0.0781721 -0.9957590
vn -0.4642222 -0.4677263 -0.7521502
vn -0.5401452 -0.3832764 -0.7492279
vn -0.0485088 -0.0781721 0.9957591
vn -0.6070885 -0.4911460 0.6246753
vn -0.5311551 -0.5755865 0.6217511
vn 0.0485088 0.0781721 -0.9957590
vn -0.3760447 -0.5393282 -0.7534689
vn -0.4642222 -0.4677263 -0.7521502
vn -0.0485088 -0.0781721 0.9957591
vn -0.5311551 -0.5755865 0.6217511
vn -0.4429691 -0.6471775 0.6204351
vn 0.0485088 0.0781721 -0.9957590
vn -0.2777782 -0.5963220 -0.7531530
vn -0.3760447 -0.5393282 -0.7534689
vn -0.0485088 -0.0781721 0.9957591
vn -0.4429691 -0.6471775 0.6204351
vn -0.3446985 -0.7041662 0.6207519
vn 0.0485088 0.0781721 -0.9957590
vn -0.1718368 -0.6372831 -0.7512273
vn -0.2777782 -0.5963220 -0.7531530
vn -0.0485088 -0.0781721 0.9957591
vn -0.3446985 -0.7041662 0.6207519
vn -0.2387698 -0.7451624 0.6226732
vn 0.0485088 0.0781721 -0.9957590
vn -0.0608582 -0.6612436 -0.7476986
vn -0.1718368 -0.6372831 -0.7512273
vn -0.0485088 -0.0781721 0.9957591
vn -0.2387698 -0.7451624 0.6226732
vn -0.1277873 -0.7691129 0.6262075
vn 0.0485088 0.0781721 -0.9957590
vn 0.0524486 -0.6675984 -0.7426719
vn -0.0608582 -0.6612436 -0.7476986
vn -0.0485088 -0.0781721 0.9957591
vn -0.1277873 -0.7691129 0.6262075
vn -0.0144836 -0.7754617 0.6312286
vn 0.0485088 0.0781721 -0.9957590
vn 0.1652958 -0.6561731 -0.7362841
vn 0.0524486 -0.6675984 -0.7426719
vn -0.0485088 -0.0781721 0.9957591
vn -0.0144836 -0.7754617 0.6312286
vn 0.0983677 -0.7640468 0.6376177
vn 0.0485088 0.0781721 -0.9957590
vn 0.2748786 -0.6272653 -0.7286837
vn 0.1652958 -0.6561731 -0.7362841
vn -0.0485088 -0.0781721 0.9957591
vn 0.0983677 -0.7640468 0.6376177
vn 0.2079572 -0.7351494 0.6452203
vn 0.0485088 0.0781721 -0.9957590
vn 0.3785221 -0.5815867 -0.7200543
vn 0.2748786 -0.6272653 -0.7286837
vn -0.0485088 -0.0781721 0.9957591
vn 0.2079572 -0.7351494 0.6452203
vn 0.3116067 -0.6894835 0.6538453
vn 0.0485088 0.0781721 -0.9957590
vn 0.4736822 -0.5202647 -0.7105982
vn 0.3785221 -0.5815867 -0.7200543
vn -0.0485088 -0.0781721 0.9957591
vn 0.3116067 -0.6894835 0.6538453
vn 0.4067691 -0.6281471 0.6633024
vn 0.0485088 0.0781721 -0.9957590
vn 0.5579990 -0.4448036 -0.7005619
vn 0.4736822 -0.5202647 -0.7105982
vn -0.0485088 -0.0781721 0.9957591
vn 0.4067691 -0.6281471 0.6633024
vn 0.4910817 -0.5526754 0.6733413
vn 0.0485088 0.0781721 -0.9957590
vn 0.6293908 -0.3570577 -0.6902006
vn 0.5579990 -0.4448036 -0.7005619
vn -0.0485088 -0.0781721 0.9957591
vn 0.4910817 -0.5526754 0.6733413
vn 0.5624810 -0.4649347 0.6837038
vn 0.0485088 0.0781721 -0.9957590
vn 0.6861176 -0.2592064 -0.6797461
vn 0.6293908 -0.3570577 -0.6902006
vn -0.0485088 -0.0781721 0.9957591
vn 0.5624810 -0.4649347 0.6837038
vn 0.6192021 -0.3670644 0.6941559
vn 0.0485088 0.0781721 -0.9957590
vn 0.7267803 -0.1536307 -0.6694685
vn 0.6861176 -0.2592064 -0.6797461
vn -0.0485088 -0.0781721 0.9957591
vn 0.6192021 -0.3670644 0.6941559
vn 0.6598459 -0.2614829 0.7044361
vn 0.0485088 0.0781721 -0.9957590
vn 0.7503611 -0.0429378 -0.6596322
vn 0.7267803 -0.1536307 -0.6694685
vn -0.0485088 -0.0781721 0.9957591
vn 0.6598459 -0.2614829 0.7044361
vn 0.6834304 -0.1507990 0.7142707
vn 0.0485088 0.0781721 -0.9957590
vn 0.7562895 0.0701309 -0.6504673
vn 0.7503611 -0.0429378 -0.6596322
vn -0.0485088 -0.0781721 0.9957591
vn 0.6834304 -0.1507990 0.7142707
vn 0.6893598 -0.0377291 0.7234361
vn 0.0485088 0.0781721 -0.9957590
vn 0.7444196 0.1828037 -0.6422011
vn 0.7562895 0.0701309 -0.6504673
vn -0.0485088 -0.0781721 0.9957591
vn 0.6893598 -0.0377291 0.7234361
vn 0.6774910 0.0749441 0.7317030
vn 0.7168750 -0.1147328 -0.6876966
vn 0.7195933 -0.0013736 -0.6943944
vn 0.7260848 0.0798653 0.6829512
vn 0.7168750 -0.1147328 -0.6876966
vn 0.7260848 0.0798653 0.6829512
vn 0.7233681 -0.0334949 0.6896497
vn 0.7195933 -0.0013736 -0.6943944
vn 0.7045012 0.1110300 -0.7009640
vn 0.7110115 0.1922718 0.6763832
vn 0.7195933 -0.0013736 -0.6943944
vn 0.7110115 0.1922718 0.6763832
vn 0.7260848 0.0798653 0.6829512
vn 0.7045012 0.1110300 -0.7009640
vn 0.6720068 0.2197127 -0.7072010
vn 0.6784841 0.3009461 0.6701424
vn 0.7045012 0.1110300 -0.7009640
vn 0.6784841 0.3009461 0.6701424
vn 0.7110115 0.1922718 0.6763832
vn 0.6720068 0.2197127 -0.7072010
vn 0.6228768 0.3219614 -0.7129974
vn 0.6293477 0.4031875 0.6643503
vn 0.6720068 0.2197127 -0.7072010
vn 0.6293477 0.4031875 0.6643503
vn 0.6784841 0.3009461 0.6701424
vn 0.6228768 0.3219614 -0.7129974
vn 0.5583169 0.4152837 -0.7182072
vn 0.5648028 0.4965203 0.6591399
vn 0.6228768 0.3219614 -0.7129974
vn 0.5648028 0.4965203 0.6591399
vn 0.6293477 0.4031875 0.6643503
vn 0.5583169 0.4152837 -0.7182072
vn 0.4799343 0.4973756 -0.7226897
vn 0.4864353 0.5786251 0.6546555
vn 0.5583169 0.4152837 -0.7182072
vn 0.4864353 0.5786251 0.6546555
vn 0.5648028 0.4965203 0.6591399
vn 0.4799343 0.4973756 -0.7226897
vn 0.3896531 0.5662403 -0.7263211
vn 0.3961520 0.6474852 0.6510196
vn 0.4799343 0.4973756 -0.7226897
vn 0.3961520 0.6474852 0.6510196
vn 0.4864353 0.5786251 0.6546555
vn 0.3896531 0.5662403 -0.7263211
vn 0.2896973 0.6201501 -0.7290331
vn 0.2961892 0.7013969 0.6483167
vn 0.3896531 0.5662403 -0.7263211
vn 0.2961892 0.7013969 0.6483167
vn 0.3961520 0.6474852 0.6510196
vn 0.2896973 0.6201501 -0.7290331
vn 0.1825335 0.6577777 -0.7307599
vn 0.1890339 0.7390513 0.6465828
vn 0.2896973 0.6201501 -0.7290331
vn 0.1890339 0.7390513 0.6465828
vn 0.2961892 0.7013969 0.6483167
vn 0.1825335 0.6577777 -0.7307599
vn 0.0707973 0.6782496 -0.7314132
vn 0.0772848 0.7594729 0.6459320
vn 0.1825335 0.6577777 -0.7307599
vn 0.0772848 0.7594729 0.6459320
vn 0.1890339 0.7390513 0.6465828
vn 0.0707973 0.6782496 -0.7314132
vn -0.0427600 0.6809921 -0.7310412
vn -0.0362693 0.7622127 0.6463099
vn 0.0707973 0.6782496 -0.7314132
vn -0.0362693 0.7622127 0.6463099
vn 0.0772848 0.7594729 0.6459320
vn -0.0427600 0.6809921 -0.7310412
vn -0.1553609 0.6659566 -0.7296333
vn -0.1488654 0.7472065 0.6477047
vn -0.0427600 0.6809921 -0.7310412
vn -0.1488654 0.7472065 0.6477047
vn -0.0362693 0.7622127 0.6463099
vn -0.1553609 0.6659566 -0.7296333
vn -0.2642049 0.6335437 -0.7271987
vn -0.2577042 0.7147639 0.6501548
vn -0.1553609 0.6659566 -0.7296333
vn -0.2577042 0.7147639 0.6501548
vn -0.1488654 0.7472065 0.6477047
vn -0.2642049 0.6335437 -0.7271987
vn -0.3666232 0.5845418 -0.7238082
vn -0.3601106 0.6657403 0.6535367
vn -0.2642049 0.6335437 -0.7271987
vn -0.3601106 0.6657403 0.6535367
vn -0.2577042 0.7147639 0.6501548
vn -0.3666232 0.5845418 -0.7238082
vn -0.4600901 0.5200945 -0.7195964
vn -0.4536055 0.6013397 0.6577481
vn -0.3666232 0.5845418 -0.7238082
vn -0.4536055 0.6013397 0.6577481
vn -0.3601106 0.6657403 0.6535367
vn -0.4600901 0.5200945 -0.7195964
vn -0.5423074 0.4418645 -0.7146037
vn -0.5358333 0.5231199 0.6627430
vn -0.4600901 0.5200945 -0.7195964
vn -0.5358333 0.5231199 0.6627430
vn -0.4536055 0.6013397 0.6577481
vn -0.5423074 0.4418645 -0.7146037
vn -0.6112597 0.3517679 -0.7089576
vn -0.6047784 0.4330158 0.6683864
vn -0.5423074 0.4418645 -0.7146037
vn -0.6047784 0.4330158 0.6683864
vn -0.5358333 0.5231199 0.6627430
vn -0.6112597 0.3517679 -0.7089576
vn -0.6652333 0.2520008 -0.7028231
vn -0.6587613 0.3332474 0.6745219
vn -0.6112597 0.3517679 -0.7089576
vn -0.6587613 0.3332474 0.6745219
vn -0.6047784 0.4330158 0.6683864
vn -0.6652333 0.2520008 -0.7028231
vn -0.7029179 0.1450390 -0.6963261
vn -0.6964288 0.2262744 0.6810190
vn -0.6652333 0.2520008 -0.7028231
vn -0.6964288 0.2262744 0.6810190
vn -0.6587613 0.3332474 0.6745219
vn -0.7029179 0.1450390 -0.6963261
vn -0.7233638 0.0334989 -0.6896539
vn -0.7168767 0.1147361 0.6876943
vn -0.7029179 0.1450390 -0.6963261
vn -0.7168767 0.1147361 0.6876943
vn -0.6964288 0.2262744 0.6810190
vn -0.7233638 0.0334989 -0.6896539
vn -0.7260864 -0.0798690 -0.6829491
vn -0.7195925 0.0013691 0.6943952
vn -0.7233638 0.0334989 -0.6896539
vn -0.7195925 0.0013691 0.6943952
vn -0.7168767 0.1147361 0.6876943
vn -0.7260864 -0.0798690 -0.6829491
vn -0.7109979 -0.1922680 -0.6763985
vn -0.7045189 -0.1110367 0.7009451
vn -0.7260864 -0.0798690 -0.6829491
vn -0.7045189 -0.1110367 0.7009451
vn -0.7195925 0.0013691 0.6943952
vn -0.7109979 -0.1922680 -0.6763985
vn -0.6784816 -0.3009388 -0.6701483
vn -0.6720086 -0.2197038 0.7072020
vn -0.7109979 -0.1922680 -0.6763985
vn -0.6720086 -0.2197038 0.7072020
vn -0.7045189 -0.1110367 0.7009451
vn -0.6784816 -0.3009388 -0.6701483
vn -0.6293482 -0.4031901 -0.6643481
vn -0.6228770 -0.3219635 0.7129964
vn -0.6784816 -0.3009388 -0.6701483
vn -0.6228770 -0.3219635 0.7129964
vn -0.6720086 -0.2197038 0.7072020
vn -0.6293482 -0.4031901 -0.6643481
vn -0.5648077 -0.4965148 -0.6591398
vn -0.5583192 -0.4152799 0.7182077
vn -0.6293482 -0.4031901 -0.6643481
vn -0.5583192 -0.4152799 0.7182077
vn -0.6228770 -0.3219635 0.7129964
vn -0.5648077 -0.4965148 -0.6591398
vn -0.4864399 -0.5786318 -0.6546460
vn -0.4799270 -0.4973723 0.7226969
vn -0.5648077 -0.4965148 -0.6591398
vn -0.4799270 -0.4973723 0.7226969
vn -0.5583192 -0.4152799 0.7182077
vn -0.4864399 -0.5786318 -0.6546460
vn -0.3961420 -0.6474715 -0.6510393
vn -0.3896602 -0.5662529 0.7263075
vn -0.4864399 -0.5786318 -0.6546460
vn -0.3896602 -0.5662529 0.7263075
vn -0.4799270 -0.4973723 0.7226969
vn -0.3961420 -0.6474715 -0.6510393
vn -0.2961799 -0.7013606 -0.6483601
vn -0.2897210 -0.6201869 0.7289923
vn -0.3961420 -0.6474715 -0.6510393
vn -0.2897210 -0.6201869 0.7289923
vn -0.3896602 -0.5662529 0.7263075
vn -0.2961799 -0.7013606 -0.6483601
vn -0.1890197 -0.7390026 -0.6466427
vn -0.1825458 -0.6578388 0.7307017
vn -0.2961799 -0.7013606 -0.6483601
vn -0.1825458 -0.6578388 0.7307017
vn -0.2897210 -0.6201869 0.7289923
vn -0.1890197 -0.7390026 -0.6466427
vn -0.0772907 -0.7594720 -0.6459322
vn -0.0707943 -0.6782434 0.7314193
vn -0.1890197 -0.7390026 -0.6466427
vn -0.0707943 -0.6782434 0.7314193
vn -0.1825458 -0.6578388 0.7307017
vn -0.0772907 -0.7594720 -0.6459322
vn 0.0362779 -0.7622656 -0.6462470
vn 0.0427611 -0.6809410 0.7310889
vn -0.0772907 -0.7594720 -0.6459322
vn 0.0427611 -0.6809410 0.7310889
vn -0.0707943 -0.6782434 0.7314193
vn 0.0362779 -0.7622656 -0.6462470
vn 0.1488698 -0.7472273 -0.6476797
vn 0.1553473 -0.6659239 0.7296661
vn 0.0362779 -0.7622656 -0.6462470
vn 0.1553473 -0.6659239 0.7296661
vn 0.0427611 -0.6809410 0.7310889
vn 0.1488698 -0.7472273 -0.6476797
vn 0.2577029 -0.7147695 -0.6501490
vn 0.2642025 -0.6335472 0.7271967
vn 0.1488698 -0.7472273 -0.6476797
vn 0.2642025 -0.6335472 0.7271967
vn 0.1553473 -0.6659239 0.7296661
vn 0.2577029 -0.7147695 -0.6501490
vn 0.3601315 -0.6657413 -0.6535241
vn 0.3666261 -0.5845244 0.7238207
vn 0.2577029 -0.7147695 -0.6501490
vn 0.3666261 -0.5845244 0.7238207
vn 0.2642025 -0.6335472 0.7271967
vn 0.3601315 -0.6657413 -0.6535241
vn 0.4536031 -0.6013481 -0.6577421
vn 0.4600783 -0.5200890 0.7196078
vn 0.3601315 -0.6657413 -0.6535241
vn 0.4600783 -0.5200890 0.7196078
vn 0.3666261 -0.5845244 0.7238207
vn 0.4536031 -0.6013481 -0.6577421
vn 0.5358282 -0.5231197 -0.6627472
vn 0.5423121 -0.4418744 0.7145939
vn 0.4536031 -0.6013481 -0.6577421
vn 0.5423121 -0.4418744 0.7145939
vn 0.4600783 -0.5200890 0.7196078
vn 0.5358282 -0.5231197 -0.6627472
vn 0.6047803 -0.4330106 -0.6683879
vn 0.6112574 -0.3517708 0.7089581
vn 0.5358282 -0.5231197 -0.6627472
vn 0.6112574 -0.3517708 0.7089581
vn 0.5423121 -0.4418744 0.7145939
vn 0.6047803 -0.4330106 -0.6683879
vn 0.6587594 -0.3332511 -0.6745219
vn 0.6652311 -0.2520009 0.7028251
vn 0.6047803 -0.4330106 -0.6683879
vn 0.6652311 -0.2520009 0.7028251
vn 0.6112574 -0.3517708 0.7089581
vn 0.6587594 -0.3332511 -0.6745219
vn 0.6964244 -0.2262705 -0.6810249
vn 0.7029254 -0.1450389 0.6963185
vn 0.6587594 -0.3332511 -0.6745219
vn 0.7029254 -0.1450389 0.6963185
vn 0.6652311 -0.2520009 0.7028251
vn 0.6964244 -0.2262705 -0.6810249
vn 0.7168750 -0.1147328 -0.6876966
vn 0.7233681 -0.0334949 0.6896497
vn 0.6964244 -0.2262705 -0.6810249
vn 0.7233681 -0.0334949 0.6896497
vn 0.7029254 -0.1450389 0.6963185
vn -0.0047044 -0.0588783 -0.9982541
vn 0.7195933 -0.0013736 -0.6943944
vn 0.7168750 -0.1147328 -0.6876966
vn 0.0047045 0.0588783 0.9982541
vn 0.7233681 -0.0334949 0.6896497
vn 0.7260848 0.0798653 0.6829512
vn -0.0047044 -0.0588783 -0.9982541
vn 0.7045012 0.1110300 -0.7009640
vn 0.7195933 -0.0013736 -0.6943944
vn 0.0047045 0.0588783 0.9982541
vn 0.7260848 0.0798653 0.6829512
vn 0.7110115 0.1922718 0.6763832
vn -0.0047044 -0.0588783 -0.9982541
vn 0.6720068 0.2197127 -0.7072010
vn 0.7045012 0.1110300 -0.7009640
vn 0.0047045 0.0588783 0.9982541
vn 0.7110115 0.1922718 0.6763832
vn 0.6784841 0.3009461 0.6701424
vn -0.0047044 -0.0588783 -0.9982541
vn 0.6228768 0.3219614 -0.7129974
vn 0.6720068 0.2197127 -0.7072010
vn 0.0047045 0.0588783 0.9982541
vn 0.6784841 0.3009461 0.6701424
vn 0.6293477 0.4031875 0.6643503
vn -0.0047044 -0.0588783 -0.9982541
vn 0.5583169 0.4152837 -0.7182072
vn 0.6228768 0.3219614 -0.7129974
vn 0.0047045 0.0588783 0.9982541
vn 0.6293477 0.4031875 0.6643503
vn 0.5648028 0.4965203 0.6591399
vn -0.0047044 -0.0588783 -0.9982541
vn 0.4799343 0.4973756 -0.7226897
vn 0.5583169 0.4152837 -0.7182072
vn 0.0047045 0.0588783 0.9982541
vn 0.5648028 0.4965203 0.6591399
vn 0.4864353 0.5786251 0.6546555
vn -0.0047044 -0.0588783 -0.9982541
vn 0.3896531 0.5662403 -0.7263211
vn 0.4799343 0.4973756 -0.7226897
vn 0.0047045 0.0588783 0.9982541
vn 0.4864353 0.5786251 0.6546555
vn 0.3961520 0.6474852 0.6510196
vn -0.0047044 -0.0588783 -0.9982541
vn 0.2896973 0.6201501 -0.7290331
vn 0.3896531 0.5662403 -0.7263211
vn 0.0047045 0.0588783 0.9982541
vn 0.3961520 0.6474852 0.6510196
vn 0.2961892 0.7013969 0.6483167
vn -0.0047044 -0.0588783 -0.9982541
vn 0.1825335 0.6577777 -0.7307599
vn 0.2896973 0.6201501 -0.7290331
vn 0.0047045 0.0588783 0.9982541
vn 0.2961892 0.7013969 0.6483167
vn 0.1890339 0.7390513 0.6465828
vn -0.0047044 -0.0588783 -0.9982541
vn 0.0707973 0.6782496 -0.7314132
vn 0.1825335 0.6577777 -0.7307599
vn 0.0047045 0.0588783 0.9982541
vn 0.1890339 0.7390513 0.6465828
vn 0.0772848 0.7594729 0.6459320
vn -0.0047044 -0.0588783 -0.9982541
vn -0.0427600 0.6809921 -0.7310412
vn 0.0707973 0.6782496 -0.7314132
vn 0.0047045 0.0588783 0.9982541
vn 0.0772848 0.7594729 0.6459320
vn -0.0362693 0.7622127 0.6463099
vn -0.0047044 -0.0588783 -0.9982541
vn -0.1553609 0.6659566 -0.7296333
vn -0.0427600 0.6809921 -0.7310412
vn 0.0047045 0.0588783 0.9982541
vn -0.0362693 0.7622127 0.6463099
vn -0.1488654 0.7472065 0.6477047
vn -0.0047044 -0.0588783 -0.9982541
vn -0.2642049 0.6335437 -0.7271987
vn -0.1553609 0.6659566 -0.7296333
vn 0.0047045 0.0588783 0.9982541
vn -0.1488654 0.7472065 0.6477047
vn -0.2577042 0.7147639 0.6501548
vn -0.0047044 -0.0588783 -0.9982541
vn -0.3666232 0.5845418 -0.7238082
vn -0.2642049 0.6335437 -0.7271987
vn 0.0047045 0.0588783 0.9982541
vn -0.2577042 0.7147639 0.6501548
vn -0.3601106 0.6657403 0.6535367
vn -0.0047044 -0.0588783 -0.9982541
vn -0.4600901 0.5200945 -0.7195964
vn -0.3666232 0.5845418 -0.7238082
vn 0.0047045 0.0588783 0.9982541
vn -0.3601106 0.6657403 0.6535367
vn -0.4536055 0.6013397 0.6577481
vn -0.0047044 -0.0588783 -0.9982541
vn -0.5423074 0.4418645 -0.7146037
vn -0.4600901 0.5200945 -0.7195964
vn 0.0047045 0.0588783 0.9982541
vn -0.4536055 0.6013397 0.6577481
vn -0.5358333 0.5231199 0.6627430
vn -0.0047044 -0.0588783 -0.9982541
vn -0.6112597 0.3517679 -0.7089576
vn -0.5423074 0.4418645 -0.7146037
vn 0.0047045 0.0588783 0.9982541
vn -0.5358333 0.5231199 0.6627430
vn -0.6047784 0.4330158 0.6683864
vn -0.0047044 -0.0588783 -0.9982541
vn -0.6652333 0.2520008 -0.7028231
vn -0.6112597 0.3517679 -0.7089576
vn 0.0047045 0.0588783 0.9982541
vn -0.6047784 0.4330158 0.6683864
vn -0.6587613 0.3332474 0.6745219
vn -0.0047044 -0.0588783 -0.9982541
vn -0.7029179 0.1450390 -0.6963261
vn -0.6652333 0.2520008 -0.7028231
vn 0.0047045 0.0588783 0.9982541
vn -0.6587613 0.3332474 0.6745219
vn -0.6964288 0.2262744 0.6810190
vn -0.0047044 -0.0588783 -0.9982541
vn -0.7233638 0.0334989 -0.6896539
vn -0.7029179 0.1450390 -0.6963261
vn 0.0047045 0.0588783 0.9982541
vn -0.6964288 0.2262744 0.6810190
vn -0.7168767 0.1147361 0.6876943
vn -0.0047044 -0.0588783 -0.9982541
vn -0.7260864 -0.0798690 -0.6829491
vn -0.7233638 0.0334989 -0.6896539
vn 0.0047045 0.0588783 0.9982541
vn -0.7168767 0.1147361 0.6876943
vn -0.7195925 0.0013691 0.6943952
vn -0.0047044 -0.0588783 -0.9982541
vn -0.7109979 -0.1922680 -0.6763985
vn -0.7260864 -0.0798690 -0.6829491
vn 0.0047045 0.0588783 0.9982541
vn -0.7195925 0.0013691 0.6943952
vn -0.7045189 -0.1110367 0.7009451
vn -0.0047044 -0.0588783 -0.9982541
vn -0.6784816 -0.3009388 -0.6701483
vn -0.7109979 -0.1922680 -0.6763985
vn 0.0047045 0.0588783 0.9982541
vn -0.7045189 -0.1110367 0.7009451
vn -0.6720086 -0.2197038 0.7072020
vn -0.0047044 -0.0588783 -0.9982541
vn -0.6293482 -0.4031901 -0.6643481
vn -0.6784816 -0.3009388 -0.6701483
vn 0.0047045 0.0588783 0.9982541
vn -0.6720086 -0.2197038 0.7072020
vn -0.6228770 -0.3219635 0.7129964
vn -0.0047044 -0.0588783 -0.9982541
vn -0.5648077 -0.4965148 -0.6591398
vn -0.6293482 -0.4031901 -0.6643481
vn 0.0047045 0.0588783 0.9982541
vn -0.6228770 -0.3219635 0.7129964
vn -0.5583192 -0.4152799 0.7182077
vn -0.0047044 -0.0588783 -0.9982541
vn -0.4864399 -0.5786318 -0.6546460
vn -0.5648077 -0.4965148 -0.6591398
vn 0.0047045 0.0588783 0.9982541
vn -0.5583192 -0.4152799 0.7182077
vn -0.4799270 -0.4973723 0.7226969
vn -0.0047044 -0.0588783 -0.9982541
vn -0.3961420 -0.6474715 -0.6510393
vn -0.4864399 -0.5786318 -0.6546460
vn 0.0047045 0.0588783 0.9982541
vn -0.4799270 -0.4973723 0.7226969
vn -0.3896602 -0.5662529 0.7263075
vn -0.0047044 -0.0588783 -0.9982541
vn -0.2961799 -0.7013606 -0.6483601
vn -0.3961420 -0.6474715 -0.6510393
vn 0.0047045 0.0588783 0.9982541
vn -0.3896602 -0.5662529 0.7263075
vn -0.2897210 -0.6201869 0.7289923
vn -0.0047044 -0.0588783 -0.9982541
vn -0.1890197 -0.7390026 -0.6466427
vn -0.2961799 -0.7013606 -0.6483601
vn 0.0047045 0.0588783 0.9982541
vn -0.2897210 -0.6201869 0.7289923
vn -0.1825458 -0.6578388 0.7307017
vn -0.0047044 -0.0588783 -0.9982541
vn -0.0772907 -0.7594720 -0.6459322
vn -0.1890197 -0.7390026 -0.6466427
vn 0.0047045 0.0588783 0.9982541
vn -0.1825458 -0.6578388 0.7307017
vn -0.0707943 -0.6782434 0.7314193
vn -0.0047044 -0.0588783 -0.9982541
vn 0.0362779 -0.7622656 -0.6462470
vn -0.0772907 -0.7594720 -0.6459322
vn 0.0047045 0.0588783 0.9982541
vn -0.0707943 -0.6782434 0.7314193
vn 0.0427611 -0.6809410 0.7310889
vn -0.0047044 -0.0588783 -0.9982541
vn 0.1488698 -0.7472273 -0.6476797
vn 0.0362779 -0.7622656 -0.6462470
vn 0.0047045 0.0588783 0.9982541
vn 0.0427611 -0.6809410 0.7310889
vn 0.1553473 -0.6659239 0.7296661
vn -0.0047044 -0.0588783 -0.9982541
vn 0.2577029 -0.7147695 -0.6501490
vn 0.1488698 -0.7472273 -0.6476797
vn 0.0047045 0.0588783 0.9982541
vn 0.1553473 -0.6659239 0.7296661
vn 0.2642025 -0.6335472 0.7271967
vn -0.0047044 -0.0588783 -0.9982541
vn 0.3601315 -0.6657413 -0.6535241
vn 0.2577029 -0.7147695 -0.6501490
vn 0.0047045 0.0588783 0.9982541
vn 0.2642025 -0.6335472 0.7271967
vn 0.3666261 -0.5845244 0.7238207
vn -0.0047044 -0.0588783 -0.9982541
vn 0.4536031 -0.6013481 -0.6577421
vn 0.3601315 -0.6657413 -0.6535241
vn 0.0047045 0.0588783 0.9982541
vn 0.3666261 -0.5845244 0.7238207
vn 0.4600783 -0.5200890 0.7196078
vn -0.0047044 -0.0588783 -0.9982541
vn 0.5358282 -0.5231197 -0.6627472
vn 0.4536031 -0.6013481 -0.6577421
vn 0.0047045 0.0588783 0.9982541
vn 0.4600783 -0.5200890 0.7196078
vn 0.5423121 -0.4418744 0.7145939
vn -0.0047044 -0.0588783 -0.9982541
vn 0.6047803 -0.4330106 -0.6683879
vn 0.5358282 -0.5231197 -0.6627472
vn 0.0047045 0.0588783 0.9982541
vn 0.5423121 -0.4418744 0.7145939
vn 0.6112574 -0.3517708 0.7089581
vn -0.0047044 -0.0588783 -0.9982541
vn 0.6587594 -0.3332511 -0.6745219
vn 0.6047803 -0.4330106 -0.6683879
vn 0.0047045 0.0588783 0.9982541
vn 0.6112574 -0.3517708 0.7089581
vn 0.6652311 -0.2520009 0.7028251
vn -0.0047044 -0.0588783 -0.9982541
vn 0.6964244 -0.2262705 -0.6810249
vn 0.6587594 -0.3332511 -0.6745219
vn 0.0047045 0.0588783 0.9982541
vn 0.6652311 -0.2520009 0.7028251
vn 0.7029254 -0.1450389 0.6963185
vn -0.0047044 -0.0588783 -0.9982541
vn 0.7168750 -0.1147328 -0.6876966
vn 0.6964244 -0.2262705 -0.6810249
vn 0.0047045 0.0588783 0.9982541
vn 0.7029254 -0.1450389 0.6963185
vn 0.7233681 -0.0334949 0.6896497
vn 0.7099391 -0.0704221 -0.7007333
vn 0.7134750 0.0430909 -0.6993544
vn 0.7326154 0.0257326 0.6801561
vn 0.7099391 -0.0704221 -0.7007333
vn 0.7326154 0.0257326 0.6801561
vn 0.7290737 -0.0877749 0.6787835
vn 0.7134750 0.0430909 -0.6993544
vn 0.6992188 0.1557860 -0.6977277
vn 0.7183352 0.1384305 0.6817855
vn 0.7134750 0.0430909 -0.6993544
vn 0.7183352 0.1384305 0.6817855
vn 0.7326154 0.0257326 0.6801561
vn 0.6992188 0.1557860 -0.6977277
vn 0.6674988 0.2648511 -0.6959162
vn 0.6866185 0.2474937 0.6835948
vn 0.6992188 0.1557860 -0.6977277
vn 0.6866185 0.2474937 0.6835948
vn 0.7183352 0.1384305 0.6817855
vn 0.6674988 0.2648511 -0.6959162
vn 0.6190897 0.3676093 -0.6939678
vn 0.6382348 0.3502585 0.6855475
vn 0.6674988 0.2648511 -0.6959162
vn 0.6382348 0.3502585 0.6855475
vn 0.6866185 0.2474937 0.6835948
vn 0.6190897 0.3676093 -0.6939678
vn 0.5552071 0.4615270 -0.6919088
vn 0.5743654 0.4441918 0.6876030
vn 0.6190897 0.3676093 -0.6939678
vn 0.5743654 0.4441918 0.6876030
vn 0.6382348 0.3502585 0.6855475
vn 0.5552071 0.4615270 -0.6919088
vn 0.4774397 0.5442839 -0.6897871
vn 0.4965918 0.5269483 0.6897260
vn 0.5552071 0.4615270 -0.6919088
vn 0.4965918 0.5269483 0.6897260
vn 0.5743654 0.4441918 0.6876030
vn 0.4774397 0.5442839 -0.6897871
vn 0.3876622 0.6138827 -0.6876527
vn 0.4068074 0.5965235 0.6918579
vn 0.4774397 0.5442839 -0.6897871
vn 0.4068074 0.5965235 0.6918579
vn 0.4965918 0.5269483 0.6897260
vn 0.3876622 0.6138827 -0.6876527
vn 0.2881176 0.6685342 -0.6856021
vn 0.3072701 0.6512040 0.6939152
vn 0.3876622 0.6138827 -0.6876527
vn 0.3072701 0.6512040 0.6939152
vn 0.4068074 0.5965235 0.6918579
vn 0.2881176 0.6685342 -0.6856021
vn 0.1812420 0.7069639 -0.6836324
vn 0.2003841 0.6896390 0.6958765
vn 0.2881176 0.6685342 -0.6856021
vn 0.2003841 0.6896390 0.6958765
vn 0.3072701 0.6512040 0.6939152
vn 0.1812420 0.7069639 -0.6836324
vn 0.0696458 0.7282010 -0.6818159
vn 0.0887905 0.7108698 0.6976964
vn 0.1812420 0.7069639 -0.6836324
vn 0.0887905 0.7108698 0.6976964
vn 0.2003841 0.6896390 0.6958765
vn 0.0696458 0.7282010 -0.6818159
vn -0.0438646 0.7317058 -0.6802078
vn -0.0247335 0.7143893 0.6993113
vn 0.0696458 0.7282010 -0.6818159
vn -0.0247335 0.7143893 0.6993113
vn 0.0887905 0.7108698 0.6976964
vn -0.0438646 0.7317058 -0.6802078
vn -0.1565495 0.7174219 -0.6788210
vn -0.1374241 0.7001088 0.7006870
vn -0.0438646 0.7317058 -0.6802078
vn -0.1374241 0.7001088 0.7006870
vn -0.0247335 0.7143893 0.6993113
vn -0.1565495 0.7174219 -0.6788210
vn -0.2656231 0.6856877 -0.6776996
vn -0.2464923 0.6683539 0.7018152
vn -0.1565495 0.7174219 -0.6788210
vn -0.2464923 0.6683539 0.7018152
vn -0.1374241 0.7001088 0.7006870
vn -0.2656231 0.6856877 -0.6776996
vn -0.3683704 0.6372767 -0.6768911
vn -0.3492566 0.6199521 0.7026230
vn -0.2656231 0.6856877 -0.6776996
vn -0.3492566 0.6199521 0.7026230
vn -0.2464923 0.6683539 0.7018152
vn -0.3683704 0.6372767 -0.6768911
vn -0.4622935 0.5733925 -0.6763917
vn -0.4431831 0.5560696 0.7031183
vn -0.3683704 0.6372767 -0.6768911
vn -0.4431831 0.5560696 0.7031183
vn -0.3492566 0.6199521 0.7026230
vn -0.4622935 0.5733925 -0.6763917
vn -0.5450938 0.4956112 -0.6761969
vn -0.5259422 0.4782531 0.7033197
vn -0.4622935 0.5733925 -0.6763917
vn -0.5259422 0.4782531 0.7033197
vn -0.4431831 0.5560696 0.7031183
vn -0.5450938 0.4956112 -0.6761969
vn -0.6146975 0.4058264 -0.6763520
vn -0.5955394 0.3884621 0.7031571
vn -0.5450938 0.4956112 -0.6761969
vn -0.5955394 0.3884621 0.7031571
vn -0.5259422 0.4782531 0.7033197
vn -0.6146975 0.4058264 -0.6763520
vn -0.6693765 0.3062555 -0.6768624
vn -0.6502448 0.2888956 0.7026529
vn -0.6146975 0.4058264 -0.6763520
vn -0.6502448 0.2888956 0.7026529
vn -0.5955394 0.3884621 0.7031571
vn -0.6693765 0.3062555 -0.6768624
vn -0.7078135 0.1993669 -0.6776820
vn -0.6886985 0.1820130 0.7018303
vn -0.6693765 0.3062555 -0.6768624
vn -0.6886985 0.1820130 0.7018303
vn -0.6502448 0.2888956 0.7026529
vn -0.7078135 0.1993669 -0.6776820
vn -0.7290615 0.0877817 -0.6787957
vn -0.7099555 0.0704323 0.7007156
vn -0.7078135 0.1993669 -0.6776820
vn -0.7099555 0.0704323 0.7007156
vn -0.6886985 0.1820130 0.7018303
vn -0.7290615 0.0877817 -0.6787957
vn -0.7326034 -0.0257546 -0.6801683
vn -0.7134810 -0.0431087 0.6993473
vn -0.7290615 0.0877817 -0.6787957
vn -0.7134810 -0.0431087 0.6993473
vn -0.7099555 0.0704323 0.7007156
vn -0.7326034 -0.0257546 -0.6801683
vn -0.7183487 -0.1384381 -0.6817698
vn -0.6992021 -0.1557888 0.6977437
vn -0.7326034 -0.0257546 -0.6801683
vn -0.6992021 -0.1557888 0.6977437
vn -0.7134810 -0.0431087 0.6993473
vn -0.7183487 -0.1384381 -0.6817698
vn -0.6866293 -0.2475096 -0.6835782
vn -0.6674795 -0.2648560 0.6959329
vn -0.7183487 -0.1384381 -0.6817698
vn -0.6674795 -0.2648560 0.6959329
vn -0.6992021 -0.1557888 0.6977437
vn -0.6866293 -0.2475096 -0.6835782
vn -0.6382467 -0.3502547 -0.6855384
vn -0.6190892 -0.3675986 0.6939740
vn -0.6866293 -0.2475096 -0.6835782
vn -0.6190892 -0.3675986 0.6939740
vn -0.6674795 -0.2648560 0.6959329
vn -0.6382467 -0.3502547 -0.6855384
vn -0.5743734 -0.4441690 -0.6876112
vn -0.5552242 -0.4615136 0.6919041
vn -0.6382467 -0.3502547 -0.6855384
vn -0.5552242 -0.4615136 0.6919041
vn -0.6190892 -0.3675986 0.6939740
vn -0.5743734 -0.4441690 -0.6876112
vn -0.4965837 -0.5269486 -0.6897317
vn -0.4774374 -0.5442951 0.6897799
vn -0.5743734 -0.4441690 -0.6876112
vn -0.4774374 -0.5442951 0.6897799
vn -0.5552242 -0.4615136 0.6919041
vn -0.4965837 -0.5269486 -0.6897317
vn -0.4068028 -0.5965092 -0.6918731
vn -0.3876790 -0.6138895 0.6876372
vn -0.4965837 -0.5269486 -0.6897317
vn -0.3876790 -0.6138895 0.6876372
vn -0.4774374 -0.5442951 0.6897799
vn -0.4068028 -0.5965092 -0.6918731
vn -0.3072549 -0.6511810 -0.6939437
vn -0.2881280 -0.6685590 0.6855736
vn -0.4068028 -0.5965092 -0.6918731
vn -0.2881280 -0.6685590 0.6855736
vn -0.3876790 -0.6138895 0.6876372
vn -0.3072549 -0.6511810 -0.6939437
vn -0.2003805 -0.6896252 -0.6958914
vn -0.1812456 -0.7069767 0.6836182
vn -0.3072549 -0.6511810 -0.6939437
vn -0.1812456 -0.7069767 0.6836182
vn -0.2881280 -0.6685590 0.6855736
vn -0.2003805 -0.6896252 -0.6958914
vn -0.0887984 -0.7108696 -0.6976957
vn -0.0696551 -0.7281998 0.6818161
vn -0.2003805 -0.6896252 -0.6958914
vn -0.0696551 -0.7281998 0.6818161
vn -0.1812456 -0.7069767 0.6836182
vn -0.0887984 -0.7108696 -0.6976957
vn 0.0247354 -0.7143648 -0.6993362
vn 0.0438712 -0.7317317 0.6801794
vn -0.0887984 -0.7108696 -0.6976957
vn 0.0438712 -0.7317317 0.6801794
vn -0.0696551 -0.7281998 0.6818161
vn 0.0247354 -0.7143648 -0.6993362
vn 0.1374125 -0.7000636 -0.7007344
vn 0.1565584 -0.7174615 0.6787771
vn 0.0247354 -0.7143648 -0.6993362
vn 0.1565584 -0.7174615 0.6787771
vn 0.0438712 -0.7317317 0.6801794
vn 0.1374125 -0.7000636 -0.7007344
vn 0.2464849 -0.6683303 -0.7018403
vn 0.2656285 -0.6857126 0.6776721
vn 0.1374125 -0.7000636 -0.7007344
vn 0.2656285 -0.6857126 0.6776721
vn 0.1565584 -0.7174615 0.6787771
vn 0.2464849 -0.6683303 -0.7018403
vn 0.3492435 -0.6199310 -0.7026482
vn 0.3683863 -0.6372972 0.6768633
vn 0.2464849 -0.6683303 -0.7018403
vn 0.3683863 -0.6372972 0.6768633
vn 0.2656285 -0.6857126 0.6776721
vn 0.3492435 -0.6199310 -0.7026482
vn 0.4431806 -0.5560459 -0.7031385
vn 0.4623119 -0.5733959 0.6763763
vn 0.3492435 -0.6199310 -0.7026482
vn 0.4623119 -0.5733959 0.6763763
vn 0.3683863 -0.6372972 0.6768633
vn 0.4431806 -0.5560459 -0.7031385
vn 0.5259712 -0.4782468 -0.7033023
vn 0.5450994 -0.4955931 0.6762058
vn 0.4431806 -0.5560459 -0.7031385
vn 0.5450994 -0.4955931 0.6762058
vn 0.4623119 -0.5733959 0.6763763
vn 0.5259712 -0.4782468 -0.7033023
vn 0.5955369 -0.3884549 -0.7031633
vn 0.6146975 -0.4058240 0.6763534
vn 0.5259712 -0.4782468 -0.7033023
vn 0.6146975 -0.4058240 0.6763534
vn 0.5450994 -0.4955931 0.6762058
vn 0.5955369 -0.3884549 -0.7031633
vn 0.6502308 -0.2888971 -0.7026652
vn 0.6693891 -0.3062594 0.6768482
vn 0.5955369 -0.3884549 -0.7031633
vn 0.6693891 -0.3062594 0.6768482
vn 0.6146975 -0.4058240 0.6763534
vn 0.6502308 -0.2888971 -0.7026652
vn 0.6886843 -0.1819992 -0.7018477
vn 0.7078349 -0.1993622 0.6776610
vn 0.6502308 -0.2888971 -0.7026652
vn 0.7078349 -0.1993622 0.6776610
vn 0.6693891 -0.3062594 0.6768482
vn 0.6886843 -0.1819992 -0.7018477
vn 0.7099391 -0.0704221 -0.7007333
vn 0.7290737 -0.0877749 0.6787835
vn 0.6886843 -0.1819992 -0.7018477
vn 0.7290737 -0.0877749 0.6787835
vn 0.7078349 -0.1993622 0.6776610
vn -0.0138699 0.0125778 -0.9998247
vn 0.7134750 0.0430909 -0.6993544
vn 0.7099391 -0.0704221 -0.7007333
vn 0.0138699 -0.0125778 0.9998247
vn 0.7290737 -0.0877749 0.6787835
vn 0.7326154 0.0257326 0.6801561
vn -0.0138699 0.0125778 -0.9998247
vn 0.6992188 0.1557860 -0.6977277
vn 0.7134750 0.0430909 -0.6993544
vn 0.0138699 -0.0125778 0.9998247
vn 0.7326154 0.0257326 0.6801561
vn 0.7183352 0.1384305 0.6817855
vn -0.0138699 0.0125778 -0.9998247
vn 0.6674988 0.2648511 -0.6959162
vn 0.6992188 0.1557860 -0.6977277
vn 0.0138699 -0.0125778 0.9998247
vn 0.7183352 0.1384305 0.6817855
vn 0.6866185 0.2474937 0.6835948
vn -0.0138699 0.0125778 -0.9998247
vn 0.6190897 0.3676093 -0.6939678
vn 0.6674988 0.2648511 -0.6959162
vn 0.0138699 -0.0125778 0.9998247
vn 0.6866185 0.2474937 0.6835948
vn 0.6382348 0.3502585 0.6855475
vn -0.0138699 0.0125778 -0.9998247
vn 0.5552071 0.4615270 -0.6919088
vn 0.6190897 0.3676093 -0.6939678
vn 0.0138699 -0.0125778 0.9998247
vn 0.6382348 0.3502585 0.6855475
vn 0.5743654 0.4441918 0.6876030
vn -0.0138699 0.0125778 -0.9998247
vn 0.4774397 0.5442839 -0.6897871
vn 0.5552071 0.4615270 -0.6919088
vn 0.0138699 -0.0125778 0.9998247
vn 0.5743654 0.4441918 0.6876030
vn 0.4965918 0.5269483 0.6897260
vn -0.0138699 0.0125778 -0.9998247
vn 0.3876622 0.6138827 -0.6876527
vn 0.4774397 0.5442839 -0.6897871
vn 0.0138699 -0.0125778 0.9998247
vn 0.4965918 0.5269483 0.6897260
vn 0.4068074 0.5965235 0.6918579
vn -0.0138699 0.0125778 -0.9998247
vn 0.2881176 0.6685342 -0.6856021
vn 0.3876622 0.6138827 -0.6876527
vn 0.0138699 -0.0125778 0.9998247
vn 0.4068074 0.5965235 0.6918579
vn 0.3072701 0.6512040 0.6939152
vn -0.0138699 0.0125778 -0.9998247
vn 0.1812420 0.7069639 -0.6836324
vn 0.2881176 0.6685342 -0.6856021
vn 0.0138699 -0.0125778 0.9998247
vn 0.3072701 0.6512040 0.6939152
vn 0.2003841 0.6896390 0.6958765
vn -0.0138699 0.0125778 -0.9998247
vn 0.0696458 0.7282010 -0.6818159
vn 0.1812420 0.7069639 -0.6836324
vn 0.0138699 -0.0125778 0.9998247
vn 0.2003841 0.6896390 0.6958765
vn 0.0887905 0.7108698 0.6976964
vn -0.0138699 0.0125778 -0.9998247
vn -0.0438646 0.7317058 -0.6802078
vn 0.0696458 0.7282010 -0.6818159
vn 0.0138699 -0.0125778 0.9998247
vn 0.0887905 0.7108698 0.6976964
vn -0.0247335 0.7143893 0.6993113
vn -0.0138699 0.0125778 -0.9998247
vn -0.1565495 0.7174219 -0.6788210
vn -0.0438646 0.7317058 -0.6802078
vn 0.0138699 -0.0125778 0.9998247
vn -0.0247335 0.7143893 0.6993113
vn -0.1374241 0.7001088 0.7006870
vn -0.0138699 0.0125778 -0.9998247
vn -0.2656231 0.6856877 -0.6776996
vn -0.1565495 0.7174219 -0.6788210
vn 0.0138699 -0.0125778 0.9998247
vn -0.1374241 0.7001088 0.7006870
vn -0.2464923 0.6683539 0.7018152
vn -0.0138699 0.0125778 -0.9998247
vn -0.3683704 0.6372767 -0.6768911
vn -0.2656231 0.6856877 -0.6776996
vn 0.0138699 -0.0125778 0.9998247
vn -0.2464923 0.6683539 0.7018152
vn -0.3492566 0.6199521 0.7026230
vn -0.0138699 0.0125778 -0.9998247
vn -0.4622935 0.5733925 -0.6763917
vn -0.3683704 0.6372767 -0.6768911
vn 0.0138699 -0.0125778 0.9998247
vn -0.3492566 0.6199521 0.7026230
vn -0.4431831 0.5560696 0.7031183
vn -0.0138699 0.0125778 -0.9998247
vn -0.5450938 0.4956112 -0.6761969
vn -0.4622935 0.5733925 -0.6763917
vn 0.0138699 -0.0125778 0.9998247
vn -0.4431831 0.5560696 0.7031183
vn -0.5259422 0.4782531 0.7033197
vn -0.0138699 0.0125778 -0.9998247
vn -0.6146975 0.4058264 -0.6763520
vn -0.5450938 0.4956112 -0.6761969
vn 0.0138699 -0.0125778 0.9998247
vn -0.5259422 0.4782531 0.7033197
vn -0.5955394 0.3884621 0.7031571
vn -0.0138699 0.0125778 -0.9998247
vn -0.6693765 0.3062555 -0.6768624
vn -0.6146975 0.4058264 -0.6763520
vn 0.0138699 -0.0125778 0.9998247
vn -0.5955394 0.3884621 0.7031571
vn -0.6502448 0.2888956 0.7026529
vn -0.0138699 0.0125778 -0.9998247
vn -0.7078135 0.1993669 -0.6776820
vn -0.6693765 0.3062555 -0.6768624
vn 0.0138699 -0.0125778 0.9998247
vn -0.6502448 0.2888956 0.7026529
vn -0.6886985 0.1820130 0.7018303
vn -0.0138699 0.0125778 -0.9998247
vn -0.7290615 0.0877817 -0.6787957
vn -0.7078135 0.1993669 -0.6776820
vn 0.0138699 -0.0125778 0.9998247
vn -0.6886985 0.1820130 0.7018303
vn -0.7099555 0.0704323 0.7007156
vn -0.0138699 0.0125778 -0.9998247
vn -0.7326034 -0.0257546 -0.6801683
vn -0.7290615 0.0877817 -0.6787957
vn 0.0138699 -0.0125778 0.9998247
vn -0.7099555 0.0704323 0.7007156
vn -0.7134810 -0.0431087 0.6993473
vn -0.0138699 0.0125778 -0.9998247
vn -0.7183487 -0.1384381 -0.6817698
vn -0.7326034 -0.0257546 -0.6801683
vn 0.0138699 -0.0125778 0.9998247
vn -0.7134810 -0.0431087 0.6993473
vn -0.6992021 -0.1557888 0.6977437
vn -0.0138699 0.0125778 -0.9998247
vn -0.6866293 -0.2475096 -0.6835782
vn -0.7183487 -0.1384381 -0.6817698
vn 0.0138699 -0.0125778 0.9998247
vn -0.6992021 -0.1557888 0.6977437
vn -0.6674795 -0.2648560 0.6959329
vn -0.0138699 0.0125778 -0.9998247
vn -0.6382467 -0.3502547 -0.6855384
vn -0.6866293 -0.2475096 -0.6835782
vn 0.0138699 -0.0125778 0.9998247
vn -0.6674795 -0.2648560 0.6959329
vn -0.6190892 -0.3675986 0.6939740
vn -0.0138699 0.0125778 -0.9998247
vn -0.5743734 -0.4441690 -0.6876112
vn -0.6382467 -0.3502547 -0.6855384
vn 0.0138699 -0.0125778 0.9998247
vn -0.6190892 -0.3675986 0.6939740
vn -0.5552242 -0.4615136 0.6919041
vn -0.0138699 0.0125778 -0.9998247
vn -0.4965837 -0.5269486 -0.6897317
vn -0.5743734 -0.4441690 -0.6876112
vn 0.0138699 -0.0125778 0.9998247
vn -0.5552242 -0.4615136 0.6919041
vn -0.4774374 -0.5442951 0.6897799
vn -0.0138699 0.0125778 -0.9998247
vn -0.4068028 -0.5965092 -0.6918731
vn -0.4965837 -0.5269486 -0.6897317
vn 0.0138699 -0.0125778 0.9998247
vn -0.4774374 -0.5442951 0.6897799
vn -0.3876790 -0.6138895 0.6876372
vn -0.0138699 0.0125778 -0.9998247
vn -0.3072549 -0.6511810 -0.6939437
vn -0.4068028 -0.5965092 -0.6918731
vn 0.0138699 -0.0125778 0.9998247
vn -0.3876790 -0.6138895 0.6876372
vn -0.2881280 -0.6685590 0.6855736
vn -0.0138699 0.0125778 -0.9998247
vn -0.2003805 -0.6896252 -0.6958914
vn -0.3072549 -0.6511810 -0.6939437
vn 0.0138699 -0.0125778 0.9998247
vn -0.2881280 -0.6685590 0.6855736
vn -0.1812456 -0.7069767 0.6836182
vn -0.0138699 0.0125778 -0.9998247
vn -0.0887984 -0.7108696 -0.6976957
vn -0.2003805 -0.6896252 -0.6958914
vn 0.0138699 -0.0125778 0.9998247
vn -0.1812456 -0.7069767 0.6836182
vn -0.0696551 -0.7281998 0.6818161
vn -0.0138699 0.0125778 -0.9998247
vn 0.0247354 -0.7143648 -0.6993362
vn -0.0887984 -0.7108696 -0.6976957
vn 0.0138699 -0.0125778 0.9998247
vn -0.0696551 -0.7281998 0.6818161
vn 0.0438712 -0.7317317 0.6801794
vn -0.0138699 0.0125778 -0.9998247
vn 0.1374125 -0.7000636 -0.7007344
vn 0.0247354 -0.7143648 -0.6993362
vn 0.0138699 -0.0125778 0.9998247
vn 0.0438712 -0.7317317 0.6801794
vn 0.1565584 -0.7174615 0.6787771
vn -0.0138699 0.0125778 -0.9998247
vn 0.2464849 -0.6683303 -0.7018403
vn 0.1374125 -0.7000636 -0.7007344
vn 0.0138699 -0.0125778 0.9998247
vn 0.1565584 -0.7174615 0.6787771
vn 0.2656285 -0.6857126 0.6776721
vn -0.0138699 0.0125778 -0.9998247
vn 0.3492435 -0.6199310 -0.7026482
vn 0.2464849 -0.6683303 -0.7018403
vn 0.0138699 -0.0125778 0.9998247
vn 0.2656285 -0.6857126 0.6776721
vn 0.3683863 -0.6372972 0.6768633
vn -0.0138699 0.0125778 -0.9998247
vn 0.4431806 -0.5560459 -0.7031385
vn 0.3492435 -0.6199310 -0.7026482
vn 0.0138699 -0.0125778 0.9998247
vn 0.3683863 -0.6372972 0.6768633
vn 0.4623119 -0.5733959 0.6763763
vn -0.0138699 0.0125778 -0.9998247
vn 0.5259712 -0.4782468 -0.7033023
vn 0.4431806 -0.5560459 -0.7031385
vn 0.0138699 -0.0125778 0.9998247
vn 0.4623119 -0.5733959 0.6763763
vn 0.5450994 -0.4955931 0.6762058
vn -0.0138699 0.0125778 -0.9998247
vn 0.5955369 -0.3884549 -0.7031633
vn 0.5259712 -0.4782468 -0.7033023
vn 0.0138699 -0.0125778 0.9998247
vn 0.5450994 -0.4955931 0.6762058
vn 0.6146975 -0.4058240 0.6763534
vn -0.0138699 0.0125778 -0.9998247
vn 0.6502308 -0.2888971 -0.7026652
vn 0.5955369 -0.3884549 -0.7031633
vn 0.0138699 -0.0125778 0.9998247
vn 0.6146975 -0.4058240 0.6763534
vn 0.6693891 -0.3062594 0.6768482
vn -0.0138699 0.0125778 -0.9998247
vn 0.6886843 -0.1819992 -0.7018477
vn 0.6502308 -0.2888971 -0.7026652
vn 0.0138699 -0.0125778 0.9998247
vn 0.6693891 -0.3062594 0.6768482
vn 0.7078349 -0.1993622 0.6776610
vn -0.0138699 0.0125778 -0.9998247
vn 0.7099391 -0.0704221 -0.7007333
vn 0.6886843 -0.1819992 -0.7018477
vn 0.0138699 -0.0125778 0.9998247
vn 0.7078349 -0.1993622 0.6776610
vn 0.7290737 -0.0877749 0.6787835
vn 0.7600880 0.0937468 -0.6430224
vn 0.7354324 0.2046086 -0.6459678
vn 0.6458082 0.2211215 0.7307783
vn 0.7600880 0.0937468 -0.6430224
vn 0.6458082 0.2211215 0.7307783
vn 0.6704484 0.1102688 0.7337163
vn 0.7354324 0.2046086 -0.6459678
vn 0.6937733 0.3102145 -0.6499581
vn 0.6041723 0.3267548 0.7267787
vn 0.7354324 0.2046086 -0.6459678
vn 0.6041723 0.3267548 0.7267787
vn 0.6458082 0.2211215 0.7307783
vn 0.6937733 0.3102145 -0.6499581
vn 0.6361455 0.4079726 -0.6548871
vn 0.5465363 0.4245228 0.7218577
vn 0.6937733 0.3102145 -0.6499581
vn 0.5465363 0.4245228 0.7218577
vn 0.6041723 0.3267548 0.7267787
vn 0.6361455 0.4079726 -0.6548871
vn 0.5639725 0.4954933 -0.6606219
vn 0.4743401 0.5120313 0.7161183
vn 0.6361455 0.4079726 -0.6548871
vn 0.4743401 0.5120313 0.7161183
vn 0.5465363 0.4245228 0.7218577
vn 0.5639725 0.4954933 -0.6606219
vn 0.4790061 0.5706427 -0.6670232
vn 0.3893406 0.5871298 0.7097130
vn 0.5639725 0.4954933 -0.6606219
vn 0.3893406 0.5871298 0.7097130
vn 0.4743401 0.5120313 0.7161183
vn 0.4790061 0.5706427 -0.6670232
vn 0.3833295 0.6314880 -0.6740040
vn 0.2936876 0.6479974 0.7027425
vn 0.4790061 0.5706427 -0.6670232
vn 0.2936876 0.6479974 0.7027425
vn 0.3893406 0.5871298 0.7097130
vn 0.3833295 0.6314880 -0.6740040
vn 0.2793303 0.6765774 -0.6813352
vn 0.1897019 0.6931283 0.6954036
vn 0.3833295 0.6314880 -0.6740040
vn 0.1897019 0.6931283 0.6954036
vn 0.2936876 0.6479974 0.7027425
vn 0.2793303 0.6765774 -0.6813352
vn 0.1695491 0.7048126 -0.6888341
vn 0.0799140 0.7213918 0.6879008
vn 0.2793303 0.6765774 -0.6813352
vn 0.0799140 0.7213918 0.6879008
vn 0.1897019 0.6931283 0.6954036
vn 0.1695491 0.7048126 -0.6888341
vn 0.0567125 0.7155057 -0.6963010
vn -0.0329305 0.7320573 0.6804468
vn 0.1695491 0.7048126 -0.6888341
vn -0.0329305 0.7320573 0.6804468
vn 0.0799140 0.7213918 0.6879008
vn 0.0567125 0.7155057 -0.6963010
vn -0.0564075 0.7083651 -0.7035887
vn -0.1460655 0.7249398 0.6731472
vn 0.0567125 0.7155057 -0.6963010
vn -0.1460655 0.7249398 0.6731472
vn -0.0329305 0.7320573 0.6804468
vn -0.0564075 0.7083651 -0.7035887
vn -0.1670664 0.6836094 -0.7104695
vn -0.2567173 0.7001305 0.6662685
vn -0.0564075 0.7083651 -0.7035887
vn -0.2567173 0.7001305 0.6662685
vn -0.1460655 0.7249398 0.6731472
vn -0.1670664 0.6836094 -0.7104695
vn -0.2724975 0.6418301 -0.7167978
vn -0.3621082 0.6582859 0.6599525
vn -0.1670664 0.6836094 -0.7104695
vn -0.3621082 0.6582859 0.6599525
vn -0.2567173 0.7001305 0.6662685
vn -0.2724975 0.6418301 -0.7167978
vn -0.3700854 0.5839621 -0.7225130
vn -0.4597664 0.6005124 0.6542168
vn -0.2724975 0.6418301 -0.7167978
vn -0.4597664 0.6005124 0.6542168
vn -0.3621082 0.6582859 0.6599525
vn -0.3700854 0.5839621 -0.7225130
vn -0.4574857 0.5115340 -0.7273512
vn -0.5471833 0.5280973 0.6493871
vn -0.3700854 0.5839621 -0.7225130
vn -0.5471833 0.5280973 0.6493871
vn -0.4597664 0.6005124 0.6542168
vn -0.4574857 0.5115340 -0.7273512
vn -0.5325345 0.4263610 -0.7311794
vn -0.6221855 0.4428739 0.6455603
vn -0.4574857 0.5115340 -0.7273512
vn -0.6221855 0.4428739 0.6455603
vn -0.5471833 0.5280973 0.6493871
vn -0.5325345 0.4263610 -0.7311794
vn -0.5933461 0.3304506 -0.7339910
vn -0.6829941 0.3469710 0.6427521
vn -0.5325345 0.4263610 -0.7311794
vn -0.6829941 0.3469710 0.6427521
vn -0.6221855 0.4428739 0.6455603
vn -0.5933461 0.3304506 -0.7339910
vn -0.6384657 0.2262011 -0.7356592
vn -0.7280908 0.2427013 0.6410771
vn -0.5933461 0.3304506 -0.7339910
vn -0.7280908 0.2427013 0.6410771
vn -0.6829941 0.3469710 0.6427521
vn -0.6384657 0.2262011 -0.7356592
vn -0.6667361 0.1161754 -0.7361836
vn -0.7563554 0.1326773 0.6405648
vn -0.6384657 0.2262011 -0.7356592
vn -0.7563554 0.1326773 0.6405648
vn -0.7280908 0.2427013 0.6410771
vn -0.6667361 0.1161754 -0.7361836
vn -0.6774879 0.0031069 -0.7355273
vn -0.7671129 0.0196154 0.6412123
vn -0.6667361 0.1161754 -0.7361836
vn -0.7671129 0.0196154 0.6412123
vn -0.7563554 0.1326773 0.6405648
vn -0.6774879 0.0031069 -0.7355273
vn -0.6704488 -0.1102656 -0.7337165
vn -0.7600854 -0.0937560 0.6430240
vn -0.6774879 0.0031069 -0.7355273
vn -0.7600854 -0.0937560 0.6430240
vn -0.7671129 0.0196154 0.6412123
vn -0.6704488 -0.1102656 -0.7337165
vn -0.6458089 -0.2211317 -0.7307747
vn -0.7354304 -0.2046178 0.6459671
vn -0.6704488 -0.1102656 -0.7337165
vn -0.7354304 -0.2046178 0.6459671
vn -0.7600854 -0.0937560 0.6430240
vn -0.6458089 -0.2211317 -0.7307747
vn -0.6041589 -0.3267402 -0.7267963
vn -0.6937843 -0.3102211 0.6499432
vn -0.6458089 -0.2211317 -0.7307747
vn -0.6937843 -0.3102211 0.6499432
vn -0.7354304 -0.2046178 0.6459671
vn -0.6041589 -0.3267402 -0.7267963
vn -0.5465159 -0.4245042 -0.7218841
vn -0.6361599 -0.4079950 0.6548592
vn -0.6041589 -0.3267402 -0.7267963
vn -0.6361599 -0.4079950 0.6548592
vn -0.6937843 -0.3102211 0.6499432
vn -0.5465159 -0.4245042 -0.7218841
vn -0.4743235 -0.5120032 -0.7161493
vn -0.5639853 -0.4955132 0.6605961
vn -0.5465159 -0.4245042 -0.7218841
vn -0.5639853 -0.4955132 0.6605961
vn -0.6361599 -0.4079950 0.6548592
vn -0.4743235 -0.5120032 -0.7161493
vn -0.3893443 -0.5871161 -0.7097222
vn -0.4790263 -0.5706452 0.6670066
vn -0.4743235 -0.5120032 -0.7161493
vn -0.4790263 -0.5706452 0.6670066
vn -0.5639853 -0.4955132 0.6605961
vn -0.3893443 -0.5871161 -0.7097222
vn -0.2936870 -0.6480042 -0.7027363
vn -0.3833275 -0.6314896 0.6740036
vn -0.3893443 -0.5871161 -0.7097222
vn -0.3833275 -0.6314896 0.6740036
vn -0.4790263 -0.5706452 0.6670066
vn -0.2936870 -0.6480042 -0.7027363
vn -0.1896878 -0.6930984 -0.6954374
vn -0.2793349 -0.6766037 0.6813073
vn -0.2936870 -0.6480042 -0.7027363
vn -0.2793349 -0.6766037 0.6813073
vn -0.3833275 -0.6314896 0.6740036
vn -0.1896878 -0.6930984 -0.6954374
vn -0.0799105 -0.7213065 -0.6879908
vn -0.1695723 -0.7048899 0.6887492
vn -0.1896878 -0.6930984 -0.6954374
vn -0.1695723 -0.7048899 0.6887492
vn -0.2793349 -0.6766037 0.6813073
vn -0.0799105 -0.7213065 -0.6879908
vn 0.0329303 -0.7319868 -0.6805224
vn -0.0567152 -0.7155895 0.6962147
vn -0.0799105 -0.7213065 -0.6879908
vn -0.0567152 -0.7155895 0.6962147
vn -0.1695723 -0.7048899 0.6887492
vn 0.0329303 -0.7319868 -0.6805224
vn 0.1460664 -0.7248549 -0.6732385
vn 0.0564291 -0.7084441 0.7035074
vn 0.0329303 -0.7319868 -0.6805224
vn 0.0564291 -0.7084441 0.7035074
vn -0.0567152 -0.7155895 0.6962147
vn 0.1460664 -0.7248549 -0.6732385
vn 0.2566973 -0.7000776 -0.6663316
vn 0.1670819 -0.6836635 0.7104139
vn 0.1460664 -0.7248549 -0.6732385
vn 0.1670819 -0.6836635 0.7104139
vn 0.0564291 -0.7084441 0.7035074
vn 0.2566973 -0.7000776 -0.6663316
vn 0.3621297 -0.6583109 -0.6599157
vn 0.2724936 -0.6418051 0.7168218
vn 0.2566973 -0.7000776 -0.6663316
vn 0.2724936 -0.6418051 0.7168218
vn 0.1670819 -0.6836635 0.7104139
vn 0.3621297 -0.6583109 -0.6599157
vn 0.4597706 -0.6005132 -0.6542131
vn 0.3700908 -0.5839483 0.7225214
vn 0.3621297 -0.6583109 -0.6599157
vn 0.3700908 -0.5839483 0.7225214
vn 0.2724936 -0.6418051 0.7168218
vn 0.4597706 -0.6005132 -0.6542131
vn 0.5471640 -0.5280865 -0.6494122
vn 0.4574887 -0.5115541 0.7273352
vn 0.4597706 -0.6005132 -0.6542131
vn 0.4574887 -0.5115541 0.7273352
vn 0.3700908 -0.5839483 0.7225214
vn 0.5471640 -0.5280865 -0.6494122
vn 0.6222023 -0.4428872 -0.6455348
vn 0.5325202 -0.4263563 0.7311926
vn 0.5471640 -0.5280865 -0.6494122
vn 0.5325202 -0.4263563 0.7311926
vn 0.4574887 -0.5115541 0.7273352
vn 0.6222023 -0.4428872 -0.6455348
vn 0.6829887 -0.3469499 -0.6427692
vn 0.5933551 -0.3304523 0.7339830
vn 0.6222023 -0.4428872 -0.6455348
vn 0.5933551 -0.3304523 0.7339830
vn 0.5325202 -0.4263563 0.7311926
vn 0.6829887 -0.3469499 -0.6427692
vn 0.7280920 -0.2427205 -0.6410685
vn 0.6384554 -0.2262036 0.7356675
vn 0.6829887 -0.3469499 -0.6427692
vn 0.6384554 -0.2262036 0.7356675
vn 0.5933551 -0.3304523 0.7339830
vn 0.7280920 -0.2427205 -0.6410685
vn 0.7563753 -0.1326920 -0.6405382
vn 0.6667171 -0.1161848 0.7361994
vn 0.7280920 -0.2427205 -0.6410685
vn 0.6667171 -0.1161848 0.7361994
vn 0.6384554 -0.2262036 0.7356675
vn 0.7563753 -0.1326920 -0.6405382
vn 0.7671165 -0.0196109 -0.6412081
vn 0.6774809 -0.0031018 0.7355338
vn 0.7563753 -0.1326920 -0.6405382
vn 0.6774809 -0.0031018 0.7355338
vn 0.6667171 -0.1161848 0.7361994
vn 0.7671165 -0.0196109 -0.6412081
vn 0.7600880 0.0937468 -0.6430224
vn 0.6704484 0.1102688 0.7337163
vn 0.7671165 -0.0196109 -0.6412081
vn 0.6704484 0.1102688 0.7337163
vn 0.6774809 -0.0031018 0.7355338
vn 0.0649725 -0.0119664 -0.9978153
vn 0.7354324 0.2046086 -0.6459678
vn 0.7600880 0.0937468 -0.6430224
vn -0.0649725 0.0119663 0.9978153
vn 0.6704484 0.1102688 0.7337163
vn 0.6458082 0.2211215 0.7307783
vn 0.0649725 -0.0119664 -0.9978153
vn 0.6937733 0.3102145 -0.6499581
vn 0.7354324 0.2046086 -0.6459678
vn -0.0649725 0.0119663 0.9978153
vn 0.6458082 0.2211215 0.7307783
vn 0.6041723 0.3267548 0.7267787
vn 0.0649725 -0.0119664 -0.9978153
vn 0.6361455 0.4079726 -0.6548871
vn 0.6937733 0.3102145 -0.6499581
vn -0.0649725 0.0119663 0.9978153
vn 0.6041723 0.3267548 0.7267787
vn 0.5465363 0.4245228 0.7218577
vn 0.0649725 -0.0119664 -0.9978153
vn 0.5639725 0.4954933 -0.6606219
vn 0.6361455 0.4079726 -0.6548871
vn -0.0649725 0.0119663 0.9978153
vn 0.5465363 0.4245228 0.7218577
vn 0.4743401 0.5120313 0.7161183
vn 0.0649725 -0.0119664 -0.9978153
vn 0.4790061 0.5706427 -0.6670232
vn 0.5639725 0.4954933 -0.6606219
vn -0.0649725 0.0119663 0.9978153
vn 0.4743401 0.5120313 0.7161183
vn 0.3893406 0.5871298 0.7097130
vn 0.0649725 -0.0119664 -0.9978153
vn 0.3833295 0.6314880 -0.6740040
vn 0.4790061 0.5706427 -0.6670232
vn -0.0649725 0.0119663 0.9978153
vn 0.3893406 0.5871298 0.7097130
vn 0.2936876 0.6479974 0.7027425
vn 0.0649725 -0.0119664 -0.9978153
vn 0.2793303 0.6765774 -0.6813352
vn 0.3833295 0.6314880 -0.6740040
vn -0.0649725 0.0119663 0.9978153
vn 0.2936876 0.6479974 0.7027425
vn 0.1897019 0.6931283 0.6954036
vn 0.0649725 -0.0119664 -0.9978153
vn 0.1695491 0.7048126 -0.6888341
vn 0.2793303 0.6765774 -0.6813352
vn -0.0649725 0.0119663 0.9978153
vn 0.1897019 0.6931283 0.6954036
vn 0.0799140 0.7213918 0.6879008
vn 0.0649725 -0.0119664 -0.9978153
vn 0.0567125 0.7155057 -0.6963010
vn 0.1695491 0.7048126 -0.6888341
vn -0.0649725 0.0119663 0.9978153
vn 0.0799140 0.7213918 0.6879008
vn -0.0329305 0.7320573 0.6804468
vn 0.0649725 -0.0119664 -0.9978153
vn -0.0564075 0.7083651 -0.7035887
vn 0.0567125 0.7155057 -0.6963010
vn -0.0649725 0.0119663 0.9978153
vn -0.0329305 0.7320573 0.6804468
vn -0.1460655 0.7249398 0.6731472
vn 0.0649725 -0.0119664 -0.9978153
vn -0.1670664 0.6836094 -0.7104695
vn -0.0564075 0.7083651 -0.7035887
vn -0.0649725 0.0119663 0.9978153
vn -0.1460655 0.7249398 0.6731472
vn -0.2567173 0.7001305 0.6662685
vn 0.0649725 -0.0119664 -0.9978153
vn -0.2724975 0.6418301 -0.7167978
vn -0.1670664 0.6836094 -0.7104695
vn -0.0649725 0.0119663 0.9978153
vn -0.2567173 0.7001305 0.6662685
vn -0.3621082 0.6582859 0.6599525
vn 0.0649725 -0.0119664 -0.9978153
vn -0.3700854 0.5839621 -0.7225130
vn -0.2724975 0.6418301 -0.7167978
vn -0.0649725 0.0119663 0.9978153
vn -0.3621082 0.6582859 0.6599525
vn -0.4597664 0.6005124 0.6542168
vn 0.0649725 -0.0119664 -0.9978153
vn -0.4574857 0.5115340 -0.7273512
vn -0.3700854 0.5839621 -0.7225130
vn -0.0649725 0.0119663 0.9978153
vn -0.4597664 0.6005124 0.6542168
vn -0.5471833 0.5280973 0.6493871
vn 0.0649725 -0.0119664 -0.9978153
vn -0.5325345 0.4263610 -0.7311794
vn -0.4574857 0.5115340 -0.7273512
vn -0.0649725 0.0119663 0.9978153
vn -0.5471833 0.5280973 0.6493871
vn -0.6221855 0.4428739 0.6455603
vn 0.0649725 -0.0119664 -0.9978153
vn -0.5933461 0.3304506 -0.7339910
vn -0.5325345 0.4263610 -0.7311794
vn -0.0649725 0.0119663 0.9978153
vn -0.6221855 0.4428739 0.6455603
vn -0.6829941 0.3469710 0.6427521
vn 0.0649725 -0.0119664 -0.9978153
vn -0.6384657 0.2262011 -0.7356592
vn -0.5933461 0.3304506 -0.7339910
vn -0.0649725 0.0119663 0.9978153
vn -0.6829941 0.3469710 0.6427521
vn -0.7280908 0.2427013 0.6410771
vn 0.0649725 -0.0119664 -0.9978153
vn -0.6667361 0.1161754 -0.7361836
vn -0.6384657 0.2262011 -0.7356592
vn -0.0649725 0.0119663 0.9978153
vn -0.7280908 0.2427013 0.6410771
vn -0.7563554 0.1326773 0.6405648
vn 0.0649725 -0.0119664 -0.9978153
vn -0.6774879 0.0031069 -0.7355273
vn -0.6667361 0.1161754 -0.7361836
vn -0.0649725 0.0119663 0.9978153
vn -0.7563554 0.1326773 0.6405648
vn -0.7671129 0.0196154 0.6412123
vn 0.0649725 -0.0119664 -0.9978153
vn -0.6704488 -0.1102656 -0.7337165
vn -0.6774879 0.0031069 -0.7355273
vn -0.0649725 0.0119663 0.9978153
vn -0.7671129 0.0196154 0.6412123
vn -0.7600854 -0.0937560 0.6430240
vn 0.0649725 -0.0119664 -0.9978153
vn -0.6458089 -0.2211317 -0.7307747
vn -0.6704488 -0.1102656 -0.7337165
vn -0.0649725 0.0119663 0.9978153
vn -0.7600854 -0.0937560 0.6430240
vn -0.7354304 -0.2046178 0.6459671
vn 0.0649725 -0.0119664 -0.9978153
vn -0.6041589 -0.3267402 -0.7267963
vn -0.6458089 -0.2211317 -0.7307747
vn -0.0649725 0.0119663 0.9978153
vn -0.7354304 -0.2046178 0.6459671
vn -0.6937843 -0.3102211 0.6499432
vn 0.0649725 -0.0119664 -0.9978153
vn -0.5465159 -0.4245042 -0.7218841
vn -0.6041589 -0.3267402 -0.7267963
vn -0.0649725 0.0119663 0.9978153
vn -0.6937843 -0.3102211 0.6499432
vn -0.6361599 -0.4079950 0.6548592
vn 0.0649725 -0.0119664 -0.9978153
vn -0.4743235 -0.5120032 -0.7161493
vn -0.5465159 -0.4245042 -0.7218841
vn -0.0649725 0.0119663 0.9978153
vn -0.6361599 -0.4079950 0.6548592
vn -0.5639853 -0.4955132 0.6605961
vn 0.0649725 -0.0119664 -0.9978153
vn -0.3893443 -0.5871161 -0.7097222
vn -0.4743235 -0.5120032 -0.7161493
vn -0.0649725 0.0119663 0.9978153
vn -0.5639853 -0.4955132 0.6605961
vn -0.4790263 -0.5706452 0.6670066
vn 0.0649725 -0.0119664 -0.9978153
vn -0.2936870 -0.6480042 -0.7027363
vn -0.3893443 -0.5871161 -0.7097222
vn -0.0649725 0.0119663 0.9978153
vn -0.4790263 -0.5706452 0.6670066
vn -0.3833275 -0.6314896 0.6740036
vn 0.0649725 -0.0119664 -0.9978153
vn -0.1896878 -0.6930984 -0.6954374
vn -0.2936870 -0.6480042 -0.7027363
vn -0.0649725 0.0119663 0.9978153
vn -0.3833275 -0.6314896 0.6740036
vn -0.2793349 -0.6766037 0.6813073
vn 0.0649725 -0.0119664 -0.9978153
vn -0.0799105 -0.7213065 -0.6879908
vn -0.1896878 -0.6930984 -0.6954374
vn -0.0649725 0.0119663 0.9978153
vn -0.2793349 -0.6766037 0.6813073
vn -0.1695723 -0.7048899 0.6887492
vn 0.0649725 -0.0119664 -0.9978153
vn 0.0329303 -0.7319868 -0.6805224
vn -0.0799105 -0.7213065 -0.6879908
vn -0.0649725 0.0119663 0.9978153
vn -0.1695723 -0.7048899 0.6887492
vn -0.0567152 -0.7155895 0.6962147
vn 0.0649725 -0.0119664 -0.9978153
vn 0.1460664 -0.7248549 -0.6732385
vn 0.0329303 -0.7319868 -0.6805224
vn -0.0649725 0.0119663 0.9978153
vn -0.0567152 -0.7155895 0.6962147
vn 0.0564291 -0.7084441 0.7035074
vn 0.0649725 -0.0119664 -0.9978153
vn 0.2566973 -0.7000776 -0.6663316
vn 0.1460664 -0.7248549 -0.6732385
vn -0.0649725 0.0119663 0.9978153
vn 0.0564291 -0.7084441 0.7035074
vn 0.1670819 -0.6836635 0.7104139
vn 0.0649725 -0.0119664 -0.9978153
vn 0.3621297 -0.6583109 -0.6599157
vn 0.2566973 -0.7000776 -0.6663316
vn -0.0649725 0.0119663 0.9978153
vn 0.1670819 -0.6836635 0.7104139
vn 0.2724936 -0.6418051 0.7168218
vn 0.0649725 -0.0119664 -0.9978153
vn 0.4597706 -0.6005132 -0.6542131
vn 0.3621297 -0.6583109 -0.6599157
vn -0.0649725 0.0119663 0.9978153
vn 0.2724936 -0.6418051 0.7168218
vn 0.3700908 -0.5839483 0.7225214
vn 0.0649725 -0.0119664 -0.9978153
vn 0.5471640 -0.5280865 -0.6494122
vn 0.4597706 -0.6005132 -0.6542131
vn -0.0649725 0.0119663 0.9978153
vn 0.3700908 -0.5839483 0.7225214
vn 0.4574887 -0.5115541 0.7273352
vn 0.0649725 -0.0119664 -0.9978153
vn 0.6222023 -0.4428872 -0.6455348
vn 0.5471640 -0.5280865 -0.6494122
vn -0.0649725 0.0119663 0.9978153
vn 0.4574887 -0.5115541 0.7273352
vn 0.5325202 -0.4263563 0.7311926
vn 0.0649725 -0.0119664 -0.9978153
vn 0.6829887 -0.3469499 -0.6427692
vn 0.6222023 -0.4428872 -0.6455348
vn -0.0649725 0.0119663 0.9978153
vn 0.5325202 -0.4263563 0.7311926
vn 0.5933551 -0.3304523 0.7339830
vn 0.0649725 -0.0119664 -0.9978153
vn 0.7280920 -0.2427205 -0.6410685
vn 0.6829887 -0.3469499 -0.6427692
vn -0.0649725 0.0119663 0.9978153
vn 0.5933551 -0.3304523 0.7339830
vn 0.6384554 -0.2262036 0.7356675
vn 0.0649725 -0.0119664 -0.9978153
vn 0.7563753 -0.1326920 -0.6405382
vn 0.7280920 -0.2427205 -0.6410685
vn -0.0649725 0.0119663 0.9978153
vn 0.6384554 -0.2262036 0.7356675
vn 0.6667171 -0.1161848 0.7361994
vn 0.0649725 -0.0119664 -0.9978153
vn 0.7671165 -0.0196109 -0.6412081
vn 0.7563753 -0.1326920 -0.6405382
vn -0.0649725 0.0119663 0.9978153
vn 0.6667171 -0.1161848 0.7361994
vn 0.6774809 -0.0031018 0.7355338
vn 0.0649725 -0.0119664 -0.9978153
vn 0.7600880 0.0937468 -0.6430224
vn 0.7671165 -0.0196109 -0.6412081
vn -0.0649725 0.0119663 0.9978153
vn 0.6774809 -0.0031018 0.7355338
vn 0.6704484 0.1102688 0.7337163
vn 0.7182822 0.1928350 -0.6684947
vn 0.6825624 0.3006518 -0.6661210
vn 0.6514454 0.2601686 0.7126929
vn 0.7182822 0.1928350 -0.6684947
vn 0.6514454 0.2601686 0.7126929
vn 0.6871949 0.1523750 0.7103133
vn 0.6825624 0.3006518 -0.6661210
vn 0.6304269 0.4015717 -0.6643056
vn 0.5992745 0.3610577 0.7144980
vn 0.6825624 0.3006518 -0.6661210
vn 0.5992745 0.3610577 0.7144980
vn 0.6514454 0.2601686 0.7126929
vn 0.6304269 0.4015717 -0.6643056
vn 0.5631136 0.4930789 -0.6631564
vn 0.5319914 0.4525738 0.7156550
vn 0.6304269 0.4015717 -0.6643056
vn 0.5319914 0.4525738 0.7156550
vn 0.5992745 0.3610577 0.7144980
vn 0.5631136 0.4930789 -0.6631564
vn 0.4823092 0.5728953 -0.6626980
vn 0.4512612 0.5324845 0.7161170
vn 0.5631136 0.4930789 -0.6631564
vn 0.4512612 0.5324845 0.7161170
vn 0.5319914 0.4525738 0.7156550
vn 0.4823092 0.5728953 -0.6626980
vn 0.3900585 0.6392013 -0.6627791
vn 0.3589617 0.5987059 0.7160291
vn 0.4823092 0.5728953 -0.6626980
vn 0.3589617 0.5987059 0.7160291
vn 0.4512612 0.5324845 0.7161170
vn 0.3900585 0.6392013 -0.6627791
vn 0.2885632 0.6902204 -0.6635716
vn 0.2574652 0.6497280 0.7152378
vn 0.3900585 0.6392013 -0.6627791
vn 0.2574652 0.6497280 0.7152378
vn 0.3589617 0.5987059 0.7160291
vn 0.2885632 0.6902204 -0.6635716
vn 0.1803399 0.7246940 -0.6650535
vn 0.1492719 0.6842964 0.7137621
vn 0.2885632 0.6902204 -0.6635716
vn 0.1492719 0.6842964 0.7137621
vn 0.2574652 0.6497280 0.7152378
vn 0.1803399 0.7246940 -0.6650535
vn 0.0680736 0.7419062 -0.6670392
vn 0.0369946 0.7014377 0.7117700
vn 0.1803399 0.7246940 -0.6650535
vn 0.0369946 0.7014377 0.7117700
vn 0.1492719 0.6842964 0.7137621
vn 0.0680736 0.7419062 -0.6670392
vn -0.0454940 0.7413614 -0.6695623
vn -0.0765673 0.7007884 0.7092482
vn 0.0680736 0.7419062 -0.6670392
vn -0.0765673 0.7007884 0.7092482
vn 0.0369946 0.7014377 0.7117700
vn -0.0454940 0.7413614 -0.6695623
vn -0.1575716 0.7230231 -0.6726134
vn -0.1886279 0.6824341 0.7061893
vn -0.0454940 0.7413614 -0.6695623
vn -0.1886279 0.6824341 0.7061893
vn -0.0765673 0.7007884 0.7092482
vn -0.1575716 0.7230231 -0.6726134
vn -0.2653851 0.6873593 -0.6760976
vn -0.2964233 0.6467792 0.7027160
vn -0.1575716 0.7230231 -0.6726134
vn -0.2964233 0.6467792 0.7027160
vn -0.1886279 0.6824341 0.7061893
vn -0.2653851 0.6873593 -0.6760976
vn -0.3662559 0.6352549 -0.6799322
vn -0.3973070 0.5947404 0.6988783
vn -0.2653851 0.6873593 -0.6760976
vn -0.3973070 0.5947404 0.6988783
vn -0.2964233 0.6467792 0.7027160
vn -0.3662559 0.6352549 -0.6799322
vn -0.4577447 0.5680378 -0.6839612
vn -0.4887864 0.5275219 0.6948442
vn -0.3662559 0.6352549 -0.6799322
vn -0.4887864 0.5275219 0.6948442
vn -0.3973070 0.5947404 0.6988783
vn -0.4577447 0.5680378 -0.6839612
vn -0.5375637 0.4873053 -0.6881562
vn -0.5686277 0.4468275 0.6906575
vn -0.4577447 0.5680378 -0.6839612
vn -0.5686277 0.4468275 0.6906575
vn -0.4887864 0.5275219 0.6948442
vn -0.5375637 0.4873053 -0.6881562
vn -0.6037850 0.3950944 -0.6923468
vn -0.6348402 0.3546063 0.6864636
vn -0.5375637 0.4873053 -0.6881562
vn -0.6348402 0.3546063 0.6864636
vn -0.5686277 0.4468275 0.6906575
vn -0.6037850 0.3950944 -0.6923468
vn -0.6547619 0.2936545 -0.6964581
vn -0.6857855 0.2531613 0.6823544
vn -0.6037850 0.3950944 -0.6923468
vn -0.6857855 0.2531613 0.6823544
vn -0.6348402 0.3546063 0.6864636
vn -0.6547619 0.2936545 -0.6964581
vn -0.6892079 0.1854857 -0.7004196
vn -0.7202492 0.1450073 0.6783908
vn -0.6547619 0.2936545 -0.6964581
vn -0.7202492 0.1450073 0.6783908
vn -0.6857855 0.2531613 0.6823544
vn -0.6892079 0.1854857 -0.7004196
vn -0.7062960 0.0732374 -0.7041180
vn -0.7373691 0.0327656 0.6746950
vn -0.6892079 0.1854857 -0.7004196
vn -0.7373691 0.0327656 0.6746950
vn -0.7202492 0.1450073 0.6783908
vn -0.7062960 0.0732374 -0.7041180
vn -0.7056274 -0.0403298 -0.7074344
vn -0.7367032 -0.0807856 0.6713734
vn -0.7062960 0.0732374 -0.7041180
vn -0.7367032 -0.0807856 0.6713734
vn -0.7373691 0.0327656 0.6746950
vn -0.7056274 -0.0403298 -0.7074344
vn -0.6871943 -0.1523719 -0.7103146
vn -0.7182783 -0.1928279 0.6685011
vn -0.7056274 -0.0403298 -0.7074344
vn -0.7182783 -0.1928279 0.6685011
vn -0.7367032 -0.0807856 0.6713734
vn -0.6871943 -0.1523719 -0.7103146
vn -0.6514527 -0.2601725 -0.7126849
vn -0.6825674 -0.3006459 0.6661184
vn -0.6871943 -0.1523719 -0.7103146
vn -0.6825674 -0.3006459 0.6661184
vn -0.7182783 -0.1928279 0.6685011
vn -0.6514527 -0.2601725 -0.7126849
vn -0.5992895 -0.3610681 -0.7144802
vn -0.6304032 -0.4015580 0.6643366
vn -0.6514527 -0.2601725 -0.7126849
vn -0.6304032 -0.4015580 0.6643366
vn -0.6825674 -0.3006459 0.6661184
vn -0.5992895 -0.3610681 -0.7144802
vn -0.5320245 -0.4525926 -0.7156186
vn -0.5631040 -0.4930460 0.6631890
vn -0.5992895 -0.3610681 -0.7144802
vn -0.5631040 -0.4930460 0.6631890
vn -0.6304032 -0.4015580 0.6643366
vn -0.5320245 -0.4525926 -0.7156186
vn -0.4512489 -0.5324637 -0.7161402
vn -0.4823197 -0.5729150 0.6626735
vn -0.5320245 -0.4525926 -0.7156186
vn -0.4823197 -0.5729150 0.6626735
vn -0.5631040 -0.4930460 0.6631890
vn -0.4512489 -0.5324637 -0.7161402
vn -0.3589692 -0.5987312 -0.7160043
vn -0.3900467 -0.6391829 0.6628038
vn -0.4512489 -0.5324637 -0.7161402
vn -0.3900467 -0.6391829 0.6628038
vn -0.4823197 -0.5729150 0.6626735
vn -0.3589692 -0.5987312 -0.7160043
vn -0.2574627 -0.6497170 -0.7152488
vn -0.2885633 -0.6902299 0.6635615
vn -0.3589692 -0.5987312 -0.7160043
vn -0.2885633 -0.6902299 0.6635615
vn -0.3900467 -0.6391829 0.6628038
vn -0.2574627 -0.6497170 -0.7152488
vn -0.1492605 -0.6842518 -0.7138072
vn -0.1803523 -0.7247357 0.6650046
vn -0.2574627 -0.6497170 -0.7152488
vn -0.1803523 -0.7247357 0.6650046
vn -0.2885633 -0.6902299 0.6635615
vn -0.1492605 -0.6842518 -0.7138072
vn -0.0369934 -0.7014551 -0.7117530
vn -0.0680705 -0.7418896 0.6670579
vn -0.1492605 -0.6842518 -0.7138072
vn -0.0680705 -0.7418896 0.6670579
vn -0.1803523 -0.7247357 0.6650046
vn -0.0369934 -0.7014551 -0.7117530
vn 0.0765831 -0.7008557 -0.7091799
vn 0.0455023 -0.7413028 0.6696265
vn -0.0369934 -0.7014551 -0.7117530
vn 0.0455023 -0.7413028 0.6696265
vn -0.0680705 -0.7418896 0.6670579
vn 0.0765831 -0.7008557 -0.7091799
vn 0.1886303 -0.6824481 -0.7061751
vn 0.1575688 -0.7229967 0.6726425
vn 0.0765831 -0.7008557 -0.7091799
vn 0.1575688 -0.7229967 0.6726425
vn 0.0455023 -0.7413028 0.6696265
vn 0.1886303 -0.6824481 -0.7061751
vn 0.2964449 -0.6468666 -0.7026265
vn 0.2653463 -0.6872913 0.6761820
vn 0.1886303 -0.6824481 -0.7061751
vn 0.2653463 -0.6872913 0.6761820
vn 0.1575688 -0.7229967 0.6726425
vn 0.2964449 -0.6468666 -0.7026265
vn 0.3973469 -0.5948004 -0.6988047
vn 0.3662273 -0.6351936 0.6800050
vn 0.2964449 -0.6468666 -0.7026265
vn 0.3662273 -0.6351936 0.6800050
vn 0.2653463 -0.6872913 0.6761820
vn 0.3973469 -0.5948004 -0.6988047
vn 0.4888193 -0.5275438 -0.6948044
vn 0.4577243 -0.5679967 0.6840090
vn 0.3973469 -0.5948004 -0.6988047
vn 0.4577243 -0.5679967 0.6840090
vn 0.3662273 -0.6351936 0.6800050
vn 0.4888193 -0.5275438 -0.6948044
vn 0.5686290 -0.4468192 -0.6906617
vn 0.5375684 -0.4873098 0.6881492
vn 0.4888193 -0.5275438 -0.6948044
vn 0.5375684 -0.4873098 0.6881492
vn 0.4577243 -0.5679967 0.6840090
vn 0.5686290 -0.4468192 -0.6906617
vn 0.6348416 -0.3546107 -0.6864601
vn 0.6037868 -0.3950853 0.6923503
vn 0.5686290 -0.4468192 -0.6906617
vn 0.6037868 -0.3950853 0.6923503
vn 0.5375684 -0.4873098 0.6881492
vn 0.6348416 -0.3546107 -0.6864601
vn 0.6858242 -0.2531859 -0.6823065
vn 0.6547188 -0.2936364 0.6965063
vn 0.6348416 -0.3546107 -0.6864601
vn 0.6547188 -0.2936364 0.6965063
vn 0.6037868 -0.3950853 0.6923503
vn 0.6858242 -0.2531859 -0.6823065
vn 0.7202764 -0.1450177 -0.6783597
vn 0.6891825 -0.1854721 0.7004481
vn 0.6858242 -0.2531859 -0.6823065
vn 0.6891825 -0.1854721 0.7004481
vn 0.6547188 -0.2936364 0.6965063
vn 0.7202764 -0.1450177 -0.6783597
vn 0.7373737 -0.0327620 -0.6746899
vn 0.7062922 -0.0732188 0.7041238
vn 0.7202764 -0.1450177 -0.6783597
vn 0.7062922 -0.0732188 0.7041238
vn 0.6891825 -0.1854721 0.7004481
vn 0.7373737 -0.0327620 -0.6746899
vn 0.7367054 0.0807781 -0.6713718
vn 0.7056248 0.0403205 0.7074376
vn 0.7373737 -0.0327620 -0.6746899
vn 0.7056248 0.0403205 0.7074376
vn 0.7062922 -0.0732188 0.7041238
vn 0.7367054 0.0807781 -0.6713718
vn 0.7182822 0.1928350 -0.6684947
vn 0.6871949 0.1523750 0.7103133
vn 0.7367054 0.0807781 -0.6713718
vn 0.6871949 0.1523750 0.7103133
vn 0.7056248 0.0403205 0.7074376
vn 0.0225276 0.0293266 -0.9993160
vn 0.6825624 0.3006518 -0.6661210
vn 0.7182822 0.1928350 -0.6684947
vn -0.0225276 -0.0293267 0.9993160
vn 0.6871949 0.1523750 0.7103133
vn 0.6514454 0.2601686 0.7126929
vn 0.0225276 0.0293266 -0.9993160
vn 0.6304269 0.4015717 -0.6643056
vn 0.6825624 0.3006518 -0.6661210
vn -0.0225276 -0.0293267 0.9993160
vn 0.6514454 0.2601686 0.7126929
vn 0.5992745 0.3610577 0.7144980
vn 0.0225276 0.0293266 -0.9993160
vn 0.5631136 0.4930789 -0.6631564
vn 0.6304269 0.4015717 -0.6643056
vn -0.0225276 -0.0293267 0.9993160
vn 0.5992745 0.3610577 0.7144980
vn 0.5319914 0.4525738 0.7156550
vn 0.0225276 0.0293266 -0.9993160
vn 0.4823092 0.5728953 -0.6626980
vn 0.5631136 0.4930789 -0.6631564
vn -0.0225276 -0.0293267 0.9993160
vn 0.5319914 0.4525738 0.7156550
vn 0.4512612 0.5324845 0.7161170
vn 0.0225276 0.0293266 -0.9993160
vn 0.3900585 0.6392013 -0.6627791
vn 0.4823092 0.5728953 -0.6626980
vn -0.0225276 -0.0293267 0.9993160
vn 0.4512612 0.5324845 0.7161170
vn 0.3589617 0.5987059 0.7160291
vn 0.0225276 0.0293266 -0.9993160
vn 0.2885632 0.6902204 -0.6635716
vn 0.3900585 0.6392013 -0.6627791
vn -0.0225276 -0.0293267 0.9993160
vn 0.3589617 0.5987059 0.7160291
vn 0.2574652 0.6497280 0.7152378
vn 0.0225276 0.0293266 -0.9993160
vn 0.1803399 0.7246940 -0.6650535
vn 0.2885632 0.6902204 -0.6635716
vn -0.0225276 -0.0293267 0.9993160
vn 0.2574652 0.6497280 0.7152378
vn 0.1492719 0.6842964 0.7137621
vn 0.0225276 0.0293266 -0.9993160
vn 0.0680736 0.7419062 -0.6670392
vn 0.1803399 0.7246940 -0.6650535
vn -0.0225276 -0.0293267 0.9993160
vn 0.1492719 0.6842964 0.7137621
vn 0.0369946 0.7014377 0.7117700
vn 0.0225276 0.0293266 -0.9993160
vn -0.0454940 0.7413614 -0.6695623
vn 0.0680736 0.7419062 -0.6670392
vn -0.0225276 -0.0293267 0.9993160
vn 0.0369946 0.7014377 0.7117700
vn -0.0765673 0.7007884 0.7092482
vn 0.0225276 0.0293266 -0.9993160
vn -0.1575716 0.7230231 -0.6726134
vn -0.0454940 0.7413614 -0.6695623
vn -0.0225276 -0.0293267 0.9993160
vn -0.0765673 0.7007884 0.7092482
vn -0.1886279 0.6824341 0.7061893
vn 0.0225276 0.0293266 -0.9993160
vn -0.2653851 0.6873593 -0.6760976
vn -0.1575716 0.7230231 -0.6726134
vn -0.0225276 -0.0293267 0.9993160
vn -0.1886279 0.6824341 0.7061893
vn -0.2964233 0.6467792 0.7027160
vn 0.0225276 0.0293266 -0.9993160
vn -0.3662559 0.6352549 -0.6799322
vn -0.2653851 0.6873593 -0.6760976
vn -0.0225276 -0.0293267 0.9993160
vn -0.2964233 0.6467792 0.7027160
vn -0.3973070 0.5947404 0.6988783
vn 0.0225276 0.0293266 -0.9993160
vn -0.4577447 0.5680378 -0.6839612
vn -0.3662559 0.6352549 -0.6799322
vn -0.0225276 -0.0293267 0.9993160
vn -0.3973070 0.5947404 0.6988783
vn -0.4887864 0.5275219 0.6948442
vn 0.0225276 0.0293266 -0.9993160
vn -0.5375637 0.4873053 -0.6881562
vn -0.4577447 0.5680378 -0.6839612
vn -0.0225276 -0.0293267 0.9993160
vn -0.4887864 0.5275219 0.6948442
vn -0.5686277 0.4468275 0.6906575
vn 0.0225276 0.0293266 -0.9993160
vn -0.6037850 0.3950944 -0.6923468
vn -0.5375637 0.4873053 -0.6881562
vn -0.0225276 -0.0293267 0.9993160
vn -0.5686277 0.4468275 0.6906575
vn -0.6348402 0.3546063 0.6864636
vn 0.0225276 0.0293266 -0.9993160
vn -0.6547619 0.2936545 -0.6964581
vn -0.6037850 0.3950944 -0.6923468
vn -0.0225276 -0.0293267 0.9993160
vn -0.6348402 0.3546063 0.6864636
vn -0.6857855 0.2531613 0.6823544
vn 0.0225276 0.0293266 -0.9993160
vn -0.6892079 0.1854857 -0.7004196
vn -0.6547619 0.2936545 -0.6964581
vn -0.0225276 -0.0293267 0.9993160
vn -0.6857855 0.2531613 0.6823544
vn -0.7202492 0.1450073 0.6783908
vn 0.0225276 0.0293266 -0.9993160
vn -0.7062960 0.0732374 -0.7041180
vn -0.6892079 0.1854857 -0.7004196
vn -0.0225276 -0.0293267 0.9993160
vn -0.7202492 0.1450073 0.6783908
vn -0.7373691 0.0327656 0.6746950
vn 0.0225276 0.0293266 -0.9993160
vn -0.7056274 -0.0403298 -0.7074344
vn -0.7062960 0.0732374 -0.7041180
vn -0.0225276 -0.0293267 0.9993160
vn -0.7373691 0.0327656 0.6746950
vn -0.7367032 -0.0807856 0.6713734
vn 0.0225276 0.0293266 -0.9993160
vn -0.6871943 -0.1523719 -0.7103146
vn -0.7056274 -0.0403298 -0.7074344
vn -0.0225276 -0.0293267 0.9993160
vn -0.7367032 -0.0807856 0.6713734
vn -0.7182783 -0.1928279 0.6685011
vn 0.0225276 0.0293266 -0.9993160
vn -0.6514527 -0.2601725 -0.7126849
vn -0.6871943 -0.1523719 -0.7103146
vn -0.0225276 -0.0293267 0.9993160
vn -0.7182783 -0.1928279 0.6685011
vn -0.6825674 -0.3006459 0.6661184
vn 0.0225276 0.0293266 -0.9993160
vn -0.5992895 -0.3610681 -0.7144802
vn -0.6514527 -0.2601725 -0.7126849
vn -0.0225276 -0.0293267 0.9993160
vn -0.6825674 -0.3006459 0.6661184
vn -0.6304032 -0.4015580 0.6643366
vn 0.0225276 0.0293266 -0.9993160
vn -0.5320245 -0.4525926 -0.7156186
vn -0.5992895 -0.3610681 -0.7144802
vn -0.0225276 -0.0293267 0.9993160
vn -0.6304032 -0.4015580 0.6643366
vn -0.5631040 -0.4930460 0.6631890
vn 0.0225276 0.0293266 -0.9993160
vn -0.4512489 -0.5324637 -0.7161402
vn -0.5320245 -0.4525926 -0.7156186
vn -0.0225276 -0.0293267 0.9993160
vn -0.5631040 -0.4930460 0.6631890
vn -0.4823197 -0.5729150 0.6626735
vn 0.0225276 0.0293266 -0.9993160
vn -0.3589692 -0.5987312 -0.7160043
vn -0.4512489 -0.5324637 -0.7161402
vn -0.0225276 -0.0293267 0.9993160
vn -0.4823197 -0.5729150 0.6626735
vn -0.3900467 -0.6391829 0.6628038
vn 0.0225276 0.0293266 -0.9993160
vn -0.2574627 -0.6497170 -0.7152488
vn -0.3589692 -0.5987312 -0.7160043
vn -0.0225276 -0.0293267 0.9993160
vn -0.3900467 -0.6391829 0.6628038
vn -0.2885633 -0.6902299 0.6635615
vn 0.0225276 0.0293266 -0.9993160
vn -0.1492605 -0.6842518 -0.7138072
vn -0.2574627 -0.6497170 -0.7152488
vn -0.0225276 -0.0293267 0.9993160
vn -0.2885633 -0.6902299 0.6635615
vn -0.1803523 -0.7247357 0.6650046
vn 0.0225276 0.0293266 -0.9993160
vn -0.0369934 -0.7014551 -0.7117530
vn -0.1492605 -0.6842518 -0.7138072
vn -0.0225276 -0.0293267 0.9993160
vn -0.1803523 -0.7247357 0.6650046
vn -0.0680705 -0.7418896 0.6670579
vn 0.0225276 0.0293266 -0.9993160
vn 0.0765831 -0.7008557 -0.7091799
vn -0.0369934 -0.7014551 -0.7117530
vn -0.0225276 -0.0293267 0.9993160
vn -0.0680705 -0.7418896 0.6670579
vn 0.0455023 -0.7413028 0.6696265
vn 0.0225276 0.0293266 -0.9993160
vn 0.1886303 -0.6824481 -0.7061751
vn 0.0765831 -0.7008557 -0.7091799
vn -0.0225276 -0.0293267 0.9993160
vn 0.0455023 -0.7413028 0.6696265
vn 0.1575688 -0.7229967 0.6726425
vn 0.0225276 0.0293266 -0.9993160
vn 0.2964449 -0.6468666 -0.7026265
vn 0.1886303 -0.6824481 -0.7061751
vn -0.0225276 -0.0293267 0.9993160
vn 0.1575688 -0.7229967 0.6726425
vn 0.2653463 -0.6872913 0.6761820
vn 0.0225276 0.0293266 -0.9993160
vn 0.3973469 -0.5948004 -0.6988047
vn 0.2964449 -0.6468666 -0.7026265
vn -0.0225276 -0.0293267 0.9993160
vn 0.2653463 -0.6872913 0.6761820
vn 0.3662273 -0.6351936 0.6800050
vn 0.0225276 0.0293266 -0.9993160
vn 0.4888193 -0.5275438 -0.6948044
vn 0.3973469 -0.5948004 -0.6988047
vn -0.0225276 -0.0293267 0.9993160
vn 0.3662273 -0.6351936 0.6800050
vn 0.4577243 -0.5679967 0.6840090
vn 0.0225276 0.0293266 -0.9993160
vn 0.5686290 -0.4468192 -0.6906617
vn 0.4888193 -0.5275438 -0.6948044
vn -0.0225276 -0.0293267 0.9993160
vn 0.4577243 -0.5679967 0.6840090
vn 0.5375684 -0.4873098 0.6881492
vn 0.0225276 0.0293266 -0.9993160
vn 0.6348416 -0.3546107 -0.6864601
vn 0.5686290 -0.4468192 -0.6906617
vn -0.0225276 -0.0293267 0.9993160
vn 0.5375684 -0.4873098 0.6881492
vn 0.6037868 -0.3950853 0.6923503
vn 0.0225276 0.0293266 -0.9993160
vn 0.6858242 -0.2531859 -0.6823065
vn 0.6348416 -0.3546107 -0.6864601
vn -0.0225276 -0.0293267 0.9993160
vn 0.6037868 -0.3950853 0.6923503
vn 0.6547188 -0.2936364 0.6965063
vn 0.0225276 0.0293266 -0.9993160
vn 0.7202764 -0.1450177 -0.6783597
vn 0.6858242 -0.2531859 -0.6823065
vn -0.0225276 -0.0293267 0.9993160
vn 0.6547188 -0.2936364 0.6965063
vn 0.6891825 -0.1854721 0.7004481
vn 0.0225276 0.0293266 -0.9993160
vn 0.7373737 -0.0327620 -0.6746899
vn 0.7202764 -0.1450177 -0.6783597
vn -0.0225276 -0.0293267 0.9993160
vn 0.6891825 -0.1854721 0.7004481
vn 0.7062922 -0.0732188 0.7041238
vn 0.0225276 0.0293266 -0.9993160
vn 0.7367054 0.0807781 -0.6713718
vn 0.7373737 -0.0327620 -0.6746899
vn -0.0225276 -0.0293267 0.9993160
vn 0.7062922 -0.0732188 0.7041238
vn 0.7056248 0.0403205 0.7074376
vn 0.0225276 0.0293266 -0.9993160
vn 0.7182822 0.1928350 -0.6684947
vn 0.7367054 0.0807781 -0.6713718
vn -0.0225276 -0.0293267 0.9993160
vn 0.7056248 0.0403205 0.7074376
vn 0.6871949 0.1523750 0.7103133
vn 0.7517917 -0.0748323 -0.6551407
vn 0.7581513 0.0385170 -0.6509401
vn 0.6874326 -0.0085721 0.7261976
vn 0.7517917 -0.0748323 -0.6551407
vn 0.6874326 -0.0085721 0.7261976
vn 0.6810762 -0.1219054 0.7219933
vn 0.7581513 0.0385170 -0.6509401
vn 0.7467148 0.1514825 -0.6476650
vn 0.6759953 0.1044077 0.7294720
vn 0.7581513 0.0385170 -0.6509401
vn 0.6759953 0.1044077 0.7294720
vn 0.6874326 -0.0085721 0.7261976
vn 0.7467148 0.1514825 -0.6476650
vn 0.7177548 0.2613111 -0.6454026
vn 0.6470487 0.2142322 0.7317325
vn 0.7467148 0.1514825 -0.6476650
vn 0.6470487 0.2142322 0.7317325
vn 0.6759953 0.1044077 0.7294720
vn 0.7177548 0.2613111 -0.6454026
vn 0.6719961 0.3652708 -0.6442040
vn 0.6012919 0.3182067 0.7329341
vn 0.7177548 0.2613111 -0.6454026
vn 0.6012919 0.3182067 0.7329341
vn 0.6470487 0.2142322 0.7317325
vn 0.6719961 0.3652708 -0.6442040
vn 0.6105613 0.4608166 -0.6440986
vn 0.5398652 0.4137598 0.7330405
vn 0.6719961 0.3652708 -0.6442040
vn 0.5398652 0.4137598 0.7330405
vn 0.6012919 0.3182067 0.7329341
vn 0.6105613 0.4608166 -0.6440986
vn 0.5349628 0.5455949 -0.6450899
vn 0.4642747 0.4985527 0.7320481
vn 0.6105613 0.4608166 -0.6440986
vn 0.4642747 0.4985527 0.7320481
vn 0.5398652 0.4137598 0.7330405
vn 0.5349628 0.5455949 -0.6450899
vn 0.4470781 0.6175562 -0.6471055
vn 0.3763507 0.5704556 0.7300278
vn 0.5349628 0.5455949 -0.6450899
vn 0.3763507 0.5704556 0.7300278
vn 0.4642747 0.4985527 0.7320481
vn 0.4470781 0.6175562 -0.6471055
vn 0.3490424 0.6748607 -0.6501788
vn 0.2783131 0.6277493 0.7269612
vn 0.4470781 0.6175562 -0.6471055
vn 0.2783131 0.6277493 0.7269612
vn 0.3763507 0.5704556 0.7300278
vn 0.3490424 0.6748607 -0.6501788
vn 0.2432845 0.7161155 -0.6542103
vn 0.1725646 0.6690296 0.7229251
vn 0.3490424 0.6748607 -0.6501788
vn 0.1725646 0.6690296 0.7229251
vn 0.2783131 0.6277493 0.7269612
vn 0.2432845 0.7161155 -0.6542103
vn 0.1324205 0.7403866 -0.6590086
vn 0.0616802 0.6931751 0.7181253
vn 0.2432845 0.7161155 -0.6542103
vn 0.0616802 0.6931751 0.7181253
vn 0.1725646 0.6690296 0.7229251
vn 0.1324205 0.7403866 -0.6590086
vn 0.0191356 0.7469079 -0.6646520
vn -0.0515847 0.6997945 0.7124794
vn 0.1324205 0.7403866 -0.6590086
vn -0.0515847 0.6997945 0.7124794
vn 0.0616802 0.6931751 0.7181253
vn 0.0191356 0.7469079 -0.6646520
vn -0.0937418 0.7355985 -0.6709003
vn -0.1644722 0.6886071 0.7062359
vn 0.0191356 0.7469079 -0.6646520
vn -0.1644722 0.6886071 0.7062359
vn -0.0515847 0.6997945 0.7124794
vn -0.0937418 0.7355985 -0.6709003
vn -0.2034273 0.7068345 -0.6774971
vn -0.2741609 0.6598017 0.6996410
vn -0.0937418 0.7355985 -0.6709003
vn -0.2741609 0.6598017 0.6996410
vn -0.1644722 0.6886071 0.7062359
vn -0.2034273 0.7068345 -0.6774971
vn -0.3072287 0.6612408 -0.6843764
vn -0.3779605 0.6141837 0.6927657
vn -0.2034273 0.7068345 -0.6774971
vn -0.3779605 0.6141837 0.6927657
vn -0.2741609 0.6598017 0.6996410
vn -0.3072287 0.6612408 -0.6843764
vn -0.4025970 0.5999318 -0.6913735
vn -0.4733388 0.5528833 0.6857627
vn -0.3072287 0.6612408 -0.6843764
vn -0.4733388 0.5528833 0.6857627
vn -0.3779605 0.6141837 0.6927657
vn -0.4025970 0.5999318 -0.6913735
vn -0.4871935 0.5244271 -0.6982971
vn -0.5579440 0.4773690 0.6788353
vn -0.4025970 0.5999318 -0.6913735
vn -0.5579440 0.4773690 0.6788353
vn -0.4733388 0.5528833 0.6857627
vn -0.4871935 0.5244271 -0.6982971
vn -0.5589415 0.4365978 -0.7049587
vn -0.6296483 0.3895092 0.6721798
vn -0.4871935 0.5244271 -0.6982971
vn -0.6296483 0.3895092 0.6721798
vn -0.5579440 0.4773690 0.6788353
vn -0.5589415 0.4365978 -0.7049587
vn -0.6160342 0.3385982 -0.7112336
vn -0.6867307 0.2915019 0.6659036
vn -0.5589415 0.4365978 -0.7049587
vn -0.6867307 0.2915019 0.6659036
vn -0.6296483 0.3895092 0.6721798
vn -0.6160342 0.3385982 -0.7112336
vn -0.6570712 0.2328286 -0.7169715
vn -0.7277889 0.1857530 0.6601660
vn -0.6160342 0.3385982 -0.7112336
vn -0.7277889 0.1857530 0.6601660
vn -0.6867307 0.2915019 0.6659036
vn -0.6570712 0.2328286 -0.7169715
vn -0.6810716 0.1219132 -0.7219962
vn -0.7517923 0.0748294 0.6551405
vn -0.6570712 0.2328286 -0.7169715
vn -0.7517923 0.0748294 0.6551405
vn -0.7277889 0.1857530 0.6601660
vn -0.6810716 0.1219132 -0.7219962
vn -0.6874325 0.0085683 -0.7261977
vn -0.7581522 -0.0385163 0.6509392
vn -0.6810716 0.1219132 -0.7219962
vn -0.7581522 -0.0385163 0.6509392
vn -0.7517923 0.0748294 0.6551405
vn -0.6874325 0.0085683 -0.7261977
vn -0.6759872 -0.1044016 -0.7294804
vn -0.7467221 -0.1514923 0.6476544
vn -0.6874325 0.0085683 -0.7261977
vn -0.7467221 -0.1514923 0.6476544
vn -0.7581522 -0.0385163 0.6509392
vn -0.6759872 -0.1044016 -0.7294804
vn -0.6470446 -0.2142322 -0.7317362
vn -0.7177585 -0.2613055 0.6454008
vn -0.6759872 -0.1044016 -0.7294804
vn -0.7177585 -0.2613055 0.6454008
vn -0.7467221 -0.1514923 0.6476544
vn -0.6470446 -0.2142322 -0.7317362
vn -0.6012811 -0.3181910 -0.7329499
vn -0.6720079 -0.3652809 0.6441858
vn -0.6470446 -0.2142322 -0.7317362
vn -0.6720079 -0.3652809 0.6441858
vn -0.7177585 -0.2613055 0.6454008
vn -0.6012811 -0.3181910 -0.7329499
vn -0.5398359 -0.4137314 -0.7330781
vn -0.6105891 -0.4608429 0.6440533
vn -0.6012811 -0.3181910 -0.7329499
vn -0.6105891 -0.4608429 0.6440533
vn -0.6720079 -0.3652809 0.6441858
vn -0.5398359 -0.4137314 -0.7330781
vn -0.4642639 -0.4985379 -0.7320648
vn -0.5349675 -0.5456100 0.6450733
vn -0.5398359 -0.4137314 -0.7330781
vn -0.5349675 -0.5456100 0.6450733
vn -0.6105891 -0.4608429 0.6440533
vn -0.4642639 -0.4985379 -0.7320648
vn -0.3763812 -0.5704908 -0.7299845
vn -0.4470643 -0.6175102 0.6471589
vn -0.4642639 -0.4985379 -0.7320648
vn -0.4470643 -0.6175102 0.6471589
vn -0.5349675 -0.5456100 0.6450733
vn -0.3763812 -0.5704908 -0.7299845
vn -0.2783261 -0.6277820 -0.7269279
vn -0.3490332 -0.6748410 0.6502042
vn -0.3763812 -0.5704908 -0.7299845
vn -0.3490332 -0.6748410 0.6502042
vn -0.4470643 -0.6175102 0.6471589
vn -0.2783261 -0.6277820 -0.7269279
vn -0.1725513 -0.6690222 -0.7229353
vn -0.2432775 -0.7161229 0.6542050
vn -0.2783261 -0.6277820 -0.7269279
vn -0.2432775 -0.7161229 0.6542050
vn -0.3490332 -0.6748410 0.6502042
vn -0.1725513 -0.6690222 -0.7229353
vn -0.0616780 -0.6932443 -0.7180586
vn -0.1324005 -0.7403320 0.6590742
vn -0.1725513 -0.6690222 -0.7229353
vn -0.1324005 -0.7403320 0.6590742
vn -0.2432775 -0.7161229 0.6542050
vn -0.0616780 -0.6932443 -0.7180586
vn 0.0515844 -0.6998159 -0.7124583
vn -0.0191325 -0.7468773 0.6646867
vn -0.0616780 -0.6932443 -0.7180586
vn -0.0191325 -0.7468773 0.6646867
vn -0.1324005 -0.7403320 0.6590742
vn 0.0515844 -0.6998159 -0.7124583
vn 0.1644590 -0.6885837 -0.7062618
vn 0.0937337 -0.7356291 0.6708679
vn 0.0515844 -0.6998159 -0.7124583
vn 0.0937337 -0.7356291 0.6708679
vn -0.0191325 -0.7468773 0.6646867
vn 0.1644590 -0.6885837 -0.7062618
vn 0.2741487 -0.6597723 -0.6996735
vn 0.2034304 -0.7068602 0.6774693
vn 0.1644590 -0.6885837 -0.7062618
vn 0.2034304 -0.7068602 0.6774693
vn 0.0937337 -0.7356291 0.6708679
vn 0.2741487 -0.6597723 -0.6996735
vn 0.3779496 -0.6141549 -0.6927972
vn 0.3072507 -0.6612760 0.6843325
vn 0.2741487 -0.6597723 -0.6996735
vn 0.3072507 -0.6612760 0.6843325
vn 0.2034304 -0.7068602 0.6774693
vn 0.3779496 -0.6141549 -0.6927972
vn 0.4733342 -0.5528483 -0.6857941
vn 0.4026271 -0.5999467 0.6913432
vn 0.3779496 -0.6141549 -0.6927972
vn 0.4026271 -0.5999467 0.6913432
vn 0.3072507 -0.6612760 0.6843325
vn 0.4733342 -0.5528483 -0.6857941
vn 0.5579301 -0.4773578 -0.6788546
vn 0.4872002 -0.5244365 0.6982854
vn 0.4733342 -0.5528483 -0.6857941
vn 0.4872002 -0.5244365 0.6982854
vn 0.4026271 -0.5999467 0.6913432
vn 0.5579301 -0.4773578 -0.6788546
vn 0.6296414 -0.3895257 -0.6721767
vn 0.5589307 -0.4366075 0.7049612
vn 0.5579301 -0.4773578 -0.6788546
vn 0.5589307 -0.4366075 0.7049612
vn 0.4872002 -0.5244365 0.6982854
vn 0.6296414 -0.3895257 -0.6721767
vn 0.6867179 -0.2915009 -0.6659172
vn 0.6160469 -0.3386082 0.7112177
vn 0.6296414 -0.3895257 -0.6721767
vn 0.6160469 -0.3386082 0.7112177
vn 0.5589307 -0.4366075 0.7049612
vn 0.6867179 -0.2915009 -0.6659172
vn 0.7277765 -0.1857397 -0.6601834
vn 0.6570864 -0.2328321 0.7169566
vn 0.6867179 -0.2915009 -0.6659172
vn 0.6570864 -0.2328321 0.7169566
vn 0.6160469 -0.3386082 0.7112177
vn 0.7277765 -0.1857397 -0.6601834
vn 0.7517917 -0.0748323 -0.6551407
vn 0.6810762 -0.1219054 0.7219933
vn 0.7277765 -0.1857397 -0.6601834
vn 0.6810762 -0.1219054 0.7219933
vn 0.6570864 -0.2328321 0.7169566
vn 0.0512547 0.0341235 -0.9981024
vn 0.7581513 0.0385170 -0.6509401
vn 0.7517917 -0.0748323 -0.6551407
vn -0.0512547 -0.0341235 0.9981025
vn 0.6810762 -0.1219054 0.7219933
vn 0.6874326 -0.0085721 0.7261976
vn 0.0512547 0.0341235 -0.9981024
vn 0.7467148 0.1514825 -0.6476650
vn 0.7581513 0.0385170 -0.6509401
vn -0.0512547 -0.0341235 0.9981025
vn 0.6874326 -0.0085721 0.7261976
vn 0.6759953 0.1044077 0.7294720
vn 0.0512547 0.0341235 -0.9981024
vn 0.7177548 0.2613111 -0.6454026
vn 0.7467148 0.1514825 -0.6476650
vn -0.0512547 -0.0341235 0.9981025
vn 0.6759953 0.1044077 0.7294720
vn 0.6470487 0.2142322 0.7317325
vn 0.0512547 0.0341235 -0.9981024
vn 0.6719961 0.3652708 -0.6442040
vn 0.7177548 0.2613111 -0.6454026
vn -0.0512547 -0.0341235 0.9981025
vn 0.6470487 0.2142322 0.7317325
vn 0.6012919 0.3182067 0.7329341
vn 0.0512547 0.0341235 -0.9981024
vn 0.6105613 0.4608166 -0.6440986
vn 0.6719961 0.3652708 -0.6442040
vn -0.0512547 -0.0341235 0.9981025
vn 0.6012919 0.3182067 0.7329341
vn 0.5398652 0.4137598 0.7330405
vn 0.0512547 0.0341235 -0.9981024
vn 0.5349628 0.5455949 -0.6450899
vn 0.6105613 0.4608166 -0.6440986
vn -0.0512547 -0.0341235 0.9981025
vn 0.5398652 0.4137598 0.7330405
vn 0.4642747 0.4985527 0.7320481
vn 0.0512547 0.0341235 -0.9981024
vn 0.4470781 0.6175562 -0.6471055
vn 0.5349628 0.5455949 -0.6450899
vn -0.0512547 -0.0341235 0.9981025
vn 0.4642747 0.4985527 0.7320481
vn 0.3763507 0.5704556 0.7300278
vn 0.0512547 0.0341235 -0.9981024
vn 0.3490424 0.6748607 -0.6501788
vn 0.4470781 0.6175562 -0.6471055
vn -0.0512547 -0.0341235 0.9981025
vn 0.3763507 0.5704556 0.7300278
vn 0.2783131 0.6277493 0.7269612
vn 0.0512547 0.0341235 -0.9981024
vn 0.2432845 0.7161155 -0.6542103
vn 0.3490424 0.6748607 -0.6501788
vn -0.0512547 -0.0341235 0.9981025
vn 0.2783131 0.6277493 0.7269612
vn 0.1725646 0.6690296 0.7229251
vn 0.0512547 0.0341235 -0.9981024
vn 0.1324205 0.7403866 -0.6590086
vn 0.2432845 0.7161155 -0.6542103
vn -0.0512547 -0.0341235 0.9981025
vn 0.1725646 0.6690296 0.7229251
vn 0.0616802 0.6931751 0.7181253
vn 0.0512547 0.0341235 -0.9981024
vn 0.0191356 0.7469079 -0.6646520
vn 0.1324205 0.7403866 -0.6590086
vn -0.0512547 -0.0341235 0.9981025
vn 0.0616802 0.6931751 0.7181253
vn -0.0515847 0.6997945 0.7124794
vn 0.0512547 0.0341235 -0.9981024
vn -0.0937418 0.7355985 -0.6709003
vn 0.0191356 0.7469079 -0.6646520
vn -0.0512547 -0.0341235 0.9981025
vn -0.0515847 0.6997945 0.7124794
vn -0.1644722 0.6886071 0.7062359
vn 0.0512547 0.0341235 -0.9981024
vn -0.2034273 0.7068345 -0.6774971
vn -0.0937418 0.7355985 -0.6709003
vn -0.0512547 -0.0341235 0.9981025
vn -0.1644722 0.6886071 0.7062359
vn -0.2741609 0.6598017 0.6996410
vn 0.0512547 0.0341235 -0.9981024
vn -0.3072287 0.6612408 -0.6843764
vn -0.2034273 0.7068345 -0.6774971
vn -0.0512547 -0.0341235 0.9981025
vn -0.2741609 0.6598017 0.6996410
vn -0.3779605 0.6141837 0.6927657
vn 0.0512547 0.0341235 -0.9981024
vn -0.4025970 0.5999318 -0.6913735
vn -0.3072287 0.6612408 -0.6843764
vn -0.0512547 -0.0341235 0.9981025
vn -0.3779605 0.6141837 0.6927657
vn -0.4733388 0.5528833 0.6857627
vn 0.0512547 0.0341235 -0.9981024
vn -0.4871935 0.5244271 -0.6982971
vn -0.4025970 0.5999318 -0.6913735
vn -0.0512547 -0.0341235 0.9981025
vn -0.4733388 0.5528833 0.6857627
vn -0.5579440 0.4773690 0.6788353
vn 0.0512547 0.0341235 -0.9981024
vn -0.5589415 0.4365978 -0.7049587
vn -0.4871935 0.5244271 -0.6982971
vn -0.0512547 -0.0341235 0.9981025
vn -0.5579440 0.4773690 0.6788353
vn -0.6296483 0.3895092 0.6721798
vn 0.0512547 0.0341235 -0.9981024
vn -0.6160342 0.3385982 -0.7112336
vn -0.5589415 0.4365978 -0.7049587
vn -0.0512547 -0.0341235 0.9981025
vn -0.6296483 0.3895092 0.6721798
vn -0.6867307 0.2915019 0.6659036
vn 0.0512547 0.0341235 -0.9981024
vn -0.6570712 0.2328286 -0.7169715
vn -0.6160342 0.3385982 -0.7112336
vn -0.0512547 -0.0341235 0.9981025
vn -0.6867307 0.2915019 0.6659036
vn -0.7277889 0.1857530 0.6601660
vn 0.0512547 0.0341235 -0.9981024
vn -0.6810716 0.1219132 -0.7219962
vn -0.6570712 0.2328286 -0.7169715
vn -0.0512547 -0.0341235 0.9981025
vn -0.7277889 0.1857530 0.6601660
vn -0.7517923 0.0748294 0.6551405
vn 0.0512547 0.0341235 -0.9981024
vn -0.6874325 0.0085683 -0.7261977
vn -0.6810716 0.1219132 -0.7219962
vn -0.0512547 -0.0341235 0.9981025
vn -0.7517923 0.0748294 0.6551405
vn -0.7581522 -0.0385163 0.6509392
vn 0.0512547 0.0341235 -0.9981024
vn -0.6759872 -0.1044016 -0.7294804
vn -0.6874325 0.0085683 -0.7261977
vn -0.0512547 -0.0341235 0.9981025
vn -0.7581522 -0.0385163 0.6509392
vn -0.7467221 -0.1514923 0.6476544
vn 0.0512547 0.0341235 -0.9981024
vn -0.6470446 -0.2142322 -0.7317362
vn -0.6759872 -0.1044016 -0.7294804
vn -0.0512547 -0.0341235 0.9981025
vn -0.7467221 -0.1514923 0.6476544
vn -0.7177585 -0.2613055 0.6454008
vn 0.0512547 0.0341235 -0.9981024
vn -0.6012811 -0.3181910 -0.7329499
vn -0.6470446 -0.2142322 -0.7317362
vn -0.0512547 -0.0341235 0.9981025
vn -0.7177585 -0.2613055 0.6454008
vn -0.6720079 -0.3652809 0.6441858
vn 0.0512547 0.0341235 -0.9981024
vn -0.5398359 -0.4137314 -0.7330781
vn -0.6012811 -0.3181910 -0.7329499
vn -0.0512547 -0.0341235 0.9981025
vn -0.6720079 -0.3652809 0.6441858
vn -0.6105891 -0.4608429 0.6440533
vn 0.0512547 0.0341235 -0.9981024
vn -0.4642639 -0.4985379 -0.7320648
vn -0.5398359 -0.4137314 -0.7330781
vn -0.0512547 -0.0341235 0.9981025
vn -0.6105891 -0.4608429 0.6440533
vn -0.5349675 -0.5456100 0.6450733
vn 0.0512547 0.0341235 -0.9981024
vn -0.3763812 -0.5704908 -0.7299845
vn -0.4642639 -0.4985379 -0.7320648
vn -0.0512547 -0.0341235 0.9981025
vn -0.5349675 -0.5456100 0.6450733
vn -0.4470643 -0.6175102 0.6471589
vn 0.0512547 0.0341235 -0.9981024
vn -0.2783261 -0.6277820 -0.7269279
vn -0.3763812 -0.5704908 -0.7299845
vn -0.0512547 -0.0341235 0.9981025
vn -0.4470643 -0.6175102 0.6471589
vn -0.3490332 -0.6748410 0.6502042
vn 0.0512547 0.0341235 -0.9981024
vn -0.1725513 -0.6690222 -0.7229353
vn -0.2783261 -0.6277820 -0.7269279
vn -0.0512547 -0.0341235 0.9981025
vn -0.3490332 -0.6748410 0.6502042
vn -0.2432775 -0.7161229 0.6542050
vn 0.0512547 0.0341235 -0.9981024
vn -0.0616780 -0.6932443 -0.7180586
vn -0.1725513 -0.6690222 -0.7229353
vn -0.0512547 -0.0341235 0.9981025
vn -0.2432775 -0.7161229 0.6542050
vn -0.1324005 -0.7403320 0.6590742
vn 0.0512547 0.0341235 -0.9981024
vn 0.0515844 -0.6998159 -0.7124583
vn -0.0616780 -0.6932443 -0.7180586
vn -0.0512547 -0.0341235 0.9981025
vn -0.1324005 -0.7403320 0.6590742
vn -0.0191325 -0.7468773 0.6646867
vn 0.0512547 0.0341235 -0.9981024
vn 0.1644590 -0.6885837 -0.7062618
vn 0.0515844 -0.6998159 -0.7124583
vn -0.0512547 -0.0341235 0.9981025
vn -0.0191325 -0.7468773 0.6646867
vn 0.0937337 -0.7356291 0.6708679
vn 0.0512547 0.0341235 -0.9981024
vn 0.2741487 -0.6597723 -0.6996735
vn 0.1644590 -0.6885837 -0.7062618
vn -0.0512547 -0.0341235 0.9981025
vn 0.0937337 -0.7356291 0.6708679
vn 0.2034304 -0.7068602 0.6774693
vn 0.0512547 0.0341235 -0.9981024
vn 0.3779496 -0.6141549 -0.6927972
vn 0.2741487 -0.6597723 -0.6996735
vn -0.0512547 -0.0341235 0.9981025
vn 0.2034304 -0.7068602 0.6774693
vn 0.3072507 -0.6612760 0.6843325
vn 0.0512547 0.0341235 -0.9981024
vn 0.4733342 -0.5528483 -0.6857941
vn 0.3779496 -0.6141549 -0.6927972
vn -0.0512547 -0.0341235 0.9981025
vn 0.3072507 -0.6612760 0.6843325
vn 0.4026271 -0.5999467 0.6913432
vn 0.0512547 0.0341235 -0.9981024
vn 0.5579301 -0.4773578 -0.6788546
vn 0.4733342 -0.5528483 -0.6857941
vn -0.0512547 -0.0341235 0.9981025
vn 0.4026271 -0.5999467 0.6913432
vn 0.4872002 -0.5244365 0.6982854
vn 0.0512547 0.0341235 -0.9981024
vn 0.6296414 -0.3895257 -0.6721767
vn 0.5579301 -0.4773578 -0.6788546
vn -0.0512547 -0.0341235 0.9981025
vn 0.4872002 -0.5244365 0.6982854
vn 0.5589307 -0.4366075 0.7049612
vn 0.0512547 0.0341235 -0.9981024
vn 0.6867179 -0.2915009 -0.6659172
vn 0.6296414 -0.3895257 -0.6721767
vn -0.0512547 -0.0341235 0.9981025
vn 0.5589307 -0.4366075 0.7049612
vn 0.6160469 -0.3386082 0.7112177
vn 0.0512547 0.0341235 -0.9981024
vn 0.7277765 -0.1857397 -0.6601834
vn 0.6867179 -0.2915009 -0.6659172
vn -0.0512547 -0.0341235 0.9981025
vn 0.6160469 -0.3386082 0.7112177
vn 0.6570864 -0.2328321 0.7169566
vn 0.0512547 0.0341235 -0.9981024
vn 0.7517917 -0.0748323 -0.6551407
vn 0.7277765 -0.1857397 -0.6601834
vn -0.0512547 -0.0341235 0.9981025
vn 0.6570864 -0.2328321 0.7169566
vn 0.6810762 -0.1219054 0.7219933
vn 0.6539514 -0.2446287 -0.7158940
vn 0.6773788 -0.1337251 -0.7233779
vn 0.7560109 -0.0575489 0.6520241
vn 0.6539514 -0.2446287 -0.7158940
vn 0.7560109 -0.0575489 0.6520241
vn 0.7325718 -0.1684557 0.6595157
vn 0.6773788 -0.1337251 -0.7233779
vn 0.6831617 -0.0204626 -0.7299804
vn 0.7617913 0.0557248 0.6454213
vn 0.6773788 -0.1337251 -0.7233779
vn 0.7617913 0.0557248 0.6454213
vn 0.7560109 -0.0575489 0.6520241
vn 0.6831617 -0.0204626 -0.7299804
vn 0.6711524 0.0923558 -0.7355438
vn 0.7497821 0.1685326 0.6398621
vn 0.6831617 -0.0204626 -0.7299804
vn 0.7497821 0.1685326 0.6398621
vn 0.7617913 0.0557248 0.6454213
vn 0.6711524 0.0923558 -0.7355438
vn 0.6416414 0.2019710 -0.7399352
vn 0.7202865 0.2781537 0.6354667
vn 0.6711524 0.0923558 -0.7355438
vn 0.7202865 0.2781537 0.6354667
vn 0.7497821 0.1685326 0.6398621
vn 0.6416414 0.2019710 -0.7399352
vn 0.5953609 0.3056641 -0.7430443
vn 0.6740214 0.3818600 0.6323591
vn 0.6416414 0.2019710 -0.7399352
vn 0.6740214 0.3818600 0.6323591
vn 0.7202865 0.2781537 0.6354667
vn 0.5953609 0.3056641 -0.7430443
vn 0.5334826 0.4008917 -0.7447698
vn 0.6121193 0.4770890 0.6306316
vn 0.5953609 0.3056641 -0.7430443
vn 0.6121193 0.4770890 0.6306316
vn 0.6740214 0.3818600 0.6323591
vn 0.5334826 0.4008917 -0.7447698
vn 0.4574876 0.4853320 -0.7450892
vn 0.5361035 0.5615105 0.6303165
vn 0.5334826 0.4008917 -0.7447698
vn 0.5361035 0.5615105 0.6303165
vn 0.6121193 0.4770890 0.6306316
vn 0.4574876 0.4853320 -0.7450892
vn 0.3692634 0.5568791 -0.7439961
vn 0.4478692 0.6330297 0.6314163
vn 0.4574876 0.4853320 -0.7450892
vn 0.4478692 0.6330297 0.6314163
vn 0.5361035 0.5615105 0.6303165
vn 0.3692634 0.5568791 -0.7439961
vn 0.2709756 0.6138008 -0.7414991
vn 0.3495653 0.6899053 0.6339043
vn 0.3692634 0.5568791 -0.7439961
vn 0.3495653 0.6899053 0.6339043
vn 0.4478692 0.6330297 0.6314163
vn 0.2709756 0.6138008 -0.7414991
vn 0.1650107 0.6545824 -0.7377623
vn 0.2436424 0.7307860 0.6376442
vn 0.2709756 0.6138008 -0.7414991
vn 0.2436424 0.7307860 0.6376442
vn 0.3495653 0.6899053 0.6339043
vn 0.1650107 0.6545824 -0.7377623
vn 0.0540494 0.6783444 -0.7327535
vn 0.1326863 0.7545846 0.6426480
vn 0.1650107 0.6545824 -0.7377623
vn 0.1326863 0.7545846 0.6426480
vn 0.2436424 0.7307860 0.6376442
vn 0.0540494 0.6783444 -0.7327535
vn -0.0592139 0.6845432 -0.7265635
vn 0.0194165 0.7606759 0.6488413
vn 0.0540494 0.6783444 -0.7327535
vn 0.0194165 0.7606759 0.6488413
vn 0.1326863 0.7545846 0.6426480
vn -0.0592139 0.6845432 -0.7265635
vn -0.1719955 0.6728973 -0.7194628
vn -0.0933568 0.7490112 0.6559473
vn -0.0592139 0.6845432 -0.7265635
vn -0.0933568 0.7490112 0.6559473
vn 0.0194165 0.7606759 0.6488413
vn -0.1719955 0.6728973 -0.7194628
vn -0.2815022 0.6437045 -0.7116186
vn -0.2028792 0.7198822 0.6637843
vn -0.1719955 0.6728973 -0.7194628
vn -0.2028792 0.7198822 0.6637843
vn -0.0933568 0.7490112 0.6559473
vn -0.2815022 0.6437045 -0.7116186
vn -0.3850322 0.5977195 -0.7031940
vn -0.3064393 0.6739672 0.6722077
vn -0.2815022 0.6437045 -0.7116186
vn -0.3064393 0.6739672 0.6722077
vn -0.2028792 0.7198822 0.6637843
vn -0.3850322 0.5977195 -0.7031940
vn -0.4800600 0.5361332 -0.6943369
vn -0.4014611 0.6123513 0.6810689
vn -0.3850322 0.5977195 -0.7031940
vn -0.4014611 0.6123513 0.6810689
vn -0.3064393 0.6739672 0.6722077
vn -0.4800600 0.5361332 -0.6943369
vn -0.5642346 0.4603952 -0.6853288
vn -0.4856412 0.5366092 0.6900747
vn -0.4800600 0.5361332 -0.6943369
vn -0.4856412 0.5366092 0.6900747
vn -0.4014611 0.6123513 0.6810689
vn -0.5642346 0.4603952 -0.6853288
vn -0.6354989 0.3723817 -0.6763675
vn -0.5568888 0.4485775 0.6990373
vn -0.5642346 0.4603952 -0.6853288
vn -0.5568888 0.4485775 0.6990373
vn -0.4856412 0.5366092 0.6900747
vn -0.6354989 0.3723817 -0.6763675
vn -0.6920803 0.2742673 -0.6676842
vn -0.6134505 0.3504422 0.7077208
vn -0.6354989 0.3723817 -0.6763675
vn -0.6134505 0.3504422 0.7077208
vn -0.5568888 0.4485775 0.6990373
vn -0.6920803 0.2742673 -0.6676842
vn -0.7325723 0.1684462 -0.6595178
vn -0.6539596 0.2446357 0.7158842
vn -0.6920803 0.2742673 -0.6676842
vn -0.6539596 0.2446357 0.7158842
vn -0.6134505 0.3504422 0.7077208
vn -0.7325723 0.1684462 -0.6595178
vn -0.7560061 0.0575475 -0.6520299
vn -0.6773800 0.1337201 0.7233776
vn -0.7325723 0.1684462 -0.6595178
vn -0.6773800 0.1337201 0.7233776
vn -0.6539596 0.2446357 0.7158842
vn -0.7560061 0.0575475 -0.6520299
vn -0.7617878 -0.0557149 -0.6454263
vn -0.6831665 0.0204598 0.7299760
vn -0.7560061 0.0575475 -0.6520299
vn -0.6831665 0.0204598 0.7299760
vn -0.6773800 0.1337201 0.7233776
vn -0.7617878 -0.0557149 -0.6454263
vn -0.7497821 -0.1685365 -0.6398612
vn -0.6711506 -0.0923483 0.7355466
vn -0.7617878 -0.0557149 -0.6454263
vn -0.6711506 -0.0923483 0.7355466
vn -0.6831665 0.0204598 0.7299760
vn -0.7497821 -0.1685365 -0.6398612
vn -0.7202898 -0.2781491 -0.6354650
vn -0.6416491 -0.2019539 0.7399332
vn -0.7497821 -0.1685365 -0.6398612
vn -0.6416491 -0.2019539 0.7399332
vn -0.6711506 -0.0923483 0.7355466
vn -0.7202898 -0.2781491 -0.6354650
vn -0.6740073 -0.3818508 -0.6323797
vn -0.5953819 -0.3056731 0.7430238
vn -0.7202898 -0.2781491 -0.6354650
vn -0.5953819 -0.3056731 0.7430238
vn -0.6416491 -0.2019539 0.7399332
vn -0.6740073 -0.3818508 -0.6323797
vn -0.6121083 -0.4770813 -0.6306479
vn -0.5334868 -0.4009091 0.7447575
vn -0.6740073 -0.3818508 -0.6323797
vn -0.5334868 -0.4009091 0.7447575
vn -0.5953819 -0.3056731 0.7430238
vn -0.6121083 -0.4770813 -0.6306479
vn -0.5361040 -0.5614898 -0.6303345
vn -0.4575027 -0.4853405 0.7450744
vn -0.6121083 -0.4770813 -0.6306479
vn -0.4575027 -0.4853405 0.7450744
vn -0.5334868 -0.4009091 0.7447575
vn -0.5361040 -0.5614898 -0.6303345
vn -0.4478758 -0.6330506 -0.6313907
vn -0.3692546 -0.5568650 0.7440110
vn -0.5361040 -0.5614898 -0.6303345
vn -0.3692546 -0.5568650 0.7440110
vn -0.4575027 -0.4853405 0.7450744
vn -0.4478758 -0.6330506 -0.6313907
vn -0.3495731 -0.6899241 -0.6338796
vn -0.2709596 -0.6137691 0.7415311
vn -0.4478758 -0.6330506 -0.6313907
vn -0.2709596 -0.6137691 0.7415311
vn -0.3692546 -0.5568650 0.7440110
vn -0.3495731 -0.6899241 -0.6338796
vn -0.2436502 -0.7307783 -0.6376502
vn -0.1650202 -0.6545917 0.7377521
vn -0.3495731 -0.6899241 -0.6338796
vn -0.1650202 -0.6545917 0.7377521
vn -0.2709596 -0.6137691 0.7415311
vn -0.2436502 -0.7307783 -0.6376502
vn -0.1326839 -0.7545887 -0.6426436
vn -0.0540486 -0.6783397 0.7327578
vn -0.2436502 -0.7307783 -0.6376502
vn -0.0540486 -0.6783397 0.7327578
vn -0.1650202 -0.6545917 0.7377521
vn -0.1326839 -0.7545887 -0.6426436
vn -0.0194090 -0.7607053 -0.6488072
vn 0.0592145 -0.6845095 0.7265950
vn -0.1326839 -0.7545887 -0.6426436
vn 0.0592145 -0.6845095 0.7265950
vn -0.0540486 -0.6783397 0.7327578
vn -0.0194090 -0.7607053 -0.6488072
vn 0.0933683 -0.7490799 -0.6558671
vn 0.1719792 -0.6728252 0.7195342
vn -0.0194090 -0.7607053 -0.6488072
vn 0.1719792 -0.6728252 0.7195342
vn 0.0592145 -0.6845095 0.7265950
vn 0.0933683 -0.7490799 -0.6558671
vn 0.2028860 -0.7199438 -0.6637155
vn 0.2814713 -0.6436442 0.7116853
vn 0.0933683 -0.7490799 -0.6558671
vn 0.2814713 -0.6436442 0.7116853
vn 0.1719792 -0.6728252 0.7195342
vn 0.2028860 -0.7199438 -0.6637155
vn 0.3064206 -0.6739559 -0.6722276
vn 0.3850253 -0.5977432 0.7031776
vn 0.2028860 -0.7199438 -0.6637155
vn 0.3850253 -0.5977432 0.7031776
vn 0.2814713 -0.6436442 0.7116853
vn 0.3064206 -0.6739559 -0.6722276
vn 0.4014405 -0.6123208 -0.6811086
vn 0.4800833 -0.5361669 0.6942946
vn 0.3064206 -0.6739559 -0.6722276
vn 0.4800833 -0.5361669 0.6942946
vn 0.3850253 -0.5977432 0.7031776
vn 0.4014405 -0.6123208 -0.6811086
vn 0.4855973 -0.5365562 -0.6901467
vn 0.5642812 -0.4604402 0.6852604
vn 0.4014405 -0.6123208 -0.6811086
vn 0.5642812 -0.4604402 0.6852604
vn 0.4800833 -0.5361669 0.6942946
vn 0.4855973 -0.5365562 -0.6901467
vn 0.5568358 -0.4485503 -0.6990970
vn 0.6355398 -0.3724228 0.6763064
vn 0.4855973 -0.5365562 -0.6901467
vn 0.6355398 -0.3724228 0.6763064
vn 0.5642812 -0.4604402 0.6852604
vn 0.5568358 -0.4485503 -0.6990970
vn 0.6134428 -0.3504427 -0.7077273
vn 0.6920931 -0.2742659 0.6676716
vn 0.5568358 -0.4485503 -0.6990970
vn 0.6920931 -0.2742659 0.6676716
vn 0.6355398 -0.3724228 0.6763064
vn 0.6134428 -0.3504427 -0.7077273
vn 0.6539514 -0.2446287 -0.7158940
vn 0.7325718 -0.1684557 0.6595157
vn 0.6134428 -0.3504427 -0.7077273
vn 0.7325718 -0.1684557 0.6595157
vn 0.6920931 -0.2742659 0.6676716
vn -0.0569847 -0.0552126 -0.9968472
vn 0.6773788 -0.1337251 -0.7233779
vn 0.6539514 -0.2446287 -0.7158940
vn 0.0569847 0.0552126 0.9968472
vn 0.7325718 -0.1684557 0.6595157
vn 0.7560109 -0.0575489 0.6520241
vn -0.0569847 -0.0552126 -0.9968472
vn 0.6831617 -0.0204626 -0.7299804
vn 0.6773788 -0.1337251 -0.7233779
vn 0.0569847 0.0552126 0.9968472
vn 0.7560109 -0.0575489 0.6520241
vn 0.7617913 0.0557248 0.6454213
vn -0.0569847 -0.0552126 -0.9968472
vn 0.6711524 0.0923558 -0.7355438
vn 0.6831617 -0.0204626 -0.7299804
vn 0.0569847 0.0552126 0.9968472
vn 0.7617913 0.0557248 0.6454213
vn 0.7497821 0.1685326 0.6398621
vn -0.0569847 -0.0552126 -0.9968472
vn 0.6416414 0.2019710 -0.7399352
vn 0.6711524 0.0923558 -0.7355438
vn 0.0569847 0.0552126 0.9968472
vn 0.7497821 0.1685326 0.6398621
vn 0.7202865 0.2781537 0.6354667
vn -0.0569847 -0.0552126 -0.9968472
vn 0.5953609 0.3056641 -0.7430443
vn 0.6416414 0.2019710 -0.7399352
vn 0.0569847 0.0552126 0.9968472
vn 0.7202865 0.2781537 0.6354667
vn 0.6740214 0.3818600 0.6323591
vn -0.0569847 -0.0552126 -0.9968472
vn 0.5334826 0.4008917 -0.7447698
vn 0.5953609 0.3056641 -0.7430443
vn 0.0569847 0.0552126 0.9968472
vn 0.6740214 0.3818600 0.6323591
vn 0.6121193 0.4770890 0.6306316
vn -0.0569847 -0.0552126 -0.9968472
vn 0.4574876 0.4853320 -0.7450892
vn 0.5334826 0.4008917 -0.7447698
vn 0.0569847 0.0552126 0.9968472
vn 0.6121193 0.4770890 0.6306316
vn 0.5361035 0.5615105 0.6303165
vn -0.0569847 -0.0552126 -0.9968472
vn 0.3692634 0.5568791 -0.7439961
vn 0.4574876 0.4853320 -0.7450892
vn 0.0569847 0.0552126 0.9968472
vn 0.5361035 0.5615105 0.6303165
vn 0.4478692 0.6330297 0.6314163
vn -0.0569847 -0.0552126 -0.9968472
vn 0.2709756 0.6138008 -0.7414991
vn 0.3692634 0.5568791 -0.7439961
vn 0.0569847 0.0552126 0.9968472
vn 0.4478692 0.6330297 0.6314163
vn 0.3495653 0.6899053 0.6339043
vn -0.0569847 -0.0552126 -0.9968472
vn 0.1650107 0.6545824 -0.7377623
vn 0.2709756 0.6138008 -0.7414991
vn 0.0569847 0.0552126 0.9968472
vn 0.3495653 0.6899053 0.6339043
vn 0.2436424 0.7307860 0.6376442
vn -0.0569847 -0.0552126 -0.9968472
vn 0.0540494 0.6783444 -0.7327535
vn 0.1650107 0.6545824 -0.7377623
vn 0.0569847 0.0552126 0.9968472
vn 0.2436424 0.7307860 0.6376442
vn 0.1326863 0.7545846 0.6426480
vn -0.0569847 -0.0552126 -0.9968472
vn -0.0592139 0.6845432 -0.7265635
vn 0.0540494 0.6783444 -0.7327535
vn 0.0569847 0.0552126 0.9968472
vn 0.1326863 0.7545846 0.6426480
vn 0.0194165 0.7606759 0.6488413
vn -0.0569847 -0.0552126 -0.9968472
vn -0.1719955 0.6728973 -0.7194628
vn -0.0592139 0.6845432 -0.7265635
vn 0.0569847 0.0552126 0.9968472
vn 0.0194165 0.7606759 0.6488413
vn -0.0933568 0.7490112 0.6559473
vn -0.0569847 -0.0552126 -0.9968472
vn -0.2815022 0.6437045 -0.7116186
vn -0.1719955 0.6728973 -0.7194628
vn 0.0569847 0.0552126 0.9968472
vn -0.0933568 0.7490112 0.6559473
vn -0.2028792 0.7198822 0.6637843
vn -0.0569847 -0.0552126 -0.9968472
vn -0.3850322 0.5977195 -0.7031940
vn -0.2815022 0.6437045 -0.7116186
vn 0.0569847 0.0552126 0.9968472
vn -0.2028792 0.7198822 0.6637843
vn -0.3064393 0.6739672 0.6722077
vn -0.0569847 -0.0552126 -0.9968472
vn -0.4800600 0.5361332 -0.6943369
vn -0.3850322 0.5977195 -0.7031940
vn 0.0569847 0.0552126 0.9968472
vn -0.3064393 0.6739672 0.6722077
vn -0.4014611 0.6123513 0.6810689
vn -0.0569847 -0.0552126 -0.9968472
vn -0.5642346 0.4603952 -0.6853288
vn -0.4800600 0.5361332 -0.6943369
vn 0.0569847 0.0552126 0.9968472
vn -0.4014611 0.6123513 0.6810689
vn -0.4856412 0.5366092 0.6900747
vn -0.0569847 -0.0552126 -0.9968472
vn -0.6354989 0.3723817 -0.6763675
vn -0.5642346 0.4603952 -0.6853288
vn 0.0569847 0.0552126 0.9968472
vn -0.4856412 0.5366092 0.6900747
vn -0.5568888 0.4485775 0.6990373
vn -0.0569847 -0.0552126 -0.9968472
vn -0.6920803 0.2742673 -0.6676842
vn -0.6354989 0.3723817 -0.6763675
vn 0.0569847 0.0552126 0.9968472
vn -0.5568888 0.4485775 0.6990373
vn -0.6134505 0.3504422 0.7077208
vn -0.0569847 -0.0552126 -0.9968472
vn -0.7325723 0.1684462 -0.6595178
vn -0.6920803 0.2742673 -0.6676842
vn 0.0569847 0.0552126 0.9968472
vn -0.6134505 0.3504422 0.7077208
vn -0.6539596 0.2446357 0.7158842
vn -0.0569847 -0.0552126 -0.9968472
vn -0.7560061 0.0575475 -0.6520299
vn -0.7325723 0.1684462 -0.6595178
vn 0.0569847 0.0552126 0.9968472
vn -0.6539596 0.2446357 0.7158842
vn -0.6773800 0.1337201 0.7233776
vn -0.0569847 -0.0552126 -0.9968472
vn -0.7617878 -0.0557149 -0.6454263
vn -0.7560061 0.0575475 -0.6520299
vn 0.0569847 0.0552126 0.9968472
vn -0.6773800 0.1337201 0.7233776
vn -0.6831665 0.0204598 0.7299760
vn -0.0569847 -0.0552126 -0.9968472
vn -0.7497821 -0.1685365 -0.6398612
vn -0.7617878 -0.0557149 -0.6454263
vn 0.0569847 0.0552126 0.9968472
vn -0.6831665 0.0204598 0.7299760
vn -0.6711506 -0.0923483 0.7355466
vn -0.0569847 -0.0552126 -0.9968472
vn -0.7202898 -0.2781491 -0.6354650
vn -0.7497821 -0.1685365 -0.6398612
vn 0.0569847 0.0552126 0.9968472
vn -0.6711506 -0.0923483 0.7355466
vn -0.6416491 -0.2019539 0.7399332
vn -0.0569847 -0.0552126 -0.9968472
vn -0.6740073 -0.3818508 -0.6323797
vn -0.7202898 -0.2781491 -0.6354650
vn 0.0569847 0.0552126 0.9968472
vn -0.6416491 -0.2019539 0.7399332
vn -0.5953819 -0.3056731 0.7430238
vn -0.0569847 -0.0552126 -0.9968472
vn -0.6121083 -0.4770813 -0.6306479
vn -0.6740073 -0.3818508 -0.6323797
vn 0.0569847 0.0552126 0.9968472
vn -0.5953819 -0.3056731 0.7430238
vn -0.5334868 -0.4009091 0.7447575
vn -0.0569847 -0.0552126 -0.9968472
vn -0.5361040 -0.5614898 -0.6303345
vn -0.6121083 -0.4770813 -0.6306479
vn 0.0569847 0.0552126 0.9968472
vn -0.5334868 -0.4009091 0.7447575
vn -0.4575027 -0.4853405 0.7450744
vn -0.0569847 -0.0552126 -0.9968472
vn -0.4478758 -0.6330506 -0.6313907
vn -0.5361040 -0.5614898 -0.6303345
vn 0.0569847 0.0552126 0.9968472
vn -0.4575027 -0.4853405 0.7450744
vn -0.3692546 -0.5568650 0.7440110
vn -0.0569847 -0.0552126 -0.9968472
vn -0.3495731 -0.6899241 -0.6338796
vn -0.4478758 -0.6330506 -0.6313907
vn 0.0569847 0.0552126 0.9968472
vn -0.3692546 -0.5568650 0.7440110
vn -0.2709596 -0.6137691 0.7415311
vn -0.0569847 -0.0552126 -0.9968472
vn -0.2436502 -0.7307783 -0.6376502
vn -0.3495731 -0.6899241 -0.6338796
vn 0.0569847 0.0552126 0.9968472
vn -0.2709596 -0.6137691 0.7415311
vn -0.1650202 -0.6545917 0.7377521
vn -0.0569847 -0.0552126 -0.9968472
vn -0.1326839 -0.7545887 -0.6426436
vn -0.2436502 -0.7307783 -0.6376502
vn 0.0569847 0.0552126 0.9968472
vn -0.1650202 -0.6545917 0.7377521
vn -0.0540486 -0.6783397 0.7327578
vn -0.0569847 -0.0552126 -0.9968472
vn -0.0194090 -0.7607053 -0.6488072
vn -0.1326839 -0.7545887 -0.6426436
vn 0.0569847 0.0552126 0.9968472
vn -0.0540486 -0.6783397 0.7327578
vn 0.0592145 -0.6845095 0.7265950
vn -0.0569847 -0.0552126 -0.9968472
vn 0.0933683 -0.7490799 -0.6558671
vn -0.0194090 -0.7607053 -0.6488072
vn 0.0569847 0.0552126 0.9968472
vn 0.0592145 -0.6845095 0.7265950
vn 0.1719792 -0.6728252 0.7195342
vn -0.0569847 -0.0552126 -0.9968472
vn 0.2028860 -0.7199438 -0.6637155
vn 0.0933683 -0.7490799 -0.6558671
vn 0.0569847 0.0552126 0.9968472
vn 0.1719792 -0.6728252 0.7195342
vn 0.2814713 -0.6436442 0.7116853
vn -0.0569847 -0.0552126 -0.9968472
vn 0.3064206 -0.6739559 -0.6722276
vn 0.2028860 -0.7199438 -0.6637155
vn 0.0569847 0.0552126 0.9968472
vn 0.2814713 -0.6436442 0.7116853
vn 0.3850253 -0.5977432 0.7031776
vn -0.0569847 -0.0552126 -0.9968472
vn 0.4014405 -0.6123208 -0.6811086
vn 0.3064206 -0.6739559 -0.6722276
vn 0.0569847 0.0552126 0.9968472
vn 0.3850253 -0.5977432 0.7031776
vn 0.4800833 -0.5361669 0.6942946
vn -0.0569847 -0.0552126 -0.9968472
vn 0.4855973 -0.5365562 -0.6901467
vn 0.4014405 -0.6123208 -0.6811086
vn 0.0569847 0.0552126 0.9968472
vn 0.4800833 -0.5361669 0.6942946
vn 0.5642812 -0.4604402 0.6852604
vn -0.0569847 -0.0552126 -0.9968472
vn 0.5568358 -0.4485503 -0.6990970
vn 0.4855973 -0.5365562 -0.6901467
vn 0.0569847 0.0552126 0.9968472
vn 0.5642812 -0.4604402 0.6852604
vn 0.6355398 -0.3724228 0.6763064
vn -0.0569847 -0.0552126 -0.9968472
vn 0.6134428 -0.3504427 -0.7077273
vn 0.5568358 -0.4485503 -0.6990970
vn 0.0569847 0.0552126 0.9968472
vn 0.6355398 -0.3724228 0.6763064
vn 0.6920931 -0.2742659 0.6676716
vn -0.0569847 -0.0552126 -0.9968472
vn 0.6539514 -0.2446287 -0.7158940
vn 0.6134428 -0.3504427 -0.7077273
vn 0.0569847 0.0552126 0.9968472
vn 0.6920931 -0.2742659 0.6676716
vn 0.7325718 -0.1684557 0.6595157
vn 0.7679943 0.0027672 -0.6404507
vn 0.7577474 0.1158845 -0.6421758
vn 0.6663272 0.1286053 0.7344853
vn 0.7679943 0.0027672 -0.6404507
vn 0.6663272 0.1286053 0.7344853
vn 0.6765712 0.0154871 0.7362143
vn 0.7577474 0.1158845 -0.6421758
vn 0.7299621 0.2259778 -0.6450500
vn 0.6385633 0.2387028 0.7316131
vn 0.7577474 0.1158845 -0.6421758
vn 0.6385633 0.2387028 0.7316131
vn 0.6663272 0.1286053 0.7344853
vn 0.7299621 0.2259778 -0.6450500
vn 0.6853333 0.3303829 -0.6489726
vn 0.5939202 0.3431033 0.7276943
vn 0.7299621 0.2259778 -0.6450500
vn 0.5939202 0.3431033 0.7276943
vn 0.6385633 0.2387028 0.7316131
vn 0.6853333 0.3303829 -0.6489726
vn 0.6249523 0.4264704 -0.6538789
vn 0.5335493 0.4392038 0.7227899
vn 0.6853333 0.3303829 -0.6489726
vn 0.5335493 0.4392038 0.7227899
vn 0.5939202 0.3431033 0.7276943
vn 0.6249523 0.4264704 -0.6538789
vn 0.5503241 0.5119076 -0.6596167
vn 0.4589152 0.5246406 0.7170420
vn 0.6249523 0.4264704 -0.6538789
vn 0.4589152 0.5246406 0.7170420
vn 0.5335493 0.4392038 0.7227899
vn 0.5503241 0.5119076 -0.6596167
vn 0.4632524 0.5845998 -0.6660633
vn 0.3718344 0.5973192 0.7105975
vn 0.5503241 0.5119076 -0.6596167
vn 0.3718344 0.5973192 0.7105975
vn 0.4589152 0.5246406 0.7170420
vn 0.4632524 0.5845998 -0.6660633
vn 0.3659174 0.6427342 -0.6730507
vn 0.2744823 0.6554208 0.7036214
vn 0.4632524 0.5845998 -0.6660633
vn 0.2744823 0.6554208 0.7036214
vn 0.3718344 0.5973192 0.7105975
vn 0.3659174 0.6427342 -0.6730507
vn 0.2606875 0.6848707 -0.6804368
vn 0.1692642 0.6975803 0.6962265
vn 0.3659174 0.6427342 -0.6730507
vn 0.1692642 0.6975803 0.6962265
vn 0.2744823 0.6554208 0.7036214
vn 0.2606875 0.6848707 -0.6804368
vn 0.1501464 0.7100059 -0.6880028
vn 0.0587244 0.7227110 0.6886511
vn 0.2606875 0.6848707 -0.6804368
vn 0.0587244 0.7227110 0.6886511
vn 0.1692642 0.6975803 0.6962265
vn 0.1501464 0.7100059 -0.6880028
vn 0.0370468 0.7174569 -0.6956170
vn -0.0543663 0.7302082 0.6810582
vn 0.1501464 0.7100059 -0.6880028
vn -0.0543663 0.7302082 0.6810582
vn 0.0587244 0.7227110 0.6886511
vn 0.0370468 0.7174569 -0.6956170
vn -0.0758201 0.7070979 -0.7030390
vn -0.1672544 0.7199066 0.6736174
vn 0.0370468 0.7174569 -0.6956170
vn -0.1672544 0.7199066 0.6736174
vn -0.0543663 0.7302082 0.6810582
vn -0.0758201 0.7070979 -0.7030390
vn -0.1857368 0.6792510 -0.7100141
vn -0.2771426 0.6919307 0.6666514
vn -0.0758201 0.7070979 -0.7030390
vn -0.2771426 0.6919307 0.6666514
vn -0.1672544 0.7199066 0.6736174
vn -0.1857368 0.6792510 -0.7100141
vn -0.2899167 0.6344876 -0.7165012
vn -0.3812961 0.6471337 0.6601753
vn -0.1857368 0.6792510 -0.7100141
vn -0.3812961 0.6471337 0.6601753
vn -0.2771426 0.6919307 0.6666514
vn -0.2899167 0.6344876 -0.7165012
vn -0.3858303 0.5738941 -0.7223439
vn -0.4772463 0.5866091 0.6543133
vn -0.2899167 0.6344876 -0.7165012
vn -0.4772463 0.5866091 0.6543133
vn -0.3812961 0.6471337 0.6601753
vn -0.3858303 0.5738941 -0.7223439
vn -0.4711539 0.4990254 -0.7273153
vn -0.5625567 0.5117411 0.6493466
vn -0.3858303 0.5738941 -0.7223439
vn -0.5625567 0.5117411 0.6493466
vn -0.4772463 0.5866091 0.6543133
vn -0.4711539 0.4990254 -0.7273153
vn -0.5437084 0.4117225 -0.7313451
vn -0.6351370 0.4244476 0.6453257
vn -0.4711539 0.4990254 -0.7273153
vn -0.6351370 0.4244476 0.6453257
vn -0.5625567 0.5117411 0.6493466
vn -0.5437084 0.4117225 -0.7313451
vn -0.6017653 0.3141254 -0.7343050
vn -0.6932167 0.3268632 0.6423482
vn -0.5437084 0.4117225 -0.7313451
vn -0.6932167 0.3268632 0.6423482
vn -0.6351370 0.4244476 0.6453257
vn -0.6017653 0.3141254 -0.7343050
vn -0.6438750 0.2086355 -0.7361360
vn -0.7353275 0.2213828 0.6405334
vn -0.6017653 0.3141254 -0.7343050
vn -0.7353275 0.2213828 0.6405334
vn -0.6932167 0.3268632 0.6423482
vn -0.6438750 0.2086355 -0.7361360
vn -0.6690208 0.0978585 -0.7367733
vn -0.7604747 0.1105856 0.6398821
vn -0.6438750 0.2086355 -0.7361360
vn -0.7604747 0.1105856 0.6398821
vn -0.7353275 0.2213828 0.6405334
vn -0.6690208 0.0978585 -0.7367733
vn -0.6765620 -0.0154998 -0.7362226
vn -0.7680026 -0.0027666 0.6404408
vn -0.6690208 0.0978585 -0.7367733
vn -0.7680026 -0.0027666 0.6404408
vn -0.7604747 0.1105856 0.6398821
vn -0.6765620 -0.0154998 -0.7362226
vn -0.6663122 -0.1286000 -0.7344998
vn -0.7577586 -0.1158827 0.6421629
vn -0.6765620 -0.0154998 -0.7362226
vn -0.7577586 -0.1158827 0.6421629
vn -0.7680026 -0.0027666 0.6404408
vn -0.6663122 -0.1286000 -0.7344998
vn -0.6385490 -0.2387014 -0.7316261
vn -0.7299771 -0.2259850 0.6450303
vn -0.6663122 -0.1286000 -0.7344998
vn -0.7299771 -0.2259850 0.6450303
vn -0.7577586 -0.1158827 0.6421629
vn -0.6385490 -0.2387014 -0.7316261
vn -0.5939263 -0.3430886 -0.7276962
vn -0.6853336 -0.3303627 0.6489826
vn -0.6385490 -0.2387014 -0.7316261
vn -0.6853336 -0.3303627 0.6489826
vn -0.7299771 -0.2259850 0.6450303
vn -0.5939263 -0.3430886 -0.7276962
vn -0.5335448 -0.4391996 -0.7227958
vn -0.6249733 -0.4264808 0.6538520
vn -0.5939263 -0.3430886 -0.7276962
vn -0.6249733 -0.4264808 0.6538520
vn -0.6853336 -0.3303627 0.6489826
vn -0.5335448 -0.4391996 -0.7227958
vn -0.4588856 -0.5246334 -0.7170662
vn -0.5503189 -0.5119240 0.6596081
vn -0.5335448 -0.4391996 -0.7227958
vn -0.5503189 -0.5119240 0.6596081
vn -0.6249733 -0.4264808 0.6538520
vn -0.4588856 -0.5246334 -0.7170662
vn -0.3718449 -0.5973171 -0.7105938
vn -0.4632623 -0.5845860 0.6660685
vn -0.4588856 -0.5246334 -0.7170662
vn -0.4632623 -0.5845860 0.6660685
vn -0.5503189 -0.5119240 0.6596081
vn -0.3718449 -0.5973171 -0.7105938
vn -0.2744881 -0.6554543 -0.7035879
vn -0.3659007 -0.6427252 0.6730685
vn -0.3718449 -0.5973171 -0.7105938
vn -0.3659007 -0.6427252 0.6730685
vn -0.4632623 -0.5845860 0.6660685
vn -0.2744881 -0.6554543 -0.7035879
vn -0.1692421 -0.6975816 -0.6962306
vn -0.2606656 -0.6848733 0.6804425
vn -0.2744881 -0.6554543 -0.7035879
vn -0.2606656 -0.6848733 0.6804425
vn -0.3659007 -0.6427252 0.6730685
vn -0.1692421 -0.6975816 -0.6962306
vn -0.0587434 -0.7227030 -0.6886578
vn -0.1501637 -0.7099968 0.6880084
vn -0.1692421 -0.6975816 -0.6962306
vn -0.1501637 -0.7099968 0.6880084
vn -0.2606656 -0.6848733 0.6804425
vn -0.0587434 -0.7227030 -0.6886578
vn 0.0543491 -0.7301881 -0.6810812
vn -0.0370694 -0.7174903 0.6955814
vn -0.0587434 -0.7227030 -0.6886578
vn -0.0370694 -0.7174903 0.6955814
vn -0.1501637 -0.7099968 0.6880084
vn 0.0543491 -0.7301881 -0.6810812
vn 0.1672489 -0.7198527 -0.6736764
vn 0.0758317 -0.7071525 0.7029828
vn 0.0543491 -0.7301881 -0.6810812
vn 0.0758317 -0.7071525 0.7029828
vn -0.0370694 -0.7174903 0.6955814
vn 0.1672489 -0.7198527 -0.6736764
vn 0.2771551 -0.6919827 -0.6665921
vn 0.1857200 -0.6791968 0.7100703
vn 0.1672489 -0.7198527 -0.6736764
vn 0.1857200 -0.6791968 0.7100703
vn 0.0758317 -0.7071525 0.7029828
vn 0.2771551 -0.6919827 -0.6665921
vn 0.3813518 -0.6471831 -0.6600947
vn 0.2899120 -0.6344150 0.7165672
vn 0.2771551 -0.6919827 -0.6665921
vn 0.2899120 -0.6344150 0.7165672
vn 0.1857200 -0.6791968 0.7100703
vn 0.3813518 -0.6471831 -0.6600947
vn 0.4772733 -0.5866007 -0.6543010
vn 0.3858427 -0.5738621 0.7223626
vn 0.3813518 -0.6471831 -0.6600947
vn 0.3858427 -0.5738621 0.7223626
vn 0.2899120 -0.6344150 0.7165672
vn 0.4772733 -0.5866007 -0.6543010
vn 0.5625514 -0.5117446 -0.6493484
vn 0.4711482 -0.4990312 0.7273150
vn 0.4772733 -0.5866007 -0.6543010
vn 0.4711482 -0.4990312 0.7273150
vn 0.3858427 -0.5738621 0.7223626
vn 0.5625514 -0.5117446 -0.6493484
vn 0.6351309 -0.4244407 -0.6453362
vn 0.5437201 -0.4117291 0.7313328
vn 0.5625514 -0.5117446 -0.6493484
vn 0.5437201 -0.4117291 0.7313328
vn 0.4711482 -0.4990312 0.7273150
vn 0.6351309 -0.4244407 -0.6453362
vn 0.6931933 -0.3268602 -0.6423749
vn 0.6017815 -0.3141368 0.7342868
vn 0.6351309 -0.4244407 -0.6453362
vn 0.6017815 -0.3141368 0.7342868
vn 0.5437201 -0.4117291 0.7313328
vn 0.6931933 -0.3268602 -0.6423749
vn 0.7353072 -0.2213818 -0.6405572
vn 0.6439017 -0.2086589 0.7361059
vn 0.6931933 -0.3268602 -0.6423749
vn 0.6439017 -0.2086589 0.7361059
vn 0.6017815 -0.3141368 0.7342868
vn 0.7353072 -0.2213818 -0.6405572
vn 0.7604399 -0.1105916 -0.6399224
vn 0.6690487 -0.0978714 0.7367463
vn 0.7353072 -0.2213818 -0.6405572
vn 0.6690487 -0.0978714 0.7367463
vn 0.6439017 -0.2086589 0.7361059
vn 0.7604399 -0.1105916 -0.6399224
vn 0.7679943 0.0027672 -0.6404507
vn 0.6765712 0.0154871 0.7362143
vn 0.7604399 -0.1105916 -0.6399224
vn 0.6765712 0.0154871 0.7362143
vn 0.6690487 -0.0978714 0.7367463
vn 0.0662561 -0.0092202 -0.9977601
vn 0.7577474 0.1158845 -0.6421758
vn 0.7679943 0.0027672 -0.6404507
vn -0.0662561 0.0092202 0.9977601
vn 0.6765712 0.0154871 0.7362143
vn 0.6663272 0.1286053 0.7344853
vn 0.0662561 -0.0092202 -0.9977601
vn 0.7299621 0.2259778 -0.6450500
vn 0.7577474 0.1158845 -0.6421758
vn -0.0662561 0.0092202 0.9977601
vn 0.6663272 0.1286053 0.7344853
vn 0.6385633 0.2387028 0.7316131
vn 0.0662561 -0.0092202 -0.9977601
vn 0.6853333 0.3303829 -0.6489726
vn 0.7299621 0.2259778 -0.6450500
vn -0.0662561 0.0092202 0.9977601
vn 0.6385633 0.2387028 0.7316131
vn 0.5939202 0.3431033 0.7276943
vn 0.0662561 -0.0092202 -0.9977601
vn 0.6249523 0.4264704 -0.6538789
vn 0.6853333 0.3303829 -0.6489726
vn -0.0662561 0.0092202 0.9977601
vn 0.5939202 0.3431033 0.7276943
vn 0.5335493 0.4392038 0.7227899
vn 0.0662561 -0.0092202 -0.9977601
vn 0.5503241 0.5119076 -0.6596167
vn 0.6249523 0.4264704 -0.6538789
vn -0.0662561 0.0092202 0.9977601
vn 0.5335493 0.4392038 0.7227899
vn 0.4589152 0.5246406 0.7170420
vn 0.0662561 -0.0092202 -0.9977601
vn 0.4632524 0.5845998 -0.6660633
vn 0.5503241 0.5119076 -0.6596167
vn -0.0662561 0.0092202 0.9977601
vn 0.4589152 0.5246406 0.7170420
vn 0.3718344 0.5973192 0.7105975
vn 0.0662561 -0.0092202 -0.9977601
vn 0.3659174 0.6427342 -0.6730507
vn 0.4632524 0.5845998 -0.6660633
vn -0.0662561 0.0092202 0.9977601
vn 0.3718344 0.5973192 0.7105975
vn 0.2744823 0.6554208 0.7036214
vn 0.0662561 -0.0092202 -0.9977601
vn 0.2606875 0.6848707 -0.6804368
vn 0.3659174 0.6427342 -0.6730507
vn -0.0662561 0.0092202 0.9977601
vn 0.2744823 0.6554208 0.7036214
vn 0.1692642 0.6975803 0.6962265
vn 0.0662561 -0.0092202 -0.9977601
vn 0.1501464 0.7100059 -0.6880028
vn 0.2606875 0.6848707 -0.6804368
vn -0.0662561 0.0092202 0.9977601
vn 0.1692642 0.6975803 0.6962265
vn 0.0587244 0.7227110 0.6886511
vn 0.0662561 -0.0092202 -0.9977601
vn 0.0370468 0.7174569 -0.6956170
vn 0.1501464 0.7100059 -0.6880028
vn -0.0662561 0.0092202 0.9977601
vn 0.0587244 0.7227110 0.6886511
vn -0.0543663 0.7302082 0.6810582
vn 0.0662561 -0.0092202 -0.9977601
vn -0.0758201 0.7070979 -0.7030390
vn 0.0370468 0.7174569 -0.6956170
vn -0.0662561 0.0092202 0.9977601
vn -0.0543663 0.7302082 0.6810582
vn -0.1672544 0.7199066 0.6736174
vn 0.0662561 -0.0092202 -0.9977601
vn -0.1857368 0.6792510 -0.7100141
vn -0.0758201 0.7070979 -0.7030390
vn -0.0662561 0.0092202 0.9977601
vn -0.1672544 0.7199066 0.6736174
vn -0.2771426 0.6919307 0.6666514
vn 0.0662561 -0.0092202 -0.9977601
vn -0.2899167 0.6344876 -0.7165012
vn -0.1857368 0.6792510 -0.7100141
vn -0.0662561 0.0092202 0.9977601
vn -0.2771426 0.6919307 0.6666514
vn -0.3812961 0.6471337 0.6601753
vn 0.0662561 -0.0092202 -0.9977601
vn -0.3858303 0.5738941 -0.7223439
vn -0.2899167 0.6344876 -0.7165012
vn -0.0662561 0.0092202 0.9977601
vn -0.3812961 0.6471337 0.6601753
vn -0.4772463 0.5866091 0.6543133
vn 0.0662561 -0.0092202 -0.9977601
vn -0.4711539 0.4990254 -0.7273153
vn -0.3858303 0.5738941 -0.7223439
vn -0.0662561 0.0092202 0.9977601
vn -0.4772463 0.5866091 0.6543133
vn -0.5625567 0.5117411 0.6493466
vn 0.0662561 -0.0092202 -0.9977601
vn -0.5437084 0.4117225 -0.7313451
vn -0.4711539 0.4990254 -0.7273153
vn -0.0662561 0.0092202 0.9977601
vn -0.5625567 0.5117411 0.6493466
vn -0.6351370 0.4244476 0.6453257
vn 0.0662561 -0.0092202 -0.9977601
vn -0.6017653 0.3141254 -0.7343050
vn -0.5437084 0.4117225 -0.7313451
vn -0.0662561 0.0092202 0.9977601
vn -0.6351370 0.4244476 0.6453257
vn -0.6932167 0.3268632 0.6423482
vn 0.0662561 -0.0092202 -0.9977601
vn -0.6438750 0.2086355 -0.7361360
vn -0.6017653 0.3141254 -0.7343050
vn -0.0662561 0.0092202 0.9977601
vn -0.6932167 0.3268632 0.6423482
vn -0.7353275 0.2213828 0.6405334
vn 0.0662561 -0.0092202 -0.9977601
vn -0.6690208 0.0978585 -0.7367733
vn -0.6438750 0.2086355 -0.7361360
vn -0.0662561 0.0092202 0.9977601
vn -0.7353275 0.2213828 0.6405334
vn -0.7604747 0.1105856 0.6398821
vn 0.0662561 -0.0092202 -0.9977601
vn -0.6765620 -0.0154998 -0.7362226
vn -0.6690208 0.0978585 -0.7367733
vn -0.0662561 0.0092202 0.9977601
vn -0.7604747 0.1105856 0.6398821
vn -0.7680026 -0.0027666 0.6404408
vn 0.0662561 -0.0092202 -0.9977601
vn -0.6663122 -0.1286000 -0.7344998
vn -0.6765620 -0.0154998 -0.7362226
vn -0.0662561 0.0092202 0.9977601
vn -0.7680026 -0.0027666 0.6404408
vn -0.7577586 -0.1158827 0.6421629
vn 0.0662561 -0.0092202 -0.9977601
vn -0.6385490 -0.2387014 -0.7316261
vn -0.6663122 -0.1286000 -0.7344998
vn -0.0662561 0.0092202 0.9977601
vn -0.7577586 -0.1158827 0.6421629
vn -0.7299771 -0.2259850 0.6450303
vn 0.0662561 -0.0092202 -0.9977601
vn -0.5939263 -0.3430886 -0.7276962
vn -0.6385490 -0.2387014 -0.7316261
vn -0.0662561 0.0092202 0.9977601
vn -0.7299771 -0.2259850 0.6450303
vn -0.6853336 -0.3303627 0.6489826
vn 0.0662561 -0.0092202 -0.9977601
vn -0.5335448 -0.4391996 -0.7227958
vn -0.5939263 -0.3430886 -0.7276962
vn -0.0662561 0.0092202 0.9977601
vn -0.6853336 -0.3303627 0.6489826
vn -0.6249733 -0.4264808 0.6538520
vn 0.0662561 -0.0092202 -0.9977601
vn -0.4588856 -0.5246334 -0.7170662
vn -0.5335448 -0.4391996 -0.7227958
vn -0.0662561 0.0092202 0.9977601
vn -0.6249733 -0.4264808 0.6538520
vn -0.5503189 -0.5119240 0.6596081
vn 0.0662561 -0.0092202 -0.9977601
vn -0.3718449 -0.5973171 -0.7105938
vn -0.4588856 -0.5246334 -0.7170662
vn -0.0662561 0.0092202 0.9977601
vn -0.5503189 -0.5119240 0.6596081
vn -0.4632623 -0.5845860 0.6660685
vn 0.0662561 -0.0092202 -0.9977601
vn -0.2744881 -0.6554543 -0.7035879
vn -0.3718449 -0.5973171 -0.7105938
vn -0.0662561 0.0092202 0.9977601
vn -0.4632623 -0.5845860 0.6660685
vn -0.3659007 -0.6427252 0.6730685
vn 0.0662561 -0.0092202 -0.9977601
vn -0.1692421 -0.6975816 -0.6962306
vn -0.2744881 -0.6554543 -0.7035879
vn -0.0662561 0.0092202 0.9977601
vn -0.3659007 -0.6427252 0.6730685
vn -0.2606656 -0.6848733 0.6804425
vn 0.0662561 -0.0092202 -0.9977601
vn -0.0587434 -0.7227030 -0.6886578
vn -0.1692421 -0.6975816 -0.6962306
vn -0.0662561 0.0092202 0.9977601
vn -0.2606656 -0.6848733 0.6804425
vn -0.1501637 -0.7099968 0.6880084
vn 0.0662561 -0.0092202 -0.9977601
vn 0.0543491 -0.7301881 -0.6810812
vn -0.0587434 -0.7227030 -0.6886578
vn -0.0662561 0.0092202 0.9977601
vn -0.1501637 -0.7099968 0.6880084
vn -0.0370694 -0.7174903 0.6955814
vn 0.0662561 -0.0092202 -0.9977601
vn 0.1672489 -0.7198527 -0.6736764
vn 0.0543491 -0.7301881 -0.6810812
vn -0.0662561 0.0092202 0.9977601
vn -0.0370694 -0.7174903 0.6955814
vn 0.0758317 -0.7071525 0.7029828
vn 0.0662561 -0.0092202 -0.9977601
vn 0.2771551 -0.6919827 -0.6665921
vn 0.1672489 -0.7198527 -0.6736764
vn -0.0662561 0.0092202 0.9977601
vn 0.0758317 -0.7071525 0.7029828
vn 0.1857200 -0.6791968 0.7100703
vn 0.0662561 -0.0092202 -0.9977601
vn 0.3813518 -0.6471831 -0.6600947
vn 0.2771551 -0.6919827 -0.6665921
vn -0.0662561 0.0092202 0.9977601
vn 0.1857200 -0.6791968 0.7100703
vn 0.2899120 -0.6344150 0.7165672
vn 0.0662561 -0.0092202 -0.9977601
vn 0.4772733 -0.5866007 -0.6543010
vn 0.3813518 -0.6471831 -0.6600947
vn -0.0662561 0.0092202 0.9977601
vn 0.2899120 -0.6344150 0.7165672
vn 0.3858427 -0.5738621 0.7223626
vn 0.0662561 -0.0092202 -0.9977601
vn 0.5625514 -0.5117446 -0.6493484
vn 0.4772733 -0.5866007 -0.6543010
vn -0.0662561 0.0092202 0.9977601
vn 0.3858427 -0.5738621 0.7223626
vn 0.4711482 -0.4990312 0.7273150
vn 0.0662561 -0.0092202 -0.9977601
vn 0.6351309 -0.4244407 -0.6453362
vn 0.5625514 -0.5117446 -0.6493484
vn -0.0662561 0.0092202 0.9977601
vn 0.4711482 -0.4990312 0.7273150
vn 0.5437201 -0.4117291 0.7313328
vn 0.0662561 -0.0092202 -0.9977601
vn 0.6931933 -0.3268602 -0.6423749
vn 0.6351309 -0.4244407 -0.6453362
vn -0.0662561 0.0092202 0.9977601
vn 0.5437201 -0.4117291 0.7313328
vn 0.6017815 -0.3141368 0.7342868
vn 0.0662561 -0.0092202 -0.9977601
vn 0.7353072 -0.2213818 -0.6405572
vn 0.6931933 -0.3268602 -0.6423749
vn -0.0662561 0.0092202 0.9977601
vn 0.6017815 -0.3141368 0.7342868
vn 0.6439017 -0.2086589 0.7361059
vn 0.0662561 -0.0092202 -0.9977601
vn 0.7604399 -0.1105916 -0.6399224
vn 0.7353072 -0.2213818 -0.6405572
vn -0.0662561 0.0092202 0.9977601
vn 0.6439017 -0.2086589 0.7361059
vn 0.6690487 -0.0978714 0.7367463
vn 0.0662561 -0.0092202 -0.9977601
vn 0.7679943 0.0027672 -0.6404507
vn 0.7604399 -0.1105916 -0.6399224
vn -0.0662561 0.0092202 0.9977601
vn 0.6690487 -0.0978714 0.7367463
vn 0.6765712 0.0154871 0.7362143
vn 0.7451086 0.1659233 -0.6459742
vn 0.7152456 0.2754679 -0.6422938
vn 0.6456571 0.2101019 0.7341554
vn 0.7451086 0.1659233 -0.6459742
vn 0.6456571 0.2101019 0.7341554
vn 0.6755019 0.1005563 0.7304694
vn 0.7152456 0.2754679 -0.6422938
vn 0.6686404 0.3790232 -0.6397356
vn 0.5990583 0.3136598 0.7367135
vn 0.7152456 0.2754679 -0.6422938
vn 0.5990583 0.3136598 0.7367135
vn 0.6456571 0.2101019 0.7341554
vn 0.6686404 0.3790232 -0.6397356
vn 0.6064048 0.4740756 -0.6383772
vn 0.5368357 0.4087249 0.7380728
vn 0.6686404 0.3790232 -0.6397356
vn 0.5368357 0.4087249 0.7380728
vn 0.5990583 0.3136598 0.7367135
vn 0.6064048 0.4740756 -0.6383772
vn 0.5301220 0.5582133 -0.6382543
vn 0.4605669 0.4928865 0.7382012
vn 0.6064048 0.4740756 -0.6383772
vn 0.4605669 0.4928865 0.7382012
vn 0.5368357 0.4087249 0.7380728
vn 0.5301220 0.5582133 -0.6382543
vn 0.4416724 0.6294441 -0.6393163
vn 0.3720832 0.5640875 0.7371292
vn 0.5301220 0.5582133 -0.6382543
vn 0.3720832 0.5640875 0.7371292
vn 0.4605669 0.4928865 0.7382012
vn 0.4416724 0.6294441 -0.6393163
vn 0.3431401 0.6860107 -0.6415951
vn 0.2735467 0.6206284 0.7348419
vn 0.4416724 0.6294441 -0.6393163
vn 0.2735467 0.6206284 0.7348419
vn 0.3720832 0.5640875 0.7371292
vn 0.3431401 0.6860107 -0.6415951
vn 0.2370319 0.7264622 -0.6450338
vn 0.1674369 0.6610585 0.7314142
vn 0.3431401 0.6860107 -0.6415951
vn 0.1674369 0.6610585 0.7314142
vn 0.2735467 0.6206284 0.7348419
vn 0.2370319 0.7264622 -0.6450338
vn 0.1259769 0.7498024 -0.6495584
vn 0.0563862 0.6844228 0.7269017
vn 0.2370319 0.7264622 -0.6450338
vn 0.0563862 0.6844228 0.7269017
vn 0.1674369 0.6610585 0.7314142
vn 0.1259769 0.7498024 -0.6495584
vn 0.0126550 0.7555137 -0.6550106
vn -0.0569282 0.6901473 0.7214261
vn 0.1259769 0.7498024 -0.6495584
vn -0.0569282 0.6901473 0.7214261
vn 0.0563862 0.6844228 0.7269017
vn 0.0126550 0.7555137 -0.6550106
vn -0.1001290 0.7434014 -0.6613082
vn -0.1697257 0.6780573 0.7151444
vn 0.0126550 0.7555137 -0.6550106
vn -0.1697257 0.6780573 0.7151444
vn -0.0569282 0.6901473 0.7214261
vn -0.1001290 0.7434014 -0.6613082
vn -0.2095902 0.7138003 -0.6682523
vn -0.2791868 0.6484756 0.7081907
vn -0.1001290 0.7434014 -0.6613082
vn -0.2791868 0.6484756 0.7081907
vn -0.1697257 0.6780573 0.7151444
vn -0.2095902 0.7138003 -0.6682523
vn -0.3130365 0.6674348 -0.6756768
vn -0.3826313 0.6020834 0.7007772
vn -0.2095902 0.7138003 -0.6682523
vn -0.3826313 0.6020834 0.7007772
vn -0.2791868 0.6484756 0.7081907
vn -0.3130365 0.6674348 -0.6756768
vn -0.4079035 0.6054497 -0.6834070
vn -0.4774970 0.5400931 0.6930340
vn -0.3130365 0.6674348 -0.6756768
vn -0.4774970 0.5400931 0.6930340
vn -0.3826313 0.6020834 0.7007772
vn -0.4079035 0.6054497 -0.6834070
vn -0.4918428 0.5293433 -0.6912932
vn -0.5614707 0.4640141 0.6851581
vn -0.4079035 0.6054497 -0.6834070
vn -0.5614707 0.4640141 0.6851581
vn -0.4774970 0.5400931 0.6930340
vn -0.4918428 0.5293433 -0.6912932
vn -0.5628542 0.4410042 -0.6990783
vn -0.6324895 0.3756746 0.6773666
vn -0.4918428 0.5293433 -0.6912932
vn -0.6324895 0.3756746 0.6773666
vn -0.5614707 0.4640141 0.6851581
vn -0.5628542 0.4410042 -0.6990783
vn -0.6191535 0.3426207 -0.7065833
vn -0.6887677 0.2772638 0.6698684
vn -0.5628542 0.4410042 -0.6990783
vn -0.6887677 0.2772638 0.6698684
vn -0.6324895 0.3756746 0.6773666
vn -0.6191535 0.3426207 -0.7065833
vn -0.6593340 0.2366169 -0.7136464
vn -0.7289555 0.1712588 0.6627927
vn -0.6191535 0.3426207 -0.7065833
vn -0.7289555 0.1712588 0.6627927
vn -0.6887677 0.2772638 0.6698684
vn -0.6593340 0.2366169 -0.7136464
vn -0.6824299 0.1255799 -0.7200828
vn -0.7520343 0.0602179 0.6563674
vn -0.6593340 0.2366169 -0.7136464
vn -0.7520343 0.0602179 0.6563674
vn -0.7289555 0.1712588 0.6627927
vn -0.6824299 0.1255799 -0.7200828
vn -0.6878765 0.0122708 -0.7257240
vn -0.7574553 -0.0530928 0.6507245
vn -0.6824299 0.1255799 -0.7200828
vn -0.7574553 -0.0530928 0.6507245
vn -0.7520343 0.0602179 0.6563674
vn -0.6878765 0.0122708 -0.7257240
vn -0.6755084 -0.1005501 -0.7304643
vn -0.7451037 -0.1659140 0.6459822
vn -0.6878765 0.0122708 -0.7257240
vn -0.7451037 -0.1659140 0.6459822
vn -0.7574553 -0.0530928 0.6507245
vn -0.6755084 -0.1005501 -0.7304643
vn -0.6456524 -0.2100985 -0.7341607
vn -0.7152523 -0.2754694 0.6422855
vn -0.6755084 -0.1005501 -0.7304643
vn -0.7152523 -0.2754694 0.6422855
vn -0.7451037 -0.1659140 0.6459822
vn -0.6456524 -0.2100985 -0.7341607
vn -0.5990406 -0.3136600 -0.7367278
vn -0.6686484 -0.3790372 0.6397188
vn -0.6456524 -0.2100985 -0.7341607
vn -0.6686484 -0.3790372 0.6397188
vn -0.7152523 -0.2754694 0.6422855
vn -0.5990406 -0.3136600 -0.7367278
vn -0.5367945 -0.4086768 -0.7381293
vn -0.6064549 -0.4740956 0.6383147
vn -0.5990406 -0.3136600 -0.7367278
vn -0.6064549 -0.4740956 0.6383147
vn -0.6686484 -0.3790372 0.6397188
vn -0.5367945 -0.4086768 -0.7381293
vn -0.4605514 -0.4928746 -0.7382187
vn -0.5301326 -0.5582358 0.6382259
vn -0.5367945 -0.4086768 -0.7381293
vn -0.5301326 -0.5582358 0.6382259
vn -0.6064549 -0.4740956 0.6383147
vn -0.4605514 -0.4928746 -0.7382187
vn -0.3720860 -0.5641527 -0.7370779
vn -0.4416059 -0.6294308 0.6393755
vn -0.4605514 -0.4928746 -0.7382187
vn -0.4416059 -0.6294308 0.6393755
vn -0.5301326 -0.5582358 0.6382259
vn -0.3720860 -0.5641527 -0.7370779
vn -0.2735599 -0.6206462 -0.7348219
vn -0.3431293 -0.6859773 0.6416366
vn -0.3720860 -0.5641527 -0.7370779
vn -0.3431293 -0.6859773 0.6416366
vn -0.4416059 -0.6294308 0.6393755
vn -0.2735599 -0.6206462 -0.7348219
vn -0.1674682 -0.6610860 -0.7313821
vn -0.2370483 -0.7264357 0.6450576
vn -0.2735599 -0.6206462 -0.7348219
vn -0.2370483 -0.7264357 0.6450576
vn -0.3431293 -0.6859773 0.6416366
vn -0.1674682 -0.6610860 -0.7313821
vn -0.0563718 -0.6844591 -0.7268685
vn -0.1259553 -0.7497864 0.6495810
vn -0.1674682 -0.6610860 -0.7313821
vn -0.1259553 -0.7497864 0.6495810
vn -0.2370483 -0.7264357 0.6450576
vn -0.0563718 -0.6844591 -0.7268685
vn 0.0569413 -0.6901134 -0.7214577
vn -0.0126433 -0.7555276 0.6549948
vn -0.0563718 -0.6844591 -0.7268685
vn -0.0126433 -0.7555276 0.6549948
vn -0.1259553 -0.7497864 0.6495810
vn 0.0569413 -0.6901134 -0.7214577
vn 0.1697223 -0.6780304 -0.7151707
vn 0.1001399 -0.7434359 0.6612678
vn 0.0569413 -0.6901134 -0.7214577
vn 0.1001399 -0.7434359 0.6612678
vn -0.0126433 -0.7555276 0.6549948
vn 0.1697223 -0.6780304 -0.7151707
vn 0.2791758 -0.6484748 -0.7081958
vn 0.2095762 -0.7137930 0.6682644
vn 0.1697223 -0.6780304 -0.7151707
vn 0.2095762 -0.7137930 0.6682644
vn 0.1001399 -0.7434359 0.6612678
vn 0.2791758 -0.6484748 -0.7081958
vn 0.3826277 -0.6021252 -0.7007434
vn 0.3130034 -0.6674258 0.6757009
vn 0.2791758 -0.6484748 -0.7081958
vn 0.3130034 -0.6674258 0.6757009
vn 0.2095762 -0.7137930 0.6682644
vn 0.3826277 -0.6021252 -0.7007434
vn 0.4775170 -0.5401127 -0.6930048
vn 0.4078899 -0.6054248 0.6834372
vn 0.3826277 -0.6021252 -0.7007434
vn 0.4078899 -0.6054248 0.6834372
vn 0.3130034 -0.6674258 0.6757009
vn 0.4775170 -0.5401127 -0.6930048
vn 0.5614542 -0.4639919 -0.6851865
vn 0.4918653 -0.5293611 0.6912636
vn 0.4775170 -0.5401127 -0.6930048
vn 0.4918653 -0.5293611 0.6912636
vn 0.4078899 -0.6054248 0.6834372
vn 0.5614542 -0.4639919 -0.6851865
vn 0.6324624 -0.3756672 -0.6773962
vn 0.5628712 -0.4410305 0.6990481
vn 0.5614542 -0.4639919 -0.6851865
vn 0.5628712 -0.4410305 0.6990481
vn 0.4918653 -0.5293611 0.6912636
vn 0.6324624 -0.3756672 -0.6773962
vn 0.6887631 -0.2772706 -0.6698703
vn 0.6191519 -0.3426223 0.7065839
vn 0.6324624 -0.3756672 -0.6773962
vn 0.6191519 -0.3426223 0.7065839
vn 0.5628712 -0.4410305 0.6990481
vn 0.6887631 -0.2772706 -0.6698703
vn 0.7289563 -0.1712551 -0.6627929
vn 0.6593372 -0.2366065 0.7136468
vn 0.6887631 -0.2772706 -0.6698703
vn 0.6593372 -0.2366065 0.7136468
vn 0.6191519 -0.3426223 0.7065839
vn 0.7289563 -0.1712551 -0.6627929
vn 0.7520353 -0.0602126 -0.6563668
vn 0.6824302 -0.1255754 0.7200832
vn 0.7289563 -0.1712551 -0.6627929
vn 0.6824302 -0.1255754 0.7200832
vn 0.6593372 -0.2366065 0.7136468
vn 0.7520353 -0.0602126 -0.6563668
vn 0.7574565 0.0531027 -0.6507224
vn 0.6878763 -0.0122654 0.7257242
vn 0.7520353 -0.0602126 -0.6563668
vn 0.6878763 -0.0122654 0.7257242
vn 0.6824302 -0.1255754 0.7200832
vn 0.7574565 0.0531027 -0.6507224
vn 0.7451086 0.1659233 -0.6459742
vn 0.6755019 0.1005563 0.7304694
vn 0.7574565 0.0531027 -0.6507224
vn 0.6755019 0.1005563 0.7304694
vn 0.6878763 -0.0122654 0.7257242
vn 0.0504346 0.0473746 -0.9976032
vn 0.7152456 0.2754679 -0.6422938
vn 0.7451086 0.1659233 -0.6459742
vn -0.0504347 -0.0473747 0.9976032
vn 0.6755019 0.1005563 0.7304694
vn 0.6456571 0.2101019 0.7341554
vn 0.0504346 0.0473746 -0.9976032
vn 0.6686404 0.3790232 -0.6397356
vn 0.7152456 0.2754679 -0.6422938
vn -0.0504347 -0.0473747 0.9976032
vn 0.6456571 0.2101019 0.7341554
vn 0.5990583 0.3136598 0.7367135
vn 0.0504346 0.0473746 -0.9976032
vn 0.6064048 0.4740756 -0.6383772
vn 0.6686404 0.3790232 -0.6397356
vn -0.0504347 -0.0473747 0.9976032
vn 0.5990583 0.3136598 0.7367135
vn 0.5368357 0.4087249 0.7380728
vn 0.0504346 0.0473746 -0.9976032
vn 0.5301220 0.5582133 -0.6382543
vn 0.6064048 0.4740756 -0.6383772
vn -0.0504347 -0.0473747 0.9976032
vn 0.5368357 0.4087249 0.7380728
vn 0.4605669 0.4928865 0.7382012
vn 0.0504346 0.0473746 -0.9976032
vn 0.4416724 0.6294441 -0.6393163
vn 0.5301220 0.5582133 -0.6382543
vn -0.0504347 -0.0473747 0.9976032
vn 0.4605669 0.4928865 0.7382012
vn 0.3720832 0.5640875 0.7371292
vn 0.0504346 0.0473746 -0.9976032
vn 0.3431401 0.6860107 -0.6415951
vn 0.4416724 0.6294441 -0.6393163
vn -0.0504347 -0.0473747 0.9976032
vn 0.3720832 0.5640875 0.7371292
vn 0.2735467 0.6206284 0.7348419
vn 0.0504346 0.0473746 -0.9976032
vn 0.2370319 0.7264622 -0.6450338
vn 0.3431401 0.6860107 -0.6415951
vn -0.0504347 -0.0473747 0.9976032
vn 0.2735467 0.6206284 0.7348419
vn 0.1674369 0.6610585 0.7314142
vn 0.0504346 0.0473746 -0.9976032
vn 0.1259769 0.7498024 -0.6495584
vn 0.2370319 0.7264622 -0.6450338
vn -0.0504347 -0.0473747 0.9976032
vn 0.1674369 0.6610585 0.7314142
vn 0.0563862 0.6844228 0.7269017
vn 0.0504346 0.0473746 -0.9976032
vn 0.0126550 0.7555137 -0.6550106
vn 0.1259769 0.7498024 -0.6495584
vn -0.0504347 -0.0473747 0.9976032
vn 0.0563862 0.6844228 0.7269017
vn -0.0569282 0.6901473 0.7214261
vn 0.0504346 0.0473746 -0.9976032
vn -0.1001290 0.7434014 -0.6613082
vn 0.0126550 0.7555137 -0.6550106
vn -0.0504347 -0.0473747 0.9976032
vn -0.0569282 0.6901473 0.7214261
vn -0.1697257 0.6780573 0.7151444
vn 0.0504346 0.0473746 -0.9976032
vn -0.2095902 0.7138003 -0.6682523
vn -0.1001290 0.7434014 -0.6613082
vn -0.0504347 -0.0473747 0.9976032
vn -0.1697257 0.6780573 0.7151444
vn -0.2791868 0.6484756 0.7081907
vn 0.0504346 0.0473746 -0.9976032
vn -0.3130365 0.6674348 -0.6756768
vn -0.2095902 0.7138003 -0.6682523
vn -0.0504347 -0.0473747 0.9976032
vn -0.2791868 0.6484756 0.7081907
vn -0.3826313 0.6020834 0.7007772
vn 0.0504346 0.0473746 -0.9976032
vn -0.4079035 0.6054497 -0.6834070
vn -0.3130365 0.6674348 -0.6756768
vn -0.0504347 -0.0473747 0.9976032
vn -0.3826313 0.6020834 0.7007772
vn -0.4774970 0.5400931 0.6930340
vn 0.0504346 0.0473746 -0.9976032
vn -0.4918428 0.5293433 -0.6912932
vn -0.4079035 0.6054497 -0.6834070
vn -0.0504347 -0.0473747 0.9976032
vn -0.4774970 0.5400931 0.6930340
vn -0.5614707 0.4640141 0.6851581
vn 0.0504346 0.0473746 -0.9976032
vn -0.5628542 0.4410042 -0.6990783
vn -0.4918428 0.5293433 -0.6912932
vn -0.0504347 -0.0473747 0.9976032
vn -0.5614707 0.4640141 0.6851581
vn -0.6324895 0.3756746 0.6773666
vn 0.0504346 0.0473746 -0.9976032
vn -0.6191535 0.3426207 -0.7065833
vn -0.5628542 0.4410042 -0.6990783
vn -0.0504347 -0.0473747 0.9976032
vn -0.6324895 0.3756746 0.6773666
vn -0.6887677 0.2772638 0.6698684
vn 0.0504346 0.0473746 -0.9976032
vn -0.6593340 0.2366169 -0.7136464
vn -0.6191535 0.3426207 -0.7065833
vn -0.0504347 -0.0473747 0.9976032
vn -0.6887677 0.2772638 0.6698684
vn -0.7289555 0.1712588 0.6627927
vn 0.0504346 0.0473746 -0.9976032
vn -0.6824299 0.1255799 -0.7200828
vn -0.6593340 0.2366169 -0.7136464
vn -0.0504347 -0.0473747 0.9976032
vn -0.7289555 0.1712588 0.6627927
vn -0.7520343 0.0602179 0.6563674
vn 0.0504346 0.0473746 -0.9976032
vn -0.6878765 0.0122708 -0.7257240
vn -0.6824299 0.1255799 -0.7200828
vn -0.0504347 -0.0473747 0.9976032
vn -0.7520343 0.0602179 0.6563674
vn -0.7574553 -0.0530928 0.6507245
vn 0.0504346 0.0473746 -0.9976032
vn -0.6755084 -0.1005501 -0.7304643
vn -0.6878765 0.0122708 -0.7257240
vn -0.0504347 -0.0473747 0.9976032
vn -0.7574553 -0.0530928 0.6507245
vn -0.7451037 -0.1659140 0.6459822
vn 0.0504346 0.0473746 -0.9976032
vn -0.6456524 -0.2100985 -0.7341607
vn -0.6755084 -0.1005501 -0.7304643
vn -0.0504347 -0.0473747 0.9976032
vn -0.7451037 -0.1659140 0.6459822
vn -0.7152523 -0.2754694 0.6422855
vn 0.0504346 0.0473746 -0.9976032
vn -0.5990406 -0.3136600 -0.7367278
vn -0.6456524 -0.2100985 -0.7341607
vn -0.0504347 -0.0473747 0.9976032
vn -0.7152523 -0.2754694 0.6422855
vn -0.6686484 -0.3790372 0.6397188
vn 0.0504346 0.0473746 -0.9976032
vn -0.5367945 -0.4086768 -0.7381293
vn -0.5990406 -0.3136600 -0.7367278
vn -0.0504347 -0.0473747 0.9976032
vn -0.6686484 -0.3790372 0.6397188
vn -0.6064549 -0.4740956 0.6383147
vn 0.0504346 0.0473746 -0.9976032
vn -0.4605514 -0.4928746 -0.7382187
vn -0.5367945 -0.4086768 -0.7381293
vn -0.0504347 -0.0473747 0.9976032
vn -0.6064549 -0.4740956 0.6383147
vn -0.5301326 -0.5582358 0.6382259
vn 0.0504346 0.0473746 -0.9976032
vn -0.3720860 -0.5641527 -0.7370779
vn -0.4605514 -0.4928746 -0.7382187
vn -0.0504347 -0.0473747 0.9976032
vn -0.5301326 -0.5582358 0.6382259
vn -0.4416059 -0.6294308 0.6393755
vn 0.0504346 0.0473746 -0.9976032
vn -0.2735599 -0.6206462 -0.7348219
vn -0.3720860 -0.5641527 -0.7370779
vn -0.0504347 -0.0473747 0.9976032
vn -0.4416059 -0.6294308 0.6393755
vn -0.3431293 -0.6859773 0.6416366
vn 0.0504346 0.0473746 -0.9976032
vn -0.1674682 -0.6610860 -0.7313821
vn -0.2735599 -0.6206462 -0.7348219
vn -0.0504347 -0.0473747 0.9976032
vn -0.3431293 -0.6859773 0.6416366
vn -0.2370483 -0.7264357 0.6450576
vn 0.0504346 0.0473746 -0.9976032
vn -0.0563718 -0.6844591 -0.7268685
vn -0.1674682 -0.6610860 -0.7313821
vn -0.0504347 -0.0473747 0.9976032
vn -0.2370483 -0.7264357 0.6450576
vn -0.1259553 -0.7497864 0.6495810
vn 0.0504346 0.0473746 -0.9976032
vn 0.0569413 -0.6901134 -0.7214577
vn -0.0563718 -0.6844591 -0.7268685
vn -0.0504347 -0.0473747 0.9976032
vn -0.1259553 -0.7497864 0.6495810
vn -0.0126433 -0.7555276 0.6549948
vn 0.0504346 0.0473746 -0.9976032
vn 0.1697223 -0.6780304 -0.7151707
vn 0.0569413 -0.6901134 -0.7214577
vn -0.0504347 -0.0473747 0.9976032
vn -0.0126433 -0.7555276 0.6549948
vn 0.1001399 -0.7434359 0.6612678
vn 0.0504346 0.0473746 -0.9976032
vn 0.2791758 -0.6484748 -0.7081958
vn 0.1697223 -0.6780304 -0.7151707
vn -0.0504347 -0.0473747 0.9976032
vn 0.1001399 -0.7434359 0.6612678
vn 0.2095762 -0.7137930 0.6682644
vn 0.0504346 0.0473746 -0.9976032
vn 0.3826277 -0.6021252 -0.7007434
vn 0.2791758 -0.6484748 -0.7081958
vn -0.0504347 -0.0473747 0.9976032
vn 0.2095762 -0.7137930 0.6682644
vn 0.3130034 -0.6674258 0.6757009
vn 0.0504346 0.0473746 -0.9976032
vn 0.4775170 -0.5401127 -0.6930048
vn 0.3826277 -0.6021252 -0.7007434
vn -0.0504347 -0.0473747 0.9976032
vn 0.3130034 -0.6674258 0.6757009
vn 0.4078899 -0.6054248 0.6834372
vn 0.0504346 0.0473746 -0.9976032
vn 0.5614542 -0.4639919 -0.6851865
vn 0.4775170 -0.5401127 -0.6930048
vn -0.0504347 -0.0473747 0.9976032
vn 0.4078899 -0.6054248 0.6834372
vn 0.4918653 -0.5293611 0.6912636
vn 0.0504346 0.0473746 -0.9976032
vn 0.6324624 -0.3756672 -0.6773962
vn 0.5614542 -0.4639919 -0.6851865
vn -0.0504347 -0.0473747 0.9976032
vn 0.4918653 -0.5293611 0.6912636
vn 0.5628712 -0.4410305 0.6990481
vn 0.0504346 0.0473746 -0.9976032
vn 0.6887631 -0.2772706 -0.6698703
vn 0.6324624 -0.3756672 -0.6773962
vn -0.0504347 -0.0473747 0.9976032
vn 0.5628712 -0.4410305 0.6990481
vn 0.6191519 -0.3426223 0.7065839
vn 0.0504346 0.0473746 -0.9976032
vn 0.7289563 -0.1712551 -0.6627929
vn 0.6887631 -0.2772706 -0.6698703
vn -0.0504347 -0.0473747 0.9976032
vn 0.6191519 -0.3426223 0.7065839
vn 0.6593372 -0.2366065 0.7136468
vn 0.0504346 0.0473746 -0.9976032
vn 0.7520353 -0.0602126 -0.6563668
vn 0.7289563 -0.1712551 -0.6627929
vn -0.0504347 -0.0473747 0.9976032
vn 0.6593372 -0.2366065 0.7136468
vn 0.6824302 -0.1255754 0.7200832
vn 0.0504346 0.0473746 -0.9976032
vn 0.7574565 0.0531027 -0.6507224
vn 0.7520353 -0.0602126 -0.6563668
vn -0.0504347 -0.0473747 0.9976032
vn 0.6824302 -0.1255754 0.7200832
vn 0.6878763 -0.0122654 0.7257242
vn 0.0504346 0.0473746 -0.9976032
vn 0.7451086 0.1659233 -0.6459742
vn 0.7574565 0.0531027 -0.6507224
vn -0.0504347 -0.0473747 0.9976032
vn 0.6878763 -0.0122654 0.7257242
vn 0.6755019 0.1005563 0.7304694
vn 0.7288903 0.0651274 -0.6815258
vn 0.7033333 0.1755588 -0.6888406
vn 0.6771550 0.2609393 0.6880203
vn 0.7288903 0.0651274 -0.6815258
vn 0.6771550 0.2609393 0.6880203
vn 0.7027490 0.1505167 0.6953335
vn 0.7033333 0.1755588 -0.6888406
vn 0.6607362 0.2806220 -0.6961889
vn 0.6346037 0.3660045 0.6806752
vn 0.7033333 0.1755588 -0.6888406
vn 0.6346037 0.3660045 0.6806752
vn 0.6771550 0.2609393 0.6880203
vn 0.6607362 0.2806220 -0.6961889
vn 0.6021520 0.3776882 -0.7033951
vn 0.5761306 0.4631611 0.6734652
vn 0.6607362 0.2806220 -0.6961889
vn 0.5761306 0.4631611 0.6734652
vn 0.6346037 0.3660045 0.6806752
vn 0.6021520 0.3776882 -0.7033951
vn 0.5291628 0.4644592 -0.7101157
vn 0.5030689 0.5498886 0.6667415
vn 0.6021520 0.3776882 -0.7033951
vn 0.5030689 0.5498886 0.6667415
vn 0.5761306 0.4631611 0.6734652
vn 0.5291628 0.4644592 -0.7101157
vn 0.4434808 0.5387798 -0.7162688
vn 0.4172887 0.6240856 0.6605962
vn 0.5291628 0.4644592 -0.7101157
vn 0.4172887 0.6240856 0.6605962
vn 0.5030689 0.5498886 0.6667415
vn 0.4434808 0.5387798 -0.7162688
vn 0.3471159 0.5986834 -0.7218648
vn 0.3209817 0.6840659 0.6549996
vn 0.4434808 0.5387798 -0.7162688
vn 0.3209817 0.6840659 0.6549996
vn 0.4172887 0.6240856 0.6605962
vn 0.3471159 0.5986834 -0.7218648
vn 0.2425310 0.6428002 -0.7266268
vn 0.2164285 0.7282592 0.6502287
vn 0.3471159 0.5986834 -0.7218648
vn 0.2164285 0.7282592 0.6502287
vn 0.3209817 0.6840659 0.6549996
vn 0.2425310 0.6428002 -0.7266268
vn 0.1323366 0.6700504 -0.7304241
vn 0.1062215 0.7555373 0.6464368
vn 0.2425310 0.6428002 -0.7266268
vn 0.1062215 0.7555373 0.6464368
vn 0.2164285 0.7282592 0.6502287
vn 0.1323366 0.6700504 -0.7304241
vn 0.0192082 0.6797575 -0.7331854
vn -0.0069237 0.7652726 0.6436691
vn 0.1323366 0.6700504 -0.7304241
vn -0.0069237 0.7652726 0.6436691
vn 0.1062215 0.7555373 0.6464368
vn 0.0192082 0.6797575 -0.7331854
vn -0.0940991 0.6717519 -0.7347754
vn -0.1202360 0.7571494 0.6420810
vn 0.0192082 0.6797575 -0.7331854
vn -0.1202360 0.7571494 0.6420810
vn -0.0069237 0.7652726 0.6436691
vn -0.0940991 0.6717519 -0.7347754
vn -0.2047533 0.6460609 -0.7353104
vn -0.2309095 0.7315045 0.6415465
vn -0.0940991 0.6717519 -0.7347754
vn -0.2309095 0.7315045 0.6415465
vn -0.1202360 0.7571494 0.6420810
vn -0.2047533 0.6460609 -0.7353104
vn -0.3100531 0.6034731 -0.7346341
vn -0.3361856 0.6888484 0.6422361
vn -0.2047533 0.6460609 -0.7353104
vn -0.3361856 0.6888484 0.6422361
vn -0.2309095 0.7315045 0.6415465
vn -0.3100531 0.6034731 -0.7346341
vn -0.4074056 0.5449660 -0.7328253
vn -0.4335080 0.6303093 0.6440349
vn -0.3100531 0.6034731 -0.7346341
vn -0.4335080 0.6303093 0.6440349
vn -0.3361856 0.6888484 0.6422361
vn -0.4074056 0.5449660 -0.7328253
vn -0.4943700 0.4719387 -0.7299809
vn -0.5205106 0.5573287 0.6468798
vn -0.4074056 0.5449660 -0.7328253
vn -0.5205106 0.5573287 0.6468798
vn -0.4335080 0.6303093 0.6440349
vn -0.4943700 0.4719387 -0.7299809
vn -0.5688930 0.3862716 -0.7260544
vn -0.5949904 0.4716241 0.6508126
vn -0.4943700 0.4719387 -0.7299809
vn -0.5949904 0.4716241 0.6508126
vn -0.5205106 0.5573287 0.6468798
vn -0.5688930 0.3862716 -0.7260544
vn -0.6290532 0.2900127 -0.7212385
vn -0.6551614 0.3753898 0.6556264
vn -0.5688930 0.3862716 -0.7260544
vn -0.6551614 0.3753898 0.6556264
vn -0.5949904 0.4716241 0.6508126
vn -0.6290532 0.2900127 -0.7212385
vn -0.6733818 0.1855860 -0.7156219
vn -0.6995234 0.2709843 0.6612369
vn -0.6290532 0.2900127 -0.7212385
vn -0.6995234 0.2709843 0.6612369
vn -0.6551614 0.3753898 0.6556264
vn -0.6733818 0.1855860 -0.7156219
vn -0.7008234 0.0755401 -0.7093237
vn -0.7269750 0.1609400 0.6675370
vn -0.6733818 0.1855860 -0.7156219
vn -0.7269750 0.1609400 0.6675370
vn -0.6995234 0.2709843 0.6612369
vn -0.7008234 0.0755401 -0.7093237
vn -0.7107086 -0.0374167 -0.7024906
vn -0.7368340 0.0479612 0.6743703
vn -0.7008234 0.0755401 -0.7093237
vn -0.7368340 0.0479612 0.6743703
vn -0.7269750 0.1609400 0.6675370
vn -0.7107086 -0.0374167 -0.7024906
vn -0.7027496 -0.1505031 -0.6953359
vn -0.7288876 -0.0651243 0.6815290
vn -0.7107086 -0.0374167 -0.7024906
vn -0.7288876 -0.0651243 0.6815290
vn -0.7368340 0.0479612 0.6743703
vn -0.7027496 -0.1505031 -0.6953359
vn -0.6771805 -0.2609515 -0.6879905
vn -0.7033051 -0.1755552 0.6888703
vn -0.7027496 -0.1505031 -0.6953359
vn -0.7033051 -0.1755552 0.6888703
vn -0.7288876 -0.0651243 0.6815290
vn -0.6771805 -0.2609515 -0.6879905
vn -0.6346164 -0.3660207 -0.6806548
vn -0.6607175 -0.2806287 0.6962039
vn -0.6771805 -0.2609515 -0.6879905
vn -0.6607175 -0.2806287 0.6962039
vn -0.7033051 -0.1755552 0.6888703
vn -0.6346164 -0.3660207 -0.6806548
vn -0.5760999 -0.4631278 -0.6735142
vn -0.6021878 -0.3777148 0.7033501
vn -0.6346164 -0.3660207 -0.6806548
vn -0.6021878 -0.3777148 0.7033501
vn -0.6607175 -0.2806287 0.6962039
vn -0.5760999 -0.4631278 -0.6735142
vn -0.5030239 -0.5498209 -0.6668313
vn -0.5292264 -0.4645102 0.7100350
vn -0.5760999 -0.4631278 -0.6735142
vn -0.5292264 -0.4645102 0.7100350
vn -0.6021878 -0.3777148 0.7033501
vn -0.5030239 -0.5498209 -0.6668313
vn -0.4172989 -0.6240817 -0.6605933
vn -0.4434852 -0.5387757 0.7162693
vn -0.5030239 -0.5498209 -0.6668313
vn -0.4434852 -0.5387757 0.7162693
vn -0.5292264 -0.4645102 0.7100350
vn -0.4172989 -0.6240817 -0.6605933
vn -0.3210017 -0.6841137 -0.6549400
vn -0.3470848 -0.5986361 0.7219189
vn -0.4172989 -0.6240817 -0.6605933
vn -0.3470848 -0.5986361 0.7219189
vn -0.4434852 -0.5387757 0.7162693
vn -0.3210017 -0.6841137 -0.6549400
vn -0.2164234 -0.7282342 -0.6502583
vn -0.2425431 -0.6428270 0.7265992
vn -0.3210017 -0.6841137 -0.6549400
vn -0.2425431 -0.6428270 0.7265992
vn -0.3470848 -0.5986361 0.7219189
vn -0.2164234 -0.7282342 -0.6502583
vn -0.1062111 -0.7554610 -0.6465276
vn -0.1323528 -0.6701359 0.7303428
vn -0.2164234 -0.7282342 -0.6502583
vn -0.1323528 -0.6701359 0.7303428
vn -0.2425431 -0.6428270 0.7265992
vn -0.1062111 -0.7554610 -0.6465276
vn 0.0069258 -0.7652213 -0.6437300
vn -0.0192106 -0.6798160 0.7331311
vn -0.1062111 -0.7554610 -0.6465276
vn -0.0192106 -0.6798160 0.7331311
vn -0.1323528 -0.6701359 0.7303428
vn 0.0069258 -0.7652213 -0.6437300
vn 0.1202340 -0.7571496 -0.6420811
vn 0.0940950 -0.6717535 0.7347744
vn 0.0069258 -0.7652213 -0.6437300
vn 0.0940950 -0.6717535 0.7347744
vn -0.0192106 -0.6798160 0.7331311
vn 0.1202340 -0.7571496 -0.6420811
vn 0.2309057 -0.7314790 -0.6415769
vn 0.2047685 -0.6460862 0.7352840
vn 0.1202340 -0.7571496 -0.6420811
vn 0.2047685 -0.6460862 0.7352840
vn 0.0940950 -0.6717535 0.7347744
vn 0.2309057 -0.7314790 -0.6415769
vn 0.3361701 -0.6888261 -0.6422681
vn 0.3100648 -0.6035001 0.7346070
vn 0.2309057 -0.7314790 -0.6415769
vn 0.3100648 -0.6035001 0.7346070
vn 0.2047685 -0.6460862 0.7352840
vn 0.3361701 -0.6888261 -0.6422681
vn 0.4334913 -0.6302885 -0.6440665
vn 0.4074235 -0.5449970 0.7327921
vn 0.3361701 -0.6888261 -0.6422681
vn 0.4074235 -0.5449970 0.7327921
vn 0.3100648 -0.6035001 0.7346070
vn 0.4334913 -0.6302885 -0.6440665
vn 0.5205156 -0.5573190 -0.6468840
vn 0.4943794 -0.4719259 0.7299829
vn 0.4334913 -0.6302885 -0.6440665
vn 0.4943794 -0.4719259 0.7299829
vn 0.4074235 -0.5449970 0.7327921
vn 0.5205156 -0.5573190 -0.6468840
vn 0.5950049 -0.4716474 -0.6507826
vn 0.5688724 -0.3862547 0.7260796
vn 0.5205156 -0.5573190 -0.6468840
vn 0.5688724 -0.3862547 0.7260796
vn 0.4943794 -0.4719259 0.7299829
vn 0.5950049 -0.4716474 -0.6507826
vn 0.6551699 -0.3754095 -0.6556067
vn 0.6290373 -0.2900174 0.7212502
vn 0.5950049 -0.4716474 -0.6507826
vn 0.6290373 -0.2900174 0.7212502
vn 0.5688724 -0.3862547 0.7260796
vn 0.6551699 -0.3754095 -0.6556067
vn 0.6995248 -0.2709709 -0.6612411
vn 0.6733783 -0.1855878 0.7156247
vn 0.6551699 -0.3754095 -0.6556067
vn 0.6733783 -0.1855878 0.7156247
vn 0.6290373 -0.2900174 0.7212502
vn 0.6995248 -0.2709709 -0.6612411
vn 0.7269645 -0.1609278 -0.6675513
vn 0.7008346 -0.0755434 0.7093123
vn 0.6995248 -0.2709709 -0.6612411
vn 0.7008346 -0.0755434 0.7093123
vn 0.6733783 -0.1855878 0.7156247
vn 0.7269645 -0.1609278 -0.6675513
vn 0.7368402 -0.0479672 -0.6743632
vn 0.7107019 0.0374115 0.7024978
vn 0.7269645 -0.1609278 -0.6675513
vn 0.7107019 0.0374115 0.7024978
vn 0.7008346 -0.0755434 0.7093123
vn 0.7368402 -0.0479672 -0.6743632
vn 0.7288903 0.0651274 -0.6815258
vn 0.7027490 0.1505167 0.6953335
vn 0.7368402 -0.0479672 -0.6743632
vn 0.7027490 0.1505167 0.6953335
vn 0.7107019 0.0374115 0.7024978
vn 0.0189406 -0.0618840 -0.9979036
vn 0.7033333 0.1755588 -0.6888406
vn 0.7288903 0.0651274 -0.6815258
vn -0.0189405 0.0618839 0.9979036
vn 0.7027490 0.1505167 0.6953335
vn 0.6771550 0.2609393 0.6880203
vn 0.0189406 -0.0618840 -0.9979036
vn 0.6607362 0.2806220 -0.6961889
vn 0.7033333 0.1755588 -0.6888406
vn -0.0189405 0.0618839 0.9979036
vn 0.6771550 0.2609393 0.6880203
vn 0.6346037 0.3660045 0.6806752
vn 0.0189406 -0.0618840 -0.9979036
vn 0.6021520 0.3776882 -0.7033951
vn 0.6607362 0.2806220 -0.6961889
vn -0.0189405 0.0618839 0.9979036
vn 0.6346037 0.3660045 0.6806752
vn 0.5761306 0.4631611 0.6734652
vn 0.0189406 -0.0618840 -0.9979036
vn 0.5291628 0.4644592 -0.7101157
vn 0.6021520 0.3776882 -0.7033951
vn -0.0189405 0.0618839 0.9979036
vn 0.5761306 0.4631611 0.6734652
vn 0.5030689 0.5498886 0.6667415
vn 0.0189406 -0.0618840 -0.9979036
vn 0.4434808 0.5387798 -0.7162688
vn 0.5291628 0.4644592 -0.7101157
vn -0.0189405 0.0618839 0.9979036
vn 0.5030689 0.5498886 0.6667415
vn 0.4172887 0.6240856 0.6605962
vn 0.0189406 -0.0618840 -0.9979036
vn 0.3471159 0.5986834 -0.7218648
vn 0.4434808 0.5387798 -0.7162688
vn -0.0189405 0.0618839 0.9979036
vn 0.4172887 0.6240856 0.6605962
vn 0.3209817 0.6840659 0.6549996
vn 0.0189406 -0.0618840 -0.9979036
vn 0.2425310 0.6428002 -0.7266268
vn 0.3471159 0.5986834 -0.7218648
vn -0.0189405 0.0618839 0.9979036
vn 0.3209817 0.6840659 0.6549996
vn 0.2164285 0.7282592 0.6502287
vn 0.0189406 -0.0618840 -0.9979036
vn 0.1323366 0.6700504 -0.7304241
vn 0.2425310 0.6428002 -0.7266268
vn -0.0189405 0.0618839 0.9979036
vn 0.2164285 0.7282592 0.6502287
vn 0.1062215 0.7555373 0.6464368
vn 0.0189406 -0.0618840 -0.9979036
vn 0.0192082 0.6797575 -0.7331854
vn 0.1323366 0.6700504 -0.7304241
vn -0.0189405 0.0618839 0.9979036
vn 0.1062215 0.7555373 0.6464368
vn -0.0069237 0.7652726 0.6436691
vn 0.0189406 -0.0618840 -0.9979036
vn -0.0940991 0.6717519 -0.7347754
vn 0.0192082 0.6797575 -0.7331854
vn -0.0189405 0.0618839 0.9979036
vn -0.0069237 0.7652726 0.6436691
vn -0.1202360 0.7571494 0.6420810
vn 0.0189406 -0.0618840 -0.9979036
vn -0.2047533 0.6460609 -0.7353104
vn -0.0940991 0.6717519 -0.7347754
vn -0.0189405 0.0618839 0.9979036
vn -0.1202360 0.7571494 0.6420810
vn -0.2309095 0.7315045 0.6415465
vn 0.0189406 -0.0618840 -0.9979036
vn -0.3100531 0.6034731 -0.7346341
vn -0.2047533 0.6460609 -0.7353104
vn -0.0189405 0.0618839 0.9979036
vn -0.2309095 0.7315045 0.6415465
vn -0.3361856 0.6888484 0.6422361
vn 0.0189406 -0.0618840 -0.9979036
vn -0.4074056 0.5449660 -0.7328253
vn -0.3100531 0.6034731 -0.7346341
vn -0.0189405 0.0618839 0.9979036
vn -0.3361856 0.6888484 0.6422361
vn -0.4335080 0.6303093 0.6440349
vn 0.0189406 -0.0618840 -0.9979036
vn -0.4943700 0.4719387 -0.7299809
vn -0.4074056 0.5449660 -0.7328253
vn -0.0189405 0.0618839 0.9979036
vn -0.4335080 0.6303093 0.6440349
vn -0.5205106 0.5573287 0.6468798
vn 0.0189406 -0.0618840 -0.9979036
vn -0.5688930 0.3862716 -0.7260544
vn -0.4943700 0.4719387 -0.7299809
vn -0.0189405 0.0618839 0.9979036
vn -0.5205106 0.5573287 0.6468798
vn -0.5949904 0.4716241 0.6508126
vn 0.0189406 -0.0618840 -0.9979036
vn -0.6290532 0.2900127 -0.7212385
vn -0.5688930 0.3862716 -0.7260544
vn -0.0189405 0.0618839 0.9979036
vn -0.5949904 0.4716241 0.6508126
vn -0.6551614 0.3753898 0.6556264
vn 0.0189406 -0.0618840 -0.9979036
vn -0.6733818 0.1855860 -0.7156219
vn -0.6290532 0.2900127 -0.7212385
vn -0.0189405 0.0618839 0.9979036
vn -0.6551614 0.3753898 0.6556264
vn -0.6995234 0.2709843 0.6612369
vn 0.0189406 -0.0618840 -0.9979036
vn -0.7008234 0.0755401 -0.7093237
vn -0.6733818 0.1855860 -0.7156219
vn -0.0189405 0.0618839 0.9979036
vn -0.6995234 0.2709843 0.6612369
vn -0.7269750 0.1609400 0.6675370
vn 0.0189406 -0.0618840 -0.9979036
vn -0.7107086 -0.0374167 -0.7024906
vn -0.7008234 0.0755401 -0.7093237
vn -0.0189405 0.0618839 0.9979036
vn -0.7269750 0.1609400 0.6675370
vn -0.7368340 0.0479612 0.6743703
vn 0.0189406 -0.0618840 -0.9979036
vn -0.7027496 -0.1505031 -0.6953359
vn -0.7107086 -0.0374167 -0.7024906
vn -0.0189405 0.0618839 0.9979036
vn -0.7368340 0.0479612 0.6743703
vn -0.7288876 -0.0651243 0.6815290
vn 0.0189406 -0.0618840 -0.9979036
vn -0.6771805 -0.2609515 -0.6879905
vn -0.7027496 -0.1505031 -0.6953359
vn -0.0189405 0.0618839 0.9979036
vn -0.7288876 -0.0651243 0.6815290
vn -0.7033051 -0.1755552 0.6888703
vn 0.0189406 -0.0618840 -0.9979036
vn -0.6346164 -0.3660207 -0.6806548
vn -0.6771805 -0.2609515 -0.6879905
vn -0.0189405 0.0618839 0.9979036
vn -0.7033051 -0.1755552 0.6888703
vn -0.6607175 -0.2806287 0.6962039
vn 0.0189406 -0.0618840 -0.9979036
vn -0.5760999 -0.4631278 -0.6735142
vn -0.6346164 -0.3660207 -0.6806548
vn -0.0189405 0.0618839 0.9979036
vn -0.6607175 -0.2806287 0.6962039
vn -0.6021878 -0.3777148 0.7033501
vn 0.0189406 -0.0618840 -0.9979036
vn -0.5030239 -0.5498209 -0.6668313
vn -0.5760999 -0.4631278 -0.6735142
vn -0.0189405 0.0618839 0.9979036
vn -0.6021878 -0.3777148 0.7033501
vn -0.5292264 -0.4645102 0.7100350
vn 0.0189406 -0.0618840 -0.9979036
vn -0.4172989 -0.6240817 -0.6605933
vn -0.5030239 -0.5498209 -0.6668313
vn -0.0189405 0.0618839 0.9979036
vn -0.5292264 -0.4645102 0.7100350
vn -0.4434852 -0.5387757 0.7162693
vn 0.0189406 -0.0618840 -0.9979036
vn -0.3210017 -0.6841137 -0.6549400
vn -0.4172989 -0.6240817 -0.6605933
vn -0.0189405 0.0618839 0.9979036
vn -0.4434852 -0.5387757 0.7162693
vn -0.3470848 -0.5986361 0.7219189
vn 0.0189406 -0.0618840 -0.9979036
vn -0.2164234 -0.7282342 -0.6502583
vn -0.3210017 -0.6841137 -0.6549400
vn -0.0189405 0.0618839 0.9979036
vn -0.3470848 -0.5986361 0.7219189
vn -0.2425431 -0.6428270 0.7265992
vn 0.0189406 -0.0618840 -0.9979036
vn -0.1062111 -0.7554610 -0.6465276
vn -0.2164234 -0.7282342 -0.6502583
vn -0.0189405 0.0618839 0.9979036
vn -0.2425431 -0.6428270 0.7265992
vn -0.1323528 -0.6701359 0.7303428
vn 0.0189406 -0.0618840 -0.9979036
vn 0.0069258 -0.7652213 -0.6437300
vn -0.1062111 -0.7554610 -0.6465276
vn -0.0189405 0.0618839 0.9979036
vn -0.1323528 -0.6701359 0.7303428
vn -0.0192106 -0.6798160 0.7331311
vn 0.0189406 -0.0618840 -0.9979036
vn 0.1202340 -0.7571496 -0.6420811
vn 0.0069258 -0.7652213 -0.6437300
vn -0.0189405 0.0618839 0.9979036
vn -0.0192106 -0.6798160 0.7331311
vn 0.0940950 -0.6717535 0.7347744
vn 0.0189406 -0.0618840 -0.9979036
vn 0.2309057 -0.7314790 -0.6415769
vn 0.1202340 -0.7571496 -0.6420811
vn -0.0189405 0.0618839 0.9979036
vn 0.0940950 -0.6717535 0.7347744
vn 0.2047685 -0.6460862 0.7352840
vn 0.0189406 -0.0618840 -0.9979036
vn 0.3361701 -0.6888261 -0.6422681
vn 0.2309057 -0.7314790 -0.6415769
vn -0.0189405 0.0618839 0.9979036
vn 0.2047685 -0.6460862 0.7352840
vn 0.3100648 -0.6035001 0.7346070
vn 0.0189406 -0.0618840 -0.9979036
vn 0.4334913 -0.6302885 -0.6440665
vn 0.3361701 -0.6888261 -0.6422681
vn -0.0189405 0.0618839 0.9979036
vn 0.3100648 -0.6035001 0.7346070
vn 0.4074235 -0.5449970 0.7327921
vn 0.0189406 -0.0618840 -0.9979036
vn 0.5205156 -0.5573190 -0.6468840
vn 0.4334913 -0.6302885 -0.6440665
vn -0.0189405 0.0618839 0.9979036
vn 0.4074235 -0.5449970 0.7327921
vn 0.4943794 -0.4719259 0.7299829
vn 0.0189406 -0.0618840 -0.9979036
vn 0.5950049 -0.4716474 -0.6507826
vn 0.5205156 -0.5573190 -0.6468840
vn -0.0189405 0.0618839 0.9979036
vn 0.4943794 -0.4719259 0.7299829
vn 0.5688724 -0.3862547 0.7260796
vn 0.0189406 -0.0618840 -0.9979036
vn 0.6551699 -0.3754095 -0.6556067
vn 0.5950049 -0.4716474 -0.6507826
vn -0.0189405 0.0618839 0.9979036
vn 0.5688724 -0.3862547 0.7260796
vn 0.6290373 -0.2900174 0.7212502
vn 0.0189406 -0.0618840 -0.9979036
vn 0.6995248 -0.2709709 -0.6612411
vn 0.6551699 -0.3754095 -0.6556067
vn -0.0189405 0.0618839 0.9979036
vn 0.6290373 -0.2900174 0.7212502
vn 0.6733783 -0.1855878 0.7156247
vn 0.0189406 -0.0618840 -0.9979036
vn 0.7269645 -0.1609278 -0.6675513
vn 0.6995248 -0.2709709 -0.6612411
vn -0.0189405 0.0618839 0.9979036
vn 0.6733783 -0.1855878 0.7156247
vn 0.7008346 -0.0755434 0.7093123
vn 0.0189406 -0.0618840 -0.9979036
vn 0.7368402 -0.0479672 -0.6743632
vn 0.7269645 -0.1609278 -0.6675513
vn -0.0189405 0.0618839 0.9979036
vn 0.7008346 -0.0755434 0.7093123
vn 0.7107019 0.0374115 0.7024978
vn 0.0189406 -0.0618840 -0.9979036
vn 0.7288903 0.0651274 -0.6815258
vn 0.7368402 -0.0479672 -0.6743632
vn -0.0189405 0.0618839 0.9979036
vn 0.7107019 0.0374115 0.7024978
vn 0.7027490 0.1505167 0.6953335
vn 0.7178006 0.1343361 -0.6831664
vn 0.6910396 0.2446998 -0.6801369
vn 0.6849378 0.2054327 0.6990405
vn 0.7178006 0.1343361 -0.6831664
vn 0.6849378 0.2054327 0.6990405
vn 0.7117009 0.0950718 0.6960195
vn 0.6910396 0.2446998 -0.6801369
vn 0.6473109 0.3495056 -0.6773732
vn 0.6412492 0.3102539 0.7018134
vn 0.6910396 0.2446998 -0.6801369
vn 0.6412492 0.3102539 0.7018134
vn 0.6849378 0.2054327 0.6990405
vn 0.6473109 0.3495056 -0.6773732
vn 0.5877291 0.4461951 -0.6748958
vn 0.5816931 0.4069638 0.7042825
vn 0.6473109 0.3495056 -0.6773732
vn 0.5816931 0.4069638 0.7042825
vn 0.6412492 0.3102539 0.7018134
vn 0.5877291 0.4461951 -0.6748958
vn 0.5137628 0.5323745 -0.6727743
vn 0.5077200 0.4931486 0.7064170
vn 0.5877291 0.4461951 -0.6748958
vn 0.5077200 0.4931486 0.7064170
vn 0.5816931 0.4069638 0.7042825
vn 0.5137628 0.5323745 -0.6727743
vn 0.4272686 0.6059737 -0.6709973
vn 0.4211496 0.5666658 0.7081828
vn 0.5137628 0.5323745 -0.6727743
vn 0.4211496 0.5666658 0.7081828
vn 0.5077200 0.4931486 0.7064170
vn 0.4272686 0.6059737 -0.6709973
vn 0.3302516 0.6650988 -0.6697593
vn 0.3241612 0.6258214 0.7094133
vn 0.4272686 0.6059737 -0.6709973
vn 0.3241612 0.6258214 0.7094133
vn 0.4211496 0.5666658 0.7081828
vn 0.3302516 0.6650988 -0.6697593
vn 0.2251773 0.7082788 -0.6690563
vn 0.2191275 0.6690981 0.7101344
vn 0.3302516 0.6650988 -0.6697593
vn 0.2191275 0.6690981 0.7101344
vn 0.3241612 0.6258214 0.7094133
vn 0.2251773 0.7082788 -0.6690563
vn 0.1146914 0.7345783 -0.6687606
vn 0.1086166 0.6953377 0.7104280
vn 0.2251773 0.7082788 -0.6690563
vn 0.1086166 0.6953377 0.7104280
vn 0.2191275 0.6690981 0.7101344
vn 0.1146914 0.7345783 -0.6687606
vn 0.0014333 0.7433001 -0.6689565
vn -0.0046471 0.7039648 0.7102196
vn 0.1146914 0.7345783 -0.6687606
vn -0.0046471 0.7039648 0.7102196
vn 0.1086166 0.6953377 0.7104280
vn 0.0014333 0.7433001 -0.6689565
vn -0.1118187 0.7341962 -0.6696659
vn -0.1178746 0.6947683 0.7095088
vn 0.0014333 0.7433001 -0.6689565
vn -0.1178746 0.6947683 0.7095088
vn -0.0046471 0.7039648 0.7102196
vn -0.1118187 0.7341962 -0.6696659
vn -0.2222164 0.7074094 -0.6709632
vn -0.2282657 0.6680679 0.7082232
vn -0.1118187 0.7341962 -0.6696659
vn -0.2282657 0.6680679 0.7082232
vn -0.1178746 0.6947683 0.7095088
vn -0.2222164 0.7074094 -0.6709632
vn -0.3270423 0.6636892 -0.6727258
vn -0.3331322 0.6244531 0.7064569
vn -0.2222164 0.7074094 -0.6709632
vn -0.3331322 0.6244531 0.7064569
vn -0.2282657 0.6680679 0.7082232
vn -0.3270423 0.6636892 -0.6727258
vn -0.4238047 0.6042056 -0.6747779
vn -0.4298247 0.5648649 0.7043995
vn -0.3270423 0.6636892 -0.6727258
vn -0.4298247 0.5648649 0.7043995
vn -0.3331322 0.6244531 0.7064569
vn -0.4238047 0.6042056 -0.6747779
vn -0.5100073 0.5302557 -0.6772898
vn -0.5160563 0.4909506 0.7018929
vn -0.4238047 0.6042056 -0.6747779
vn -0.5160563 0.4909506 0.7018929
vn -0.4298247 0.5648649 0.7043995
vn -0.5100073 0.5302557 -0.6772898
vn -0.5835406 0.4437174 -0.6801436
vn -0.5896797 0.4044956 0.6990430
vn -0.5100073 0.5302557 -0.6772898
vn -0.5896797 0.4044956 0.6990430
vn -0.5160563 0.4909506 0.7018929
vn -0.5835406 0.4437174 -0.6801436
vn -0.6427195 0.3468039 -0.6831095
vn -0.6487762 0.3075328 0.6960698
vn -0.5835406 0.4437174 -0.6801436
vn -0.6487762 0.3075328 0.6960698
vn -0.5896797 0.4044956 0.6990430
vn -0.6427195 0.3468039 -0.6831095
vn -0.6859531 0.2417969 -0.6862964
vn -0.6920175 0.2025337 0.6928867
vn -0.6427195 0.3468039 -0.6831095
vn -0.6920175 0.2025337 0.6928867
vn -0.6487762 0.3075328 0.6960698
vn -0.6859531 0.2417969 -0.6862964
vn -0.7122081 0.1313224 -0.6895753
vn -0.7183079 0.0920650 0.6896070
vn -0.6859531 0.2417969 -0.6862964
vn -0.7183079 0.0920650 0.6896070
vn -0.6920175 0.2025337 0.6928867
vn -0.7122081 0.1313224 -0.6895753
vn -0.7208791 0.0181024 -0.6928244
vn -0.7269558 -0.0211582 0.6863581
vn -0.7122081 0.1313224 -0.6895753
vn -0.7269558 -0.0211582 0.6863581
vn -0.7183079 0.0920650 0.6896070
vn -0.7208791 0.0181024 -0.6928244
vn -0.7117245 -0.0950773 -0.6959946
vn -0.7177777 -0.1343324 0.6831911
vn -0.7208791 0.0181024 -0.6928244
vn -0.7177777 -0.1343324 0.6831911
vn -0.7269558 -0.0211582 0.6863581
vn -0.7117245 -0.0950773 -0.6959946
vn -0.6849519 -0.2054367 -0.6990255
vn -0.6910259 -0.2446931 0.6801532
vn -0.7117245 -0.0950773 -0.6959946
vn -0.6910259 -0.2446931 0.6801532
vn -0.7177777 -0.1343324 0.6831911
vn -0.6849519 -0.2054367 -0.6990255
vn -0.6412366 -0.3102484 -0.7018272
vn -0.6473226 -0.3495131 0.6773581
vn -0.6849519 -0.2054367 -0.6990255
vn -0.6473226 -0.3495131 0.6773581
vn -0.6910259 -0.2446931 0.6801532
vn -0.6412366 -0.3102484 -0.7018272
vn -0.5816469 -0.4069291 -0.7043405
vn -0.5877742 -0.4462277 0.6748350
vn -0.6412366 -0.3102484 -0.7018272
vn -0.5877742 -0.4462277 0.6748350
vn -0.6473226 -0.3495131 0.6773581
vn -0.5816469 -0.4069291 -0.7043405
vn -0.5076795 -0.4931071 -0.7064749
vn -0.5138015 -0.5324116 0.6727154
vn -0.5816469 -0.4069291 -0.7043405
vn -0.5138015 -0.5324116 0.6727154
vn -0.5877742 -0.4462277 0.6748350
vn -0.5076795 -0.4931071 -0.7064749
vn -0.4211855 -0.5667120 -0.7081245
vn -0.4272358 -0.6059299 0.6710578
vn -0.5076795 -0.4931071 -0.7064749
vn -0.4272358 -0.6059299 0.6710578
vn -0.5138015 -0.5324116 0.6727154
vn -0.4211855 -0.5667120 -0.7081245
vn -0.3241749 -0.6258454 -0.7093858
vn -0.3302398 -0.6650752 0.6697885
vn -0.4211855 -0.5667120 -0.7081245
vn -0.3302398 -0.6650752 0.6697885
vn -0.4272358 -0.6059299 0.6710578
vn -0.3241749 -0.6258454 -0.7093858
vn -0.2191082 -0.6690437 -0.7101916
vn -0.2251953 -0.7083294 0.6689968
vn -0.3241749 -0.6258454 -0.7093858
vn -0.2251953 -0.7083294 0.6689968
vn -0.3302398 -0.6650752 0.6697885
vn -0.2191082 -0.6690437 -0.7101916
vn -0.1086094 -0.6952807 -0.7104849
vn -0.1147023 -0.7346315 0.6687003
vn -0.2191082 -0.6690437 -0.7101916
vn -0.1147023 -0.7346315 0.6687003
vn -0.2251953 -0.7083294 0.6689968
vn -0.1086094 -0.6952807 -0.7104849
vn 0.0046471 -0.7039375 -0.7102466
vn -0.0014311 -0.7433261 0.6689277
vn -0.1086094 -0.6952807 -0.7104849
vn -0.0014311 -0.7433261 0.6689277
vn -0.1147023 -0.7346315 0.6687003
vn 0.0046471 -0.7039375 -0.7102466
vn 0.1178930 -0.6948792 -0.7093970
vn 0.1118062 -0.7340913 0.6697832
vn 0.0046471 -0.7039375 -0.7102466
vn 0.1118062 -0.7340913 0.6697832
vn -0.0014311 -0.7433261 0.6689277
vn 0.1178930 -0.6948792 -0.7093970
vn 0.2283019 -0.6681762 -0.7081095
vn 0.2221802 -0.7073075 0.6710828
vn 0.1178930 -0.6948792 -0.7093970
vn 0.2221802 -0.7073075 0.6710828
vn 0.1118062 -0.7340913 0.6697832
vn 0.2283019 -0.6681762 -0.7081095
vn 0.3331300 -0.6244531 -0.7064579
vn 0.3270385 -0.6636913 0.6727256
vn 0.2283019 -0.6681762 -0.7081095
vn 0.3270385 -0.6636913 0.6727256
vn 0.2221802 -0.7073075 0.6710828
vn 0.3331300 -0.6244531 -0.7064579
vn 0.4298583 -0.5649109 -0.7043419
vn 0.4237741 -0.6041614 0.6748366
vn 0.3331300 -0.6244531 -0.7064579
vn 0.4237741 -0.6041614 0.6748366
vn 0.3270385 -0.6636913 0.6727256
vn 0.4298583 -0.5649109 -0.7043419
vn 0.5160783 -0.4909693 -0.7018633
vn 0.5099927 -0.5302320 0.6773192
vn 0.4298583 -0.5649109 -0.7043419
vn 0.5099927 -0.5302320 0.6773192
vn 0.4237741 -0.6041614 0.6748366
vn 0.5160783 -0.4909693 -0.7018633
vn 0.5896788 -0.4044939 -0.6990449
vn 0.5835432 -0.4437141 0.6801435
vn 0.5160783 -0.4909693 -0.7018633
vn 0.5835432 -0.4437141 0.6801435
vn 0.5099927 -0.5302320 0.6773192
vn 0.5896788 -0.4044939 -0.6990449
vn 0.6488268 -0.3075553 -0.6960126
vn 0.6426711 -0.3467799 0.6831674
vn 0.5896788 -0.4044939 -0.6990449
vn 0.6426711 -0.3467799 0.6831674
vn 0.5835432 -0.4437141 0.6801435
vn 0.6488268 -0.3075553 -0.6960126
vn 0.6920260 -0.2025356 -0.6928775
vn 0.6859456 -0.2417955 0.6863043
vn 0.6488268 -0.3075553 -0.6960126
vn 0.6859456 -0.2417955 0.6863043
vn 0.6426711 -0.3467799 0.6831674
vn 0.6920260 -0.2025356 -0.6928775
vn 0.7182869 -0.0920634 -0.6896290
vn 0.7122288 -0.1313263 0.6895531
vn 0.6920260 -0.2025356 -0.6928775
vn 0.7122288 -0.1313263 0.6895531
vn 0.6859456 -0.2417955 0.6863043
vn 0.7182869 -0.0920634 -0.6896290
vn 0.7269521 0.0211564 -0.6863620
vn 0.7208826 -0.0181038 0.6928207
vn 0.7182869 -0.0920634 -0.6896290
vn 0.7208826 -0.0181038 0.6928207
vn 0.7122288 -0.1313263 0.6895531
vn 0.7269521 0.0211564 -0.6863620
vn 0.7178006 0.1343361 -0.6831664
vn 0.7117009 0.0950718 0.6960195
vn 0.7269521 0.0211564 -0.6863620
vn 0.7117009 0.0950718 0.6960195
vn 0.7208826 -0.0181038 0.6928207
vn 0.0044060 0.0284548 -0.9995854
vn 0.6910396 0.2446998 -0.6801369
vn 0.7178006 0.1343361 -0.6831664
vn -0.0044060 -0.0284549 0.9995854
vn 0.7117009 0.0950718 0.6960195
vn 0.6849378 0.2054327 0.6990405
vn 0.0044060 0.0284548 -0.9995854
vn 0.6473109 0.3495056 -0.6773732
vn 0.6910396 0.2446998 -0.6801369
vn -0.0044060 -0.0284549 0.9995854
vn 0.6849378 0.2054327 0.6990405
vn 0.6412492 0.3102539 0.7018134
vn 0.0044060 0.0284548 -0.9995854
vn 0.5877291 0.4461951 -0.6748958
vn 0.6473109 0.3495056 -0.6773732
vn -0.0044060 -0.0284549 0.9995854
vn 0.6412492 0.3102539 0.7018134
vn 0.5816931 0.4069638 0.7042825
vn 0.0044060 0.0284548 -0.9995854
vn 0.5137628 0.5323745 -0.6727743
vn 0.5877291 0.4461951 -0.6748958
vn -0.0044060 -0.0284549 0.9995854
vn 0.5816931 0.4069638 0.7042825
vn 0.5077200 0.4931486 0.7064170
vn 0.0044060 0.0284548 -0.9995854
vn 0.4272686 0.6059737 -0.6709973
vn 0.5137628 0.5323745 -0.6727743
vn -0.0044060 -0.0284549 0.9995854
vn 0.5077200 0.4931486 0.7064170
vn 0.4211496 0.5666658 0.7081828
vn 0.0044060 0.0284548 -0.9995854
vn 0.3302516 0.6650988 -0.6697593
vn 0.4272686 0.6059737 -0.6709973
vn -0.0044060 -0.0284549 0.9995854
vn 0.4211496 0.5666658 0.7081828
vn 0.3241612 0.6258214 0.7094133
vn 0.0044060 0.0284548 -0.9995854
vn 0.2251773 0.7082788 -0.6690563
vn 0.3302516 0.6650988 -0.6697593
vn -0.0044060 -0.0284549 0.9995854
vn 0.3241612 0.6258214 0.7094133
vn 0.2191275 0.6690981 0.7101344
vn 0.0044060 0.0284548 -0.9995854
vn 0.1146914 0.7345783 -0.6687606
vn 0.2251773 0.7082788 -0.6690563
vn -0.0044060 -0.0284549 0.9995854
vn 0.2191275 0.6690981 0.7101344
vn 0.1086166 0.6953377 0.7104280
vn 0.0044060 0.0284548 -0.9995854
vn 0.0014333 0.7433001 -0.6689565
vn 0.1146914 0.7345783 -0.6687606
vn -0.0044060 -0.0284549 0.9995854
vn 0.1086166 0.6953377 0.7104280
vn -0.0046471 0.7039648 0.7102196
vn 0.0044060 0.0284548 -0.9995854
vn -0.1118187 0.7341962 -0.6696659
vn 0.0014333 0.7433001 -0.6689565
vn -0.0044060 -0.0284549 0.9995854
vn -0.0046471 0.7039648 0.7102196
vn -0.1178746 0.6947683 0.7095088
vn 0.0044060 0.0284548 -0.9995854
vn -0.2222164 0.7074094 -0.6709632
vn -0.1118187 0.7341962 -0.6696659
vn -0.0044060 -0.0284549 0.9995854
vn -0.1178746 0.6947683 0.7095088
vn -0.2282657 0.6680679 0.7082232
vn 0.0044060 0.0284548 -0.9995854
vn -0.3270423 0.6636892 -0.6727258
vn -0.2222164 0.7074094 -0.6709632
vn -0.0044060 -0.0284549 0.9995854
vn -0.2282657 0.6680679 0.7082232
vn -0.3331322 0.6244531 0.7064569
vn 0.0044060 0.0284548 -0.9995854
vn -0.4238047 0.6042056 -0.6747779
vn -0.3270423 0.6636892 -0.6727258
vn -0.0044060 -0.0284549 0.9995854
vn -0.3331322 0.6244531 0.7064569
vn -0.4298247 0.5648649 0.7043995
vn 0.0044060 0.0284548 -0.9995854
vn -0.5100073 0.5302557 -0.6772898
vn -0.4238047 0.6042056 -0.6747779
vn -0.0044060 -0.0284549 0.9995854
vn -0.4298247 0.5648649 0.7043995
vn -0.5160563 0.4909506 0.7018929
vn 0.0044060 0.0284548 -0.9995854
vn -0.5835406 0.4437174 -0.6801436
vn -0.5100073 0.5302557 -0.6772898
vn -0.0044060 -0.0284549 0.9995854
vn -0.5160563 0.4909506 0.7018929
vn -0.5896797 0.4044956 0.6990430
vn 0.0044060 0.0284548 -0.9995854
vn -0.6427195 0.3468039 -0.6831095
vn -0.5835406 0.4437174 -0.6801436
vn -0.0044060 -0.0284549 0.9995854
vn -0.5896797 0.4044956 0.6990430
vn -0.6487762 0.3075328 0.6960698
vn 0.0044060 0.0284548 -0.9995854
vn -0.6859531 0.2417969 -0.6862964
vn -0.6427195 0.3468039 -0.6831095
vn -0.0044060 -0.0284549 0.9995854
vn -0.6487762 0.3075328 0.6960698
vn -0.6920175 0.2025337 0.6928867
vn 0.0044060 0.0284548 -0.9995854
vn -0.7122081 0.1313224 -0.6895753
vn -0.6859531 0.2417969 -0.6862964
vn -0.0044060 -0.0284549 0.9995854
vn -0.6920175 0.2025337 0.6928867
vn -0.7183079 0.0920650 0.6896070
vn 0.0044060 0.0284548 -0.9995854
vn -0.7208791 0.0181024 -0.6928244
vn -0.7122081 0.1313224 -0.6895753
vn -0.0044060 -0.0284549 0.9995854
vn -0.7183079 0.0920650 0.6896070
vn -0.7269558 -0.0211582 0.6863581
vn 0.0044060 0.0284548 -0.9995854
vn -0.7117245 -0.0950773 -0.6959946
vn -0.7208791 0.0181024 -0.6928244
vn -0.0044060 -0.0284549 0.9995854
vn -0.7269558 -0.0211582 0.6863581
vn -0.7177777 -0.1343324 0.6831911
vn 0.0044060 0.0284548 -0.9995854
vn -0.6849519 -0.2054367 -0.6990255
vn -0.7117245 -0.0950773 -0.6959946
vn -0.0044060 -0.0284549 0.9995854
vn -0.7177777 -0.1343324 0.6831911
vn -0.6910259 -0.2446931 0.6801532
vn 0.0044060 0.0284548 -0.9995854
vn -0.6412366 -0.3102484 -0.7018272
vn -0.6849519 -0.2054367 -0.6990255
vn -0.0044060 -0.0284549 0.9995854
vn -0.6910259 -0.2446931 0.6801532
vn -0.6473226 -0.3495131 0.6773581
vn 0.0044060 0.0284548 -0.9995854
vn -0.5816469 -0.4069291 -0.7043405
vn -0.6412366 -0.3102484 -0.7018272
vn -0.0044060 -0.0284549 0.9995854
vn -0.6473226 -0.3495131 0.6773581
vn -0.5877742 -0.4462277 0.6748350
vn 0.0044060 0.0284548 -0.9995854
vn -0.5076795 -0.4931071 -0.7064749
vn -0.5816469 -0.4069291 -0.7043405
vn -0.0044060 -0.0284549 0.9995854
vn -0.5877742 -0.4462277 0.6748350
vn -0.5138015 -0.5324116 0.6727154
vn 0.0044060 0.0284548 -0.9995854
vn -0.4211855 -0.5667120 -0.7081245
vn -0.5076795 -0.4931071 -0.7064749
vn -0.0044060 -0.0284549 0.9995854
vn -0.5138015 -0.5324116 0.6727154
vn -0.4272358 -0.6059299 0.6710578
vn 0.0044060 0.0284548 -0.9995854
vn -0.3241749 -0.6258454 -0.7093858
vn -0.4211855 -0.5667120 -0.7081245
vn -0.0044060 -0.0284549 0.9995854
vn -0.4272358 -0.6059299 0.6710578
vn -0.3302398 -0.6650752 0.6697885
vn 0.0044060 0.0284548 -0.9995854
vn -0.2191082 -0.6690437 -0.7101916
vn -0.3241749 -0.6258454 -0.7093858
vn -0.0044060 -0.0284549 0.9995854
vn -0.3302398 -0.6650752 0.6697885
vn -0.2251953 -0.7083294 0.6689968
vn 0.0044060 0.0284548 -0.9995854
vn -0.1086094 -0.6952807 -0.7104849
vn -0.2191082 -0.6690437 -0.7101916
vn -0.0044060 -0.0284549 0.9995854
vn -0.2251953 -0.7083294 0.6689968
vn -0.1147023 -0.7346315 0.6687003
vn 0.0044060 0.0284548 -0.9995854
vn 0.0046471 -0.7039375 -0.7102466
vn -0.1086094 -0.6952807 -0.7104849
vn -0.0044060 -0.0284549 0.9995854
vn -0.1147023 -0.7346315 0.6687003
vn -0.0014311 -0.7433261 0.6689277
vn 0.0044060 0.0284548 -0.9995854
vn 0.1178930 -0.6948792 -0.7093970
vn 0.0046471 -0.7039375 -0.7102466
vn -0.0044060 -0.0284549 0.9995854
vn -0.0014311 -0.7433261 0.6689277
vn 0.1118062 -0.7340913 0.6697832
vn 0.0044060 0.0284548 -0.9995854
vn 0.2283019 -0.6681762 -0.7081095
vn 0.1178930 -0.6948792 -0.7093970
vn -0.0044060 -0.0284549 0.9995854
vn 0.1118062 -0.7340913 0.6697832
vn 0.2221802 -0.7073075 0.6710828
vn 0.0044060 0.0284548 -0.9995854
vn 0.3331300 -0.6244531 -0.7064579
vn 0.2283019 -0.6681762 -0.7081095
vn -0.0044060 -0.0284549 0.9995854
vn 0.2221802 -0.7073075 0.6710828
vn 0.3270385 -0.6636913 0.6727256
vn 0.0044060 0.0284548 -0.9995854
vn 0.4298583 -0.5649109 -0.7043419
vn 0.3331300 -0.6244531 -0.7064579
vn -0.0044060 -0.0284549 0.9995854
vn 0.3270385 -0.6636913 0.6727256
vn 0.4237741 -0.6041614 0.6748366
vn 0.0044060 0.0284548 -0.9995854
vn 0.5160783 -0.4909693 -0.7018633
vn 0.4298583 -0.5649109 -0.7043419
vn -0.0044060 -0.0284549 0.9995854
vn 0.4237741 -0.6041614 0.6748366
vn 0.5099927 -0.5302320 0.6773192
vn 0.0044060 0.0284548 -0.9995854
vn 0.5896788 -0.4044939 -0.6990449
vn 0.5160783 -0.4909693 -0.7018633
vn -0.0044060 -0.0284549 0.9995854
vn 0.5099927 -0.5302320 0.6773192
vn 0.5835432 -0.4437141 0.6801435
vn 0.0044060 0.0284548 -0.9995854
vn 0.6488268 -0.3075553 -0.6960126
vn 0.5896788 -0.4044939 -0.6990449
vn -0.0044060 -0.0284549 0.9995854
vn 0.5835432 -0.4437141 0.6801435
vn 0.6426711 -0.3467799 0.6831674
vn 0.0044060 0.0284548 -0.9995854
vn 0.6920260 -0.2025356 -0.6928775
vn 0.6488268 -0.3075553 -0.6960126
vn -0.0044060 -0.0284549 0.9995854
vn 0.6426711 -0.3467799 0.6831674
vn 0.6859456 -0.2417955 0.6863043
vn 0.0044060 0.0284548 -0.9995854
vn 0.7182869 -0.0920634 -0.6896290
vn 0.6920260 -0.2025356 -0.6928775
vn -0.0044060 -0.0284549 0.9995854
vn 0.6859456 -0.2417955 0.6863043
vn 0.7122288 -0.1313263 0.6895531
vn 0.0044060 0.0284548 -0.9995854
vn 0.7269521 0.0211564 -0.6863620
vn 0.7182869 -0.0920634 -0.6896290
vn -0.0044060 -0.0284549 0.9995854
vn 0.7122288 -0.1313263 0.6895531
vn 0.7208826 -0.0181038 0.6928207
vn 0.0044060 0.0284548 -0.9995854
vn 0.7178006 0.1343361 -0.6831664
vn 0.7269521 0.0211564 -0.6863620
vn -0.0044060 -0.0284549 0.9995854
vn 0.7208826 -0.0181038 0.6928207
vn 0.7117009 0.0950718 0.6960195
vn 0.6637912 -0.1757593 -0.7269730
vn 0.6808204 -0.0634647 -0.7296958
vn 0.7608222 -0.0423506 0.6475769
vn 0.6637912 -0.1757593 -0.7269730
vn 0.7608222 -0.0423506 0.6475769
vn 0.7437750 -0.1546236 0.6503000
vn 0.6808204 -0.0634647 -0.7296958
vn 0.6801111 0.0501154 -0.7313941
vn 0.7601113 0.0712301 0.6458769
vn 0.6808204 -0.0634647 -0.7296958
vn 0.7601113 0.0712301 0.6458769
vn 0.7608222 -0.0423506 0.6475769
vn 0.6801111 0.0501154 -0.7313941
vn 0.6616467 0.1621947 -0.7320632
vn 0.7416930 0.1833182 0.6452022
vn 0.6801111 0.0501154 -0.7313941
vn 0.7416930 0.1833182 0.6452022
vn 0.7601113 0.0712301 0.6458769
vn 0.6616467 0.1621947 -0.7320632
vn 0.6259470 0.2700330 -0.7316233
vn 0.7059533 0.2911460 0.6456500
vn 0.6616467 0.1621947 -0.7320632
vn 0.7059533 0.2911460 0.6456500
vn 0.7416930 0.1833182 0.6452022
vn 0.6259470 0.2700330 -0.7316233
vn 0.5738531 0.3709781 -0.7301149
vn 0.6538048 0.3920696 0.6471635
vn 0.6259470 0.2700330 -0.7316233
vn 0.6538048 0.3920696 0.6471635
vn 0.7059533 0.2911460 0.6456500
vn 0.5738531 0.3709781 -0.7301149
vn 0.5066130 0.4625202 -0.7276114
vn 0.5865837 0.4836009 0.6496536
vn 0.5738531 0.3709781 -0.7301149
vn 0.5865837 0.4836009 0.6496536
vn 0.6538048 0.3920696 0.6471635
vn 0.5066130 0.4625202 -0.7276114
vn 0.4259071 0.5423740 -0.7241779
vn 0.5059121 0.5634796 0.6531032
vn 0.5066130 0.4625202 -0.7276114
vn 0.5059121 0.5634796 0.6531032
vn 0.5865837 0.4836009 0.6496536
vn 0.4259071 0.5423740 -0.7241779
vn 0.3337561 0.6086593 -0.7198199
vn 0.4137505 0.6297379 0.6574501
vn 0.4259071 0.5423740 -0.7241779
vn 0.4137505 0.6297379 0.6574501
vn 0.5059121 0.5634796 0.6531032
vn 0.3337561 0.6086593 -0.7198199
vn 0.2323816 0.6597073 -0.7146922
vn 0.3123674 0.6807491 0.6625763
vn 0.3337561 0.6086593 -0.7198199
vn 0.3123674 0.6807491 0.6625763
vn 0.4137505 0.6297379 0.6574501
vn 0.2323816 0.6597073 -0.7146922
vn 0.1242879 0.6941883 -0.7089818
vn 0.2042952 0.7152983 0.6682901
vn 0.2323816 0.6597073 -0.7146922
vn 0.2042952 0.7152983 0.6682901
vn 0.3123674 0.6807491 0.6625763
vn 0.1242879 0.6941883 -0.7089818
vn 0.0121876 0.7113248 -0.7027578
vn 0.0922012 0.7324756 0.6745209
vn 0.1242879 0.6941883 -0.7089818
vn 0.0922012 0.7324756 0.6745209
vn 0.2042952 0.7152983 0.6682901
vn 0.0121876 0.7113248 -0.7027578
vn -0.1012159 0.7107291 -0.6961461
vn -0.0212054 0.7318661 0.6811185
vn 0.0121876 0.7113248 -0.7027578
vn -0.0212054 0.7318661 0.6811185
vn 0.0922012 0.7324756 0.6745209
vn -0.1012159 0.7107291 -0.6961461
vn -0.2131309 0.6923940 -0.6893228
vn -0.1331101 0.7134507 0.6879460
vn -0.1012159 0.7107291 -0.6961461
vn -0.1331101 0.7134507 0.6879460
vn -0.0212054 0.7318661 0.6811185
vn -0.2131309 0.6923940 -0.6893228
vn -0.3207520 0.6566838 -0.6825574
vn -0.2407390 0.6777982 0.6947190
vn -0.2131309 0.6923940 -0.6893228
vn -0.2407390 0.6777982 0.6947190
vn -0.1331101 0.7134507 0.6879460
vn -0.3207520 0.6566838 -0.6825574
vn -0.4214731 0.6045602 -0.6759196
vn -0.3414742 0.6257045 0.7013481
vn -0.3207520 0.6566838 -0.6825574
vn -0.3414742 0.6257045 0.7013481
vn -0.2407390 0.6777982 0.6947190
vn -0.4214731 0.6045602 -0.6759196
vn -0.5128392 0.5373593 -0.6695079
vn -0.4327523 0.5583886 0.7077624
vn -0.4214731 0.6045602 -0.6759196
vn -0.4327523 0.5583886 0.7077624
vn -0.3414742 0.6257045 0.7013481
vn -0.5128392 0.5373593 -0.6695079
vn -0.5925254 0.4565930 -0.6636540
vn -0.5124416 0.4776596 0.7136140
vn -0.5128392 0.5373593 -0.6695079
vn -0.5124416 0.4776596 0.7136140
vn -0.4327523 0.5583886 0.7077624
vn -0.5925254 0.4565930 -0.6636540
vn -0.6585646 0.3643197 -0.6584557
vn -0.5785663 0.3854406 0.7188160
vn -0.5925254 0.4565930 -0.6636540
vn -0.5785663 0.3854406 0.7188160
vn -0.5124416 0.4776596 0.7136140
vn -0.6585646 0.3643197 -0.6584557
vn -0.7093984 0.2628326 -0.6539671
vn -0.6294329 0.2839789 0.7233050
vn -0.6585646 0.3643197 -0.6584557
vn -0.6294329 0.2839789 0.7233050
vn -0.5785663 0.3854406 0.7188160
vn -0.7093984 0.2628326 -0.6539671
vn -0.7437834 0.1546173 -0.6502920
vn -0.6637871 0.1757493 0.7269793
vn -0.7093984 0.2628326 -0.6539671
vn -0.6637871 0.1757493 0.7269793
vn -0.6294329 0.2839789 0.7233050
vn -0.7437834 0.1546173 -0.6502920
vn -0.7608293 0.0423468 -0.6475689
vn -0.6808133 0.0634601 0.7297028
vn -0.7437834 0.1546173 -0.6502920
vn -0.6808133 0.0634601 0.7297028
vn -0.6637871 0.1757493 0.7269793
vn -0.7608293 0.0423468 -0.6475689
vn -0.7601117 -0.0712220 -0.6458772
vn -0.6801103 -0.0501069 0.7313955
vn -0.7608293 0.0423468 -0.6475689
vn -0.6801103 -0.0501069 0.7313955
vn -0.6808133 0.0634601 0.7297028
vn -0.7601117 -0.0712220 -0.6458772
vn -0.7416785 -0.1833080 -0.6452218
vn -0.6616611 -0.1621921 0.7320509
vn -0.7601117 -0.0712220 -0.6458772
vn -0.6616611 -0.1621921 0.7320509
vn -0.6801103 -0.0501069 0.7313955
vn -0.7416785 -0.1833080 -0.6452218
vn -0.7059546 -0.2911550 -0.6456445
vn -0.6259461 -0.2700307 0.7316249
vn -0.7416785 -0.1833080 -0.6452218
vn -0.6259461 -0.2700307 0.7316249
vn -0.6616611 -0.1621921 0.7320509
vn -0.7059546 -0.2911550 -0.6456445
vn -0.6538190 -0.3920721 -0.6471478
vn -0.5738450 -0.3709769 0.7301219
vn -0.7059546 -0.2911550 -0.6456445
vn -0.5738450 -0.3709769 0.7301219
vn -0.6259461 -0.2700307 0.7316249
vn -0.6538190 -0.3920721 -0.6471478
vn -0.5866026 -0.4836113 -0.6496288
vn -0.5065901 -0.4624946 0.7276437
vn -0.6538190 -0.3920721 -0.6471478
vn -0.5065901 -0.4624946 0.7276437
vn -0.5738450 -0.3709769 0.7301219
vn -0.5866026 -0.4836113 -0.6496288
vn -0.5059247 -0.5635119 -0.6530655
vn -0.4258848 -0.5423551 0.7242051
vn -0.5866026 -0.4836113 -0.6496288
vn -0.4258848 -0.5423551 0.7242051
vn -0.5065901 -0.4624946 0.7276437
vn -0.5059247 -0.5635119 -0.6530655
vn -0.4137429 -0.6297380 -0.6574550
vn -0.3337493 -0.6086629 0.7198200
vn -0.5059247 -0.5635119 -0.6530655
vn -0.3337493 -0.6086629 0.7198200
vn -0.4258848 -0.5423551 0.7242051
vn -0.4137429 -0.6297380 -0.6574550
vn -0.3123804 -0.6807439 -0.6625754
vn -0.2323933 -0.6596966 0.7146983
vn -0.4137429 -0.6297380 -0.6574550
vn -0.2323933 -0.6596966 0.7146983
vn -0.3337493 -0.6086629 0.7198200
vn -0.3123804 -0.6807439 -0.6625754
vn -0.2043169 -0.7153163 -0.6682644
vn -0.1243003 -0.6941678 0.7089997
vn -0.3123804 -0.6807439 -0.6625754
vn -0.1243003 -0.6941678 0.7089997
vn -0.2323933 -0.6596966 0.7146983
vn -0.2043169 -0.7153163 -0.6682644
vn -0.0921881 -0.7324865 -0.6745107
vn -0.0121721 -0.7113204 0.7027625
vn -0.2043169 -0.7153163 -0.6682644
vn -0.0121721 -0.7113204 0.7027625
vn -0.1243003 -0.6941678 0.7089997
vn -0.0921881 -0.7324865 -0.6745107
vn 0.0212124 -0.7318606 -0.6811242
vn 0.1012231 -0.7107286 0.6961457
vn -0.0921881 -0.7324865 -0.6745107
vn 0.1012231 -0.7107286 0.6961457
vn -0.0121721 -0.7113204 0.7027625
vn 0.0212124 -0.7318606 -0.6811242
vn 0.1331083 -0.7135003 -0.6878949
vn 0.2131040 -0.6923450 0.6893803
vn 0.0212124 -0.7318606 -0.6811242
vn 0.2131040 -0.6923450 0.6893803
vn 0.1012231 -0.7107286 0.6961457
vn 0.1331083 -0.7135003 -0.6878949
vn 0.2407474 -0.6778358 -0.6946794
vn 0.3207372 -0.6566567 0.6825905
vn 0.1331083 -0.7135003 -0.6878949
vn 0.3207372 -0.6566567 0.6825905
vn 0.2131040 -0.6923450 0.6893803
vn 0.2407474 -0.6778358 -0.6946794
vn 0.3414716 -0.6257018 -0.7013519
vn 0.4214747 -0.6045683 0.6759114
vn 0.2407474 -0.6778358 -0.6946794
vn 0.4214747 -0.6045683 0.6759114
vn 0.3207372 -0.6566567 0.6825905
vn 0.3414716 -0.6257018 -0.7013519
vn 0.4327832 -0.5584372 -0.7077051
vn 0.5127900 -0.5373198 0.6695774
vn 0.3414716 -0.6257018 -0.7013519
vn 0.5127900 -0.5373198 0.6695774
vn 0.4214747 -0.6045683 0.6759114
vn 0.4327832 -0.5584372 -0.7077051
vn 0.5124748 -0.4776919 -0.7135684
vn 0.5924897 -0.4565839 0.6636921
vn 0.4327832 -0.5584372 -0.7077051
vn 0.5924897 -0.4565839 0.6636921
vn 0.5127900 -0.5373198 0.6695774
vn 0.5124748 -0.4776919 -0.7135684
vn 0.5785494 -0.3854360 -0.7188321
vn 0.6585729 -0.3643251 0.6584444
vn 0.5124748 -0.4776919 -0.7135684
vn 0.6585729 -0.3643251 0.6584444
vn 0.5924897 -0.4565839 0.6636921
vn 0.5785494 -0.3854360 -0.7188321
vn 0.6294314 -0.2839875 -0.7233030
vn 0.7093946 -0.2628404 0.6539680
vn 0.5785494 -0.3854360 -0.7188321
vn 0.7093946 -0.2628404 0.6539680
vn 0.6585729 -0.3643251 0.6584444
vn 0.6294314 -0.2839875 -0.7233030
vn 0.6637912 -0.1757593 -0.7269730
vn 0.7437750 -0.1546236 0.6503000
vn 0.6294314 -0.2839875 -0.7233030
vn 0.7437750 -0.1546236 0.6503000
vn 0.7093946 -0.2628404 0.6539680
vn -0.0579897 -0.0153059 -0.9981998
vn 0.6808204 -0.0634647 -0.7296958
vn 0.6637912 -0.1757593 -0.7269730
vn 0.0579900 0.0153060 0.9981998
vn 0.7437750 -0.1546236 0.6503000
vn 0.7608222 -0.0423506 0.6475769
vn -0.0579897 -0.0153059 -0.9981998
vn 0.6801111 0.0501154 -0.7313941
vn 0.6808204 -0.0634647 -0.7296958
vn 0.0579900 0.0153060 0.9981998
vn 0.7608222 -0.0423506 0.6475769
vn 0.7601113 0.0712301 0.6458769
vn -0.0579897 -0.0153059 -0.9981998
vn 0.6616467 0.1621947 -0.7320632
vn 0.6801111 0.0501154 -0.7313941
vn 0.0579900 0.0153060 0.9981998
vn 0.7601113 0.0712301 0.6458769
vn 0.7416930 0.1833182 0.6452022
vn -0.0579897 -0.0153059 -0.9981998
vn 0.6259470 0.2700330 -0.7316233
vn 0.6616467 0.1621947 -0.7320632
vn 0.0579900 0.0153060 0.9981998
vn 0.7416930 0.1833182 0.6452022
vn 0.7059533 0.2911460 0.6456500
vn -0.0579897 -0.0153059 -0.9981998
vn 0.5738531 0.3709781 -0.7301149
vn 0.6259470 0.2700330 -0.7316233
vn 0.0579900 0.0153060 0.9981998
vn 0.7059533 0.2911460 0.6456500
vn 0.6538048 0.3920696 0.6471635
vn -0.0579897 -0.0153059 -0.9981998
vn 0.5066130 0.4625202 -0.7276114
vn 0.5738531 0.3709781 -0.7301149
vn 0.0579900 0.0153060 0.9981998
vn 0.6538048 0.3920696 0.6471635
vn 0.5865837 0.4836009 0.6496536
vn -0.0579897 -0.0153059 -0.9981998
vn 0.4259071 0.5423740 -0.7241779
vn 0.5066130 0.4625202 -0.7276114
vn 0.0579900 0.0153060 0.9981998
vn 0.5865837 0.4836009 0.6496536
vn 0.5059121 0.5634796 0.6531032
vn -0.0579897 -0.0153059 -0.9981998
vn 0.3337561 0.6086593 -0.7198199
vn 0.4259071 0.5423740 -0.7241779
vn 0.0579900 0.0153060 0.9981998
vn 0.5059121 0.5634796 0.6531032
vn 0.4137505 0.6297379 0.6574501
vn -0.0579897 -0.0153059 -0.9981998
vn 0.2323816 0.6597073 -0.7146922
vn 0.3337561 0.6086593 -0.7198199
vn 0.0579900 0.0153060 0.9981998
vn 0.4137505 0.6297379 0.6574501
vn 0.3123674 0.6807491 0.6625763
vn -0.0579897 -0.0153059 -0.9981998
vn 0.1242879 0.6941883 -0.7089818
vn 0.2323816 0.6597073 -0.7146922
vn 0.0579900 0.0153060 0.9981998
vn 0.3123674 0.6807491 0.6625763
vn 0.2042952 0.7152983 0.6682901
vn -0.0579897 -0.0153059 -0.9981998
vn 0.0121876 0.7113248 -0.7027578
vn 0.1242879 0.6941883 -0.7089818
vn 0.0579900 0.0153060 0.9981998
vn 0.2042952 0.7152983 0.6682901
vn 0.0922012 0.7324756 0.6745209
vn -0.0579897 -0.0153059 -0.9981998
vn -0.1012159 0.7107291 -0.6961461
vn 0.0121876 0.7113248 -0.7027578
vn 0.0579900 0.0153060 0.9981998
vn 0.0922012 0.7324756 0.6745209
vn -0.0212054 0.7318661 0.6811185
vn -0.0579897 -0.0153059 -0.9981998
vn -0.2131309 0.6923940 -0.6893228
vn -0.1012159 0.7107291 -0.6961461
vn 0.0579900 0.0153060 0.9981998
vn -0.0212054 0.7318661 0.6811185
vn -0.1331101 0.7134507 0.6879460
vn -0.0579897 -0.0153059 -0.9981998
vn -0.3207520 0.6566838 -0.6825574
vn -0.2131309 0.6923940 -0.6893228
vn 0.0579900 0.0153060 0.9981998
vn -0.1331101 0.7134507 0.6879460
vn -0.2407390 0.6777982 0.6947190
vn -0.0579897 -0.0153059 -0.9981998
vn -0.4214731 0.6045602 -0.6759196
vn -0.3207520 0.6566838 -0.6825574
vn 0.0579900 0.0153060 0.9981998
vn -0.2407390 0.6777982 0.6947190
vn -0.3414742 0.6257045 0.7013481
vn -0.0579897 -0.0153059 -0.9981998
vn -0.5128392 0.5373593 -0.6695079
vn -0.4214731 0.6045602 -0.6759196
vn 0.0579900 0.0153060 0.9981998
vn -0.3414742 0.6257045 0.7013481
vn -0.4327523 0.5583886 0.7077624
vn -0.0579897 -0.0153059 -0.9981998
vn -0.5925254 0.4565930 -0.6636540
vn -0.5128392 0.5373593 -0.6695079
vn 0.0579900 0.0153060 0.9981998
vn -0.4327523 0.5583886 0.7077624
vn -0.5124416 0.4776596 0.7136140
vn -0.0579897 -0.0153059 -0.9981998
vn -0.6585646 0.3643197 -0.6584557
vn -0.5925254 0.4565930 -0.6636540
vn 0.0579900 0.0153060 0.9981998
vn -0.5124416 0.4776596 0.7136140
vn -0.5785663 0.3854406 0.7188160
vn -0.0579897 -0.0153059 -0.9981998
vn -0.7093984 0.2628326 -0.6539671
vn -0.6585646 0.3643197 -0.6584557
vn 0.0579900 0.0153060 0.9981998
vn -0.5785663 0.3854406 0.7188160
vn -0.6294329 0.2839789 0.7233050
vn -0.0579897 -0.0153059 -0.9981998
vn -0.7437834 0.1546173 -0.6502920
vn -0.7093984 0.2628326 -0.6539671
vn 0.0579900 0.0153060 0.9981998
vn -0.6294329 0.2839789 0.7233050
vn -0.6637871 0.1757493 0.7269793
vn -0.0579897 -0.0153059 -0.9981998
vn -0.7608293 0.0423468 -0.6475689
vn -0.7437834 0.1546173 -0.6502920
vn 0.0579900 0.0153060 0.9981998
vn -0.6637871 0.1757493 0.7269793
vn -0.6808133 0.0634601 0.7297028
vn -0.0579897 -0.0153059 -0.9981998
vn -0.7601117 -0.0712220 -0.6458772
vn -0.7608293 0.0423468 -0.6475689
vn 0.0579900 0.0153060 0.9981998
vn -0.6808133 0.0634601 0.7297028
vn -0.6801103 -0.0501069 0.7313955
vn -0.0579897 -0.0153059 -0.9981998
vn -0.7416785 -0.1833080 -0.6452218
vn -0.7601117 -0.0712220 -0.6458772
vn 0.0579900 0.0153060 0.9981998
vn -0.6801103 -0.0501069 0.7313955
vn -0.6616611 -0.1621921 0.7320509
vn -0.0579897 -0.0153059 -0.9981998
vn -0.7059546 -0.2911550 -0.6456445
vn -0.7416785 -0.1833080 -0.6452218
vn 0.0579900 0.0153060 0.9981998
vn -0.6616611 -0.1621921 0.7320509
vn -0.6259461 -0.2700307 0.7316249
vn -0.0579897 -0.0153059 -0.9981998
vn -0.6538190 -0.3920721 -0.6471478
vn -0.7059546 -0.2911550 -0.6456445
vn 0.0579900 0.0153060 0.9981998
vn -0.6259461 -0.2700307 0.7316249
vn -0.5738450 -0.3709769 0.7301219
vn -0.0579897 -0.0153059 -0.9981998
vn -0.5866026 -0.4836113 -0.6496288
vn -0.6538190 -0.3920721 -0.6471478
vn 0.0579900 0.0153060 0.9981998
vn -0.5738450 -0.3709769 0.7301219
vn -0.5065901 -0.4624946 0.7276437
vn -0.0579897 -0.0153059 -0.9981998
vn -0.5059247 -0.5635119 -0.6530655
vn -0.5866026 -0.4836113 -0.6496288
vn 0.0579900 0.0153060 0.9981998
vn -0.5065901 -0.4624946 0.7276437
vn -0.4258848 -0.5423551 0.7242051
vn -0.0579897 -0.0153059 -0.9981998
vn -0.4137429 -0.6297380 -0.6574550
vn -0.5059247 -0.5635119 -0.6530655
vn 0.0579900 0.0153060 0.9981998
vn -0.4258848 -0.5423551 0.7242051
vn -0.3337493 -0.6086629 0.7198200
vn -0.0579897 -0.0153059 -0.9981998
vn -0.3123804 -0.6807439 -0.6625754
vn -0.4137429 -0.6297380 -0.6574550
vn 0.0579900 0.0153060 0.9981998
vn -0.3337493 -0.6086629 0.7198200
vn -0.2323933 -0.6596966 0.7146983
vn -0.0579897 -0.0153059 -0.9981998
vn -0.2043169 -0.7153163 -0.6682644
vn -0.3123804 -0.6807439 -0.6625754
vn 0.0579900 0.0153060 0.9981998
vn -0.2323933 -0.6596966 0.7146983
vn -0.1243003 -0.6941678 0.7089997
vn -0.0579897 -0.0153059 -0.9981998
vn -0.0921881 -0.7324865 -0.6745107
vn -0.2043169 -0.7153163 -0.6682644
vn 0.0579900 0.0153060 0.9981998
vn -0.1243003 -0.6941678 0.7089997
vn -0.0121721 -0.7113204 0.7027625
vn -0.0579897 -0.0153059 -0.9981998
vn 0.0212124 -0.7318606 -0.6811242
vn -0.0921881 -0.7324865 -0.6745107
vn 0.0579900 0.0153060 0.9981998
vn -0.0121721 -0.7113204 0.7027625
vn 0.1012231 -0.7107286 0.6961457
vn -0.0579897 -0.0153059 -0.9981998
vn 0.1331083 -0.7135003 -0.6878949
vn 0.0212124 -0.7318606 -0.6811242
vn 0.0579900 0.0153060 0.9981998
vn 0.1012231 -0.7107286 0.6961457
vn 0.2131040 -0.6923450 0.6893803
vn -0.0579897 -0.0153059 -0.9981998
vn 0.2407474 -0.6778358 -0.6946794
vn 0.1331083 -0.7135003 -0.6878949
vn 0.0579900 0.0153060 0.9981998
vn 0.2131040 -0.6923450 0.6893803
vn 0.3207372 -0.6566567 0.6825905
vn -0.0579897 -0.0153059 -0.9981998
vn 0.3414716 -0.6257018 -0.7013519
vn 0.2407474 -0.6778358 -0.6946794
vn 0.0579900 0.0153060 0.9981998
vn 0.3207372 -0.6566567 0.6825905
vn 0.4214747 -0.6045683 0.6759114
vn -0.0579897 -0.0153059 -0.9981998
vn 0.4327832 -0.5584372 -0.7077051
vn 0.3414716 -0.6257018 -0.7013519
vn 0.0579900 0.0153060 0.9981998
vn 0.4214747 -0.6045683 0.6759114
vn 0.5127900 -0.5373198 0.6695774
vn -0.0579897 -0.0153059 -0.9981998
vn 0.5124748 -0.4776919 -0.7135684
vn 0.4327832 -0.5584372 -0.7077051
vn 0.0579900 0.0153060 0.9981998
vn 0.5127900 -0.5373198 0.6695774
vn 0.5924897 -0.4565839 0.6636921
vn -0.0579897 -0.0153059 -0.9981998
vn 0.5785494 -0.3854360 -0.7188321
vn 0.5124748 -0.4776919 -0.7135684
vn 0.0579900 0.0153060 0.9981998
vn 0.5924897 -0.4565839 0.6636921
vn 0.6585729 -0.3643251 0.6584444
vn -0.0579897 -0.0153059 -0.9981998
vn 0.6294314 -0.2839875 -0.7233030
vn 0.5785494 -0.3854360 -0.7188321
vn 0.0579900 0.0153060 0.9981998
vn 0.6585729 -0.3643251 0.6584444
vn 0.7093946 -0.2628404 0.6539680
vn -0.0579897 -0.0153059 -0.9981998
vn 0.6637912 -0.1757593 -0.7269730
vn 0.6294314 -0.2839875 -0.7233030
vn 0.0579900 0.0153060 0.9981998
vn 0.7093946 -0.2628404 0.6539680
vn 0.7437750 -0.1546236 0.6503000
vn 0.7321193 -0.0886828 -0.6753789
vn 0.7407869 0.0245088 -0.6712928
vn 0.7066192 -0.0224543 0.7072375
vn 0.7321193 -0.0886828 -0.6753789
vn 0.7066192 -0.0224543 0.7072375
vn 0.6979821 -0.1356453 0.7031510
vn 0.7407869 0.0245088 -0.6712928
vn 0.7316236 0.1376625 -0.6676646
vn 0.6974524 0.0906989 0.7108684
vn 0.7407869 0.0245088 -0.6712928
vn 0.6974524 0.0906989 0.7108684
vn 0.7066192 -0.0224543 0.7072375
vn 0.7316236 0.1376625 -0.6676646
vn 0.7048523 0.2480349 -0.6645764
vn 0.6707024 0.2010658 0.7139545
vn 0.7316236 0.1376625 -0.6676646
vn 0.6707024 0.2010658 0.7139545
vn 0.6974524 0.0906989 0.7108684
vn 0.7048523 0.2480349 -0.6645764
vn 0.6611611 0.3528601 -0.6620845
vn 0.6270037 0.3058920 0.7164471
vn 0.7048523 0.2480349 -0.6645764
vn 0.6270037 0.3058920 0.7164471
vn 0.6707024 0.2010658 0.7139545
vn 0.6611611 0.3528601 -0.6620845
vn 0.6016048 0.4495860 -0.6602606
vn 0.5674395 0.4026141 0.7182718
vn 0.6611611 0.3528601 -0.6620845
vn 0.5674395 0.4026141 0.7182718
vn 0.6270037 0.3058920 0.7164471
vn 0.6016048 0.4495860 -0.6602606
vn 0.5276411 0.5357839 -0.6591893
vn 0.4935183 0.4888520 0.7193493
vn 0.6016048 0.4495860 -0.6602606
vn 0.4935183 0.4888520 0.7193493
vn 0.5674395 0.4026141 0.7182718
vn 0.5276411 0.5357839 -0.6591893
vn 0.4411583 0.6094149 -0.6587814
vn 0.4069902 0.5624291 0.7197447
vn 0.5276411 0.5357839 -0.6591893
vn 0.4069902 0.5624291 0.7197447
vn 0.4935183 0.4888520 0.7193493
vn 0.4411583 0.6094149 -0.6587814
vn 0.3442049 0.6686317 -0.6591318
vn 0.3100066 0.6215819 0.7193969
vn 0.4411583 0.6094149 -0.6587814
vn 0.3100066 0.6215819 0.7193969
vn 0.4069902 0.5624291 0.7197447
vn 0.3442049 0.6686317 -0.6591318
vn 0.2391703 0.7119135 -0.6602853
vn 0.2049998 0.6649053 0.7182451
vn 0.3442049 0.6686317 -0.6591318
vn 0.2049998 0.6649053 0.7182451
vn 0.3100066 0.6215819 0.7193969
vn 0.2391703 0.7119135 -0.6602853
vn 0.1286837 0.7382458 -0.6621432
vn 0.0945305 0.6912665 0.7163900
vn 0.2391703 0.7119135 -0.6602853
vn 0.0945305 0.6912665 0.7163900
vn 0.2049998 0.6649053 0.7182451
vn 0.1286837 0.7382458 -0.6621432
vn 0.0154519 0.7469803 -0.6646665
vn -0.0187047 0.7000362 0.7138625
vn 0.1286837 0.7382458 -0.6621432
vn -0.0187047 0.7000362 0.7138625
vn 0.0945305 0.6912665 0.7163900
vn 0.0154519 0.7469803 -0.6646665
vn -0.0977500 0.7378939 -0.6678005
vn -0.1319089 0.6909834 0.7107334
vn 0.0154519 0.7469803 -0.6646665
vn -0.1319089 0.6909834 0.7107334
vn -0.0187047 0.7000362 0.7138625
vn -0.0977500 0.7378939 -0.6678005
vn -0.2081070 0.7112597 -0.6714172
vn -0.2422713 0.6642984 0.7071154
vn -0.0977500 0.7378939 -0.6678005
vn -0.2422713 0.6642984 0.7071154
vn -0.1319089 0.6909834 0.7107334
vn -0.2081070 0.7112597 -0.6714172
vn -0.3129348 0.6677165 -0.6754454
vn -0.3470494 0.6206623 0.7030897
vn -0.2081070 0.7112597 -0.6714172
vn -0.3470494 0.6206623 0.7030897
vn -0.2422713 0.6642984 0.7071154
vn -0.3129348 0.6677165 -0.6754454
vn -0.4096182 0.6082143 -0.6799179
vn -0.4437784 0.5612613 0.6986033
vn -0.3129348 0.6677165 -0.6754454
vn -0.4437784 0.5612613 0.6986033
vn -0.3470494 0.6206623 0.7030897
vn -0.4096182 0.6082143 -0.6799179
vn -0.4958131 0.5343524 -0.6845706
vn -0.5299606 0.4873883 0.6939700
vn -0.4096182 0.6082143 -0.6799179
vn -0.5299606 0.4873883 0.6939700
vn -0.4437784 0.5612613 0.6986033
vn -0.4958131 0.5343524 -0.6845706
vn -0.5693970 0.4479466 -0.6892974
vn -0.6034952 0.4009433 0.6892300
vn -0.4958131 0.5343524 -0.6845706
vn -0.6034952 0.4009433 0.6892300
vn -0.5299606 0.4873883 0.6939700
vn -0.5693970 0.4479466 -0.6892974
vn -0.6284733 0.3510302 -0.6941175
vn -0.6626502 0.3040770 0.6844208
vn -0.5693970 0.4479466 -0.6892974
vn -0.6626502 0.3040770 0.6844208
vn -0.6034952 0.4009433 0.6892300
vn -0.6284733 0.3510302 -0.6941175
vn -0.6716769 0.2460718 -0.6987838
vn -0.7059035 0.1991318 0.6797402
vn -0.6284733 0.3510302 -0.6941175
vn -0.7059035 0.1991318 0.6797402
vn -0.6626502 0.3040770 0.6844208
vn -0.6716769 0.2460718 -0.6987838
vn -0.6979430 0.1356525 -0.7031885
vn -0.7321460 0.0886983 0.6753479
vn -0.6716769 0.2460718 -0.6987838
vn -0.7321460 0.0886983 0.6753479
vn -0.7059035 0.1991318 0.6797402
vn -0.6979430 0.1356525 -0.7031885
vn -0.7066200 0.0224605 -0.7072366
vn -0.7407891 -0.0245028 0.6712907
vn -0.6979430 0.1356525 -0.7031885
vn -0.7407891 -0.0245028 0.6712907
vn -0.7321460 0.0886983 0.6753479
vn -0.7066200 0.0224605 -0.7072366
vn -0.6974680 -0.0907121 -0.7108514
vn -0.7316055 -0.1376724 0.6676823
vn -0.7066200 0.0224605 -0.7072366
vn -0.7316055 -0.1376724 0.6676823
vn -0.7407891 -0.0245028 0.6712907
vn -0.6974680 -0.0907121 -0.7108514
vn -0.6707227 -0.2010689 -0.7139344
vn -0.7048348 -0.2480196 0.6646007
vn -0.6974680 -0.0907121 -0.7108514
vn -0.7048348 -0.2480196 0.6646007
vn -0.7316055 -0.1376724 0.6676823
vn -0.6707227 -0.2010689 -0.7139344
vn -0.6270158 -0.3058967 -0.7164346
vn -0.6611513 -0.3528506 0.6620992
vn -0.6707227 -0.2010689 -0.7139344
vn -0.6611513 -0.3528506 0.6620992
vn -0.7048348 -0.2480196 0.6646007
vn -0.6270158 -0.3058967 -0.7164346
vn -0.5674294 -0.4025816 -0.7182979
vn -0.6016434 -0.4495817 0.6602284
vn -0.6270158 -0.3058967 -0.7164346
vn -0.6016434 -0.4495817 0.6602284
vn -0.6611513 -0.3528506 0.6620992
vn -0.5674294 -0.4025816 -0.7182979
vn -0.4935088 -0.4888319 -0.7193695
vn -0.5276619 -0.5357981 0.6591610
vn -0.5674294 -0.4025816 -0.7182979
vn -0.5276619 -0.5357981 0.6591610
vn -0.6016434 -0.4495817 0.6602284
vn -0.4935088 -0.4888319 -0.7193695
vn -0.4069850 -0.5624523 -0.7197294
vn -0.4411286 -0.6094086 0.6588070
vn -0.4935088 -0.4888319 -0.7193695
vn -0.4411286 -0.6094086 0.6588070
vn -0.5276619 -0.5357981 0.6591610
vn -0.4069850 -0.5624523 -0.7197294
vn -0.3100101 -0.6215944 -0.7193846
vn -0.3441972 -0.6686256 0.6591421
vn -0.4069850 -0.5624523 -0.7197294
vn -0.3441972 -0.6686256 0.6591421
vn -0.4411286 -0.6094086 0.6588070
vn -0.3100101 -0.6215944 -0.7193846
vn -0.2049870 -0.6648455 -0.7183040
vn -0.2391865 -0.7119676 0.6602212
vn -0.3100101 -0.6215944 -0.7193846
vn -0.2391865 -0.7119676 0.6602212
vn -0.3441972 -0.6686256 0.6591421
vn -0.2049870 -0.6648455 -0.7183040
vn -0.0945074 -0.6912127 -0.7164449
vn -0.1286838 -0.7383032 0.6620792
vn -0.2049870 -0.6648455 -0.7183040
vn -0.1286838 -0.7383032 0.6620792
vn -0.2391865 -0.7119676 0.6602212
vn -0.0945074 -0.6912127 -0.7164449
vn 0.0187077 -0.7000083 -0.7138897
vn -0.0154445 -0.7469959 0.6646494
vn -0.0945074 -0.6912127 -0.7164449
vn -0.0154445 -0.7469959 0.6646494
vn -0.1286838 -0.7383032 0.6620792
vn 0.0187077 -0.7000083 -0.7138897
vn 0.1318876 -0.6909549 -0.7107651
vn 0.0977333 -0.7379272 0.6677662
vn 0.0187077 -0.7000083 -0.7138897
vn 0.0977333 -0.7379272 0.6677662
vn -0.0154445 -0.7469959 0.6646494
vn 0.1318876 -0.6909549 -0.7107651
vn 0.2422696 -0.6643351 -0.7070816
vn 0.2080900 -0.7112345 0.6714492
vn 0.1318876 -0.6909549 -0.7107651
vn 0.2080900 -0.7112345 0.6714492
vn 0.0977333 -0.7379272 0.6677662
vn 0.2422696 -0.6643351 -0.7070816
vn 0.3470887 -0.6207118 -0.7030266
vn 0.3129326 -0.6676658 0.6754966
vn 0.2422696 -0.6643351 -0.7070816
vn 0.3129326 -0.6676658 0.6754966
vn 0.2080900 -0.7112345 0.6714492
vn 0.3470887 -0.6207118 -0.7030266
vn 0.4437665 -0.5612223 -0.6986422
vn 0.4096347 -0.6082221 0.6799009
vn 0.3470887 -0.6207118 -0.7030266
vn 0.4096347 -0.6082221 0.6799009
vn 0.3129326 -0.6676658 0.6754966
vn 0.4437665 -0.5612223 -0.6986422
vn 0.5299639 -0.4873999 -0.6939594
vn 0.4958100 -0.5343629 0.6845647
vn 0.4437665 -0.5612223 -0.6986422
vn 0.4958100 -0.5343629 0.6845647
vn 0.4096347 -0.6082221 0.6799009
vn 0.5299639 -0.4873999 -0.6939594
vn 0.6035095 -0.4009598 -0.6892079
vn 0.5693617 -0.4479408 0.6893303
vn 0.5299639 -0.4873999 -0.6939594
vn 0.5693617 -0.4479408 0.6893303
vn 0.4958100 -0.5343629 0.6845647
vn 0.6035095 -0.4009598 -0.6892079
vn 0.6626287 -0.3040754 -0.6844423
vn 0.6285021 -0.3510498 0.6940815
vn 0.6035095 -0.4009598 -0.6892079
vn 0.6285021 -0.3510498 0.6940815
vn 0.5693617 -0.4479408 0.6893303
vn 0.6626287 -0.3040754 -0.6844423
vn 0.7058504 -0.1991284 -0.6797964
vn 0.6717095 -0.2460963 0.6987439
vn 0.6626287 -0.3040754 -0.6844423
vn 0.6717095 -0.2460963 0.6987439
vn 0.6285021 -0.3510498 0.6940815
vn 0.7058504 -0.1991284 -0.6797964
vn 0.7321193 -0.0886828 -0.6753789
vn 0.6979821 -0.1356453 0.7031510
vn 0.7058504 -0.1991284 -0.6797964
vn 0.6979821 -0.1356453 0.7031510
vn 0.6717095 -0.2460963 0.6987439
vn 0.0247544 0.0340380 -0.9991139
vn 0.7407869 0.0245088 -0.6712928
vn 0.7321193 -0.0886828 -0.6753789
vn -0.0247544 -0.0340380 0.9991139
vn 0.6979821 -0.1356453 0.7031510
vn 0.7066192 -0.0224543 0.7072375
vn 0.0247544 0.0340380 -0.9991139
vn 0.7316236 0.1376625 -0.6676646
vn 0.7407869 0.0245088 -0.6712928
vn -0.0247544 -0.0340380 0.9991139
vn 0.7066192 -0.0224543 0.7072375
vn 0.6974524 0.0906989 0.7108684
vn 0.0247544 0.0340380 -0.9991139
vn 0.7048523 0.2480349 -0.6645764
vn 0.7316236 0.1376625 -0.6676646
vn -0.0247544 -0.0340380 0.9991139
vn 0.6974524 0.0906989 0.7108684
vn 0.6707024 0.2010658 0.7139545
vn 0.0247544 0.0340380 -0.9991139
vn 0.6611611 0.3528601 -0.6620845
vn 0.7048523 0.2480349 -0.6645764
vn -0.0247544 -0.0340380 0.9991139
vn 0.6707024 0.2010658 0.7139545
vn 0.6270037 0.3058920 0.7164471
vn 0.0247544 0.0340380 -0.9991139
vn 0.6016048 0.4495860 -0.6602606
vn 0.6611611 0.3528601 -0.6620845
vn -0.0247544 -0.0340380 0.9991139
vn 0.6270037 0.3058920 0.7164471
vn 0.5674395 0.4026141 0.7182718
vn 0.0247544 0.0340380 -0.9991139
vn 0.5276411 0.5357839 -0.6591893
vn 0.6016048 0.4495860 -0.6602606
vn -0.0247544 -0.0340380 0.9991139
vn 0.5674395 0.4026141 0.7182718
vn 0.4935183 0.4888520 0.7193493
vn 0.0247544 0.0340380 -0.9991139
vn 0.4411583 0.6094149 -0.6587814
vn 0.5276411 0.5357839 -0.6591893
vn -0.0247544 -0.0340380 0.9991139
vn 0.4935183 0.4888520 0.7193493
vn 0.4069902 0.5624291 0.7197447
vn 0.0247544 0.0340380 -0.9991139
vn 0.3442049 0.6686317 -0.6591318
vn 0.4411583 0.6094149 -0.6587814
vn -0.0247544 -0.0340380 0.9991139
vn 0.4069902 0.5624291 0.7197447
vn 0.3100066 0.6215819 0.7193969
vn 0.0247544 0.0340380 -0.9991139
vn 0.2391703 0.7119135 -0.6602853
vn 0.3442049 0.6686317 -0.6591318
vn -0.0247544 -0.0340380 0.9991139
vn 0.3100066 0.6215819 0.7193969
vn 0.2049998 0.6649053 0.7182451
vn 0.0247544 0.0340380 -0.9991139
vn 0.1286837 0.7382458 -0.6621432
vn 0.2391703 0.7119135 -0.6602853
vn -0.0247544 -0.0340380 0.9991139
vn 0.2049998 0.6649053 0.7182451
vn 0.0945305 0.6912665 0.7163900
vn 0.0247544 0.0340380 -0.9991139
vn 0.0154519 0.7469803 -0.6646665
vn 0.1286837 0.7382458 -0.6621432
vn -0.0247544 -0.0340380 0.9991139
vn 0.0945305 0.6912665 0.7163900
vn -0.0187047 0.7000362 0.7138625
vn 0.0247544 0.0340380 -0.9991139
vn -0.0977500 0.7378939 -0.6678005
vn 0.0154519 0.7469803 -0.6646665
vn -0.0247544 -0.0340380 0.9991139
vn -0.0187047 0.7000362 0.7138625
vn -0.1319089 0.6909834 0.7107334
vn 0.0247544 0.0340380 -0.9991139
vn -0.2081070 0.7112597 -0.6714172
vn -0.0977500 0.7378939 -0.6678005
vn -0.0247544 -0.0340380 0.9991139
vn -0.1319089 0.6909834 0.7107334
vn -0.2422713 0.6642984 0.7071154
vn 0.0247544 0.0340380 -0.9991139
vn -0.3129348 0.6677165 -0.6754454
vn -0.2081070 0.7112597 -0.6714172
vn -0.0247544 -0.0340380 0.9991139
vn -0.2422713 0.6642984 0.7071154
vn -0.3470494 0.6206623 0.7030897
vn 0.0247544 0.0340380 -0.9991139
vn -0.4096182 0.6082143 -0.6799179
vn -0.3129348 0.6677165 -0.6754454
vn -0.0247544 -0.0340380 0.9991139
vn -0.3470494 0.6206623 0.7030897
vn -0.4437784 0.5612613 0.6986033
vn 0.0247544 0.0340380 -0.9991139
vn -0.4958131 0.5343524 -0.6845706
vn -0.4096182 0.6082143 -0.6799179
vn -0.0247544 -0.0340380 0.9991139
vn -0.4437784 0.5612613 0.6986033
vn -0.5299606 0.4873883 0.6939700
vn 0.0247544 0.0340380 -0.9991139
vn -0.5693970 0.4479466 -0.6892974
vn -0.4958131 0.5343524 -0.6845706
vn -0.0247544 -0.0340380 0.9991139
vn -0.5299606 0.4873883 0.6939700
vn -0.6034952 0.4009433 0.6892300
vn 0.0247544 0.0340380 -0.9991139
vn -0.6284733 0.3510302 -0.6941175
vn -0.5693970 0.4479466 -0.6892974
vn -0.0247544 -0.0340380 0.9991139
vn -0.6034952 0.4009433 0.6892300
vn -0.6626502 0.3040770 0.6844208
vn 0.0247544 0.0340380 -0.9991139
vn -0.6716769 0.2460718 -0.6987838
vn -0.6284733 0.3510302 -0.6941175
vn -0.0247544 -0.0340380 0.9991139
vn -0.6626502 0.3040770 0.6844208
vn -0.7059035 0.1991318 0.6797402
vn 0.0247544 0.0340380 -0.9991139
vn -0.6979430 0.1356525 -0.7031885
vn -0.6716769 0.2460718 -0.6987838
vn -0.0247544 -0.0340380 0.9991139
vn -0.7059035 0.1991318 0.6797402
vn -0.7321460 0.0886983 0.6753479
vn 0.0247544 0.0340380 -0.9991139
vn -0.7066200 0.0224605 -0.7072366
vn -0.6979430 0.1356525 -0.7031885
vn -0.0247544 -0.0340380 0.9991139
vn -0.7321460 0.0886983 0.6753479
vn -0.7407891 -0.0245028 0.6712907
vn 0.0247544 0.0340380 -0.9991139
vn -0.6974680 -0.0907121 -0.7108514
vn -0.7066200 0.0224605 -0.7072366
vn -0.0247544 -0.0340380 0.9991139
vn -0.7407891 -0.0245028 0.6712907
vn -0.7316055 -0.1376724 0.6676823
vn 0.0247544 0.0340380 -0.9991139
vn -0.6707227 -0.2010689 -0.7139344
vn -0.6974680 -0.0907121 -0.7108514
vn -0.0247544 -0.0340380 0.9991139
vn -0.7316055 -0.1376724 0.6676823
vn -0.7048348 -0.2480196 0.6646007
vn 0.0247544 0.0340380 -0.9991139
vn -0.6270158 -0.3058967 -0.7164346
vn -0.6707227 -0.2010689 -0.7139344
vn -0.0247544 -0.0340380 0.9991139
vn -0.7048348 -0.2480196 0.6646007
vn -0.6611513 -0.3528506 0.6620992
vn 0.0247544 0.0340380 -0.9991139
vn -0.5674294 -0.4025816 -0.7182979
vn -0.6270158 -0.3058967 -0.7164346
vn -0.0247544 -0.0340380 0.9991139
vn -0.6611513 -0.3528506 0.6620992
vn -0.6016434 -0.4495817 0.6602284
vn 0.0247544 0.0340380 -0.9991139
vn -0.4935088 -0.4888319 -0.7193695
vn -0.5674294 -0.4025816 -0.7182979
vn -0.0247544 -0.0340380 0.9991139
vn -0.6016434 -0.4495817 0.6602284
vn -0.5276619 -0.5357981 0.6591610
vn 0.0247544 0.0340380 -0.9991139
vn -0.4069850 -0.5624523 -0.7197294
vn -0.4935088 -0.4888319 -0.7193695
vn -0.0247544 -0.0340380 0.9991139
vn -0.5276619 -0.5357981 0.6591610
vn -0.4411286 -0.6094086 0.6588070
vn 0.0247544 0.0340380 -0.9991139
vn -0.3100101 -0.6215944 -0.7193846
vn -0.4069850 -0.5624523 -0.7197294
vn -0.0247544 -0.0340380 0.9991139
vn -0.4411286 -0.6094086 0.6588070
vn -0.3441972 -0.6686256 0.6591421
vn 0.0247544 0.0340380 -0.9991139
vn -0.2049870 -0.6648455 -0.7183040
vn -0.3100101 -0.6215944 -0.7193846
vn -0.0247544 -0.0340380 0.9991139
vn -0.3441972 -0.6686256 0.6591421
vn -0.2391865 -0.7119676 0.6602212
vn 0.0247544 0.0340380 -0.9991139
vn -0.0945074 -0.6912127 -0.7164449
vn -0.2049870 -0.6648455 -0.7183040
vn -0.0247544 -0.0340380 0.9991139
vn -0.2391865 -0.7119676 0.6602212
vn -0.1286838 -0.7383032 0.6620792
vn 0.0247544 0.0340380 -0.9991139
vn 0.0187077 -0.7000083 -0.7138897
vn -0.0945074 -0.6912127 -0.7164449
vn -0.0247544 -0.0340380 0.9991139
vn -0.1286838 -0.7383032 0.6620792
vn -0.0154445 -0.7469959 0.6646494
vn 0.0247544 0.0340380 -0.9991139
vn 0.1318876 -0.6909549 -0.7107651
vn 0.0187077 -0.7000083 -0.7138897
vn -0.0247544 -0.0340380 0.9991139
vn -0.0154445 -0.7469959 0.6646494
vn 0.0977333 -0.7379272 0.6677662
vn 0.0247544 0.0340380 -0.9991139
vn 0.2422696 -0.6643351 -0.7070816
vn 0.1318876 -0.6909549 -0.7107651
vn -0.0247544 -0.0340380 0.9991139
vn 0.0977333 -0.7379272 0.6677662
vn 0.2080900 -0.7112345 0.6714492
vn 0.0247544 0.0340380 -0.9991139
vn 0.3470887 -0.6207118 -0.7030266
vn 0.2422696 -0.6643351 -0.7070816
vn -0.0247544 -0.0340380 0.9991139
vn 0.2080900 -0.7112345 0.6714492
vn 0.3129326 -0.6676658 0.6754966
vn 0.0247544 0.0340380 -0.9991139
vn 0.4437665 -0.5612223 -0.6986422
vn 0.3470887 -0.6207118 -0.7030266
vn -0.0247544 -0.0340380 0.9991139
vn 0.3129326 -0.6676658 0.6754966
vn 0.4096347 -0.6082221 0.6799009
vn 0.0247544 0.0340380 -0.9991139
vn 0.5299639 -0.4873999 -0.6939594
vn 0.4437665 -0.5612223 -0.6986422
vn -0.0247544 -0.0340380 0.9991139
vn 0.4096347 -0.6082221 0.6799009
vn 0.4958100 -0.5343629 0.6845647
vn 0.0247544 0.0340380 -0.9991139
vn 0.6035095 -0.4009598 -0.6892079
vn 0.5299639 -0.4873999 -0.6939594
vn -0.0247544 -0.0340380 0.9991139
vn 0.4958100 -0.5343629 0.6845647
vn 0.5693617 -0.4479408 0.6893303
vn 0.0247544 0.0340380 -0.9991139
vn 0.6626287 -0.3040754 -0.6844423
vn 0.6035095 -0.4009598 -0.6892079
vn -0.0247544 -0.0340380 0.9991139
vn 0.5693617 -0.4479408 0.6893303
vn 0.6285021 -0.3510498 0.6940815
vn 0.0247544 0.0340380 -0.9991139
vn 0.7058504 -0.1991284 -0.6797964
vn 0.6626287 -0.3040754 -0.6844423
vn -0.0247544 -0.0340380 0.9991139
vn 0.6285021 -0.3510498 0.6940815
vn 0.6717095 -0.2460963 0.6987439
vn 0.0247544 0.0340380 -0.9991139
vn 0.7321193 -0.0886828 -0.6753789
vn 0.7058504 -0.1991284 -0.6797964
vn -0.0247544 -0.0340380 0.9991139
vn 0.6717095 -0.2460963 0.6987439
vn 0.6979821 -0.1356453 0.7031510
vn 0.7107946 0.0117889 -0.7033008
vn 0.7043237 0.1251123 -0.6987668
vn 0.7299929 0.0715177 0.6797027
vn 0.7107946 0.0117889 -0.7033008
vn 0.7299929 0.0715177 0.6797027
vn 0.7364712 -0.0418090 0.6751755
vn 0.7043237 0.1251123 -0.6987668
vn 0.6801617 0.2360104 -0.6940311
vn 0.7058702 0.1824259 0.6844473
vn 0.7043237 0.1251123 -0.6987668
vn 0.7058702 0.1824259 0.6844473
vn 0.7299929 0.0715177 0.6797027
vn 0.6801617 0.2360104 -0.6940311
vn 0.6389347 0.3417300 -0.6891901
vn 0.6647131 0.2881743 0.6892837
vn 0.6801617 0.2360104 -0.6940311
vn 0.6647131 0.2881743 0.6892837
vn 0.7058702 0.1824259 0.6844473
vn 0.6389347 0.3417300 -0.6891901
vn 0.5817129 0.4397279 -0.6842875
vn 0.6074424 0.3861648 0.6941833
vn 0.6389347 0.3417300 -0.6891901
vn 0.6074424 0.3861648 0.6941833
vn 0.6647131 0.2881743 0.6892837
vn 0.5817129 0.4397279 -0.6842875
vn 0.5098661 0.5275734 -0.6794873
vn 0.5355126 0.4739448 0.6990013
vn 0.5817129 0.4397279 -0.6842875
vn 0.5355126 0.4739448 0.6990013
vn 0.6074424 0.3861648 0.6941833
vn 0.5098661 0.5275734 -0.6794873
vn 0.4250886 0.6030874 -0.6749707
vn 0.4507638 0.5494813 0.7034788
vn 0.5098661 0.5275734 -0.6794873
vn 0.4507638 0.5494813 0.7034788
vn 0.5355126 0.4739448 0.6990013
vn 0.4250886 0.6030874 -0.6749707
vn 0.3294992 0.6643570 -0.6708651
vn 0.3552189 0.6108140 0.7076197
vn 0.4250886 0.6030874 -0.6749707
vn 0.3552189 0.6108140 0.7076197
vn 0.4507638 0.5494813 0.7034788
vn 0.3294992 0.6643570 -0.6708651
vn 0.2255599 0.7099751 -0.6671267
vn 0.2512555 0.6563935 0.7113496
vn 0.3294992 0.6643570 -0.6708651
vn 0.2512555 0.6563935 0.7113496
vn 0.3552189 0.6108140 0.7076197
vn 0.2255599 0.7099751 -0.6671267
vn 0.1157234 0.7387209 -0.6640027
vn 0.1414214 0.6852093 0.7144846
vn 0.2255599 0.7099751 -0.6671267
vn 0.1414214 0.6852093 0.7144846
vn 0.2512555 0.6563935 0.7113496
vn 0.1157234 0.7387209 -0.6640027
vn 0.0027100 0.7499328 -0.6615084
vn 0.0283993 0.6965393 0.7169564
vn 0.1157234 0.7387209 -0.6640027
vn 0.0283993 0.6965393 0.7169564
vn 0.1414214 0.6852093 0.7144846
vn 0.0027100 0.7499328 -0.6615084
vn -0.1106901 0.7433789 -0.6596479
vn -0.0850251 0.6899595 0.7188370
vn 0.0027100 0.7499328 -0.6615084
vn -0.0850251 0.6899595 0.7188370
vn 0.0283993 0.6965393 0.7169564
vn -0.1106901 0.7433789 -0.6596479
vn -0.2216519 0.7192232 -0.6584744
vn -0.1959947 0.6657140 0.7200076
vn -0.1106901 0.7433789 -0.6596479
vn -0.1959947 0.6657140 0.7200076
vn -0.0850251 0.6899595 0.7188370
vn -0.2216519 0.7192232 -0.6584744
vn -0.3275039 0.6780097 -0.6580608
vn -0.3018206 0.6244308 0.7204100
vn -0.2216519 0.7192232 -0.6584744
vn -0.3018206 0.6244308 0.7204100
vn -0.1959947 0.6657140 0.7200076
vn -0.3275039 0.6780097 -0.6580608
vn -0.4255757 0.6207051 -0.6584911
vn -0.3999220 0.5671591 0.7199953
vn -0.3275039 0.6780097 -0.6580608
vn -0.3999220 0.5671591 0.7199953
vn -0.3018206 0.6244308 0.7204100
vn -0.4255757 0.6207051 -0.6584911
vn -0.5135092 0.5488030 -0.6596391
vn -0.4878673 0.4952542 0.7188246
vn -0.4255757 0.6207051 -0.6584911
vn -0.4878673 0.4952542 0.7188246
vn -0.3999220 0.5671591 0.7199953
vn -0.5135092 0.5488030 -0.6596391
vn -0.5891361 0.4640410 -0.6615017
vn -0.5634438 0.4104470 0.7169828
vn -0.5135092 0.5488030 -0.6596391
vn -0.5634438 0.4104470 0.7169828
vn -0.4878673 0.4952542 0.7188246
vn -0.5891361 0.4640410 -0.6615017
vn -0.6505306 0.3685194 -0.6640809
vn -0.6248689 0.3149370 0.7143905
vn -0.5891361 0.4640410 -0.6615017
vn -0.6248689 0.3149370 0.7143905
vn -0.5634438 0.4104470 0.7169828
vn -0.6505306 0.3685194 -0.6640809
vn -0.6962596 0.2645746 -0.6672503
vn -0.6705632 0.2109780 0.7112195
vn -0.6505306 0.3685194 -0.6640809
vn -0.6705632 0.2109780 0.7112195
vn -0.6248689 0.3149370 0.7143905
vn -0.6962596 0.2645746 -0.6672503
vn -0.7251530 0.1547781 -0.6709671
vn -0.6994235 0.1011593 0.7075123
vn -0.6962596 0.2645746 -0.6672503
vn -0.6994235 0.1011593 0.7075123
vn -0.6705632 0.2109780 0.7112195
vn -0.7251530 0.1547781 -0.6709671
vn -0.7364880 0.0418236 -0.6751564
vn -0.7107846 -0.0117677 0.7033112
vn -0.7251530 0.1547781 -0.6709671
vn -0.7107846 -0.0117677 0.7033112
vn -0.6994235 0.1011593 0.7075123
vn -0.7364880 0.0418236 -0.6751564
vn -0.7300149 -0.0714930 -0.6796816
vn -0.7042987 -0.1251057 0.6987931
vn -0.7364880 0.0418236 -0.6751564
vn -0.7042987 -0.1251057 0.6987931
vn -0.7107846 -0.0117677 0.7033112
vn -0.7300149 -0.0714930 -0.6796816
vn -0.7058410 -0.1824036 -0.6844832
vn -0.6801929 -0.2360350 0.6939923
vn -0.7300149 -0.0714930 -0.6796816
vn -0.6801929 -0.2360350 0.6939923
vn -0.7042987 -0.1251057 0.6987931
vn -0.7058410 -0.1824036 -0.6844832
vn -0.6646387 -0.2881376 -0.6893709
vn -0.6390043 -0.3417774 0.6891021
vn -0.7058410 -0.1824036 -0.6844832
vn -0.6390043 -0.3417774 0.6891021
vn -0.6801929 -0.2360350 0.6939923
vn -0.6646387 -0.2881376 -0.6893709
vn -0.6074042 -0.3861133 -0.6942453
vn -0.5817534 -0.4397543 0.6842362
vn -0.6646387 -0.2881376 -0.6893709
vn -0.5817534 -0.4397543 0.6842362
vn -0.6390043 -0.3417774 0.6891021
vn -0.6074042 -0.3861133 -0.6942453
vn -0.5355111 -0.4739756 -0.6989813
vn -0.5098578 -0.5275962 0.6794757
vn -0.6074042 -0.3861133 -0.6942453
vn -0.5098578 -0.5275962 0.6794757
vn -0.5817534 -0.4397543 0.6842362
vn -0.5355111 -0.4739756 -0.6989813
vn -0.4507178 -0.5494378 -0.7035422
vn -0.4251000 -0.6031178 0.6749362
vn -0.5355111 -0.4739756 -0.6989813
vn -0.4251000 -0.6031178 0.6749362
vn -0.5098578 -0.5275962 0.6794757
vn -0.4507178 -0.5494378 -0.7035422
vn -0.3551132 -0.6105861 -0.7078696
vn -0.3296232 -0.6645709 0.6705924
vn -0.4507178 -0.5494378 -0.7035422
vn -0.3296232 -0.6645709 0.6705924
vn -0.4251000 -0.6031178 0.6749362
vn -0.3551132 -0.6105861 -0.7078696
vn -0.2511843 -0.6561692 -0.7115817
vn -0.2256355 -0.7101696 0.6668941
vn -0.3551132 -0.6105861 -0.7078696
vn -0.2256355 -0.7101696 0.6668941
vn -0.3296232 -0.6645709 0.6705924
vn -0.2511843 -0.6561692 -0.7115817
vn -0.1413865 -0.6851256 -0.7145718
vn -0.1157231 -0.7388384 0.6638720
vn -0.2511843 -0.6561692 -0.7115817
vn -0.1157231 -0.7388384 0.6638720
vn -0.2256355 -0.7101696 0.6668941
vn -0.1413865 -0.6851256 -0.7145718
vn -0.0283803 -0.6963549 -0.7171363
vn -0.0026912 -0.7500702 0.6613528
vn -0.1413865 -0.6851256 -0.7145718
vn -0.0026912 -0.7500702 0.6613528
vn -0.1157231 -0.7388384 0.6638720
vn -0.0283803 -0.6963549 -0.7171363
vn 0.0849623 -0.6897283 -0.7190663
vn 0.1106793 -0.7435994 0.6594012
vn -0.0283803 -0.6963549 -0.7171363
vn 0.1106793 -0.7435994 0.6594012
vn -0.0026912 -0.7500702 0.6613528
vn 0.0849623 -0.6897283 -0.7190663
vn 0.1959741 -0.6656243 -0.7200962
vn 0.2216924 -0.7193192 0.6583558
vn 0.0849623 -0.6897283 -0.7190663
vn 0.2216924 -0.7193192 0.6583558
vn 0.1106793 -0.7435994 0.6594012
vn 0.1959741 -0.6656243 -0.7200962
vn 0.3018004 -0.6243585 -0.7204811
vn 0.3275238 -0.6780539 0.6580054
vn 0.1959741 -0.6656243 -0.7200962
vn 0.3275238 -0.6780539 0.6580054
vn 0.2216924 -0.7193192 0.6583558
vn 0.3018004 -0.6243585 -0.7204811
vn 0.3998984 -0.5670962 -0.7200577
vn 0.4256411 -0.6207641 0.6583932
vn 0.3018004 -0.6243585 -0.7204811
vn 0.4256411 -0.6207641 0.6583932
vn 0.3275238 -0.6780539 0.6580054
vn 0.3998984 -0.5670962 -0.7200577
vn 0.4878706 -0.4952281 -0.7188402
vn 0.5135140 -0.5487792 0.6596550
vn 0.3998984 -0.5670962 -0.7200577
vn 0.5135140 -0.5487792 0.6596550
vn 0.4256411 -0.6207641 0.6583932
vn 0.4878706 -0.4952281 -0.7188402
vn 0.5634755 -0.4104773 -0.7169406
vn 0.5891178 -0.4640375 0.6615205
vn 0.4878706 -0.4952281 -0.7188402
vn 0.5891178 -0.4640375 0.6615205
vn 0.5135140 -0.5487792 0.6596550
vn 0.5634755 -0.4104773 -0.7169406
vn 0.6248531 -0.3149196 -0.7144117
vn 0.6505430 -0.3685175 0.6640698
vn 0.5634755 -0.4104773 -0.7169406
vn 0.6505430 -0.3685175 0.6640698
vn 0.5891178 -0.4640375 0.6615205
vn 0.6248531 -0.3149196 -0.7144117
vn 0.6705708 -0.2109936 -0.7112078
vn 0.6962429 -0.2645783 0.6672662
vn 0.6248531 -0.3149196 -0.7144117
vn 0.6962429 -0.2645783 0.6672662
vn 0.6505430 -0.3685175 0.6640698
vn 0.6705708 -0.2109936 -0.7112078
vn 0.6994570 -0.1011725 -0.7074773
vn 0.7251306 -0.1547570 0.6709962
vn 0.6705708 -0.2109936 -0.7112078
vn 0.7251306 -0.1547570 0.6709962
vn 0.6962429 -0.2645783 0.6672662
vn 0.6994570 -0.1011725 -0.7074773
vn 0.7107946 0.0117889 -0.7033008
vn 0.7364712 -0.0418090 0.6751755
vn 0.6994570 -0.1011725 -0.7074773
vn 0.7364712 -0.0418090 0.6751755
vn 0.7251306 -0.1547570 0.6709962
vn -0.0186166 0.0388456 -0.9990718
vn 0.7043237 0.1251123 -0.6987668
vn 0.7107946 0.0117889 -0.7033008
vn 0.0186167 -0.0388452 0.9990718
vn 0.7364712 -0.0418090 0.6751755
vn 0.7299929 0.0715177 0.6797027
vn -0.0186166 0.0388456 -0.9990718
vn 0.6801617 0.2360104 -0.6940311
vn 0.7043237 0.1251123 -0.6987668
vn 0.0186167 -0.0388452 0.9990718
vn 0.7299929 0.0715177 0.6797027
vn 0.7058702 0.1824259 0.6844473
vn -0.0186166 0.0388456 -0.9990718
vn 0.6389347 0.3417300 -0.6891901
vn 0.6801617 0.2360104 -0.6940311
vn 0.0186167 -0.0388452 0.9990718
vn 0.7058702 0.1824259 0.6844473
vn 0.6647131 0.2881743 0.6892837
vn -0.0186166 0.0388456 -0.9990718
vn 0.5817129 0.4397279 -0.6842875
vn 0.6389347 0.3417300 -0.6891901
vn 0.0186167 -0.0388452 0.9990718
vn 0.6647131 0.2881743 0.6892837
vn 0.6074424 0.3861648 0.6941833
vn -0.0186166 0.0388456 -0.9990718
vn 0.5098661 0.5275734 -0.6794873
vn 0.5817129 0.4397279 -0.6842875
vn 0.0186167 -0.0388452 0.9990718
vn 0.6074424 0.3861648 0.6941833
vn 0.5355126 0.4739448 0.6990013
vn -0.0186166 0.0388456 -0.9990718
vn 0.4250886 0.6030874 -0.6749707
vn 0.5098661 0.5275734 -0.6794873
vn 0.0186167 -0.0388452 0.9990718
vn 0.5355126 0.4739448 0.6990013
vn 0.4507638 0.5494813 0.7034788
vn -0.0186166 0.0388456 -0.9990718
vn 0.3294992 0.6643570 -0.6708651
vn 0.4250886 0.6030874 -0.6749707
vn 0.0186167 -0.0388452 0.9990718
vn 0.4507638 0.5494813 0.7034788
vn 0.3552189 0.6108140 0.7076197
vn -0.0186166 0.0388456 -0.9990718
vn 0.2255599 0.7099751 -0.6671267
vn 0.3294992 0.6643570 -0.6708651
vn 0.0186167 -0.0388452 0.9990718
vn 0.3552189 0.6108140 0.7076197
vn 0.2512555 0.6563935 0.7113496
vn -0.0186166 0.0388456 -0.9990718
vn 0.1157234 0.7387209 -0.6640027
vn 0.2255599 0.7099751 -0.6671267
vn 0.0186167 -0.0388452 0.9990718
vn 0.2512555 0.6563935 0.7113496
vn 0.1414214 0.6852093 0.7144846
vn -0.0186166 0.0388456 -0.9990718
vn 0.0027100 0.7499328 -0.6615084
vn 0.1157234 0.7387209 -0.6640027
vn 0.0186167 -0.0388452 0.9990718
vn 0.1414214 0.6852093 0.7144846
vn 0.0283993 0.6965393 0.7169564
vn -0.0186166 0.0388456 -0.9990718
vn -0.1106901 0.7433789 -0.6596479
vn 0.0027100 0.7499328 -0.6615084
vn 0.0186167 -0.0388452 0.9990718
vn 0.0283993 0.6965393 0.7169564
vn -0.0850251 0.6899595 0.7188370
vn -0.0186166 0.0388456 -0.9990718
vn -0.2216519 0.7192232 -0.6584744
vn -0.1106901 0.7433789 -0.6596479
vn 0.0186167 -0.0388452 0.9990718
vn -0.0850251 0.6899595 0.7188370
vn -0.1959947 0.6657140 0.7200076
vn -0.0186166 0.0388456 -0.9990718
vn -0.3275039 0.6780097 -0.6580608
vn -0.2216519 0.7192232 -0.6584744
vn 0.0186167 -0.0388452 0.9990718
vn -0.1959947 0.6657140 0.7200076
vn -0.3018206 0.6244308 0.7204100
vn -0.0186166 0.0388456 -0.9990718
vn -0.4255757 0.6207051 -0.6584911
vn -0.3275039 0.6780097 -0.6580608
vn 0.0186167 -0.0388452 0.9990718
vn -0.3018206 0.6244308 0.7204100
vn -0.3999220 0.5671591 0.7199953
vn -0.0186166 0.0388456 -0.9990718
vn -0.5135092 0.5488030 -0.6596391
vn -0.4255757 0.6207051 -0.6584911
vn 0.0186167 -0.0388452 0.9990718
vn -0.3999220 0.5671591 0.7199953
vn -0.4878673 0.4952542 0.7188246
vn -0.0186166 0.0388456 -0.9990718
vn -0.5891361 0.4640410 -0.6615017
vn -0.5135092 0.5488030 -0.6596391
vn 0.0186167 -0.0388452 0.9990718
vn -0.4878673 0.4952542 0.7188246
vn -0.5634438 0.4104470 0.7169828
vn -0.0186166 0.0388456 -0.9990718
vn -0.6505306 0.3685194 -0.6640809
vn -0.5891361 0.4640410 -0.6615017
vn 0.0186167 -0.0388452 0.9990718
vn -0.5634438 0.4104470 0.7169828
vn -0.6248689 0.3149370 0.7143905
vn -0.0186166 0.0388456 -0.9990718
vn -0.6962596 0.2645746 -0.6672503
vn -0.6505306 0.3685194 -0.6640809
vn 0.0186167 -0.0388452 0.9990718
vn -0.6248689 0.3149370 0.7143905
vn -0.6705632 0.2109780 0.7112195
vn -0.0186166 0.0388456 -0.9990718
vn -0.7251530 0.1547781 -0.6709671
vn -0.6962596 0.2645746 -0.6672503
vn 0.0186167 -0.0388452 0.9990718
vn -0.6705632 0.2109780 0.7112195
vn -0.6994235 0.1011593 0.7075123
vn -0.0186166 0.0388456 -0.9990718
vn -0.7364880 0.0418236 -0.6751564
vn -0.7251530 0.1547781 -0.6709671
vn 0.0186167 -0.0388452 0.9990718
vn -0.6994235 0.1011593 0.7075123
vn -0.7107846 -0.0117677 0.7033112
vn -0.0186166 0.0388456 -0.9990718
vn -0.7300149 -0.0714930 -0.6796816
vn -0.7364880 0.0418236 -0.6751564
vn 0.0186167 -0.0388452 0.9990718
vn -0.7107846 -0.0117677 0.7033112
vn -0.7042987 -0.1251057 0.6987931
vn -0.0186166 0.0388456 -0.9990718
vn -0.7058410 -0.1824036 -0.6844832
vn -0.7300149 -0.0714930 -0.6796816
vn 0.0186167 -0.0388452 0.9990718
vn -0.7042987 -0.1251057 0.6987931
vn -0.6801929 -0.2360350 0.6939923
vn -0.0186166 0.0388456 -0.9990718
vn -0.6646387 -0.2881376 -0.6893709
vn -0.7058410 -0.1824036 -0.6844832
vn 0.0186167 -0.0388452 0.9990718
vn -0.6801929 -0.2360350 0.6939923
vn -0.6390043 -0.3417774 0.6891021
vn -0.0186166 0.0388456 -0.9990718
vn -0.6074042 -0.3861133 -0.6942453
vn -0.6646387 -0.2881376 -0.6893709
vn 0.0186167 -0.0388452 0.9990718
vn -0.6390043 -0.3417774 0.6891021
vn -0.5817534 -0.4397543 0.6842362
vn -0.0186166 0.0388456 -0.9990718
vn -0.5355111 -0.4739756 -0.6989813
vn -0.6074042 -0.3861133 -0.6942453
vn 0.0186167 -0.0388452 0.9990718
vn -0.5817534 -0.4397543 0.6842362
vn -0.5098578 -0.5275962 0.6794757
vn -0.0186166 0.0388456 -0.9990718
vn -0.4507178 -0.5494378 -0.7035422
vn -0.5355111 -0.4739756 -0.6989813
vn 0.0186167 -0.0388452 0.9990718
vn -0.5098578 -0.5275962 0.6794757
vn -0.4251000 -0.6031178 0.6749362
vn -0.0186166 0.0388456 -0.9990718
vn -0.3551132 -0.6105861 -0.7078696
vn -0.4507178 -0.5494378 -0.7035422
vn 0.0186167 -0.0388452 0.9990718
vn -0.4251000 -0.6031178 0.6749362
vn -0.3296232 -0.6645709 0.6705924
vn -0.0186166 0.0388456 -0.9990718
vn -0.2511843 -0.6561692 -0.7115817
vn -0.3551132 -0.6105861 -0.7078696
vn 0.0186167 -0.0388452 0.9990718
vn -0.3296232 -0.6645709 0.6705924
vn -0.2256355 -0.7101696 0.6668941
vn -0.0186166 0.0388456 -0.9990718
vn -0.1413865 -0.6851256 -0.7145718
vn -0.2511843 -0.6561692 -0.7115817
vn 0.0186167 -0.0388452 0.9990718
vn -0.2256355 -0.7101696 0.6668941
vn -0.1157231 -0.7388384 0.6638720
vn -0.0186166 0.0388456 -0.9990718
vn -0.0283803 -0.6963549 -0.7171363
vn -0.1413865 -0.6851256 -0.7145718
vn 0.0186167 -0.0388452 0.9990718
vn -0.1157231 -0.7388384 0.6638720
vn -0.0026912 -0.7500702 0.6613528
vn -0.0186166 0.0388456 -0.9990718
vn 0.0849623 -0.6897283 -0.7190663
vn -0.0283803 -0.6963549 -0.7171363
vn 0.0186167 -0.0388452 0.9990718
vn -0.0026912 -0.7500702 0.6613528
vn 0.1106793 -0.7435994 0.6594012
vn -0.0186166 0.0388456 -0.9990718
vn 0.1959741 -0.6656243 -0.7200962
vn 0.0849623 -0.6897283 -0.7190663
vn 0.0186167 -0.0388452 0.9990718
vn 0.1106793 -0.7435994 0.6594012
vn 0.2216924 -0.7193192 0.6583558
vn -0.0186166 0.0388456 -0.9990718
vn 0.3018004 -0.6243585 -0.7204811
vn 0.1959741 -0.6656243 -0.7200962
vn 0.0186167 -0.0388452 0.9990718
vn 0.2216924 -0.7193192 0.6583558
vn 0.3275238 -0.6780539 0.6580054
vn -0.0186166 0.0388456 -0.9990718
vn 0.3998984 -0.5670962 -0.7200577
vn 0.3018004 -0.6243585 -0.7204811
vn 0.0186167 -0.0388452 0.9990718
vn 0.3275238 -0.6780539 0.6580054
vn 0.4256411 -0.6207641 0.6583932
vn -0.0186166 0.0388456 -0.9990718
vn 0.4878706 -0.4952281 -0.7188402
vn 0.3998984 -0.5670962 -0.7200577
vn 0.0186167 -0.0388452 0.9990718
vn 0.4256411 -0.6207641 0.6583932
vn 0.5135140 -0.5487792 0.6596550
vn -0.0186166 0.0388456 -0.9990718
vn 0.5634755 -0.4104773 -0.7169406
vn 0.4878706 -0.4952281 -0.7188402
vn 0.0186167 -0.0388452 0.9990718
vn 0.5135140 -0.5487792 0.6596550
vn 0.5891178 -0.4640375 0.6615205
vn -0.0186166 0.0388456 -0.9990718
vn 0.6248531 -0.3149196 -0.7144117
vn 0.5634755 -0.4104773 -0.7169406
vn 0.0186167 -0.0388452 0.9990718
vn 0.5891178 -0.4640375 0.6615205
vn 0.6505430 -0.3685175 0.6640698
vn -0.0186166 0.0388456 -0.9990718
vn 0.6705708 -0.2109936 -0.7112078
vn 0.6248531 -0.3149196 -0.7144117
vn 0.0186167 -0.0388452 0.9990718
vn 0.6505430 -0.3685175 0.6640698
vn 0.6962429 -0.2645783 0.6672662
vn -0.0186166 0.0388456 -0.9990718
vn 0.6994570 -0.1011725 -0.7074773
vn 0.6705708 -0.2109936 -0.7112078
vn 0.0186167 -0.0388452 0.9990718
vn 0.6962429 -0.2645783 0.6672662
vn 0.7251306 -0.1547570 0.6709962
vn -0.0186166 0.0388456 -0.9990718
vn 0.7107946 0.0117889 -0.7033008
vn 0.6994570 -0.1011725 -0.7074773
vn 0.0186167 -0.0388452 0.9990718
vn 0.7251306 -0.1547570 0.6709962
vn 0.7364712 -0.0418090 0.6751755
vn 0.7363016 0.1821015 -0.6516894
vn 0.6975226 0.2888005 -0.6557869
vn 0.6176558 0.3130963 0.7214374
vn 0.7363016 0.1821015 -0.6516894
vn 0.6176558 0.3130963 0.7214374
vn 0.6564855 0.2064284 0.7255440
vn 0.6975226 0.2888005 -0.6557869
vn 0.6424970 0.3880742 -0.6607541
vn 0.5626652 0.4123916 0.7164782
vn 0.6975226 0.2888005 -0.6557869
vn 0.5626652 0.4123916 0.7164782
vn 0.6176558 0.3130963 0.7214374
vn 0.6424970 0.3880742 -0.6607541
vn 0.5727065 0.4775128 -0.6663248
vn 0.4927954 0.5017669 0.7109028
vn 0.6424970 0.3880742 -0.6607541
vn 0.4927954 0.5017669 0.7109028
vn 0.5626652 0.4123916 0.7164782
vn 0.5727065 0.4775128 -0.6663248
vn 0.4897740 0.5549231 -0.6724445
vn 0.4098105 0.5790954 0.7047721
vn 0.5727065 0.4775128 -0.6663248
vn 0.4098105 0.5790954 0.7047721
vn 0.4927954 0.5017669 0.7109028
vn 0.4897740 0.5549231 -0.6724445
vn 0.3956915 0.6182821 -0.6790842
vn 0.3158106 0.6425386 0.6981460
vn 0.4897740 0.5549231 -0.6724445
vn 0.3158106 0.6425386 0.6981460
vn 0.4098105 0.5790954 0.7047721
vn 0.3956915 0.6182821 -0.6790842
vn 0.2928856 0.6661111 -0.6859402
vn 0.2130442 0.6904601 0.6912865
vn 0.3956915 0.6182821 -0.6790842
vn 0.2130442 0.6904601 0.6912865
vn 0.3158106 0.6425386 0.6981460
vn 0.2928856 0.6661111 -0.6859402
vn 0.1838691 0.6972395 -0.6928558
vn 0.1040345 0.7216687 0.6843765
vn 0.2928856 0.6661111 -0.6859402
vn 0.1040345 0.7216687 0.6843765
vn 0.2130442 0.6904601 0.6912865
vn 0.1838691 0.6972395 -0.6928558
vn 0.0713233 0.7108996 -0.6996675
vn -0.0085378 0.7354283 0.6775489
vn 0.1838691 0.6972395 -0.6928558
vn -0.0085378 0.7354283 0.6775489
vn 0.1040345 0.7216687 0.6843765
vn 0.0713233 0.7108996 -0.6996675
vn -0.0420048 0.7067832 -0.7061821
vn -0.1219022 0.7313300 0.6710412
vn 0.0713233 0.7108996 -0.6996675
vn -0.1219022 0.7313300 0.6710412
vn -0.0085378 0.7354283 0.6775489
vn -0.0420048 0.7067832 -0.7061821
vn -0.1533287 0.6851008 -0.7121287
vn -0.2331982 0.7094081 0.6651005
vn -0.0420048 0.7067832 -0.7061821
vn -0.2331982 0.7094081 0.6651005
vn -0.1219022 0.7313300 0.6710412
vn -0.1533287 0.6851008 -0.7121287
vn -0.2599116 0.6461724 -0.7175702
vn -0.3397385 0.6703981 0.6596547
vn -0.1533287 0.6851008 -0.7121287
vn -0.3397385 0.6703981 0.6596547
vn -0.2331982 0.7094081 0.6651005
vn -0.2599116 0.6461724 -0.7175702
vn -0.3591261 0.5910299 -0.7222965
vn -0.4388919 0.6151661 0.6549385
vn -0.2599116 0.6461724 -0.7175702
vn -0.4388919 0.6151661 0.6549385
vn -0.3397385 0.6703981 0.6596547
vn -0.3591261 0.5910299 -0.7222965
vn -0.4484480 0.5209585 -0.7262896
vn -0.5282474 0.5451806 0.6509476
vn -0.3591261 0.5910299 -0.7222965
vn -0.5282474 0.5451806 0.6509476
vn -0.4388919 0.6151661 0.6549385
vn -0.4484480 0.5209585 -0.7262896
vn -0.5257427 0.4377285 -0.7293752
vn -0.6056381 0.4620650 0.6478414
vn -0.4484480 0.5209585 -0.7262896
vn -0.6056381 0.4620650 0.6478414
vn -0.5282474 0.5451806 0.6509476
vn -0.5257427 0.4377285 -0.7293752
vn -0.5891632 0.3435058 -0.7313620
vn -0.6690107 0.3677870 0.6458772
vn -0.5257427 0.4377285 -0.7293752
vn -0.6690107 0.3677870 0.6458772
vn -0.6056381 0.4620650 0.6478414
vn -0.5891632 0.3435058 -0.7313620
vn -0.6370627 0.2405237 -0.7323247
vn -0.7169146 0.2648352 0.6448997
vn -0.5891632 0.3435058 -0.7313620
vn -0.7169146 0.2648352 0.6448997
vn -0.6690107 0.3677870 0.6458772
vn -0.6370627 0.2405237 -0.7323247
vn -0.6682875 0.1312928 -0.7322255
vn -0.7481734 0.1556111 0.6449975
vn -0.6370627 0.2405237 -0.7323247
vn -0.7481734 0.1556111 0.6449975
vn -0.7169146 0.2648352 0.6448997
vn -0.6682875 0.1312928 -0.7322255
vn -0.6820820 0.0185405 -0.7310407
vn -0.7619741 0.0428342 0.6461893
vn -0.6682875 0.1312928 -0.7322255
vn -0.7619741 0.0428342 0.6461893
vn -0.7481734 0.1556111 0.6449975
vn -0.6820820 0.0185405 -0.7310407
vn -0.6781134 -0.0949554 -0.7287974
vn -0.7579898 -0.0706633 0.6484274
vn -0.6820820 0.0185405 -0.7310407
vn -0.7579898 -0.0706633 0.6484274
vn -0.7619741 0.0428342 0.6461893
vn -0.6781134 -0.0949554 -0.7287974
vn -0.6564459 -0.2064231 -0.7255814
vn -0.7363374 -0.1821119 0.6516460
vn -0.6781134 -0.0949554 -0.7287974
vn -0.7363374 -0.1821119 0.6516460
vn -0.7579898 -0.0706633 0.6484274
vn -0.6564459 -0.2064231 -0.7255814
vn -0.6176289 -0.3130931 -0.7214620
vn -0.6975376 -0.2888235 0.6557608
vn -0.6564459 -0.2064231 -0.7255814
vn -0.6975376 -0.2888235 0.6557608
vn -0.7363374 -0.1821119 0.6516460
vn -0.6176289 -0.3130931 -0.7214620
vn -0.5626012 -0.4123338 -0.7165618
vn -0.6425669 -0.3881129 0.6606634
vn -0.6176289 -0.3130931 -0.7214620
vn -0.6425669 -0.3881129 0.6606634
vn -0.6975376 -0.2888235 0.6557608
vn -0.5626012 -0.4123338 -0.7165618
vn -0.4928212 -0.5017812 -0.7108747
vn -0.5726929 -0.4774916 0.6663517
vn -0.5626012 -0.4123338 -0.7165618
vn -0.5726929 -0.4774916 0.6663517
vn -0.6425669 -0.3881129 0.6606634
vn -0.4928212 -0.5017812 -0.7108747
vn -0.4098332 -0.5791157 -0.7047424
vn -0.4897588 -0.5549012 0.6724738
vn -0.4928212 -0.5017812 -0.7108747
vn -0.4897588 -0.5549012 0.6724738
vn -0.5726929 -0.4774916 0.6663517
vn -0.4098332 -0.5791157 -0.7047424
vn -0.3157580 -0.6424379 -0.6982623
vn -0.3957533 -0.6183741 0.6789644
vn -0.4098332 -0.5791157 -0.7047424
vn -0.3957533 -0.6183741 0.6789644
vn -0.4897588 -0.5549012 0.6724738
vn -0.3157580 -0.6424379 -0.6982623
vn -0.2130135 -0.6903832 -0.6913727
vn -0.2929169 -0.6661866 0.6858535
vn -0.3157580 -0.6424379 -0.6982623
vn -0.2929169 -0.6661866 0.6858535
vn -0.3957533 -0.6183741 0.6789644
vn -0.2130135 -0.6903832 -0.6913727
vn -0.1040163 -0.7215587 -0.6844952
vn -0.1839006 -0.6973472 0.6927391
vn -0.2130135 -0.6903832 -0.6913727
vn -0.1839006 -0.6973472 0.6927391
vn -0.2929169 -0.6661866 0.6858535
vn -0.1040163 -0.7215587 -0.6844952
vn 0.0085352 -0.7353211 -0.6776651
vn -0.0713309 -0.7110105 0.6995542
vn -0.1040163 -0.7215587 -0.6844952
vn -0.0713309 -0.7110105 0.6995542
vn -0.1839006 -0.6973472 0.6927391
vn 0.0085352 -0.7353211 -0.6776651
vn 0.1218743 -0.7311710 -0.6712195
vn 0.0420144 -0.7069528 0.7060118
vn 0.0085352 -0.7353211 -0.6776651
vn 0.0420144 -0.7069528 0.7060118
vn -0.0713309 -0.7110105 0.6995542
vn 0.1218743 -0.7311710 -0.6712195
vn 0.2331941 -0.7094079 -0.6651022
vn 0.1533210 -0.6851025 0.7121286
vn 0.1218743 -0.7311710 -0.6712195
vn 0.1533210 -0.6851025 0.7121286
vn 0.0420144 -0.7069528 0.7060118
vn 0.2331941 -0.7094079 -0.6651022
vn 0.3398062 -0.6705394 -0.6594759
vn 0.2598424 -0.6460118 0.7177400
vn 0.2331941 -0.7094079 -0.6651022
vn 0.2598424 -0.6460118 0.7177400
vn 0.1533210 -0.6851025 0.7121286
vn 0.3398062 -0.6705394 -0.6594759
vn 0.4389647 -0.6152734 -0.6547891
vn 0.3590569 -0.5909038 0.7224340
vn 0.3398062 -0.6705394 -0.6594759
vn 0.3590569 -0.5909038 0.7224340
vn 0.2598424 -0.6460118 0.7177400
vn 0.4389647 -0.6152734 -0.6547891
vn 0.5282983 -0.5452067 -0.6508844
vn 0.4484266 -0.5209036 0.7263421
vn 0.4389647 -0.6152734 -0.6547891
vn 0.4484266 -0.5209036 0.7263421
vn 0.3590569 -0.5909038 0.7224340
vn 0.5282983 -0.5452067 -0.6508844
vn 0.6056317 -0.4620678 -0.6478453
vn 0.5257363 -0.4377325 0.7293775
vn 0.5282983 -0.5452067 -0.6508844
vn 0.5257363 -0.4377325 0.7293775
vn 0.4484266 -0.5209036 0.7263421
vn 0.6056317 -0.4620678 -0.6478453
vn 0.6690503 -0.3678418 -0.6458049
vn 0.5891083 -0.3434836 0.7314166
vn 0.6056317 -0.4620678 -0.6478453
vn 0.5891083 -0.3434836 0.7314166
vn 0.5257363 -0.4377325 0.7293775
vn 0.6690503 -0.3678418 -0.6458049
vn 0.7169457 -0.2648139 -0.6448739
vn 0.6370425 -0.2405078 0.7323474
vn 0.6690503 -0.3678418 -0.6458049
vn 0.6370425 -0.2405078 0.7323474
vn 0.5891083 -0.3434836 0.7314166
vn 0.7169457 -0.2648139 -0.6448739
vn 0.7481601 -0.1555973 -0.6450163
vn 0.6682996 -0.1312834 0.7322162
vn 0.7169457 -0.2648139 -0.6448739
vn 0.6682996 -0.1312834 0.7322162
vn 0.6370425 -0.2405078 0.7323474
vn 0.7481601 -0.1555973 -0.6450163
vn 0.7619592 -0.0428425 -0.6462063
vn 0.6821068 -0.0185486 0.7310173
vn 0.7481601 -0.1555973 -0.6450163
vn 0.6821068 -0.0185486 0.7310173
vn 0.6682996 -0.1312834 0.7322162
vn 0.7619592 -0.0428425 -0.6462063
vn 0.7579797 0.0706639 -0.6484392
vn 0.6781265 0.0949579 0.7287849
vn 0.7619592 -0.0428425 -0.6462063
vn 0.6781265 0.0949579 0.7287849
vn 0.6821068 -0.0185486 0.7310173
vn 0.7579797 0.0706639 -0.6484392
vn 0.7363016 0.1821015 -0.6516894
vn 0.6564855 0.2064284 0.7255440
vn 0.7579797 0.0706639 -0.6484392
vn 0.6564855 0.2064284 0.7255440
vn 0.6781265 0.0949579 0.7287849
vn 0.0578847 -0.0176133 -0.9981679
vn 0.6975226 0.2888005 -0.6557869
vn 0.7363016 0.1821015 -0.6516894
vn -0.0578845 0.0176132 0.9981679
vn 0.6564855 0.2064284 0.7255440
vn 0.6176558 0.3130963 0.7214374
vn 0.0578847 -0.0176133 -0.9981679
vn 0.6424970 0.3880742 -0.6607541
vn 0.6975226 0.2888005 -0.6557869
vn -0.0578845 0.0176132 0.9981679
vn 0.6176558 0.3130963 0.7214374
vn 0.5626652 0.4123916 0.7164782
vn 0.0578847 -0.0176133 -0.9981679
vn 0.5727065 0.4775128 -0.6663248
vn 0.6424970 0.3880742 -0.6607541
vn -0.0578845 0.0176132 0.9981679
vn 0.5626652 0.4123916 0.7164782
vn 0.4927954 0.5017669 0.7109028
vn 0.0578847 -0.0176133 -0.9981679
vn 0.4897740 0.5549231 -0.6724445
vn 0.5727065 0.4775128 -0.6663248
vn -0.0578845 0.0176132 0.9981679
vn 0.4927954 0.5017669 0.7109028
vn 0.4098105 0.5790954 0.7047721
vn 0.0578847 -0.0176133 -0.9981679
vn 0.3956915 0.6182821 -0.6790842
vn 0.4897740 0.5549231 -0.6724445
vn -0.0578845 0.0176132 0.9981679
vn 0.4098105 0.5790954 0.7047721
vn 0.3158106 0.6425386 0.6981460
vn 0.0578847 -0.0176133 -0.9981679
vn 0.2928856 0.6661111 -0.6859402
vn 0.3956915 0.6182821 -0.6790842
vn -0.0578845 0.0176132 0.9981679
vn 0.3158106 0.6425386 0.6981460
vn 0.2130442 0.6904601 0.6912865
vn 0.0578847 -0.0176133 -0.9981679
vn 0.1838691 0.6972395 -0.6928558
vn 0.2928856 0.6661111 -0.6859402
vn -0.0578845 0.0176132 0.9981679
vn 0.2130442 0.6904601 0.6912865
vn 0.1040345 0.7216687 0.6843765
vn 0.0578847 -0.0176133 -0.9981679
vn 0.0713233 0.7108996 -0.6996675
vn 0.1838691 0.6972395 -0.6928558
vn -0.0578845 0.0176132 0.9981679
vn 0.1040345 0.7216687 0.6843765
vn -0.0085378 0.7354283 0.6775489
vn 0.0578847 -0.0176133 -0.9981679
vn -0.0420048 0.7067832 -0.7061821
vn 0.0713233 0.7108996 -0.6996675
vn -0.0578845 0.0176132 0.9981679
vn -0.0085378 0.7354283 0.6775489
vn -0.1219022 0.7313300 0.6710412
vn 0.0578847 -0.0176133 -0.9981679
vn -0.1533287 0.6851008 -0.7121287
vn -0.0420048 0.7067832 -0.7061821
vn -0.0578845 0.0176132 0.9981679
vn -0.1219022 0.7313300 0.6710412
vn -0.2331982 0.7094081 0.6651005
vn 0.0578847 -0.0176133 -0.9981679
vn -0.2599116 0.6461724 -0.7175702
vn -0.1533287 0.6851008 -0.7121287
vn -0.0578845 0.0176132 0.9981679
vn -0.2331982 0.7094081 0.6651005
vn -0.3397385 0.6703981 0.6596547
vn 0.0578847 -0.0176133 -0.9981679
vn -0.3591261 0.5910299 -0.7222965
vn -0.2599116 0.6461724 -0.7175702
vn -0.0578845 0.0176132 0.9981679
vn -0.3397385 0.6703981 0.6596547
vn -0.4388919 0.6151661 0.6549385
vn 0.0578847 -0.0176133 -0.9981679
vn -0.4484480 0.5209585 -0.7262896
vn -0.3591261 0.5910299 -0.7222965
vn -0.0578845 0.0176132 0.9981679
vn -0.4388919 0.6151661 0.6549385
vn -0.5282474 0.5451806 0.6509476
vn 0.0578847 -0.0176133 -0.9981679
vn -0.5257427 0.4377285 -0.7293752
vn -0.4484480 0.5209585 -0.7262896
vn -0.0578845 0.0176132 0.9981679
vn -0.5282474 0.5451806 0.6509476
vn -0.6056381 0.4620650 0.6478414
vn 0.0578847 -0.0176133 -0.9981679
vn -0.5891632 0.3435058 -0.7313620
vn -0.5257427 0.4377285 -0.7293752
vn -0.0578845 0.0176132 0.9981679
vn -0.6056381 0.4620650 0.6478414
vn -0.6690107 0.3677870 0.6458772
vn 0.0578847 -0.0176133 -0.9981679
vn -0.6370627 0.2405237 -0.7323247
vn -0.5891632 0.3435058 -0.7313620
vn -0.0578845 0.0176132 0.9981679
vn -0.6690107 0.3677870 0.6458772
vn -0.7169146 0.2648352 0.6448997
vn 0.0578847 -0.0176133 -0.9981679
vn -0.6682875 0.1312928 -0.7322255
vn -0.6370627 0.2405237 -0.7323247
vn -0.0578845 0.0176132 0.9981679
vn -0.7169146 0.2648352 0.6448997
vn -0.7481734 0.1556111 0.6449975
vn 0.0578847 -0.0176133 -0.9981679
vn -0.6820820 0.0185405 -0.7310407
vn -0.6682875 0.1312928 -0.7322255
vn -0.0578845 0.0176132 0.9981679
vn -0.7481734 0.1556111 0.6449975
vn -0.7619741 0.0428342 0.6461893
vn 0.0578847 -0.0176133 -0.9981679
vn -0.6781134 -0.0949554 -0.7287974
vn -0.6820820 0.0185405 -0.7310407
vn -0.0578845 0.0176132 0.9981679
vn -0.7619741 0.0428342 0.6461893
vn -0.7579898 -0.0706633 0.6484274
vn 0.0578847 -0.0176133 -0.9981679
vn -0.6564459 -0.2064231 -0.7255814
vn -0.6781134 -0.0949554 -0.7287974
vn -0.0578845 0.0176132 0.9981679
vn -0.7579898 -0.0706633 0.6484274
vn -0.7363374 -0.1821119 0.6516460
vn 0.0578847 -0.0176133 -0.9981679
vn -0.6176289 -0.3130931 -0.7214620
vn -0.6564459 -0.2064231 -0.7255814
vn -0.0578845 0.0176132 0.9981679
vn -0.7363374 -0.1821119 0.6516460
vn -0.6975376 -0.2888235 0.6557608
vn 0.0578847 -0.0176133 -0.9981679
vn -0.5626012 -0.4123338 -0.7165618
vn -0.6176289 -0.3130931 -0.7214620
vn -0.0578845 0.0176132 0.9981679
vn -0.6975376 -0.2888235 0.6557608
vn -0.6425669 -0.3881129 0.6606634
vn 0.0578847 -0.0176133 -0.9981679
vn -0.4928212 -0.5017812 -0.7108747
vn -0.5626012 -0.4123338 -0.7165618
vn -0.0578845 0.0176132 0.9981679
vn -0.6425669 -0.3881129 0.6606634
vn -0.5726929 -0.4774916 0.6663517
vn 0.0578847 -0.0176133 -0.9981679
vn -0.4098332 -0.5791157 -0.7047424
vn -0.4928212 -0.5017812 -0.7108747
vn -0.0578845 0.0176132 0.9981679
vn -0.5726929 -0.4774916 0.6663517
vn -0.4897588 -0.5549012 0.6724738
vn 0.0578847 -0.0176133 -0.9981679
vn -0.3157580 -0.6424379 -0.6982623
vn -0.4098332 -0.5791157 -0.7047424
vn -0.0578845 0.0176132 0.9981679
vn -0.4897588 -0.5549012 0.6724738
vn -0.3957533 -0.6183741 0.6789644
vn 0.0578847 -0.0176133 -0.9981679
vn -0.2130135 -0.6903832 -0.6913727
vn -0.3157580 -0.6424379 -0.6982623
vn -0.0578845 0.0176132 0.9981679
vn -0.3957533 -0.6183741 0.6789644
vn -0.2929169 -0.6661866 0.6858535
vn 0.0578847 -0.0176133 -0.9981679
vn -0.1040163 -0.7215587 -0.6844952
vn -0.2130135 -0.6903832 -0.6913727
vn -0.0578845 0.0176132 0.9981679
vn -0.2929169 -0.6661866 0.6858535
vn -0.1839006 -0.6973472 0.6927391
vn 0.0578847 -0.0176133 -0.9981679
vn 0.0085352 -0.7353211 -0.6776651
vn -0.1040163 -0.7215587 -0.6844952
vn -0.0578845 0.0176132 0.9981679
vn -0.1839006 -0.6973472 0.6927391
vn -0.0713309 -0.7110105 0.6995542
vn 0.0578847 -0.0176133 -0.9981679
vn 0.1218743 -0.7311710 -0.6712195
vn 0.0085352 -0.7353211 -0.6776651
vn -0.0578845 0.0176132 0.9981679
vn -0.0713309 -0.7110105 0.6995542
vn 0.0420144 -0.7069528 0.7060118
vn 0.0578847 -0.0176133 -0.9981679
vn 0.2331941 -0.7094079 -0.6651022
vn 0.1218743 -0.7311710 -0.6712195
vn -0.0578845 0.0176132 0.9981679
vn 0.0420144 -0.7069528 0.7060118
vn 0.1533210 -0.6851025 0.7121286
vn 0.0578847 -0.0176133 -0.9981679
vn 0.3398062 -0.6705394 -0.6594759
vn 0.2331941 -0.7094079 -0.6651022
vn -0.0578845 0.0176132 0.9981679
vn 0.1533210 -0.6851025 0.7121286
vn 0.2598424 -0.6460118 0.7177400
vn 0.0578847 -0.0176133 -0.9981679
vn 0.4389647 -0.6152734 -0.6547891
vn 0.3398062 -0.6705394 -0.6594759
vn -0.0578845 0.0176132 0.9981679
vn 0.2598424 -0.6460118 0.7177400
vn 0.3590569 -0.5909038 0.7224340
vn 0.0578847 -0.0176133 -0.9981679
vn 0.5282983 -0.5452067 -0.6508844
vn 0.4389647 -0.6152734 -0.6547891
vn -0.0578845 0.0176132 0.9981679
vn 0.3590569 -0.5909038 0.7224340
vn 0.4484266 -0.5209036 0.7263421
vn 0.0578847 -0.0176133 -0.9981679
vn 0.6056317 -0.4620678 -0.6478453
vn 0.5282983 -0.5452067 -0.6508844
vn -0.0578845 0.0176132 0.9981679
vn 0.4484266 -0.5209036 0.7263421
vn 0.5257363 -0.4377325 0.7293775
vn 0.0578847 -0.0176133 -0.9981679
vn 0.6690503 -0.3678418 -0.6458049
vn 0.6056317 -0.4620678 -0.6478453
vn -0.0578845 0.0176132 0.9981679
vn 0.5257363 -0.4377325 0.7293775
vn 0.5891083 -0.3434836 0.7314166
vn 0.0578847 -0.0176133 -0.9981679
vn 0.7169457 -0.2648139 -0.6448739
vn 0.6690503 -0.3678418 -0.6458049
vn -0.0578845 0.0176132 0.9981679
vn 0.5891083 -0.3434836 0.7314166
vn 0.6370425 -0.2405078 0.7323474
vn 0.0578847 -0.0176133 -0.9981679
vn 0.7481601 -0.1555973 -0.6450163
vn 0.7169457 -0.2648139 -0.6448739
vn -0.0578845 0.0176132 0.9981679
vn 0.6370425 -0.2405078 0.7323474
vn 0.6682996 -0.1312834 0.7322162
vn 0.0578847 -0.0176133 -0.9981679
vn 0.7619592 -0.0428425 -0.6462063
vn 0.7481601 -0.1555973 -0.6450163
vn -0.0578845 0.0176132 0.9981679
vn 0.6682996 -0.1312834 0.7322162
vn 0.6821068 -0.0185486 0.7310173
vn 0.0578847 -0.0176133 -0.9981679
vn 0.7579797 0.0706639 -0.6484392
vn 0.7619592 -0.0428425 -0.6462063
vn -0.0578845 0.0176132 0.9981679
vn 0.6821068 -0.0185486 0.7310173
vn 0.6781265 0.0949579 0.7287849
vn 0.0578847 -0.0176133 -0.9981679
vn 0.7363016 0.1821015 -0.6516894
vn 0.7579797 0.0706639 -0.6484392
vn -0.0578845 0.0176132 0.9981679
vn 0.6781265 0.0949579 0.7287849
vn 0.6564855 0.2064284 0.7255440
vn 0.7079785 -0.1248398 -0.6951125
vn 0.7149462 -0.0115360 -0.6990843
vn 0.7325760 0.0356424 0.6797515
vn 0.7079785 -0.1248398 -0.6951125
vn 0.7325760 0.0356424 0.6797515
vn 0.7255945 -0.0776840 0.6837234
vn 0.7149462 -0.0115360 -0.6990843
vn 0.7041001 0.1014914 -0.7028105
vn 0.7217298 0.1486516 0.6760243
vn 0.7149462 -0.0115360 -0.6990843
vn 0.7217298 0.1486516 0.6760243
vn 0.7325760 0.0356424 0.6797515
vn 0.7041001 0.1014914 -0.7028105
vn 0.6757097 0.2114219 -0.7061990
vn 0.6933188 0.2585950 0.6726348
vn 0.7041001 0.1014914 -0.7028105
vn 0.6933188 0.2585950 0.6726348
vn 0.7217298 0.1486516 0.6760243
vn 0.6757097 0.2114219 -0.7061990
vn 0.6304938 0.3156075 -0.7091329
vn 0.6480247 0.3627131 0.6697038
vn 0.6757097 0.2114219 -0.7061990
vn 0.6480247 0.3627131 0.6697038
vn 0.6933188 0.2585950 0.6726348
vn 0.6304938 0.3156075 -0.7091329
vn 0.5694494 0.4113687 -0.7116904
vn 0.5870696 0.4585415 0.6671499
vn 0.6304938 0.3156075 -0.7091329
vn 0.5870696 0.4585415 0.6671499
vn 0.6480247 0.3627131 0.6697038
vn 0.5694494 0.4113687 -0.7116904
vn 0.4941846 0.4964204 -0.7136865
vn 0.5118712 0.5436619 0.6651463
vn 0.5694494 0.4113687 -0.7116904
vn 0.5118712 0.5436619 0.6651463
vn 0.5870696 0.4585415 0.6671499
vn 0.4941846 0.4964204 -0.7136865
vn 0.4066055 0.5687819 -0.7149540
vn 0.4241986 0.6158950 0.6638743
vn 0.4941846 0.4964204 -0.7136865
vn 0.4241986 0.6158950 0.6638743
vn 0.5118712 0.5436619 0.6651463
vn 0.4066055 0.5687819 -0.7149540
vn 0.3087440 0.6264521 -0.7157058
vn 0.3263511 0.6735971 0.6631454
vn 0.4066055 0.5687819 -0.7149540
vn 0.3263511 0.6735971 0.6631454
vn 0.4241986 0.6158950 0.6638743
vn 0.3087440 0.6264521 -0.7157058
vn 0.2030973 0.6681815 -0.7157409
vn 0.2206996 0.7152610 0.6630939
vn 0.3087440 0.6264521 -0.7157058
vn 0.2206996 0.7152610 0.6630939
vn 0.3263511 0.6735971 0.6631454
vn 0.2030973 0.6681815 -0.7157409
vn 0.0921811 0.6928176 -0.7151967
vn 0.1097978 0.7399577 0.6636317
vn 0.2030973 0.6681815 -0.7157409
vn 0.1097978 0.7399577 0.6636317
vn 0.2206996 0.7152610 0.6630939
vn 0.0921811 0.6928176 -0.7151967
vn -0.0211879 0.6997938 -0.7140306
vn -0.0035633 0.7469964 0.6648185
vn 0.0921811 0.6928176 -0.7151967
vn -0.0035633 0.7469964 0.6648185
vn 0.1097978 0.7399577 0.6636317
vn -0.0211879 0.6997938 -0.7140306
vn -0.1342443 0.6890266 -0.7121943
vn -0.1166184 0.7362076 0.6666322
vn -0.0211879 0.6997938 -0.7140306
vn -0.1166184 0.7362076 0.6666322
vn -0.0035633 0.7469964 0.6648185
vn -0.1342443 0.6890266 -0.7121943
vn -0.2442087 0.6606243 -0.7098857
vn -0.2266333 0.7079180 0.6689465
vn -0.1342443 0.6890266 -0.7121943
vn -0.2266333 0.7079180 0.6689465
vn -0.1166184 0.7362076 0.6666322
vn -0.2442087 0.6606243 -0.7098857
vn -0.3483762 0.6153975 -0.7070502
vn -0.3308513 0.6627641 0.6717746
vn -0.2442087 0.6606243 -0.7098857
vn -0.3308513 0.6627641 0.6717746
vn -0.2266333 0.7079180 0.6689465
vn -0.3483762 0.6153975 -0.7070502
vn -0.4442161 0.5545306 -0.7036817
vn -0.4266459 0.6017780 0.6751568
vn -0.3483762 0.6153975 -0.7070502
vn -0.4266459 0.6017780 0.6751568
vn -0.3308513 0.6627641 0.6717746
vn -0.4442161 0.5545306 -0.7036817
vn -0.5293008 0.4793791 -0.7000260
vn -0.5117499 0.5266244 0.6788068
vn -0.4442161 0.5545306 -0.7036817
vn -0.5117499 0.5266244 0.6788068
vn -0.4266459 0.6017780 0.6751568
vn -0.5293008 0.4793791 -0.7000260
vn -0.6016019 0.3918501 -0.6960809
vn -0.5840169 0.4390564 0.6827545
vn -0.5293008 0.4793791 -0.7000260
vn -0.5840169 0.4390564 0.6827545
vn -0.5117499 0.5266244 0.6788068
vn -0.6016019 0.3918501 -0.6960809
vn -0.6593120 0.2941037 -0.6919615
vn -0.6416761 0.3412525 0.6868761
vn -0.6016019 0.3918501 -0.6960809
vn -0.6416761 0.3412525 0.6868761
vn -0.5840169 0.4390564 0.6827545
vn -0.6593120 0.2941037 -0.6919615
vn -0.7009813 0.1884899 -0.6878203
vn -0.6833463 0.2356661 0.6910133
vn -0.6593120 0.2941037 -0.6919615
vn -0.6833463 0.2356661 0.6910133
vn -0.6416761 0.3412525 0.6868761
vn -0.7009813 0.1884899 -0.6878203
vn -0.7255927 0.0776683 -0.6837272
vn -0.7079811 0.1248479 0.6951085
vn -0.7009813 0.1884899 -0.6878203
vn -0.7079811 0.1248479 0.6951085
vn -0.6833463 0.2356661 0.6910133
vn -0.7255927 0.0776683 -0.6837272
vn -0.7325731 -0.0356452 -0.6797543
vn -0.7149506 0.0115301 0.6990798
vn -0.7255927 0.0776683 -0.6837272
vn -0.7149506 0.0115301 0.6990798
vn -0.7079811 0.1248479 0.6951085
vn -0.7325731 -0.0356452 -0.6797543
vn -0.7217426 -0.1486693 -0.6760068
vn -0.7040821 -0.1014791 0.7028303
vn -0.7325731 -0.0356452 -0.6797543
vn -0.7040821 -0.1014791 0.7028303
vn -0.7149506 0.0115301 0.6990798
vn -0.7217426 -0.1486693 -0.6760068
vn -0.6933284 -0.2585901 -0.6726269
vn -0.6756989 -0.2114281 0.7062075
vn -0.7217426 -0.1486693 -0.6760068
vn -0.6756989 -0.2114281 0.7062075
vn -0.7040821 -0.1014791 0.7028303
vn -0.6933284 -0.2585901 -0.6726269
vn -0.6480752 -0.3627359 -0.6696426
vn -0.6304445 -0.3155576 0.7091990
vn -0.6933284 -0.2585901 -0.6726269
vn -0.6304445 -0.3155576 0.7091990
vn -0.6756989 -0.2114281 0.7062075
vn -0.6480752 -0.3627359 -0.6696426
vn -0.5870760 -0.4585475 -0.6671401
vn -0.5694557 -0.4113738 0.7116824
vn -0.6480752 -0.3627359 -0.6696426
vn -0.5694557 -0.4113738 0.7116824
vn -0.6304445 -0.3155576 0.7091990
vn -0.5870760 -0.4585475 -0.6671401
vn -0.5118402 -0.5436373 -0.6651904
vn -0.4941977 -0.4964573 0.7136518
vn -0.5870760 -0.4585475 -0.6671401
vn -0.4941977 -0.4964573 0.7136518
vn -0.5694557 -0.4113738 0.7116824
vn -0.5118402 -0.5436373 -0.6651904
vn -0.4242437 -0.6159363 -0.6638070
vn -0.4065812 -0.5687070 0.7150273
vn -0.5118402 -0.5436373 -0.6651904
vn -0.4065812 -0.5687070 0.7150273
vn -0.4941977 -0.4964573 0.7136518
vn -0.4242437 -0.6159363 -0.6638070
vn -0.3263612 -0.6736194 -0.6631178
vn -0.3087405 -0.6264509 0.7157084
vn -0.4242437 -0.6159363 -0.6638070
vn -0.3087405 -0.6264509 0.7157084
vn -0.4065812 -0.5687070 0.7150273
vn -0.3263612 -0.6736194 -0.6631178
vn -0.2206782 -0.7152765 -0.6630842
vn -0.2030758 -0.6681641 0.7157632
vn -0.3263612 -0.6736194 -0.6631178
vn -0.2030758 -0.6681641 0.7157632
vn -0.3087405 -0.6264509 0.7157084
vn -0.2206782 -0.7152765 -0.6630842
vn -0.1098230 -0.7399363 -0.6636514
vn -0.0922030 -0.6928237 0.7151881
vn -0.2206782 -0.7152765 -0.6630842
vn -0.0922030 -0.6928237 0.7151881
vn -0.2030758 -0.6681641 0.7157632
vn -0.1098230 -0.7399363 -0.6636514
vn 0.0035619 -0.7470198 -0.6647924
vn 0.0211841 -0.6997918 0.7140326
vn -0.1098230 -0.7399363 -0.6636514
vn 0.0211841 -0.6997918 0.7140326
vn -0.0922030 -0.6928237 0.7151881
vn 0.0035619 -0.7470198 -0.6647924
vn 0.1166381 -0.7361853 -0.6666535
vn 0.1342635 -0.6890322 0.7121853
vn 0.0035619 -0.7470198 -0.6647924
vn 0.1342635 -0.6890322 0.7121853
vn 0.0211841 -0.6997918 0.7140326
vn 0.1166381 -0.7361853 -0.6666535
vn 0.2266191 -0.7078868 -0.6689845
vn 0.2442255 -0.6606552 0.7098511
vn 0.1166381 -0.7361853 -0.6666535
vn 0.2442255 -0.6606552 0.7098511
vn 0.1342635 -0.6890322 0.7121853
vn 0.2266191 -0.7078868 -0.6689845
vn 0.3307918 -0.6626353 -0.6719310
vn 0.3484418 -0.6155316 0.7069012
vn 0.2266191 -0.7078868 -0.6689845
vn 0.3484418 -0.6155316 0.7069012
vn 0.2442255 -0.6606552 0.7098511
vn 0.3307918 -0.6626353 -0.6719310
vn 0.4265905 -0.6016893 -0.6752707
vn 0.4442774 -0.5546204 0.7035722
vn 0.3307918 -0.6626353 -0.6719310
vn 0.4442774 -0.5546204 0.7035722
vn 0.3484418 -0.6155316 0.7069012
vn 0.4265905 -0.6016893 -0.6752707
vn 0.5116977 -0.5265689 -0.6788893
vn 0.5293520 -0.4794416 0.6999444
vn 0.4265905 -0.6016893 -0.6752707
vn 0.5293520 -0.4794416 0.6999444
vn 0.4442774 -0.5546204 0.7035722
vn 0.5116977 -0.5265689 -0.6788893
vn 0.5839524 -0.4390023 -0.6828446
vn 0.6016680 -0.3919077 0.6959914
vn 0.5116977 -0.5265689 -0.6788893
vn 0.6016680 -0.3919077 0.6959914
vn 0.5293520 -0.4794416 0.6999444
vn 0.5839524 -0.4390023 -0.6828446
vn 0.6416680 -0.3412558 -0.6868817
vn 0.6593208 -0.2940953 0.6919566
vn 0.5839524 -0.4390023 -0.6828446
vn 0.6593208 -0.2940953 0.6919566
vn 0.6016680 -0.3919077 0.6959914
vn 0.6416680 -0.3412558 -0.6868817
vn 0.6833594 -0.2356612 -0.6910019
vn 0.7009665 -0.1884991 0.6878330
vn 0.6416680 -0.3412558 -0.6868817
vn 0.7009665 -0.1884991 0.6878330
vn 0.6593208 -0.2940953 0.6919566
vn 0.6833594 -0.2356612 -0.6910019
vn 0.7079785 -0.1248398 -0.6951125
vn 0.7255945 -0.0776840 0.6837234
vn 0.6833594 -0.2356612 -0.6910019
vn 0.7255945 -0.0776840 0.6837234
vn 0.7009665 -0.1884991 0.6878330
vn -0.0127731 -0.0341858 -0.9993338
vn 0.7149462 -0.0115360 -0.6990843
vn 0.7079785 -0.1248398 -0.6951125
vn 0.0127732 0.0341857 0.9993338
vn 0.7255945 -0.0776840 0.6837234
vn 0.7325760 0.0356424 0.6797515
vn -0.0127731 -0.0341858 -0.9993338
vn 0.7041001 0.1014914 -0.7028105
vn 0.7149462 -0.0115360 -0.6990843
vn 0.0127732 0.0341857 0.9993338
vn 0.7325760 0.0356424 0.6797515
vn 0.7217298 0.1486516 0.6760243
vn -0.0127731 -0.0341858 -0.9993338
vn 0.6757097 0.2114219 -0.7061990
vn 0.7041001 0.1014914 -0.7028105
vn 0.0127732 0.0341857 0.9993338
vn 0.7217298 0.1486516 0.6760243
vn 0.6933188 0.2585950 0.6726348
vn -0.0127731 -0.0341858 -0.9993338
vn 0.6304938 0.3156075 -0.7091329
vn 0.6757097 0.2114219 -0.7061990
vn 0.0127732 0.0341857 0.9993338
vn 0.6933188 0.2585950 0.6726348
vn 0.6480247 0.3627131 0.6697038
vn -0.0127731 -0.0341858 -0.9993338
vn 0.5694494 0.4113687 -0.7116904
vn 0.6304938 0.3156075 -0.7091329
vn 0.0127732 0.0341857 0.9993338
vn 0.6480247 0.3627131 0.6697038
vn 0.5870696 0.4585415 0.6671499
vn -0.0127731 -0.0341858 -0.9993338
vn 0.4941846 0.4964204 -0.7136865
vn 0.5694494 0.4113687 -0.7116904
vn 0.0127732 0.0341857 0.9993338
vn 0.5870696 0.4585415 0.6671499
vn 0.5118712 0.5436619 0.6651463
vn -0.0127731 -0.0341858 -0.9993338
vn 0.4066055 0.5687819 -0.7149540
vn 0.4941846 0.4964204 -0.7136865
vn 0.0127732 0.0341857 0.9993338
vn 0.5118712 0.5436619 0.6651463
vn 0.4241986 0.6158950 0.6638743
vn -0.0127731 -0.0341858 -0.9993338
vn 0.3087440 0.6264521 -0.7157058
vn 0.4066055 0.5687819 -0.7149540
vn 0.0127732 0.0341857 0.9993338
vn 0.4241986 0.6158950 0.6638743
vn 0.3263511 0.6735971 0.6631454
vn -0.0127731 -0.0341858 -0.9993338
vn 0.2030973 0.6681815 -0.7157409
vn 0.3087440 0.6264521 -0.7157058
vn 0.0127732 0.0341857 0.9993338
vn 0.3263511 0.6735971 0.6631454
vn 0.2206996 0.7152610 0.6630939
vn -0.0127731 -0.0341858 -0.9993338
vn 0.0921811 0.6928176 -0.7151967
vn 0.2030973 0.6681815 -0.7157409
vn 0.0127732 0.0341857 0.9993338
vn 0.2206996 0.7152610 0.6630939
vn 0.1097978 0.7399577 0.6636317
vn -0.0127731 -0.0341858 -0.9993338
vn -0.0211879 0.6997938 -0.7140306
vn 0.0921811 0.6928176 -0.7151967
vn 0.0127732 0.0341857 0.9993338
vn 0.1097978 0.7399577 0.6636317
vn -0.0035633 0.7469964 0.6648185
vn -0.0127731 -0.0341858 -0.9993338
vn -0.1342443 0.6890266 -0.7121943
vn -0.0211879 0.6997938 -0.7140306
vn 0.0127732 0.0341857 0.9993338
vn -0.0035633 0.7469964 0.6648185
vn -0.1166184 0.7362076 0.6666322
vn -0.0127731 -0.0341858 -0.9993338
vn -0.2442087 0.6606243 -0.7098857
vn -0.1342443 0.6890266 -0.7121943
vn 0.0127732 0.0341857 0.9993338
vn -0.1166184 0.7362076 0.6666322
vn -0.2266333 0.7079180 0.6689465
vn -0.0127731 -0.0341858 -0.9993338
vn -0.3483762 0.6153975 -0.7070502
vn -0.2442087 0.6606243 -0.7098857
vn 0.0127732 0.0341857 0.9993338
vn -0.2266333 0.7079180 0.6689465
vn -0.3308513 0.6627641 0.6717746
vn -0.0127731 -0.0341858 -0.9993338
vn -0.4442161 0.5545306 -0.7036817
vn -0.3483762 0.6153975 -0.7070502
vn 0.0127732 0.0341857 0.9993338
vn -0.3308513 0.6627641 0.6717746
vn -0.4266459 0.6017780 0.6751568
vn -0.0127731 -0.0341858 -0.9993338
vn -0.5293008 0.4793791 -0.7000260
vn -0.4442161 0.5545306 -0.7036817
vn 0.0127732 0.0341857 0.9993338
vn -0.4266459 0.6017780 0.6751568
vn -0.5117499 0.5266244 0.6788068
vn -0.0127731 -0.0341858 -0.9993338
vn -0.6016019 0.3918501 -0.6960809
vn -0.5293008 0.4793791 -0.7000260
vn 0.0127732 0.0341857 0.9993338
vn -0.5117499 0.5266244 0.6788068
vn -0.5840169 0.4390564 0.6827545
vn -0.0127731 -0.0341858 -0.9993338
vn -0.6593120 0.2941037 -0.6919615
vn -0.6016019 0.3918501 -0.6960809
vn 0.0127732 0.0341857 0.9993338
vn -0.5840169 0.4390564 0.6827545
vn -0.6416761 0.3412525 0.6868761
vn -0.0127731 -0.0341858 -0.9993338
vn -0.7009813 0.1884899 -0.6878203
vn -0.6593120 0.2941037 -0.6919615
vn 0.0127732 0.0341857 0.9993338
vn -0.6416761 0.3412525 0.6868761
vn -0.6833463 0.2356661 0.6910133
vn -0.0127731 -0.0341858 -0.9993338
vn -0.7255927 0.0776683 -0.6837272
vn -0.7009813 0.1884899 -0.6878203
vn 0.0127732 0.0341857 0.9993338
vn -0.6833463 0.2356661 0.6910133
vn -0.7079811 0.1248479 0.6951085
vn -0.0127731 -0.0341858 -0.9993338
vn -0.7325731 -0.0356452 -0.6797543
vn -0.7255927 0.0776683 -0.6837272
vn 0.0127732 0.0341857 0.9993338
vn -0.7079811 0.1248479 0.6951085
vn -0.7149506 0.0115301 0.6990798
vn -0.0127731 -0.0341858 -0.9993338
vn -0.7217426 -0.1486693 -0.6760068
vn -0.7325731 -0.0356452 -0.6797543
vn 0.0127732 0.0341857 0.9993338
vn -0.7149506 0.0115301 0.6990798
vn -0.7040821 -0.1014791 0.7028303
vn -0.0127731 -0.0341858 -0.9993338
vn -0.6933284 -0.2585901 -0.6726269
vn -0.7217426 -0.1486693 -0.6760068
vn 0.0127732 0.0341857 0.9993338
vn -0.7040821 -0.1014791 0.7028303
vn -0.6756989 -0.2114281 0.7062075
vn -0.0127731 -0.0341858 -0.9993338
vn -0.6480752 -0.3627359 -0.6696426
vn -0.6933284 -0.2585901 -0.6726269
vn 0.0127732 0.0341857 0.9993338
vn -0.6756989 -0.2114281 0.7062075
vn -0.6304445 -0.3155576 0.7091990
vn -0.0127731 -0.0341858 -0.9993338
vn -0.5870760 -0.4585475 -0.6671401
vn -0.6480752 -0.3627359 -0.6696426
vn 0.0127732 0.0341857 0.9993338
vn -0.6304445 -0.3155576 0.7091990
vn -0.5694557 -0.4113738 0.7116824
vn -0.0127731 -0.0341858 -0.9993338
vn -0.5118402 -0.5436373 -0.6651904
vn -0.5870760 -0.4585475 -0.6671401
vn 0.0127732 0.0341857 0.9993338
vn -0.5694557 -0.4113738 0.7116824
vn -0.4941977 -0.4964573 0.7136518
vn -0.0127731 -0.0341858 -0.9993338
vn -0.4242437 -0.6159363 -0.6638070
vn -0.5118402 -0.5436373 -0.6651904
vn 0.0127732 0.0341857 0.9993338
vn -0.4941977 -0.4964573 0.7136518
vn -0.4065812 -0.5687070 0.7150273
vn -0.0127731 -0.0341858 -0.9993338
vn -0.3263612 -0.6736194 -0.6631178
vn -0.4242437 -0.6159363 -0.6638070
vn 0.0127732 0.0341857 0.9993338
vn -0.4065812 -0.5687070 0.7150273
vn -0.3087405 -0.6264509 0.7157084
vn -0.0127731 -0.0341858 -0.9993338
vn -0.2206782 -0.7152765 -0.6630842
vn -0.3263612 -0.6736194 -0.6631178
vn 0.0127732 0.0341857 0.9993338
vn -0.3087405 -0.6264509 0.7157084
vn -0.2030758 -0.6681641 0.7157632
vn -0.0127731 -0.0341858 -0.9993338
vn -0.1098230 -0.7399363 -0.6636514
vn -0.2206782 -0.7152765 -0.6630842
vn 0.0127732 0.0341857 0.9993338
vn -0.2030758 -0.6681641 0.7157632
vn -0.0922030 -0.6928237 0.7151881
vn -0.0127731 -0.0341858 -0.9993338
vn 0.0035619 -0.7470198 -0.6647924
vn -0.1098230 -0.7399363 -0.6636514
vn 0.0127732 0.0341857 0.9993338
vn -0.0922030 -0.6928237 0.7151881
vn 0.0211841 -0.6997918 0.7140326
vn -0.0127731 -0.0341858 -0.9993338
vn 0.1166381 -0.7361853 -0.6666535
vn 0.0035619 -0.7470198 -0.6647924
vn 0.0127732 0.0341857 0.9993338
vn 0.0211841 -0.6997918 0.7140326
vn 0.1342635 -0.6890322 0.7121853
vn -0.0127731 -0.0341858 -0.9993338
vn 0.2266191 -0.7078868 -0.6689845
vn 0.1166381 -0.7361853 -0.6666535
vn 0.0127732 0.0341857 0.9993338
vn 0.1342635 -0.6890322 0.7121853
vn 0.2442255 -0.6606552 0.7098511
vn -0.0127731 -0.0341858 -0.9993338
vn 0.3307918 -0.6626353 -0.6719310
vn 0.2266191 -0.7078868 -0.6689845
vn 0.0127732 0.0341857 0.9993338
vn 0.2442255 -0.6606552 0.7098511
vn 0.3484418 -0.6155316 0.7069012
vn -0.0127731 -0.0341858 -0.9993338
vn 0.4265905 -0.6016893 -0.6752707
vn 0.3307918 -0.6626353 -0.6719310
vn 0.0127732 0.0341857 0.9993338
vn 0.3484418 -0.6155316 0.7069012
vn 0.4442774 -0.5546204 0.7035722
vn -0.0127731 -0.0341858 -0.9993338
vn 0.5116977 -0.5265689 -0.6788893
vn 0.4265905 -0.6016893 -0.6752707
vn 0.0127732 0.0341857 0.9993338
vn 0.4442774 -0.5546204 0.7035722
vn 0.5293520 -0.4794416 0.6999444
vn -0.0127731 -0.0341858 -0.9993338
vn 0.5839524 -0.4390023 -0.6828446
vn 0.5116977 -0.5265689 -0.6788893
vn 0.0127732 0.0341857 0.9993338
vn 0.5293520 -0.4794416 0.6999444
vn 0.6016680 -0.3919077 0.6959914
vn -0.0127731 -0.0341858 -0.9993338
vn 0.6416680 -0.3412558 -0.6868817
vn 0.5839524 -0.4390023 -0.6828446
vn 0.0127732 0.0341857 0.9993338
vn 0.6016680 -0.3919077 0.6959914
vn 0.6593208 -0.2940953 0.6919566
vn -0.0127731 -0.0341858 -0.9993338
vn 0.6833594 -0.2356612 -0.6910019
vn 0.6416680 -0.3412558 -0.6868817
vn 0.0127732 0.0341857 0.9993338
vn 0.6593208 -0.2940953 0.6919566
vn 0.7009665 -0.1884991 0.6878330
vn -0.0127731 -0.0341858 -0.9993338
vn 0.7079785 -0.1248398 -0.6951125
vn 0.6833594 -0.2356612 -0.6910019
vn 0.0127732 0.0341857 0.9993338
vn 0.7009665 -0.1884991 0.6878330
vn 0.7255945 -0.0776840 0.6837234
vn 0.6913025 -0.1150457 -0.7133480
vn 0.7005751 -0.0018450 -0.7135764
vn 0.7464709 -0.0027848 0.6654122
vn 0.6913025 -0.1150457 -0.7133480
vn 0.7464709 -0.0027848 0.6654122
vn 0.7371927 -0.1159867 0.6656529
vn 0.7005751 -0.0018450 -0.7135764
vn 0.6920334 0.1114292 -0.7132135
vn 0.7379245 0.1104883 0.6657775
vn 0.7005751 -0.0018450 -0.7135764
vn 0.7379245 0.1104883 0.6657775
vn 0.7464709 -0.0027848 0.6654122
vn 0.6920334 0.1114292 -0.7132135
vn 0.6658891 0.2219827 -0.7122607
vn 0.7117699 0.2210399 0.6667270
vn 0.6920334 0.1114292 -0.7132135
vn 0.7117699 0.2210399 0.6667270
vn 0.7379245 0.1104883 0.6657775
vn 0.6658891 0.2219827 -0.7122607
vn 0.6228055 0.3270796 -0.7107266
vn 0.6686270 0.3261052 0.6682764
vn 0.6658891 0.2219827 -0.7122607
vn 0.6686270 0.3261052 0.6682764
vn 0.7117699 0.2210399 0.6667270
vn 0.6228055 0.3270796 -0.7107266
vn 0.5637972 0.4241240 -0.7086971
vn 0.6096371 0.4231446 0.6702919
vn 0.6228055 0.3270796 -0.7107266
vn 0.6096371 0.4231446 0.6702919
vn 0.6686270 0.3261052 0.6682764
vn 0.5637972 0.4241240 -0.7086971
vn 0.4903022 0.5107344 -0.7062252
vn 0.5361975 0.5097991 0.6727533
vn 0.5637972 0.4241240 -0.7086971
vn 0.5361975 0.5097991 0.6727533
vn 0.6096371 0.4231446 0.6702919
vn 0.4903022 0.5107344 -0.7062252
vn 0.4041883 0.5847567 -0.7033430
vn 0.4501079 0.5838562 0.6756589
vn 0.4903022 0.5107344 -0.7062252
vn 0.4501079 0.5838562 0.6756589
vn 0.5361975 0.5097991 0.6727533
vn 0.4041883 0.5847567 -0.7033430
vn 0.3075943 0.6444123 -0.7000846
vn 0.3535077 0.6435245 0.6789026
vn 0.4041883 0.5847567 -0.7033430
vn 0.3535077 0.6435245 0.6789026
vn 0.4501079 0.5838562 0.6756589
vn 0.3075943 0.6444123 -0.7000846
vn 0.2028459 0.6883061 -0.6964828
vn 0.2487105 0.6872683 0.6824993
vn 0.3075943 0.6444123 -0.7000846
vn 0.2487105 0.6872683 0.6824993
vn 0.3535077 0.6435245 0.6789026
vn 0.2028459 0.6883061 -0.6964828
vn 0.0925352 0.7151231 -0.6928465
vn 0.1384268 0.7141528 0.6861660
vn 0.2028459 0.6883061 -0.6964828
vn 0.1384268 0.7141528 0.6861660
vn 0.2487105 0.6872683 0.6824993
vn 0.0925352 0.7151231 -0.6928465
vn -0.0205941 0.7243575 -0.6891170
vn 0.0252937 0.7234967 0.6898643
vn 0.0925352 0.7151231 -0.6928465
vn 0.0252937 0.7234967 0.6898643
vn 0.1384268 0.7141528 0.6861660
vn -0.0205941 0.7243575 -0.6891170
vn -0.1338265 0.7158018 -0.6853600
vn -0.0879539 0.7149460 0.6936256
vn -0.0205941 0.7243575 -0.6891170
vn -0.0879539 0.7149460 0.6936256
vn 0.0252937 0.7234967 0.6898643
vn -0.1338265 0.7158018 -0.6853600
vn -0.2443258 0.6896757 -0.6816543
vn -0.1984283 0.6887243 0.6973414
vn -0.1338265 0.7158018 -0.6853600
vn -0.1984283 0.6887243 0.6973414
vn -0.0879539 0.7149460 0.6936256
vn -0.2443258 0.6896757 -0.6816543
vn -0.3493290 0.6465291 -0.6782104
vn -0.3034466 0.6456153 0.7007861
vn -0.2443258 0.6896757 -0.6816543
vn -0.3034466 0.6456153 0.7007861
vn -0.1984283 0.6887243 0.6973414
vn -0.3493290 0.6465291 -0.6782104
vn -0.4463167 0.5874749 -0.6750368
vn -0.4004633 0.5865883 0.7039484
vn -0.3493290 0.6465291 -0.6782104
vn -0.4004633 0.5865883 0.7039484
vn -0.3034466 0.6456153 0.7007861
vn -0.4463167 0.5874749 -0.6750368
vn -0.5329214 0.5139682 -0.6721841
vn -0.4870515 0.5130441 0.7068004
vn -0.4463167 0.5874749 -0.6750368
vn -0.4870515 0.5130441 0.7068004
vn -0.4004633 0.5865883 0.7039484
vn -0.5329214 0.5139682 -0.6721841
vn -0.6069286 0.4278309 -0.6697747
vn -0.5610409 0.4268868 0.7092254
vn -0.5329214 0.5139682 -0.6721841
vn -0.5610409 0.4268868 0.7092254
vn -0.4870515 0.5130441 0.7068004
vn -0.6069286 0.4278309 -0.6697747
vn -0.6665612 0.3311822 -0.6678432
vn -0.6206550 0.3302339 0.7111491
vn -0.6069286 0.4278309 -0.6697747
vn -0.6206550 0.3302339 0.7111491
vn -0.5610409 0.4268868 0.7092254
vn -0.6665612 0.3311822 -0.6678432
vn -0.7103310 0.2263684 -0.6664737
vn -0.6644531 0.2254320 0.7125185
vn -0.6665612 0.3311822 -0.6678432
vn -0.6644531 0.2254320 0.7125185
vn -0.6206550 0.3302339 0.7111491
vn -0.7103310 0.2263684 -0.6664737
vn -0.7371973 0.1160144 -0.6656430
vn -0.6913007 0.1150725 0.7133454
vn -0.7103310 0.2263684 -0.6664737
vn -0.6913007 0.1150725 0.7133454
vn -0.6644531 0.2254320 0.7125185
vn -0.7371973 0.1160144 -0.6656430
vn -0.7464684 0.0027947 -0.6654149
vn -0.7005734 0.0018548 0.7135778
vn -0.7371973 0.1160144 -0.6656430
vn -0.7005734 0.0018548 0.7135778
vn -0.6913007 0.1150725 0.7133454
vn -0.7464684 0.0027947 -0.6654149
vn -0.7379208 -0.1104985 -0.6657800
vn -0.6920374 -0.1114403 0.7132078
vn -0.7464684 0.0027947 -0.6654149
vn -0.6920374 -0.1114403 0.7132078
vn -0.7005734 0.0018548 0.7135778
vn -0.7379208 -0.1104985 -0.6657800
vn -0.7117672 -0.2210420 -0.6667292
vn -0.6658866 -0.2219841 0.7122626
vn -0.7379208 -0.1104985 -0.6657800
vn -0.6658866 -0.2219841 0.7122626
vn -0.6920374 -0.1114403 0.7132078
vn -0.7117672 -0.2210420 -0.6667292
vn -0.6686770 -0.3261420 -0.6682084
vn -0.6227565 -0.3270669 0.7107752
vn -0.7117672 -0.2210420 -0.6667292
vn -0.6227565 -0.3270669 0.7107752
vn -0.6658866 -0.2219841 0.7122626
vn -0.6686770 -0.3261420 -0.6682084
vn -0.6096703 -0.4231797 -0.6702395
vn -0.5637413 -0.4240938 0.7087597
vn -0.6686770 -0.3261420 -0.6682084
vn -0.5637413 -0.4240938 0.7087597
vn -0.6227565 -0.3270669 0.7107752
vn -0.6096703 -0.4231797 -0.6702395
vn -0.5362284 -0.5097906 -0.6727352
vn -0.4902981 -0.5106867 0.7062627
vn -0.6096703 -0.4231797 -0.6702395
vn -0.4902981 -0.5106867 0.7062627
vn -0.5637413 -0.4240938 0.7087597
vn -0.5362284 -0.5097906 -0.6727352
vn -0.4500913 -0.5838255 -0.6756964
vn -0.4042313 -0.5848047 0.7032784
vn -0.5362284 -0.5097906 -0.6727352
vn -0.4042313 -0.5848047 0.7032784
vn -0.4902981 -0.5106867 0.7062627
vn -0.4500913 -0.5838255 -0.6756964
vn -0.3534299 -0.6433921 -0.6790683
vn -0.3076367 -0.6445571 0.6999328
vn -0.4500913 -0.5838255 -0.6756964
vn -0.3076367 -0.6445571 0.6999328
vn -0.4042313 -0.5848047 0.7032784
vn -0.3534299 -0.6433921 -0.6790683
vn -0.2487273 -0.6872713 -0.6824902
vn -0.2028608 -0.6882817 0.6965026
vn -0.3534299 -0.6433921 -0.6790683
vn -0.2028608 -0.6882817 0.6965026
vn -0.3076367 -0.6445571 0.6999328
vn -0.2487273 -0.6872713 -0.6824902
vn -0.1384329 -0.7142183 -0.6860965
vn -0.0925351 -0.7150794 0.6928915
vn -0.2487273 -0.6872713 -0.6824902
vn -0.0925351 -0.7150794 0.6928915
vn -0.2028608 -0.6882817 0.6965026
vn -0.1384329 -0.7142183 -0.6860965
vn -0.0252495 -0.7233796 -0.6899887
vn 0.0206358 -0.7244741 0.6889931
vn -0.1384329 -0.7142183 -0.6860965
vn 0.0206358 -0.7244741 0.6889931
vn -0.0925351 -0.7150794 0.6928915
vn -0.0252495 -0.7233796 -0.6899887
vn 0.0879355 -0.7148376 -0.6937397
vn 0.1338463 -0.7158858 0.6852683
vn -0.0252495 -0.7233796 -0.6899887
vn 0.1338463 -0.7158858 0.6852683
vn 0.0206358 -0.7244741 0.6889931
vn 0.0879355 -0.7148376 -0.6937397
vn 0.1984209 -0.6887895 -0.6972791
vn 0.2442786 -0.6896417 0.6817054
vn 0.0879355 -0.7148376 -0.6937397
vn 0.2442786 -0.6896417 0.6817054
vn 0.1338463 -0.7158858 0.6852683
vn 0.1984209 -0.6887895 -0.6972791
vn 0.3034843 -0.6456321 -0.7007542
vn 0.3493261 -0.6465057 0.6782342
vn 0.1984209 -0.6887895 -0.6972791
vn 0.3493261 -0.6465057 0.6782342
vn 0.2442786 -0.6896417 0.6817054
vn 0.3034843 -0.6456321 -0.7007542
vn 0.4004835 -0.5865762 -0.7039468
vn 0.4463279 -0.5874540 0.6750476
vn 0.3034843 -0.6456321 -0.7007542
vn 0.4463279 -0.5874540 0.6750476
vn 0.3493261 -0.6465057 0.6782342
vn 0.4004835 -0.5865762 -0.7039468
vn 0.4870191 -0.5130631 -0.7068087
vn 0.5328910 -0.5139883 0.6721928
vn 0.4004835 -0.5865762 -0.7039468
vn 0.5328910 -0.5139883 0.6721928
vn 0.4463279 -0.5874540 0.6750476
vn 0.4870191 -0.5130631 -0.7068087
vn 0.5610279 -0.4269176 -0.7092173
vn 0.6069185 -0.4278596 0.6697658
vn 0.4870191 -0.5130631 -0.7068087
vn 0.6069185 -0.4278596 0.6697658
vn 0.5328910 -0.5139883 0.6721928
vn 0.5610279 -0.4269176 -0.7092173
vn 0.6206758 -0.3302515 -0.7111227
vn 0.6665351 -0.3311735 0.6678734
vn 0.5610279 -0.4269176 -0.7092173
vn 0.6665351 -0.3311735 0.6678734
vn 0.6069185 -0.4278596 0.6697658
vn 0.6206758 -0.3302515 -0.7111227
vn 0.6644623 -0.2254265 -0.7125116
vn 0.7103373 -0.2263622 0.6664692
vn 0.6206758 -0.3302515 -0.7111227
vn 0.7103373 -0.2263622 0.6664692
vn 0.6665351 -0.3311735 0.6678734
vn 0.6644623 -0.2254265 -0.7125116
vn 0.6913025 -0.1150457 -0.7133480
vn 0.7371927 -0.1159867 0.6656529
vn 0.6644623 -0.2254265 -0.7125116
vn 0.7371927 -0.1159867 0.6656529
vn 0.7103373 -0.2263622 0.6664692
vn -0.0332594 0.0006842 -0.9994465
vn 0.7005751 -0.0018450 -0.7135764
vn 0.6913025 -0.1150457 -0.7133480
vn 0.0332593 -0.0006842 0.9994466
vn 0.7371927 -0.1159867 0.6656529
vn 0.7464709 -0.0027848 0.6654122
vn -0.0332594 0.0006842 -0.9994465
vn 0.6920334 0.1114292 -0.7132135
vn 0.7005751 -0.0018450 -0.7135764
vn 0.0332593 -0.0006842 0.9994466
vn 0.7464709 -0.0027848 0.6654122
vn 0.7379245 0.1104883 0.6657775
vn -0.0332594 0.0006842 -0.9994465
vn 0.6658891 0.2219827 -0.7122607
vn 0.6920334 0.1114292 -0.7132135
vn 0.0332593 -0.0006842 0.9994466
vn 0.7379245 0.1104883 0.6657775
vn 0.7117699 0.2210399 0.6667270
vn -0.0332594 0.0006842 -0.9994465
vn 0.6228055 0.3270796 -0.7107266
vn 0.6658891 0.2219827 -0.7122607
vn 0.0332593 -0.0006842 0.9994466
vn 0.7117699 0.2210399 0.6667270
vn 0.6686270 0.3261052 0.6682764
vn -0.0332594 0.0006842 -0.9994465
vn 0.5637972 0.4241240 -0.7086971
vn 0.6228055 0.3270796 -0.7107266
vn 0.0332593 -0.0006842 0.9994466
vn 0.6686270 0.3261052 0.6682764
vn 0.6096371 0.4231446 0.6702919
vn -0.0332594 0.0006842 -0.9994465
vn 0.4903022 0.5107344 -0.7062252
vn 0.5637972 0.4241240 -0.7086971
vn 0.0332593 -0.0006842 0.9994466
vn 0.6096371 0.4231446 0.6702919
vn 0.5361975 0.5097991 0.6727533
vn -0.0332594 0.0006842 -0.9994465
vn 0.4041883 0.5847567 -0.7033430
vn 0.4903022 0.5107344 -0.7062252
vn 0.0332593 -0.0006842 0.9994466
vn 0.5361975 0.5097991 0.6727533
vn 0.4501079 0.5838562 0.6756589
vn -0.0332594 0.0006842 -0.9994465
vn 0.3075943 0.6444123 -0.7000846
vn 0.4041883 0.5847567 -0.7033430
vn 0.0332593 -0.0006842 0.9994466
vn 0.4501079 0.5838562 0.6756589
vn 0.3535077 0.6435245 0.6789026
vn -0.0332594 0.0006842 -0.9994465
vn 0.2028459 0.6883061 -0.6964828
vn 0.3075943 0.6444123 -0.7000846
vn 0.0332593 -0.0006842 0.9994466
vn 0.3535077 0.6435245 0.6789026
vn 0.2487105 0.6872683 0.6824993
vn -0.0332594 0.0006842 -0.9994465
vn 0.0925352 0.7151231 -0.6928465
vn 0.2028459 0.6883061 -0.6964828
vn 0.0332593 -0.0006842 0.9994466
vn 0.2487105 0.6872683 0.6824993
vn 0.1384268 0.7141528 0.6861660
vn -0.0332594 0.0006842 -0.9994465
vn -0.0205941 0.7243575 -0.6891170
vn 0.0925352 0.7151231 -0.6928465
vn 0.0332593 -0.0006842 0.9994466
vn 0.1384268 0.7141528 0.6861660
vn 0.0252937 0.7234967 0.6898643
vn -0.0332594 0.0006842 -0.9994465
vn -0.1338265 0.7158018 -0.6853600
vn -0.0205941 0.7243575 -0.6891170
vn 0.0332593 -0.0006842 0.9994466
vn 0.0252937 0.7234967 0.6898643
vn -0.0879539 0.7149460 0.6936256
vn -0.0332594 0.0006842 -0.9994465
vn -0.2443258 0.6896757 -0.6816543
vn -0.1338265 0.7158018 -0.6853600
vn 0.0332593 -0.0006842 0.9994466
vn -0.0879539 0.7149460 0.6936256
vn -0.1984283 0.6887243 0.6973414
vn -0.0332594 0.0006842 -0.9994465
vn -0.3493290 0.6465291 -0.6782104
vn -0.2443258 0.6896757 -0.6816543
vn 0.0332593 -0.0006842 0.9994466
vn -0.1984283 0.6887243 0.6973414
vn -0.3034466 0.6456153 0.7007861
vn -0.0332594 0.0006842 -0.9994465
vn -0.4463167 0.5874749 -0.6750368
vn -0.3493290 0.6465291 -0.6782104
vn 0.0332593 -0.0006842 0.9994466
vn -0.3034466 0.6456153 0.7007861
vn -0.4004633 0.5865883 0.7039484
vn -0.0332594 0.0006842 -0.9994465
vn -0.5329214 0.5139682 -0.6721841
vn -0.4463167 0.5874749 -0.6750368
vn 0.0332593 -0.0006842 0.9994466
vn -0.4004633 0.5865883 0.7039484
vn -0.4870515 0.5130441 0.7068004
vn -0.0332594 0.0006842 -0.9994465
vn -0.6069286 0.4278309 -0.6697747
vn -0.5329214 0.5139682 -0.6721841
vn 0.0332593 -0.0006842 0.9994466
vn -0.4870515 0.5130441 0.7068004
vn -0.5610409 0.4268868 0.7092254
vn -0.0332594 0.0006842 -0.9994465
vn -0.6665612 0.3311822 -0.6678432
vn -0.6069286 0.4278309 -0.6697747
vn 0.0332593 -0.0006842 0.9994466
vn -0.5610409 0.4268868 0.7092254
vn -0.6206550 0.3302339 0.7111491
vn -0.0332594 0.0006842 -0.9994465
vn -0.7103310 0.2263684 -0.6664737
vn -0.6665612 0.3311822 -0.6678432
vn 0.0332593 -0.0006842 0.9994466
vn -0.6206550 0.3302339 0.7111491
vn -0.6644531 0.2254320 0.7125185
vn -0.0332594 0.0006842 -0.9994465
vn -0.7371973 0.1160144 -0.6656430
vn -0.7103310 0.2263684 -0.6664737
vn 0.0332593 -0.0006842 0.9994466
vn -0.6644531 0.2254320 0.7125185
vn -0.6913007 0.1150725 0.7133454
vn -0.0332594 0.0006842 -0.9994465
vn -0.7464684 0.0027947 -0.6654149
vn -0.7371973 0.1160144 -0.6656430
vn 0.0332593 -0.0006842 0.9994466
vn -0.6913007 0.1150725 0.7133454
vn -0.7005734 0.0018548 0.7135778
vn -0.0332594 0.0006842 -0.9994465
vn -0.7379208 -0.1104985 -0.6657800
vn -0.7464684 0.0027947 -0.6654149
vn 0.0332593 -0.0006842 0.9994466
vn -0.7005734 0.0018548 0.7135778
vn -0.6920374 -0.1114403 0.7132078
vn -0.0332594 0.0006842 -0.9994465
vn -0.7117672 -0.2210420 -0.6667292
vn -0.7379208 -0.1104985 -0.6657800
vn 0.0332593 -0.0006842 0.9994466
vn -0.6920374 -0.1114403 0.7132078
vn -0.6658866 -0.2219841 0.7122626
vn -0.0332594 0.0006842 -0.9994465
vn -0.6686770 -0.3261420 -0.6682084
vn -0.7117672 -0.2210420 -0.6667292
vn 0.0332593 -0.0006842 0.9994466
vn -0.6658866 -0.2219841 0.7122626
vn -0.6227565 -0.3270669 0.7107752
vn -0.0332594 0.0006842 -0.9994465
vn -0.6096703 -0.4231797 -0.6702395
vn -0.6686770 -0.3261420 -0.6682084
vn 0.0332593 -0.0006842 0.9994466
vn -0.6227565 -0.3270669 0.7107752
vn -0.5637413 -0.4240938 0.7087597
vn -0.0332594 0.0006842 -0.9994465
vn -0.5362284 -0.5097906 -0.6727352
vn -0.6096703 -0.4231797 -0.6702395
vn 0.0332593 -0.0006842 0.9994466
vn -0.5637413 -0.4240938 0.7087597
vn -0.4902981 -0.5106867 0.7062627
vn -0.0332594 0.0006842 -0.9994465
vn -0.4500913 -0.5838255 -0.6756964
vn -0.5362284 -0.5097906 -0.6727352
vn 0.0332593 -0.0006842 0.9994466
vn -0.4902981 -0.5106867 0.7062627
vn -0.4042313 -0.5848047 0.7032784
vn -0.0332594 0.0006842 -0.9994465
vn -0.3534299 -0.6433921 -0.6790683
vn -0.4500913 -0.5838255 -0.6756964
vn 0.0332593 -0.0006842 0.9994466
vn -0.4042313 -0.5848047 0.7032784
vn -0.3076367 -0.6445571 0.6999328
vn -0.0332594 0.0006842 -0.9994465
vn -0.2487273 -0.6872713 -0.6824902
vn -0.3534299 -0.6433921 -0.6790683
vn 0.0332593 -0.0006842 0.9994466
vn -0.3076367 -0.6445571 0.6999328
vn -0.2028608 -0.6882817 0.6965026
vn -0.0332594 0.0006842 -0.9994465
vn -0.1384329 -0.7142183 -0.6860965
vn -0.2487273 -0.6872713 -0.6824902
vn 0.0332593 -0.0006842 0.9994466
vn -0.2028608 -0.6882817 0.6965026
vn -0.0925351 -0.7150794 0.6928915
vn -0.0332594 0.0006842 -0.9994465
vn -0.0252495 -0.7233796 -0.6899887
vn -0.1384329 -0.7142183 -0.6860965
vn 0.0332593 -0.0006842 0.9994466
vn -0.0925351 -0.7150794 0.6928915
vn 0.0206358 -0.7244741 0.6889931
vn -0.0332594 0.0006842 -0.9994465
vn 0.0879355 -0.7148376 -0.6937397
vn -0.0252495 -0.7233796 -0.6899887
vn 0.0332593 -0.0006842 0.9994466
vn 0.0206358 -0.7244741 0.6889931
vn 0.1338463 -0.7158858 0.6852683
vn -0.0332594 0.0006842 -0.9994465
vn 0.1984209 -0.6887895 -0.6972791
vn 0.0879355 -0.7148376 -0.6937397
vn 0.0332593 -0.0006842 0.9994466
vn 0.1338463 -0.7158858 0.6852683
vn 0.2442786 -0.6896417 0.6817054
vn -0.0332594 0.0006842 -0.9994465
vn 0.3034843 -0.6456321 -0.7007542
vn 0.1984209 -0.6887895 -0.6972791
vn 0.0332593 -0.0006842 0.9994466
vn 0.2442786 -0.6896417 0.6817054
vn 0.3493261 -0.6465057 0.6782342
vn -0.0332594 0.0006842 -0.9994465
vn 0.4004835 -0.5865762 -0.7039468
vn 0.3034843 -0.6456321 -0.7007542
vn 0.0332593 -0.0006842 0.9994466
vn 0.3493261 -0.6465057 0.6782342
vn 0.4463279 -0.5874540 0.6750476
vn -0.0332594 0.0006842 -0.9994465
vn 0.4870191 -0.5130631 -0.7068087
vn 0.4004835 -0.5865762 -0.7039468
vn 0.0332593 -0.0006842 0.9994466
vn 0.4463279 -0.5874540 0.6750476
vn 0.5328910 -0.5139883 0.6721928
vn -0.0332594 0.0006842 -0.9994465
vn 0.5610279 -0.4269176 -0.7092173
vn 0.4870191 -0.5130631 -0.7068087
vn 0.0332593 -0.0006842 0.9994466
vn 0.5328910 -0.5139883 0.6721928
vn 0.6069185 -0.4278596 0.6697658
vn -0.0332594 0.0006842 -0.9994465
vn 0.6206758 -0.3302515 -0.7111227
vn 0.5610279 -0.4269176 -0.7092173
vn 0.0332593 -0.0006842 0.9994466
vn 0.6069185 -0.4278596 0.6697658
vn 0.6665351 -0.3311735 0.6678734
vn -0.0332594 0.0006842 -0.9994465
vn 0.6644623 -0.2254265 -0.7125116
vn 0.6206758 -0.3302515 -0.7111227
vn 0.0332593 -0.0006842 0.9994466
vn 0.6665351 -0.3311735 0.6678734
vn 0.7103373 -0.2263622 0.6664692
vn -0.0332594 0.0006842 -0.9994465
vn 0.6913025 -0.1150457 -0.7133480
vn 0.6644623 -0.2254265 -0.7125116
vn 0.0332593 -0.0006842 0.9994466
vn 0.7103373 -0.2263622 0.6664692
vn 0.7371927 -0.1159867 0.6656529
vn 0.6825851 0.0463410 -0.7293355
vn 0.6718265 0.1592691 -0.7233827
vn 0.7518731 0.0944075 0.6525137
vn 0.6825851 0.0463410 -0.7293355
vn 0.7518731 0.0944075 0.6525137
vn 0.7626274 -0.0185109 0.6465731
vn 0.6718265 0.1592691 -0.7233827
vn 0.6435314 0.2690645 -0.7165692
vn 0.7235845 0.2042010 0.6593387
vn 0.6718265 0.1592691 -0.7233827
vn 0.7235845 0.2042010 0.6593387
vn 0.7518731 0.0944075 0.6525137
vn 0.6435314 0.2690645 -0.7165692
vn 0.5983971 0.3730336 -0.7090605
vn 0.6784781 0.3082015 0.6668428
vn 0.6435314 0.2690645 -0.7165692
vn 0.6784781 0.3082015 0.6668428
vn 0.7235845 0.2042010 0.6593387
vn 0.5983971 0.3730336 -0.7090605
vn 0.5375937 0.4686660 -0.7009602
vn 0.6175871 0.4037769 0.6749448
vn 0.5983971 0.3730336 -0.7090605
vn 0.6175871 0.4037769 0.6749448
vn 0.6784781 0.3082015 0.6668428
vn 0.5375937 0.4686660 -0.7009602
vn 0.4625509 0.5535152 -0.6925805
vn 0.5425270 0.4885967 0.6833283
vn 0.5375937 0.4686660 -0.7009602
vn 0.5425270 0.4885967 0.6833283
vn 0.6175871 0.4037769 0.6749448
vn 0.4625509 0.5535152 -0.6925805
vn 0.3750775 0.6255278 -0.6841286
vn 0.4551160 0.5606688 0.6917513
vn 0.4625509 0.5535152 -0.6925805
vn 0.4551160 0.5606688 0.6917513
vn 0.5425270 0.4885967 0.6833283
vn 0.3750775 0.6255278 -0.6841286
vn 0.2774246 0.6829209 -0.6757624
vn 0.3574449 0.6180511 0.7001758
vn 0.3750775 0.6255278 -0.6841286
vn 0.3574449 0.6180511 0.7001758
vn 0.4551160 0.5606688 0.6917513
vn 0.2774246 0.6829209 -0.6757624
vn 0.1719831 0.7243522 -0.6676343
vn 0.2519951 0.6594535 0.7082511
vn 0.2774246 0.6829209 -0.6757624
vn 0.2519951 0.6594535 0.7082511
vn 0.3574449 0.6180511 0.7001758
vn 0.1719831 0.7243522 -0.6676343
vn 0.0612281 0.7487445 -0.6600248
vn 0.1412564 0.6838055 0.7158607
vn 0.1719831 0.7243522 -0.6676343
vn 0.1412564 0.6838055 0.7158607
vn 0.2519951 0.6594535 0.7082511
vn 0.0612281 0.7487445 -0.6600248
vn -0.0519589 0.7554803 -0.6531078
vn 0.0280850 0.6904760 0.7228098
vn 0.0612281 0.7487445 -0.6600248
vn 0.0280850 0.6904760 0.7228098
vn 0.1412564 0.6838055 0.7158607
vn -0.0519589 0.7554803 -0.6531078
vn -0.1648524 0.7444332 -0.6470262
vn -0.0847880 0.6793994 0.7288534
vn -0.0519589 0.7554803 -0.6531078
vn -0.0847880 0.6793994 0.7288534
vn 0.0280850 0.6904760 0.7228098
vn -0.1648524 0.7444332 -0.6470262
vn -0.2746555 0.7157365 -0.6420947
vn -0.1946207 0.6508614 0.7338271
vn -0.1648524 0.7444332 -0.6470262
vn -0.1946207 0.6508614 0.7338271
vn -0.0847880 0.6793994 0.7288534
vn -0.2746555 0.7157365 -0.6420947
vn -0.3786395 0.6702524 -0.6382741
vn -0.2986784 0.6055412 0.7376388
vn -0.2746555 0.7157365 -0.6420947
vn -0.2986784 0.6055412 0.7376388
vn -0.1946207 0.6508614 0.7338271
vn -0.3786395 0.6702524 -0.6382741
vn -0.4744044 0.6091728 -0.6354913
vn -0.3943757 0.5443199 0.7403944
vn -0.3786395 0.6702524 -0.6382741
vn -0.3943757 0.5443199 0.7403944
vn -0.2986784 0.6055412 0.7376388
vn -0.4744044 0.6091728 -0.6354913
vn -0.5594130 0.5338326 -0.6340976
vn -0.4793604 0.4689526 0.7418202
vn -0.4744044 0.6091728 -0.6354913
vn -0.4793604 0.4689526 0.7418202
vn -0.3943757 0.5443199 0.7403944
vn -0.5594130 0.5338326 -0.6340976
vn -0.6316052 0.4461457 -0.6340575
vn -0.5516095 0.3813125 0.7418408
vn -0.5594130 0.5338326 -0.6340976
vn -0.5516095 0.3813125 0.7418408
vn -0.4793604 0.4689526 0.7418202
vn -0.6316052 0.4461457 -0.6340575
vn -0.6892548 0.3482575 -0.6353302
vn -0.6092685 0.2834205 0.7405840
vn -0.6316052 0.4461457 -0.6340575
vn -0.6092685 0.2834205 0.7405840
vn -0.5516095 0.3813125 0.7418408
vn -0.6892548 0.3482575 -0.6353302
vn -0.7309152 0.2426088 -0.6378902
vn -0.6509461 0.1777906 0.7380106
vn -0.6892548 0.3482575 -0.6353302
vn -0.6509461 0.1777906 0.7380106
vn -0.6092685 0.2834205 0.7405840
vn -0.7309152 0.2426088 -0.6378902
vn -0.7555807 0.1318022 -0.6416587
vn -0.6755669 0.0669411 0.7342535
vn -0.7309152 0.2426088 -0.6378902
vn -0.6755669 0.0669411 0.7342535
vn -0.6509461 0.1777906 0.7380106
vn -0.7555807 0.1318022 -0.6416587
vn -0.7626275 0.0185071 -0.6465730
vn -0.6825937 -0.0463286 0.7293281
vn -0.7555807 0.1318022 -0.6416587
vn -0.6825937 -0.0463286 0.7293281
vn -0.6755669 0.0669411 0.7342535
vn -0.7626275 0.0185071 -0.6465730
vn -0.7518607 -0.0944185 -0.6525263
vn -0.6718270 -0.1592795 0.7233800
vn -0.7626275 0.0185071 -0.6465730
vn -0.6718270 -0.1592795 0.7233800
vn -0.6825937 -0.0463286 0.7293281
vn -0.7518607 -0.0944185 -0.6525263
vn -0.7235720 -0.2042032 -0.6593516
vn -0.6435493 -0.2690690 0.7165515
vn -0.7518607 -0.0944185 -0.6525263
vn -0.6435493 -0.2690690 0.7165515
vn -0.6718270 -0.1592795 0.7233800
vn -0.7235720 -0.2042032 -0.6593516
vn -0.6784513 -0.3081682 -0.6668853
vn -0.5984418 -0.3730426 0.7090181
vn -0.7235720 -0.2042032 -0.6593516
vn -0.5984418 -0.3730426 0.7090181
vn -0.6435493 -0.2690690 0.7165515
vn -0.6784513 -0.3081682 -0.6668853
vn -0.6176029 -0.4037576 -0.6749418
vn -0.5376022 -0.4686559 0.7009605
vn -0.6784513 -0.3081682 -0.6668853
vn -0.5376022 -0.4686559 0.7009605
vn -0.5984418 -0.3730426 0.7090181
vn -0.6176029 -0.4037576 -0.6749418
vn -0.5425388 -0.4886368 -0.6832904
vn -0.4625164 -0.5535187 0.6926007
vn -0.6176029 -0.4037576 -0.6749418
vn -0.4625164 -0.5535187 0.6926007
vn -0.5376022 -0.4686559 0.7009605
vn -0.5425388 -0.4886368 -0.6832904
vn -0.4550979 -0.5606546 -0.6917747
vn -0.3750663 -0.6255139 0.6841475
vn -0.5425388 -0.4886368 -0.6832904
vn -0.3750663 -0.6255139 0.6841475
vn -0.4625164 -0.5535187 0.6926007
vn -0.4550979 -0.5606546 -0.6917747
vn -0.3574515 -0.6180746 -0.7001516
vn -0.2774231 -0.6829405 0.6757430
vn -0.4550979 -0.5606546 -0.6917747
vn -0.2774231 -0.6829405 0.6757430
vn -0.3750663 -0.6255139 0.6841475
vn -0.3574515 -0.6180746 -0.7001516
vn -0.2519820 -0.6595059 -0.7082070
vn -0.1719279 -0.7243038 0.6677010
vn -0.3574515 -0.6180746 -0.7001516
vn -0.1719279 -0.7243038 0.6677010
vn -0.2774231 -0.6829405 0.6757430
vn -0.2519820 -0.6595059 -0.7082070
vn -0.1413034 -0.6838415 -0.7158172
vn -0.0612688 -0.7486761 0.6600987
vn -0.2519820 -0.6595059 -0.7082070
vn -0.0612688 -0.7486761 0.6600987
vn -0.1719279 -0.7243038 0.6677010
vn -0.1413034 -0.6838415 -0.7158172
vn -0.0281220 -0.6905464 -0.7227412
vn 0.0519080 -0.7554403 0.6531581
vn -0.1413034 -0.6838415 -0.7158172
vn 0.0519080 -0.7554403 0.6531581
vn -0.0612688 -0.7486761 0.6600987
vn -0.0281220 -0.6905464 -0.7227412
vn 0.0847985 -0.6794597 -0.7287959
vn 0.1648405 -0.7443810 0.6470894
vn -0.0281220 -0.6905464 -0.7227412
vn 0.1648405 -0.7443810 0.6470894
vn 0.0519080 -0.7554403 0.6531581
vn 0.0847985 -0.6794597 -0.7287959
vn 0.1946182 -0.6508145 -0.7338693
vn 0.2746904 -0.7157776 0.6420340
vn 0.0847985 -0.6794597 -0.7287959
vn 0.2746904 -0.7157776 0.6420340
vn 0.1648405 -0.7443810 0.6470894
vn 0.1946182 -0.6508145 -0.7338693
vn 0.2986557 -0.6054121 -0.7377540
vn 0.3787201 -0.6703320 0.6381426
vn 0.1946182 -0.6508145 -0.7338693
vn 0.3787201 -0.6703320 0.6381426
vn 0.2746904 -0.7157776 0.6420340
vn 0.2986557 -0.6054121 -0.7377540
vn 0.3943560 -0.5443200 -0.7404046
vn 0.4743757 -0.6091692 0.6355160
vn 0.2986557 -0.6054121 -0.7377540
vn 0.4743757 -0.6091692 0.6355160
vn 0.3787201 -0.6703320 0.6381426
vn 0.3943560 -0.5443200 -0.7404046
vn 0.4794120 -0.4690145 -0.7417476
vn 0.5593749 -0.5338164 0.6341449
vn 0.3943560 -0.5443200 -0.7404046
vn 0.5593749 -0.5338164 0.6341449
vn 0.4743757 -0.6091692 0.6355160
vn 0.4794120 -0.4690145 -0.7417476
vn 0.5516037 -0.3812938 -0.7418545
vn 0.6316041 -0.4461342 0.6340666
vn 0.4794120 -0.4690145 -0.7417476
vn 0.6316041 -0.4461342 0.6340666
vn 0.5593749 -0.5338164 0.6341449
vn 0.5516037 -0.3812938 -0.7418545
vn 0.6092475 -0.2834219 -0.7406008
vn 0.6892819 -0.3482817 0.6352876
vn 0.5516037 -0.3812938 -0.7418545
vn 0.6892819 -0.3482817 0.6352876
vn 0.6316041 -0.4461342 0.6340666
vn 0.6092475 -0.2834219 -0.7406008
vn 0.6508977 -0.1777520 -0.7380627
vn 0.7309458 -0.2426223 0.6378500
vn 0.6092475 -0.2834219 -0.7406008
vn 0.7309458 -0.2426223 0.6378500
vn 0.6892819 -0.3482817 0.6352876
vn 0.6508977 -0.1777520 -0.7380627
vn 0.6755598 -0.0669285 -0.7342612
vn 0.7556037 -0.1317950 0.6416332
vn 0.6508977 -0.1777520 -0.7380627
vn 0.7556037 -0.1317950 0.6416332
vn 0.7309458 -0.2426223 0.6378500
vn 0.6755598 -0.0669285 -0.7342612
vn 0.6825851 0.0463410 -0.7293355
vn 0.7626274 -0.0185109 0.6465731
vn 0.6755598 -0.0669285 -0.7342612
vn 0.7626274 -0.0185109 0.6465731
vn 0.7556037 -0.1317950 0.6416332
vn -0.0580051 0.0470079 -0.9972090
vn 0.6718265 0.1592691 -0.7233827
vn 0.6825851 0.0463410 -0.7293355
vn 0.0580050 -0.0470078 0.9972090
vn 0.7626274 -0.0185109 0.6465731
vn 0.7518731 0.0944075 0.6525137
vn -0.0580051 0.0470079 -0.9972090
vn 0.6435314 0.2690645 -0.7165692
vn 0.6718265 0.1592691 -0.7233827
vn 0.0580050 -0.0470078 0.9972090
vn 0.7518731 0.0944075 0.6525137
vn 0.7235845 0.2042010 0.6593387
vn -0.0580051 0.0470079 -0.9972090
vn 0.5983971 0.3730336 -0.7090605
vn 0.6435314 0.2690645 -0.7165692
vn 0.0580050 -0.0470078 0.9972090
vn 0.7235845 0.2042010 0.6593387
vn 0.6784781 0.3082015 0.6668428
vn -0.0580051 0.0470079 -0.9972090
vn 0.5375937 0.4686660 -0.7009602
vn 0.5983971 0.3730336 -0.7090605
vn 0.0580050 -0.0470078 0.9972090
vn 0.6784781 0.3082015 0.6668428
vn 0.6175871 0.4037769 0.6749448
vn -0.0580051 0.0470079 -0.9972090
vn 0.4625509 0.5535152 -0.6925805
vn 0.5375937 0.4686660 -0.7009602
vn 0.0580050 -0.0470078 0.9972090
vn 0.6175871 0.4037769 0.6749448
vn 0.5425270 0.4885967 0.6833283
vn -0.0580051 0.0470079 -0.9972090
vn 0.3750775 0.6255278 -0.6841286
vn 0.4625509 0.5535152 -0.6925805
vn 0.0580050 -0.0470078 0.9972090
vn 0.5425270 0.4885967 0.6833283
vn 0.4551160 0.5606688 0.6917513
vn -0.0580051 0.0470079 -0.9972090
vn 0.2774246 0.6829209 -0.6757624
vn 0.3750775 0.6255278 -0.6841286
vn 0.0580050 -0.0470078 0.9972090
vn 0.4551160 0.5606688 0.6917513
vn 0.3574449 0.6180511 0.7001758
vn -0.0580051 0.0470079 -0.9972090
vn 0.1719831 0.7243522 -0.6676343
vn 0.2774246 0.6829209 -0.6757624
vn 0.0580050 -0.0470078 0.9972090
vn 0.3574449 0.6180511 0.7001758
vn 0.2519951 0.6594535 0.7082511
vn -0.0580051 0.0470079 -0.9972090
vn 0.0612281 0.7487445 -0.6600248
vn 0.1719831 0.7243522 -0.6676343
vn 0.0580050 -0.0470078 0.9972090
vn 0.2519951 0.6594535 0.7082511
vn 0.1412564 0.6838055 0.7158607
vn -0.0580051 0.0470079 -0.9972090
vn -0.0519589 0.7554803 -0.6531078
vn 0.0612281 0.7487445 -0.6600248
vn 0.0580050 -0.0470078 0.9972090
vn 0.1412564 0.6838055 0.7158607
vn 0.0280850 0.6904760 0.7228098
vn -0.0580051 0.0470079 -0.9972090
vn -0.1648524 0.7444332 -0.6470262
vn -0.0519589 0.7554803 -0.6531078
vn 0.0580050 -0.0470078 0.9972090
vn 0.0280850 0.6904760 0.7228098
vn -0.0847880 0.6793994 0.7288534
vn -0.0580051 0.0470079 -0.9972090
vn -0.2746555 0.7157365 -0.6420947
vn -0.1648524 0.7444332 -0.6470262
vn 0.0580050 -0.0470078 0.9972090
vn -0.0847880 0.6793994 0.7288534
vn -0.1946207 0.6508614 0.7338271
vn -0.0580051 0.0470079 -0.9972090
vn -0.3786395 0.6702524 -0.6382741
vn -0.2746555 0.7157365 -0.6420947
vn 0.0580050 -0.0470078 0.9972090
vn -0.1946207 0.6508614 0.7338271
vn -0.2986784 0.6055412 0.7376388
vn -0.0580051 0.0470079 -0.9972090
vn -0.4744044 0.6091728 -0.6354913
vn -0.3786395 0.6702524 -0.6382741
vn 0.0580050 -0.0470078 0.9972090
vn -0.2986784 0.6055412 0.7376388
vn -0.3943757 0.5443199 0.7403944
vn -0.0580051 0.0470079 -0.9972090
vn -0.5594130 0.5338326 -0.6340976
vn -0.4744044 0.6091728 -0.6354913
vn 0.0580050 -0.0470078 0.9972090
vn -0.3943757 0.5443199 0.7403944
vn -0.4793604 0.4689526 0.7418202
vn -0.0580051 0.0470079 -0.9972090
vn -0.6316052 0.4461457 -0.6340575
vn -0.5594130 0.5338326 -0.6340976
vn 0.0580050 -0.0470078 0.9972090
vn -0.4793604 0.4689526 0.7418202
vn -0.5516095 0.3813125 0.7418408
vn -0.0580051 0.0470079 -0.9972090
vn -0.6892548 0.3482575 -0.6353302
vn -0.6316052 0.4461457 -0.6340575
vn 0.0580050 -0.0470078 0.9972090
vn -0.5516095 0.3813125 0.7418408
vn -0.6092685 0.2834205 0.7405840
vn -0.0580051 0.0470079 -0.9972090
vn -0.7309152 0.2426088 -0.6378902
vn -0.6892548 0.3482575 -0.6353302
vn 0.0580050 -0.0470078 0.9972090
vn -0.6092685 0.2834205 0.7405840
vn -0.6509461 0.1777906 0.7380106
vn -0.0580051 0.0470079 -0.9972090
vn -0.7555807 0.1318022 -0.6416587
vn -0.7309152 0.2426088 -0.6378902
vn 0.0580050 -0.0470078 0.9972090
vn -0.6509461 0.1777906 0.7380106
vn -0.6755669 0.0669411 0.7342535
vn -0.0580051 0.0470079 -0.9972090
vn -0.7626275 0.0185071 -0.6465730
vn -0.7555807 0.1318022 -0.6416587
vn 0.0580050 -0.0470078 0.9972090
vn -0.6755669 0.0669411 0.7342535
vn -0.6825937 -0.0463286 0.7293281
vn -0.0580051 0.0470079 -0.9972090
vn -0.7518607 -0.0944185 -0.6525263
vn -0.7626275 0.0185071 -0.6465730
vn 0.0580050 -0.0470078 0.9972090
vn -0.6825937 -0.0463286 0.7293281
vn -0.6718270 -0.1592795 0.7233800
vn -0.0580051 0.0470079 -0.9972090
vn -0.7235720 -0.2042032 -0.6593516
vn -0.7518607 -0.0944185 -0.6525263
vn 0.0580050 -0.0470078 0.9972090
vn -0.6718270 -0.1592795 0.7233800
vn -0.6435493 -0.2690690 0.7165515
vn -0.0580051 0.0470079 -0.9972090
vn -0.6784513 -0.3081682 -0.6668853
vn -0.7235720 -0.2042032 -0.6593516
vn 0.0580050 -0.0470078 0.9972090
vn -0.6435493 -0.2690690 0.7165515
vn -0.5984418 -0.3730426 0.7090181
vn -0.0580051 0.0470079 -0.9972090
vn -0.6176029 -0.4037576 -0.6749418
vn -0.6784513 -0.3081682 -0.6668853
vn 0.0580050 -0.0470078 0.9972090
vn -0.5984418 -0.3730426 0.7090181
vn -0.5376022 -0.4686559 0.7009605
vn -0.0580051 0.0470079 -0.9972090
vn -0.5425388 -0.4886368 -0.6832904
vn -0.6176029 -0.4037576 -0.6749418
vn 0.0580050 -0.0470078 0.9972090
vn -0.5376022 -0.4686559 0.7009605
vn -0.4625164 -0.5535187 0.6926007
vn -0.0580051 0.0470079 -0.9972090
vn -0.4550979 -0.5606546 -0.6917747
vn -0.5425388 -0.4886368 -0.6832904
vn 0.0580050 -0.0470078 0.9972090
vn -0.4625164 -0.5535187 0.6926007
vn -0.3750663 -0.6255139 0.6841475
vn -0.0580051 0.0470079 -0.9972090
vn -0.3574515 -0.6180746 -0.7001516
vn -0.4550979 -0.5606546 -0.6917747
vn 0.0580050 -0.0470078 0.9972090
vn -0.3750663 -0.6255139 0.6841475
vn -0.2774231 -0.6829405 0.6757430
vn -0.0580051 0.0470079 -0.9972090
vn -0.2519820 -0.6595059 -0.7082070
vn -0.3574515 -0.6180746 -0.7001516
vn 0.0580050 -0.0470078 0.9972090
vn -0.2774231 -0.6829405 0.6757430
vn -0.1719279 -0.7243038 0.6677010
vn -0.0580051 0.0470079 -0.9972090
vn -0.1413034 -0.6838415 -0.7158172
vn -0.2519820 -0.6595059 -0.7082070
vn 0.0580050 -0.0470078 0.9972090
vn -0.1719279 -0.7243038 0.6677010
vn -0.0612688 -0.7486761 0.6600987
vn -0.0580051 0.0470079 -0.9972090
vn -0.0281220 -0.6905464 -0.7227412
vn -0.1413034 -0.6838415 -0.7158172
vn 0.0580050 -0.0470078 0.9972090
vn -0.0612688 -0.7486761 0.6600987
vn 0.0519080 -0.7554403 0.6531581
vn -0.0580051 0.0470079 -0.9972090
vn 0.0847985 -0.6794597 -0.7287959
vn -0.0281220 -0.6905464 -0.7227412
vn 0.0580050 -0.0470078 0.9972090
vn 0.0519080 -0.7554403 0.6531581
vn 0.1648405 -0.7443810 0.6470894
vn -0.0580051 0.0470079 -0.9972090
vn 0.1946182 -0.6508145 -0.7338693
vn 0.0847985 -0.6794597 -0.7287959
vn 0.0580050 -0.0470078 0.9972090
vn 0.1648405 -0.7443810 0.6470894
vn 0.2746904 -0.7157776 0.6420340
vn -0.0580051 0.0470079 -0.9972090
vn 0.2986557 -0.6054121 -0.7377540
vn 0.1946182 -0.6508145 -0.7338693
vn 0.0580050 -0.0470078 0.9972090
vn 0.2746904 -0.7157776 0.6420340
vn 0.3787201 -0.6703320 0.6381426
vn -0.0580051 0.0470079 -0.9972090
vn 0.3943560 -0.5443200 -0.7404046
vn 0.2986557 -0.6054121 -0.7377540
vn 0.0580050 -0.0470078 0.9972090
vn 0.3787201 -0.6703320 0.6381426
vn 0.4743757 -0.6091692 0.6355160
vn -0.0580051 0.0470079 -0.9972090
vn 0.4794120 -0.4690145 -0.7417476
vn 0.3943560 -0.5443200 -0.7404046
vn 0.0580050 -0.0470078 0.9972090
vn 0.4743757 -0.6091692 0.6355160
vn 0.5593749 -0.5338164 0.6341449
vn -0.0580051 0.0470079 -0.9972090
vn 0.5516037 -0.3812938 -0.7418545
vn 0.4794120 -0.4690145 -0.7417476
vn 0.0580050 -0.0470078 0.9972090
vn 0.5593749 -0.5338164 0.6341449
vn 0.6316041 -0.4461342 0.6340666
vn -0.0580051 0.0470079 -0.9972090
vn 0.6092475 -0.2834219 -0.7406008
vn 0.5516037 -0.3812938 -0.7418545
vn 0.0580050 -0.0470078 0.9972090
vn 0.6316041 -0.4461342 0.6340666
vn 0.6892819 -0.3482817 0.6352876
vn -0.0580051 0.0470079 -0.9972090
vn 0.6508977 -0.1777520 -0.7380627
vn 0.6092475 -0.2834219 -0.7406008
vn 0.0580050 -0.0470078 0.9972090
vn 0.6892819 -0.3482817 0.6352876
vn 0.7309458 -0.2426223 0.6378500
vn -0.0580051 0.0470079 -0.9972090
vn 0.6755598 -0.0669285 -0.7342612
vn 0.6508977 -0.1777520 -0.7380627
vn 0.0580050 -0.0470078 0.9972090
vn 0.7309458 -0.2426223 0.6378500
vn 0.7556037 -0.1317950 0.6416332
vn -0.0580051 0.0470079 -0.9972090
vn 0.6825851 0.0463410 -0.7293355
vn 0.6755598 -0.0669285 -0.7342612
vn 0.0580050 -0.0470078 0.9972090
vn 0.7556037 -0.1317950 0.6416332
vn 0.7626274 -0.0185109 0.6465731
vn 0.7578279 -0.1180660 -0.6416832
vn 0.7639088 -0.0047141 -0.6453069
vn 0.6808766 0.0438822 0.7310824
vn 0.7578279 -0.1180660 -0.6416832
vn 0.6808766 0.0438822 0.7310824
vn 0.6748099 -0.0694979 0.7347119
vn 0.7639088 -0.0047141 -0.6453069
vn 0.7522050 0.1081629 -0.6499912
vn 0.6691467 0.1567601 0.7264082
vn 0.7639088 -0.0047141 -0.6453069
vn 0.6691467 0.1567601 0.7264082
vn 0.6808766 0.0438822 0.7310824
vn 0.7522050 0.1081629 -0.6499912
vn 0.7230179 0.2178196 -0.6555912
vn 0.6399140 0.2663771 0.7208004
vn 0.7522050 0.1081629 -0.6499912
vn 0.6399140 0.2663771 0.7208004
vn 0.6691467 0.1567601 0.7264082
vn 0.7230179 0.2178196 -0.6555912
vn 0.6770388 0.3215105 -0.6620041
vn 0.5938915 0.3700568 0.7143884
vn 0.7230179 0.2178196 -0.6555912
vn 0.5938915 0.3700568 0.7143884
vn 0.6399140 0.2663771 0.7208004
vn 0.6770388 0.3215105 -0.6620041
vn 0.6153980 0.4166692 -0.6690829
vn 0.5322606 0.4651977 0.7073116
vn 0.6770388 0.3215105 -0.6620041
vn 0.5322606 0.4651977 0.7073116
vn 0.5938915 0.3700568 0.7143884
vn 0.6153980 0.4166692 -0.6690829
vn 0.5396266 0.5009732 -0.6766307
vn 0.4565114 0.5494775 0.6997656
vn 0.6153980 0.4166692 -0.6690829
vn 0.4565114 0.5494775 0.6997656
vn 0.5322606 0.4651977 0.7073116
vn 0.5396266 0.5009732 -0.6766307
vn 0.4515751 0.5723316 -0.6844826
vn 0.3684846 0.6208778 0.6919029
vn 0.5396266 0.5009732 -0.6766307
vn 0.3684846 0.6208778 0.6919029
vn 0.4565114 0.5494775 0.6997656
vn 0.4515751 0.5723316 -0.6844826
vn 0.3534319 0.6290039 -0.6924161
vn 0.2703551 0.6775405 0.6839932
vn 0.4515751 0.5723316 -0.6844826
vn 0.2703551 0.6775405 0.6839932
vn 0.3684846 0.6208778 0.6919029
vn 0.3534319 0.6290039 -0.6924161
vn 0.2476126 0.6695831 -0.7002475
vn 0.1645546 0.7181686 0.6761327
vn 0.3534319 0.6290039 -0.6924161
vn 0.1645546 0.7181686 0.6761327
vn 0.2703551 0.6775405 0.6839932
vn 0.2476126 0.6695831 -0.7002475
vn 0.1367359 0.6931394 -0.7077153
vn 0.0536550 0.7415994 0.6686938
vn 0.2476126 0.6695831 -0.7002475
vn 0.0536550 0.7415994 0.6686938
vn 0.1645546 0.7181686 0.6761327
vn 0.1367359 0.6931394 -0.7077153
vn 0.0235042 0.6990210 -0.7147148
vn -0.0595438 0.7474154 0.6616832
vn 0.1367359 0.6931394 -0.7077153
vn -0.0595438 0.7474154 0.6616832
vn 0.0536550 0.7415994 0.6686938
vn 0.0235042 0.6990210 -0.7147148
vn -0.0892911 0.6869339 -0.7212135
vn -0.1723536 0.7355470 0.6551831
vn 0.0235042 0.6990210 -0.7147148
vn -0.1723536 0.7355470 0.6551831
vn -0.0595438 0.7474154 0.6616832
vn -0.0892911 0.6869339 -0.7212135
vn -0.1988525 0.6574667 -0.7267704
vn -0.2819052 0.7060621 0.6496197
vn -0.0892911 0.6869339 -0.7212135
vn -0.2819052 0.7060621 0.6496197
vn -0.1723536 0.7355470 0.6551831
vn -0.1988525 0.6574667 -0.7267704
vn -0.3025382 0.6112907 -0.7312964
vn -0.3854999 0.6597108 0.6451136
vn -0.1988525 0.6574667 -0.7267704
vn -0.3854999 0.6597108 0.6451136
vn -0.2819052 0.7060621 0.6496197
vn -0.3025382 0.6112907 -0.7312964
vn -0.3976773 0.5492887 -0.7349385
vn -0.4807296 0.5978563 0.6414568
vn -0.3025382 0.6112907 -0.7312964
vn -0.4807296 0.5978563 0.6414568
vn -0.3854999 0.6597108 0.6451136
vn -0.3976773 0.5492887 -0.7349385
vn -0.4819759 0.4731892 -0.7374222
vn -0.5651283 0.5218744 0.6389655
vn -0.3976773 0.5492887 -0.7349385
vn -0.5651283 0.5218744 0.6389655
vn -0.4807296 0.5978563 0.6414568
vn -0.4819759 0.4731892 -0.7374222
vn -0.5534768 0.3849440 -0.7385674
vn -0.6365562 0.4335563 0.6378285
vn -0.4819759 0.4731892 -0.7374222
vn -0.6365562 0.4335563 0.6378285
vn -0.5651283 0.5218744 0.6389655
vn -0.5534768 0.3849440 -0.7385674
vn -0.6103076 0.2865762 -0.7385112
vn -0.6933697 0.3351732 0.6378849
vn -0.5534768 0.3849440 -0.7385674
vn -0.6933697 0.3351732 0.6378849
vn -0.6365562 0.4335563 0.6378285
vn -0.6103076 0.2865762 -0.7385112
vn -0.6510577 0.1805643 -0.7372385
vn -0.7341495 0.2291465 0.6391529
vn -0.6103076 0.2865762 -0.7385112
vn -0.7341495 0.2291465 0.6391529
vn -0.6933697 0.3351732 0.6378849
vn -0.6510577 0.1805643 -0.7372385
vn -0.6747709 0.0694912 -0.7347485
vn -0.7578601 0.1180904 0.6416407
vn -0.6510577 0.1805643 -0.7372385
vn -0.7578601 0.1180904 0.6416407
vn -0.7341495 0.2291465 0.6391529
vn -0.6747709 0.0694912 -0.7347485
vn -0.6808739 -0.0438621 -0.7310860
vn -0.7639050 0.0047107 0.6453115
vn -0.6747709 0.0694912 -0.7347485
vn -0.7639050 0.0047107 0.6453115
vn -0.7578601 0.1180904 0.6416407
vn -0.6808739 -0.0438621 -0.7310860
vn -0.6691766 -0.1567971 -0.7263728
vn -0.7521722 -0.1081840 0.6500256
vn -0.6808739 -0.0438621 -0.7310860
vn -0.7521722 -0.1081840 0.6500256
vn -0.7639050 0.0047107 0.6453115
vn -0.6691766 -0.1567971 -0.7263728
vn -0.6399339 -0.2664184 -0.7207675
vn -0.7229849 -0.2178240 0.6556261
vn -0.6691766 -0.1567971 -0.7263728
vn -0.7229849 -0.2178240 0.6556261
vn -0.7521722 -0.1081840 0.6500256
vn -0.6399339 -0.2664184 -0.7207675
vn -0.5938983 -0.3700253 -0.7143991
vn -0.6770433 -0.3215105 0.6619996
vn -0.6399339 -0.2664184 -0.7207675
vn -0.6770433 -0.3215105 0.6619996
vn -0.7229849 -0.2178240 0.6556261
vn -0.5938983 -0.3700253 -0.7143991
vn -0.5322326 -0.4651926 -0.7073360
vn -0.6154196 -0.4166966 0.6690460
vn -0.5938983 -0.3700253 -0.7143991
vn -0.6154196 -0.4166966 0.6690460
vn -0.6770433 -0.3215105 0.6619996
vn -0.5322326 -0.4651926 -0.7073360
vn -0.4564651 -0.5494908 -0.6997852
vn -0.5396304 -0.5010036 0.6766052
vn -0.5322326 -0.4651926 -0.7073360
vn -0.5396304 -0.5010036 0.6766052
vn -0.6154196 -0.4166966 0.6690460
vn -0.4564651 -0.5494908 -0.6997852
vn -0.3684775 -0.6208578 -0.6919249
vn -0.4515826 -0.5723287 0.6844801
vn -0.4564651 -0.5494908 -0.6997852
vn -0.4515826 -0.5723287 0.6844801
vn -0.5396304 -0.5010036 0.6766052
vn -0.3684775 -0.6208578 -0.6919249
vn -0.2704183 -0.6776504 -0.6838595
vn -0.3533953 -0.6289018 0.6925274
vn -0.3684775 -0.6208578 -0.6919249
vn -0.3533953 -0.6289018 0.6925274
vn -0.4515826 -0.5723287 0.6844801
vn -0.2704183 -0.6776504 -0.6838595
vn -0.1646167 -0.7182977 -0.6759804
vn -0.2475797 -0.6694038 0.7004305
vn -0.2704183 -0.6776504 -0.6838595
vn -0.2475797 -0.6694038 0.7004305
vn -0.3533953 -0.6289018 0.6925274
vn -0.1646167 -0.7182977 -0.6759804
vn -0.0536829 -0.7416197 -0.6686690
vn -0.1367497 -0.6931500 0.7077023
vn -0.1646167 -0.7182977 -0.6759804
vn -0.1367497 -0.6931500 0.7077023
vn -0.2475797 -0.6694038 0.7004305
vn -0.0536829 -0.7416197 -0.6686690
vn 0.0595672 -0.7473953 -0.6617038
vn -0.0234867 -0.6990300 0.7147065
vn -0.0536829 -0.7416197 -0.6686690
vn -0.0234867 -0.6990300 0.7147065
vn -0.1367497 -0.6931500 0.7077023
vn 0.0595672 -0.7473953 -0.6617038
vn 0.1723352 -0.7355149 -0.6552240
vn 0.0892935 -0.6869723 0.7211767
vn 0.0595672 -0.7473953 -0.6617038
vn 0.0892935 -0.6869723 0.7211767
vn -0.0234867 -0.6990300 0.7147065
vn 0.1723352 -0.7355149 -0.6552240
vn 0.2818515 -0.7059511 -0.6497636
vn 0.1988661 -0.6575915 0.7266538
vn 0.1723352 -0.7355149 -0.6552240
vn 0.1988661 -0.6575915 0.7266538
vn 0.0892935 -0.6869723 0.7211767
vn 0.2818515 -0.7059511 -0.6497636
vn 0.3855368 -0.6597603 -0.6450408
vn 0.3025239 -0.6112469 0.7313389
vn 0.2818515 -0.7059511 -0.6497636
vn 0.3025239 -0.6112469 0.7313389
vn 0.1988661 -0.6575915 0.7266538
vn 0.3855368 -0.6597603 -0.6450408
vn 0.4806871 -0.5978234 -0.6415193
vn 0.3977062 -0.5493236 0.7348969
vn 0.3855368 -0.6597603 -0.6450408
vn 0.3977062 -0.5493236 0.7348969
vn 0.3025239 -0.6112469 0.7313389
vn 0.4806871 -0.5978234 -0.6415193
vn 0.5650212 -0.5218005 -0.6391207
vn 0.4820774 -0.4733073 0.7372798
vn 0.4806871 -0.5978234 -0.6415193
vn 0.4820774 -0.4733073 0.7372798
vn 0.3977062 -0.5493236 0.7348969
vn 0.5650212 -0.5218005 -0.6391207
vn 0.6365286 -0.4335157 -0.6378835
vn 0.5535295 -0.3849596 0.7385195
vn 0.5650212 -0.5218005 -0.6391207
vn 0.5535295 -0.3849596 0.7385195
vn 0.4820774 -0.4733073 0.7372798
vn 0.6365286 -0.4335157 -0.6378835
vn 0.6933462 -0.3351551 -0.6379201
vn 0.6103473 -0.2865853 0.7384748
vn 0.6365286 -0.4335157 -0.6378835
vn 0.6103473 -0.2865853 0.7384748
vn 0.5535295 -0.3849596 0.7385195
vn 0.6933462 -0.3351551 -0.6379201
vn 0.7341261 -0.2291378 -0.6391827
vn 0.6510835 -0.1805465 0.7372199
vn 0.6933462 -0.3351551 -0.6379201
vn 0.6510835 -0.1805465 0.7372199
vn 0.6103473 -0.2865853 0.7384748
vn 0.7341261 -0.2291378 -0.6391827
vn 0.7578279 -0.1180660 -0.6416832
vn 0.6748099 -0.0694979 0.7347119
vn 0.7341261 -0.2291378 -0.6391827
vn 0.6748099 -0.0694979 0.7347119
vn 0.6510835 -0.1805465 0.7372199
vn 0.0601958 -0.0352169 -0.9975652
vn 0.7639088 -0.0047141 -0.6453069
vn 0.7578279 -0.1180660 -0.6416832
vn -0.0601957 0.0352167 0.9975652
vn 0.6748099 -0.0694979 0.7347119
vn 0.6808766 0.0438822 0.7310824
vn 0.0601958 -0.0352169 -0.9975652
vn 0.7522050 0.1081629 -0.6499912
vn 0.7639088 -0.0047141 -0.6453069
vn -0.0601957 0.0352167 0.9975652
vn 0.6808766 0.0438822 0.7310824
vn 0.6691467 0.1567601 0.7264082
vn 0.0601958 -0.0352169 -0.9975652
vn 0.7230179 0.2178196 -0.6555912
vn 0.7522050 0.1081629 -0.6499912
vn -0.0601957 0.0352167 0.9975652
vn 0.6691467 0.1567601 0.7264082
vn 0.6399140 0.2663771 0.7208004
vn 0.0601958 -0.0352169 -0.9975652
vn 0.6770388 0.3215105 -0.6620041
vn 0.7230179 0.2178196 -0.6555912
vn -0.0601957 0.0352167 0.9975652
vn 0.6399140 0.2663771 0.7208004
vn 0.5938915 0.3700568 0.7143884
vn 0.0601958 -0.0352169 -0.9975652
vn 0.6153980 0.4166692 -0.6690829
vn 0.6770388 0.3215105 -0.6620041
vn -0.0601957 0.0352167 0.9975652
vn 0.5938915 0.3700568 0.7143884
vn 0.5322606 0.4651977 0.7073116
vn 0.0601958 -0.0352169 -0.9975652
vn 0.5396266 0.5009732 -0.6766307
vn 0.6153980 0.4166692 -0.6690829
vn -0.0601957 0.0352167 0.9975652
vn 0.5322606 0.4651977 0.7073116
vn 0.4565114 0.5494775 0.6997656
vn 0.0601958 -0.0352169 -0.9975652
vn 0.4515751 0.5723316 -0.6844826
vn 0.5396266 0.5009732 -0.6766307
vn -0.0601957 0.0352167 0.9975652
vn 0.4565114 0.5494775 0.6997656
vn 0.3684846 0.6208778 0.6919029
vn 0.0601958 -0.0352169 -0.9975652
vn 0.3534319 0.6290039 -0.6924161
vn 0.4515751 0.5723316 -0.6844826
vn -0.0601957 0.0352167 0.9975652
vn 0.3684846 0.6208778 0.6919029
vn 0.2703551 0.6775405 0.6839932
vn 0.0601958 -0.0352169 -0.9975652
vn 0.2476126 0.6695831 -0.7002475
vn 0.3534319 0.6290039 -0.6924161
vn -0.0601957 0.0352167 0.9975652
vn 0.2703551 0.6775405 0.6839932
vn 0.1645546 0.7181686 0.6761327
vn 0.0601958 -0.0352169 -0.9975652
vn 0.1367359 0.6931394 -0.7077153
vn 0.2476126 0.6695831 -0.7002475
vn -0.0601957 0.0352167 0.9975652
vn 0.1645546 0.7181686 0.6761327
vn 0.0536550 0.7415994 0.6686938
vn 0.0601958 -0.0352169 -0.9975652
vn 0.0235042 0.6990210 -0.7147148
vn 0.1367359 0.6931394 -0.7077153
vn -0.0601957 0.0352167 0.9975652
vn 0.0536550 0.7415994 0.6686938
vn -0.0595438 0.7474154 0.6616832
vn 0.0601958 -0.0352169 -0.9975652
vn -0.0892911 0.6869339 -0.7212135
vn 0.0235042 0.6990210 -0.7147148
vn -0.0601957 0.0352167 0.9975652
vn -0.0595438 0.7474154 0.6616832
vn -0.1723536 0.7355470 0.6551831
vn 0.0601958 -0.0352169 -0.9975652
vn -0.1988525 0.6574667 -0.7267704
vn -0.0892911 0.6869339 -0.7212135
vn -0.0601957 0.0352167 0.9975652
vn -0.1723536 0.7355470 0.6551831
vn -0.2819052 0.7060621 0.6496197
vn 0.0601958 -0.0352169 -0.9975652
vn -0.3025382 0.6112907 -0.7312964
vn -0.1988525 0.6574667 -0.7267704
vn -0.0601957 0.0352167 0.9975652
vn -0.2819052 0.7060621 0.6496197
vn -0.3854999 0.6597108 0.6451136
vn 0.0601958 -0.0352169 -0.9975652
vn -0.3976773 0.5492887 -0.7349385
vn -0.3025382 0.6112907 -0.7312964
vn -0.0601957 0.0352167 0.9975652
vn -0.3854999 0.6597108 0.6451136
vn -0.4807296 0.5978563 0.6414568
vn 0.0601958 -0.0352169 -0.9975652
vn -0.4819759 0.4731892 -0.7374222
vn -0.3976773 0.5492887 -0.7349385
vn -0.0601957 0.0352167 0.9975652
vn -0.4807296 0.5978563 0.6414568
vn -0.5651283 0.5218744 0.6389655
vn 0.0601958 -0.0352169 -0.9975652
vn -0.5534768 0.3849440 -0.7385674
vn -0.4819759 0.4731892 -0.7374222
vn -0.0601957 0.0352167 0.9975652
vn -0.5651283 0.5218744 0.6389655
vn -0.6365562 0.4335563 0.6378285
vn 0.0601958 -0.0352169 -0.9975652
vn -0.6103076 0.2865762 -0.7385112
vn -0.5534768 0.3849440 -0.7385674
vn -0.0601957 0.0352167 0.9975652
vn -0.6365562 0.4335563 0.6378285
vn -0.6933697 0.3351732 0.6378849
vn 0.0601958 -0.0352169 -0.9975652
vn -0.6510577 0.1805643 -0.7372385
vn -0.6103076 0.2865762 -0.7385112
vn -0.0601957 0.0352167 0.9975652
vn -0.6933697 0.3351732 0.6378849
vn -0.7341495 0.2291465 0.6391529
vn 0.0601958 -0.0352169 -0.9975652
vn -0.6747709 0.0694912 -0.7347485
vn -0.6510577 0.1805643 -0.7372385
vn -0.0601957 0.0352167 0.9975652
vn -0.7341495 0.2291465 0.6391529
vn -0.7578601 0.1180904 0.6416407
vn 0.0601958 -0.0352169 -0.9975652
vn -0.6808739 -0.0438621 -0.7310860
vn -0.6747709 0.0694912 -0.7347485
vn -0.0601957 0.0352167 0.9975652
vn -0.7578601 0.1180904 0.6416407
vn -0.7639050 0.0047107 0.6453115
vn 0.0601958 -0.0352169 -0.9975652
vn -0.6691766 -0.1567971 -0.7263728
vn -0.6808739 -0.0438621 -0.7310860
vn -0.0601957 0.0352167 0.9975652
vn -0.7639050 0.0047107 0.6453115
vn -0.7521722 -0.1081840 0.6500256
vn 0.0601958 -0.0352169 -0.9975652
vn -0.6399339 -0.2664184 -0.7207675
vn -0.6691766 -0.1567971 -0.7263728
vn -0.0601957 0.0352167 0.9975652
vn -0.7521722 -0.1081840 0.6500256
vn -0.7229849 -0.2178240 0.6556261
vn 0.0601958 -0.0352169 -0.9975652
vn -0.5938983 -0.3700253 -0.7143991
vn -0.6399339 -0.2664184 -0.7207675
vn -0.0601957 0.0352167 0.9975652
vn -0.7229849 -0.2178240 0.6556261
vn -0.6770433 -0.3215105 0.6619996
vn 0.0601958 -0.0352169 -0.9975652
vn -0.5322326 -0.4651926 -0.7073360
vn -0.5938983 -0.3700253 -0.7143991
vn -0.0601957 0.0352167 0.9975652
vn -0.6770433 -0.3215105 0.6619996
vn -0.6154196 -0.4166966 0.6690460
vn 0.0601958 -0.0352169 -0.9975652
vn -0.4564651 -0.5494908 -0.6997852
vn -0.5322326 -0.4651926 -0.7073360
vn -0.0601957 0.0352167 0.9975652
vn -0.6154196 -0.4166966 0.6690460
vn -0.5396304 -0.5010036 0.6766052
vn 0.0601958 -0.0352169 -0.9975652
vn -0.3684775 -0.6208578 -0.6919249
vn -0.4564651 -0.5494908 -0.6997852
vn -0.0601957 0.0352167 0.9975652
vn -0.5396304 -0.5010036 0.6766052
vn -0.4515826 -0.5723287 0.6844801
vn 0.0601958 -0.0352169 -0.9975652
vn -0.2704183 -0.6776504 -0.6838595
vn -0.3684775 -0.6208578 -0.6919249
vn -0.0601957 0.0352167 0.9975652
vn -0.4515826 -0.5723287 0.6844801
vn -0.3533953 -0.6289018 0.6925274
vn 0.0601958 -0.0352169 -0.9975652
vn -0.1646167 -0.7182977 -0.6759804
vn -0.2704183 -0.6776504 -0.6838595
vn -0.0601957 0.0352167 0.9975652
vn -0.3533953 -0.6289018 0.6925274
vn -0.2475797 -0.6694038 0.7004305
vn 0.0601958 -0.0352169 -0.9975652
vn -0.0536829 -0.7416197 -0.6686690
vn -0.1646167 -0.7182977 -0.6759804
vn -0.0601957 0.0352167 0.9975652
vn -0.2475797 -0.6694038 0.7004305
vn -0.1367497 -0.6931500 0.7077023
vn 0.0601958 -0.0352169 -0.9975652
vn 0.0595672 -0.7473953 -0.6617038
vn -0.0536829 -0.7416197 -0.6686690
vn -0.0601957 0.0352167 0.9975652
vn -0.1367497 -0.6931500 0.7077023
vn -0.0234867 -0.6990300 0.7147065
vn 0.0601958 -0.0352169 -0.9975652
vn 0.1723352 -0.7355149 -0.6552240
vn 0.0595672 -0.7473953 -0.6617038
vn -0.0601957 0.0352167 0.9975652
vn -0.0234867 -0.6990300 0.7147065
vn 0.0892935 -0.6869723 0.7211767
vn 0.0601958 -0.0352169 -0.9975652
vn 0.2818515 -0.7059511 -0.6497636
vn 0.1723352 -0.7355149 -0.6552240
vn -0.0601957 0.0352167 0.9975652
vn 0.0892935 -0.6869723 0.7211767
vn 0.1988661 -0.6575915 0.7266538
vn 0.0601958 -0.0352169 -0.9975652
vn 0.3855368 -0.6597603 -0.6450408
vn 0.2818515 -0.7059511 -0.6497636
vn -0.0601957 0.0352167 0.9975652
vn 0.1988661 -0.6575915 0.7266538
vn 0.3025239 -0.6112469 0.7313389
vn 0.0601958 -0.0352169 -0.9975652
vn 0.4806871 -0.5978234 -0.6415193
vn 0.3855368 -0.6597603 -0.6450408
vn -0.0601957 0.0352167 0.9975652
vn 0.3025239 -0.6112469 0.7313389
vn 0.3977062 -0.5493236 0.7348969
vn 0.0601958 -0.0352169 -0.9975652
vn 0.5650212 -0.5218005 -0.6391207
vn 0.4806871 -0.5978234 -0.6415193
vn -0.0601957 0.0352167 0.9975652
vn 0.3977062 -0.5493236 0.7348969
vn 0.4820774 -0.4733073 0.7372798
vn 0.0601958 -0.0352169 -0.9975652
vn 0.6365286 -0.4335157 -0.6378835
vn 0.5650212 -0.5218005 -0.6391207
vn -0.0601957 0.0352167 0.9975652
vn 0.4820774 -0.4733073 0.7372798
vn 0.5535295 -0.3849596 0.7385195
vn 0.0601958 -0.0352169 -0.9975652
vn 0.6933462 -0.3351551 -0.6379201
vn 0.6365286 -0.4335157 -0.6378835
vn -0.0601957 0.0352167 0.9975652
vn 0.5535295 -0.3849596 0.7385195
vn 0.6103473 -0.2865853 0.7384748
vn 0.0601958 -0.0352169 -0.9975652
vn 0.7341261 -0.2291378 -0.6391827
vn 0.6933462 -0.3351551 -0.6379201
vn -0.0601957 0.0352167 0.9975652
vn 0.6103473 -0.2865853 0.7384748
vn 0.6510835 -0.1805465 0.7372199
vn 0.0601958 -0.0352169 -0.9975652
vn 0.7578279 -0.1180660 -0.6416832
vn 0.7341261 -0.2291378 -0.6391827
vn -0.0601957 0.0352167 0.9975652
vn 0.6510835 -0.1805465 0.7372199
vn 0.6748099 -0.0694979 0.7347119
vn 0.7452874 -0.1809889 -0.6417084
vn 0.7635571 -0.0688770 -0.6420565
vn 0.6763689 -0.0506175 0.7348217
vn 0.7452874 -0.1809889 -0.6417084
vn 0.6763689 -0.0506175 0.7348217
vn 0.6580719 -0.1627239 0.7351615
vn 0.7635571 -0.0688770 -0.6420565
vn 0.7641107 0.0447181 -0.6435332
vn 0.6769301 0.0629740 0.7333484
vn 0.7635571 -0.0688770 -0.6420565
vn 0.6769301 0.0629740 0.7333484
vn 0.6763689 -0.0506175 0.7348217
vn 0.7641107 0.0447181 -0.6435332
vn 0.7469200 0.1569829 -0.6461168
vn 0.6597599 0.1752192 0.7307634
vn 0.7641107 0.0447181 -0.6435332
vn 0.6597599 0.1752192 0.7307634
vn 0.6769301 0.0629740 0.7333484
vn 0.7469200 0.1569829 -0.6461168
vn 0.7124272 0.2651380 -0.6497301
vn 0.6252614 0.2833998 0.7271402
vn 0.7469200 0.1569829 -0.6461168
vn 0.6252614 0.2833998 0.7271402
vn 0.6597599 0.1752192 0.7307634
vn 0.7124272 0.2651380 -0.6497301
vn 0.6614989 0.3666041 -0.6542329
vn 0.5742249 0.3847792 0.7226414
vn 0.7124272 0.2651380 -0.6497301
vn 0.5742249 0.3847792 0.7226414
vn 0.6252614 0.2833998 0.7271402
vn 0.6614989 0.3666041 -0.6542329
vn 0.5952770 0.4587322 -0.6597045
vn 0.5080965 0.4769686 0.7171742
vn 0.6614989 0.3666041 -0.6542329
vn 0.5080965 0.4769686 0.7171742
vn 0.5742249 0.3847792 0.7226414
vn 0.5952770 0.4587322 -0.6597045
vn 0.5154542 0.5393057 -0.6659252
vn 0.4283945 0.5576940 0.7109540
vn 0.5952770 0.4587322 -0.6597045
vn 0.4283945 0.5576940 0.7109540
vn 0.5080965 0.4769686 0.7171742
vn 0.5154542 0.5393057 -0.6659252
vn 0.4240781 0.6064702 -0.6725708
vn 0.3369696 0.6248258 0.7043040
vn 0.5154542 0.5393057 -0.6659252
vn 0.3369696 0.6248258 0.7043040
vn 0.4283945 0.5576940 0.7109540
vn 0.4240781 0.6064702 -0.6725708
vn 0.3233247 0.6584412 -0.6796443
vn 0.2361962 0.6768087 0.6972384
vn 0.4240781 0.6064702 -0.6725708
vn 0.2361962 0.6768087 0.6972384
vn 0.3369696 0.6248258 0.7043040
vn 0.3233247 0.6584412 -0.6796443
vn 0.2157106 0.6940259 -0.6868747
vn 0.1285399 0.7122997 0.6900048
vn 0.3233247 0.6584412 -0.6796443
vn 0.1285399 0.7122997 0.6900048
vn 0.2361962 0.6768087 0.6972384
vn 0.2157106 0.6940259 -0.6868747
vn 0.1038241 0.7122160 -0.6942398
vn 0.0166573 0.7305697 0.6826349
vn 0.2157106 0.6940259 -0.6868747
vn 0.0166573 0.7305697 0.6826349
vn 0.1285399 0.7122997 0.6900048
vn 0.1038241 0.7122160 -0.6942398
vn -0.0095464 0.7126855 -0.7014188
vn -0.0967338 0.7310338 0.6754496
vn 0.1038241 0.7122160 -0.6942398
vn -0.0967338 0.7310338 0.6754496
vn 0.0166573 0.7305697 0.6826349
vn -0.0095464 0.7126855 -0.7014188
vn -0.1216106 0.6954240 -0.7082348
vn -0.2087981 0.7136633 0.6686463
vn -0.0095464 0.7126855 -0.7014188
vn -0.2087981 0.7136633 0.6686463
vn -0.0967338 0.7310338 0.6754496
vn -0.1216106 0.6954240 -0.7082348
vn -0.2296063 0.6608222 -0.7145593
vn -0.3167455 0.6789632 0.6623303
vn -0.1216106 0.6954240 -0.7082348
vn -0.3167455 0.6789632 0.6623303
vn -0.2087981 0.7136633 0.6686463
vn -0.2296063 0.6608222 -0.7145593
vn -0.3309334 0.6097499 -0.7202001
vn -0.4179575 0.6277590 0.6566811
vn -0.2296063 0.6608222 -0.7145593
vn -0.4179575 0.6277590 0.6566811
vn -0.3167455 0.6789632 0.6623303
vn -0.3309334 0.6097499 -0.7202001
vn -0.4229815 0.5432882 -0.7252065
vn -0.5100534 0.5613958 0.6516750
vn -0.3309334 0.6097499 -0.7202001
vn -0.5100534 0.5613958 0.6516750
vn -0.4179575 0.6277590 0.6566811
vn -0.4229815 0.5432882 -0.7252065
vn -0.5034733 0.4632365 -0.7293329
vn -0.5906468 0.4814682 0.6475530
vn -0.4229815 0.5432882 -0.7252065
vn -0.5906468 0.4814682 0.6475530
vn -0.5100534 0.5613958 0.6516750
vn -0.5034733 0.4632365 -0.7293329
vn -0.5705587 0.3716195 -0.7323673
vn -0.6577324 0.3898723 0.6445057
vn -0.5034733 0.4632365 -0.7293329
vn -0.6577324 0.3898723 0.6445057
vn -0.5906468 0.4814682 0.6475530
vn -0.5705587 0.3716195 -0.7323673
vn -0.6225138 0.2706031 -0.7343368
vn -0.7097196 0.2888695 0.6425360
vn -0.5705587 0.3716195 -0.7323673
vn -0.7097196 0.2888695 0.6425360
vn -0.6577324 0.3898723 0.6445057
vn -0.6225138 0.2706031 -0.7343368
vn -0.6580663 0.1627214 -0.7351669
vn -0.7452822 0.1809859 0.6417153
vn -0.6225138 0.2706031 -0.7343368
vn -0.7452822 0.1809859 0.6417153
vn -0.7097196 0.2888695 0.6425360
vn -0.6580663 0.1627214 -0.7351669
vn -0.6763688 0.0506270 -0.7348212
vn -0.7635621 0.0688598 0.6420522
vn -0.6580663 0.1627214 -0.7351669
vn -0.7635621 0.0688598 0.6420522
vn -0.7452822 0.1809859 0.6417153
vn -0.6763688 0.0506270 -0.7348212
vn -0.6769213 -0.0629613 -0.7333577
vn -0.7641253 -0.0447286 0.6435153
vn -0.6763688 0.0506270 -0.7348212
vn -0.7641253 -0.0447286 0.6435153
vn -0.7635621 0.0688598 0.6420522
vn -0.6769213 -0.0629613 -0.7333577
vn -0.6597322 -0.1752195 -0.7307884
vn -0.7469516 -0.1569717 0.6460831
vn -0.6769213 -0.0629613 -0.7333577
vn -0.7469516 -0.1569717 0.6460831
vn -0.7641253 -0.0447286 0.6435153
vn -0.6597322 -0.1752195 -0.7307884
vn -0.6252478 -0.2833934 -0.7271543
vn -0.7124247 -0.2651577 0.6497250
vn -0.6597322 -0.1752195 -0.7307884
vn -0.7124247 -0.2651577 0.6497250
vn -0.7469516 -0.1569717 0.6460831
vn -0.6252478 -0.2833934 -0.7271543
vn -0.5743007 -0.3848331 -0.7225525
vn -0.6614324 -0.3665523 0.6543291
vn -0.6252478 -0.2833934 -0.7271543
vn -0.6614324 -0.3665523 0.6543291
vn -0.7124247 -0.2651577 0.6497250
vn -0.5743007 -0.3848331 -0.7225525
vn -0.5081201 -0.4769957 -0.7171395
vn -0.5952581 -0.4587037 0.6597413
vn -0.5743007 -0.3848331 -0.7225525
vn -0.5952581 -0.4587037 0.6597413
vn -0.6614324 -0.3665523 0.6543291
vn -0.5081201 -0.4769957 -0.7171395
vn -0.4283261 -0.5576299 -0.7110454
vn -0.5154978 -0.5393818 0.6658298
vn -0.5081201 -0.4769957 -0.7171395
vn -0.5154978 -0.5393818 0.6658298
vn -0.5952581 -0.4587037 0.6597413
vn -0.4283261 -0.5576299 -0.7110454
vn -0.3369360 -0.6247848 -0.7043566
vn -0.4240929 -0.6065205 0.6725164
vn -0.4283261 -0.5576299 -0.7110454
vn -0.4240929 -0.6065205 0.6725164
vn -0.5154978 -0.5393818 0.6658298
vn -0.3369360 -0.6247848 -0.7043566
vn -0.2361737 -0.6767637 -0.6972897
vn -0.3233327 -0.6584911 0.6795921
vn -0.3369360 -0.6247848 -0.7043566
vn -0.3233327 -0.6584911 0.6795921
vn -0.4240929 -0.6065205 0.6725164
vn -0.2361737 -0.6767637 -0.6972897
vn -0.1285104 -0.7121989 -0.6901144
vn -0.2157299 -0.6941290 0.6867644
vn -0.2361737 -0.6767637 -0.6972897
vn -0.2157299 -0.6941290 0.6867644
vn -0.3233327 -0.6584911 0.6795921
vn -0.1285104 -0.7121989 -0.6901144
vn -0.0166386 -0.7303568 -0.6828632
vn -0.1038413 -0.7124339 0.6940135
vn -0.1285104 -0.7121989 -0.6901144
vn -0.1038413 -0.7124339 0.6940135
vn -0.2157299 -0.6941290 0.6867644
vn -0.0166386 -0.7303568 -0.6828632
vn 0.0967250 -0.7308773 -0.6756201
vn 0.0095679 -0.7128455 0.7012559
vn -0.0166386 -0.7303568 -0.6828632
vn 0.0095679 -0.7128455 0.7012559
vn -0.1038413 -0.7124339 0.6940135
vn 0.0967250 -0.7308773 -0.6756201
vn 0.2087822 -0.7136038 -0.6687149
vn 0.1216333 -0.6954866 0.7081693
vn 0.0967250 -0.7308773 -0.6756201
vn 0.1216333 -0.6954866 0.7081693
vn 0.0095679 -0.7128455 0.7012559
vn 0.2087822 -0.7136038 -0.6687149
vn 0.3167782 -0.6790284 -0.6622477
vn 0.2295850 -0.6607469 0.7146357
vn 0.2087822 -0.7136038 -0.6687149
vn 0.2295850 -0.6607469 0.7146357
vn 0.1216333 -0.6954866 0.7081693
vn 0.3167782 -0.6790284 -0.6622477
vn 0.4180518 -0.6278674 -0.6565174
vn 0.3308588 -0.6096165 0.7203472
vn 0.3167782 -0.6790284 -0.6622477
vn 0.3308588 -0.6096165 0.7203472
vn 0.2295850 -0.6607469 0.7146357
vn 0.4180518 -0.6278674 -0.6565174
vn 0.5100724 -0.5614538 -0.6516102
vn 0.4229320 -0.5432394 0.7252721
vn 0.4180518 -0.6278674 -0.6565174
vn 0.4229320 -0.5432394 0.7252721
vn 0.3308588 -0.6096165 0.7203472
vn 0.5100724 -0.5614538 -0.6516102
vn 0.5906582 -0.4815001 -0.6475188
vn 0.5034494 -0.4632130 0.7293644
vn 0.5100724 -0.5614538 -0.6516102
vn 0.5034494 -0.4632130 0.7293644
vn 0.4229320 -0.5432394 0.7252721
vn 0.5906582 -0.4815001 -0.6475188
vn 0.6577594 -0.3898717 -0.6444786
vn 0.5705336 -0.3716096 0.7323918
vn 0.5906582 -0.4815001 -0.6475188
vn 0.5705336 -0.3716096 0.7323918
vn 0.5034494 -0.4632130 0.7293644
vn 0.6577594 -0.3898717 -0.6444786
vn 0.7097191 -0.2888646 -0.6425387
vn 0.6225070 -0.2706190 0.7343367
vn 0.6577594 -0.3898717 -0.6444786
vn 0.6225070 -0.2706190 0.7343367
vn 0.5705336 -0.3716096 0.7323918
vn 0.7097191 -0.2888646 -0.6425387
vn 0.7452874 -0.1809889 -0.6417084
vn 0.6580719 -0.1627239 0.7351615
vn 0.7097191 -0.2888646 -0.6425387
vn 0.6580719 -0.1627239 0.7351615
vn 0.6225070 -0.2706190 0.7343367
vn 0.0631836 -0.0132246 -0.9979143
vn 0.7635571 -0.0688770 -0.6420565
vn 0.7452874 -0.1809889 -0.6417084
vn -0.0631837 0.0132246 0.9979143
vn 0.6580719 -0.1627239 0.7351615
vn 0.6763689 -0.0506175 0.7348217
vn 0.0631836 -0.0132246 -0.9979143
vn 0.7641107 0.0447181 -0.6435332
vn 0.7635571 -0.0688770 -0.6420565
vn -0.0631837 0.0132246 0.9979143
vn 0.6763689 -0.0506175 0.7348217
vn 0.6769301 0.0629740 0.7333484
vn 0.0631836 -0.0132246 -0.9979143
vn 0.7469200 0.1569829 -0.6461168
vn 0.7641107 0.0447181 -0.6435332
vn -0.0631837 0.0132246 0.9979143
vn 0.6769301 0.0629740 0.7333484
vn 0.6597599 0.1752192 0.7307634
vn 0.0631836 -0.0132246 -0.9979143
vn 0.7124272 0.2651380 -0.6497301
vn 0.7469200 0.1569829 -0.6461168
vn -0.0631837 0.0132246 0.9979143
vn 0.6597599 0.1752192 0.7307634
vn 0.6252614 0.2833998 0.7271402
vn 0.0631836 -0.0132246 -0.9979143
vn 0.6614989 0.3666041 -0.6542329
vn 0.7124272 0.2651380 -0.6497301
vn -0.0631837 0.0132246 0.9979143
vn 0.6252614 0.2833998 0.7271402
vn 0.5742249 0.3847792 0.7226414
vn 0.0631836 -0.0132246 -0.9979143
vn 0.5952770 0.4587322 -0.6597045
vn 0.6614989 0.3666041 -0.6542329
vn -0.0631837 0.0132246 0.9979143
vn 0.5742249 0.3847792 0.7226414
vn 0.5080965 0.4769686 0.7171742
vn 0.0631836 -0.0132246 -0.9979143
vn 0.5154542 0.5393057 -0.6659252
vn 0.5952770 0.4587322 -0.6597045
vn -0.0631837 0.0132246 0.9979143
vn 0.5080965 0.4769686 0.7171742
vn 0.4283945 0.5576940 0.7109540
vn 0.0631836 -0.0132246 -0.9979143
vn 0.4240781 0.6064702 -0.6725708
vn 0.5154542 0.5393057 -0.6659252
vn -0.0631837 0.0132246 0.9979143
vn 0.4283945 0.5576940 0.7109540
vn 0.3369696 0.6248258 0.7043040
vn 0.0631836 -0.0132246 -0.9979143
vn 0.3233247 0.6584412 -0.6796443
vn 0.4240781 0.6064702 -0.6725708
vn -0.0631837 0.0132246 0.9979143
vn 0.3369696 0.6248258 0.7043040
vn 0.2361962 0.6768087 0.6972384
vn 0.0631836 -0.0132246 -0.9979143
vn 0.2157106 0.6940259 -0.6868747
vn 0.3233247 0.6584412 -0.6796443
vn -0.0631837 0.0132246 0.9979143
vn 0.2361962 0.6768087 0.6972384
vn 0.1285399 0.7122997 0.6900048
vn 0.0631836 -0.0132246 -0.9979143
vn 0.1038241 0.7122160 -0.6942398
vn 0.2157106 0.6940259 -0.6868747
vn -0.0631837 0.0132246 0.9979143
vn 0.1285399 0.7122997 0.6900048
vn 0.0166573 0.7305697 0.6826349
vn 0.0631836 -0.0132246 -0.9979143
vn -0.0095464 0.7126855 -0.7014188
vn 0.1038241 0.7122160 -0.6942398
vn -0.0631837 0.0132246 0.9979143
vn 0.0166573 0.7305697 0.6826349
vn -0.0967338 0.7310338 0.6754496
vn 0.0631836 -0.0132246 -0.9979143
vn -0.1216106 0.6954240 -0.7082348
vn -0.0095464 0.7126855 -0.7014188
vn -0.0631837 0.0132246 0.9979143
vn -0.0967338 0.7310338 0.6754496
vn -0.2087981 0.7136633 0.6686463
vn 0.0631836 -0.0132246 -0.9979143
vn -0.2296063 0.6608222 -0.7145593
vn -0.1216106 0.6954240 -0.7082348
vn -0.0631837 0.0132246 0.9979143
vn -0.2087981 0.7136633 0.6686463
vn -0.3167455 0.6789632 0.6623303
vn 0.0631836 -0.0132246 -0.9979143
vn -0.3309334 0.6097499 -0.7202001
vn -0.2296063 0.6608222 -0.7145593
vn -0.0631837 0.0132246 0.9979143
vn -0.3167455 0.6789632 0.6623303
vn -0.4179575 0.6277590 0.6566811
vn 0.0631836 -0.0132246 -0.9979143
vn -0.4229815 0.5432882 -0.7252065
vn -0.3309334 0.6097499 -0.7202001
vn -0.0631837 0.0132246 0.9979143
vn -0.4179575 0.6277590 0.6566811
vn -0.5100534 0.5613958 0.6516750
vn 0.0631836 -0.0132246 -0.9979143
vn -0.5034733 0.4632365 -0.7293329
vn -0.4229815 0.5432882 -0.7252065
vn -0.0631837 0.0132246 0.9979143
vn -0.5100534 0.5613958 0.6516750
vn -0.5906468 0.4814682 0.6475530
vn 0.0631836 -0.0132246 -0.9979143
vn -0.5705587 0.3716195 -0.7323673
vn -0.5034733 0.4632365 -0.7293329
vn -0.0631837 0.0132246 0.9979143
vn -0.5906468 0.4814682 0.6475530
vn -0.6577324 0.3898723 0.6445057
vn 0.0631836 -0.0132246 -0.9979143
vn -0.6225138 0.2706031 -0.7343368
vn -0.5705587 0.3716195 -0.7323673
vn -0.0631837 0.0132246 0.9979143
vn -0.6577324 0.3898723 0.6445057
vn -0.7097196 0.2888695 0.6425360
vn 0.0631836 -0.0132246 -0.9979143
vn -0.6580663 0.1627214 -0.7351669
vn -0.6225138 0.2706031 -0.7343368
vn -0.0631837 0.0132246 0.9979143
vn -0.7097196 0.2888695 0.6425360
vn -0.7452822 0.1809859 0.6417153
vn 0.0631836 -0.0132246 -0.9979143
vn -0.6763688 0.0506270 -0.7348212
vn -0.6580663 0.1627214 -0.7351669
vn -0.0631837 0.0132246 0.9979143
vn -0.7452822 0.1809859 0.6417153
vn -0.7635621 0.0688598 0.6420522
vn 0.0631836 -0.0132246 -0.9979143
vn -0.6769213 -0.0629613 -0.7333577
vn -0.6763688 0.0506270 -0.7348212
vn -0.0631837 0.0132246 0.9979143
vn -0.7635621 0.0688598 0.6420522
vn -0.7641253 -0.0447286 0.6435153
vn 0.0631836 -0.0132246 -0.9979143
vn -0.6597322 -0.1752195 -0.7307884
vn -0.6769213 -0.0629613 -0.7333577
vn -0.0631837 0.0132246 0.9979143
vn -0.7641253 -0.0447286 0.6435153
vn -0.7469516 -0.1569717 0.6460831
vn 0.0631836 -0.0132246 -0.9979143
vn -0.6252478 -0.2833934 -0.7271543
vn -0.6597322 -0.1752195 -0.7307884
vn -0.0631837 0.0132246 0.9979143
vn -0.7469516 -0.1569717 0.6460831
vn -0.7124247 -0.2651577 0.6497250
vn 0.0631836 -0.0132246 -0.9979143
vn -0.5743007 -0.3848331 -0.7225525
vn -0.6252478 -0.2833934 -0.7271543
vn -0.0631837 0.0132246 0.9979143
vn -0.7124247 -0.2651577 0.6497250
vn -0.6614324 -0.3665523 0.6543291
vn 0.0631836 -0.0132246 -0.9979143
vn -0.5081201 -0.4769957 -0.7171395
vn -0.5743007 -0.3848331 -0.7225525
vn -0.0631837 0.0132246 0.9979143
vn -0.6614324 -0.3665523 0.6543291
vn -0.5952581 -0.4587037 0.6597413
vn 0.0631836 -0.0132246 -0.9979143
vn -0.4283261 -0.5576299 -0.7110454
vn -0.5081201 -0.4769957 -0.7171395
vn -0.0631837 0.0132246 0.9979143
vn -0.5952581 -0.4587037 0.6597413
vn -0.5154978 -0.5393818 0.6658298
vn 0.0631836 -0.0132246 -0.9979143
vn -0.3369360 -0.6247848 -0.7043566
vn -0.4283261 -0.5576299 -0.7110454
vn -0.0631837 0.0132246 0.9979143
vn -0.5154978 -0.5393818 0.6658298
vn -0.4240929 -0.6065205 0.6725164
vn 0.0631836 -0.0132246 -0.9979143
vn -0.2361737 -0.6767637 -0.6972897
vn -0.3369360 -0.6247848 -0.7043566
vn -0.0631837 0.0132246 0.9979143
vn -0.4240929 -0.6065205 0.6725164
vn -0.3233327 -0.6584911 0.6795921
vn 0.0631836 -0.0132246 -0.9979143
vn -0.1285104 -0.7121989 -0.6901144
vn -0.2361737 -0.6767637 -0.6972897
vn -0.0631837 0.0132246 0.9979143
vn -0.3233327 -0.6584911 0.6795921
vn -0.2157299 -0.6941290 0.6867644
vn 0.0631836 -0.0132246 -0.9979143
vn -0.0166386 -0.7303568 -0.6828632
vn -0.1285104 -0.7121989 -0.6901144
vn -0.0631837 0.0132246 0.9979143
vn -0.2157299 -0.6941290 0.6867644
vn -0.1038413 -0.7124339 0.6940135
vn 0.0631836 -0.0132246 -0.9979143
vn 0.0967250 -0.7308773 -0.6756201
vn -0.0166386 -0.7303568 -0.6828632
vn -0.0631837 0.0132246 0.9979143
vn -0.1038413 -0.7124339 0.6940135
vn 0.0095679 -0.7128455 0.7012559
vn 0.0631836 -0.0132246 -0.9979143
vn 0.2087822 -0.7136038 -0.6687149
vn 0.0967250 -0.7308773 -0.6756201
vn -0.0631837 0.0132246 0.9979143
vn 0.0095679 -0.7128455 0.7012559
vn 0.1216333 -0.6954866 0.7081693
vn 0.0631836 -0.0132246 -0.9979143
vn 0.3167782 -0.6790284 -0.6622477
vn 0.2087822 -0.7136038 -0.6687149
vn -0.0631837 0.0132246 0.9979143
vn 0.1216333 -0.6954866 0.7081693
vn 0.2295850 -0.6607469 0.7146357
vn 0.0631836 -0.0132246 -0.9979143
vn 0.4180518 -0.6278674 -0.6565174
vn 0.3167782 -0.6790284 -0.6622477
vn -0.0631837 0.0132246 0.9979143
vn 0.2295850 -0.6607469 0.7146357
vn 0.3308588 -0.6096165 0.7203472
vn 0.0631836 -0.0132246 -0.9979143
vn 0.5100724 -0.5614538 -0.6516102
vn 0.4180518 -0.6278674 -0.6565174
vn -0.0631837 0.0132246 0.9979143
vn 0.3308588 -0.6096165 0.7203472
vn 0.4229320 -0.5432394 0.7252721
vn 0.0631836 -0.0132246 -0.9979143
vn 0.5906582 -0.4815001 -0.6475188
vn 0.5100724 -0.5614538 -0.6516102
vn -0.0631837 0.0132246 0.9979143
vn 0.4229320 -0.5432394 0.7252721
vn 0.5034494 -0.4632130 0.7293644
vn 0.0631836 -0.0132246 -0.9979143
vn 0.6577594 -0.3898717 -0.6444786
vn 0.5906582 -0.4815001 -0.6475188
vn -0.0631837 0.0132246 0.9979143
vn 0.5034494 -0.4632130 0.7293644
vn 0.5705336 -0.3716096 0.7323918
vn 0.0631836 -0.0132246 -0.9979143
vn 0.7097191 -0.2888646 -0.6425387
vn 0.6577594 -0.3898717 -0.6444786
vn -0.0631837 0.0132246 0.9979143
vn 0.5705336 -0.3716096 0.7323918
vn 0.6225070 -0.2706190 0.7343367
vn 0.0631836 -0.0132246 -0.9979143
vn 0.7452874 -0.1809889 -0.6417084
vn 0.7097191 -0.2888646 -0.6425387
vn -0.0631837 0.0132246 0.9979143
vn 0.6225070 -0.2706190 0.7343367
vn 0.6580719 -0.1627239 0.7351615
vn 0.7204792 -0.1288544 -0.6814001
vn 0.7308397 -0.0157408 -0.6823676
vn 0.7168211 -0.0026028 0.6972522
vn 0.7204792 -0.1288544 -0.6814001
vn 0.7168211 -0.0026028 0.6972522
vn 0.7064639 -0.1157155 0.6982254
vn 0.7308397 -0.0157408 -0.6823676
vn 0.7233632 0.0976058 -0.6835340
vn 0.7093648 0.1107421 0.6960874
vn 0.7308397 -0.0157408 -0.6823676
vn 0.7093648 0.1107421 0.6960874
vn 0.7168211 -0.0026028 0.6972522
vn 0.7233632 0.0976058 -0.6835340
vn 0.6982651 0.2083918 -0.6848349
vn 0.6842527 0.2215269 0.6947834
vn 0.7233632 0.0976058 -0.6835340
vn 0.6842527 0.2215269 0.6947834
vn 0.7093648 0.1107421 0.6960874
vn 0.6982651 0.2083918 -0.6848349
vn 0.6561078 0.3138667 -0.6863020
vn 0.6421493 0.3270298 0.6933222
vn 0.6982651 0.2083918 -0.6848349
vn 0.6421493 0.3270298 0.6933222
vn 0.6842527 0.2215269 0.6947834
vn 0.6561078 0.3138667 -0.6863020
vn 0.5979959 0.4114403 -0.6878356
vn 0.5840516 0.4246293 0.6917903
vn 0.6561078 0.3138667 -0.6863020
vn 0.5840516 0.4246293 0.6917903
vn 0.6421493 0.3270298 0.6933222
vn 0.5979959 0.4114403 -0.6878356
vn 0.5253870 0.4987815 -0.6893370
vn 0.5113477 0.5118963 0.6902794
vn 0.5979959 0.4114403 -0.6878356
vn 0.5113477 0.5118963 0.6902794
vn 0.5840516 0.4246293 0.6917903
vn 0.5253870 0.4987815 -0.6893370
vn 0.4399464 0.5736524 -0.6909198
vn 0.4259265 0.5867505 0.6887020
vn 0.5253870 0.4987815 -0.6893370
vn 0.4259265 0.5867505 0.6887020
vn 0.5113477 0.5118963 0.6902794
vn 0.4399464 0.5736524 -0.6909198
vn 0.3438545 0.6342192 -0.6924810
vn 0.3298398 0.6473384 0.6871381
vn 0.4399464 0.5736524 -0.6909198
vn 0.3298398 0.6473384 0.6871381
vn 0.4259265 0.5867505 0.6887020
vn 0.3438545 0.6342192 -0.6924810
vn 0.2394939 0.6790919 -0.6938854
vn 0.2254280 0.6920605 0.6857365
vn 0.3438545 0.6342192 -0.6924810
vn 0.2254280 0.6920605 0.6857365
vn 0.3298398 0.6473384 0.6871381
vn 0.2394939 0.6790919 -0.6938854
vn 0.1293955 0.7070479 -0.6952267
vn 0.1153388 0.7199241 0.6844020
vn 0.2394939 0.6790919 -0.6938854
vn 0.1153388 0.7199241 0.6844020
vn 0.2254280 0.6920605 0.6857365
vn 0.1293955 0.7070479 -0.6952267
vn 0.0162666 0.7173458 -0.6965274
vn 0.0022467 0.7303274 0.6830935
vn 0.1293955 0.7070479 -0.6952267
vn 0.0022467 0.7303274 0.6830935
vn 0.1153388 0.7199241 0.6844020
vn 0.0162666 0.7173458 -0.6965274
vn -0.0971054 0.7098117 -0.6976661
vn -0.1111146 0.7229142 0.6819449
vn 0.0162666 0.7173458 -0.6965274
vn -0.1111146 0.7229142 0.6819449
vn 0.0022467 0.7303274 0.6830935
vn -0.0971054 0.7098117 -0.6976661
vn -0.2078895 0.6846312 -0.6986144
vn -0.2219235 0.6978401 0.6810061
vn -0.0971054 0.7098117 -0.6976661
vn -0.2219235 0.6978401 0.6810061
vn -0.1111146 0.7229142 0.6819449
vn -0.2078895 0.6846312 -0.6986144
vn -0.3133684 0.6425537 -0.6992316
vn -0.3273605 0.6556520 0.6804084
vn -0.2078895 0.6846312 -0.6986144
vn -0.3273605 0.6556520 0.6804084
vn -0.2219235 0.6978401 0.6810061
vn -0.3133684 0.6425537 -0.6992316
vn -0.4109819 0.5844471 -0.6996537
vn -0.4249728 0.5975516 0.6799487
vn -0.3133684 0.6425537 -0.6992316
vn -0.4249728 0.5975516 0.6799487
vn -0.3273605 0.6556520 0.6804084
vn -0.4109819 0.5844471 -0.6996537
vn -0.4982765 0.5117183 -0.6999034
vn -0.5123199 0.5248864 0.6797225
vn -0.4109819 0.5844471 -0.6996537
vn -0.5123199 0.5248864 0.6797225
vn -0.4249728 0.5975516 0.6799487
vn -0.4982765 0.5117183 -0.6999034
vn -0.5731869 0.4263269 -0.6997873
vn -0.5871426 0.4394218 0.6798325
vn -0.4982765 0.5117183 -0.6999034
vn -0.5871426 0.4394218 0.6798325
vn -0.5123199 0.5248864 0.6797225
vn -0.5731869 0.4263269 -0.6997873
vn -0.6337531 0.3302256 -0.6995057
vn -0.6477259 0.3433416 0.6801234
vn -0.5731869 0.4263269 -0.6997873
vn -0.6477259 0.3433416 0.6801234
vn -0.5871426 0.4394218 0.6798325
vn -0.6337531 0.3302256 -0.6995057
vn -0.6785412 0.2258398 -0.6989837
vn -0.6925494 0.2389765 0.6806361
vn -0.6337531 0.3302256 -0.6995057
vn -0.6925494 0.2389765 0.6806361
vn -0.6477259 0.3433416 0.6801234
vn -0.6785412 0.2258398 -0.6989837
vn -0.7064682 0.1157251 -0.6982194
vn -0.7204813 0.1288605 0.6813968
vn -0.6785412 0.2258398 -0.6989837
vn -0.7204813 0.1288605 0.6813968
vn -0.6925494 0.2389765 0.6806361
vn -0.7064682 0.1157251 -0.6982194
vn -0.7168165 0.0026010 -0.6972569
vn -0.7308418 0.0157353 0.6823655
vn -0.7064682 0.1157251 -0.6982194
vn -0.7308418 0.0157353 0.6823655
vn -0.7204813 0.1288605 0.6813968
vn -0.7168165 0.0026010 -0.6972569
vn -0.7093465 -0.1107408 -0.6961064
vn -0.7233808 -0.0976071 0.6835153
vn -0.7168165 0.0026010 -0.6972569
vn -0.7233808 -0.0976071 0.6835153
vn -0.7308418 0.0157353 0.6823655
vn -0.7093465 -0.1107408 -0.6961064
vn -0.6842393 -0.2215234 -0.6947978
vn -0.6982790 -0.2083920 0.6848205
vn -0.7093465 -0.1107408 -0.6961064
vn -0.6982790 -0.2083920 0.6848205
vn -0.7233808 -0.0976071 0.6835153
vn -0.6842393 -0.2215234 -0.6947978
vn -0.6421012 -0.3270034 -0.6933793
vn -0.6561566 -0.3138896 0.6862447
vn -0.6842393 -0.2215234 -0.6947978
vn -0.6561566 -0.3138896 0.6862447
vn -0.6982790 -0.2083920 0.6848205
vn -0.6421012 -0.3270034 -0.6933793
vn -0.5840102 -0.4245943 -0.6918467
vn -0.5980394 -0.4114726 0.6877784
vn -0.6421012 -0.3270034 -0.6933793
vn -0.5980394 -0.4114726 0.6877784
vn -0.6561566 -0.3138896 0.6862447
vn -0.5840102 -0.4245943 -0.6918467
vn -0.5113368 -0.5119058 -0.6902804
vn -0.5253830 -0.4988003 0.6893264
vn -0.5840102 -0.4245943 -0.6918467
vn -0.5253830 -0.4988003 0.6893264
vn -0.5980394 -0.4114726 0.6877784
vn -0.5113368 -0.5119058 -0.6902804
vn -0.4259162 -0.5867526 -0.6887066
vn -0.4399462 -0.5736328 0.6909362
vn -0.5113368 -0.5119058 -0.6902804
vn -0.4399462 -0.5736328 0.6909362
vn -0.5253830 -0.4988003 0.6893264
vn -0.4259162 -0.5867526 -0.6887066
vn -0.3298771 -0.6473798 -0.6870812
vn -0.3438527 -0.6341698 0.6925271
vn -0.4259162 -0.5867526 -0.6887066
vn -0.3438527 -0.6341698 0.6925271
vn -0.4399462 -0.5736328 0.6909362
vn -0.3298771 -0.6473798 -0.6870812
vn -0.2254456 -0.6921696 -0.6856205
vn -0.2394453 -0.6790045 0.6939877
vn -0.3298771 -0.6473798 -0.6870812
vn -0.2394453 -0.6790045 0.6939877
vn -0.3438527 -0.6341698 0.6925271
vn -0.2254456 -0.6921696 -0.6856205
vn -0.1153095 -0.7199933 -0.6843342
vn -0.1293443 -0.7069914 0.6952937
vn -0.2254456 -0.6921696 -0.6856205
vn -0.1293443 -0.7069914 0.6952937
vn -0.2394453 -0.6790045 0.6939877
vn -0.1153095 -0.7199933 -0.6843342
vn -0.0022309 -0.7304235 -0.6829908
vn -0.0162420 -0.7172361 0.6966409
vn -0.1153095 -0.7199933 -0.6843342
vn -0.0162420 -0.7172361 0.6966409
vn -0.1293443 -0.7069914 0.6952937
vn -0.0022309 -0.7304235 -0.6829908
vn 0.1110789 -0.7229643 -0.6818974
vn 0.0970533 -0.7097498 0.6977362
vn -0.0022309 -0.7304235 -0.6829908
vn 0.0970533 -0.7097498 0.6977362
vn -0.0162420 -0.7172361 0.6966409
vn 0.1110789 -0.7229643 -0.6818974
vn 0.2218727 -0.6978106 -0.6810527
vn 0.2078669 -0.6847094 0.6985444
vn 0.1110789 -0.7229643 -0.6818974
vn 0.2078669 -0.6847094 0.6985444
vn 0.0970533 -0.7097498 0.6977362
vn 0.2218727 -0.6978106 -0.6810527
vn 0.3274215 -0.6556943 -0.6803382
vn 0.3133811 -0.6424960 0.6992790
vn 0.2218727 -0.6978106 -0.6810527
vn 0.3133811 -0.6424960 0.6992790
vn 0.2078669 -0.6847094 0.6985444
vn 0.3274215 -0.6556943 -0.6803382
vn 0.4249646 -0.5975336 -0.6799696
vn 0.4109777 -0.5844272 0.6996729
vn 0.3274215 -0.6556943 -0.6803382
vn 0.4109777 -0.5844272 0.6996729
vn 0.3133811 -0.6424960 0.6992790
vn 0.4249646 -0.5975336 -0.6799696
vn 0.5122854 -0.5248943 -0.6797424
vn 0.4982813 -0.5117658 0.6998654
vn 0.4249646 -0.5975336 -0.6799696
vn 0.4982813 -0.5117658 0.6998654
vn 0.4109777 -0.5844272 0.6996729
vn 0.5122854 -0.5248943 -0.6797424
vn 0.5872095 -0.4394689 -0.6797441
vn 0.5731207 -0.4262744 0.6998734
vn 0.5122854 -0.5248943 -0.6797424
vn 0.5731207 -0.4262744 0.6998734
vn 0.4982813 -0.5117658 0.6998654
vn 0.5872095 -0.4394689 -0.6797441
vn 0.6477743 -0.3433656 -0.6800650
vn 0.6337035 -0.3302001 0.6995625
vn 0.5872095 -0.4394689 -0.6797441
vn 0.6337035 -0.3302001 0.6995625
vn 0.5731207 -0.4262744 0.6998734
vn 0.6477743 -0.3433656 -0.6800650
vn 0.6925560 -0.2389660 -0.6806332
vn 0.6785464 -0.2258325 0.6989809
vn 0.6477743 -0.3433656 -0.6800650
vn 0.6785464 -0.2258325 0.6989809
vn 0.6337035 -0.3302001 0.6995625
vn 0.6925560 -0.2389660 -0.6806332
vn 0.7204792 -0.1288544 -0.6814001
vn 0.7064639 -0.1157155 0.6982254
vn 0.6925560 -0.2389660 -0.6806332
vn 0.7064639 -0.1157155 0.6982254
vn 0.6785464 -0.2258325 0.6989809
vn 0.0101558 -0.0095200 -0.9999031
vn 0.7308397 -0.0157408 -0.6823676
vn 0.7204792 -0.1288544 -0.6814001
vn -0.0101558 0.0095200 0.9999031
vn 0.7064639 -0.1157155 0.6982254
vn 0.7168211 -0.0026028 0.6972522
vn 0.0101558 -0.0095200 -0.9999031
vn 0.7233632 0.0976058 -0.6835340
vn 0.7308397 -0.0157408 -0.6823676
vn -0.0101558 0.0095200 0.9999031
vn 0.7168211 -0.0026028 0.6972522
vn 0.7093648 0.1107421 0.6960874
vn 0.0101558 -0.0095200 -0.9999031
vn 0.6982651 0.2083918 -0.6848349
vn 0.7233632 0.0976058 -0.6835340
vn -0.0101558 0.0095200 0.9999031
vn 0.7093648 0.1107421 0.6960874
vn 0.6842527 0.2215269 0.6947834
vn 0.0101558 -0.0095200 -0.9999031
vn 0.6561078 0.3138667 -0.6863020
vn 0.6982651 0.2083918 -0.6848349
vn -0.0101558 0.0095200 0.9999031
vn 0.6842527 0.2215269 0.6947834
vn 0.6421493 0.3270298 0.6933222
vn 0.0101558 -0.0095200 -0.9999031
vn 0.5979959 0.4114403 -0.6878356
vn 0.6561078 0.3138667 -0.6863020
vn -0.0101558 0.0095200 0.9999031
vn 0.6421493 0.3270298 0.6933222
vn 0.5840516 0.4246293 0.6917903
vn 0.0101558 -0.0095200 -0.9999031
vn 0.5253870 0.4987815 -0.6893370
vn 0.5979959 0.4114403 -0.6878356
vn -0.0101558 0.0095200 0.9999031
vn 0.5840516 0.4246293 0.6917903
vn 0.5113477 0.5118963 0.6902794
vn 0.0101558 -0.0095200 -0.9999031
vn 0.4399464 0.5736524 -0.6909198
vn 0.5253870 0.4987815 -0.6893370
vn -0.0101558 0.0095200 0.9999031
vn 0.5113477 0.5118963 0.6902794
vn 0.4259265 0.5867505 0.6887020
vn 0.0101558 -0.0095200 -0.9999031
vn 0.3438545 0.6342192 -0.6924810
vn 0.4399464 0.5736524 -0.6909198
vn -0.0101558 0.0095200 0.9999031
vn 0.4259265 0.5867505 0.6887020
vn 0.3298398 0.6473384 0.6871381
vn 0.0101558 -0.0095200 -0.9999031
vn 0.2394939 0.6790919 -0.6938854
vn 0.3438545 0.6342192 -0.6924810
vn -0.0101558 0.0095200 0.9999031
vn 0.3298398 0.6473384 0.6871381
vn 0.2254280 0.6920605 0.6857365
vn 0.0101558 -0.0095200 -0.9999031
vn 0.1293955 0.7070479 -0.6952267
vn 0.2394939 0.6790919 -0.6938854
vn -0.0101558 0.0095200 0.9999031
vn 0.2254280 0.6920605 0.6857365
vn 0.1153388 0.7199241 0.6844020
vn 0.0101558 -0.0095200 -0.9999031
vn 0.0162666 0.7173458 -0.6965274
vn 0.1293955 0.7070479 -0.6952267
vn -0.0101558 0.0095200 0.9999031
vn 0.1153388 0.7199241 0.6844020
vn 0.0022467 0.7303274 0.6830935
vn 0.0101558 -0.0095200 -0.9999031
vn -0.0971054 0.7098117 -0.6976661
vn 0.0162666 0.7173458 -0.6965274
vn -0.0101558 0.0095200 0.9999031
vn 0.0022467 0.7303274 0.6830935
vn -0.1111146 0.7229142 0.6819449
vn 0.0101558 -0.0095200 -0.9999031
vn -0.2078895 0.6846312 -0.6986144
vn -0.0971054 0.7098117 -0.6976661
vn -0.0101558 0.0095200 0.9999031
vn -0.1111146 0.7229142 0.6819449
vn -0.2219235 0.6978401 0.6810061
vn 0.0101558 -0.0095200 -0.9999031
vn -0.3133684 0.6425537 -0.6992316
vn -0.2078895 0.6846312 -0.6986144
vn -0.0101558 0.0095200 0.9999031
vn -0.2219235 0.6978401 0.6810061
vn -0.3273605 0.6556520 0.6804084
vn 0.0101558 -0.0095200 -0.9999031
vn -0.4109819 0.5844471 -0.6996537
vn -0.3133684 0.6425537 -0.6992316
vn -0.0101558 0.0095200 0.9999031
vn -0.3273605 0.6556520 0.6804084
vn -0.4249728 0.5975516 0.6799487
vn 0.0101558 -0.0095200 -0.9999031
vn -0.4982765 0.5117183 -0.6999034
vn -0.4109819 0.5844471 -0.6996537
vn -0.0101558 0.0095200 0.9999031
vn -0.4249728 0.5975516 0.6799487
vn -0.5123199 0.5248864 0.6797225
vn 0.0101558 -0.0095200 -0.9999031
vn -0.5731869 0.4263269 -0.6997873
vn -0.4982765 0.5117183 -0.6999034
vn -0.0101558 0.0095200 0.9999031
vn -0.5123199 0.5248864 0.6797225
vn -0.5871426 0.4394218 0.6798325
vn 0.0101558 -0.0095200 -0.9999031
vn -0.6337531 0.3302256 -0.6995057
vn -0.5731869 0.4263269 -0.6997873
vn -0.0101558 0.0095200 0.9999031
vn -0.5871426 0.4394218 0.6798325
vn -0.6477259 0.3433416 0.6801234
vn 0.0101558 -0.0095200 -0.9999031
vn -0.6785412 0.2258398 -0.6989837
vn -0.6337531 0.3302256 -0.6995057
vn -0.0101558 0.0095200 0.9999031
vn -0.6477259 0.3433416 0.6801234
vn -0.6925494 0.2389765 0.6806361
vn 0.0101558 -0.0095200 -0.9999031
vn -0.7064682 0.1157251 -0.6982194
vn -0.6785412 0.2258398 -0.6989837
vn -0.0101558 0.0095200 0.9999031
vn -0.6925494 0.2389765 0.6806361
vn -0.7204813 0.1288605 0.6813968
vn 0.0101558 -0.0095200 -0.9999031
vn -0.7168165 0.0026010 -0.6972569
vn -0.7064682 0.1157251 -0.6982194
vn -0.0101558 0.0095200 0.9999031
vn -0.7204813 0.1288605 0.6813968
vn -0.7308418 0.0157353 0.6823655
vn 0.0101558 -0.0095200 -0.9999031
vn -0.7093465 -0.1107408 -0.6961064
vn -0.7168165 0.0026010 -0.6972569
vn -0.0101558 0.0095200 0.9999031
vn -0.7308418 0.0157353 0.6823655
vn -0.7233808 -0.0976071 0.6835153
vn 0.0101558 -0.0095200 -0.9999031
vn -0.6842393 -0.2215234 -0.6947978
vn -0.7093465 -0.1107408 -0.6961064
vn -0.0101558 0.0095200 0.9999031
vn -0.7233808 -0.0976071 0.6835153
vn -0.6982790 -0.2083920 0.6848205
vn 0.0101558 -0.0095200 -0.9999031
vn -0.6421012 -0.3270034 -0.6933793
vn -0.6842393 -0.2215234 -0.6947978
vn -0.0101558 0.0095200 0.9999031
vn -0.6982790 -0.2083920 0.6848205
vn -0.6561566 -0.3138896 0.6862447
vn 0.0101558 -0.0095200 -0.9999031
vn -0.5840102 -0.4245943 -0.6918467
vn -0.6421012 -0.3270034 -0.6933793
vn -0.0101558 0.0095200 0.9999031
vn -0.6561566 -0.3138896 0.6862447
vn -0.5980394 -0.4114726 0.6877784
vn 0.0101558 -0.0095200 -0.9999031
vn -0.5113368 -0.5119058 -0.6902804
vn -0.5840102 -0.4245943 -0.6918467
vn -0.0101558 0.0095200 0.9999031
vn -0.5980394 -0.4114726 0.6877784
vn -0.5253830 -0.4988003 0.6893264
vn 0.0101558 -0.0095200 -0.9999031
vn -0.4259162 -0.5867526 -0.6887066
vn -0.5113368 -0.5119058 -0.6902804
vn -0.0101558 0.0095200 0.9999031
vn -0.5253830 -0.4988003 0.6893264
vn -0.4399462 -0.5736328 0.6909362
vn 0.0101558 -0.0095200 -0.9999031
vn -0.3298771 -0.6473798 -0.6870812
vn -0.4259162 -0.5867526 -0.6887066
vn -0.0101558 0.0095200 0.9999031
vn -0.4399462 -0.5736328 0.6909362
vn -0.3438527 -0.6341698 0.6925271
vn 0.0101558 -0.0095200 -0.9999031
vn -0.2254456 -0.6921696 -0.6856205
vn -0.3298771 -0.6473798 -0.6870812
vn -0.0101558 0.0095200 0.9999031
vn -0.3438527 -0.6341698 0.6925271
vn -0.2394453 -0.6790045 0.6939877
vn 0.0101558 -0.0095200 -0.9999031
vn -0.1153095 -0.7199933 -0.6843342
vn -0.2254456 -0.6921696 -0.6856205
vn -0.0101558 0.0095200 0.9999031
vn -0.2394453 -0.6790045 0.6939877
vn -0.1293443 -0.7069914 0.6952937
vn 0.0101558 -0.0095200 -0.9999031
vn -0.0022309 -0.7304235 -0.6829908
vn -0.1153095 -0.7199933 -0.6843342
vn -0.0101558 0.0095200 0.9999031
vn -0.1293443 -0.7069914 0.6952937
vn -0.0162420 -0.7172361 0.6966409
vn 0.0101558 -0.0095200 -0.9999031
vn 0.1110789 -0.7229643 -0.6818974
vn -0.0022309 -0.7304235 -0.6829908
vn -0.0101558 0.0095200 0.9999031
vn -0.0162420 -0.7172361 0.6966409
vn 0.0970533 -0.7097498 0.6977362
vn 0.0101558 -0.0095200 -0.9999031
vn 0.2218727 -0.6978106 -0.6810527
vn 0.1110789 -0.7229643 -0.6818974
vn -0.0101558 0.0095200 0.9999031
vn 0.0970533 -0.7097498 0.6977362
vn 0.2078669 -0.6847094 0.6985444
vn 0.0101558 -0.0095200 -0.9999031
vn 0.3274215 -0.6556943 -0.6803382
vn 0.2218727 -0.6978106 -0.6810527
vn -0.0101558 0.0095200 0.9999031
vn 0.2078669 -0.6847094 0.6985444
vn 0.3133811 -0.6424960 0.6992790
vn 0.0101558 -0.0095200 -0.9999031
vn 0.4249646 -0.5975336 -0.6799696
vn 0.3274215 -0.6556943 -0.6803382
vn -0.0101558 0.0095200 0.9999031
vn 0.3133811 -0.6424960 0.6992790
vn 0.4109777 -0.5844272 0.6996729
vn 0.0101558 -0.0095200 -0.9999031
vn 0.5122854 -0.5248943 -0.6797424
vn 0.4249646 -0.5975336 -0.6799696
vn -0.0101558 0.0095200 0.9999031
vn 0.4109777 -0.5844272 0.6996729
vn 0.4982813 -0.5117658 0.6998654
vn 0.0101558 -0.0095200 -0.9999031
vn 0.5872095 -0.4394689 -0.6797441
vn 0.5122854 -0.5248943 -0.6797424
vn -0.0101558 0.0095200 0.9999031
vn 0.4982813 -0.5117658 0.6998654
vn 0.5731207 -0.4262744 0.6998734
vn 0.0101558 -0.0095200 -0.9999031
vn 0.6477743 -0.3433656 -0.6800650
vn 0.5872095 -0.4394689 -0.6797441
vn -0.0101558 0.0095200 0.9999031
vn 0.5731207 -0.4262744 0.6998734
vn 0.6337035 -0.3302001 0.6995625
vn 0.0101558 -0.0095200 -0.9999031
vn 0.6925560 -0.2389660 -0.6806332
vn 0.6477743 -0.3433656 -0.6800650
vn -0.0101558 0.0095200 0.9999031
vn 0.6337035 -0.3302001 0.6995625
vn 0.6785464 -0.2258325 0.6989809
vn 0.0101558 -0.0095200 -0.9999031
vn 0.7204792 -0.1288544 -0.6814001
vn 0.6925560 -0.2389660 -0.6806332
vn -0.0101558 0.0095200 0.9999031
vn 0.6785464 -0.2258325 0.6989809
vn 0.7064639 -0.1157155 0.6982254
vn 0.7296178 0.2031012 -0.6529990
vn 0.6890278 0.3091565 -0.6554868
vn 0.6162536 0.3137688 0.7223439
vn 0.7296178 0.2031012 -0.6529990
vn 0.6162536 0.3137688 0.7223439
vn 0.6568782 0.2077118 0.7248220
vn 0.6890278 0.3091565 -0.6554868
vn 0.6323054 0.4075162 -0.6588781
vn 0.5596396 0.4121904 0.7189593
vn 0.6890278 0.3091565 -0.6554868
vn 0.5596396 0.4121904 0.7189593
vn 0.6162536 0.3137688 0.7223439
vn 0.6323054 0.4075162 -0.6588781
vn 0.5609552 0.4958079 -0.6629507
vn 0.4883037 0.5005081 0.7148784
vn 0.6323054 0.4075162 -0.6588781
vn 0.4883037 0.5005081 0.7148784
vn 0.5596396 0.4121904 0.7189593
vn 0.5609552 0.4958079 -0.6629507
vn 0.4766898 0.5718496 -0.6676487
vn 0.4040160 0.5765533 0.7101812
vn 0.5609552 0.4958079 -0.6629507
vn 0.4040160 0.5765533 0.7101812
vn 0.4883037 0.5005081 0.7148784
vn 0.4766898 0.5718496 -0.6676487
vn 0.3815691 0.6336987 -0.6729271
vn 0.3089257 0.6384881 0.7049098
vn 0.4766898 0.5718496 -0.6676487
vn 0.3089257 0.6384881 0.7049098
vn 0.4040160 0.5765533 0.7101812
vn 0.3815691 0.6336987 -0.6729271
vn 0.2779890 0.6799823 -0.6784883
vn 0.2052923 0.6846731 0.6993410
vn 0.3815691 0.6336987 -0.6729271
vn 0.2052923 0.6846731 0.6993410
vn 0.3089257 0.6384881 0.7049098
vn 0.2779890 0.6799823 -0.6784883
vn 0.1684590 0.7095271 -0.6842461
vn 0.0957091 0.7139909 0.6935825
vn 0.2779890 0.6799823 -0.6784883
vn 0.0957091 0.7139909 0.6935825
vn 0.2052923 0.6846731 0.6993410
vn 0.1684590 0.7095271 -0.6842461
vn 0.0556210 0.7214060 -0.6902750
vn -0.0171003 0.7259391 0.6875463
vn 0.1684590 0.7095271 -0.6842461
vn -0.0171003 0.7259391 0.6875463
vn 0.0957091 0.7139909 0.6935825
vn 0.0556210 0.7214060 -0.6902750
vn -0.0576712 0.7154136 -0.6963170
vn -0.1303988 0.7200923 0.6815154
vn 0.0556210 0.7214060 -0.6902750
vn -0.1303988 0.7200923 0.6815154
vn -0.0171003 0.7259391 0.6875463
vn -0.0576712 0.7154136 -0.6963170
vn -0.1686683 0.6919705 -0.7019458
vn -0.2413285 0.6963758 0.6758855
vn -0.0576712 0.7154136 -0.6963170
vn -0.2413285 0.6963758 0.6758855
vn -0.1303988 0.7200923 0.6815154
vn -0.1686683 0.6919705 -0.7019458
vn -0.2745763 0.6512524 -0.7074448
vn -0.3472393 0.6557367 0.6703985
vn -0.1686683 0.6919705 -0.7019458
vn -0.3472393 0.6557367 0.6703985
vn -0.2413285 0.6963758 0.6758855
vn -0.2745763 0.6512524 -0.7074448
vn -0.3728057 0.5943867 -0.7125450
vn -0.4455595 0.5990710 0.6652749
vn -0.2745763 0.6512524 -0.7074448
vn -0.4455595 0.5990710 0.6652749
vn -0.3472393 0.6557367 0.6703985
vn -0.3728057 0.5943867 -0.7125450
vn -0.4610133 0.5229224 -0.7169513
vn -0.5337718 0.5275775 0.6608703
vn -0.3728057 0.5943867 -0.7125450
vn -0.5337718 0.5275775 0.6608703
vn -0.4455595 0.5990710 0.6652749
vn -0.4610133 0.5229224 -0.7169513
vn -0.5370035 0.4385705 -0.7206129
vn -0.6096617 0.4431383 0.6572222
vn -0.4610133 0.5229224 -0.7169513
vn -0.6096617 0.4431383 0.6572222
vn -0.5337718 0.5275775 0.6608703
vn -0.5370035 0.4385705 -0.7206129
vn -0.5988039 0.3433066 -0.7235844
vn -0.6714942 0.3479260 0.6542500
vn -0.5370035 0.4385705 -0.7206129
vn -0.6714942 0.3479260 0.6542500
vn -0.6096617 0.4431383 0.6572222
vn -0.5988039 0.3433066 -0.7235844
vn -0.6449543 0.2395329 -0.7257119
vn -0.7177234 0.2441843 0.6521098
vn -0.5988039 0.3433066 -0.7235844
vn -0.7177234 0.2441843 0.6521098
vn -0.6714942 0.3479260 0.6542500
vn -0.6449543 0.2395329 -0.7257119
vn -0.6743773 0.1298135 -0.7268862
vn -0.7471249 0.1344545 0.6509427
vn -0.6449543 0.2395329 -0.7257119
vn -0.7471249 0.1344545 0.6509427
vn -0.7177234 0.2441843 0.6521098
vn -0.6743773 0.1298135 -0.7268862
vn -0.6863009 0.0168410 -0.7271227
vn -0.7590258 0.0214791 0.6507063
vn -0.6743773 0.1298135 -0.7268862
vn -0.7590258 0.0214791 0.6507063
vn -0.7471249 0.1344545 0.6509427
vn -0.6863009 0.0168410 -0.7271227
vn -0.6804124 -0.0965883 -0.7264363
vn -0.7531433 -0.0919757 0.6513952
vn -0.6863009 0.0168410 -0.7271227
vn -0.7531433 -0.0919757 0.6513952
vn -0.7590258 0.0214791 0.6507063
vn -0.6804124 -0.0965883 -0.7264363
vn -0.6568621 -0.2077198 -0.7248343
vn -0.7296260 -0.2030939 0.6529922
vn -0.6804124 -0.0965883 -0.7264363
vn -0.7296260 -0.2030939 0.6529922
vn -0.7531433 -0.0919757 0.6513952
vn -0.6568621 -0.2077198 -0.7248343
vn -0.6162663 -0.3137703 -0.7223324
vn -0.6890146 -0.3091647 0.6554968
vn -0.6568621 -0.2077198 -0.7248343
vn -0.6890146 -0.3091647 0.6554968
vn -0.7296260 -0.2030939 0.6529922
vn -0.6162663 -0.3137703 -0.7223324
vn -0.5595778 -0.4121378 -0.7190377
vn -0.6323640 -0.4075687 0.6587894
vn -0.6162663 -0.3137703 -0.7223324
vn -0.6323640 -0.4075687 0.6587894
vn -0.6890146 -0.3091647 0.6554968
vn -0.5595778 -0.4121378 -0.7190377
vn -0.4882259 -0.5004279 -0.7149878
vn -0.5610237 -0.4958868 0.6628339
vn -0.5595778 -0.4121378 -0.7190377
vn -0.5610237 -0.4958868 0.6628339
vn -0.6323640 -0.4075687 0.6587894
vn -0.4882259 -0.5004279 -0.7149878
vn -0.4039600 -0.5764598 -0.7102889
vn -0.4767464 -0.5719341 0.6675360
vn -0.4882259 -0.5004279 -0.7149878
vn -0.4767464 -0.5719341 0.6675360
vn -0.5610237 -0.4958868 0.6628339
vn -0.4039600 -0.5764598 -0.7102889
vn -0.3088764 -0.6383765 -0.7050325
vn -0.3816197 -0.6338014 0.6728018
vn -0.4039600 -0.5764598 -0.7102889
vn -0.3816197 -0.6338014 0.6728018
vn -0.4767464 -0.5719341 0.6675360
vn -0.3088764 -0.6383765 -0.7050325
vn -0.2052812 -0.6846258 -0.6993905
vn -0.2780201 -0.6800219 0.6784357
vn -0.3088764 -0.6383765 -0.7050325
vn -0.2780201 -0.6800219 0.6784357
vn -0.3816197 -0.6338014 0.6728018
vn -0.2052812 -0.6846258 -0.6993905
vn -0.0957308 -0.7140936 -0.6934739
vn -0.1684501 -0.7094219 0.6843575
vn -0.2052812 -0.6846258 -0.6993905
vn -0.1684501 -0.7094219 0.6843575
vn -0.2780201 -0.6800219 0.6784357
vn -0.0957308 -0.7140936 -0.6934739
vn 0.0170993 -0.7260575 -0.6874214
vn -0.0556218 -0.7212883 0.6903979
vn -0.0957308 -0.7140936 -0.6934739
vn -0.0556218 -0.7212883 0.6903979
vn -0.1684501 -0.7094219 0.6843575
vn 0.0170993 -0.7260575 -0.6874214
vn 0.1303854 -0.7200182 -0.6815963
vn 0.0576816 -0.7154899 0.6962379
vn 0.0170993 -0.7260575 -0.6874214
vn 0.0576816 -0.7154899 0.6962379
vn -0.0556218 -0.7212883 0.6903979
vn 0.1303854 -0.7200182 -0.6815963
vn 0.2413596 -0.6964890 -0.6757578
vn 0.1686397 -0.6918523 0.7020692
vn 0.1303854 -0.7200182 -0.6815963
vn 0.1686397 -0.6918523 0.7020692
vn 0.0576816 -0.7154899 0.6962379
vn 0.2413596 -0.6964890 -0.6757578
vn 0.3472878 -0.6558392 -0.6702732
vn 0.2745309 -0.6511412 0.7075648
vn 0.2413596 -0.6964890 -0.6757578
vn 0.2745309 -0.6511412 0.7075648
vn 0.1686397 -0.6918523 0.7020692
vn 0.3472878 -0.6558392 -0.6702732
vn 0.4455447 -0.5990613 -0.6652935
vn 0.3727998 -0.5944110 0.7125279
vn 0.3472878 -0.6558392 -0.6702732
vn 0.3727998 -0.5944110 0.7125279
vn 0.2745309 -0.6511412 0.7075648
vn 0.4455447 -0.5990613 -0.6652935
vn 0.5337766 -0.5276175 -0.6608346
vn 0.4609828 -0.5229011 0.7169862
vn 0.4455447 -0.5990613 -0.6652935
vn 0.4609828 -0.5229011 0.7169862
vn 0.3727998 -0.5944110 0.7125279
vn 0.5337766 -0.5276175 -0.6608346
vn 0.6097092 -0.4432014 -0.6571357
vn 0.5369289 -0.4385194 0.7206997
vn 0.5337766 -0.5276175 -0.6608346
vn 0.5369289 -0.4385194 0.7206997
vn 0.4609828 -0.5229011 0.7169862
vn 0.6097092 -0.4432014 -0.6571357
vn 0.6715188 -0.3479430 -0.6542156
vn 0.5987828 -0.3432992 0.7236055
vn 0.6097092 -0.4432014 -0.6571357
vn 0.5987828 -0.3432992 0.7236055
vn 0.5369289 -0.4385194 0.7206997
vn 0.6715188 -0.3479430 -0.6542156
vn 0.7176912 -0.2441497 -0.6521582
vn 0.6449966 -0.2395446 0.7256706
vn 0.6715188 -0.3479430 -0.6542156
vn 0.6449966 -0.2395446 0.7256706
vn 0.5987828 -0.3432992 0.7236055
vn 0.7176912 -0.2441497 -0.6521582
vn 0.7471045 -0.1344316 -0.6509707
vn 0.6744035 -0.1298219 0.7268605
vn 0.7176912 -0.2441497 -0.6521582
vn 0.6744035 -0.1298219 0.7268605
vn 0.6449966 -0.2395446 0.7256706
vn 0.7471045 -0.1344316 -0.6509707
vn 0.7590146 -0.0214726 -0.6507193
vn 0.6863092 -0.0168586 0.7271146
vn 0.7471045 -0.1344316 -0.6509707
vn 0.6863092 -0.0168586 0.7271146
vn 0.6744035 -0.1298219 0.7268605
vn 0.7590146 -0.0214726 -0.6507193
vn 0.7531451 0.0919629 -0.6513949
vn 0.6804140 0.0966005 0.7264332
vn 0.7590146 -0.0214726 -0.6507193
vn 0.6804140 0.0966005 0.7264332
vn 0.6863092 -0.0168586 0.7271146
vn 0.7531451 0.0919629 -0.6513949
vn 0.7296178 0.2031012 -0.6529990
vn 0.6568782 0.2077118 0.7248220
vn 0.7531451 0.0919629 -0.6513949
vn 0.6568782 0.2077118 0.7248220
vn 0.6804140 0.0966005 0.7264332
vn 0.0527065 -0.0033536 -0.9986044
vn 0.6890278 0.3091565 -0.6554868
vn 0.7296178 0.2031012 -0.6529990
vn -0.0527065 0.0033536 0.9986044
vn 0.6568782 0.2077118 0.7248220
vn 0.6162536 0.3137688 0.7223439
vn 0.0527065 -0.0033536 -0.9986044
vn 0.6323054 0.4075162 -0.6588781
vn 0.6890278 0.3091565 -0.6554868
vn -0.0527065 0.0033536 0.9986044
vn 0.6162536 0.3137688 0.7223439
vn 0.5596396 0.4121904 0.7189593
vn 0.0527065 -0.0033536 -0.9986044
vn 0.5609552 0.4958079 -0.6629507
vn 0.6323054 0.4075162 -0.6588781
vn -0.0527065 0.0033536 0.9986044
vn 0.5596396 0.4121904 0.7189593
vn 0.4883037 0.5005081 0.7148784
vn 0.0527065 -0.0033536 -0.9986044
vn 0.4766898 0.5718496 -0.6676487
vn 0.5609552 0.4958079 -0.6629507
vn -0.0527065 0.0033536 0.9986044
vn 0.4883037 0.5005081 0.7148784
vn 0.4040160 0.5765533 0.7101812
vn 0.0527065 -0.0033536 -0.9986044
vn 0.3815691 0.6336987 -0.6729271
vn 0.4766898 0.5718496 -0.6676487
vn -0.0527065 0.0033536 0.9986044
vn 0.4040160 0.5765533 0.7101812
vn 0.3089257 0.6384881 0.7049098
vn 0.0527065 -0.0033536 -0.9986044
vn 0.2779890 0.6799823 -0.6784883
vn 0.3815691 0.6336987 -0.6729271
vn -0.0527065 0.0033536 0.9986044
vn 0.3089257 0.6384881 0.7049098
vn 0.2052923 0.6846731 0.6993410
vn 0.0527065 -0.0033536 -0.9986044
vn 0.1684590 0.7095271 -0.6842461
vn 0.2779890 0.6799823 -0.6784883
vn -0.0527065 0.0033536 0.9986044
vn 0.2052923 0.6846731 0.6993410
vn 0.0957091 0.7139909 0.6935825
vn 0.0527065 -0.0033536 -0.9986044
vn 0.0556210 0.7214060 -0.6902750
vn 0.1684590 0.7095271 -0.6842461
vn -0.0527065 0.0033536 0.9986044
vn 0.0957091 0.7139909 0.6935825
vn -0.0171003 0.7259391 0.6875463
vn 0.0527065 -0.0033536 -0.9986044
vn -0.0576712 0.7154136 -0.6963170
vn 0.0556210 0.7214060 -0.6902750
vn -0.0527065 0.0033536 0.9986044
vn -0.0171003 0.7259391 0.6875463
vn -0.1303988 0.7200923 0.6815154
vn 0.0527065 -0.0033536 -0.9986044
vn -0.1686683 0.6919705 -0.7019458
vn -0.0576712 0.7154136 -0.6963170
vn -0.0527065 0.0033536 0.9986044
vn -0.1303988 0.7200923 0.6815154
vn -0.2413285 0.6963758 0.6758855
vn 0.0527065 -0.0033536 -0.9986044
vn -0.2745763 0.6512524 -0.7074448
vn -0.1686683 0.6919705 -0.7019458
vn -0.0527065 0.0033536 0.9986044
vn -0.2413285 0.6963758 0.6758855
vn -0.3472393 0.6557367 0.6703985
vn 0.0527065 -0.0033536 -0.9986044
vn -0.3728057 0.5943867 -0.7125450
vn -0.2745763 0.6512524 -0.7074448
vn -0.0527065 0.0033536 0.9986044
vn -0.3472393 0.6557367 0.6703985
vn -0.4455595 0.5990710 0.6652749
vn 0.0527065 -0.0033536 -0.9986044
vn -0.4610133 0.5229224 -0.7169513
vn -0.3728057 0.5943867 -0.7125450
vn -0.0527065 0.0033536 0.9986044
vn -0.4455595 0.5990710 0.6652749
vn -0.5337718 0.5275775 0.6608703
vn 0.0527065 -0.0033536 -0.9986044
vn -0.5370035 0.4385705 -0.7206129
vn -0.4610133 0.5229224 -0.7169513
vn -0.0527065 0.0033536 0.9986044
vn -0.5337718 0.5275775 0.6608703
vn -0.6096617 0.4431383 0.6572222
vn 0.0527065 -0.0033536 -0.9986044
vn -0.5988039 0.3433066 -0.7235844
vn -0.5370035 0.4385705 -0.7206129
vn -0.0527065 0.0033536 0.9986044
vn -0.6096617 0.4431383 0.6572222
vn -0.6714942 0.3479260 0.6542500
vn 0.0527065 -0.0033536 -0.9986044
vn -0.6449543 0.2395329 -0.7257119
vn -0.5988039 0.3433066 -0.7235844
vn -0.0527065 0.0033536 0.9986044
vn -0.6714942 0.3479260 0.6542500
vn -0.7177234 0.2441843 0.6521098
vn 0.0527065 -0.0033536 -0.9986044
vn -0.6743773 0.1298135 -0.7268862
vn -0.6449543 0.2395329 -0.7257119
vn -0.0527065 0.0033536 0.9986044
vn -0.7177234 0.2441843 0.6521098
vn -0.7471249 0.1344545 0.6509427
vn 0.0527065 -0.0033536 -0.9986044
vn -0.6863009 0.0168410 -0.7271227
vn -0.6743773 0.1298135 -0.7268862
vn -0.0527065 0.0033536 0.9986044
vn -0.7471249 0.1344545 0.6509427
vn -0.7590258 0.0214791 0.6507063
vn 0.0527065 -0.0033536 -0.9986044
vn -0.6804124 -0.0965883 -0.7264363
vn -0.6863009 0.0168410 -0.7271227
vn -0.0527065 0.0033536 0.9986044
vn -0.7590258 0.0214791 0.6507063
vn -0.7531433 -0.0919757 0.6513952
vn 0.0527065 -0.0033536 -0.9986044
vn -0.6568621 -0.2077198 -0.7248343
vn -0.6804124 -0.0965883 -0.7264363
vn -0.0527065 0.0033536 0.9986044
vn -0.7531433 -0.0919757 0.6513952
vn -0.7296260 -0.2030939 0.6529922
vn 0.0527065 -0.0033536 -0.9986044
vn -0.6162663 -0.3137703 -0.7223324
vn -0.6568621 -0.2077198 -0.7248343
vn -0.0527065 0.0033536 0.9986044
vn -0.7296260 -0.2030939 0.6529922
vn -0.6890146 -0.3091647 0.6554968
vn 0.0527065 -0.0033536 -0.9986044
vn -0.5595778 -0.4121378 -0.7190377
vn -0.6162663 -0.3137703 -0.7223324
vn -0.0527065 0.0033536 0.9986044
vn -0.6890146 -0.3091647 0.6554968
vn -0.6323640 -0.4075687 0.6587894
vn 0.0527065 -0.0033536 -0.9986044
vn -0.4882259 -0.5004279 -0.7149878
vn -0.5595778 -0.4121378 -0.7190377
vn -0.0527065 0.0033536 0.9986044
vn -0.6323640 -0.4075687 0.6587894
vn -0.5610237 -0.4958868 0.6628339
vn 0.0527065 -0.0033536 -0.9986044
vn -0.4039600 -0.5764598 -0.7102889
vn -0.4882259 -0.5004279 -0.7149878
vn -0.0527065 0.0033536 0.9986044
vn -0.5610237 -0.4958868 0.6628339
vn -0.4767464 -0.5719341 0.6675360
vn 0.0527065 -0.0033536 -0.9986044
vn -0.3088764 -0.6383765 -0.7050325
vn -0.4039600 -0.5764598 -0.7102889
vn -0.0527065 0.0033536 0.9986044
vn -0.4767464 -0.5719341 0.6675360
vn -0.3816197 -0.6338014 0.6728018
vn 0.0527065 -0.0033536 -0.9986044
vn -0.2052812 -0.6846258 -0.6993905
vn -0.3088764 -0.6383765 -0.7050325
vn -0.0527065 0.0033536 0.9986044
vn -0.3816197 -0.6338014 0.6728018
vn -0.2780201 -0.6800219 0.6784357
vn 0.0527065 -0.0033536 -0.9986044
vn -0.0957308 -0.7140936 -0.6934739
vn -0.2052812 -0.6846258 -0.6993905
vn -0.0527065 0.0033536 0.9986044
vn -0.2780201 -0.6800219 0.6784357
vn -0.1684501 -0.7094219 0.6843575
vn 0.0527065 -0.0033536 -0.9986044
vn 0.0170993 -0.7260575 -0.6874214
vn -0.0957308 -0.7140936 -0.6934739
vn -0.0527065 0.0033536 0.9986044
vn -0.1684501 -0.7094219 0.6843575
vn -0.0556218 -0.7212883 0.6903979
vn 0.0527065 -0.0033536 -0.9986044
vn 0.1303854 -0.7200182 -0.6815963
vn 0.0170993 -0.7260575 -0.6874214
vn -0.0527065 0.0033536 0.9986044
vn -0.0556218 -0.7212883 0.6903979
vn 0.0576816 -0.7154899 0.6962379
vn 0.0527065 -0.0033536 -0.9986044
vn 0.2413596 -0.6964890 -0.6757578
vn 0.1303854 -0.7200182 -0.6815963
vn -0.0527065 0.0033536 0.9986044
vn 0.0576816 -0.7154899 0.6962379
vn 0.1686397 -0.6918523 0.7020692
vn 0.0527065 -0.0033536 -0.9986044
vn 0.3472878 -0.6558392 -0.6702732
vn 0.2413596 -0.6964890 -0.6757578
vn -0.0527065 0.0033536 0.9986044
vn 0.1686397 -0.6918523 0.7020692
vn 0.2745309 -0.6511412 0.7075648
vn 0.0527065 -0.0033536 -0.9986044
vn 0.4455447 -0.5990613 -0.6652935
vn 0.3472878 -0.6558392 -0.6702732
vn -0.0527065 0.0033536 0.9986044
vn 0.2745309 -0.6511412 0.7075648
vn 0.3727998 -0.5944110 0.7125279
vn 0.0527065 -0.0033536 -0.9986044
vn 0.5337766 -0.5276175 -0.6608346
vn 0.4455447 -0.5990613 -0.6652935
vn -0.0527065 0.0033536 0.9986044
vn 0.3727998 -0.5944110 0.7125279
vn 0.4609828 -0.5229011 0.7169862
vn 0.0527065 -0.0033536 -0.9986044
vn 0.6097092 -0.4432014 -0.6571357
vn 0.5337766 -0.5276175 -0.6608346
vn -0.0527065 0.0033536 0.9986044
vn 0.4609828 -0.5229011 0.7169862
vn 0.5369289 -0.4385194 0.7206997
vn 0.0527065 -0.0033536 -0.9986044
vn 0.6715188 -0.3479430 -0.6542156
vn 0.6097092 -0.4432014 -0.6571357
vn -0.0527065 0.0033536 0.9986044
vn 0.5369289 -0.4385194 0.7206997
vn 0.5987828 -0.3432992 0.7236055
vn 0.0527065 -0.0033536 -0.9986044
vn 0.7176912 -0.2441497 -0.6521582
vn 0.6715188 -0.3479430 -0.6542156
vn -0.0527065 0.0033536 0.9986044
vn 0.5987828 -0.3432992 0.7236055
vn 0.6449966 -0.2395446 0.7256706
vn 0.0527065 -0.0033536 -0.9986044
vn 0.7471045 -0.1344316 -0.6509707
vn 0.7176912 -0.2441497 -0.6521582
vn -0.0527065 0.0033536 0.9986044
vn 0.6449966 -0.2395446 0.7256706
vn 0.6744035 -0.1298219 0.7268605
vn 0.0527065 -0.0033536 -0.9986044
vn 0.7590146 -0.0214726 -0.6507193
vn 0.7471045 -0.1344316 -0.6509707
vn -0.0527065 0.0033536 0.9986044
vn 0.6744035 -0.1298219 0.7268605
vn 0.6863092 -0.0168586 0.7271146
vn 0.0527065 -0.0033536 -0.9986044
vn 0.7531451 0.0919629 -0.6513949
vn 0.7590146 -0.0214726 -0.6507193
vn -0.0527065 0.0033536 0.9986044
vn 0.6863092 -0.0168586 0.7271146
vn 0.6804140 0.0966005 0.7264332
vn 0.0527065 -0.0033536 -0.9986044
vn 0.7296178 0.2031012 -0.6529990
vn 0.7531451 0.0919629 -0.6513949
vn -0.0527065 0.0033536 0.9986044
vn 0.6804140 0.0966005 0.7264332
vn 0.6568782 0.2077118 0.7248220
vn 0.6587018 0.1703373 -0.7328691
vn 0.6170739 0.2759794 -0.7369228
vn 0.6826811 0.3543761 0.6390337
vn 0.6587018 0.1703373 -0.7328691
vn 0.6826811 0.3543761 0.6390337
vn 0.7242719 0.2487043 0.6430990
vn 0.6170739 0.2759794 -0.7369228
vn 0.5594691 0.3738373 -0.7397567
vn 0.6250623 0.4522524 0.6362113
vn 0.6170739 0.2759794 -0.7369228
vn 0.6250623 0.4522524 0.6362113
vn 0.6826811 0.3543761 0.6390337
vn 0.5594691 0.3738373 -0.7397567
vn 0.4873443 0.4615643 -0.7412516
vn 0.5528482 0.5398908 0.6347259
vn 0.5594691 0.3738373 -0.7397567
vn 0.5528482 0.5398908 0.6347259
vn 0.6250623 0.4522524 0.6362113
vn 0.4873443 0.4615643 -0.7412516
vn 0.4023776 0.5369379 -0.7414783
vn 0.4678651 0.6152416 0.6344918
vn 0.4873443 0.4615643 -0.7412516
vn 0.4678651 0.6152416 0.6344918
vn 0.5528482 0.5398908 0.6347259
vn 0.4023776 0.5369379 -0.7414783
vn 0.3066477 0.5980682 -0.7404604
vn 0.3721852 0.6764700 0.6355050
vn 0.4023776 0.5369379 -0.7414783
vn 0.3721852 0.6764700 0.6355050
vn 0.4678651 0.6152416 0.6344918
vn 0.3066477 0.5980682 -0.7404604
vn 0.2025734 0.6435618 -0.7381005
vn 0.2681038 0.7219818 0.6378579
vn 0.3066477 0.5980682 -0.7404604
vn 0.2681038 0.7219818 0.6378579
vn 0.3721852 0.6764700 0.6355050
vn 0.2025734 0.6435618 -0.7381005
vn 0.0927221 0.6723239 -0.7344271
vn 0.1582096 0.7505913 0.6415468
vn 0.2025734 0.6435618 -0.7381005
vn 0.1582096 0.7505913 0.6415468
vn 0.2681038 0.7219818 0.6378579
vn 0.0927221 0.6723239 -0.7344271
vn -0.0202090 0.6833546 -0.7298069
vn 0.0453003 0.7618468 0.6461714
vn 0.0927221 0.6723239 -0.7344271
vn 0.0453003 0.7618468 0.6461714
vn 0.1582096 0.7505913 0.6415468
vn -0.0202090 0.6833546 -0.7298069
vn -0.1334445 0.6767306 -0.7240362
vn -0.0679725 0.7552407 0.6519135
vn -0.0202090 0.6833546 -0.7298069
vn -0.0679725 0.7552407 0.6519135
vn 0.0453003 0.7618468 0.6461714
vn -0.1334445 0.6767306 -0.7240362
vn -0.2442467 0.6525223 -0.7173271
vn -0.1787769 0.7309158 0.6586357
vn -0.1334445 0.6767306 -0.7240362
vn -0.1787769 0.7309158 0.6586357
vn -0.0679725 0.7552407 0.6519135
vn -0.2442467 0.6525223 -0.7173271
vn -0.3497874 0.6111629 -0.7100202
vn -0.2843646 0.6896669 0.6659552
vn -0.2442467 0.6525223 -0.7173271
vn -0.2843646 0.6896669 0.6659552
vn -0.1787769 0.7309158 0.6586357
vn -0.3497874 0.6111629 -0.7100202
vn -0.4475389 0.5539120 -0.7020617
vn -0.3821130 0.6323300 0.6739055
vn -0.3497874 0.6111629 -0.7100202
vn -0.3821130 0.6323300 0.6739055
vn -0.2843646 0.6896669 0.6659552
vn -0.4475389 0.5539120 -0.7020617
vn -0.5350594 0.4819867 -0.6938301
vn -0.4696650 0.5604437 0.6821418
vn -0.4475389 0.5539120 -0.7020617
vn -0.4696650 0.5604437 0.6821418
vn -0.3821130 0.6323300 0.6739055
vn -0.5350594 0.4819867 -0.6938301
vn -0.6102759 0.3972447 -0.6853904
vn -0.5448511 0.4756476 0.6905770
vn -0.5350594 0.4819867 -0.6938301
vn -0.5448511 0.4756476 0.6905770
vn -0.4696650 0.5604437 0.6821418
vn -0.6102759 0.3972447 -0.6853904
vn -0.6712473 0.3017668 -0.6770257
vn -0.6057851 0.3801333 0.6989442
vn -0.6102759 0.3972447 -0.6853904
vn -0.6057851 0.3801333 0.6989442
vn -0.5448511 0.4756476 0.6905770
vn -0.6712473 0.3017668 -0.6770257
vn -0.7164937 0.1979124 -0.6689303
vn -0.6509753 0.2762586 0.7070448
vn -0.6712473 0.3017668 -0.6770257
vn -0.6509753 0.2762586 0.7070448
vn -0.6057851 0.3801333 0.6989442
vn -0.7164937 0.1979124 -0.6689303
vn -0.7448832 0.0881940 -0.6613401
vn -0.6793920 0.1665146 0.7146323
vn -0.7164937 0.1979124 -0.6689303
vn -0.6793920 0.1665146 0.7146323
vn -0.6509753 0.2762586 0.7070448
vn -0.7448832 0.0881940 -0.6613401
vn -0.7557608 -0.0246798 -0.6543825
vn -0.6902382 0.0536635 0.7215894
vn -0.7448832 0.0881940 -0.6613401
vn -0.6902382 0.0536635 0.7215894
vn -0.6793920 0.1665146 0.7146323
vn -0.7557608 -0.0246798 -0.6543825
vn -0.7488136 -0.1379111 -0.6482736
vn -0.6833129 -0.0595673 0.7276917
vn -0.7557608 -0.0246798 -0.6543825
vn -0.6833129 -0.0595673 0.7276917
vn -0.6902382 0.0536635 0.7215894
vn -0.7488136 -0.1379111 -0.6482736
vn -0.7242059 -0.2486948 -0.6431772
vn -0.6587661 -0.1703874 0.7327998
vn -0.7488136 -0.1379111 -0.6482736
vn -0.6587661 -0.1703874 0.7327998
vn -0.6833129 -0.0595673 0.7276917
vn -0.7242059 -0.2486948 -0.6431772
vn -0.6826214 -0.3543206 -0.6391283
vn -0.6171517 -0.2760087 0.7368465
vn -0.7242059 -0.2486948 -0.6431772
vn -0.6171517 -0.2760087 0.7368465
vn -0.6587661 -0.1703874 0.7327998
vn -0.6826214 -0.3543206 -0.6391283
vn -0.6250317 -0.4521799 -0.6362929
vn -0.5595641 -0.3738566 0.7396750
vn -0.6826214 -0.3543206 -0.6391283
vn -0.5595641 -0.3738566 0.7396750
vn -0.6171517 -0.2760087 0.7368465
vn -0.6250317 -0.4521799 -0.6362929
vn -0.5528384 -0.5398687 -0.6347530
vn -0.4873836 -0.4615833 0.7412139
vn -0.6250317 -0.4521799 -0.6362929
vn -0.4873836 -0.4615833 0.7412139
vn -0.5595641 -0.3738566 0.7396750
vn -0.5528384 -0.5398687 -0.6347530
vn -0.4678477 -0.6152644 -0.6344827
vn -0.4023545 -0.5369279 0.7414979
vn -0.5528384 -0.5398687 -0.6347530
vn -0.4023545 -0.5369279 0.7414979
vn -0.4873836 -0.4615833 0.7412139
vn -0.4678477 -0.6152644 -0.6344827
vn -0.3721727 -0.6764572 -0.6355258
vn -0.3066478 -0.5980927 0.7404405
vn -0.4678477 -0.6152644 -0.6344827
vn -0.3066478 -0.5980927 0.7404405
vn -0.4023545 -0.5369279 0.7414979
vn -0.3721727 -0.6764572 -0.6355258
vn -0.2680998 -0.7219882 -0.6378523
vn -0.2025752 -0.6435505 0.7381098
vn -0.3721727 -0.6764572 -0.6355258
vn -0.2025752 -0.6435505 0.7381098
vn -0.3066478 -0.5980927 0.7404405
vn -0.2680998 -0.7219882 -0.6378523
vn -0.1582481 -0.7506846 -0.6414282
vn -0.0927224 -0.6721960 0.7345441
vn -0.2680998 -0.7219882 -0.6378523
vn -0.0927224 -0.6721960 0.7345441
vn -0.2025752 -0.6435505 0.7381098
vn -0.1582481 -0.7506846 -0.6414282
vn -0.0452932 -0.7618044 -0.6462218
vn 0.0202107 -0.6834260 0.7297400
vn -0.1582481 -0.7506846 -0.6414282
vn 0.0202107 -0.6834260 0.7297400
vn -0.0927224 -0.6721960 0.7345441
vn -0.0452932 -0.7618044 -0.6462218
vn 0.0679736 -0.7550648 -0.6521172
vn 0.1334923 -0.6769116 0.7238581
vn -0.0452932 -0.7618044 -0.6462218
vn 0.1334923 -0.6769116 0.7238581
vn 0.0202107 -0.6834260 0.7297400
vn 0.0679736 -0.7550648 -0.6521172
vn 0.1787456 -0.7308776 -0.6586865
vn 0.2442477 -0.6525567 0.7172953
vn 0.0679736 -0.7550648 -0.6521172
vn 0.2442477 -0.6525567 0.7172953
vn 0.1334923 -0.6769116 0.7238581
vn 0.1787456 -0.7308776 -0.6586865
vn 0.2843384 -0.6896229 -0.6660120
vn 0.3498155 -0.6112278 0.7099504
vn 0.1787456 -0.7308776 -0.6586865
vn 0.3498155 -0.6112278 0.7099504
vn 0.2442477 -0.6525567 0.7172953
vn 0.2843384 -0.6896229 -0.6660120
vn 0.3820549 -0.6322384 -0.6740242
vn 0.4476109 -0.5539992 0.7019468
vn 0.2843384 -0.6896229 -0.6660120
vn 0.4476109 -0.5539992 0.7019468
vn 0.3498155 -0.6112278 0.7099504
vn 0.3820549 -0.6322384 -0.6740242
vn 0.4695729 -0.5603164 -0.6823099
vn 0.5351836 -0.4820942 0.6936596
vn 0.3820549 -0.6322384 -0.6740242
vn 0.5351836 -0.4820942 0.6936596
vn 0.4476109 -0.5539992 0.7019468
vn 0.4695729 -0.5603164 -0.6823099
vn 0.5447600 -0.4755700 -0.6907023
vn 0.6103583 -0.3973210 0.6852729
vn 0.4695729 -0.5603164 -0.6823099
vn 0.6103583 -0.3973210 0.6852729
vn 0.5351836 -0.4820942 0.6936596
vn 0.5447600 -0.4755700 -0.6907023
vn 0.6057578 -0.3801287 -0.6989703
vn 0.6712647 -0.3017857 0.6770001
vn 0.5447600 -0.4755700 -0.6907023
vn 0.6712647 -0.3017857 0.6770001
vn 0.6103583 -0.3973210 0.6852729
vn 0.6057578 -0.3801287 -0.6989703
vn 0.6510143 -0.2762546 -0.7070104
vn 0.7164708 -0.1979027 0.6689575
vn 0.6057578 -0.3801287 -0.6989703
vn 0.7164708 -0.1979027 0.6689575
vn 0.6712647 -0.3017857 0.6770001
vn 0.6510143 -0.2762546 -0.7070104
vn 0.6793897 -0.1665048 -0.7146367
vn 0.7448843 -0.0881852 0.6613402
vn 0.6510143 -0.2762546 -0.7070104
vn 0.7448843 -0.0881852 0.6613402
vn 0.7164708 -0.1979027 0.6689575
vn 0.6793897 -0.1665048 -0.7146367
vn 0.6902601 -0.0536407 -0.7215703
vn 0.7557490 0.0246840 0.6543961
vn 0.6793897 -0.1665048 -0.7146367
vn 0.7557490 0.0246840 0.6543961
vn 0.7448843 -0.0881852 0.6613402
vn 0.6902601 -0.0536407 -0.7215703
vn 0.6832895 0.0595475 -0.7277152
vn 0.7488333 0.1379006 0.6482532
vn 0.6902601 -0.0536407 -0.7215703
vn 0.7488333 0.1379006 0.6482532
vn 0.7557490 0.0246840 0.6543961
vn 0.6832895 0.0595475 -0.7277152
vn 0.6587018 0.1703373 -0.7328691
vn 0.7242719 0.2487043 0.6430990
vn 0.6832895 0.0595475 -0.7277152
vn 0.7242719 0.2487043 0.6430990
vn 0.7488333 0.1379006 0.6482532
vn -0.0474708 -0.0567762 -0.9972577
vn 0.6170739 0.2759794 -0.7369228
vn 0.6587018 0.1703373 -0.7328691
vn 0.0474706 0.0567758 0.9972577
vn 0.7242719 0.2487043 0.6430990
vn 0.6826811 0.3543761 0.6390337
vn -0.0474708 -0.0567762 -0.9972577
vn 0.5594691 0.3738373 -0.7397567
vn 0.6170739 0.2759794 -0.7369228
vn 0.0474706 0.0567758 0.9972577
vn 0.6826811 0.3543761 0.6390337
vn 0.6250623 0.4522524 0.6362113
vn -0.0474708 -0.0567762 -0.9972577
vn 0.4873443 0.4615643 -0.7412516
vn 0.5594691 0.3738373 -0.7397567
vn 0.0474706 0.0567758 0.9972577
vn 0.6250623 0.4522524 0.6362113
vn 0.5528482 0.5398908 0.6347259
vn -0.0474708 -0.0567762 -0.9972577
vn 0.4023776 0.5369379 -0.7414783
vn 0.4873443 0.4615643 -0.7412516
vn 0.0474706 0.0567758 0.9972577
vn 0.5528482 0.5398908 0.6347259
vn 0.4678651 0.6152416 0.6344918
vn -0.0474708 -0.0567762 -0.9972577
vn 0.3066477 0.5980682 -0.7404604
vn 0.4023776 0.5369379 -0.7414783
vn 0.0474706 0.0567758 0.9972577
vn 0.4678651 0.6152416 0.6344918
vn 0.3721852 0.6764700 0.6355050
vn -0.0474708 -0.0567762 -0.9972577
vn 0.2025734 0.6435618 -0.7381005
vn 0.3066477 0.5980682 -0.7404604
vn 0.0474706 0.0567758 0.9972577
vn 0.3721852 0.6764700 0.6355050
vn 0.2681038 0.7219818 0.6378579
vn -0.0474708 -0.0567762 -0.9972577
vn 0.0927221 0.6723239 -0.7344271
vn 0.2025734 0.6435618 -0.7381005
vn 0.0474706 0.0567758 0.9972577
vn 0.2681038 0.7219818 0.6378579
vn 0.1582096 0.7505913 0.6415468
vn -0.0474708 -0.0567762 -0.9972577
vn -0.0202090 0.6833546 -0.7298069
vn 0.0927221 0.6723239 -0.7344271
vn 0.0474706 0.0567758 0.9972577
vn 0.1582096 0.7505913 0.6415468
vn 0.0453003 0.7618468 0.6461714
vn -0.0474708 -0.0567762 -0.9972577
vn -0.1334445 0.6767306 -0.7240362
vn -0.0202090 0.6833546 -0.7298069
vn 0.0474706 0.0567758 0.9972577
vn 0.0453003 0.7618468 0.6461714
vn -0.0679725 0.7552407 0.6519135
vn -0.0474708 -0.0567762 -0.9972577
vn -0.2442467 0.6525223 -0.7173271
vn -0.1334445 0.6767306 -0.7240362
vn 0.0474706 0.0567758 0.9972577
vn -0.0679725 0.7552407 0.6519135
vn -0.1787769 0.7309158 0.6586357
vn -0.0474708 -0.0567762 -0.9972577
vn -0.3497874 0.6111629 -0.7100202
vn -0.2442467 0.6525223 -0.7173271
vn 0.0474706 0.0567758 0.9972577
vn -0.1787769 0.7309158 0.6586357
vn -0.2843646 0.6896669 0.6659552
vn -0.0474708 -0.0567762 -0.9972577
vn -0.4475389 0.5539120 -0.7020617
vn -0.3497874 0.6111629 -0.7100202
vn 0.0474706 0.0567758 0.9972577
vn -0.2843646 0.6896669 0.6659552
vn -0.3821130 0.6323300 0.6739055
vn -0.0474708 -0.0567762 -0.9972577
vn -0.5350594 0.4819867 -0.6938301
vn -0.4475389 0.5539120 -0.7020617
vn 0.0474706 0.0567758 0.9972577
vn -0.3821130 0.6323300 0.6739055
vn -0.4696650 0.5604437 0.6821418
vn -0.0474708 -0.0567762 -0.9972577
vn -0.6102759 0.3972447 -0.6853904
vn -0.5350594 0.4819867 -0.6938301
vn 0.0474706 0.0567758 0.9972577
vn -0.4696650 0.5604437 0.6821418
vn -0.5448511 0.4756476 0.6905770
vn -0.0474708 -0.0567762 -0.9972577
vn -0.6712473 0.3017668 -0.6770257
vn -0.6102759 0.3972447 -0.6853904
vn 0.0474706 0.0567758 0.9972577
vn -0.5448511 0.4756476 0.6905770
vn -0.6057851 0.3801333 0.6989442
vn -0.0474708 -0.0567762 -0.9972577
vn -0.7164937 0.1979124 -0.6689303
vn -0.6712473 0.3017668 -0.6770257
vn 0.0474706 0.0567758 0.9972577
vn -0.6057851 0.3801333 0.6989442
vn -0.6509753 0.2762586 0.7070448
vn -0.0474708 -0.0567762 -0.9972577
vn -0.7448832 0.0881940 -0.6613401
vn -0.7164937 0.1979124 -0.6689303
vn 0.0474706 0.0567758 0.9972577
vn -0.6509753 0.2762586 0.7070448
vn -0.6793920 0.1665146 0.7146323
vn -0.0474708 -0.0567762 -0.9972577
vn -0.7557608 -0.0246798 -0.6543825
vn -0.7448832 0.0881940 -0.6613401
vn 0.0474706 0.0567758 0.9972577
vn -0.6793920 0.1665146 0.7146323
vn -0.6902382 0.0536635 0.7215894
vn -0.0474708 -0.0567762 -0.9972577
vn -0.7488136 -0.1379111 -0.6482736
vn -0.7557608 -0.0246798 -0.6543825
vn 0.0474706 0.0567758 0.9972577
vn -0.6902382 0.0536635 0.7215894
vn -0.6833129 -0.0595673 0.7276917
vn -0.0474708 -0.0567762 -0.9972577
vn -0.7242059 -0.2486948 -0.6431772
vn -0.7488136 -0.1379111 -0.6482736
vn 0.0474706 0.0567758 0.9972577
vn -0.6833129 -0.0595673 0.7276917
vn -0.6587661 -0.1703874 0.7327998
vn -0.0474708 -0.0567762 -0.9972577
vn -0.6826214 -0.3543206 -0.6391283
vn -0.7242059 -0.2486948 -0.6431772
vn 0.0474706 0.0567758 0.9972577
vn -0.6587661 -0.1703874 0.7327998
vn -0.6171517 -0.2760087 0.7368465
vn -0.0474708 -0.0567762 -0.9972577
vn -0.6250317 -0.4521799 -0.6362929
vn -0.6826214 -0.3543206 -0.6391283
vn 0.0474706 0.0567758 0.9972577
vn -0.6171517 -0.2760087 0.7368465
vn -0.5595641 -0.3738566 0.7396750
vn -0.0474708 -0.0567762 -0.9972577
vn -0.5528384 -0.5398687 -0.6347530
vn -0.6250317 -0.4521799 -0.6362929
vn 0.0474706 0.0567758 0.9972577
vn -0.5595641 -0.3738566 0.7396750
vn -0.4873836 -0.4615833 0.7412139
vn -0.0474708 -0.0567762 -0.9972577
vn -0.4678477 -0.6152644 -0.6344827
vn -0.5528384 -0.5398687 -0.6347530
vn 0.0474706 0.0567758 0.9972577
vn -0.4873836 -0.4615833 0.7412139
vn -0.4023545 -0.5369279 0.7414979
vn -0.0474708 -0.0567762 -0.9972577
vn -0.3721727 -0.6764572 -0.6355258
vn -0.4678477 -0.6152644 -0.6344827
vn 0.0474706 0.0567758 0.9972577
vn -0.4023545 -0.5369279 0.7414979
vn -0.3066478 -0.5980927 0.7404405
vn -0.0474708 -0.0567762 -0.9972577
vn -0.2680998 -0.7219882 -0.6378523
vn -0.3721727 -0.6764572 -0.6355258
vn 0.0474706 0.0567758 0.9972577
vn -0.3066478 -0.5980927 0.7404405
vn -0.2025752 -0.6435505 0.7381098
vn -0.0474708 -0.0567762 -0.9972577
vn -0.1582481 -0.7506846 -0.6414282
vn -0.2680998 -0.7219882 -0.6378523
vn 0.0474706 0.0567758 0.9972577
vn -0.2025752 -0.6435505 0.7381098
vn -0.0927224 -0.6721960 0.7345441
vn -0.0474708 -0.0567762 -0.9972577
vn -0.0452932 -0.7618044 -0.6462218
vn -0.1582481 -0.7506846 -0.6414282
vn 0.0474706 0.0567758 0.9972577
vn -0.0927224 -0.6721960 0.7345441
vn 0.0202107 -0.6834260 0.7297400
vn -0.0474708 -0.0567762 -0.9972577
vn 0.0679736 -0.7550648 -0.6521172
vn -0.0452932 -0.7618044 -0.6462218
vn 0.0474706 0.0567758 0.9972577
vn 0.0202107 -0.6834260 0.7297400
vn 0.1334923 -0.6769116 0.7238581
vn -0.0474708 -0.0567762 -0.9972577
vn 0.1787456 -0.7308776 -0.6586865
vn 0.0679736 -0.7550648 -0.6521172
vn 0.0474706 0.0567758 0.9972577
vn 0.1334923 -0.6769116 0.7238581
vn 0.2442477 -0.6525567 0.7172953
vn -0.0474708 -0.0567762 -0.9972577
vn 0.2843384 -0.6896229 -0.6660120
vn 0.1787456 -0.7308776 -0.6586865
vn 0.0474706 0.0567758 0.9972577
vn 0.2442477 -0.6525567 0.7172953
vn 0.3498155 -0.6112278 0.7099504
vn -0.0474708 -0.0567762 -0.9972577
vn 0.3820549 -0.6322384 -0.6740242
vn 0.2843384 -0.6896229 -0.6660120
vn 0.0474706 0.0567758 0.9972577
vn 0.3498155 -0.6112278 0.7099504
vn 0.4476109 -0.5539992 0.7019468
vn -0.0474708 -0.0567762 -0.9972577
vn 0.4695729 -0.5603164 -0.6823099
vn 0.3820549 -0.6322384 -0.6740242
vn 0.0474706 0.0567758 0.9972577
vn 0.4476109 -0.5539992 0.7019468
vn 0.5351836 -0.4820942 0.6936596
vn -0.0474708 -0.0567762 -0.9972577
vn 0.5447600 -0.4755700 -0.6907023
vn 0.4695729 -0.5603164 -0.6823099
vn 0.0474706 0.0567758 0.9972577
vn 0.5351836 -0.4820942 0.6936596
vn 0.6103583 -0.3973210 0.6852729
vn -0.0474708 -0.0567762 -0.9972577
vn 0.6057578 -0.3801287 -0.6989703
vn 0.5447600 -0.4755700 -0.6907023
vn 0.0474706 0.0567758 0.9972577
vn 0.6103583 -0.3973210 0.6852729
vn 0.6712647 -0.3017857 0.6770001
vn -0.0474708 -0.0567762 -0.9972577
vn 0.6510143 -0.2762546 -0.7070104
vn 0.6057578 -0.3801287 -0.6989703
vn 0.0474706 0.0567758 0.9972577
vn 0.6712647 -0.3017857 0.6770001
vn 0.7164708 -0.1979027 0.6689575
vn -0.0474708 -0.0567762 -0.9972577
vn 0.6793897 -0.1665048 -0.7146367
vn 0.6510143 -0.2762546 -0.7070104
vn 0.0474706 0.0567758 0.9972577
vn 0.7164708 -0.1979027 0.6689575
vn 0.7448843 -0.0881852 0.6613402
vn -0.0474708 -0.0567762 -0.9972577
vn 0.6902601 -0.0536407 -0.7215703
vn 0.6793897 -0.1665048 -0.7146367
vn 0.0474706 0.0567758 0.9972577
vn 0.7448843 -0.0881852 0.6613402
vn 0.7557490 0.0246840 0.6543961
vn -0.0474708 -0.0567762 -0.9972577
vn 0.6832895 0.0595475 -0.7277152
vn 0.6902601 -0.0536407 -0.7215703
vn 0.0474706 0.0567758 0.9972577
vn 0.7557490 0.0246840 0.6543961
vn 0.7488333 0.1379006 0.6482532
vn -0.0474708 -0.0567762 -0.9972577
vn 0.6587018 0.1703373 -0.7328691
vn 0.6832895 0.0595475 -0.7277152
vn 0.0474706 0.0567758 0.9972577
vn 0.7488333 0.1379006 0.6482532
vn 0.7242719 0.2487043 0.6430990
vn 0.6352502 0.7714592 -0.0361657
vn 0.6320320 0.7710696 0.0773760
vn 0.7971875 -0.5987546 0.0773630
vn 0.6352502 0.7714592 -0.0361657
vn 0.7971875 -0.5987546 0.0773630
vn 0.8003930 -0.5983829 -0.0361800
vn 0.6320320 0.7710696 0.0773760
vn 0.6112180 0.7685599 0.1890191
vn 0.7763573 -0.6012811 0.1890247
vn 0.6320320 0.7710696 0.0773760
vn 0.7763573 -0.6012811 0.1890247
vn 0.7971875 -0.5987546 0.0773630
vn 0.6112180 0.7685599 0.1890191
vn 0.5733198 0.7639999 0.2959874
vn 0.7384891 -0.6058218 0.2959962
vn 0.6112180 0.7685599 0.1890191
vn 0.7384891 -0.6058218 0.2959962
vn 0.7763573 -0.6012811 0.1890247
vn 0.5733198 0.7639999 0.2959874
vn 0.5192571 0.7575021 0.3956800
vn 0.6844504 -0.6123379 0.3956892
vn 0.5733198 0.7639999 0.2959874
vn 0.6844504 -0.6123379 0.3956892
vn 0.7384891 -0.6058218 0.2959962
vn 0.5192571 0.7575021 0.3956800
vn 0.4503731 0.7491813 0.4856865
vn 0.6155522 -0.6206530 0.4856804
vn 0.5192571 0.7575021 0.3956800
vn 0.6155522 -0.6206530 0.4856804
vn 0.6844504 -0.6123379 0.3956892
vn 0.4503731 0.7491813 0.4856865
vn 0.3683726 0.7393070 0.5636726
vn 0.5335585 -0.6305285 0.5636924
vn 0.4503731 0.7491813 0.4856865
vn 0.5335585 -0.6305285 0.5636924
vn 0.6155522 -0.6206530 0.4856804
vn 0.3683726 0.7393070 0.5636726
vn 0.2752890 0.7280749 0.6277921
vn 0.4404667 -0.6417534 0.6278070
vn 0.3683726 0.7393070 0.5636726
vn 0.4404667 -0.6417534 0.6278070
vn 0.5335585 -0.6305285 0.5636924
vn 0.2752890 0.7280749 0.6277921
vn 0.1733943 0.7157778 0.6764589
vn 0.3385685 -0.6540481 0.6764556
vn 0.2752890 0.7280749 0.6277921
vn 0.3385685 -0.6540481 0.6764556
vn 0.4404667 -0.6417534 0.6278070
vn 0.1733943 0.7157778 0.6764589
vn 0.0651936 0.7027334 0.7084601
vn 0.2303680 -0.6670929 0.7084615
vn 0.1733943 0.7157778 0.6764589
vn 0.2303680 -0.6670929 0.7084615
vn 0.3385685 -0.6540481 0.6764556
vn 0.0651936 0.7027334 0.7084601
vn -0.0466623 0.6892487 0.7230206
vn 0.1185146 -0.6805854 0.7230200
vn 0.0651936 0.7027334 0.7084601
vn 0.1185146 -0.6805854 0.7230200
vn 0.2303680 -0.6670929 0.7084615
vn -0.0466623 0.6892487 0.7230206
vn -0.1593939 0.6756506 0.7197845
vn 0.0057738 -0.6941739 0.7197842
vn -0.0466623 0.6892487 0.7230206
vn 0.0057738 -0.6941739 0.7197842
vn 0.1185146 -0.6805854 0.7230200
vn -0.1593939 0.6756506 0.7197845
vn -0.2702493 0.6622915 0.6988099
vn -0.1050776 -0.7075455 0.6988118
vn -0.1593939 0.6756506 0.7197845
vn -0.1050776 -0.7075455 0.6988118
vn 0.0057738 -0.6941739 0.7197842
vn -0.2702493 0.6622915 0.6988099
vn -0.3764696 0.6494775 0.6606434
vn -0.2112951 -0.7203463 0.6606477
vn -0.2702493 0.6622915 0.6988099
vn -0.2112951 -0.7203463 0.6606477
vn -0.1050776 -0.7075455 0.6988118
vn -0.3764696 0.6494775 0.6606434
vn -0.4754525 0.6375577 0.6061888
vn -0.3102837 -0.7322832 0.6062056
vn -0.3764696 0.6494775 0.6606434
vn -0.3102837 -0.7322832 0.6062056
vn -0.2112951 -0.7203463 0.6606477
vn -0.4754525 0.6375577 0.6061888
vn -0.5647691 0.6267717 0.5368363
vn -0.3996008 -0.7430589 0.5368264
vn -0.4754525 0.6375577 0.6061888
vn -0.3996008 -0.7430589 0.5368264
vn -0.3102837 -0.7322832 0.6062056
vn -0.5647691 0.6267717 0.5368363
vn -0.6421971 0.6174343 0.4542661
vn -0.4770223 -0.7523926 0.4542632
vn -0.5647691 0.6267717 0.5368363
vn -0.4770223 -0.7523926 0.4542632
vn -0.3996008 -0.7430589 0.5368264
vn -0.6421971 0.6174343 0.4542661
vn -0.7058646 0.6097624 0.3604790
vn -0.5406919 -0.7600709 0.3604779
vn -0.6421971 0.6174343 0.4542661
vn -0.5406919 -0.7600709 0.3604779
vn -0.4770223 -0.7523926 0.4542632
vn -0.7058646 0.6097624 0.3604790
vn -0.7541840 0.6039282 0.2578315
vn -0.5890033 -0.7658994 0.2578242
vn -0.7058646 0.6097624 0.3604790
vn -0.5890033 -0.7658994 0.2578242
vn -0.5406919 -0.7600709 0.3604779
vn -0.7541840 0.6039282 0.2578315
vn -0.7859694 0.6000853 0.1488279
vn -0.6207625 -0.7697392 0.1488471
vn -0.7541840 0.6039282 0.2578315
vn -0.6207625 -0.7697392 0.1488471
vn -0.5890033 -0.7658994 0.2578242
vn -0.7859694 0.6000853 0.1488279
vn -0.8004054 0.5983655 0.0361914
vn -0.6352357 -0.7714699 0.0361895
vn -0.7859694 0.6000853 0.1488279
vn -0.6352357 -0.7714699 0.0361895
vn -0.6207625 -0.7697392 0.1488471
vn -0.8004054 0.5983655 0.0361914
vn -0.7971796 0.5987659 -0.0773555
vn -0.6320336 -0.7710683 -0.0773769
vn -0.8004054 0.5983655 0.0361914
vn -0.6320336 -0.7710683 -0.0773769
vn -0.6352357 -0.7714699 0.0361895
vn -0.7971796 0.5987659 -0.0773555
vn -0.7763702 0.6012703 -0.1890064
vn -0.6112078 -0.7685667 -0.1890242
vn -0.7971796 0.5987659 -0.0773555
vn -0.6112078 -0.7685667 -0.1890242
vn -0.6320336 -0.7710683 -0.0773769
vn -0.7763702 0.6012703 -0.1890064
vn -0.7384576 0.6058459 -0.2960254
vn -0.5733088 -0.7639933 -0.2960259
vn -0.7763702 0.6012703 -0.1890064
vn -0.5733088 -0.7639933 -0.2960259
vn -0.6112078 -0.7685667 -0.1890242
vn -0.7384576 0.6058459 -0.2960254
vn -0.6844177 0.6123464 -0.3957328
vn -0.5192538 -0.7574757 -0.3957347
vn -0.7384576 0.6058459 -0.2960254
vn -0.5192538 -0.7574757 -0.3957347
vn -0.5733088 -0.7639933 -0.2960259
vn -0.6844177 0.6123464 -0.3957328
vn -0.6155652 0.6206585 -0.4856568
vn -0.4504005 -0.7491837 -0.4856575
vn -0.6844177 0.6123464 -0.3957328
vn -0.4504005 -0.7491837 -0.4856575
vn -0.5192538 -0.7574757 -0.3957347
vn -0.6155652 0.6206585 -0.4856568
vn -0.5335556 0.6305446 -0.5636771
vn -0.3683963 -0.7392843 -0.5636868
vn -0.6155652 0.6206585 -0.4856568
vn -0.3683963 -0.7392843 -0.5636868
vn -0.4504005 -0.7491837 -0.4856575
vn -0.5335556 0.6305446 -0.5636771
vn -0.4404726 0.6417667 -0.6277893
vn -0.2752984 -0.7280576 -0.6278081
vn -0.5335556 0.6305446 -0.5636771
vn -0.2752984 -0.7280576 -0.6278081
vn -0.3683963 -0.7392843 -0.5636868
vn -0.4404726 0.6417667 -0.6277893
vn -0.3385700 0.6540546 -0.6764488
vn -0.1733891 -0.7157872 -0.6764501
vn -0.4404726 0.6417667 -0.6277893
vn -0.1733891 -0.7157872 -0.6764501
vn -0.2752984 -0.7280576 -0.6278081
vn -0.3385700 0.6540546 -0.6764488
vn -0.2303418 0.6670969 -0.7084662
vn -0.0651792 -0.7027324 -0.7084623
vn -0.3385700 0.6540546 -0.6764488
vn -0.0651792 -0.7027324 -0.7084623
vn -0.1733891 -0.7157872 -0.6764501
vn -0.2303418 0.6670969 -0.7084662
vn -0.1185000 0.6805869 -0.7230208
vn 0.0466684 -0.6892497 -0.7230192
vn -0.2303418 0.6670969 -0.7084662
vn 0.0466684 -0.6892497 -0.7230192
vn -0.0651792 -0.7027324 -0.7084623
vn -0.1185000 0.6805869 -0.7230208
vn -0.0057717 0.6941761 -0.7197821
vn 0.1594083 -0.6756516 -0.7197805
vn -0.1185000 0.6805869 -0.7230208
vn 0.1594083 -0.6756516 -0.7197805
vn 0.0466684 -0.6892497 -0.7230192
vn -0.0057717 0.6941761 -0.7197821
vn 0.1050647 0.7075421 -0.6988173
vn 0.2702376 -0.6622853 -0.6988204
vn -0.0057717 0.6941761 -0.7197821
vn 0.2702376 -0.6622853 -0.6988204
vn 0.1594083 -0.6756516 -0.7197805
vn 0.1050647 0.7075421 -0.6988173
vn 0.2112817 0.7203524 -0.6606455
vn 0.3764497 -0.6494815 -0.6606507
vn 0.1050647 0.7075421 -0.6988173
vn 0.3764497 -0.6494815 -0.6606507
vn 0.2702376 -0.6622853 -0.6988204
vn 0.2112817 0.7203524 -0.6606455
vn 0.3102659 0.7322872 -0.6062098
vn 0.4754392 -0.6375427 -0.6062152
vn 0.2112817 0.7203524 -0.6606455
vn 0.4754392 -0.6375427 -0.6062152
vn 0.3764497 -0.6494815 -0.6606507
vn 0.3102659 0.7322872 -0.6062098
vn 0.3996064 0.7430478 -0.5368378
vn 0.5647733 -0.6267831 -0.5368184
vn 0.3102659 0.7322872 -0.6062098
vn 0.5647733 -0.6267831 -0.5368184
vn 0.4754392 -0.6375427 -0.6062152
vn 0.3996064 0.7430478 -0.5368378
vn 0.4770435 0.7523944 -0.4542378
vn 0.6422139 -0.6174498 -0.4542214
vn 0.3996064 0.7430478 -0.5368378
vn 0.6422139 -0.6174498 -0.4542214
vn 0.5647733 -0.6267831 -0.5368184
vn 0.4770435 0.7523944 -0.4542378
vn 0.5406845 0.7600694 -0.3604925
vn 0.7058689 -0.6097562 -0.3604809
vn 0.4770435 0.7523944 -0.4542378
vn 0.7058689 -0.6097562 -0.3604809
vn 0.6422139 -0.6174498 -0.4542214
vn 0.5406845 0.7600694 -0.3604925
vn 0.5890062 0.7658873 -0.2578534
vn 0.7541730 -0.6039331 -0.2578528
vn 0.5406845 0.7600694 -0.3604925
vn 0.7541730 -0.6039331 -0.2578528
vn 0.7058689 -0.6097562 -0.3604809
vn 0.5890062 0.7658873 -0.2578534
vn 0.6207893 0.7697191 -0.1488386
vn 0.7859388 -0.6001179 -0.1488581
vn 0.5890062 0.7658873 -0.2578534
vn 0.7859388 -0.6001179 -0.1488581
vn 0.7541730 -0.6039331 -0.2578528
vn 0.6207893 0.7697191 -0.1488386
vn 0.6352502 0.7714592 -0.0361657
vn 0.8003930 -0.5983829 -0.0361800
vn 0.6207893 0.7697191 -0.1488386
vn 0.8003930 -0.5983829 -0.0361800
vn 0.7859388 -0.6001179 -0.1488581
vn -0.1197122 0.9928086 0.0000013
vn 0.6320320 0.7710696 0.0773760
vn 0.6352502 0.7714592 -0.0361657
vn 0.1197122 -0.9928086 0.0000002
vn 0.8003930 -0.5983829 -0.0361800
vn 0.7971875 -0.5987546 0.0773630
vn -0.1197122 0.9928086 0.0000013
vn 0.6112180 0.7685599 0.1890191
vn 0.6320320 0.7710696 0.0773760
vn 0.1197122 -0.9928086 0.0000002
vn 0.7971875 -0.5987546 0.0773630
vn 0.7763573 -0.6012811 0.1890247
vn -0.1197122 0.9928086 0.0000013
vn 0.5733198 0.7639999 0.2959874
vn 0.6112180 0.7685599 0.1890191
vn 0.1197122 -0.9928086 0.0000002
vn 0.7763573 -0.6012811 0.1890247
vn 0.7384891 -0.6058218 0.2959962
vn -0.1197122 0.9928086 0.0000013
vn 0.5192571 0.7575021 0.3956800
vn 0.5733198 0.7639999 0.2959874
vn 0.1197122 -0.9928086 0.0000002
vn 0.7384891 -0.6058218 0.2959962
vn 0.6844504 -0.6123379 0.3956892
vn -0.1197122 0.9928086 0.0000013
vn 0.4503731 0.7491813 0.4856865
vn 0.5192571 0.7575021 0.3956800
vn 0.1197122 -0.9928086 0.0000002
vn 0.6844504 -0.6123379 0.3956892
vn 0.6155522 -0.6206530 0.4856804
vn -0.1197122 0.9928086 0.0000013
vn 0.3683726 0.7393070 0.5636726
vn 0.4503731 0.7491813 0.4856865
vn 0.1197122 -0.9928086 0.0000002
vn 0.6155522 -0.6206530 0.4856804
vn 0.5335585 -0.6305285 0.5636924
vn -0.1197122 0.9928086 0.0000013
vn 0.2752890 0.7280749 0.6277921
vn 0.3683726 0.7393070 0.5636726
vn 0.1197122 -0.9928086 0.0000002
vn 0.5335585 -0.6305285 0.5636924
vn 0.4404667 -0.6417534 0.6278070
vn -0.1197122 0.9928086 0.0000013
vn 0.1733943 0.7157778 0.6764589
vn 0.2752890 0.7280749 0.6277921
vn 0.1197122 -0.9928086 0.0000002
vn 0.4404667 -0.6417534 0.6278070
vn 0.3385685 -0.6540481 0.6764556
vn -0.1197122 0.9928086 0.0000013
vn 0.0651936 0.7027334 0.7084601
vn 0.1733943 0.7157778 0.6764589
vn 0.1197122 -0.9928086 0.0000002
vn 0.3385685 -0.6540481 0.6764556
vn 0.2303680 -0.6670929 0.7084615
vn -0.1197122 0.9928086 0.0000013
vn -0.0466623 0.6892487 0.7230206
vn 0.0651936 0.7027334 0.7084601
vn 0.1197122 -0.9928086 0.0000002
vn 0.2303680 -0.6670929 0.7084615
vn 0.1185146 -0.6805854 0.7230200
vn -0.1197122 0.9928086 0.0000013
vn -0.1593939 0.6756506 0.7197845
vn -0.0466623 0.6892487 0.7230206
vn 0.1197122 -0.9928086 0.0000002
vn 0.1185146 -0.6805854 0.7230200
vn 0.0057738 -0.6941739 0.7197842
vn -0.1197122 0.9928086 0.0000013
vn -0.2702493 0.6622915 0.6988099
vn -0.1593939 0.6756506 0.7197845
vn 0.1197122 -0.9928086 0.0000002
vn 0.0057738 -0.6941739 0.7197842
vn -0.1050776 -0.7075455 0.6988118
vn -0.1197122 0.9928086 0.0000013
vn -0.3764696 0.6494775 0.6606434
vn -0.2702493 0.6622915 0.6988099
vn 0.1197122 -0.9928086 0.0000002
vn -0.1050776 -0.7075455 0.6988118
vn -0.2112951 -0.7203463 0.6606477
vn -0.1197122 0.9928086 0.0000013
vn -0.4754525 0.6375577 0.6061888
vn -0.3764696 0.6494775 0.6606434
vn 0.1197122 -0.9928086 0.0000002
vn -0.2112951 -0.7203463 0.6606477
vn -0.3102837 -0.7322832 0.6062056
vn -0.1197122 0.9928086 0.0000013
vn -0.5647691 0.6267717 0.5368363
vn -0.4754525 0.6375577 0.6061888
vn 0.1197122 -0.9928086 0.0000002
vn -0.3102837 -0.7322832 0.6062056
vn -0.3996008 -0.7430589 0.5368264
vn -0.1197122 0.9928086 0.0000013
vn -0.6421971 0.6174343 0.4542661
vn -0.5647691 0.6267717 0.5368363
vn 0.1197122 -0.9928086 0.0000002
vn -0.3996008 -0.7430589 0.5368264
vn -0.4770223 -0.7523926 0.4542632
vn -0.1197122 0.9928086 0.0000013
vn -0.7058646 0.6097624 0.3604790
vn -0.6421971 0.6174343 0.4542661
vn 0.1197122 -0.9928086 0.0000002
vn -0.4770223 -0.7523926 0.4542632
vn -0.5406919 -0.7600709 0.3604779
vn -0.1197122 0.9928086 0.0000013
vn -0.7541840 0.6039282 0.2578315
vn -0.7058646 0.6097624 0.3604790
vn 0.1197122 -0.9928086 0.0000002
vn -0.5406919 -0.7600709 0.3604779
vn -0.5890033 -0.7658994 0.2578242
vn -0.1197122 0.9928086 0.0000013
vn -0.7859694 0.6000853 0.1488279
vn -0.7541840 0.6039282 0.2578315
vn 0.1197122 -0.9928086 0.0000002
vn -0.5890033 -0.7658994 0.2578242
vn -0.6207625 -0.7697392 0.1488471
vn -0.1197122 0.9928086 0.0000013
vn -0.8004054 0.5983655 0.0361914
vn -0.7859694 0.6000853 0.1488279
vn 0.1197122 -0.9928086 0.0000002
vn -0.6207625 -0.7697392 0.1488471
vn -0.6352357 -0.7714699 0.0361895
vn -0.1197122 0.9928086 0.0000013
vn -0.7971796 0.5987659 -0.0773555
vn -0.8004054 0.5983655 0.0361914
vn 0.1197122 -0.9928086 0.0000002
vn -0.6352357 -0.7714699 0.0361895
vn -0.6320336 -0.7710683 -0.0773769
vn -0.1197122 0.9928086 0.0000013
vn -0.7763702 0.6012703 -0.1890064
vn -0.7971796 0.5987659 -0.0773555
vn 0.1197122 -0.9928086 0.0000002
vn -0.6320336 -0.7710683 -0.0773769
vn -0.6112078 -0.7685667 -0.1890242
vn -0.1197122 0.9928086 0.0000013
vn -0.7384576 0.6058459 -0.2960254
vn -0.7763702 0.6012703 -0.1890064
vn 0.1197122 -0.9928086 0.0000002
vn -0.6112078 -0.7685667 -0.1890242
vn -0.5733088 -0.7639933 -0.2960259
vn -0.1197122 0.9928086 0.0000013
vn -0.6844177 0.6123464 -0.3957328
vn -0.7384576 0.6058459 -0.2960254
vn 0.1197122 -0.9928086 0.0000002
vn -0.5733088 -0.7639933 -0.2960259
vn -0.5192538 -0.7574757 -0.3957347
vn -0.1197122 0.9928086 0.0000013
vn -0.6155652 0.6206585 -0.4856568
vn -0.6844177 0.6123464 -0.3957328
vn 0.1197122 -0.9928086 0.0000002
vn -0.5192538 -0.7574757 -0.3957347
vn -0.4504005 -0.7491837 -0.4856575
vn -0.1197122 0.9928086 0.0000013
vn -0.5335556 0.6305446 -0.5636771
vn -0.6155652 0.6206585 -0.4856568
vn 0.1197122 -0.9928086 0.0000002
vn -0.4504005 -0.7491837 -0.4856575
vn -0.3683963 -0.7392843 -0.5636868
vn -0.1197122 0.9928086 0.0000013
vn -0.4404726 0.6417667 -0.6277893
vn -0.5335556 0.6305446 -0.5636771
vn 0.1197122 -0.9928086 0.0000002
vn -0.3683963 -0.7392843 -0.5636868
vn -0.2752984 -0.7280576 -0.6278081
vn -0.1197122 0.9928086 0.0000013
vn -0.3385700 0.6540546 -0.6764488
vn -0.4404726 0.6417667 -0.6277893
vn 0.1197122 -0.9928086 0.0000002
vn -0.2752984 -0.7280576 -0.6278081
vn -0.1733891 -0.7157872 -0.6764501
vn -0.1197122 0.9928086 0.0000013
vn -0.2303418 0.6670969 -0.7084662
vn -0.3385700 0.6540546 -0.6764488
vn 0.1197122 -0.9928086 0.0000002
vn -0.1733891 -0.7157872 -0.6764501
vn -0.0651792 -0.7027324 -0.7084623
vn -0.1197122 0.9928086 0.0000013
vn -0.1185000 0.6805869 -0.7230208
vn -0.2303418 0.6670969 -0.7084662
vn 0.1197122 -0.9928086 0.0000002
vn -0.0651792 -0.7027324 -0.7084623
vn 0.0466684 -0.6892497 -0.7230192
vn -0.1197122 0.9928086 0.0000013
vn -0.0057717 0.6941761 -0.7197821
vn -0.1185000 0.6805869 -0.7230208
vn 0.1197122 -0.9928086 0.0000002
vn 0.0466684 -0.6892497 -0.7230192
vn 0.1594083 -0.6756516 -0.7197805
vn -0.1197122 0.9928086 0.0000013
vn 0.1050647 0.7075421 -0.6988173
vn -0.0057717 0.6941761 -0.7197821
vn 0.1197122 -0.9928086 0.0000002
vn 0.1594083 -0.6756516 -0.7197805
vn 0.2702376 -0.6622853 -0.6988204
vn -0.1197122 0.9928086 0.0000013
vn 0.2112817 0.7203524 -0.6606455
vn 0.1050647 0.7075421 -0.6988173
vn 0.1197122 -0.9928086 0.0000002
vn 0.2702376 -0.6622853 -0.6988204
vn 0.3764497 -0.6494815 -0.6606507
vn -0.1197122 0.9928086 0.0000013
vn 0.3102659 0.7322872 -0.6062098
vn 0.2112817 0.7203524 -0.6606455
vn 0.1197122 -0.9928086 0.0000002
vn 0.3764497 -0.6494815 -0.6606507
vn 0.4754392 -0.6375427 -0.6062152
vn -0.1197122 0.9928086 0.0000013
vn 0.3996064 0.7430478 -0.5368378
vn 0.3102659 0.7322872 -0.6062098
vn 0.1197122 -0.9928086 0.0000002
vn 0.4754392 -0.6375427 -0.6062152
vn 0.5647733 -0.6267831 -0.5368184
vn -0.1197122 0.9928086 0.0000013
vn 0.4770435 0.7523944 -0.4542378
vn 0.3996064 0.7430478 -0.5368378
vn 0.1197122 -0.9928086 0.0000002
vn 0.5647733 -0.6267831 -0.5368184
vn 0.6422139 -0.6174498 -0.4542214
vn -0.1197122 0.9928086 0.0000013
vn 0.5406845 0.7600694 -0.3604925
vn 0.4770435 0.7523944 -0.4542378
vn 0.1197122 -0.9928086 0.0000002
vn 0.6422139 -0.6174498 -0.4542214
vn 0.7058689 -0.6097562 -0.3604809
vn -0.1197122 0.9928086 0.0000013
vn 0.5890062 0.7658873 -0.2578534
vn 0.5406845 0.7600694 -0.3604925
vn 0.1197122 -0.9928086 0.0000002
vn 0.7058689 -0.6097562 -0.3604809
vn 0.7541730 -0.6039331 -0.2578528
vn -0.1197122 0.9928086 0.0000013
vn 0.6207893 0.7697191 -0.1488386
vn 0.5890062 0.7658873 -0.2578534
vn 0.1197122 -0.9928086 0.0000002
vn 0.7541730 -0.6039331 -0.2578528
vn 0.7859388 -0.6001179 -0.1488581
vn -0.1197122 0.9928086 0.0000013
vn 0.6352502 0.7714592 -0.0361657
vn 0.6207893 0.7697191 -0.1488386
vn 0.1197122 -0.9928086 0.0000002
vn 0.7859388 -0.6001179 -0.1488581
vn 0.8003930 -0.5983829 -0.0361800
vn 0.7391590 0.6696412 -0.0722808
vn 0.7416008 0.6695692 0.0412962
vn 0.7033401 -0.7096525 0.0413042
vn 0.7391590 0.6696412 -0.0722808
vn 0.7033401 -0.7096525 0.0413042
vn 0.7009064 -0.7095808 -0.0722863
vn 0.7416008 0.6695692 0.0412962
vn 0.7262542 0.6699826 0.1538776
vn 0.6879788 -0.7092354 0.1538518
vn 0.7416008 0.6695692 0.0412962
vn 0.6879788 -0.7092354 0.1538518
vn 0.7033401 -0.7096525 0.0413042
vn 0.7262542 0.6699826 0.1538776
vn 0.6934830 0.6709043 0.2626188
vn 0.6552222 -0.7083211 0.2626119
vn 0.7262542 0.6699826 0.1538776
vn 0.6552222 -0.7083211 0.2626119
vn 0.6879788 -0.7092354 0.1538518
vn 0.6934830 0.6709043 0.2626188
vn 0.6441188 0.6722813 0.3648956
vn 0.6058581 -0.7069484 0.3649108
vn 0.6934830 0.6709043 0.2626188
vn 0.6058581 -0.7069484 0.3649108
vn 0.6552222 -0.7083211 0.2626119
vn 0.6441188 0.6722813 0.3648956
vn 0.5793703 0.6740624 0.4582247
vn 0.5411103 -0.7051445 0.4582258
vn 0.6441188 0.6722813 0.3648956
vn 0.5411103 -0.7051445 0.4582258
vn 0.6058581 -0.7069484 0.3649108
vn 0.5793703 0.6740624 0.4582247
vn 0.5008107 0.6762549 0.5402482
vn 0.4625556 -0.7029754 0.5402480
vn 0.5793703 0.6740624 0.4582247
vn 0.4625556 -0.7029754 0.5402480
vn 0.5411103 -0.7051445 0.4582258
vn 0.5008107 0.6762549 0.5402482
vn 0.4104040 0.6787551 0.6089829
vn 0.3721388 -0.7004628 0.6089865
vn 0.5008107 0.6762549 0.5402482
vn 0.3721388 -0.7004628 0.6089865
vn 0.4625556 -0.7029754 0.5402480
vn 0.4104040 0.6787551 0.6089829
vn 0.3103443 0.6815381 0.6627157
vn 0.2720725 -0.6976917 0.6627238
vn 0.4104040 0.6787551 0.6089829
vn 0.2720725 -0.6976917 0.6627238
vn 0.3721388 -0.7004628 0.6089865
vn 0.3103443 0.6815381 0.6627157
vn 0.2031185 0.6845058 0.7001391
vn 0.1648507 -0.6947120 0.7001424
vn 0.3103443 0.6815381 0.6627157
vn 0.1648507 -0.6947120 0.7001424
vn 0.2720725 -0.6976917 0.6627238
vn 0.2031185 0.6845058 0.7001391
vn 0.0913768 0.6876071 0.7203102
vn 0.0531211 -0.6916120 0.7203131
vn 0.2031185 0.6845058 0.7001391
vn 0.0531211 -0.6916120 0.7203131
vn 0.1648507 -0.6947120 0.7001424
vn 0.0913768 0.6876071 0.7203102
vn -0.0221580 0.6907586 0.7227457
vn -0.0604160 -0.6884685 0.7227455
vn 0.0913768 0.6876071 0.7203102
vn -0.0604160 -0.6884685 0.7227455
vn 0.0531211 -0.6916120 0.7203131
vn -0.0221580 0.6907586 0.7227457
vn -0.1346608 0.6938739 0.7073935
vn -0.1729320 -0.6853418 0.7073905
vn -0.0221580 0.6907586 0.7227457
vn -0.1729320 -0.6853418 0.7073905
vn -0.0604160 -0.6884685 0.7227455
vn -0.1346608 0.6938739 0.7073935
vn -0.2433792 0.6968933 0.6746157
vn -0.2816480 -0.6823245 0.6746166
vn -0.1346608 0.6938739 0.7073935
vn -0.2816480 -0.6823245 0.6746166
vn -0.1729320 -0.6853418 0.7073905
vn -0.2433792 0.6968933 0.6746157
vn -0.3456449 0.6997361 0.6252192
vn -0.3839034 -0.6794895 0.6252298
vn -0.2433792 0.6968933 0.6746157
vn -0.3839034 -0.6794895 0.6252298
vn -0.2816480 -0.6823245 0.6746166
vn -0.3456449 0.6997361 0.6252192
vn -0.4389222 0.7023195 0.5604415
vn -0.4771821 -0.6769022 0.5604467
vn -0.3456449 0.6997361 0.6252192
vn -0.4771821 -0.6769022 0.5604467
vn -0.3839034 -0.6794895 0.6252298
vn -0.4389222 0.7023195 0.5604415
vn -0.5209345 0.7045963 0.4818417
vn -0.5591941 -0.6746355 0.4818391
vn -0.4389222 0.7023195 0.5604415
vn -0.5591941 -0.6746355 0.4818391
vn -0.4771821 -0.6769022 0.5604467
vn -0.5209345 0.7045963 0.4818417
vn -0.5896353 0.7064909 0.3914089
vn -0.6278906 -0.6727172 0.3914143
vn -0.5209345 0.7045963 0.4818417
vn -0.6278906 -0.6727172 0.3914143
vn -0.5591941 -0.6746355 0.4818391
vn -0.5896353 0.7064909 0.3914089
vn -0.6433347 0.7079868 0.2913335
vn -0.6815908 -0.6712434 0.2913181
vn -0.5896353 0.7064909 0.3914089
vn -0.6815908 -0.6712434 0.2913181
vn -0.6278906 -0.6727172 0.3914143
vn -0.6433347 0.7079868 0.2913335
vn -0.6807482 0.7090206 0.1840427
vn -0.7190021 -0.6702017 0.1840264
vn -0.6433347 0.7079868 0.2913335
vn -0.7190021 -0.6702017 0.1840264
vn -0.6815908 -0.6712434 0.2913181
vn -0.6807482 0.7090206 0.1840427
vn -0.7008980 0.7095917 0.0722601
vn -0.7391660 -0.6696349 0.0722695
vn -0.6807482 0.7090206 0.1840427
vn -0.7391660 -0.6696349 0.0722695
vn -0.7190021 -0.6702017 0.1840264
vn -0.7008980 0.7095917 0.0722601
vn -0.7033350 0.7096582 -0.0412918
vn -0.7416074 -0.6695619 -0.0412935
vn -0.7008980 0.7095917 0.0722601
vn -0.7416074 -0.6695619 -0.0412935
vn -0.7391660 -0.6696349 0.0722695
vn -0.7033350 0.7096582 -0.0412918
vn -0.6879777 0.7092360 -0.1538531
vn -0.7262563 -0.6699861 -0.1538523
vn -0.7033350 0.7096582 -0.0412918
vn -0.7262563 -0.6699861 -0.1538523
vn -0.7416074 -0.6695619 -0.0412935
vn -0.6879777 0.7092360 -0.1538531
vn -0.6552077 0.7083241 -0.2626398
vn -0.6934866 -0.6708985 -0.2626241
vn -0.6879777 0.7092360 -0.1538531
vn -0.6934866 -0.6708985 -0.2626241
vn -0.7262563 -0.6699861 -0.1538523
vn -0.6552077 0.7083241 -0.2626398
vn -0.6058464 0.7069519 -0.3649235
vn -0.6441159 -0.6722676 -0.3649259
vn -0.6552077 0.7083241 -0.2626398
vn -0.6441159 -0.6722676 -0.3649259
vn -0.6934866 -0.6708985 -0.2626241
vn -0.6058464 0.7069519 -0.3649235
vn -0.5411025 0.7051532 -0.4582216
vn -0.5793597 -0.6740679 -0.4582302
vn -0.6058464 0.7069519 -0.3649235
vn -0.5793597 -0.6740679 -0.4582302
vn -0.6441159 -0.6722676 -0.3649259
vn -0.5411025 0.7051532 -0.4582216
vn -0.4625358 0.7029763 -0.5402638
vn -0.5007911 -0.6762575 -0.5402629
vn -0.5411025 0.7051532 -0.4582216
vn -0.5007911 -0.6762575 -0.5402629
vn -0.5793597 -0.6740679 -0.4582302
vn -0.4625358 0.7029763 -0.5402638
vn -0.3721183 0.7004638 -0.6089979
vn -0.4103873 -0.6787505 -0.6089991
vn -0.4625358 0.7029763 -0.5402638
vn -0.4103873 -0.6787505 -0.6089991
vn -0.5007911 -0.6762575 -0.5402629
vn -0.3721183 0.7004638 -0.6089979
vn -0.2720688 0.6976974 -0.6627193
vn -0.3103445 -0.6815380 -0.6627159
vn -0.3721183 0.7004638 -0.6089979
vn -0.3103445 -0.6815380 -0.6627159
vn -0.4103873 -0.6787505 -0.6089991
vn -0.2720688 0.6976974 -0.6627193
vn -0.1648600 0.6947108 -0.7001414
vn -0.2031269 -0.6845077 -0.7001348
vn -0.2720688 0.6976974 -0.6627193
vn -0.2031269 -0.6845077 -0.7001348
vn -0.3103445 -0.6815380 -0.6627159
vn -0.1648600 0.6947108 -0.7001414
vn -0.0531223 0.6916103 -0.7203147
vn -0.0913771 -0.6876075 -0.7203097
vn -0.1648600 0.6947108 -0.7001414
vn -0.0913771 -0.6876075 -0.7203097
vn -0.2031269 -0.6845077 -0.7001348
vn -0.0531223 0.6916103 -0.7203147
vn 0.0604105 0.6884720 -0.7227426
vn 0.0221550 -0.6907585 -0.7227461
vn -0.0531223 0.6916103 -0.7203147
vn 0.0221550 -0.6907585 -0.7227461
vn -0.0913771 -0.6876075 -0.7203097
vn 0.0604105 0.6884720 -0.7227426
vn 0.1729340 0.6853408 -0.7073908
vn 0.1346652 -0.6938756 -0.7073910
vn 0.0604105 0.6884720 -0.7227426
vn 0.1346652 -0.6938756 -0.7073910
vn 0.0221550 -0.6907585 -0.7227461
vn 0.1729340 0.6853408 -0.7073908
vn 0.2816433 0.6823266 -0.6746165
vn 0.2433780 -0.6968971 -0.6746122
vn 0.1729340 0.6853408 -0.7073908
vn 0.2433780 -0.6968971 -0.6746122
vn 0.1346652 -0.6938756 -0.7073910
vn 0.2816433 0.6823266 -0.6746165
vn 0.3839157 0.6795037 -0.6252068
vn 0.3456546 -0.6997333 -0.6252170
vn 0.2816433 0.6823266 -0.6746165
vn 0.3456546 -0.6997333 -0.6252170
vn 0.2433780 -0.6968971 -0.6746122
vn 0.3839157 0.6795037 -0.6252068
vn 0.4771901 0.6768999 -0.5604430
vn 0.4389351 -0.7023110 -0.5604421
vn 0.3839157 0.6795037 -0.6252068
vn 0.4389351 -0.7023110 -0.5604421
vn 0.3456546 -0.6997333 -0.6252170
vn 0.4771901 0.6768999 -0.5604430
vn 0.5591692 0.6746405 -0.4818611
vn 0.5209070 -0.7045938 -0.4818750
vn 0.4771901 0.6768999 -0.5604430
vn 0.5209070 -0.7045938 -0.4818750
vn 0.4389351 -0.7023110 -0.5604421
vn 0.5591692 0.6746405 -0.4818611
vn 0.6278871 0.6727256 -0.3914053
vn 0.5896234 -0.7064936 -0.3914220
vn 0.5591692 0.6746405 -0.4818611
vn 0.5896234 -0.7064936 -0.3914220
vn 0.5209070 -0.7045938 -0.4818750
vn 0.6278871 0.6727256 -0.3914053
vn 0.6815855 0.6712394 -0.2913399
vn 0.6433406 -0.7079919 -0.2913079
vn 0.6278871 0.6727256 -0.3914053
vn 0.6433406 -0.7079919 -0.2913079
vn 0.5896234 -0.7064936 -0.3914220
vn 0.6815855 0.6712394 -0.2913399
vn 0.7189926 0.6701975 -0.1840785
vn 0.6807394 -0.7090201 -0.1840768
vn 0.6815855 0.6712394 -0.2913399
vn 0.6807394 -0.7090201 -0.1840768
vn 0.6433406 -0.7079919 -0.2913079
vn 0.7189926 0.6701975 -0.1840785
vn 0.7391590 0.6696412 -0.0722808
vn 0.7009064 -0.7095808 -0.0722863
vn 0.7189926 0.6701975 -0.1840785
vn 0.7009064 -0.7095808 -0.0722863
vn 0.6807394 -0.7090201 -0.1840768
vn 0.0277322 0.9996154 0.0000001
vn 0.7416008 0.6695692 0.0412962
vn 0.7391590 0.6696412 -0.0722808
vn -0.0277322 -0.9996154 0.0000012
vn 0.7009064 -0.7095808 -0.0722863
vn 0.7033401 -0.7096525 0.0413042
vn 0.0277322 0.9996154 0.0000001
vn 0.7262542 0.6699826 0.1538776
vn 0.7416008 0.6695692 0.0412962
vn -0.0277322 -0.9996154 0.0000012
vn 0.7033401 -0.7096525 0.0413042
vn 0.6879788 -0.7092354 0.1538518
vn 0.0277322 0.9996154 0.0000001
vn 0.6934830 0.6709043 0.2626188
vn 0.7262542 0.6699826 0.1538776
vn -0.0277322 -0.9996154 0.0000012
vn 0.6879788 -0.7092354 0.1538518
vn 0.6552222 -0.7083211 0.2626119
vn 0.0277322 0.9996154 0.0000001
vn 0.6441188 0.6722813 0.3648956
vn 0.6934830 0.6709043 0.2626188
vn -0.0277322 -0.9996154 0.0000012
vn 0.6552222 -0.7083211 0.2626119
vn 0.6058581 -0.7069484 0.3649108
vn 0.0277322 0.9996154 0.0000001
vn 0.5793703 0.6740624 0.4582247
vn 0.6441188 0.6722813 0.3648956
vn -0.0277322 -0.9996154 0.0000012
vn 0.6058581 -0.7069484 0.3649108
vn 0.5411103 -0.7051445 0.4582258
vn 0.0277322 0.9996154 0.0000001
vn 0.5008107 0.6762549 0.5402482
vn 0.5793703 0.6740624 0.4582247
vn -0.0277322 -0.9996154 0.0000012
vn 0.5411103 -0.7051445 0.4582258
vn 0.4625556 -0.7029754 0.5402480
vn 0.0277322 0.9996154 0.0000001
vn 0.4104040 0.6787551 0.6089829
vn 0.5008107 0.6762549 0.5402482
vn -0.0277322 -0.9996154 0.0000012
vn 0.4625556 -0.7029754 0.5402480
vn 0.3721388 -0.7004628 0.6089865
vn 0.0277322 0.9996154 0.0000001
vn 0.3103443 0.6815381 0.6627157
vn 0.4104040 0.6787551 0.6089829
vn -0.0277322 -0.9996154 0.0000012
vn 0.3721388 -0.7004628 0.6089865
vn 0.2720725 -0.6976917 0.6627238
vn 0.0277322 0.9996154 0.0000001
vn 0.2031185 0.6845058 0.7001391
vn 0.3103443 0.6815381 0.6627157
vn -0.0277322 -0.9996154 0.0000012
vn 0.2720725 -0.6976917 0.6627238
vn 0.1648507 -0.6947120 0.7001424
vn 0.0277322 0.9996154 0.0000001
vn 0.0913768 0.6876071 0.7203102
vn 0.2031185 0.6845058 0.7001391
vn -0.0277322 -0.9996154 0.0000012
vn 0.1648507 -0.6947120 0.7001424
vn 0.0531211 -0.6916120 0.7203131
vn 0.0277322 0.9996154 0.0000001
vn -0.0221580 0.6907586 0.7227457
vn 0.0913768 0.6876071 0.7203102
vn -0.0277322 -0.9996154 0.0000012
vn 0.0531211 -0.6916120 0.7203131
vn -0.0604160 -0.6884685 0.7227455
vn 0.0277322 0.9996154 0.0000001
vn -0.1346608 0.6938739 0.7073935
vn -0.0221580 0.6907586 0.7227457
vn -0.0277322 -0.9996154 0.0000012
vn -0.0604160 -0.6884685 0.7227455
vn -0.1729320 -0.6853418 0.7073905
vn 0.0277322 0.9996154 0.0000001
vn -0.2433792 0.6968933 0.6746157
vn -0.1346608 0.6938739 0.7073935
vn -0.0277322 -0.9996154 0.0000012
vn -0.1729320 -0.6853418 0.7073905
vn -0.2816480 -0.6823245 0.6746166
vn 0.0277322 0.9996154 0.0000001
vn -0.3456449 0.6997361 0.6252192
vn -0.2433792 0.6968933 0.6746157
vn -0.0277322 -0.9996154 0.0000012
vn -0.2816480 -0.6823245 0.6746166
vn -0.3839034 -0.6794895 0.6252298
vn 0.0277322 0.9996154 0.0000001
vn -0.4389222 0.7023195 0.5604415
vn -0.3456449 0.6997361 0.6252192
vn -0.0277322 -0.9996154 0.0000012
vn -0.3839034 -0.6794895 0.6252298
vn -0.4771821 -0.6769022 0.5604467
vn 0.0277322 0.9996154 0.0000001
vn -0.5209345 0.7045963 0.4818417
vn -0.4389222 0.7023195 0.5604415
vn -0.0277322 -0.9996154 0.0000012
vn -0.4771821 -0.6769022 0.5604467
vn -0.5591941 -0.6746355 0.4818391
vn 0.0277322 0.9996154 0.0000001
vn -0.5896353 0.7064909 0.3914089
vn -0.5209345 0.7045963 0.4818417
vn -0.0277322 -0.9996154 0.0000012
vn -0.5591941 -0.6746355 0.4818391
vn -0.6278906 -0.6727172 0.3914143
vn 0.0277322 0.9996154 0.0000001
vn -0.6433347 0.7079868 0.2913335
vn -0.5896353 0.7064909 0.3914089
vn -0.0277322 -0.9996154 0.0000012
vn -0.6278906 -0.6727172 0.3914143
vn -0.6815908 -0.6712434 0.2913181
vn 0.0277322 0.9996154 0.0000001
vn -0.6807482 0.7090206 0.1840427
vn -0.6433347 0.7079868 0.2913335
vn -0.0277322 -0.9996154 0.0000012
vn -0.6815908 -0.6712434 0.2913181
vn -0.7190021 -0.6702017 0.1840264
vn 0.0277322 0.9996154 0.0000001
vn -0.7008980 0.7095917 0.0722601
vn -0.6807482 0.7090206 0.1840427
vn -0.0277322 -0.9996154 0.0000012
vn -0.7190021 -0.6702017 0.1840264
vn -0.7391660 -0.6696349 0.0722695
vn 0.0277322 0.9996154 0.0000001
vn -0.7033350 0.7096582 -0.0412918
vn -0.7008980 0.7095917 0.0722601
vn -0.0277322 -0.9996154 0.0000012
vn -0.7391660 -0.6696349 0.0722695
vn -0.7416074 -0.6695619 -0.0412935
vn 0.0277322 0.9996154 0.0000001
vn -0.6879777 0.7092360 -0.1538531
vn -0.7033350 0.7096582 -0.0412918
vn -0.0277322 -0.9996154 0.0000012
vn -0.7416074 -0.6695619 -0.0412935
vn -0.7262563 -0.6699861 -0.1538523
vn 0.0277322 0.9996154 0.0000001
vn -0.6552077 0.7083241 -0.2626398
vn -0.6879777 0.7092360 -0.1538531
vn -0.0277322 -0.9996154 0.0000012
vn -0.7262563 -0.6699861 -0.1538523
vn -0.6934866 -0.6708985 -0.2626241
vn 0.0277322 0.9996154 0.0000001
vn -0.6058464 0.7069519 -0.3649235
vn -0.6552077 0.7083241 -0.2626398
vn -0.0277322 -0.9996154 0.0000012
vn -0.6934866 -0.6708985 -0.2626241
vn -0.6441159 -0.6722676 -0.3649259
vn 0.0277322 0.9996154 0.0000001
vn -0.5411025 0.7051532 -0.4582216
vn -0.6058464 0.7069519 -0.3649235
vn -0.0277322 -0.9996154 0.0000012
vn -0.6441159 -0.6722676 -0.3649259
vn -0.5793597 -0.6740679 -0.4582302
vn 0.0277322 0.9996154 0.0000001
vn -0.4625358 0.7029763 -0.5402638
vn -0.5411025 0.7051532 -0.4582216
vn -0.0277322 -0.9996154 0.0000012
vn -0.5793597 -0.6740679 -0.4582302
vn -0.5007911 -0.6762575 -0.5402629
vn 0.0277322 0.9996154 0.0000001
vn -0.3721183 0.7004638 -0.6089979
vn -0.4625358 0.7029763 -0.5402638
vn -0.0277322 -0.9996154 0.0000012
vn -0.5007911 -0.6762575 -0.5402629
vn -0.4103873 -0.6787505 -0.6089991
vn 0.0277322 0.9996154 0.0000001
vn -0.2720688 0.6976974 -0.6627193
vn -0.3721183 0.7004638 -0.6089979
vn -0.0277322 -0.9996154 0.0000012
vn -0.4103873 -0.6787505 -0.6089991
vn -0.3103445 -0.6815380 -0.6627159
vn 0.0277322 0.9996154 0.0000001
vn -0.1648600 0.6947108 -0.7001414
vn -0.2720688 0.6976974 -0.6627193
vn -0.0277322 -0.9996154 0.0000012
vn -0.3103445 -0.6815380 -0.6627159
vn -0.2031269 -0.6845077 -0.7001348
vn 0.0277322 0.9996154 0.0000001
vn -0.0531223 0.6916103 -0.7203147
vn -0.1648600 0.6947108 -0.7001414
vn -0.0277322 -0.9996154 0.0000012
vn -0.2031269 -0.6845077 -0.7001348
vn -0.0913771 -0.6876075 -0.7203097
vn 0.0277322 0.9996154 0.0000001
vn 0.0604105 0.6884720 -0.7227426
vn -0.0531223 0.6916103 -0.7203147
vn -0.0277322 -0.9996154 0.0000012
vn -0.0913771 -0.6876075 -0.7203097
vn 0.0221550 -0.6907585 -0.7227461
vn 0.0277322 0.9996154 0.0000001
vn 0.1729340 0.6853408 -0.7073908
vn 0.0604105 0.6884720 -0.7227426
vn -0.0277322 -0.9996154 0.0000012
vn 0.0221550 -0.6907585 -0.7227461
vn 0.1346652 -0.6938756 -0.7073910
vn 0.0277322 0.9996154 0.0000001
vn 0.2816433 0.6823266 -0.6746165
vn 0.1729340 0.6853408 -0.7073908
vn -0.0277322 -0.9996154 0.0000012
vn 0.1346652 -0.6938756 -0.7073910
vn 0.2433780 -0.6968971 -0.6746122
vn 0.0277322 0.9996154 0.0000001
vn 0.3839157 0.6795037 -0.6252068
vn 0.2816433 0.6823266 -0.6746165
vn -0.0277322 -0.9996154 0.0000012
vn 0.2433780 -0.6968971 -0.6746122
vn 0.3456546 -0.6997333 -0.6252170
vn 0.0277322 0.9996154 0.0000001
vn 0.4771901 0.6768999 -0.5604430
vn 0.3839157 0.6795037 -0.6252068
vn -0.0277322 -0.9996154 0.0000012
vn 0.3456546 -0.6997333 -0.6252170
vn 0.4389351 -0.7023110 -0.5604421
vn 0.0277322 0.9996154 0.0000001
vn 0.5591692 0.6746405 -0.4818611
vn 0.4771901 0.6768999 -0.5604430
vn -0.0277322 -0.9996154 0.0000012
vn 0.4389351 -0.7023110 -0.5604421
vn 0.5209070 -0.7045938 -0.4818750
vn 0.0277322 0.9996154 0.0000001
vn 0.6278871 0.6727256 -0.3914053
vn 0.5591692 0.6746405 -0.4818611
vn -0.0277322 -0.9996154 0.0000012
vn 0.5209070 -0.7045938 -0.4818750
vn 0.5896234 -0.7064936 -0.3914220
vn 0.0277322 0.9996154 0.0000001
vn 0.6815855 0.6712394 -0.2913399
vn 0.6278871 0.6727256 -0.3914053
vn -0.0277322 -0.9996154 0.0000012
vn 0.5896234 -0.7064936 -0.3914220
vn 0.6433406 -0.7079919 -0.2913079
vn 0.0277322 0.9996154 0.0000001
vn 0.7189926 0.6701975 -0.1840785
vn 0.6815855 0.6712394 -0.2913399
vn -0.0277322 -0.9996154 0.0000012
vn 0.6433406 -0.7079919 -0.2913079
vn 0.6807394 -0.7090201 -0.1840768
vn 0.0277322 0.9996154 0.0000001
vn 0.7391590 0.6696412 -0.0722808
vn 0.7189926 0.6701975 -0.1840785
vn -0.0277322 -0.9996154 0.0000012
vn 0.6807394 -0.7090201 -0.1840768
vn 0.7009064 -0.7095808 -0.0722863
vn 0.7397475 0.6689929 -0.0722641
vn 0.7421906 0.6689156 0.0412925
vn 0.7027123 -0.7102750 0.0412887
vn 0.7397475 0.6689929 -0.0722641
vn 0.7027123 -0.7102750 0.0412887
vn 0.7002798 -0.7102000 -0.0722788
vn 0.7421906 0.6689156 0.0412925
vn 0.7268320 0.6693563 0.1538745
vn 0.6873519 -0.7098381 0.1538741
vn 0.7421906 0.6689156 0.0412925
vn 0.6873519 -0.7098381 0.1538741
vn 0.7027123 -0.7102750 0.0412887
vn 0.7268320 0.6693563 0.1538745
vn 0.6940753 0.6702909 0.2626207
vn 0.6546000 -0.7088927 0.2626210
vn 0.7268320 0.6693563 0.1538745
vn 0.6546000 -0.7088927 0.2626210
vn 0.6873519 -0.7098381 0.1538741
vn 0.6940753 0.6702909 0.2626207
vn 0.6447060 0.6717057 0.3649188
vn 0.6052336 -0.7074875 0.3649024
vn 0.6940753 0.6702909 0.2626207
vn 0.6052336 -0.7074875 0.3649024
vn 0.6546000 -0.7088927 0.2626210
vn 0.6447060 0.6717057 0.3649188
vn 0.5799427 0.6735640 0.4582336
vn 0.5404741 -0.7056243 0.4582379
vn 0.6447060 0.6717057 0.3649188
vn 0.5404741 -0.7056243 0.4582379
vn 0.6052336 -0.7074875 0.3649024
vn 0.5799427 0.6735640 0.4582336
vn 0.5013751 0.6758239 0.5402638
vn 0.4619211 -0.7033769 0.5402682
vn 0.5799427 0.6735640 0.4582336
vn 0.4619211 -0.7033769 0.5402682
vn 0.5404741 -0.7056243 0.4582379
vn 0.5013751 0.6758239 0.5402638
vn 0.4109750 0.6784002 0.6089933
vn 0.3715226 -0.7007796 0.6089983
vn 0.5013751 0.6758239 0.5402638
vn 0.3715226 -0.7007796 0.6089983
vn 0.4619211 -0.7033769 0.5402682
vn 0.4109750 0.6784002 0.6089933
vn 0.3109473 0.6812623 0.6627167
vn 0.2714876 -0.6979287 0.6627142
vn 0.4109750 0.6784002 0.6089933
vn 0.2714876 -0.6979287 0.6627142
vn 0.3715226 -0.7007796 0.6089983
vn 0.3109473 0.6812623 0.6627167
vn 0.2037165 0.6843318 0.7001353
vn 0.1642610 -0.6948652 0.7001290
vn 0.3109473 0.6812623 0.6627167
vn 0.1642610 -0.6948652 0.7001290
vn 0.2714876 -0.6979287 0.6627142
vn 0.2037165 0.6843318 0.7001353
vn 0.0919625 0.6875309 0.7203084
vn 0.0525166 -0.6916640 0.7203075
vn 0.2037165 0.6843318 0.7001353
vn 0.0525166 -0.6916640 0.7203075
vn 0.1642610 -0.6948652 0.7001290
vn 0.0919625 0.6875309 0.7203084
vn -0.0215591 0.6907748 0.7227485
vn -0.0610123 -0.6884180 0.7227436
vn 0.0919625 0.6875309 0.7203084
vn -0.0610123 -0.6884180 0.7227436
vn 0.0525166 -0.6916640 0.7203075
vn -0.0215591 0.6907748 0.7227485
vn -0.1340590 0.6939988 0.7073852
vn -0.1735209 -0.6851918 0.7073914
vn -0.0215591 0.6907748 0.7227485
vn -0.1735209 -0.6851918 0.7073914
vn -0.0610123 -0.6884180 0.7227436
vn -0.1340590 0.6939988 0.7073852
vn -0.2427755 0.6971090 0.6746104
vn -0.2822284 -0.6820860 0.6746153
vn -0.1340590 0.6939988 0.7073852
vn -0.2822284 -0.6820860 0.6746153
vn -0.1735209 -0.6851918 0.7073914
vn -0.2427755 0.6971090 0.6746104
vn -0.3450379 0.7000334 0.6252216
vn -0.3844932 -0.6791623 0.6252228
vn -0.2427755 0.6971090 0.6746104
vn -0.3844932 -0.6791623 0.6252228
vn -0.2822284 -0.6820860 0.6746153
vn -0.3450379 0.7000334 0.6252216
vn -0.4383219 0.7027040 0.5604293
vn -0.4777836 -0.6764894 0.5604327
vn -0.3450379 0.7000334 0.6252216
vn -0.4777836 -0.6764894 0.5604327
vn -0.3844932 -0.6791623 0.6252228
vn -0.4383219 0.7027040 0.5604293
vn -0.5203168 0.7050436 0.4818545
vn -0.5597662 -0.6741470 0.4818587
vn -0.4383219 0.7027040 0.5604293
vn -0.5597662 -0.6741470 0.4818587
vn -0.4777836 -0.6764894 0.5604327
vn -0.5203168 0.7050436 0.4818545
vn -0.5890172 0.7069954 0.3914284
vn -0.6284522 -0.6721899 0.3914187
vn -0.5203168 0.7050436 0.4818545
vn -0.6284522 -0.6721899 0.3914187
vn -0.5597662 -0.6741470 0.4818587
vn -0.5890172 0.7069954 0.3914284
vn -0.6427283 0.7085388 0.2913301
vn -0.6821747 -0.6706554 0.2913057
vn -0.5890172 0.7069954 0.3914284
vn -0.6821747 -0.6706554 0.2913057
vn -0.6284522 -0.6721899 0.3914187
vn -0.6427283 0.7085388 0.2913301
vn -0.6801190 0.7096209 0.1840553
vn -0.7195784 -0.6695733 0.1840609
vn -0.6427283 0.7085388 0.2913301
vn -0.7195784 -0.6695733 0.1840609
vn -0.6821747 -0.6706554 0.2913057
vn -0.6801190 0.7096209 0.1840553
vn -0.7002788 0.7102020 0.0722678
vn -0.7397466 -0.6689907 0.0722941
vn -0.6801190 0.7096209 0.1840553
vn -0.7397466 -0.6689907 0.0722941
vn -0.7195784 -0.6695733 0.1840609
vn -0.7002788 0.7102020 0.0722678
vn -0.7027343 0.7102525 -0.0413026
vn -0.7421693 -0.6689386 -0.0413026
vn -0.7002788 0.7102020 0.0722678
vn -0.7421693 -0.6689386 -0.0413026
vn -0.7397466 -0.6689907 0.0722941
vn -0.7027343 0.7102525 -0.0413026
vn -0.6873832 0.7098126 -0.1538511
vn -0.7268063 -0.6693866 -0.1538640
vn -0.7027343 0.7102525 -0.0413026
vn -0.7268063 -0.6693866 -0.1538640
vn -0.7421693 -0.6689386 -0.0413026
vn -0.6873832 0.7098126 -0.1538511
vn -0.6546153 0.7088792 -0.2626197
vn -0.6940651 -0.6703003 -0.2626238
vn -0.6873832 0.7098126 -0.1538511
vn -0.6940651 -0.6703003 -0.2626238
vn -0.7268063 -0.6693866 -0.1538640
vn -0.6546153 0.7088792 -0.2626197
vn -0.6052529 0.7074761 -0.3648923
vn -0.6446985 -0.6717225 -0.3649009
vn -0.6546153 0.7088792 -0.2626197
vn -0.6446985 -0.6717225 -0.3649009
vn -0.6940651 -0.6703003 -0.2626238
vn -0.6052529 0.7074761 -0.3648923
vn -0.5404876 0.7056254 -0.4582204
vn -0.5799383 -0.6735701 -0.4582302
vn -0.6052529 0.7074761 -0.3648923
vn -0.5799383 -0.6735701 -0.4582302
vn -0.6446985 -0.6717225 -0.3649009
vn -0.5404876 0.7056254 -0.4582204
vn -0.4619164 0.7033766 -0.5402727
vn -0.5013850 -0.6758150 -0.5402657
vn -0.5404876 0.7056254 -0.4582204
vn -0.5013850 -0.6758150 -0.5402657
vn -0.5799383 -0.6735701 -0.4582302
vn -0.4619164 0.7033766 -0.5402727
vn -0.3715134 0.7007877 -0.6089947
vn -0.4109810 -0.6784019 -0.6089873
vn -0.4619164 0.7033766 -0.5402727
vn -0.4109810 -0.6784019 -0.6089873
vn -0.5013850 -0.6758150 -0.5402657
vn -0.3715134 0.7007877 -0.6089947
vn -0.2714740 0.6979262 -0.6627222
vn -0.3109283 -0.6812696 -0.6627181
vn -0.3715134 0.7007877 -0.6089947
vn -0.3109283 -0.6812696 -0.6627181
vn -0.4109810 -0.6784019 -0.6089873
vn -0.2714740 0.6979262 -0.6627222
vn -0.1642621 0.6948584 -0.7001356
vn -0.2037134 -0.6843293 -0.7001388
vn -0.2714740 0.6979262 -0.6627222
vn -0.2037134 -0.6843293 -0.7001388
vn -0.3109283 -0.6812696 -0.6627181
vn -0.1642621 0.6948584 -0.7001356
vn -0.0525195 0.6916620 -0.7203093
vn -0.0919610 -0.6875291 -0.7203103
vn -0.1642621 0.6948584 -0.7001356
vn -0.0919610 -0.6875291 -0.7203103
vn -0.2037134 -0.6843293 -0.7001388
vn -0.0525195 0.6916620 -0.7203093
vn 0.0610065 0.6884219 -0.7227402
vn 0.0215558 -0.6907726 -0.7227507
vn -0.0525195 0.6916620 -0.7203093
vn 0.0215558 -0.6907726 -0.7227507
vn -0.0919610 -0.6875291 -0.7203103
vn 0.0610065 0.6884219 -0.7227402
vn 0.1735170 0.6851988 -0.7073856
vn 0.1340546 -0.6939963 -0.7073885
vn 0.0610065 0.6884219 -0.7227402
vn 0.1340546 -0.6939963 -0.7073885
vn 0.0215558 -0.6907726 -0.7227507
vn 0.1735170 0.6851988 -0.7073856
vn 0.2822248 0.6820800 -0.6746230
vn 0.2427748 -0.6971084 -0.6746113
vn 0.1735170 0.6851988 -0.7073856
vn 0.2427748 -0.6971084 -0.6746113
vn 0.1340546 -0.6939963 -0.7073885
vn 0.2822248 0.6820800 -0.6746230
vn 0.3844903 0.6791574 -0.6252298
vn 0.3450391 -0.7000365 -0.6252176
vn 0.2822248 0.6820800 -0.6746230
vn 0.3450391 -0.7000365 -0.6252176
vn 0.2427748 -0.6971084 -0.6746113
vn 0.3844903 0.6791574 -0.6252298
vn 0.4777769 0.6764905 -0.5604371
vn 0.4383144 -0.7027012 -0.5604386
vn 0.3844903 0.6791574 -0.6252298
vn 0.4383144 -0.7027012 -0.5604386
vn 0.3450391 -0.7000365 -0.6252176
vn 0.4777769 0.6764905 -0.5604371
vn 0.5597777 0.6741424 -0.4818517
vn 0.5203092 -0.7050471 -0.4818577
vn 0.4777769 0.6764905 -0.5604371
vn 0.5203092 -0.7050471 -0.4818577
vn 0.4383144 -0.7027012 -0.5604386
vn 0.5597777 0.6741424 -0.4818517
vn 0.6284792 0.6721769 -0.3913976
vn 0.5890075 -0.7070196 -0.3913992
vn 0.5597777 0.6741424 -0.4818517
vn 0.5890075 -0.7070196 -0.3913992
vn 0.5203092 -0.7050471 -0.4818577
vn 0.6284792 0.6721769 -0.3913976
vn 0.6821768 0.6706389 -0.2913392
vn 0.6427228 -0.7085492 -0.2913166
vn 0.6284792 0.6721769 -0.3913976
vn 0.6427228 -0.7085492 -0.2913166
vn 0.5890075 -0.7070196 -0.3913992
vn 0.6821768 0.6706389 -0.2913392
vn 0.7195716 0.6695818 -0.1840574
vn 0.6801264 -0.7096118 -0.1840635
vn 0.6821768 0.6706389 -0.2913392
vn 0.6801264 -0.7096118 -0.1840635
vn 0.6427228 -0.7085492 -0.2913166
vn 0.7195716 0.6695818 -0.1840574
vn 0.7397475 0.6689929 -0.0722641
vn 0.7002798 -0.7102000 -0.0722788
vn 0.7195716 0.6695818 -0.1840574
vn 0.7002798 -0.7102000 -0.0722788
vn 0.6801264 -0.7096118 -0.1840635
vn 0.0285952 0.9995911 0.0000007
vn 0.7421906 0.6689156 0.0412925
vn 0.7397475 0.6689929 -0.0722641
vn -0.0285952 -0.9995911 -0.0000004
vn 0.7002798 -0.7102000 -0.0722788
vn 0.7027123 -0.7102750 0.0412887
vn 0.0285952 0.9995911 0.0000007
vn 0.7268320 0.6693563 0.1538745
vn 0.7421906 0.6689156 0.0412925
vn -0.0285952 -0.9995911 -0.0000004
vn 0.7027123 -0.7102750 0.0412887
vn 0.6873519 -0.7098381 0.1538741
vn 0.0285952 0.9995911 0.0000007
vn 0.6940753 0.6702909 0.2626207
vn 0.7268320 0.6693563 0.1538745
vn -0.0285952 -0.9995911 -0.0000004
vn 0.6873519 -0.7098381 0.1538741
vn 0.6546000 -0.7088927 0.2626210
vn 0.0285952 0.9995911 0.0000007
vn 0.6447060 0.6717057 0.3649188
vn 0.6940753 0.6702909 0.2626207
vn -0.0285952 -0.9995911 -0.0000004
vn 0.6546000 -0.7088927 0.2626210
vn 0.6052336 -0.7074875 0.3649024
vn 0.0285952 0.9995911 0.0000007
vn 0.5799427 0.6735640 0.4582336
vn 0.6447060 0.6717057 0.3649188
vn -0.0285952 -0.9995911 -0.0000004
vn 0.6052336 -0.7074875 0.3649024
vn 0.5404741 -0.7056243 0.4582379
vn 0.0285952 0.9995911 0.0000007
vn 0.5013751 0.6758239 0.5402638
vn 0.5799427 0.6735640 0.4582336
vn -0.0285952 -0.9995911 -0.0000004
vn 0.5404741 -0.7056243 0.4582379
vn 0.4619211 -0.7033769 0.5402682
vn 0.0285952 0.9995911 0.0000007
vn 0.4109750 0.6784002 0.6089933
vn 0.5013751 0.6758239 0.5402638
vn -0.0285952 -0.9995911 -0.0000004
vn 0.4619211 -0.7033769 0.5402682
vn 0.3715226 -0.7007796 0.6089983
vn 0.0285952 0.9995911 0.0000007
vn 0.3109473 0.6812623 0.6627167
vn 0.4109750 0.6784002 0.6089933
vn -0.0285952 -0.9995911 -0.0000004
vn 0.3715226 -0.7007796 0.6089983
vn 0.2714876 -0.6979287 0.6627142
vn 0.0285952 0.9995911 0.0000007
vn 0.2037165 0.6843318 0.7001353
vn 0.3109473 0.6812623 0.6627167
vn -0.0285952 -0.9995911 -0.0000004
vn 0.2714876 -0.6979287 0.6627142
vn 0.1642610 -0.6948652 0.7001290
vn 0.0285952 0.9995911 0.0000007
vn 0.0919625 0.6875309 0.7203084
vn 0.2037165 0.6843318 0.7001353
vn -0.0285952 -0.9995911 -0.0000004
vn 0.1642610 -0.6948652 0.7001290
vn 0.0525166 -0.6916640 0.7203075
vn 0.0285952 0.9995911 0.0000007
vn -0.0215591 0.6907748 0.7227485
vn 0.0919625 0.6875309 0.7203084
vn -0.0285952 -0.9995911 -0.0000004
vn 0.0525166 -0.6916640 0.7203075
vn -0.0610123 -0.6884180 0.7227436
vn 0.0285952 0.9995911 0.0000007
vn -0.1340590 0.6939988 0.7073852
vn -0.0215591 0.6907748 0.7227485
vn -0.0285952 -0.9995911 -0.0000004
vn -0.0610123 -0.6884180 0.7227436
vn -0.1735209 -0.6851918 0.7073914
vn 0.0285952 0.9995911 0.0000007
vn -0.2427755 0.6971090 0.6746104
vn -0.1340590 0.6939988 0.7073852
vn -0.0285952 -0.9995911 -0.0000004
vn -0.1735209 -0.6851918 0.7073914
vn -0.2822284 -0.6820860 0.6746153
vn 0.0285952 0.9995911 0.0000007
vn -0.3450379 0.7000334 0.6252216
vn -0.2427755 0.6971090 0.6746104
vn -0.0285952 -0.9995911 -0.0000004
vn -0.2822284 -0.6820860 0.6746153
vn -0.3844932 -0.6791623 0.6252228
vn 0.0285952 0.9995911 0.0000007
vn -0.4383219 0.7027040 0.5604293
vn -0.3450379 0.7000334 0.6252216
vn -0.0285952 -0.9995911 -0.0000004
vn -0.3844932 -0.6791623 0.6252228
vn -0.4777836 -0.6764894 0.5604327
vn 0.0285952 0.9995911 0.0000007
vn -0.5203168 0.7050436 0.4818545
vn -0.4383219 0.7027040 0.5604293
vn -0.0285952 -0.9995911 -0.0000004
vn -0.4777836 -0.6764894 0.5604327
vn -0.5597662 -0.6741470 0.4818587
vn 0.0285952 0.9995911 0.0000007
vn -0.5890172 0.7069954 0.3914284
vn -0.5203168 0.7050436 0.4818545
vn -0.0285952 -0.9995911 -0.0000004
vn -0.5597662 -0.6741470 0.4818587
vn -0.6284522 -0.6721899 0.3914187
vn 0.0285952 0.9995911 0.0000007
vn -0.6427283 0.7085388 0.2913301
vn -0.5890172 0.7069954 0.3914284
vn -0.0285952 -0.9995911 -0.0000004
vn -0.6284522 -0.6721899 0.3914187
vn -0.6821747 -0.6706554 0.2913057
vn 0.0285952 0.9995911 0.0000007
vn -0.6801190 0.7096209 0.1840553
vn -0.6427283 0.7085388 0.2913301
vn -0.0285952 -0.9995911 -0.0000004
vn -0.6821747 -0.6706554 0.2913057
vn -0.7195784 -0.6695733 0.1840609
vn 0.0285952 0.9995911 0.0000007
vn -0.7002788 0.7102020 0.0722678
vn -0.6801190 0.7096209 0.1840553
vn -0.0285952 -0.9995911 -0.0000004
vn -0.7195784 -0.6695733 0.1840609
vn -0.7397466 -0.6689907 0.0722941
vn 0.0285952 0.9995911 0.0000007
vn -0.7027343 0.7102525 -0.0413026
vn -0.7002788 0.7102020 0.0722678
vn -0.0285952 -0.9995911 -0.0000004
vn -0.7397466 -0.6689907 0.0722941
vn -0.7421693 -0.6689386 -0.0413026
vn 0.0285952 0.9995911 0.0000007
vn -0.6873832 0.7098126 -0.1538511
vn -0.7027343 0.7102525 -0.0413026
vn -0.0285952 -0.9995911 -0.0000004
vn -0.7421693 -0.6689386 -0.0413026
vn -0.7268063 -0.6693866 -0.1538640
vn 0.0285952 0.9995911 0.0000007
vn -0.6546153 0.7088792 -0.2626197
vn -0.6873832 0.7098126 -0.1538511
vn -0.0285952 -0.9995911 -0.0000004
vn -0.7268063 -0.6693866 -0.1538640
vn -0.6940651 -0.6703003 -0.2626238
vn 0.0285952 0.9995911 0.0000007
vn -0.6052529 0.7074761 -0.3648923
vn -0.6546153 0.7088792 -0.2626197
vn -0.0285952 -0.9995911 -0.0000004
vn -0.6940651 -0.6703003 -0.2626238
vn -0.6446985 -0.6717225 -0.3649009
vn 0.0285952 0.9995911 0.0000007
vn -0.5404876 0.7056254 -0.4582204
vn -0.6052529 0.7074761 -0.3648923
vn -0.0285952 -0.9995911 -0.0000004
vn -0.6446985 -0.6717225 -0.3649009
vn -0.5799383 -0.6735701 -0.4582302
vn 0.0285952 0.9995911 0.0000007
vn -0.4619164 0.7033766 -0.5402727
vn -0.5404876 0.7056254 -0.4582204
vn -0.0285952 -0.9995911 -0.0000004
vn -0.5799383 -0.6735701 -0.4582302
vn -0.5013850 -0.6758150 -0.5402657
vn 0.0285952 0.9995911 0.0000007
vn -0.3715134 0.7007877 -0.6089947
vn -0.4619164 0.7033766 -0.5402727
vn -0.0285952 -0.9995911 -0.0000004
vn -0.5013850 -0.6758150 -0.5402657
vn -0.4109810 -0.6784019 -0.6089873
vn 0.0285952 0.9995911 0.0000007
vn -0.2714740 0.6979262 -0.6627222
vn -0.3715134 0.7007877 -0.6089947
vn -0.0285952 -0.9995911 -0.0000004
vn -0.4109810 -0.6784019 -0.6089873
vn -0.3109283 -0.6812696 -0.6627181
vn 0.0285952 0.9995911 0.0000007
vn -0.1642621 0.6948584 -0.7001356
vn -0.2714740 0.6979262 -0.6627222
vn -0.0285952 -0.9995911 -0.0000004
vn -0.3109283 -0.6812696 -0.6627181
vn -0.2037134 -0.6843293 -0.7001388
vn 0.0285952 0.9995911 0.0000007
vn -0.0525195 0.6916620 -0.7203093
vn -0.1642621 0.6948584 -0.7001356
vn -0.0285952 -0.9995911 -0.0000004
vn -0.2037134 -0.6843293 -0.7001388
vn -0.0919610 -0.6875291 -0.7203103
vn 0.0285952 0.9995911 0.0000007
vn 0.0610065 0.6884219 -0.7227402
vn -0.0525195 0.6916620 -0.7203093
vn -0.0285952 -0.9995911 -0.0000004
vn -0.0919610 -0.6875291 -0.7203103
vn 0.0215558 -0.6907726 -0.7227507
vn 0.0285952 0.9995911 0.0000007
vn 0.1735170 0.6851988 -0.7073856
vn 0.0610065 0.6884219 -0.7227402
vn -0.0285952 -0.9995911 -0.0000004
vn 0.0215558 -0.6907726 -0.7227507
vn 0.1340546 -0.6939963 -0.7073885
vn 0.0285952 0.9995911 0.0000007
vn 0.2822248 0.6820800 -0.6746230
vn 0.1735170 0.6851988 -0.7073856
vn -0.0285952 -0.9995911 -0.0000004
vn 0.1340546 -0.6939963 -0.7073885
vn 0.2427748 -0.6971084 -0.6746113
vn 0.0285952 0.9995911 0.0000007
vn 0.3844903 0.6791574 -0.6252298
vn 0.2822248 0.6820800 -0.6746230
vn -0.0285952 -0.9995911 -0.0000004
vn 0.2427748 -0.6971084 -0.6746113
vn 0.3450391 -0.7000365 -0.6252176
vn 0.0285952 0.9995911 0.0000007
vn 0.4777769 0.6764905 -0.5604371
vn 0.3844903 0.6791574 -0.6252298
vn -0.0285952 -0.9995911 -0.0000004
vn 0.3450391 -0.7000365 -0.6252176
vn 0.4383144 -0.7027012 -0.5604386
vn 0.0285952 0.9995911 0.0000007
vn 0.5597777 0.6741424 -0.4818517
vn 0.4777769 0.6764905 -0.5604371
vn -0.0285952 -0.9995911 -0.0000004
vn 0.4383144 -0.7027012 -0.5604386
vn 0.5203092 -0.7050471 -0.4818577
vn 0.0285952 0.9995911 0.0000007
vn 0.6284792 0.6721769 -0.3913976
vn 0.5597777 0.6741424 -0.4818517
vn -0.0285952 -0.9995911 -0.0000004
vn 0.5203092 -0.7050471 -0.4818577
vn 0.5890075 -0.7070196 -0.3913992
vn 0.0285952 0.9995911 0.0000007
vn 0.6821768 0.6706389 -0.2913392
vn 0.6284792 0.6721769 -0.3913976
vn -0.0285952 -0.9995911 -0.0000004
vn 0.5890075 -0.7070196 -0.3913992
vn 0.6427228 -0.7085492 -0.2913166
vn 0.0285952 0.9995911 0.0000007
vn 0.7195716 0.6695818 -0.1840574
vn 0.6821768 0.6706389 -0.2913392
vn -0.0285952 -0.9995911 -0.0000004
vn 0.6427228 -0.7085492 -0.2913166
vn 0.6801264 -0.7096118 -0.1840635
vn 0.0285952 0.9995911 0.0000007
vn 0.7397475 0.6689929 -0.0722641
vn 0.7195716 0.6695818 -0.1840574
vn -0.0285952 -0.9995911 -0.0000004
vn 0.6801264 -0.7096118 -0.1840635
vn 0.7002798 -0.7102000 -0.0722788
vn 0.6086385 0.7901478 -0.0722893
vn 0.6110510 0.7905134 0.0412952
vn 0.8180783 -0.5736217 0.0413033
vn 0.6086385 0.7901478 -0.0722893
vn 0.8180783 -0.5736217 0.0413033
vn 0.8156737 -0.5739821 -0.0722575
vn 0.6110510 0.7905134 0.0412952
vn 0.5958544 0.7882181 0.1538495
vn 0.8029030 -0.5759158 0.1538432
vn 0.6110510 0.7905134 0.0412952
vn 0.8029030 -0.5759158 0.1538432
vn 0.8180783 -0.5736217 0.0413033
vn 0.5958544 0.7882181 0.1538495
vn 0.5634720 0.7832836 0.2626141
vn 0.7704866 -0.5808504 0.2626088
vn 0.5958544 0.7882181 0.1538495
vn 0.7704866 -0.5808504 0.2626088
vn 0.8029030 -0.5759158 0.1538432
vn 0.5634720 0.7832836 0.2626141
vn 0.5146376 0.7758722 0.3649254
vn 0.7216638 -0.5882632 0.3648942
vn 0.5634720 0.7832836 0.2626141
vn 0.7216638 -0.5882632 0.3648942
vn 0.7704866 -0.5808504 0.2626088
vn 0.5146376 0.7758722 0.3649254
vn 0.4505667 0.7661670 0.4582332
vn 0.6576143 -0.5979678 0.4582336
vn 0.5146376 0.7758722 0.3649254
vn 0.6576143 -0.5979678 0.4582336
vn 0.7216638 -0.5882632 0.3648942
vn 0.4505667 0.7661670 0.4582332
vn 0.3728838 0.7543747 0.5402560
vn 0.5799259 -0.6097539 0.5402649
vn 0.4505667 0.7661670 0.4582332
vn 0.5799259 -0.6097539 0.5402649
vn 0.6576143 -0.5979678 0.4582336
vn 0.3728838 0.7543747 0.5402560
vn 0.2834603 0.7408019 0.6089851
vn 0.4905013 -0.6233318 0.6089877
vn 0.3728838 0.7543747 0.5402560
vn 0.4905013 -0.6233318 0.6089877
vn 0.5799259 -0.6097539 0.5402649
vn 0.2834603 0.7408019 0.6089851
vn 0.1845060 0.7257766 0.6627262
vn 0.3915454 -0.6383607 0.6627124
vn 0.2834603 0.7408019 0.6089851
vn 0.3915454 -0.6383607 0.6627124
vn 0.4905013 -0.6233318 0.6089877
vn 0.1845060 0.7257766 0.6627262
vn 0.0784667 0.7096878 0.7001330
vn 0.2855050 -0.6544431 0.7001364
vn 0.1845060 0.7257766 0.6627262
vn 0.2855050 -0.6544431 0.7001364
vn 0.3915454 -0.6383607 0.6627124
vn 0.0784667 0.7096878 0.7001330
vn -0.0320788 0.6929113 0.7203088
vn 0.1749643 -0.6712224 0.7203110
vn 0.0784667 0.7096878 0.7001330
vn 0.1749643 -0.6712224 0.7203110
vn 0.2855050 -0.6544431 0.7001364
vn -0.0320788 0.6929113 0.7203088
vn -0.1443513 0.6758655 0.7227506
vn 0.0626933 -0.6882595 0.7227506
vn -0.0320788 0.6929113 0.7203088
vn 0.0626933 -0.6882595 0.7227506
vn 0.1749643 -0.6712224 0.7203110
vn -0.1443513 0.6758655 0.7227506
vn -0.2556336 0.6589792 0.7073881
vn -0.0485965 -0.7051602 0.7073807
vn -0.1443513 0.6758655 0.7227506
vn -0.0485965 -0.7051602 0.7073807
vn 0.0626933 -0.6882595 0.7227506
vn -0.2556336 0.6589792 0.7073881
vn -0.3631602 0.6426563 0.6746165
vn -0.1561242 -0.7214730 0.6746125
vn -0.2556336 0.6589792 0.7073881
vn -0.1561242 -0.7214730 0.6746125
vn -0.0485965 -0.7051602 0.7073807
vn -0.3631602 0.6426563 0.6746165
vn -0.4642931 0.6273084 0.6252329
vn -0.2572420 -0.7368243 0.6252331
vn -0.3631602 0.6426563 0.6746165
vn -0.2572420 -0.7368243 0.6252331
vn -0.1561242 -0.7214730 0.6746125
vn -0.4642931 0.6273084 0.6252329
vn -0.5565624 0.6133046 0.5604423
vn -0.3495114 -0.7508324 0.5604395
vn -0.4642931 0.6273084 0.6252329
vn -0.3495114 -0.7508324 0.5604395
vn -0.2572420 -0.7368243 0.6252331
vn -0.5565624 0.6133046 0.5604423
vn -0.6376622 0.6009994 0.4818576
vn -0.4306241 -0.7631314 0.4818645
vn -0.5565624 0.6133046 0.5604423
vn -0.4306241 -0.7631314 0.4818645
vn -0.3495114 -0.7508324 0.5604395
vn -0.6376622 0.6009994 0.4818576
vn -0.7056114 0.5906758 0.3914264
vn -0.4985654 -0.7734536 0.3914105
vn -0.6376622 0.6009994 0.4818576
vn -0.4985654 -0.7734536 0.3914105
vn -0.4306241 -0.7631314 0.4818645
vn -0.7056114 0.5906758 0.3914264
vn -0.7587410 0.5826137 0.2913306
vn -0.5516891 -0.7815170 0.2913252
vn -0.7056114 0.5906758 0.3914264
vn -0.5516891 -0.7815170 0.2913252
vn -0.4985654 -0.7734536 0.3914105
vn -0.7587410 0.5826137 0.2913306
vn -0.7957177 0.5770249 0.1840531
vn -0.5886959 -0.7871192 0.1840665
vn -0.7587410 0.5826137 0.2913306
vn -0.5886959 -0.7871192 0.1840665
vn -0.5516891 -0.7815170 0.2913252
vn -0.7957177 0.5770249 0.1840531
vn -0.8156644 0.5739940 0.0722678
vn -0.6086367 -0.7901484 0.0722955
vn -0.7957177 0.5770249 0.1840531
vn -0.6086367 -0.7901484 0.0722955
vn -0.5886959 -0.7871192 0.1840665
vn -0.8156644 0.5739940 0.0722678
vn -0.8181181 0.5735654 -0.0412980
vn -0.6110085 -0.7905466 -0.0412875
vn -0.8156644 0.5739940 0.0722678
vn -0.6110085 -0.7905466 -0.0412875
vn -0.6086367 -0.7901484 0.0722955
vn -0.8181181 0.5735654 -0.0412980
vn -0.8029199 0.5758917 -0.1538455
vn -0.5958282 -0.7882388 -0.1538448
vn -0.8181181 0.5735654 -0.0412980
vn -0.5958282 -0.7882388 -0.1538448
vn -0.6110085 -0.7905466 -0.0412875
vn -0.8029199 0.5758917 -0.1538455
vn -0.7704895 0.5808476 -0.2626064
vn -0.5634591 -0.7832960 -0.2626045
vn -0.8029199 0.5758917 -0.1538455
vn -0.5634591 -0.7832960 -0.2626045
vn -0.5958282 -0.7882388 -0.1538448
vn -0.7704895 0.5808476 -0.2626064
vn -0.7216682 0.5882509 -0.3649053
vn -0.5146233 -0.7758746 -0.3649406
vn -0.7704895 0.5808476 -0.2626064
vn -0.5146233 -0.7758746 -0.3649406
vn -0.5634591 -0.7832960 -0.2626045
vn -0.7216682 0.5882509 -0.3649053
vn -0.6576082 0.5979770 -0.4582303
vn -0.4505737 -0.7661536 -0.4582489
vn -0.7216682 0.5882509 -0.3649053
vn -0.4505737 -0.7661536 -0.4582489
vn -0.5146233 -0.7758746 -0.3649406
vn -0.6576082 0.5979770 -0.4582303
vn -0.5799211 0.6097586 -0.5402648
vn -0.3728945 -0.7543748 -0.5402483
vn -0.6576082 0.5979770 -0.4582303
vn -0.3728945 -0.7543748 -0.5402483
vn -0.4505737 -0.7661536 -0.4582489
vn -0.5799211 0.6097586 -0.5402648
vn -0.4904914 0.6233408 -0.6089864
vn -0.2834552 -0.7408051 -0.6089835
vn -0.5799211 0.6097586 -0.5402648
vn -0.2834552 -0.7408051 -0.6089835
vn -0.3728945 -0.7543748 -0.5402483
vn -0.4904914 0.6233408 -0.6089864
vn -0.3915453 0.6383596 -0.6627138
vn -0.1845080 -0.7257736 -0.6627288
vn -0.4904914 0.6233408 -0.6089864
vn -0.1845080 -0.7257736 -0.6627288
vn -0.2834552 -0.7408051 -0.6089835
vn -0.3915453 0.6383596 -0.6627138
vn -0.2855089 0.6544474 -0.7001309
vn -0.0784718 -0.7096852 -0.7001350
vn -0.3915453 0.6383596 -0.6627138
vn -0.0784718 -0.7096852 -0.7001350
vn -0.1845080 -0.7257736 -0.6627288
vn -0.2855089 0.6544474 -0.7001309
vn -0.1749701 0.6712240 -0.7203083
vn 0.0320732 -0.6929121 -0.7203084
vn -0.2855089 0.6544474 -0.7001309
vn 0.0320732 -0.6929121 -0.7203084
vn -0.0784718 -0.7096852 -0.7001350
vn -0.1749701 0.6712240 -0.7203083
vn -0.0626943 0.6882609 -0.7227492
vn 0.1443507 -0.6758651 -0.7227511
vn -0.1749701 0.6712240 -0.7203083
vn 0.1443507 -0.6758651 -0.7227511
vn 0.0320732 -0.6929121 -0.7203084
vn -0.0626943 0.6882609 -0.7227492
vn 0.0485848 0.7051619 -0.7073798
vn 0.2556384 -0.6589778 -0.7073877
vn -0.0626943 0.6882609 -0.7227492
vn 0.2556384 -0.6589778 -0.7073877
vn 0.1443507 -0.6758651 -0.7227511
vn 0.0485848 0.7051619 -0.7073798
vn 0.1561316 0.7214800 -0.6746032
vn 0.3631791 -0.6426467 -0.6746156
vn 0.0485848 0.7051619 -0.7073798
vn 0.3631791 -0.6426467 -0.6746156
vn 0.2556384 -0.6589778 -0.7073877
vn 0.1561316 0.7214800 -0.6746032
vn 0.2572494 0.7368305 -0.6252227
vn 0.4643016 -0.6273009 -0.6252341
vn 0.1561316 0.7214800 -0.6746032
vn 0.4643016 -0.6273009 -0.6252341
vn 0.3631791 -0.6426467 -0.6746156
vn 0.2572494 0.7368305 -0.6252227
vn 0.3495061 0.7508350 -0.5604393
vn 0.5565494 -0.6133088 -0.5604507
vn 0.2572494 0.7368305 -0.6252227
vn 0.5565494 -0.6133088 -0.5604507
vn 0.4643016 -0.6273009 -0.6252341
vn 0.3495061 0.7508350 -0.5604393
vn 0.4306244 0.7631313 -0.4818644
vn 0.6376609 -0.6010004 -0.4818580
vn 0.3495061 0.7508350 -0.5604393
vn 0.6376609 -0.6010004 -0.4818580
vn 0.5565494 -0.6133088 -0.5604507
vn 0.4306244 0.7631313 -0.4818644
vn 0.4985712 0.7734333 -0.3914431
vn 0.7055969 -0.5906916 -0.3914289
vn 0.4306244 0.7631313 -0.4818644
vn 0.7055969 -0.5906916 -0.3914289
vn 0.6376609 -0.6010004 -0.4818580
vn 0.4985712 0.7734333 -0.3914431
vn 0.5516911 0.7815087 -0.2913432
vn 0.7587199 -0.5826350 -0.2913429
vn 0.4985712 0.7734333 -0.3914431
vn 0.7587199 -0.5826350 -0.2913429
vn 0.7055969 -0.5906916 -0.3914289
vn 0.5516911 0.7815087 -0.2913432
vn 0.5886799 0.7871337 -0.1840561
vn 0.7957340 -0.5769979 -0.1840667
vn 0.5516911 0.7815087 -0.2913432
vn 0.7957340 -0.5769979 -0.1840667
vn 0.7587199 -0.5826350 -0.2913429
vn 0.5886799 0.7871337 -0.1840561
vn 0.6086385 0.7901478 -0.0722893
vn 0.8156737 -0.5739821 -0.0722575
vn 0.5886799 0.7871337 -0.1840561
vn 0.8156737 -0.5739821 -0.0722575
vn 0.7957340 -0.5769979 -0.1840667
vn -0.1500580 0.9886772 -0.0000005
vn 0.6110510 0.7905134 0.0412952
vn 0.6086385 0.7901478 -0.0722893
vn 0.1500589 -0.9886771 0.0000004
vn 0.8156737 -0.5739821 -0.0722575
vn 0.8180783 -0.5736217 0.0413033
vn -0.1500580 0.9886772 -0.0000005
vn 0.5958544 0.7882181 0.1538495
vn 0.6110510 0.7905134 0.0412952
vn 0.1500589 -0.9886771 0.0000004
vn 0.8180783 -0.5736217 0.0413033
vn 0.8029030 -0.5759158 0.1538432
vn -0.1500580 0.9886772 -0.0000005
vn 0.5634720 0.7832836 0.2626141
vn 0.5958544 0.7882181 0.1538495
vn 0.1500589 -0.9886771 0.0000004
vn 0.8029030 -0.5759158 0.1538432
vn 0.7704866 -0.5808504 0.2626088
vn -0.1500580 0.9886772 -0.0000005
vn 0.5146376 0.7758722 0.3649254
vn 0.5634720 0.7832836 0.2626141
vn 0.1500589 -0.9886771 0.0000004
vn 0.7704866 -0.5808504 0.2626088
vn 0.7216638 -0.5882632 0.3648942
vn -0.1500580 0.9886772 -0.0000005
vn 0.4505667 0.7661670 0.4582332
vn 0.5146376 0.7758722 0.3649254
vn 0.1500589 -0.9886771 0.0000004
vn 0.7216638 -0.5882632 0.3648942
vn 0.6576143 -0.5979678 0.4582336
vn -0.1500580 0.9886772 -0.0000005
vn 0.3728838 0.7543747 0.5402560
vn 0.4505667 0.7661670 0.4582332
vn 0.1500589 -0.9886771 0.0000004
vn 0.6576143 -0.5979678 0.4582336
vn 0.5799259 -0.6097539 0.5402649
vn -0.1500580 0.9886772 -0.0000005
vn 0.2834603 0.7408019 0.6089851
vn 0.3728838 0.7543747 0.5402560
vn 0.1500589 -0.9886771 0.0000004
vn 0.5799259 -0.6097539 0.5402649
vn 0.4905013 -0.6233318 0.6089877
vn -0.1500580 0.9886772 -0.0000005
vn 0.1845060 0.7257766 0.6627262
vn 0.2834603 0.7408019 0.6089851
vn 0.1500589 -0.9886771 0.0000004
vn 0.4905013 -0.6233318 0.6089877
vn 0.3915454 -0.6383607 0.6627124
vn -0.1500580 0.9886772 -0.0000005
vn 0.0784667 0.7096878 0.7001330
vn 0.1845060 0.7257766 0.6627262
vn 0.1500589 -0.9886771 0.0000004
vn 0.3915454 -0.6383607 0.6627124
vn 0.2855050 -0.6544431 0.7001364
vn -0.1500580 0.9886772 -0.0000005
vn -0.0320788 0.6929113 0.7203088
vn 0.0784667 0.7096878 0.7001330
vn 0.1500589 -0.9886771 0.0000004
vn 0.2855050 -0.6544431 0.7001364
vn 0.1749643 -0.6712224 0.7203110
vn -0.1500580 0.9886772 -0.0000005
vn -0.1443513 0.6758655 0.7227506
vn -0.0320788 0.6929113 0.7203088
vn 0.1500589 -0.9886771 0.0000004
vn 0.1749643 -0.6712224 0.7203110
vn 0.0626933 -0.6882595 0.7227506
vn -0.1500580 0.9886772 -0.0000005
vn -0.2556336 0.6589792 0.7073881
vn -0.1443513 0.6758655 0.7227506
vn 0.1500589 -0.9886771 0.0000004
vn 0.0626933 -0.6882595 0.7227506
vn -0.0485965 -0.7051602 0.7073807
vn -0.1500580 0.9886772 -0.0000005
vn -0.3631602 0.6426563 0.6746165
vn -0.2556336 0.6589792 0.7073881
vn 0.1500589 -0.9886771 0.0000004
vn -0.0485965 -0.7051602 0.7073807
vn -0.1561242 -0.7214730 0.6746125
vn -0.1500580 0.9886772 -0.0000005
vn -0.4642931 0.6273084 0.6252329
vn -0.3631602 0.6426563 0.6746165
vn 0.1500589 -0.9886771 0.0000004
vn -0.1561242 -0.7214730 0.6746125
vn -0.2572420 -0.7368243 0.6252331
vn -0.1500580 0.9886772 -0.0000005
vn -0.5565624 0.6133046 0.5604423
vn -0.4642931 0.6273084 0.6252329
vn 0.1500589 -0.9886771 0.0000004
vn -0.2572420 -0.7368243 0.6252331
vn -0.3495114 -0.7508324 0.5604395
vn -0.1500580 0.9886772 -0.0000005
vn -0.6376622 0.6009994 0.4818576
vn -0.5565624 0.6133046 0.5604423
vn 0.1500589 -0.9886771 0.0000004
vn -0.3495114 -0.7508324 0.5604395
vn -0.4306241 -0.7631314 0.4818645
vn -0.1500580 0.9886772 -0.0000005
vn -0.7056114 0.5906758 0.3914264
vn -0.6376622 0.6009994 0.4818576
vn 0.1500589 -0.9886771 0.0000004
vn -0.4306241 -0.7631314 0.4818645
vn -0.4985654 -0.7734536 0.3914105
vn -0.1500580 0.9886772 -0.0000005
vn -0.7587410 0.5826137 0.2913306
vn -0.7056114 0.5906758 0.3914264
vn 0.1500589 -0.9886771 0.0000004
vn -0.4985654 -0.7734536 0.3914105
vn -0.5516891 -0.7815170 0.2913252
vn -0.1500580 0.9886772 -0.0000005
vn -0.7957177 0.5770249 0.1840531
vn -0.7587410 0.5826137 0.2913306
vn 0.1500589 -0.9886771 0.0000004
vn -0.5516891 -0.7815170 0.2913252
vn -0.5886959 -0.7871192 0.1840665
vn -0.1500580 0.9886772 -0.0000005
vn -0.8156644 0.5739940 0.0722678
vn -0.7957177 0.5770249 0.1840531
vn 0.1500589 -0.9886771 0.0000004
vn -0.5886959 -0.7871192 0.1840665
vn -0.6086367 -0.7901484 0.0722955
vn -0.1500580 0.9886772 -0.0000005
vn -0.8181181 0.5735654 -0.0412980
vn -0.8156644 0.5739940 0.0722678
vn 0.1500589 -0.9886771 0.0000004
vn -0.6086367 -0.7901484 0.0722955
vn -0.6110085 -0.7905466 -0.0412875
vn -0.1500580 0.9886772 -0.0000005
vn -0.8029199 0.5758917 -0.1538455
vn -0.8181181 0.5735654 -0.0412980
vn 0.1500589 -0.9886771 0.0000004
vn -0.6110085 -0.7905466 -0.0412875
vn -0.5958282 -0.7882388 -0.1538448
vn -0.1500580 0.9886772 -0.0000005
vn -0.7704895 0.5808476 -0.2626064
vn -0.8029199 0.5758917 -0.1538455
vn 0.1500589 -0.9886771 0.0000004
vn -0.5958282 -0.7882388 -0.1538448
vn -0.5634591 -0.7832960 -0.2626045
vn -0.1500580 0.9886772 -0.0000005
vn -0.7216682 0.5882509 -0.3649053
vn -0.7704895 0.5808476 -0.2626064
vn 0.1500589 -0.9886771 0.0000004
vn -0.5634591 -0.7832960 -0.2626045
vn -0.5146233 -0.7758746 -0.3649406
vn -0.1500580 0.9886772 -0.0000005
vn -0.6576082 0.5979770 -0.4582303
vn -0.7216682 0.5882509 -0.3649053
vn 0.1500589 -0.9886771 0.0000004
vn -0.5146233 -0.7758746 -0.3649406
vn -0.4505737 -0.7661536 -0.4582489
vn -0.1500580 0.9886772 -0.0000005
vn -0.5799211 0.6097586 -0.5402648
vn -0.6576082 0.5979770 -0.4582303
vn 0.1500589 -0.9886771 0.0000004
vn -0.4505737 -0.7661536 -0.4582489
vn -0.3728945 -0.7543748 -0.5402483
vn -0.1500580 0.9886772 -0.0000005
vn -0.4904914 0.6233408 -0.6089864
vn -0.5799211 0.6097586 -0.5402648
vn 0.1500589 -0.9886771 0.0000004
vn -0.3728945 -0.7543748 -0.5402483
vn -0.2834552 -0.7408051 -0.6089835
vn -0.1500580 0.9886772 -0.0000005
vn -0.3915453 0.6383596 -0.6627138
vn -0.4904914 0.6233408 -0.6089864
vn 0.1500589 -0.9886771 0.0000004
vn -0.2834552 -0.7408051 -0.6089835
vn -0.1845080 -0.7257736 -0.6627288
vn -0.1500580 0.9886772 -0.0000005
vn -0.2855089 0.6544474 -0.7001309
vn -0.3915453 0.6383596 -0.6627138
vn 0.1500589 -0.9886771 0.0000004
vn -0.1845080 -0.7257736 -0.6627288
vn -0.0784718 -0.7096852 -0.7001350
vn -0.1500580 0.9886772 -0.0000005
vn -0.1749701 0.6712240 -0.7203083
vn -0.2855089 0.6544474 -0.7001309
vn 0.1500589 -0.9886771 0.0000004
vn -0.0784718 -0.7096852 -0.7001350
vn 0.0320732 -0.6929121 -0.7203084
vn -0.1500580 0.9886772 -0.0000005
vn -0.0626943 0.6882609 -0.7227492
vn -0.1749701 0.6712240 -0.7203083
vn 0.1500589 -0.9886771 0.0000004
vn 0.0320732 -0.6929121 -0.7203084
vn 0.1443507 -0.6758651 -0.7227511
vn -0.1500580 0.9886772 -0.0000005
vn 0.0485848 0.7051619 -0.7073798
vn -0.0626943 0.6882609 -0.7227492
vn 0.1500589 -0.9886771 0.0000004
vn 0.1443507 -0.6758651 -0.7227511
vn 0.2556384 -0.6589778 -0.7073877
vn -0.1500580 0.9886772 -0.0000005
vn 0.1561316 0.7214800 -0.6746032
vn 0.0485848 0.7051619 -0.7073798
vn 0.1500589 -0.9886771 0.0000004
vn 0.2556384 -0.6589778 -0.7073877
vn 0.3631791 -0.6426467 -0.6746156
vn -0.1500580 0.9886772 -0.0000005
vn 0.2572494 0.7368305 -0.6252227
vn 0.1561316 0.7214800 -0.6746032
vn 0.1500589 -0.9886771 0.0000004
vn 0.3631791 -0.6426467 -0.6746156
vn 0.4643016 -0.6273009 -0.6252341
vn -0.1500580 0.9886772 -0.0000005
vn 0.3495061 0.7508350 -0.5604393
vn 0.2572494 0.7368305 -0.6252227
vn 0.1500589 -0.9886771 0.0000004
vn 0.4643016 -0.6273009 -0.6252341
vn 0.5565494 -0.6133088 -0.5604507
vn -0.1500580 0.9886772 -0.0000005
vn 0.4306244 0.7631313 -0.4818644
vn 0.3495061 0.7508350 -0.5604393
vn 0.1500589 -0.9886771 0.0000004
vn 0.5565494 -0.6133088 -0.5604507
vn 0.6376609 -0.6010004 -0.4818580
vn -0.1500580 0.9886772 -0.0000005
vn 0.4985712 0.7734333 -0.3914431
vn 0.4306244 0.7631313 -0.4818644
vn 0.1500589 -0.9886771 0.0000004
vn 0.6376609 -0.6010004 -0.4818580
vn 0.7055969 -0.5906916 -0.3914289
vn -0.1500580 0.9886772 -0.0000005
vn 0.5516911 0.7815087 -0.2913432
vn 0.4985712 0.7734333 -0.3914431
vn 0.1500589 -0.9886771 0.0000004
vn 0.7055969 -0.5906916 -0.3914289
vn 0.7587199 -0.5826350 -0.2913429
vn -0.1500580 0.9886772 -0.0000005
vn 0.5886799 0.7871337 -0.1840561
vn 0.5516911 0.7815087 -0.2913432
vn 0.1500589 -0.9886771 0.0000004
vn 0.7587199 -0.5826350 -0.2913429
vn 0.7957340 -0.5769979 -0.1840667
vn -0.1500580 0.9886772 -0.0000005
vn 0.6086385 0.7901478 -0.0722893
vn 0.5886799 0.7871337 -0.1840561
vn 0.1500589 -0.9886771 0.0000004
vn 0.7957340 -0.5769979 -0.1840667
vn 0.8156737 -0.5739821 -0.0722575
vn 0.7615137 0.6441079 -0.0722630
vn 0.7639495 0.6439527 0.0413028
vn 0.6787896 -0.7331709 0.0412913
vn 0.7615137 0.6441079 -0.0722630
vn 0.6787896 -0.7331709 0.0412913
vn 0.6763610 -0.7330163 -0.0722691
vn 0.7639495 0.6439527 0.0413028
vn 0.7486221 0.6449025 0.1538362
vn 0.6634573 -0.7322243 0.1538569
vn 0.7639495 0.6439527 0.0413028
vn 0.6634573 -0.7322243 0.1538569
vn 0.6787896 -0.7331709 0.0412913
vn 0.7486221 0.6449025 0.1538362
vn 0.7159058 0.6469213 0.2626244
vn 0.6307398 -0.7302017 0.2626266
vn 0.7486221 0.6449025 0.1538362
vn 0.6307398 -0.7302017 0.2626266
vn 0.6634573 -0.7322243 0.1538569
vn 0.7159058 0.6469213 0.2626244
vn 0.6666103 0.6499562 0.3649488
vn 0.5814332 -0.7271643 0.3649213
vn 0.7159058 0.6469213 0.2626244
vn 0.5814332 -0.7271643 0.3649213
vn 0.6307398 -0.7302017 0.2626266
vn 0.6666103 0.6499562 0.3649488
vn 0.6019475 0.6539729 0.4582343
vn 0.5167924 -0.7231494 0.4582364
vn 0.6666103 0.6499562 0.3649488
vn 0.5167924 -0.7231494 0.4582364
vn 0.5814332 -0.7271643 0.3649213
vn 0.6019475 0.6539729 0.4582343
vn 0.5235188 0.6588282 0.5402531
vn 0.4383598 -0.7183002 0.5402642
vn 0.6019475 0.6539729 0.4582343
vn 0.4383598 -0.7183002 0.5402642
vn 0.5167924 -0.7231494 0.4582364
vn 0.5235188 0.6588282 0.5402531
vn 0.4332453 0.6643966 0.6089956
vn 0.3480842 -0.7127249 0.6089833
vn 0.5235188 0.6588282 0.5402531
vn 0.3480842 -0.7127249 0.6089833
vn 0.4383598 -0.7183002 0.5402642
vn 0.4332453 0.6643966 0.6089956
vn 0.3333458 0.6705781 0.6627259
vn 0.2481843 -0.7065482 0.6627173
vn 0.4332453 0.6643966 0.6089956
vn 0.2481843 -0.7065482 0.6627173
vn 0.3480842 -0.7127249 0.6089833
vn 0.3333458 0.6705781 0.6627259
vn 0.2262904 0.6772065 0.7001314
vn 0.1411296 -0.6999159 0.7001429
vn 0.3333458 0.6705781 0.6627259
vn 0.1411296 -0.6999159 0.7001429
vn 0.2481843 -0.7065482 0.6627173
vn 0.2262904 0.6772065 0.7001314
vn 0.1147118 0.6841064 0.7203051
vn 0.0295563 -0.6930177 0.7203144
vn 0.2262904 0.6772065 0.7001314
vn 0.0295563 -0.6930177 0.7203144
vn 0.1411296 -0.6999159 0.7001429
vn 0.1147118 0.6841064 0.7203051
vn 0.0013558 0.6911103 0.7227480
vn -0.0837968 -0.6860144 0.7227464
vn 0.1147118 0.6841064 0.7203051
vn -0.0837968 -0.6860144 0.7227464
vn 0.0295563 -0.6930177 0.7203144
vn 0.0013558 0.6911103 0.7227480
vn -0.1109808 0.6980576 0.7073888
vn -0.1961420 -0.6790658 0.7073882
vn 0.0013558 0.6911103 0.7227480
vn -0.1961420 -0.6790658 0.7073882
vn -0.0837968 -0.6860144 0.7227464
vn -0.1109808 0.6980576 0.7073888
vn -0.2195429 0.7047661 0.6746151
vn -0.3047025 -0.6723579 0.6746045
vn -0.1109808 0.6980576 0.7073888
vn -0.3047025 -0.6723579 0.6746045
vn -0.1961420 -0.6790658 0.7073882
vn -0.2195429 0.7047661 0.6746151
vn -0.3216478 0.7110821 0.6252239
vn -0.4068029 -0.6660392 0.6252225
vn -0.2195429 0.7047661 0.6746151
vn -0.4068029 -0.6660392 0.6252225
vn -0.3047025 -0.6723579 0.6746045
vn -0.3216478 0.7110821 0.6252239
vn -0.4147748 0.7168482 0.5604377
vn -0.4999382 -0.6602785 0.5604410
vn -0.3216478 0.7110821 0.6252239
vn -0.4999382 -0.6602785 0.5604410
vn -0.4068029 -0.6660392 0.6252225
vn -0.4147748 0.7168482 0.5604377
vn -0.4966391 0.7219204 0.4818511
vn -0.5818248 -0.6552027 0.4818604
vn -0.4147748 0.7168482 0.5604377
vn -0.5818248 -0.6552027 0.4818604
vn -0.4999382 -0.6602785 0.5604410
vn -0.4966391 0.7219204 0.4818511
vn -0.5652360 0.7261675 0.3913936
vn -0.6504283 -0.6509525 0.3914126
vn -0.4966391 0.7219204 0.4818511
vn -0.6504283 -0.6509525 0.3914126
vn -0.5818248 -0.6552027 0.4818604
vn -0.5652360 0.7261675 0.3913936
vn -0.6188624 0.7294847 0.2913101
vn -0.7040542 -0.6476383 0.2913284
vn -0.5652360 0.7261675 0.3913936
vn -0.7040542 -0.6476383 0.2913284
vn -0.6504283 -0.6509525 0.3914126
vn -0.6188624 0.7294847 0.2913101
vn -0.6562216 0.7317746 0.1840626
vn -0.7413799 -0.6453497 0.1840645
vn -0.6188624 0.7294847 0.2913101
vn -0.7413799 -0.6453497 0.1840645
vn -0.7040542 -0.6476383 0.2913284
vn -0.6562216 0.7317746 0.1840626
vn -0.6763681 0.7330082 0.0722854
vn -0.7615060 -0.6441165 0.0722665
vn -0.6562216 0.7317746 0.1840626
vn -0.7615060 -0.6441165 0.0722665
vn -0.7413799 -0.6453497 0.1840645
vn -0.6763681 0.7330082 0.0722854
vn -0.6787977 0.7331635 -0.0412925
vn -0.7639422 -0.6439614 -0.0413047
vn -0.6763681 0.7330082 0.0722854
vn -0.7639422 -0.6439614 -0.0413047
vn -0.7615060 -0.6441165 0.0722665
vn -0.6787977 0.7331635 -0.0412925
vn -0.6634655 0.7322144 -0.1538686
vn -0.7486148 -0.6449089 -0.1538452
vn -0.6787977 0.7331635 -0.0412925
vn -0.7486148 -0.6449089 -0.1538452
vn -0.7639422 -0.6439614 -0.0413047
vn -0.6634655 0.7322144 -0.1538686
vn -0.6307472 0.7301961 -0.2626242
vn -0.7159016 -0.6469327 -0.2626083
vn -0.6634655 0.7322144 -0.1538686
vn -0.7159016 -0.6469327 -0.2626083
vn -0.7486148 -0.6449089 -0.1538452
vn -0.6307472 0.7301961 -0.2626242
vn -0.5814586 0.7271410 -0.3649271
vn -0.6666003 -0.6499814 -0.3649223
vn -0.6307472 0.7301961 -0.2626242
vn -0.6666003 -0.6499814 -0.3649223
vn -0.7159016 -0.6469327 -0.2626083
vn -0.5814586 0.7271410 -0.3649271
vn -0.5167862 0.7231503 -0.4582421
vn -0.6019431 -0.6539744 -0.4582378
vn -0.5814586 0.7271410 -0.3649271
vn -0.6019431 -0.6539744 -0.4582378
vn -0.6666003 -0.6499814 -0.3649223
vn -0.5167862 0.7231503 -0.4582421
vn -0.4383592 0.7183000 -0.5402650
vn -0.5235155 -0.6588200 -0.5402665
vn -0.5167862 0.7231503 -0.4582421
vn -0.5235155 -0.6588200 -0.5402665
vn -0.6019431 -0.6539744 -0.4582378
vn -0.4383592 0.7183000 -0.5402650
vn -0.3480853 0.7127162 -0.6089926
vn -0.4332419 -0.6644051 -0.6089888
vn -0.4383592 0.7183000 -0.5402650
vn -0.4332419 -0.6644051 -0.6089888
vn -0.5235155 -0.6588200 -0.5402665
vn -0.3480853 0.7127162 -0.6089926
vn -0.2481862 0.7065422 -0.6627230
vn -0.3333424 -0.6705840 -0.6627216
vn -0.3480853 0.7127162 -0.6089926
vn -0.3333424 -0.6705840 -0.6627216
vn -0.4332419 -0.6644051 -0.6089888
vn -0.2481862 0.7065422 -0.6627230
vn -0.1411271 0.6999221 -0.7001373
vn -0.2262901 -0.6772040 -0.7001340
vn -0.2481862 0.7065422 -0.6627230
vn -0.2262901 -0.6772040 -0.7001340
vn -0.3333424 -0.6705840 -0.6627216
vn -0.1411271 0.6999221 -0.7001373
vn -0.0295568 0.6930220 -0.7203103
vn -0.1147122 -0.6841024 -0.7203090
vn -0.1411271 0.6999221 -0.7001373
vn -0.1147122 -0.6841024 -0.7203090
vn -0.2262901 -0.6772040 -0.7001340
vn -0.0295568 0.6930220 -0.7203103
vn 0.0837956 0.6860164 -0.7227446
vn -0.0013565 -0.6911070 -0.7227512
vn -0.0295568 0.6930220 -0.7203103
vn -0.0013565 -0.6911070 -0.7227512
vn -0.1147122 -0.6841024 -0.7203090
vn 0.0837956 0.6860164 -0.7227446
vn 0.1961371 0.6790730 -0.7073826
vn 0.1109798 -0.6980512 -0.7073952
vn 0.0837956 0.6860164 -0.7227446
vn 0.1109798 -0.6980512 -0.7073952
vn -0.0013565 -0.6911070 -0.7227512
vn 0.1961371 0.6790730 -0.7073826
vn 0.3046993 0.6723571 -0.6746068
vn 0.2195400 -0.7047669 -0.6746153
vn 0.1961371 0.6790730 -0.7073826
vn 0.2195400 -0.7047669 -0.6746153
vn 0.1109798 -0.6980512 -0.7073952
vn 0.3046993 0.6723571 -0.6746068
vn 0.4068016 0.6660375 -0.6252253
vn 0.3216379 -0.7110903 -0.6252196
vn 0.3046993 0.6723571 -0.6746068
vn 0.3216379 -0.7110903 -0.6252196
vn 0.2195400 -0.7047669 -0.6746153
vn 0.4068016 0.6660375 -0.6252253
vn 0.4999333 0.6602837 -0.5604392
vn 0.4147812 -0.7168416 -0.5604414
vn 0.4068016 0.6660375 -0.6252253
vn 0.4147812 -0.7168416 -0.5604414
vn 0.3216379 -0.7110903 -0.6252196
vn 0.4999333 0.6602837 -0.5604392
vn 0.5818097 0.6552129 -0.4818646
vn 0.4966519 -0.7219080 -0.4818564
vn 0.4999333 0.6602837 -0.5604392
vn 0.4966519 -0.7219080 -0.4818564
vn 0.4147812 -0.7168416 -0.5604414
vn 0.5818097 0.6552129 -0.4818646
vn 0.6504138 0.6509687 -0.3914099
vn 0.5652393 -0.7261551 -0.3914119
vn 0.5818097 0.6552129 -0.4818646
vn 0.5652393 -0.7261551 -0.3914119
vn 0.4966519 -0.7219080 -0.4818564
vn 0.6504138 0.6509687 -0.3914099
vn 0.7040426 0.6476609 -0.2913066
vn 0.6188822 -0.7294617 -0.2913251
vn 0.6504138 0.6509687 -0.3914099
vn 0.6188822 -0.7294617 -0.2913251
vn 0.5652393 -0.7261551 -0.3914119
vn 0.7040426 0.6476609 -0.2913066
vn 0.7413803 0.6453494 -0.1840641
vn 0.6562241 -0.7317765 -0.1840464
vn 0.7040426 0.6476609 -0.2913066
vn 0.6562241 -0.7317765 -0.1840464
vn 0.6188822 -0.7294617 -0.2913251
vn 0.7413803 0.6453494 -0.1840641
vn 0.7615137 0.6441079 -0.0722630
vn 0.6763610 -0.7330163 -0.0722691
vn 0.7413803 0.6453494 -0.1840641
vn 0.6763610 -0.7330163 -0.0722691
vn 0.6562241 -0.7317765 -0.1840464
vn 0.0617204 0.9980935 0.0000001
vn 0.7639495 0.6439527 0.0413028
vn 0.7615137 0.6441079 -0.0722630
vn -0.0617204 -0.9980935 -0.0000001
vn 0.6763610 -0.7330163 -0.0722691
vn 0.6787896 -0.7331709 0.0412913
vn 0.0617204 0.9980935 0.0000001
vn 0.7486221 0.6449025 0.1538362
vn 0.7639495 0.6439527 0.0413028
vn -0.0617204 -0.9980935 -0.0000001
vn 0.6787896 -0.7331709 0.0412913
vn 0.6634573 -0.7322243 0.1538569
vn 0.0617204 0.9980935 0.0000001
vn 0.7159058 0.6469213 0.2626244
vn 0.7486221 0.6449025 0.1538362
vn -0.0617204 -0.9980935 -0.0000001
vn 0.6634573 -0.7322243 0.1538569
vn 0.6307398 -0.7302017 0.2626266
vn 0.0617204 0.9980935 0.0000001
vn 0.6666103 0.6499562 0.3649488
vn 0.7159058 0.6469213 0.2626244
vn -0.0617204 -0.9980935 -0.0000001
vn 0.6307398 -0.7302017 0.2626266
vn 0.5814332 -0.7271643 0.3649213
vn 0.0617204 0.9980935 0.0000001
vn 0.6019475 0.6539729 0.4582343
vn 0.6666103 0.6499562 0.3649488
vn -0.0617204 -0.9980935 -0.0000001
vn 0.5814332 -0.7271643 0.3649213
vn 0.5167924 -0.7231494 0.4582364
vn 0.0617204 0.9980935 0.0000001
vn 0.5235188 0.6588282 0.5402531
vn 0.6019475 0.6539729 0.4582343
vn -0.0617204 -0.9980935 -0.0000001
vn 0.5167924 -0.7231494 0.4582364
vn 0.4383598 -0.7183002 0.5402642
vn 0.0617204 0.9980935 0.0000001
vn 0.4332453 0.6643966 0.6089956
vn 0.5235188 0.6588282 0.5402531
vn -0.0617204 -0.9980935 -0.0000001
vn 0.4383598 -0.7183002 0.5402642
vn 0.3480842 -0.7127249 0.6089833
vn 0.0617204 0.9980935 0.0000001
vn 0.3333458 0.6705781 0.6627259
vn 0.4332453 0.6643966 0.6089956
vn -0.0617204 -0.9980935 -0.0000001
vn 0.3480842 -0.7127249 0.6089833
vn 0.2481843 -0.7065482 0.6627173
vn 0.0617204 0.9980935 0.0000001
vn 0.2262904 0.6772065 0.7001314
vn 0.3333458 0.6705781 0.6627259
vn -0.0617204 -0.9980935 -0.0000001
vn 0.2481843 -0.7065482 0.6627173
vn 0.1411296 -0.6999159 0.7001429
vn 0.0617204 0.9980935 0.0000001
vn 0.1147118 0.6841064 0.7203051
vn 0.2262904 0.6772065 0.7001314
vn -0.0617204 -0.9980935 -0.0000001
vn 0.1411296 -0.6999159 0.7001429
vn 0.0295563 -0.6930177 0.7203144
vn 0.0617204 0.9980935 0.0000001
vn 0.0013558 0.6911103 0.7227480
vn 0.1147118 0.6841064 0.7203051
vn -0.0617204 -0.9980935 -0.0000001
vn 0.0295563 -0.6930177 0.7203144
vn -0.0837968 -0.6860144 0.7227464
vn 0.0617204 0.9980935 0.0000001
vn -0.1109808 0.6980576 0.7073888
vn 0.0013558 0.6911103 0.7227480
vn -0.0617204 -0.9980935 -0.0000001
vn -0.0837968 -0.6860144 0.7227464
vn -0.1961420 -0.6790658 0.7073882
vn 0.0617204 0.9980935 0.0000001
vn -0.2195429 0.7047661 0.6746151
vn -0.1109808 0.6980576 0.7073888
vn -0.0617204 -0.9980935 -0.0000001
vn -0.1961420 -0.6790658 0.7073882
vn -0.3047025 -0.6723579 0.6746045
vn 0.0617204 0.9980935 0.0000001
vn -0.3216478 0.7110821 0.6252239
vn -0.2195429 0.7047661 0.6746151
vn -0.0617204 -0.9980935 -0.0000001
vn -0.3047025 -0.6723579 0.6746045
vn -0.4068029 -0.6660392 0.6252225
vn 0.0617204 0.9980935 0.0000001
vn -0.4147748 0.7168482 0.5604377
vn -0.3216478 0.7110821 0.6252239
vn -0.0617204 -0.9980935 -0.0000001
vn -0.4068029 -0.6660392 0.6252225
vn -0.4999382 -0.6602785 0.5604410
vn 0.0617204 0.9980935 0.0000001
vn -0.4966391 0.7219204 0.4818511
vn -0.4147748 0.7168482 0.5604377
vn -0.0617204 -0.9980935 -0.0000001
vn -0.4999382 -0.6602785 0.5604410
vn -0.5818248 -0.6552027 0.4818604
vn 0.0617204 0.9980935 0.0000001
vn -0.5652360 0.7261675 0.3913936
vn -0.4966391 0.7219204 0.4818511
vn -0.0617204 -0.9980935 -0.0000001
vn -0.5818248 -0.6552027 0.4818604
vn -0.6504283 -0.6509525 0.3914126
vn 0.0617204 0.9980935 0.0000001
vn -0.6188624 0.7294847 0.2913101
vn -0.5652360 0.7261675 0.3913936
vn -0.0617204 -0.9980935 -0.0000001
vn -0.6504283 -0.6509525 0.3914126
vn -0.7040542 -0.6476383 0.2913284
vn 0.0617204 0.9980935 0.0000001
vn -0.6562216 0.7317746 0.1840626
vn -0.6188624 0.7294847 0.2913101
vn -0.0617204 -0.9980935 -0.0000001
vn -0.7040542 -0.6476383 0.2913284
vn -0.7413799 -0.6453497 0.1840645
vn 0.0617204 0.9980935 0.0000001
vn -0.6763681 0.7330082 0.0722854
vn -0.6562216 0.7317746 0.1840626
vn -0.0617204 -0.9980935 -0.0000001
vn -0.7413799 -0.6453497 0.1840645
vn -0.7615060 -0.6441165 0.0722665
vn 0.0617204 0.9980935 0.0000001
vn -0.6787977 0.7331635 -0.0412925
vn -0.6763681 0.7330082 0.0722854
vn -0.0617204 -0.9980935 -0.0000001
vn -0.7615060 -0.6441165 0.0722665
vn -0.7639422 -0.6439614 -0.0413047
vn 0.0617204 0.9980935 0.0000001
vn -0.6634655 0.7322144 -0.1538686
vn -0.6787977 0.7331635 -0.0412925
vn -0.0617204 -0.9980935 -0.0000001
vn -0.7639422 -0.6439614 -0.0413047
vn -0.7486148 -0.6449089 -0.1538452
vn 0.0617204 0.9980935 0.0000001
vn -0.6307472 0.7301961 -0.2626242
vn -0.6634655 0.7322144 -0.1538686
vn -0.0617204 -0.9980935 -0.0000001
vn -0.7486148 -0.6449089 -0.1538452
vn -0.7159016 -0.6469327 -0.2626083
vn 0.0617204 0.9980935 0.0000001
vn -0.5814586 0.7271410 -0.3649271
vn -0.6307472 0.7301961 -0.2626242
vn -0.0617204 -0.9980935 -0.0000001
vn -0.7159016 -0.6469327 -0.2626083
vn -0.6666003 -0.6499814 -0.3649223
vn 0.0617204 0.9980935 0.0000001
vn -0.5167862 0.7231503 -0.4582421
vn -0.5814586 0.7271410 -0.3649271
vn -0.0617204 -0.9980935 -0.0000001
vn -0.6666003 -0.6499814 -0.3649223
vn -0.6019431 -0.6539744 -0.4582378
vn 0.0617204 0.9980935 0.0000001
vn -0.4383592 0.7183000 -0.5402650
vn -0.5167862 0.7231503 -0.4582421
vn -0.0617204 -0.9980935 -0.0000001
vn -0.6019431 -0.6539744 -0.4582378
vn -0.5235155 -0.6588200 -0.5402665
vn 0.0617204 0.9980935 0.0000001
vn -0.3480853 0.7127162 -0.6089926
vn -0.4383592 0.7183000 -0.5402650
vn -0.0617204 -0.9980935 -0.0000001
vn -0.5235155 -0.6588200 -0.5402665
vn -0.4332419 -0.6644051 -0.6089888
vn 0.0617204 0.9980935 0.0000001
vn -0.2481862 0.7065422 -0.6627230
vn -0.3480853 0.7127162 -0.6089926
vn -0.0617204 -0.9980935 -0.0000001
vn -0.4332419 -0.6644051 -0.6089888
vn -0.3333424 -0.6705840 -0.6627216
vn 0.0617204 0.9980935 0.0000001
vn -0.1411271 0.6999221 -0.7001373
vn -0.2481862 0.7065422 -0.6627230
vn -0.0617204 -0.9980935 -0.0000001
vn -0.3333424 -0.6705840 -0.6627216
vn -0.2262901 -0.6772040 -0.7001340
vn 0.0617204 0.9980935 0.0000001
vn -0.0295568 0.6930220 -0.7203103
vn -0.1411271 0.6999221 -0.7001373
vn -0.0617204 -0.9980935 -0.0000001
vn -0.2262901 -0.6772040 -0.7001340
vn -0.1147122 -0.6841024 -0.7203090
vn 0.0617204 0.9980935 0.0000001
vn 0.0837956 0.6860164 -0.7227446
vn -0.0295568 0.6930220 -0.7203103
vn -0.0617204 -0.9980935 -0.0000001
vn -0.1147122 -0.6841024 -0.7203090
vn -0.0013565 -0.6911070 -0.7227512
vn 0.0617204 0.9980935 0.0000001
vn 0.1961371 0.6790730 -0.7073826
vn 0.0837956 0.6860164 -0.7227446
vn -0.0617204 -0.9980935 -0.0000001
vn -0.0013565 -0.6911070 -0.7227512
vn 0.1109798 -0.6980512 -0.7073952
vn 0.0617204 0.9980935 0.0000001
vn 0.3046993 0.6723571 -0.6746068
vn 0.1961371 0.6790730 -0.7073826
vn -0.0617204 -0.9980935 -0.0000001
vn 0.1109798 -0.6980512 -0.7073952
vn 0.2195400 -0.7047669 -0.6746153
vn 0.0617204 0.9980935 0.0000001
vn 0.4068016 0.6660375 -0.6252253
vn 0.3046993 0.6723571 -0.6746068
vn -0.0617204 -0.9980935 -0.0000001
vn 0.2195400 -0.7047669 -0.6746153
vn 0.3216379 -0.7110903 -0.6252196
vn 0.0617204 0.9980935 0.0000001
vn 0.4999333 0.6602837 -0.5604392
vn 0.4068016 0.6660375 -0.6252253
vn -0.0617204 -0.9980935 -0.0000001
vn 0.3216379 -0.7110903 -0.6252196
vn 0.4147812 -0.7168416 -0.5604414
vn 0.0617204 0.9980935 0.0000001
vn 0.5818097 0.6552129 -0.4818646
vn 0.4999333 0.6602837 -0.5604392
vn -0.0617204 -0.9980935 -0.0000001
vn 0.4147812 -0.7168416 -0.5604414
vn 0.4966519 -0.7219080 -0.4818564
vn 0.0617204 0.9980935 0.0000001
vn 0.6504138 0.6509687 -0.3914099
vn 0.5818097 0.6552129 -0.4818646
vn -0.0617204 -0.9980935 -0.0000001
vn 0.4966519 -0.7219080 -0.4818564
vn 0.5652393 -0.7261551 -0.3914119
vn 0.0617204 0.9980935 0.0000001
vn 0.7040426 0.6476609 -0.2913066
vn 0.6504138 0.6509687 -0.3914099
vn -0.0617204 -0.9980935 -0.0000001
vn 0.5652393 -0.7261551 -0.3914119
vn 0.6188822 -0.7294617 -0.2913251
vn 0.0617204 0.9980935 0.0000001
vn 0.7413803 0.6453494 -0.1840641
vn 0.7040426 0.6476609 -0.2913066
vn -0.0617204 -0.9980935 -0.0000001
vn 0.6188822 -0.7294617 -0.2913251
vn 0.6562241 -0.7317765 -0.1840464
vn 0.0617204 0.9980935 0.0000001
vn 0.7615137 0.6441079 -0.0722630
vn 0.7413803 0.6453494 -0.1840641
vn -0.0617204 -0.9980935 -0.0000001
vn 0.6562241 -0.7317765 -0.1840464
vn 0.6763610 -0.7330163 -0.0722691
vn 0.6654779 0.7429116 -0.0722614
vn 0.6678938 0.7431098 0.0412974
vn 0.7733706 -0.6326070 0.0413075
vn 0.6654779 0.7429116 -0.0722614
vn 0.7733706 -0.6326070 0.0413075
vn 0.7709283 -0.6328083 -0.0722708
vn 0.6678938 0.7431098 0.0412974
vn 0.6525686 0.7419482 0.1538413
vn 0.7580659 -0.6337686 0.1538615
vn 0.6678938 0.7431098 0.0412974
vn 0.7580659 -0.6337686 0.1538615
vn 0.7733706 -0.6326070 0.0413075
vn 0.6525686 0.7419482 0.1538413
vn 0.6198939 0.7394354 0.2626153
vn 0.7253831 -0.6362839 0.2626061
vn 0.6525686 0.7419482 0.1538413
vn 0.7253831 -0.6362839 0.2626061
vn 0.7580659 -0.6337686 0.1538615
vn 0.6198939 0.7394354 0.2626153
vn 0.5706493 0.7356598 0.3649167
vn 0.6761423 -0.6400568 0.3649095
vn 0.6198939 0.7394354 0.2626153
vn 0.6761423 -0.6400568 0.3649095
vn 0.7253831 -0.6362839 0.2626061
vn 0.5706493 0.7356598 0.3649167
vn 0.5060600 0.7307075 0.4582245
vn 0.6115444 -0.6450077 0.4582340
vn 0.5706493 0.7356598 0.3649167
vn 0.6115444 -0.6450077 0.4582340
vn 0.6761423 -0.6400568 0.3649095
vn 0.5060600 0.7307075 0.4582245
vn 0.4277013 0.7247005 0.5402601
vn 0.5331856 -0.6510147 0.5402713
vn 0.5060600 0.7307075 0.4582245
vn 0.5331856 -0.6510147 0.5402713
vn 0.6115444 -0.6450077 0.4582340
vn 0.4277013 0.7247005 0.5402601
vn 0.3375202 0.7177822 0.6089899
vn 0.4430012 -0.6579341 0.6089931
vn 0.4277013 0.7247005 0.5402601
vn 0.4430012 -0.6579341 0.6089931
vn 0.5331856 -0.6510147 0.5402713
vn 0.3375202 0.7177822 0.6089899
vn 0.2377408 0.7101299 0.6627179
vn 0.3432171 -0.6655859 0.6627197
vn 0.3375202 0.7177822 0.6089899
vn 0.3432171 -0.6655859 0.6627197
vn 0.4430012 -0.6579341 0.6089931
vn 0.2377408 0.7101299 0.6627179
vn 0.1307941 0.7019282 0.7001354
vn 0.2362727 -0.6737862 0.7001338
vn 0.2377408 0.7101299 0.6627179
vn 0.2362727 -0.6737862 0.7001338
vn 0.3432171 -0.6655859 0.6627197
vn 0.1307941 0.7019282 0.7001354
vn 0.0193228 0.6933864 0.7203067
vn 0.1248007 -0.6823344 0.7203087
vn 0.1307941 0.7019282 0.7001354
vn 0.1248007 -0.6823344 0.7203087
vn 0.2362727 -0.6737862 0.7001338
vn 0.0193228 0.6933864 0.7203067
vn -0.0939201 0.6847031 0.7227453
vn 0.0115588 -0.6910127 0.7227502
vn 0.0193228 0.6933864 0.7203067
vn 0.0115588 -0.6910127 0.7227502
vn 0.1248007 -0.6823344 0.7203087
vn -0.0939201 0.6847031 0.7227453
vn -0.2061438 0.6760945 0.7073902
vn -0.1006611 -0.6996230 0.7073861
vn -0.0939201 0.6847031 0.7227453
vn -0.1006611 -0.6996230 0.7073861
vn 0.0115588 -0.6910127 0.7227502
vn -0.2061438 0.6760945 0.7073902
vn -0.3145924 0.6677762 0.6746158
vn -0.2091114 -0.7079378 0.6746083
vn -0.2061438 0.6760945 0.7073902
vn -0.2091114 -0.7079378 0.6746083
vn -0.1006611 -0.6996230 0.7073861
vn -0.3145924 0.6677762 0.6746158
vn -0.4165881 0.6599680 0.6252173
vn -0.3111094 -0.7157528 0.6252271
vn -0.3145924 0.6677762 0.6746158
vn -0.3111094 -0.7157528 0.6252271
vn -0.2091114 -0.7079378 0.6746083
vn -0.4165881 0.6599680 0.6252173
vn -0.5096316 0.6528265 0.5604401
vn -0.4041544 -0.7228873 0.5604401
vn -0.4165881 0.6599680 0.6252173
vn -0.4041544 -0.7228873 0.5604401
vn -0.3111094 -0.7157528 0.6252271
vn -0.5096316 0.6528265 0.5604401
vn -0.5914246 0.6465484 0.4818632
vn -0.4859385 -0.7291697 0.4818458
vn -0.5096316 0.6528265 0.5604401
vn -0.4859385 -0.7291697 0.4818458
vn -0.4041544 -0.7228873 0.5604401
vn -0.5914246 0.6465484 0.4818632
vn -0.6599475 0.6413060 0.3914025
vn -0.5544727 -0.7344135 0.3914038
vn -0.5914246 0.6465484 0.4818632
vn -0.5544727 -0.7344135 0.3914038
vn -0.4859385 -0.7291697 0.4818458
vn -0.6599475 0.6413060 0.3914025
vn -0.7135277 0.6371959 0.2913066
vn -0.6080439 -0.7385234 0.2913172
vn -0.6599475 0.6413060 0.3914025
vn -0.6080439 -0.7385234 0.2913172
vn -0.5544727 -0.7344135 0.3914038
vn -0.7135277 0.6371959 0.2913066
vn -0.7508296 0.6343299 0.1840661
vn -0.6453454 -0.7413844 0.1840608
vn -0.7135277 0.6371959 0.2913066
vn -0.6453454 -0.7413844 0.1840608
vn -0.6080439 -0.7385234 0.2913172
vn -0.7508296 0.6343299 0.1840661
vn -0.7709370 0.6327962 0.0722850
vn -0.6654688 -0.7429191 0.0722660
vn -0.7508296 0.6343299 0.1840661
vn -0.6654688 -0.7429191 0.0722660
vn -0.6453454 -0.7413844 0.1840608
vn -0.7709370 0.6327962 0.0722850
vn -0.7733720 0.6326061 -0.0412949
vn -0.6678877 -0.7431148 -0.0413102
vn -0.7709370 0.6327962 0.0722850
vn -0.6678877 -0.7431148 -0.0413102
vn -0.6654688 -0.7429191 0.0722660
vn -0.7733720 0.6326061 -0.0412949
vn -0.7580566 0.6337786 -0.1538664
vn -0.6525800 -0.7419369 -0.1538472
vn -0.7733720 0.6326061 -0.0412949
vn -0.6525800 -0.7419369 -0.1538472
vn -0.6678877 -0.7431148 -0.0413102
vn -0.7580566 0.6337786 -0.1538664
vn -0.7253716 0.6362889 -0.2626261
vn -0.6199005 -0.7394308 -0.2626126
vn -0.7580566 0.6337786 -0.1538664
vn -0.6199005 -0.7394308 -0.2626126
vn -0.6525800 -0.7419369 -0.1538472
vn -0.7253716 0.6362889 -0.2626261
vn -0.6761274 0.6400722 -0.3649101
vn -0.5706604 -0.7356459 -0.3649271
vn -0.7253716 0.6362889 -0.2626261
vn -0.5706604 -0.7356459 -0.3649271
vn -0.6199005 -0.7394308 -0.2626126
vn -0.6761274 0.6400722 -0.3649101
vn -0.6115354 0.6450158 -0.4582348
vn -0.5060614 -0.7306963 -0.4582410
vn -0.6761274 0.6400722 -0.3649101
vn -0.5060614 -0.7306963 -0.4582410
vn -0.5706604 -0.7356459 -0.3649271
vn -0.6115354 0.6450158 -0.4582348
vn -0.5331835 0.6510195 -0.5402674
vn -0.4276996 -0.7246975 -0.5402653
vn -0.6115354 0.6450158 -0.4582348
vn -0.4276996 -0.7246975 -0.5402653
vn -0.5060614 -0.7306963 -0.4582410
vn -0.5331835 0.6510195 -0.5402674
vn -0.4429989 0.6579346 -0.6089942
vn -0.3375203 -0.7177843 -0.6089876
vn -0.5331835 0.6510195 -0.5402674
vn -0.3375203 -0.7177843 -0.6089876
vn -0.4276996 -0.7246975 -0.5402653
vn -0.4429989 0.6579346 -0.6089942
vn -0.3432101 0.6655849 -0.6627243
vn -0.2377268 -0.7101319 -0.6627204
vn -0.4429989 0.6579346 -0.6089942
vn -0.2377268 -0.7101319 -0.6627204
vn -0.3375203 -0.7177843 -0.6089876
vn -0.3432101 0.6655849 -0.6627243
vn -0.2362650 0.6737885 -0.7001342
vn -0.1307873 -0.7019278 -0.7001373
vn -0.3432101 0.6655849 -0.6627243
vn -0.1307873 -0.7019278 -0.7001373
vn -0.2377268 -0.7101319 -0.6627204
vn -0.2362650 0.6737885 -0.7001342
vn -0.1248006 0.6823309 -0.7203119
vn -0.0193228 -0.6933860 -0.7203072
vn -0.2362650 0.6737885 -0.7001342
vn -0.0193228 -0.6933860 -0.7203072
vn -0.1307873 -0.7019278 -0.7001373
vn -0.1248006 0.6823309 -0.7203119
vn -0.0115651 0.6910160 -0.7227470
vn 0.0939148 -0.6846997 -0.7227492
vn -0.1248006 0.6823309 -0.7203119
vn 0.0939148 -0.6846997 -0.7227492
vn -0.0193228 -0.6933860 -0.7203072
vn -0.0115651 0.6910160 -0.7227470
vn 0.1006604 0.6996247 -0.7073845
vn 0.2061412 -0.6760976 -0.7073880
vn -0.0115651 0.6910160 -0.7227470
vn 0.2061412 -0.6760976 -0.7073880
vn 0.0939148 -0.6846997 -0.7227492
vn 0.1006604 0.6996247 -0.7073845
vn 0.2091072 0.7079371 -0.6746106
vn 0.3145870 -0.6677778 -0.6746169
vn 0.1006604 0.6996247 -0.7073845
vn 0.3145870 -0.6677778 -0.6746169
vn 0.2061412 -0.6760976 -0.7073880
vn 0.2091072 0.7079371 -0.6746106
vn 0.3111021 0.7157546 -0.6252286
vn 0.4165782 -0.6599618 -0.6252305
vn 0.2091072 0.7079371 -0.6746106
vn 0.4165782 -0.6599618 -0.6252305
vn 0.3145870 -0.6677778 -0.6746169
vn 0.3111021 0.7157546 -0.6252286
vn 0.4041487 0.7228916 -0.5604388
vn 0.5096323 -0.6528306 -0.5604346
vn 0.3111021 0.7157546 -0.6252286
vn 0.5096323 -0.6528306 -0.5604346
vn 0.4165782 -0.6599618 -0.6252305
vn 0.4041487 0.7228916 -0.5604388
vn 0.4859563 0.7291532 -0.4818528
vn 0.5914201 -0.6465617 -0.4818507
vn 0.4041487 0.7228916 -0.5604388
vn 0.5914201 -0.6465617 -0.4818507
vn 0.5096323 -0.6528306 -0.5604346
vn 0.4859563 0.7291532 -0.4818528
vn 0.5544699 0.7344125 -0.3914095
vn 0.6599474 -0.6413015 -0.3914101
vn 0.4859563 0.7291532 -0.4818528
vn 0.6599474 -0.6413015 -0.3914101
vn 0.5914201 -0.6465617 -0.4818507
vn 0.5544699 0.7344125 -0.3914095
vn 0.6080347 0.7385295 -0.2913210
vn 0.7135339 -0.6371847 -0.2913160
vn 0.5544699 0.7344125 -0.3914095
vn 0.7135339 -0.6371847 -0.2913160
vn 0.6599474 -0.6413015 -0.3914101
vn 0.6080347 0.7385295 -0.2913210
vn 0.6453524 0.7413807 -0.1840518
vn 0.7508234 -0.6343389 -0.1840609
vn 0.6080347 0.7385295 -0.2913210
vn 0.7508234 -0.6343389 -0.1840609
vn 0.7135339 -0.6371847 -0.2913160
vn 0.6453524 0.7413807 -0.1840518
vn 0.6654779 0.7429116 -0.0722614
vn 0.7709283 -0.6328083 -0.0722708
vn 0.6453524 0.7413807 -0.1840518
vn 0.7709283 -0.6328083 -0.0722708
vn 0.7508234 -0.6343389 -0.1840609
vn -0.0764478 0.9970736 0.0000002
vn 0.6678938 0.7431098 0.0412974
vn 0.6654779 0.7429116 -0.0722614
vn 0.0764482 -0.9970736 0.0000001
vn 0.7709283 -0.6328083 -0.0722708
vn 0.7733706 -0.6326070 0.0413075
vn -0.0764478 0.9970736 0.0000002
vn 0.6525686 0.7419482 0.1538413
vn 0.6678938 0.7431098 0.0412974
vn 0.0764482 -0.9970736 0.0000001
vn 0.7733706 -0.6326070 0.0413075
vn 0.7580659 -0.6337686 0.1538615
vn -0.0764478 0.9970736 0.0000002
vn 0.6198939 0.7394354 0.2626153
vn 0.6525686 0.7419482 0.1538413
vn 0.0764482 -0.9970736 0.0000001
vn 0.7580659 -0.6337686 0.1538615
vn 0.7253831 -0.6362839 0.2626061
vn -0.0764478 0.9970736 0.0000002
vn 0.5706493 0.7356598 0.3649167
vn 0.6198939 0.7394354 0.2626153
vn 0.0764482 -0.9970736 0.0000001
vn 0.7253831 -0.6362839 0.2626061
vn 0.6761423 -0.6400568 0.3649095
vn -0.0764478 0.9970736 0.0000002
vn 0.5060600 0.7307075 0.4582245
vn 0.5706493 0.7356598 0.3649167
vn 0.0764482 -0.9970736 0.0000001
vn 0.6761423 -0.6400568 0.3649095
vn 0.6115444 -0.6450077 0.4582340
vn -0.0764478 0.9970736 0.0000002
vn 0.4277013 0.7247005 0.5402601
vn 0.5060600 0.7307075 0.4582245
vn 0.0764482 -0.9970736 0.0000001
vn 0.6115444 -0.6450077 0.4582340
vn 0.5331856 -0.6510147 0.5402713
vn -0.0764478 0.9970736 0.0000002
vn 0.3375202 0.7177822 0.6089899
vn 0.4277013 0.7247005 0.5402601
vn 0.0764482 -0.9970736 0.0000001
vn 0.5331856 -0.6510147 0.5402713
vn 0.4430012 -0.6579341 0.6089931
vn -0.0764478 0.9970736 0.0000002
vn 0.2377408 0.7101299 0.6627179
vn 0.3375202 0.7177822 0.6089899
vn 0.0764482 -0.9970736 0.0000001
vn 0.4430012 -0.6579341 0.6089931
vn 0.3432171 -0.6655859 0.6627197
vn -0.0764478 0.9970736 0.0000002
vn 0.1307941 0.7019282 0.7001354
vn 0.2377408 0.7101299 0.6627179
vn 0.0764482 -0.9970736 0.0000001
vn 0.3432171 -0.6655859 0.6627197
vn 0.2362727 -0.6737862 0.7001338
vn -0.0764478 0.9970736 0.0000002
vn 0.0193228 0.6933864 0.7203067
vn 0.1307941 0.7019282 0.7001354
vn 0.0764482 -0.9970736 0.0000001
vn 0.2362727 -0.6737862 0.7001338
vn 0.1248007 -0.6823344 0.7203087
vn -0.0764478 0.9970736 0.0000002
vn -0.0939201 0.6847031 0.7227453
vn 0.0193228 0.6933864 0.7203067
vn 0.0764482 -0.9970736 0.0000001
vn 0.1248007 -0.6823344 0.7203087
vn 0.0115588 -0.6910127 0.7227502
vn -0.0764478 0.9970736 0.0000002
vn -0.2061438 0.6760945 0.7073902
vn -0.0939201 0.6847031 0.7227453
vn 0.0764482 -0.9970736 0.0000001
vn 0.0115588 -0.6910127 0.7227502
vn -0.1006611 -0.6996230 0.7073861
vn -0.0764478 0.9970736 0.0000002
vn -0.3145924 0.6677762 0.6746158
vn -0.2061438 0.6760945 0.7073902
vn 0.0764482 -0.9970736 0.0000001
vn -0.1006611 -0.6996230 0.7073861
vn -0.2091114 -0.7079378 0.6746083
vn -0.0764478 0.9970736 0.0000002
vn -0.4165881 0.6599680 0.6252173
vn -0.3145924 0.6677762 0.6746158
vn 0.0764482 -0.9970736 0.0000001
vn -0.2091114 -0.7079378 0.6746083
vn -0.3111094 -0.7157528 0.6252271
vn -0.0764478 0.9970736 0.0000002
vn -0.5096316 0.6528265 0.5604401
vn -0.4165881 0.6599680 0.6252173
vn 0.0764482 -0.9970736 0.0000001
vn -0.3111094 -0.7157528 0.6252271
vn -0.4041544 -0.7228873 0.5604401
vn -0.0764478 0.9970736 0.0000002
vn -0.5914246 0.6465484 0.4818632
vn -0.5096316 0.6528265 0.5604401
vn 0.0764482 -0.9970736 0.0000001
vn -0.4041544 -0.7228873 0.5604401
vn -0.4859385 -0.7291697 0.4818458
vn -0.0764478 0.9970736 0.0000002
vn -0.6599475 0.6413060 0.3914025
vn -0.5914246 0.6465484 0.4818632
vn 0.0764482 -0.9970736 0.0000001
vn -0.4859385 -0.7291697 0.4818458
vn -0.5544727 -0.7344135 0.3914038
vn -0.0764478 0.9970736 0.0000002
vn -0.7135277 0.6371959 0.2913066
vn -0.6599475 0.6413060 0.3914025
vn 0.0764482 -0.9970736 0.0000001
vn -0.5544727 -0.7344135 0.3914038
vn -0.6080439 -0.7385234 0.2913172
vn -0.0764478 0.9970736 0.0000002
vn -0.7508296 0.6343299 0.1840661
vn -0.7135277 0.6371959 0.2913066
vn 0.0764482 -0.9970736 0.0000001
vn -0.6080439 -0.7385234 0.2913172
vn -0.6453454 -0.7413844 0.1840608
vn -0.0764478 0.9970736 0.0000002
vn -0.7709370 0.6327962 0.0722850
vn -0.7508296 0.6343299 0.1840661
vn 0.0764482 -0.9970736 0.0000001
vn -0.6453454 -0.7413844 0.1840608
vn -0.6654688 -0.7429191 0.0722660
vn -0.0764478 0.9970736 0.0000002
vn -0.7733720 0.6326061 -0.0412949
vn -0.7709370 0.6327962 0.0722850
vn 0.0764482 -0.9970736 0.0000001
vn -0.6654688 -0.7429191 0.0722660
vn -0.6678877 -0.7431148 -0.0413102
vn -0.0764478 0.9970736 0.0000002
vn -0.7580566 0.6337786 -0.1538664
vn -0.7733720 0.6326061 -0.0412949
vn 0.0764482 -0.9970736 0.0000001
vn -0.6678877 -0.7431148 -0.0413102
vn -0.6525800 -0.7419369 -0.1538472
vn -0.0764478 0.9970736 0.0000002
vn -0.7253716 0.6362889 -0.2626261
vn -0.7580566 0.6337786 -0.1538664
vn 0.0764482 -0.9970736 0.0000001
vn -0.6525800 -0.7419369 -0.1538472
vn -0.6199005 -0.7394308 -0.2626126
vn -0.0764478 0.9970736 0.0000002
vn -0.6761274 0.6400722 -0.3649101
vn -0.7253716 0.6362889 -0.2626261
vn 0.0764482 -0.9970736 0.0000001
vn -0.6199005 -0.7394308 -0.2626126
vn -0.5706604 -0.7356459 -0.3649271
vn -0.0764478 0.9970736 0.0000002
vn -0.6115354 0.6450158 -0.4582348
vn -0.6761274 0.6400722 -0.3649101
vn 0.0764482 -0.9970736 0.0000001
vn -0.5706604 -0.7356459 -0.3649271
vn -0.5060614 -0.7306963 -0.4582410
vn -0.0764478 0.9970736 0.0000002
vn -0.5331835 0.6510195 -0.5402674
vn -0.6115354 0.6450158 -0.4582348
vn 0.0764482 -0.9970736 0.0000001
vn -0.5060614 -0.7306963 -0.4582410
vn -0.4276996 -0.7246975 -0.5402653
vn -0.0764478 0.9970736 0.0000002
vn -0.4429989 0.6579346 -0.6089942
vn -0.5331835 0.6510195 -0.5402674
vn 0.0764482 -0.9970736 0.0000001
vn -0.4276996 -0.7246975 -0.5402653
vn -0.3375203 -0.7177843 -0.6089876
vn -0.0764478 0.9970736 0.0000002
vn -0.3432101 0.6655849 -0.6627243
vn -0.4429989 0.6579346 -0.6089942
vn 0.0764482 -0.9970736 0.0000001
vn -0.3375203 -0.7177843 -0.6089876
vn -0.2377268 -0.7101319 -0.6627204
vn -0.0764478 0.9970736 0.0000002
vn -0.2362650 0.6737885 -0.7001342
vn -0.3432101 0.6655849 -0.6627243
vn 0.0764482 -0.9970736 0.0000001
vn -0.2377268 -0.7101319 -0.6627204
vn -0.1307873 -0.7019278 -0.7001373
vn -0.0764478 0.9970736 0.0000002
vn -0.1248006 0.6823309 -0.7203119
vn -0.2362650 0.6737885 -0.7001342
vn 0.0764482 -0.9970736 0.0000001
vn -0.1307873 -0.7019278 -0.7001373
vn -0.0193228 -0.6933860 -0.7203072
vn -0.0764478 0.9970736 0.0000002
vn -0.0115651 0.6910160 -0.7227470
vn -0.1248006 0.6823309 -0.7203119
vn 0.0764482 -0.9970736 0.0000001
vn -0.0193228 -0.6933860 -0.7203072
vn 0.0939148 -0.6846997 -0.7227492
vn -0.0764478 0.9970736 0.0000002
vn 0.1006604 0.6996247 -0.7073845
vn -0.0115651 0.6910160 -0.7227470
vn 0.0764482 -0.9970736 0.0000001
vn 0.0939148 -0.6846997 -0.7227492
vn 0.2061412 -0.6760976 -0.7073880
vn -0.0764478 0.9970736 0.0000002
vn 0.2091072 0.7079371 -0.6746106
vn 0.1006604 0.6996247 -0.7073845
vn 0.0764482 -0.9970736 0.0000001
vn 0.2061412 -0.6760976 -0.7073880
vn 0.3145870 -0.6677778 -0.6746169
vn -0.0764478 0.9970736 0.0000002
vn 0.3111021 0.7157546 -0.6252286
vn 0.2091072 0.7079371 -0.6746106
vn 0.0764482 -0.9970736 0.0000001
vn 0.3145870 -0.6677778 -0.6746169
vn 0.4165782 -0.6599618 -0.6252305
vn -0.0764478 0.9970736 0.0000002
vn 0.4041487 0.7228916 -0.5604388
vn 0.3111021 0.7157546 -0.6252286
vn 0.0764482 -0.9970736 0.0000001
vn 0.4165782 -0.6599618 -0.6252305
vn 0.5096323 -0.6528306 -0.5604346
vn -0.0764478 0.9970736 0.0000002
vn 0.4859563 0.7291532 -0.4818528
vn 0.4041487 0.7228916 -0.5604388
vn 0.0764482 -0.9970736 0.0000001
vn 0.5096323 -0.6528306 -0.5604346
vn 0.5914201 -0.6465617 -0.4818507
vn -0.0764478 0.9970736 0.0000002
vn 0.5544699 0.7344125 -0.3914095
vn 0.4859563 0.7291532 -0.4818528
vn 0.0764482 -0.9970736 0.0000001
vn 0.5914201 -0.6465617 -0.4818507
vn 0.6599474 -0.6413015 -0.3914101
vn -0.0764478 0.9970736 0.0000002
vn 0.6080347 0.7385295 -0.2913210
vn 0.5544699 0.7344125 -0.3914095
vn 0.0764482 -0.9970736 0.0000001
vn 0.6599474 -0.6413015 -0.3914101
vn 0.7135339 -0.6371847 -0.2913160
vn -0.0764478 0.9970736 0.0000002
vn 0.6453524 0.7413807 -0.1840518
vn 0.6080347 0.7385295 -0.2913210
vn 0.0764482 -0.9970736 0.0000001
vn 0.7135339 -0.6371847 -0.2913160
vn 0.7508234 -0.6343389 -0.1840609
vn -0.0764478 0.9970736 0.0000002
vn 0.6654779 0.7429116 -0.0722614
vn 0.6453524 0.7413807 -0.1840518
vn 0.0764482 -0.9970736 0.0000001
vn 0.7508234 -0.6343389 -0.1840609
vn 0.7709283 -0.6328083 -0.0722708
vn 0.6650025 0.7433363 -0.0722685
vn 0.6674370 0.7435199 0.0413036
vn 0.7737554 -0.6321369 0.0412987
vn 0.6650025 0.7433363 -0.0722685
vn 0.7737554 -0.6321369 0.0412987
vn 0.7713351 -0.6323124 -0.0722721
vn 0.6674370 0.7435199 0.0413036
vn 0.6521463 0.7423178 0.1538492
vn 0.7584232 -0.6333430 0.1538534
vn 0.6674370 0.7435199 0.0413036
vn 0.7584232 -0.6333430 0.1538534
vn 0.7737554 -0.6321369 0.0412987
vn 0.6521463 0.7423178 0.1538492
vn 0.6194584 0.7398012 0.2626130
vn 0.7257589 -0.6358504 0.2626180
vn 0.6521463 0.7423178 0.1538492
vn 0.7257589 -0.6358504 0.2626180
vn 0.7584232 -0.6333430 0.1538534
vn 0.6194584 0.7398012 0.2626130
vn 0.5702266 0.7359878 0.3649160
vn 0.6765131 -0.6396646 0.3649098
vn 0.6194584 0.7398012 0.2626130
vn 0.6765131 -0.6396646 0.3649098
vn 0.7257589 -0.6358504 0.2626180
vn 0.5702266 0.7359878 0.3649160
vn 0.5056235 0.7310016 0.4582375
vn 0.6119235 -0.6446567 0.4582220
vn 0.5702266 0.7359878 0.3649160
vn 0.6119235 -0.6446567 0.4582220
vn 0.6765131 -0.6396646 0.3649098
vn 0.5056235 0.7310016 0.4582375
vn 0.4272848 0.7249367 0.5402727
vn 0.5335774 -0.6507125 0.5402485
vn 0.5056235 0.7310016 0.4582375
vn 0.5335774 -0.6507125 0.5402485
vn 0.6119235 -0.6446567 0.4582220
vn 0.4272848 0.7249367 0.5402727
vn 0.3371069 0.7179668 0.6090014
vn 0.4433884 -0.6576848 0.6089806
vn 0.4272848 0.7249367 0.5402727
vn 0.4433884 -0.6576848 0.6089806
vn 0.5335774 -0.6507125 0.5402485
vn 0.3371069 0.7179668 0.6090014
vn 0.2372967 0.7102756 0.6627208
vn 0.3436036 -0.6653786 0.6627277
vn 0.3371069 0.7179668 0.6090014
vn 0.3436036 -0.6653786 0.6627277
vn 0.4433884 -0.6576848 0.6089806
vn 0.2372967 0.7102756 0.6627208
vn 0.1303676 0.7020088 0.7001342
vn 0.2366678 -0.6736482 0.7001332
vn 0.2372967 0.7102756 0.6627208
vn 0.2366678 -0.6736482 0.7001332
vn 0.3436036 -0.6653786 0.6627277
vn 0.1303676 0.7020088 0.7001342
vn 0.0189023 0.6933957 0.7203090
vn 0.1252097 -0.6822606 0.7203076
vn 0.1303676 0.7020088 0.7001342
vn 0.1252097 -0.6822606 0.7203076
vn 0.2366678 -0.6736482 0.7001332
vn 0.0189023 0.6933957 0.7203090
vn -0.0943360 0.6846430 0.7227479
vn 0.0119694 -0.6910077 0.7227482
vn 0.0189023 0.6933957 0.7203090
vn 0.0119694 -0.6910077 0.7227482
vn 0.1252097 -0.6822606 0.7203076
vn -0.0943360 0.6846430 0.7227479
vn -0.2065430 0.6759803 0.7073829
vn -0.1002450 -0.6996711 0.7073975
vn -0.0943360 0.6846430 0.7227479
vn -0.1002450 -0.6996711 0.7073975
vn 0.0119694 -0.6910077 0.7227482
vn -0.2065430 0.6759803 0.7073829
vn -0.3149773 0.6676127 0.6745982
vn -0.2086815 -0.7080439 0.6746302
vn -0.2065430 0.6759803 0.7073829
vn -0.2086815 -0.7080439 0.6746302
vn -0.1002450 -0.6996711 0.7073975
vn -0.3149773 0.6676127 0.6745982
vn -0.4169776 0.6597252 0.6252139
vn -0.3106898 -0.7159258 0.6252378
vn -0.3149773 0.6676127 0.6745982
vn -0.3106898 -0.7159258 0.6252378
vn -0.2086815 -0.7080439 0.6746302
vn -0.4169776 0.6597252 0.6252139
vn -0.5100247 0.6525215 0.5604377
vn -0.4037250 -0.7231343 0.5604309
vn -0.4169776 0.6597252 0.6252139
vn -0.4037250 -0.7231343 0.5604309
vn -0.3106898 -0.7159258 0.6252378
vn -0.5100247 0.6525215 0.5604377
vn -0.5918162 0.6461938 0.4818580
vn -0.4854933 -0.7294638 0.4818495
vn -0.5100247 0.6525215 0.5604377
vn -0.4854933 -0.7294638 0.4818495
vn -0.4037250 -0.7231343 0.5604309
vn -0.5918162 0.6461938 0.4818580
vn -0.6603301 0.6409076 0.3914099
vn -0.5540239 -0.7347474 0.3914124
vn -0.5918162 0.6461938 0.4818580
vn -0.5540239 -0.7347474 0.3914124
vn -0.4854933 -0.7294638 0.4818495
vn -0.6603301 0.6409076 0.3914099
vn -0.7139032 0.6367692 0.2913199
vn -0.6076027 -0.7388871 0.2913161
vn -0.6603301 0.6409076 0.3914099
vn -0.6076027 -0.7388871 0.2913161
vn -0.5540239 -0.7347474 0.3914124
vn -0.7139032 0.6367692 0.2913199
vn -0.7512007 0.6338929 0.1840578
vn -0.6449110 -0.7417592 0.1840732
vn -0.7139032 0.6367692 0.2913199
vn -0.6449110 -0.7417592 0.1840732
vn -0.6076027 -0.7388871 0.2913161
vn -0.7512007 0.6338929 0.1840578
vn -0.7713087 0.6323435 0.0722824
vn -0.6650274 -0.7433124 0.0722858
vn -0.7512007 0.6338929 0.1840578
vn -0.6650274 -0.7433124 0.0722858
vn -0.6449110 -0.7417592 0.1840732
vn -0.7713087 0.6323435 0.0722824
vn -0.7737430 0.6321522 -0.0412978
vn -0.6674557 -0.7435029 -0.0413079
vn -0.7713087 0.6323435 0.0722824
vn -0.6674557 -0.7435029 -0.0413079
vn -0.6650274 -0.7433124 0.0722858
vn -0.7737430 0.6321522 -0.0412978
vn -0.7584304 0.6333336 -0.1538573
vn -0.6521385 -0.7423208 -0.1538676
vn -0.7737430 0.6321522 -0.0412978
vn -0.6521385 -0.7423208 -0.1538676
vn -0.6674557 -0.7435029 -0.0413079
vn -0.7584304 0.6333336 -0.1538573
vn -0.7257410 0.6358723 -0.2626145
vn -0.6194756 -0.7397799 -0.2626321
vn -0.7584304 0.6333336 -0.1538573
vn -0.6194756 -0.7397799 -0.2626321
vn -0.6521385 -0.7423208 -0.1538676
vn -0.7257410 0.6358723 -0.2626145
vn -0.6765144 0.6396652 -0.3649065
vn -0.5702260 -0.7359890 -0.3649146
vn -0.7257410 0.6358723 -0.2626145
vn -0.5702260 -0.7359890 -0.3649146
vn -0.6194756 -0.7397799 -0.2626321
vn -0.6765144 0.6396652 -0.3649065
vn -0.6119393 0.6446379 -0.4582273
vn -0.5056212 -0.7310155 -0.4582178
vn -0.6765144 0.6396652 -0.3649065
vn -0.5056212 -0.7310155 -0.4582178
vn -0.5702260 -0.7359890 -0.3649146
vn -0.6119393 0.6446379 -0.4582273
vn -0.5335830 0.6506925 -0.5402669
vn -0.4272665 -0.7249615 -0.5402538
vn -0.6119393 0.6446379 -0.4582273
vn -0.4272665 -0.7249615 -0.5402538
vn -0.5056212 -0.7310155 -0.4582178
vn -0.5335830 0.6506925 -0.5402669
vn -0.4433955 0.6576657 -0.6089962
vn -0.3370852 -0.7179888 -0.6089874
vn -0.5335830 0.6506925 -0.5402669
vn -0.3370852 -0.7179888 -0.6089874
vn -0.4272665 -0.7249615 -0.5402538
vn -0.4433955 0.6576657 -0.6089962
vn -0.3436020 0.6653786 -0.6627284
vn -0.2372957 -0.7102742 -0.6627227
vn -0.4433955 0.6576657 -0.6089962
vn -0.2372957 -0.7102742 -0.6627227
vn -0.3370852 -0.7179888 -0.6089874
vn -0.3436020 0.6653786 -0.6627284
vn -0.2366639 0.6736391 -0.7001432
vn -0.1303556 -0.7020163 -0.7001290
vn -0.3436020 0.6653786 -0.6627284
vn -0.1303556 -0.7020163 -0.7001290
vn -0.2372957 -0.7102742 -0.6627227
vn -0.2366639 0.6736391 -0.7001432
vn -0.1252092 0.6822551 -0.7203128
vn -0.0189027 -0.6933975 -0.7203073
vn -0.2366639 0.6736391 -0.7001432
vn -0.0189027 -0.6933975 -0.7203073
vn -0.1303556 -0.7020163 -0.7001290
vn -0.1252092 0.6822551 -0.7203128
vn -0.0119743 0.6910101 -0.7227460
vn 0.0943307 -0.6846404 -0.7227511
vn -0.1252092 0.6822551 -0.7203128
vn 0.0943307 -0.6846404 -0.7227511
vn -0.0189027 -0.6933975 -0.7203073
vn -0.0119743 0.6910101 -0.7227460
vn 0.1002429 0.6996872 -0.7073819
vn 0.2065425 -0.6759667 -0.7073961
vn -0.0119743 0.6910101 -0.7227460
vn 0.2065425 -0.6759667 -0.7073961
vn 0.0943307 -0.6846404 -0.7227511
vn 0.1002429 0.6996872 -0.7073819
vn 0.2086794 0.7080697 -0.6746037
vn 0.3149912 -0.6675881 -0.6746160
vn 0.1002429 0.6996872 -0.7073819
vn 0.3149912 -0.6675881 -0.6746160
vn 0.2065425 -0.6759667 -0.7073961
vn 0.2086794 0.7080697 -0.6746037
vn 0.3106667 0.7159544 -0.6252165
vn 0.4169880 -0.6597013 -0.6252319
vn 0.2086794 0.7080697 -0.6746037
vn 0.4169880 -0.6597013 -0.6252319
vn 0.3149912 -0.6675881 -0.6746160
vn 0.3106667 0.7159544 -0.6252165
vn 0.4037161 0.7231331 -0.5604391
vn 0.5100251 -0.6525205 -0.5604385
vn 0.3106667 0.7159544 -0.6252165
vn 0.5100251 -0.6525205 -0.5604385
vn 0.4169880 -0.6597013 -0.6252319
vn 0.4037161 0.7231331 -0.5604391
vn 0.4855203 0.7294559 -0.4818342
vn 0.5918257 -0.6461933 -0.4818469
vn 0.4037161 0.7231331 -0.5604391
vn 0.5918257 -0.6461933 -0.4818469
vn 0.5100251 -0.6525205 -0.5604385
vn 0.4855203 0.7294559 -0.4818342
vn 0.5540112 0.7347712 -0.3913859
vn 0.6603545 -0.6408803 -0.3914133
vn 0.4855203 0.7294559 -0.4818342
vn 0.6603545 -0.6408803 -0.3914133
vn 0.5918257 -0.6461933 -0.4818469
vn 0.5540112 0.7347712 -0.3913859
vn 0.6075861 0.7388962 -0.2913275
vn 0.7139095 -0.6367558 -0.2913337
vn 0.5540112 0.7347712 -0.3913859
vn 0.7139095 -0.6367558 -0.2913337
vn 0.6603545 -0.6408803 -0.3914133
vn 0.6075861 0.7388962 -0.2913275
vn 0.6448902 0.7417781 -0.1840703
vn 0.7512122 -0.6338755 -0.1840711
vn 0.6075861 0.7388962 -0.2913275
vn 0.7512122 -0.6338755 -0.1840711
vn 0.7139095 -0.6367558 -0.2913337
vn 0.6448902 0.7417781 -0.1840703
vn 0.6650025 0.7433363 -0.0722685
vn 0.7713351 -0.6323124 -0.0722721
vn 0.6448902 0.7417781 -0.1840703
vn 0.7713351 -0.6323124 -0.0722721
vn 0.7512122 -0.6338755 -0.1840711
vn -0.0770457 0.9970275 -0.0000000
vn 0.6674370 0.7435199 0.0413036
vn 0.6650025 0.7433363 -0.0722685
vn 0.0770455 -0.9970276 0.0000002
vn 0.7713351 -0.6323124 -0.0722721
vn 0.7737554 -0.6321369 0.0412987
vn -0.0770457 0.9970275 -0.0000000
vn 0.6521463 0.7423178 0.1538492
vn 0.6674370 0.7435199 0.0413036
vn 0.0770455 -0.9970276 0.0000002
vn 0.7737554 -0.6321369 0.0412987
vn 0.7584232 -0.6333430 0.1538534
vn -0.0770457 0.9970275 -0.0000000
vn 0.6194584 0.7398012 0.2626130
vn 0.6521463 0.7423178 0.1538492
vn 0.0770455 -0.9970276 0.0000002
vn 0.7584232 -0.6333430 0.1538534
vn 0.7257589 -0.6358504 0.2626180
vn -0.0770457 0.9970275 -0.0000000
vn 0.5702266 0.7359878 0.3649160
vn 0.6194584 0.7398012 0.2626130
vn 0.0770455 -0.9970276 0.0000002
vn 0.7257589 -0.6358504 0.2626180
vn 0.6765131 -0.6396646 0.3649098
vn -0.0770457 0.9970275 -0.0000000
vn 0.5056235 0.7310016 0.4582375
vn 0.5702266 0.7359878 0.3649160
vn 0.0770455 -0.9970276 0.0000002
vn 0.6765131 -0.6396646 0.3649098
vn 0.6119235 -0.6446567 0.4582220
vn -0.0770457 0.9970275 -0.0000000
vn 0.4272848 0.7249367 0.5402727
vn 0.5056235 0.7310016 0.4582375
vn 0.0770455 -0.9970276 0.0000002
vn 0.6119235 -0.6446567 0.4582220
vn 0.5335774 -0.6507125 0.5402485
vn -0.0770457 0.9970275 -0.0000000
vn 0.3371069 0.7179668 0.6090014
vn 0.4272848 0.7249367 0.5402727
vn 0.0770455 -0.9970276 0.0000002
vn 0.5335774 -0.6507125 0.5402485
vn 0.4433884 -0.6576848 0.6089806
vn -0.0770457 0.9970275 -0.0000000
vn 0.2372967 0.7102756 0.6627208
vn 0.3371069 0.7179668 0.6090014
vn 0.0770455 -0.9970276 0.0000002
vn 0.4433884 -0.6576848 0.6089806
vn 0.3436036 -0.6653786 0.6627277
vn -0.0770457 0.9970275 -0.0000000
vn 0.1303676 0.7020088 0.7001342
vn 0.2372967 0.7102756 0.6627208
vn 0.0770455 -0.9970276 0.0000002
vn 0.3436036 -0.6653786 0.6627277
vn 0.2366678 -0.6736482 0.7001332
vn -0.0770457 0.9970275 -0.0000000
vn 0.0189023 0.6933957 0.7203090
vn 0.1303676 0.7020088 0.7001342
vn 0.0770455 -0.9970276 0.0000002
vn 0.2366678 -0.6736482 0.7001332
vn 0.1252097 -0.6822606 0.7203076
vn -0.0770457 0.9970275 -0.0000000
vn -0.0943360 0.6846430 0.7227479
vn 0.0189023 0.6933957 0.7203090
vn 0.0770455 -0.9970276 0.0000002
vn 0.1252097 -0.6822606 0.7203076
vn 0.0119694 -0.6910077 0.7227482
vn -0.0770457 0.9970275 -0.0000000
vn -0.2065430 0.6759803 0.7073829
vn -0.0943360 0.6846430 0.7227479
vn 0.0770455 -0.9970276 0.0000002
vn 0.0119694 -0.6910077 0.7227482
vn -0.1002450 -0.6996711 0.7073975
vn -0.0770457 0.9970275 -0.0000000
vn -0.3149773 0.6676127 0.6745982
vn -0.2065430 0.6759803 0.7073829
vn 0.0770455 -0.9970276 0.0000002
vn -0.1002450 -0.6996711 0.7073975
vn -0.2086815 -0.7080439 0.6746302
vn -0.0770457 0.9970275 -0.0000000
vn -0.4169776 0.6597252 0.6252139
vn -0.3149773 0.6676127 0.6745982
vn 0.0770455 -0.9970276 0.0000002
vn -0.2086815 -0.7080439 0.6746302
vn -0.3106898 -0.7159258 0.6252378
vn -0.0770457 0.9970275 -0.0000000
vn -0.5100247 0.6525215 0.5604377
vn -0.4169776 0.6597252 0.6252139
vn 0.0770455 -0.9970276 0.0000002
vn -0.3106898 -0.7159258 0.6252378
vn -0.4037250 -0.7231343 0.5604309
vn -0.0770457 0.9970275 -0.0000000
vn -0.5918162 0.6461938 0.4818580
vn -0.5100247 0.6525215 0.5604377
vn 0.0770455 -0.9970276 0.0000002
vn -0.4037250 -0.7231343 0.5604309
vn -0.4854933 -0.7294638 0.4818495
vn -0.0770457 0.9970275 -0.0000000
vn -0.6603301 0.6409076 0.3914099
vn -0.5918162 0.6461938 0.4818580
vn 0.0770455 -0.9970276 0.0000002
vn -0.4854933 -0.7294638 0.4818495
vn -0.5540239 -0.7347474 0.3914124
vn -0.0770457 0.9970275 -0.0000000
vn -0.7139032 0.6367692 0.2913199
vn -0.6603301 0.6409076 0.3914099
vn 0.0770455 -0.9970276 0.0000002
vn -0.5540239 -0.7347474 0.3914124
vn -0.6076027 -0.7388871 0.2913161
vn -0.0770457 0.9970275 -0.0000000
vn -0.7512007 0.6338929 0.1840578
vn -0.7139032 0.6367692 0.2913199
vn 0.0770455 -0.9970276 0.0000002
vn -0.6076027 -0.7388871 0.2913161
vn -0.6449110 -0.7417592 0.1840732
vn -0.0770457 0.9970275 -0.0000000
vn -0.7713087 0.6323435 0.0722824
vn -0.7512007 0.6338929 0.1840578
vn 0.0770455 -0.9970276 0.0000002
vn -0.6449110 -0.7417592 0.1840732
vn -0.6650274 -0.7433124 0.0722858
vn -0.0770457 0.9970275 -0.0000000
vn -0.7737430 0.6321522 -0.0412978
vn -0.7713087 0.6323435 0.0722824
vn 0.0770455 -0.9970276 0.0000002
vn -0.6650274 -0.7433124 0.0722858
vn -0.6674557 -0.7435029 -0.0413079
vn -0.0770457 0.9970275 -0.0000000
vn -0.7584304 0.6333336 -0.1538573
vn -0.7737430 0.6321522 -0.0412978
vn 0.0770455 -0.9970276 0.0000002
vn -0.6674557 -0.7435029 -0.0413079
vn -0.6521385 -0.7423208 -0.1538676
vn -0.0770457 0.9970275 -0.0000000
vn -0.7257410 0.6358723 -0.2626145
vn -0.7584304 0.6333336 -0.1538573
vn 0.0770455 -0.9970276 0.0000002
vn -0.6521385 -0.7423208 -0.1538676
vn -0.6194756 -0.7397799 -0.2626321
vn -0.0770457 0.9970275 -0.0000000
vn -0.6765144 0.6396652 -0.3649065
vn -0.7257410 0.6358723 -0.2626145
vn 0.0770455 -0.9970276 0.0000002
vn -0.6194756 -0.7397799 -0.2626321
vn -0.5702260 -0.7359890 -0.3649146
vn -0.0770457 0.9970275 -0.0000000
vn -0.6119393 0.6446379 -0.4582273
vn -0.6765144 0.6396652 -0.3649065
vn 0.0770455 -0.9970276 0.0000002
vn -0.5702260 -0.7359890 -0.3649146
vn -0.5056212 -0.7310155 -0.4582178
vn -0.0770457 0.9970275 -0.0000000
vn -0.5335830 0.6506925 -0.5402669
vn -0.6119393 0.6446379 -0.4582273
vn 0.0770455 -0.9970276 0.0000002
vn -0.5056212 -0.7310155 -0.4582178
vn -0.4272665 -0.7249615 -0.5402538
vn -0.0770457 0.9970275 -0.0000000
vn -0.4433955 0.6576657 -0.6089962
vn -0.5335830 0.6506925 -0.5402669
vn 0.0770455 -0.9970276 0.0000002
vn -0.4272665 -0.7249615 -0.5402538
vn -0.3370852 -0.7179888 -0.6089874
vn -0.0770457 0.9970275 -0.0000000
vn -0.3436020 0.6653786 -0.6627284
vn -0.4433955 0.6576657 -0.6089962
vn 0.0770455 -0.9970276 0.0000002
vn -0.3370852 -0.7179888 -0.6089874
vn -0.2372957 -0.7102742 -0.6627227
vn -0.0770457 0.9970275 -0.0000000
vn -0.2366639 0.6736391 -0.7001432
vn -0.3436020 0.6653786 -0.6627284
vn 0.0770455 -0.9970276 0.0000002
vn -0.2372957 -0.7102742 -0.6627227
vn -0.1303556 -0.7020163 -0.7001290
vn -0.0770457 0.9970275 -0.0000000
vn -0.1252092 0.6822551 -0.7203128
vn -0.2366639 0.6736391 -0.7001432
vn 0.0770455 -0.9970276 0.0000002
vn -0.1303556 -0.7020163 -0.7001290
vn -0.0189027 -0.6933975 -0.7203073
vn -0.0770457 0.9970275 -0.0000000
vn -0.0119743 0.6910101 -0.7227460
vn -0.1252092 0.6822551 -0.7203128
vn 0.0770455 -0.9970276 0.0000002
vn -0.0189027 -0.6933975 -0.7203073
vn 0.0943307 -0.6846404 -0.7227511
vn -0.0770457 0.9970275 -0.0000000
vn 0.1002429 0.6996872 -0.7073819
vn -0.0119743 0.6910101 -0.7227460
vn 0.0770455 -0.9970276 0.0000002
vn 0.0943307 -0.6846404 -0.7227511
vn 0.2065425 -0.6759667 -0.7073961
vn -0.0770457 0.9970275 -0.0000000
vn 0.2086794 0.7080697 -0.6746037
vn 0.1002429 0.6996872 -0.7073819
vn 0.0770455 -0.9970276 0.0000002
vn 0.2065425 -0.6759667 -0.7073961
vn 0.3149912 -0.6675881 -0.6746160
vn -0.0770457 0.9970275 -0.0000000
vn 0.3106667 0.7159544 -0.6252165
vn 0.2086794 0.7080697 -0.6746037
vn 0.0770455 -0.9970276 0.0000002
vn 0.3149912 -0.6675881 -0.6746160
vn 0.4169880 -0.6597013 -0.6252319
vn -0.0770457 0.9970275 -0.0000000
vn 0.4037161 0.7231331 -0.5604391
vn 0.3106667 0.7159544 -0.6252165
vn 0.0770455 -0.9970276 0.0000002
vn 0.4169880 -0.6597013 -0.6252319
vn 0.5100251 -0.6525205 -0.5604385
vn -0.0770457 0.9970275 -0.0000000
vn 0.4855203 0.7294559 -0.4818342
vn 0.4037161 0.7231331 -0.5604391
vn 0.0770455 -0.9970276 0.0000002
vn 0.5100251 -0.6525205 -0.5604385
vn 0.5918257 -0.6461933 -0.4818469
vn -0.0770457 0.9970275 -0.0000000
vn 0.5540112 0.7347712 -0.3913859
vn 0.4855203 0.7294559 -0.4818342
vn 0.0770455 -0.9970276 0.0000002
vn 0.5918257 -0.6461933 -0.4818469
vn 0.6603545 -0.6408803 -0.3914133
vn -0.0770457 0.9970275 -0.0000000
vn 0.6075861 0.7388962 -0.2913275
vn 0.5540112 0.7347712 -0.3913859
vn 0.0770455 -0.9970276 0.0000002
vn 0.6603545 -0.6408803 -0.3914133
vn 0.7139095 -0.6367558 -0.2913337
vn -0.0770457 0.9970275 -0.0000000
vn 0.6448902 0.7417781 -0.1840703
vn 0.6075861 0.7388962 -0.2913275
vn 0.0770455 -0.9970276 0.0000002
vn 0.7139095 -0.6367558 -0.2913337
vn 0.7512122 -0.6338755 -0.1840711
vn -0.0770457 0.9970275 -0.0000000
vn 0.6650025 0.7433363 -0.0722685
vn 0.6448902 0.7417781 -0.1840703
vn 0.0770455 -0.9970276 0.0000002
vn 0.7512122 -0.6338755 -0.1840711
vn 0.7713351 -0.6323124 -0.0722721
usemtl glass
f 1//1 2//2 42//3
f 1//4 42//5 41//6
f 2//7 3//8 43//9
f 2//10 43//11 42//12
f 3//13 4//14 44//15
f 3//16 44//17 43//18
f 4//19 5//20 45//21
f 4//22 45//23 44//24
f 5//25 6//26 46//27
f 5//28 46//29 45//30
f 6//31 7//32 47//33
f 6//34 47//35 46//36
f 7//37 8//38 48//39
f 7//40 48//41 47//42
f 8//43 9//44 49//45
f 8//46 49//47 48//48
f 9//49 10//50 50//51
f 9//52 50//53 49//54
f 10//55 11//56 51//57
f 10//58 51//59 50//60
f 11//61 12//62 52//63
f 11//64 52//65 51//66
f 12//67 13//68 53//69
f 12//70 53//71 52//72
f 13//73 14//74 54//75
f 13//76 54//77 53//78
f 14//79 15//80 55//81
f 14//82 55//83 54//84
f 15//85 16//86 56//87
f 15//88 56//89 55//90
f 16//91 17//92 57//93
f 16//94 57//95 56//96
f 17//97 18//98 58//99
f 17//100 58//101 57//102
f 18//103 19//104 59//105
f 18//106 59//107 58//108
f 19//109 20//110 60//111
f 19//112 60//113 59//114
f 20//115 21//116 61//117
f 20//118 61//119 60//120
f 21//121 22//122 62//123
f 21//124 62//125 61//126
f 22//127 23//128 63//129
f 22//130 63//131 62//132
f 23//133 24//134 64//135
f 23//136 64//137 63//138
f 24//139 25//140 65//141
f 24//142 65//143 64//144
f 25//145 26//146 66//147
f 25//148 66//149 65//150
f 26//151 27//152 67//153
f 26//154 67//155 66//156
f 27//157 28//158 68//159
f 27//160 68//161 67//162
f 28//163 29//164 69//165
f 28//166 69//167 68//168
f 29//169 30//170 70//171
f 29//172 70//173 69//174
f 30//175 31//176 71//177
f 30//178 71//179 70//180
f 31//181 32//182 72//183
f 31//184 72//185 71//186
f 32//187 33//188 73//189
f 32//190 73//191 72//192
f 33//193 34//194 74//195
f 33//196 74//197 73//198
f 34//199 35//200 75//201
f 34//202 75//203 74//204
f 35//205 36//206 76//207
f 35//208 76//209 75//210
f 36//211 37//212 77//213
f 36//214 77//215 76//216
f 37//217 38//218 78//219
f 37//220 78//221 77//222
f 38//223 39//224 79//225
f 38//226 79//227 78//228
f 39//229 40//230 80//231
f 39//232 80//233 79//234
f 40//235 1//236 41//237
f 40//238 41//239 80//240
f 81//241 2//242 1//243
f 82//244 41//245 42//246
f 81//247 3//248 2//249
f 82//250 42//251 43//252
f 81//253 4//254 3//255
f 82//256 43//257 44//258
f 81//259 5//260 4//261
f 82//262 44//263 45//264
f 81//265 6//266 5//267
f 82//268 45//269 46//270
f 81//271 7//272 6//273
f 82//274 46//275 47//276
f 81//277 8//278 7//279
f 82//280 47//281 48//282
f 81//283 9//284 8//285
f 82//286 48//287 49//288
f 81//289 10//290 9//291
f 82//292 49//293 50//294
f 81//295 11//296 10//297
f 82//298 50//299 51//300
f 81//301 12//302 11//303
f 82//304 51//305 52//306
f 81//307 13//308 12//309
f 82//310 52//311 53//312
f 81//313 14//314 13//315
f 82//316 53//317 54//318
f 81//319 15//320 14//321
f 82//322 54//323 55//324
f 81//325 16//326 15//327
f 82//328 55//329 56//330
f 81//331 17//332 16//333
f 82//334 56//335 57//336
f 81//337 18//338 17//339
f 82//340 57//341 58//342
f 81//343 19//344 18//345
f 82//346 58//347 59//348
f 81//349 20//350 19//351
f 82//352 59//353 60//354
f 81//355 21//356 20//357
f 82//358 60//359 61//360
f 81//361 22//362 21//363
f 82//364 61//365 62//366
f 81//367 23//368 22//369
f 82//370 62//371 63//372
f 81//373 24//374 23//375
f 82//376 63//377 64//378
f 81//379 25//380 24//381
f 82//382 64//383 65//384
f 81//385 26//386 25//387
f 82//388 65//389 66//390
f 81//391 27//392 26//393
f 82//394 66//395 67//396
f 81//397 28//398 27//399
f 82//400 67//401 68//402
f 81//403 29//404 28//405
f 82//406 68//407 69//408
f 81//409 30//410 29//411
f 82//412 69//413 70//414
f 81//415 31//416 30//417
f 82//418 70//419 71//420
f 81//421 32//422 31//423
f 82//424 71//425 72//426
f 81//427 33//428 32//429
f 82//430 72//431 73//432
f 81//433 34//434 33//435
f 82//436 73//437 74//438
f 81//439 35//440 34//441
f 82//442 74//443 75//444
f 81//445 36//446 35//447
f 82//448 75//449 76//450
f 81//451 37//452 36//453
f 82//454 76//455 77//456
f 81//457 38//458 37//459
f 82//460 77//461 78//462
f 81//463 39//464 38//465
f 82//466 78//467 79//468
f 81//469 40//470 39//471
f 82//472 79//473 80//474
f 81//475 1//476 40//477
f 82//478 80//479 41//480
f 83//481 84//482 124//483
f 83//484 124//485 123//486
f 84//487 85//488 125//489
f 84//490 125//491 124//492
f 85//493 86//494 126//495
f 85//496 126//497 125//498
f 86//499 87//500 127//501
f 86//502 127//503 126//504
f 87//505 88//506 128//507
f 87//508 128//509 127//510
f 88//511 89//512 129//513
f 88//514 129//515 128//516
f 89//517 90//518 130//519
f 89//520 130//521 129//522
f 90//523 91//524 131//525
f 90//526 131//527 130//528
f 91//529 92//530 132//531
f 91//532 132//533 131//534
f 92//535 93//536 133//537
f 92//538 133//539 132//540
f 93//541 94//542 134//543
f 93//544 134//545 133//546
f 94//547 95//548 135//549
f 94//550 135//551 134//552
f 95//553 96//554 136//555
f 95//556 136//557 135//558
f 96//559 97//560 137//561
f 96//562 137//563 136//564
f 97//565 98//566 138//567
f 97//568 138//569 137//570
f 98//571 99//572 139//573
f 98//574 139//575 138//576
f 99//577 100//578 140//579
f 99//580 140//581 139//582
f 100//583 101//584 141//585
f 100//586 141//587 140//588
f 101//589 102//590 142//591
f 101//592 142//593 141//594
f 102//595 103//596 143//597
f 102//598 143//599 142//600
f 103//601 104//602 144//603
f 103//604 144//605 143//606
f 104//607 105//608 145//609
f 104//610 145//611 144//612
f 105//613 106//614 146//615
f 105//616 146//617 145//618
f 106//619 107//620 147//621
f 106//622 147//623 146//624
f 107//625 108//626 148//627
f 107//628 148//629 147//630
f 108//631 109//632 149//633
f 108//634 149//635 148//636
f 109//637 110//638 150//639
f 109//640 150//641 149//642
f 110//643 111//644 151//645
f 110//646 151//647 150//648
f 111//649 112//650 152//651
f 111//652 152//653 151//654
f 112//655 113//656 153//657
f 112//658 153//659 152//660
f 113//661 114//662 154//663
f 113//664 154//665 153//666
f 114//667 115//668 155//669
f 114//670 155//671 154//672
f 115//673 116//674 156//675
f 115//676 156//677 155//678
f 116//679 117//680 157//681
f 116//682 157//683 156//684
f 117//685 118//686 158//687
f 117//688 158//689 157//690
f 118//691 119//692 159//693
f 118//694 159//695 158//696
f 119//697 120//698 160//699
f 119//700 160//701 159//702
f 120//703 121//704 161//705
f 120//706 161//707 160//708
f 121//709 122//710 162//711
f 121//712 162//713 161//714
f 122//715 83//716 123//717
f 122//718 123//719 162//720
f 163//721 84//722 83//723
f 164//724 123//725 124//726
f 163//727 85//728 84//729
f 164//730 124//731 125//732
f 163//733 86//734 85//735
f 164//736 125//737 126//738
f 163//739 87//740 86//741
f 164//742 126//743 127//744
f 163//745 88//746 87//747
f 164//748 127//749 128//750
f 163//751 89//752 88//753
f 164//754 128//755 129//756
f 163//757 90//758 89//759
f 164//760 129//761 130//762
f 163//763 91//764 90//765
f 164//766 130//767 131//768
f 163//769 92//770 91//771
f 164//772 131//773 132//774
f 163//775 93//776 92//777
f 164//778 132//779 133//780
f 163//781 94//782 93//783
f 164//784 133//785 134//786
f 163//787 95//788 94//789
f 164//790 134//791 135//792
f 163//793 96//794 95//795
f 164//796 135//797 136//798
f 163//799 97//800 96//801
f 164//802 136//803 137//804
f 163//805 98//806 97//807
f 164//808 137//809 138//810
f 163//811 99//812 98//813
f 164//814 138//815 139//816
f 163//817 100//818 99//819
f 164//820 139//821 140//822
f 163//823 101//824 100//825
f 164//826 140//827 141//828
f 163//829 102//830 101//831
f 164//832 141//833 142//834
f 163//835 103//836 102//837
f 164//838 142//839 143//840
f 163//841 104//842 103//843
f 164//844 143//845 144//846
f 163//847 105//848 104//849
f 164//850 144//851 145//852
f 163//853 106//854 105//855
f 164//856 145//857 146//858
f 163//859 107//860 106//861
f 164//862 146//863 147//864
f 163//865 108//866 107//867
f 164//868 147//869 148//870
f 163//871 109//872 108//873
f 164//874 148//875 149//876
f 163//877 110//878 109//879
f 164//880 149//881 150//882
f 163//883 111//884 110//885
f 164//886 150//887 151//888
f 163//889 112//890 111//891
f 164//892 151//893 152//894
f 163//895 113//896 112//897
f 164//898 152//899 153//900
f 163//901 114//902 113//903
f 164//904 153//905 154//906
f 163//907 115//908 114//909
f 164//910 154//911 155//912
f 163//913 116//914 115//915
f 164//916 155//917 156//918
f 163//919 117//920 116//921
f 164//922 156//923 157//924
f 163//925 118//926 117//927
f 164//928 157//929 158//930
f 163//931 119//932 118//933
f 164//934 158//935 159//936
f 163//937 120//938 119//939
f 164//940 159//941 160//942
f 163//943 121//944 120//945
f 164//946 160//947 161//948
f 163//949 122//950 121//951
f 164//952 161//953 162//954
f 163//955 83//956 122//957
f 164//958 162//959 123//960
f 165//961 166//962 206//963
f 165//964 206//965 205//966
f 166//967 167//968 207//969
f 166//970 207//971 206//972
f 167//973 168//974 208//975
f 167//976 208//977 207//978
f 168//979 169//980 209//981
f 168//982 209//983 208//984
f 169//985 170//986 210//987
f 169//988 210//989 209//990
f 170//991 171//992 211//993
f 170//994 211//995 210//996
f 171//997 172//998 212//999
f 171//1000 212//1001 211//1002
f 172//1003 173//1004 213//1005
f 172//1006 213//1007 212//1008
f 173//1009 174//1010 214//1011
f 173//1012 214//1013 213//1014
f 174//1015 175//1016 215//1017
f 174//1018 215//1019 214//1020
f 175//1021 176//1022 216//1023
f 175//1024 216//1025 215//1026
f 176//1027 177//1028 217//1029
f 176//1030 217//1031 216//1032
f 177//1033 178//1034 218//1035
f 177//1036 218//1037 217//1038
f 178//1039 179//1040 219//1041
f 178//1042 219//1043 218//1044
f 179//1045 180//1046 220//1047
f 179//1048 220//1049 219//1050
f 180//1051 181//1052 221//1053
f 180//1054 221//1055 220//1056
f 181//1057 182//1058 222//1059
f 181//1060 222//1061 221//1062
f 182//1063 183//1064 223//1065
f 182//1066 223//1067 222//1068
f 183//1069 184//1070 224//1071
f 183//1072 224//1073 223//1074
f 184//1075 185//1076 225//1077
f 184//1078 225//1079 224//1080
f 185//1081 186//1082 226//1083
f 185//1084 226//1085 225//1086
f 186//1087 187//1088 227//1089
f 186//1090 227//1091 226//1092
f 187//1093 188//1094 228//1095
f 187//1096 228//1097 227//1098
f 188//1099 189//1100 229//1101
f 188//1102 229//1103 228//1104
f 189//1105 190//1106 230//1107
f 189//1108 230//1109 229//1110
f 190//1111 191//1112 231//1113
f 190//1114 231//1115 230//1116
f 191//1117 192//1118 232//1119
f 191//1120 232//1121 231//1122
f 192//1123 193//1124 233//1125
f 192//1126 233//1127 232//1128
f 193//1129 194//1130 234//1131
f 193//1132 234//1133 233//1134
f 194//1135 195//1136 235//1137
f 194//1138 235//1139 234//1140
f 195//1141 196//1142 236//1143
f 195//1144 236//1145 235//1146
f 196//1147 197//1148 237//1149
f 196//1150 237//1151 236//1152
f 197//1153 198//1154 238//1155
f 197//1156 238//1157 237//1158
f 198//1159 199//1160 239//1161
f 198//1162 239//1163 238//1164
f 199//1165 200//1166 240//1167
f 199//1168 240//1169 239//1170
f 200//1171 201//1172 241//1173
f 200//1174 241//1175 240//1176
f 201//1177 202//1178 242//1179
f 201//1180 242//1181 241//1182
f 202//1183 203//1184 243//1185
f 202//1186 243//1187 242//1188
f 203//1189 204//1190 244//1191
f 203//1192 244//1193 243//1194
f 204//1195 165//1196 205//1197
f 204//1198 205//1199 244//1200
f 245//1201 166//1202 165//1203
f 246//1204 205//1205 206//1206
f 245//1207 167//1208 166//1209
f 246//1210 206//1211 207//1212
f 245//1213 168//1214 167//1215
f 246//1216 207//1217 208//1218
f 245//1219 169//1220 168//1221
f 246//1222 208//1223 209//1224
f 245//1225 170//1226 169//1227
f 246//1228 209//1229 210//1230
f 245//1231 171//1232 170//1233
f 246//1234 210//1235 211//1236
f 245//1237 172//1238 171//1239
f 246//1240 211//1241 212//1242
f 245//1243 173//1244 172//1245
f 246//1246 212//1247 213//1248
f 245//1249 174//1250 173//1251
f 246//1252 213//1253 214//1254
f 245//1255 175//1256 174//1257
f 246//1258 214//1259 215//1260
f 245//1261 176//1262 175//1263
f 246//1264 215//1265 216//1266
f 245//1267 177//1268 176//1269
f 246//1270 216//1271 217//1272
f 245//1273 178//1274 177//1275
f 246//1276 217//1277 218//1278
f 245//1279 179//1280 178//1281
f 246//1282 218//1283 219//1284
f 245//1285 180//1286 179//1287
f 246//1288 219//1289 220//1290
f 245//1291 181//1292 180//1293
f 246//1294 220//1295 221//1296
f 245//1297 182//1298 181//1299
f 246//1300 221//1301 222//1302
f 245//1303 183//1304 182//1305
f 246//1306 222//1307 223//1308
f 245//1309 184//1310 183//1311
f 246//1312 223//1313 224//1314
f 245//1315 185//1316 184//1317
f 246//1318 224//1319 225//1320
f 245//1321 186//1322 185//1323
f 246//1324 225//1325 226//1326
f 245//1327 187//1328 186//1329
f 246//1330 226//1331 227//1332
f 245//1333 188//1334 187//1335
f 246//1336 227//1337 228//1338
f 245//1339 189//1340 188//1341
f 246//1342 228//1343 229//1344
f 245//1345 190//1346 189//1347
f 246//1348 229//1349 230//1350
f 245//1351 191//1352 190//1353
f 246//1354 230//1355 231//1356
f 245//1357 192//1358 191//1359
f 246//1360 231//1361 232//1362
f 245//1363 193//1364 192//1365
f 246//1366 232//1367 233//1368
f 245//1369 194//1370 193//1371
f 246//1372 233//1373 234//1374
f 245//1375 195//1376 194//1377
f 246//1378 234//1379 235//1380
f 245//1381 196//1382 195//1383
f 246//1384 235//1385 236//1386
f 245//1387 197//1388 196//1389
f 246//1390 236//1391 237//1392
f 245//1393 198//1394 197//1395
f 246//1396 237//1397 238//1398
f 245//1399 199//1400 198//1401
f 246//1402 238//1403 239//1404
f 245//1405 200//1406 199//1407
f 246//1408 239//1409 240//1410
f 245//1411 201//1412 200//1413
f 246//1414 240//1415 241//1416
f 245//1417 202//1418 201//1419
f 246//1420 241//1421 242//1422
f 245//1423 203//1424 202//1425
f 246//1426 242//1427 243//1428
f 245//1429 204//1430 203//1431
f 246//1432 243//1433 244//1434
f 245//1435 165//1436 204//1437
f 246//1438 244//1439 205//1440
f 247//1441 248//1442 288//1443
f 247//1444 288//1445 287//1446
f 248//1447 249//1448 289//1449
f 248//1450 289//1451 288//1452
f 249//1453 250//1454 290//1455
f 249//1456 290//1457 289//1458
f 250//1459 251//1460 291//1461
f 250//1462 291//1463 290//1464
f 251//1465 252//1466 292//1467
f 251//1468 292//1469 291//1470
f 252//1471 253//1472 293//1473
f 252//1474 293//1475 292//1476
f 253//1477 254//1478 294//1479
f 253//1480 294//1481 293//1482
f 254//1483 255//1484 295//1485
f 254//1486 295//1487 294//1488
f 255//1489 256//1490 296//1491
f 255//1492 296//1493 295//1494
f 256//1495 257//1496 297//1497
f 256//1498 297//1499 296//1500
f 257//1501 258//1502 298//1503
f 257//1504 298//1505 297//1506
f 258//1507 259//1508 299//1509
f 258//1510 299//1511 298//1512
f 259//1513 260//1514 300//1515
f 259//1516 300//1517 299//1518
f 260//1519 261//1520 301//1521
f 260//1522 301//1523 300//1524
f 261//1525 262//1526 302//1527
f 261//1528 302//1529 301//1530
f 262//1531 263//1532 303//1533
f 262//1534 303//1535 302//1536
f 263//1537 264//1538 304//1539
f 263//1540 304//1541 303//1542
f 264//1543 265//1544 305//1545
f 264//1546 305//1547 304//1548
f 265//1549 266//1550 306//1551
f 265//1552 306//1553 305//1554
f 266//1555 267//1556 307//1557
f 266//1558 307//1559 306//1560
f 267//1561 268//1562 308//1563
f 267//1564 308//1565 307//1566
f 268//1567 269//1568 309//1569
f 268//1570 309//1571 308//1572
f 269//1573 270//1574 310//1575
f 269//1576 310//1577 309//1578
f 270//1579 271//1580 311//1581
f 270//1582 311//1583 310//1584
f 271//1585 272//1586 312//1587
f 271//1588 312//1589 311//1590
f 272//1591 273//1592 313//1593
f 272//1594 313//1595 312//1596
f 273//1597 274//1598 314//1599
f 273//1600 314//1601 313//1602
f 274//1603 275//1604 315//1605
f 274//1606 315//1607 314//1608
f 275//1609 276//1610 316//1611
f 275//1612 316//1613 315//1614
f 276//1615 277//1616 317//1617
f 276//1618 317//1619 316//1620
f 277//1621 278//1622 318//1623
f 277//1624 318//1625 317//1626
f 278//1627 279//1628 319//1629
f 278//1630 319//1631 318//1632
f 279//1633 280//1634 320//1635
f 279//1636 320//1637 319//1638
f 280//1639 281//1640 321//1641
f 280//1642 321//1643 320//1644
f 281//1645 282//1646 322//1647
f 281//1648 322//1649 321//1650
f 282//1651 283//1652 323//1653
f 282//1654 323//1655 322//1656
f 283//1657 284//1658 324//1659
f 283//1660 324//1661 323//1662
f 284//1663 285//1664 325//1665
f 284//1666 325//1667 324//1668
f 285//1669 286//1670 326//1671
f 285//1672 326//1673 325//1674
f 286//1675 247//1676 287//1677
f 286//1678 287//1679 326//1680
f 327//1681 248//1682 247//1683
f 328//1684 287//1685 288//1686
f 327//1687 249//1688 248//1689
f 328//1690 288//1691 289//1692
f 327//1693 250//1694 249//1695
f 328//1696 289//1697 290//1698
f 327//1699 251//1700 250//1701
f 328//1702 290//1703 291//1704
f 327//1705 252//1706 251//1707
f 328//1708 291//1709 292//1710
f 327//1711 253//1712 252//1713
f 328//1714 292//1715 293//1716
f 327//1717 254//1718 253//1719
f 328//1720 293//1721 294//1722
f 327//1723 255//1724 254//1725
f 328//1726 294//1727 295//1728
f 327//1729 256//1730 255//1731
f 328//1732 295//1733 296//1734
f 327//1735 257//1736 256//1737
f 328//1738 296//1739 297//1740
f 327//1741 258//1742 257//1743
f 328//1744 297//1745 298//1746
f 327//1747 259//1748 258//1749
f 328//1750 298//1751 299//1752
f 327//1753 260//1754 259//1755
f 328//1756 299//1757 300//1758
f 327//1759 261//1760 260//1761
f 328//1762 300//1763 301//1764
f 327//1765 262//1766 261//1767
f 328//1768 301//1769 302//1770
f 327//1771 263//1772 262//1773
f 328//1774 302//1775 303//1776
f 327//1777 264//1778 263//1779
f 328//1780 303//1781 304//1782
f 327//1783 265//1784 264//1785
f 328//1786 304//1787 305//1788
f 327//1789 266//1790 265//1791
f 328//1792 305//1793 306//1794
f 327//1795 267//1796 266//1797
f 328//1798 306//1799 307//1800
f 327//1801 268//1802 267//1803
f 328//1804 307//1805 308//1806
f 327//1807 269//1808 268//1809
f 328//1810 308//1811 309//1812
f 327//1813 270//1814 269//1815
f 328//1816 309//1817 310//1818
f 327//1819 271//1820 270//1821
f 328//1822 310//1823 311//1824
f 327//1825 272//1826 271//1827
f 328//1828 311//1829 312//1830
f 327//1831 273//1832 272//1833
f 328//1834 312//1835 313//1836
f 327//1837 274//1838 273//1839
f 328//1840 313//1841 314//1842
f 327//1843 275//1844 274//1845
f 328//1846 314//1847 315//1848
f 327//1849 276//1850 275//1851
f 328//1852 315//1853 316//1854
f 327//1855 277//1856 276//1857
f 328//1858 316//1859 317//1860
f 327//1861 278//1862 277//1863
f 328//1864 317//1865 318//1866
f 327//1867 279//1868 278//1869
f 328//1870 318//1871 319//1872
f 327//1873 280//1874 279//1875
f 328//1876 319//1877 320//1878
f 327//1879 281//1880 280//1881
f 328//1882 320//1883 321//1884
f 327//1885 282//1886 281//1887
f 328//1888 321//1889 322//1890
f 327//1891 283//1892 282//1893
f 328//1894 322//1895 323//1896
f 327//1897 284//1898 283//1899
f 328//1900 323//1901 324//1902
f 327//1903 285//1904 284//1905
f 328//1906 324//1907 325//1908
f 327//1909 286//1910 285//1911
f 328//1912 325//1913 326//1914
f 327//1915 247//1916 286//1917
f 328//1918 326//1919 287//1920
f 329//1921 330//1922 370//1923
f 329//1924 370//1925 369//1926
f 330//1927 331//1928 371//1929
f 330//1930 371//1931 370//1932
f 331//1933 332//1934 372//1935
f 331//1936 372//1937 371//1938
f 332//1939 333//1940 373//1941
f 332//1942 373//1943 372//1944
f 333//1945 334//1946 374//1947
f 333//1948 374//1949 373//1950
f 334//1951 335//1952 375//1953
f 334//1954 375//1955 374//1956
f 335//1957 336//1958 376//1959
f 335//1960 376//1961 375//1962
f 336//1963 337//1964 377//1965
f 336//1966 377//1967 376//1968
f 337//1969 338//1970 378//1971
f 337//1972 378//1973 377//1974
f 338//1975 339//1976 379//1977
f 338//1978 379//1979 378//1980
f 339//1981 340//1982 380//1983
f 339//1984 380//1985 379//1986
f 340//1987 341//1988 381//1989
f 340//1990 381//1991 380//1992
f 341//1993 342//1994 382//1995
f 341//1996 382//1997 381//1998
f 342//1999 343//2000 383//2001
f 342//2002 383//2003 382//2004
f 343//2005 344//2006 384//2007
f 343//2008 384//2009 383//2010
f 344//2011 345//2012 385//2013
f 344//2014 385//2015 384//2016
f 345//2017 346//2018 386//2019
f 345//2020 386//2021 385//2022
f 346//2023 347//2024 387//2025
f 346//2026 387//2027 386//2028
f 347//2029 348//2030 388//2031
f 347//2032 388//2033 387//2034
f 348//2035 349//2036 389//2037
f 348//2038 389//2039 388//2040
f 349//2041 350//2042 390//2043
f 349//2044 390//2045 389//2046
f 350//2047 351//2048 391//2049
f 350//2050 391//2051 390//2052
f 351//2053 352//2054 392//2055
f 351//2056 392//2057 391//2058
f 352//2059 353//2060 393//2061
f 352//2062 393//2063 392//2064
f 353//2065 354//2066 394//2067
f 353//2068 394//2069 393//2070
f 354//2071 355//2072 395//2073
f 354//2074 395//2075 394//2076
f 355//2077 356//2078 396//2079
f 355//2080 396//2081 395//2082
f 356//2083 357//2084 397//2085
f 356//2086 397//2087 396//2088
f 357//2089 358//2090 398//2091
f 357//2092 398//2093 397//2094
f 358//2095 359//2096 399//2097
f 358//2098 399//2099 398//2100
f 359//2101 360//2102 400//2103
f 359//2104 400//2105 399//2106
f 360//2107 361//2108 401//2109
f 360//2110 401//2111 400//2112
f 361//2113 362//2114 402//2115
f 361//2116 402//2117 401//2118
f 362//2119 363//2120 403//2121
f 362//2122 403//2123 402//2124
f 363//2125 364//2126 404//2127
f 363//2128 404//2129 403//2130
f 364//2131 365//2132 405//2133
f 364//2134 405//2135 404//2136
f 365//2137 366//2138 406//2139
f 365//2140 406//2141 405//2142
f 366//2143 367//2144 407//2145
f 366//2146 407//2147 406//2148
f 367//2149 368//2150 408//2151
f 367//2152 408//2153 407//2154
f 368//2155 329//2156 369//2157
f 368//2158 369//2159 408//2160
f 409//2161 330//2162 329//2163
f 410//2164 369//2165 370//2166
f 409//2167 331//2168 330//2169
f 410//2170 370//2171 371//2172
f 409//2173 332//2174 331//2175
f 410//2176 371//2177 372//2178
f 409//2179 333//2180 332//2181
f 410//2182 372//2183 373//2184
f 409//2185 334//2186 333//2187
f 410//2188 373//2189 374//2190
f 409//2191 335//2192 334//2193
f 410//2194 374//2195 375//2196
f 409//2197 336//2198 335//2199
f 410//2200 375//2201 376//2202
f 409//2203 337//2204 336//2205
f 410//2206 376//2207 377//2208
f 409//2209 338//2210 337//2211
f 410//2212 377//2213 378//2214
f 409//2215 339//2216 338//2217
f 410//2218 378//2219 379//2220
f 409//2221 340//2222 339//2223
f 410//2224 379//2225 380//2226
f 409//2227 341//2228 340//2229
f 410//2230 380//2231 381//2232
f 409//2233 342//2234 341//2235
f 410//2236 381//2237 382//2238
f 409//2239 343//2240 342//2241
f 410//2242 382//2243 383//2244
f 409//2245 344//2246 343//2247
f 410//2248 383//2249 384//2250
f 409//2251 345//2252 344//2253
f 410//2254 384//2255 385//2256
f 409//2257 346//2258 345//2259
f 410//2260 385//2261 386//2262
f 409//2263 347//2264 346//2265
f 410//2266 386//2267 387//2268
f 409//2269 348//2270 347//2271
f 410//2272 387//2273 388//2274
f 409//2275 349//2276 348//2277
f 410//2278 388//2279 389//2280
f 409//2281 350//2282 349//2283
f 410//2284 389//2285 390//2286
f 409//2287 351//2288 350//2289
f 410//2290 390//2291 391//2292
f 409//2293 352//2294 351//2295
f 410//2296 391//2297 392//2298
f 409//2299 353//2300 352//2301
f 410//2302 392//2303 393//2304
f 409//2305 354//2306 353//2307
f 410//2308 393//2309 394//2310
f 409//2311 355//2312 354//2313
f 410//2314 394//2315 395//2316
f 409//2317 356//2318 355//2319
f 410//2320 395//2321 396//2322
f 409//2323 357//2324 356//2325
f 410//2326 396//2327 397//2328
f 409//2329 358//2330 357//2331
f 410//2332 397//2333 398//2334
f 409//2335 359//2336 358//2337
f 410//2338 398//2339 399//2340
f 409//2341 360//2342 359//2343
f 410//2344 399//2345 400//2346
f 409//2347 361//2348 360//2349
f 410//2350 400//2351 401//2352
f 409//2353 362//2354 361//2355
f 410//2356 401//2357 402//2358
f 409//2359 363//2360 362//2361
f 410//2362 402//2363 403//2364
f 409//2365 364//2366 363//2367
f 410//2368 403//2369 404//2370
f 409//2371 365//2372 364//2373
f 410//2374 404//2375 405//2376
f 409//2377 366//2378 365//2379
f 410//2380 405//2381 406//2382
f 409//2383 367//2384 366//2385
f 410//2386 406//2387 407//2388
f 409//2389 368//2390 367//2391
f 410//2392 407//2393 408//2394
f 409//2395 329//2396 368//2397
f 410//2398 408//2399 369//2400
f 411//2401 412//2402 452//2403
f 411//2404 452//2405 451//2406
f 412//2407 413//2408 453//2409
f 412//2410 453//2411 452//2412
f 413//2413 414//2414 454//2415
f 413//2416 454//2417 453//2418
f 414//2419 415//2420 455//2421
f 414//2422 455//2423 454//2424
f 415//2425 416//2426 456//2427
f 415//2428 456//2429 455//2430
f 416//2431 417//2432 457//2433
f 416//2434 457//2435 456//2436
f 417//2437 418//2438 458//2439
f 417//2440 458//2441 457//2442
f 418//2443 419//2444 459//2445
f 418//2446 459//2447 458//2448
f 419//2449 420//2450 460//2451
f 419//2452 460//2453 459//2454
f 420//2455 421//2456 461//2457
f 420//2458 461//2459 460//2460
f 421//2461 422//2462 462//2463
f 421//2464 462//2465 461//2466
f 422//2467 423//2468 463//2469
f 422//2470 463//2471 462//2472
f 423//2473 424//2474 464//2475
f 423//2476 464//2477 463//2478
f 424//2479 425//2480 465//2481
f 424//2482 465//2483 464//2484
f 425//2485 426//2486 466//2487
f 425//2488 466//2489 465//2490
f 426//2491 427//2492 467//2493
f 426//2494 467//2495 466//2496
f 427//2497 428//2498 468//2499
f 427//2500 468//2501 467//2502
f 428//2503 429//2504 469//2505
f 428//2506 469//2507 468//2508
f 429//2509 430//2510 470//2511
f 429//2512 470//2513 469//2514
f 430//2515 431//2516 471//2517
f 430//2518 471//2519 470//2520
f 431//2521 432//2522 472//2523
f 431//2524 472//2525 471//2526
f 432//2527 433//2528 473//2529
f 432//2530 473//2531 472//2532
f 433//2533 434//2534 474//2535
f 433//2536 474//2537 473//2538
f 434//2539 435//2540 475//2541
f 434//2542 475//2543 474//2544
f 435//2545 436//2546 476//2547
f 435//2548 476//2549 475//2550
f 436//2551 437//2552 477//2553
f 436//2554 477//2555 476//2556
f 437//2557 438//2558 478//2559
f 437//2560 478//2561 477//2562
f 438//2563 439//2564 479//2565
f 438//2566 479//2567 478//2568
f 439//2569 440//2570 480//2571
f 439//2572 480//2573 479//2574
f 440//2575 441//2576 481//2577
f 440//2578 481//2579 480//2580
f 441//2581 442//2582 482//2583
f 441//2584 482//2585 481//2586
f 442//2587 443//2588 483//2589
f 442//2590 483//2591 482//2592
f 443//2593 444//2594 484//2595
f 443//2596 484//2597 483//2598
f 444//2599 445//2600 485//2601
f 444//2602 485//2603 484//2604
f 445//2605 446//2606 486//2607
f 445//2608 486//2609 485//2610
f 446//2611 447//2612 487//2613
f 446//2614 487//2615 486//2616
f 447//2617 448//2618 488//2619
f 447//2620 488//2621 487//2622
f 448//2623 449//2624 489//2625
f 448//2626 489//2627 488//2628
f 449//2629 450//2630 490//2631
f 449//2632 490//2633 489//2634
f 450//2635 411//2636 451//2637
f 450//2638 451//2639 490//2640
f 491//2641 412//2642 411//2643
f 492//2644 451//2645 452//2646
f 491//2647 413//2648 412//2649
f 492//2650 452//2651 453//2652
f 491//2653 414//2654 413//2655
f 492//2656 453//2657 454//2658
f 491//2659 415//2660 414//2661
f 492//2662 454//2663 455//2664
f 491//2665 416//2666 415//2667
f 492//2668 455//2669 456//2670
f 491//2671 417//2672 416//2673
f 492//2674 456//2675 457//2676
f 491//2677 418//2678 417//2679
f 492//2680 457//2681 458//2682
f 491//2683 419//2684 418//2685
f 492//2686 458//2687 459//2688
f 491//2689 420//2690 419//2691
f 492//2692 459//2693 460//2694
f 491//2695 421//2696 420//2697
f 492//2698 460//2699 461//2700
f 491//2701 422//2702 421//2703
f 492//2704 461//2705 462//2706
f 491//2707 423//2708 422//2709
f 492//2710 462//2711 463//2712
f 491//2713 424//2714 423//2715
f 492//2716 463//2717 464//2718
f 491//2719 425//2720 424//2721
f 492//2722 464//2723 465//2724
f 491//2725 426//2726 425//2727
f 492//2728 465//2729 466//2730
f 491//2731 427//2732 426//2733
f 492//2734 466//2735 467//2736
f 491//2737 428//2738 427//2739
f 492//2740 467//2741 468//2742
f 491//2743 429//2744 428//2745
f 492//2746 468//2747 469//2748
f 491//2749 430//2750 429//2751
f 492//2752 469//2753 470//2754
f 491//2755 431//2756 430//2757
f 492//2758 470//2759 471//2760
f 491//2761 432//2762 431//2763
f 492//2764 471//2765 472//2766
f 491//2767 433//2768 432//2769
f 492//2770 472//2771 473//2772
f 491//2773 434//2774 433//2775
f 492//2776 473//2777 474//2778
f 491//2779 435//2780 434//2781
f 492//2782 474//2783 475//2784
f 491//2785 436//2786 435//2787
f 492//2788 475//2789 476//2790
f 491//2791 437//2792 436//2793
f 492//2794 476//2795 477//2796
f 491//2797 438//2798 437//2799
f 492//2800 477//2801 478//2802
f 491//2803 439//2804 438//2805
f 492//2806 478//2807 479//2808
f 491//2809 440//2810 439//2811
f 492//2812 479//2813 480//2814
f 491//2815 441//2816 440//2817
f 492//2818 480//2819 481//2820
f 491//2821 442//2822 441//2823
f 492//2824 481//2825 482//2826
f 491//2827 443//2828 442//2829
f 492//2830 482//2831 483//2832
f 491//2833 444//2834 443//2835
f 492//2836 483//2837 484//2838
f 491//2839 445//2840 444//2841
f 492//2842 484//2843 485//2844
f 491//2845 446//2846 445//2847
f 492//2848 485//2849 486//2850
f 491//2851 447//2852 446//2853
f 492//2854 486//2855 487//2856
f 491//2857 448//2858 447//2859
f 492//2860 487//2861 488//2862
f 491//2863 449//2864 448//2865
f 492//2866 488//2867 489//2868
f 491//2869 450//2870 449//2871
f 492//2872 489//2873 490//2874
f 491//2875 411//2876 450//2877
f 492//2878 490//2879 451//2880
f 493//2881 494//2882 534//2883
f 493//2884 534//2885 533//2886
f 494//2887 495//2888 535//2889
f 494//2890 535//2891 534//2892
f 495//2893 496//2894 536//2895
f 495//2896 536//2897 535//2898
f 496//2899 497//2900 537//2901
f 496//2902 537//2903 536//2904
f 497//2905 498//2906 538//2907
f 497//2908 538//2909 537//2910
f 498//2911 499//2912 539//2913
f 498//2914 539//2915 538//2916
f 499//2917 500//2918 540//2919
f 499//2920 540//2921 539//2922
f 500//2923 501//2924 541//2925
f 500//2926 541//2927 540//2928
f 501//2929 502//2930 542//2931
f 501//2932 542//2933 541//2934
f 502//2935 503//2936 543//2937
f 502//2938 543//2939 542//2940
f 503//2941 504//2942 544//2943
f 503//2944 544//2945 543//2946
f 504//2947 505//2948 545//2949
f 504//2950 545//2951 544//2952
f 505//2953 506//2954 546//2955
f 505//2956 546//2957 545//2958
f 506//2959 507//2960 547//2961
f 506//2962 547//2963 546//2964
f 507//2965 508//2966 548//2967
f 507//2968 548//2969 547//2970
f 508//2971 509//2972 549//2973
f 508//2974 549//2975 548//2976
f 509//2977 510//2978 550//2979
f 509//2980 550//2981 549//2982
f 510//2983 511//2984 551//2985
f 510//2986 551//2987 550//2988
f 511//2989 512//2990 552//2991
f 511//2992 552//2993 551//2994
f 512//2995 513//2996 553//2997
f 512//2998 553//2999 552//3000
f 513//3001 514//3002 554//3003
f 513//3004 554//3005 553//3006
f 514//3007 515//3008 555//3009
f 514//3010 555//3011 554//3012
f 515//3013 516//3014 556//3015
f 515//3016 556//3017 555//3018
f 516//3019 517//3020 557//3021
f 516//3022 557//3023 556//3024
f 517//3025 518//3026 558//3027
f 517//3028 558//3029 557//3030
f 518//3031 519//3032 559//3033
f 518//3034 559//3035 558//3036
f 519//3037 520//3038 560//3039
f 519//3040 560//3041 559//3042
f 520//3043 521//3044 561//3045
f 520//3046 561//3047 560//3048
f 521//3049 522//3050 562//3051
f 521//3052 562//3053 561//3054
f 522//3055 523//3056 563//3057
f 522//3058 563//3059 562//3060
f 523//3061 524//3062 564//3063
f 523//3064 564//3065 563//3066
f 524//3067 525//3068 565//3069
f 524//3070 565//3071 564//3072
f 525//3073 526//3074 566//3075
f 525//3076 566//3077 565//3078
f 526//3079 527//3080 567//3081
f 526//3082 567//3083 566//3084
f 527//3085 528//3086 568//3087
f 527//3088 568//3089 567//3090
f 528//3091 529//3092 569//3093
f 528//3094 569//3095 568//3096
f 529//3097 530//3098 570//3099
f 529//3100 570//3101 569//3102
f 530//3103 531//3104 571//3105
f 530//3106 571//3107 570//3108
f 531//3109 532//3110 572//3111
f 531//3112 572//3113 571//3114
f 532//3115 493//3116 533//3117
f 532//3118 533//3119 572//3120
f 573//3121 494//3122 493//3123
f 574//3124 533//3125 534//3126
f 573//3127 495//3128 494//3129
f 574//3130 534//3131 535//3132
f 573//3133 496//3134 495//3135
f 574//3136 535//3137 536//3138
f 573//3139 497//3140 496//3141
f 574//3142 536//3143 537//3144
f 573//3145 498//3146 497//3147
f 574//3148 537//3149 538//3150
f 573//3151 499//3152 498//3153
f 574//3154 538//3155 539//3156
f 573//3157 500//3158 499//3159
f 574//3160 539//3161 540//3162
f 573//3163 501//3164 500//3165
f 574//3166 540//3167 541//3168
f 573//3169 502//3170 501//3171
f 574//3172 541//3173 542//3174
f 573//3175 503//3176 502//3177
f 574//3178 542//3179 543//3180
f 573//3181 504//3182 503//3183
f 574//3184 543//3185 544//3186
f 573//3187 505//3188 504//3189
f 574//3190 544//3191 545//3192
f 573//3193 506//3194 505//3195
f 574//3196 545//3197 546//3198
f 573//3199 507//3200 506//3201
f 574//3202 546//3203 547//3204
f 573//3205 508//3206 507//3207
f 574//3208 547//3209 548//3210
f 573//3211 509//3212 508//3213
f 574//3214 548//3215 549//3216
f 573//3217 510//3218 509//3219
f 574//3220 549//3221 550//3222
f 573//3223 511//3224 510//3225
f 574//3226 550//3227 551//3228
f 573//3229 512//3230 511//3231
f 574//3232 551//3233 552//3234
f 573//3235 513//3236 512//3237
f 574//3238 552//3239 553//3240
f 573//3241 514//3242 513//3243
f 574//3244 553//3245 554//3246
f 573//3247 515//3248 514//3249
f 574//3250 554//3251 555//3252
f 573//3253 516//3254 515//3255
f 574//3256 555//3257 556//3258
f 573//3259 517//3260 516//3261
f 574//3262 556//3263 557//3264
f 573//3265 518//3266 517//3267
f 574//3268 557//3269 558//3270
f 573//3271 519//3272 518//3273
f 574//3274 558//3275 559//3276
f 573//3277 520//3278 519//3279
f 574//3280 559//3281 560//3282
f 573//3283 521//3284 520//3285
f 574//3286 560//3287 561//3288
f 573//3289 522//3290 521//3291
f 574//3292 561//3293 562//3294
f 573//3295 523//3296 522//3297
f 574//3298 562//3299 563//3300
f 573//3301 524//3302 523//3303
f 574//3304 563//3305 564//3306
f 573//3307 525//3308 524//3309
f 574//3310 564//3311 565//3312
f 573//3313 526//3314 525//3315
f 574//3316 565//3317 566//3318
f 573//3319 527//3320 526//3321
f 574//3322 566//3323 567//3324
f 573//3325 528//3326 527//3327
f 574//3328 567//3329 568//3330
f 573//3331 529//3332 528//3333
f 574//3334 568//3335 569//3336
f 573//3337 530//3338 529//3339
f 574//3340 569//3341 570//3342
f 573//3343 531//3344 530//3345
f 574//3346 570//3347 571//3348
f 573//3349 532//3350 531//3351
f 574//3352 571//3353 572//3354
f 573//3355 493//3356 532//3357
f 574//3358 572//3359 533//3360
f 575//3361 576//3362 616//3363
f 575//3364 616//3365 615//3366
f 576//3367 577//3368 617//3369
f 576//3370 617//3371 616//3372
f 577//3373 578//3374 618//3375
f 577//3376 618//3377 617//3378
f 578//3379 579//3380 619//3381
f 578//3382 619//3383 618//3384
f 579//3385 580//3386 620//3387
f 579//3388 620//3389 619//3390
f 580//3391 581//3392 621//3393
f 580//3394 621//3395 620//3396
f 581//3397 582//3398 622//3399
f 581//3400 622//3401 621//3402
f 582//3403 583//3404 623//3405
f 582//3406 623//3407 622//3408
f 583//3409 584//3410 624//3411
f 583//3412 624//3413 623//3414
f 584//3415 585//3416 625//3417
f 584//3418 625//3419 624//3420
f 585//3421 586//3422 626//3423
f 585//3424 626//3425 625//3426
f 586//3427 587//3428 627//3429
f 586//3430 627//3431 626//3432
f 587//3433 588//3434 628//3435
f 587//3436 628//3437 627//3438
f 588//3439 589//3440 629//3441
f 588//3442 629//3443 628//3444
f 589//3445 590//3446 630//3447
f 589//3448 630//3449 629//3450
f 590//3451 591//3452 631//3453
f 590//3454 631//3455 630//3456
f 591//3457 592//3458 632//3459
f 591//3460 632//3461 631//3462
f 592//3463 593//3464 633//3465
f 592//3466 633//3467 632//3468
f 593//3469 594//3470 634//3471
f 593//3472 634//3473 633//3474
f 594//3475 595//3476 635//3477
f 594//3478 635//3479 634//3480
f 595//3481 596//3482 636//3483
f 595//3484 636//3485 635//3486
f 596//3487 597//3488 637//3489
f 596//3490 637//3491 636//3492
f 597//3493 598//3494 638//3495
f 597//3496 638//3497 637//3498
f 598//3499 599//3500 639//3501
f 598//3502 639//3503 638//3504
f 599//3505 600//3506 640//3507
f 599//3508 640//3509 639//3510
f 600//3511 601//3512 641//3513
f 600//3514 641//3515 640//3516
f 601//3517 602//3518 642//3519
f 601//3520 642//3521 641//3522
f 602//3523 603//3524 643//3525
f 602//3526 643//3527 642//3528
f 603//3529 604//3530 644//3531
f 603//3532 644//3533 643//3534
f 604//3535 605//3536 645//3537
f 604//3538 645//3539 644//3540
f 605//3541 606//3542 646//3543
f 605//3544 646//3545 645//3546
f 606//3547 607//3548 647//3549
f 606//3550 647//3551 646//3552
f 607//3553 608//3554 648//3555
f 607//3556 648//3557 647//3558
f 608//3559 609//3560 649//3561
f 608//3562 649//3563 648//3564
f 609//3565 610//3566 650//3567
f 609//3568 650//3569 649//3570
f 610//3571 611//3572 651//3573
f 610//3574 651//3575 650//3576
f 611//3577 612//3578 652//3579
f 611//3580 652//3581 651//3582
f 612//3583 613//3584 653//3585
f 612//3586 653//3587 652//3588
f 613//3589 614//3590 654//3591
f 613//3592 654//3593 653//3594
f 614//3595 575//3596 615//3597
f 614//3598 615//3599 654//3600
f 655//3601 576//3602 575//3603
f 656//3604 615//3605 616//3606
f 655//3607 577//3608 576//3609
f 656//3610 616//3611 617//3612
f 655//3613 578//3614 577//3615
f 656//3616 617//3617 618//3618
f 655//3619 579//3620 578//3621
f 656//3622 618//3623 619//3624
f 655//3625 580//3626 579//3627
f 656//3628 619//3629 620//3630
f 655//3631 581//3632 580//3633
f 656//3634 620//3635 621//3636
f 655//3637 582//3638 581//3639
f 656//3640 621//3641 622//3642
f 655//3643 583//3644 582//3645
f 656//3646 622//3647 623//3648
f 655//3649 584//3650 583//3651
f 656//3652 623//3653 624//3654
f 655//3655 585//3656 584//3657
f 656//3658 624//3659 625//3660
f 655//3661 586//3662 585//3663
f 656//3664 625//3665 626//3666
f 655//3667 587//3668 586//3669
f 656//3670 626//3671 627//3672
f 655//3673 588//3674 587//3675
f 656//3676 627//3677 628//3678
f 655//3679 589//3680 588//3681
f 656//3682 628//3683 629//3684
f 655//3685 590//3686 589//3687
f 656//3688 629//3689 630//3690
f 655//3691 591//3692 590//3693
f 656//3694 630//3695 631//3696
f 655//3697 592//3698 591//3699
f 656//3700 631//3701 632//3702
f 655//3703 593//3704 592//3705
f 656//3706 632//3707 633//3708
f 655//3709 594//3710 593//3711
f 656//3712 633//3713 634//3714
f 655//3715 595//3716 594//3717
f 656//3718 634//3719 635//3720
f 655//3721 596//3722 595//3723
f 656//3724 635//3725 636//3726
f 655//3727 597//3728 596//3729
f 656//3730 636//3731 637//3732
f 655//3733 598//3734 597//3735
f 656//3736 637//3737 638//3738
f 655//3739 599//3740 598//3741
f 656//3742 638//3743 639//3744
f 655//3745 600//3746 599//3747
f 656//3748 639//3749 640//3750
f 655//3751 601//3752 600//3753
f 656//3754 640//3755 641//3756
f 655//3757 602//3758 601//3759
f 656//3760 641//3761 642//3762
f 655//3763 603//3764 602//3765
f 656//3766 642//3767 643//3768
f 655//3769 604//3770 603//3771
f 656//3772 643//3773 644//3774
f 655//3775 605//3776 604//3777
f 656//3778 644//3779 645//3780
f 655//3781 606//3782 605//3783
f 656//3784 645//3785 646//3786
f 655//3787 607//3788 606//3789
f 656//3790 646//3791 647//3792
f 655//3793 608//3794 607//3795
f 656//3796 647//3797 648//3798
f 655//3799 609//3800 608//3801
f 656//3802 648//3803 649//3804
f 655//3805 610//3806 609//3807
f 656//3808 649//3809 650//3810
f 655//3811 611//3812 610//3813
f 656//3814 650//3815 651//3816
f 655//3817 612//3818 611//3819
f 656//3820 651//3821 652//3822
f 655//3823 613//3824 612//3825
f 656//3826 652//3827 653//3828
f 655//3829 614//3830 613//3831
f 656//3832 653//3833 654//3834
f 655//3835 575//3836 614//3837
f 656//3838 654//3839 615//3840
f 657//3841 658//3842 698//3843
f 657//3844 698//3845 697//3846
f 658//3847 659//3848 699//3849
f 658//3850 699//3851 698//3852
f 659//3853 660//3854 700//3855
f 659//3856 700//3857 699//3858
f 660//3859 661//3860 701//3861
f 660//3862 701//3863 700//3864
f 661//3865 662//3866 702//3867
f 661//3868 702//3869 701//3870
f 662//3871 663//3872 703//3873
f 662//3874 703//3875 702//3876
f 663//3877 664//3878 704//3879
f 663//3880 704//3881 703//3882
f 664//3883 665//3884 705//3885
f 664//3886 705//3887 704//3888
f 665//3889 666//3890 706//3891
f 665//3892 706//3893 705//3894
f 666//3895 667//3896 707//3897
f 666//3898 707//3899 706//3900
f 667//3901 668//3902 708//3903
f 667//3904 708//3905 707//3906
f 668//3907 669//3908 709//3909
f 668//3910 709//3911 708//3912
f 669//3913 670//3914 710//3915
f 669//3916 710//3917 709//3918
f 670//3919 671//3920 711//3921
f 670//3922 711//3923 710//3924
f 671//3925 672//3926 712//3927
f 671//3928 712//3929 711//3930
f 672//3931 673//3932 713//3933
f 672//3934 713//3935 712//3936
f 673//3937 674//3938 714//3939
f 673//3940 714//3941 713//3942
f 674//3943 675//3944 715//3945
f 674//3946 715//3947 714//3948
f 675//3949 676//3950 716//3951
f 675//3952 716//3953 715//3954
f 676//3955 677//3956 717//3957
f 676//3958 717//3959 716//3960
f 677//3961 678//3962 718//3963
f 677//3964 718//3965 717//3966
f 678//3967 679//3968 719//3969
f 678//3970 719//3971 718//3972
f 679//3973 680//3974 720//3975
f 679//3976 720//3977 719//3978
f 680//3979 681//3980 721//3981
f 680//3982 721//3983 720//3984
f 681//3985 682//3986 722//3987
f 681//3988 722//3989 721//3990
f 682//3991 683//3992 723//3993
f 682//3994 723//3995 722//3996
f 683//3997 684//3998 724//3999
f 683//4000 724//4001 723//4002
f 684//4003 685//4004 725//4005
f 684//4006 725//4007 724//4008
f 685//4009 686//4010 726//4011
f 685//4012 726//4013 725//4014
f 686//4015 687//4016 727//4017
f 686//4018 727//4019 726//4020
f 687//4021 688//4022 728//4023
f 687//4024 728//4025 727//4026
f 688//4027 689//4028 729//4029
f 688//4030 729//4031 728//4032
f 689//4033 690//4034 730//4035
f 689//4036 730//4037 729//4038
f 690//4039 691//4040 731//4041
f 690//4042 731//4043 730//4044
f 691//4045 692//4046 732//4047
f 691//4048 732//4049 731//4050
f 692//4051 693//4052 733//4053
f 692//4054 733//4055 732//4056
f 693//4057 694//4058 734//4059
f 693//4060 734//4061 733//4062
f 694//4063 695//4064 735//4065
f 694//4066 735//4067 734//4068
f 695//4069 696//4070 736//4071
f 695//4072 736//4073 735//4074
f 696//4075 657//4076 697//4077
f 696//4078 697//4079 736//4080
f 737//4081 658//4082 657//4083
f 738//4084 697//4085 698//4086
f 737//4087 659//4088 658//4089
f 738//4090 698//4091 699//4092
f 737//4093 660//4094 659//4095
f 738//4096 699//4097 700//4098
f 737//4099 661//4100 660//4101
f 738//4102 700//4103 701//4104
f 737//4105 662//4106 661//4107
f 738//4108 701//4109 702//4110
f 737//4111 663//4112 662//4113
f 738//4114 702//4115 703//4116
f 737//4117 664//4118 663//4119
f 738//4120 703//4121 704//4122
f 737//4123 665//4124 664//4125
f 738//4126 704//4127 705//4128
f 737//4129 666//4130 665//4131
f 738//4132 705//4133 706//4134
f 737//4135 667//4136 666//4137
f 738//4138 706//4139 707//4140
f 737//4141 668//4142 667//4143
f 738//4144 707//4145 708//4146
f 737//4147 669//4148 668//4149
f 738//4150 708//4151 709//4152
f 737//4153 670//4154 669//4155
f 738//4156 709//4157 710//4158
f 737//4159 671//4160 670//4161
f 738//4162 710//4163 711//4164
f 737//4165 672//4166 671//4167
f 738//4168 711//4169 712//4170
f 737//4171 673//4172 672//4173
f 738//4174 712//4175 713//4176
f 737//4177 674//4178 673//4179
f 738//4180 713//4181 714//4182
f 737//4183 675//4184 674//4185
f 738//4186 714//4187 715//4188
f 737//4189 676//4190 675//4191
f 738//4192 715//4193 716//4194
f 737//4195 677//4196 676//4197
f 738//4198 716//4199 717//4200
f 737//4201 678//4202 677//4203
f 738//4204 717//4205 718//4206
f 737//4207 679//4208 678//4209
f 738//4210 718//4211 719//4212
f 737//4213 680//4214 679//4215
f 738//4216 719//4217 720//4218
f 737//4219 681//4220 680//4221
f 738//4222 720//4223 721//4224
f 737//4225 682//4226 681//4227
f 738//4228 721//4229 722//4230
f 737//4231 683//4232 682//4233
f 738//4234 722//4235 723//4236
f 737//4237 684//4238 683//4239
f 738//4240 723//4241 724//4242
f 737//4243 685//4244 684//4245
f 738//4246 724//4247 725//4248
f 737//4249 686//4250 685//4251
f 738//4252 725//4253 726//4254
f 737//4255 687//4256 686//4257
f 738//4258 726//4259 727//4260
f 737//4261 688//4262 687//4263
f 738//4264 727//4265 728//4266
f 737//4267 689//4268 688//4269
f 738//4270 728//4271 729//4272
f 737//4273 690//4274 689//4275
f 738//4276 729//4277 730//4278
f 737//4279 691//4280 690//4281
f 738//4282 730//4283 731//4284
f 737//4285 692//4286 691//4287
f 738//4288 731//4289 732//4290
f 737//4291 693//4292 692//4293
f 738//4294 732//4295 733//4296
f 737//4297 694//4298 693//4299
f 738//4300 733//4301 734//4302
f 737//4303 695//4304 694//4305
f 738//4306 734//4307 735//4308
f 737//4309 696//4310 695//4311
f 738//4312 735//4313 736//4314
f 737//4315 657//4316 696//4317
f 738//4318 736//4319 697//4320
f 739//4321 740//4322 780//4323
f 739//4324 780//4325 779//4326
f 740//4327 741//4328 781//4329
f 740//4330 781//4331 780//4332
f 741//4333 742//4334 782//4335
f 741//4336 782//4337 781//4338
f 742//4339 743//4340 783//4341
f 742//4342 783//4343 782//4344
f 743//4345 744//4346 784//4347
f 743//4348 784//4349 783//4350
f 744//4351 745//4352 785//4353
f 744//4354 785//4355 784//4356
f 745//4357 746//4358 786//4359
f 745//4360 786//4361 785//4362
f 746//4363 747//4364 787//4365
f 746//4366 787//4367 786//4368
f 747//4369 748//4370 788//4371
f 747//4372 788//4373 787//4374
f 748//4375 749//4376 789//4377
f 748//4378 789//4379 788//4380
f 749//4381 750//4382 790//4383
f 749//4384 790//4385 789//4386
f 750//4387 751//4388 791//4389
f 750//4390 791//4391 790//4392
f 751//4393 752//4394 792//4395
f 751//4396 792//4397 791//4398
f 752//4399 753//4400 793//4401
f 752//4402 793//4403 792//4404
f 753//4405 754//4406 794//4407
f 753//4408 794//4409 793//4410
f 754//4411 755//4412 795//4413
f 754//4414 795//4415 794//4416
f 755//4417 756//4418 796//4419
f 755//4420 796//4421 795//4422
f 756//4423 757//4424 797//4425
f 756//4426 797//4427 796//4428
f 757//4429 758//4430 798//4431
f 757//4432 798//4433 797//4434
f 758//4435 759//4436 799//4437
f 758//4438 799//4439 798//4440
f 759//4441 760//4442 800//4443
f 759//4444 800//4445 799//4446
f 760//4447 761//4448 801//4449
f 760//4450 801//4451 800//4452
f 761//4453 762//4454 802//4455
f 761//4456 802//4457 801//4458
f 762//4459 763//4460 803//4461
f 762//4462 803//4463 802//4464
f 763//4465 764//4466 804//4467
f 763//4468 804//4469 803//4470
f 764//4471 765//4472 805//4473
f 764//4474 805//4475 804//4476
f 765//4477 766//4478 806//4479
f 765//4480 806//4481 805//4482
f 766//4483 767//4484 807//4485
f 766//4486 807//4487 806//4488
f 767//4489 768//4490 808//4491
f 767//4492 808//4493 807//4494
f 768//4495 769//4496 809//4497
f 768//4498 809//4499 808//4500
f 769//4501 770//4502 810//4503
f 769//4504 810//4505 809//4506
f 770//4507 771//4508 811//4509
f 770//4510 811//4511 810//4512
f 771//4513 772//4514 812//4515
f 771//4516 812//4517 811//4518
f 772//4519 773//4520 813//4521
f 772//4522 813//4523 812//4524
f 773//4525 774//4526 814//4527
f 773//4528 814//4529 813//4530
f 774//4531 775//4532 815//4533
f 774//4534 815//4535 814//4536
f 775//4537 776//4538 816//4539
f 775//4540 816//4541 815//4542
f 776//4543 777//4544 817//4545
f 776//4546 817//4547 816//4548
f 777//4549 778//4550 818//4551
f 777//4552 818//4553 817//4554
f 778//4555 739//4556 779//4557
f 778//4558 779//4559 818//4560
f 819//4561 740//4562 739//4563
f 820//4564 779//4565 780//4566
f 819//4567 741//4568 740//4569
f 820//4570 780//4571 781//4572
f 819//4573 742//4574 741//4575
f 820//4576 781//4577 782//4578
f 819//4579 743//4580 742//4581
f 820//4582 782//4583 783//4584
f 819//4585 744//4586 743//4587
f 820//4588 783//4589 784//4590
f 819//4591 745//4592 744//4593
f 820//4594 784//4595 785//4596
f 819//4597 746//4598 745//4599
f 820//4600 785//4601 786//4602
f 819//4603 747//4604 746//4605
f 820//4606 786//4607 787//4608
f 819//4609 748//4610 747//4611
f 820//4612 787//4613 788//4614
f 819//4615 749//4616 748//4617
f 820//4618 788//4619 789//4620
f 819//4621 750//4622 749//4623
f 820//4624 789//4625 790//4626
f 819//4627 751//4628 750//4629
f 820//4630 790//4631 791//4632
f 819//4633 752//4634 751//4635
f 820//4636 791//4637 792//4638
f 819//4639 753//4640 752//4641
f 820//4642 792//4643 793//4644
f 819//4645 754//4646 753//4647
f 820//4648 793//4649 794//4650
f 819//4651 755//4652 754//4653
f 820//4654 794//4655 795//4656
f 819//4657 756//4658 755//4659
f 820//4660 795//4661 796//4662
f 819//4663 757//4664 756//4665
f 820//4666 796//4667 797//4668
f 819//4669 758//4670 757//4671
f 820//4672 797//4673 798//4674
f 819//4675 759//4676 758//4677
f 820//4678 798//4679 799//4680
f 819//4681 760//4682 759//4683
f 820//4684 799//4685 800//4686
f 819//4687 761//4688 760//4689
f 820//4690 800//4691 801//4692
f 819//4693 762//4694 761//4695
f 820//4696 801//4697 802//4698
f 819//4699 763//4700 762//4701
f 820//4702 802//4703 803//4704
f 819//4705 764//4706 763//4707
f 820//4708 803//4709 804//4710
f 819//4711 765//4712 764//4713
f 820//4714 804//4715 805//4716
f 819//4717 766//4718 765//4719
f 820//4720 805//4721 806//4722
f 819//4723 767//4724 766//4725
f 820//4726 806//4727 807//4728
f 819//4729 768//4730 767//4731
f 820//4732 807//4733 808//4734
f 819//4735 769//4736 768//4737
f 820//4738 808//4739 809//4740
f 819//4741 770//4742 769//4743
f 820//4744 809//4745 810//4746
f 819//4747 771//4748 770//4749
f 820//4750 810//4751 811//4752
f 819//4753 772//4754 771//4755
f 820//4756 811//4757 812//4758
f 819//4759 773//4760 772//4761
f 820//4762 812//4763 813//4764
f 819//4765 774//4766 773//4767
f 820//4768 813//4769 814//4770
f 819//4771 775//4772 774//4773
f 820//4774 814//4775 815//4776
f 819//4777 776//4778 775//4779
f 820//4780 815//4781 816//4782
f 819//4783 777//4784 776//4785
f 820//4786 816//4787 817//4788
f 819//4789 778//4790 777//4791
f 820//4792 817//4793 818//4794
f 819//4795 739//4796 778//4797
f 820//4798 818//4799 779//4800
f 821//4801 822//4802 862//4803
f 821//4804 862//4805 861//4806
f 822//4807 823//4808 863//4809
f 822//4810 863//4811 862//4812
f 823//4813 824//4814 864//4815
f 823//4816 864//4817 863//4818
f 824//4819 825//4820 865//4821
f 824//4822 865//4823 864//4824
f 825//4825 826//4826 866//4827
f 825//4828 866//4829 865//4830
f 826//4831 827//4832 867//4833
f 826//4834 867//4835 866//4836
f 827//4837 828//4838 868//4839
f 827//4840 868//4841 867//4842
f 828//4843 829//4844 869//4845
f 828//4846 869//4847 868//4848
f 829//4849 830//4850 870//4851
f 829//4852 870//4853 869//4854
f 830//4855 831//4856 871//4857
f 830//4858 871//4859 870//4860
f 831//4861 832//4862 872//4863
f 831//4864 872//4865 871//4866
f 832//4867 833//4868 873//4869
f 832//4870 873//4871 872//4872
f 833//4873 834//4874 874//4875
f 833//4876 874//4877 873//4878
f 834//4879 835//4880 875//4881
f 834//4882 875//4883 874//4884
f 835//4885 836//4886 876//4887
f 835//4888 876//4889 875//4890
f 836//4891 837//4892 877//4893
f 836//4894 877//4895 876//4896
f 837//4897 838//4898 878//4899
f 837//4900 878//4901 877//4902
f 838//4903 839//4904 879//4905
f 838//4906 879//4907 878//4908
f 839//4909 840//4910 880//4911
f 839//4912 880//4913 879//4914
f 840//4915 841//4916 881//4917
f 840//4918 881//4919 880//4920
f 841//4921 842//4922 882//4923
f 841//4924 882//4925 881//4926
f 842//4927 843//4928 883//4929
f 842//4930 883//4931 882//4932
f 843//4933 844//4934 884//4935
f 843//4936 884//4937 883//4938
f 844//4939 845//4940 885//4941
f 844//4942 885//4943 884//4944
f 845//4945 846//4946 886//4947
f 845//4948 886//4949 885//4950
f 846//4951 847//4952 887//4953
f 846//4954 887//4955 886//4956
f 847//4957 848//4958 888//4959
f 847//4960 888//4961 887//4962
f 848//4963 849//4964 889//4965
f 848//4966 889//4967 888//4968
f 849//4969 850//4970 890//4971
f 849//4972 890//4973 889//4974
f 850//4975 851//4976 891//4977
f 850//4978 891//4979 890//4980
f 851//4981 852//4982 892//4983
f 851//4984 892//4985 891//4986
f 852//4987 853//4988 893//4989
f 852//4990 893//4991 892//4992
f 853//4993 854//4994 894//4995
f 853//4996 894//4997 893//4998
f 854//4999 855//5000 895//5001
f 854//5002 895//5003 894//5004
f 855//5005 856//5006 896//5007
f 855//5008 896//5009 895//5010
f 856//5011 857//5012 897//5013
f 856//5014 897//5015 896//5016
f 857//5017 858//5018 898//5019
f 857//5020 898//5021 897//5022
f 858//5023 859//5024 899//5025
f 858//5026 899//5027 898//5028
f 859//5029 860//5030 900//5031
f 859//5032 900//5033 899//5034
f 860//5035 821//5036 861//5037
f 860//5038 861//5039 900//5040
f 901//5041 822//5042 821//5043
f 902//5044 861//5045 862//5046
f 901//5047 823//5048 822//5049
f 902//5050 862//5051 863//5052
f 901//5053 824//5054 823//5055
f 902//5056 863//5057 864//5058
f 901//5059 825//5060 824//5061
f 902//5062 864//5063 865//5064
f 901//5065 826//5066 825//5067
f 902//5068 865//5069 866//5070
f 901//5071 827//5072 826//5073
f 902//5074 866//5075 867//5076
f 901//5077 828//5078 827//5079
f 902//5080 867//5081 868//5082
f 901//5083 829//5084 828//5085
f 902//5086 868//5087 869//5088
f 901//5089 830//5090 829//5091
f 902//5092 869//5093 870//5094
f 901//5095 831//5096 830//5097
f 902//5098 870//5099 871//5100
f 901//5101 832//5102 831//5103
f 902//5104 871//5105 872//5106
f 901//5107 833//5108 832//5109
f 902//5110 872//5111 873//5112
f 901//5113 834//5114 833//5115
f 902//5116 873//5117 874//5118
f 901//5119 835//5120 834//5121
f 902//5122 874//5123 875//5124
f 901//5125 836//5126 835//5127
f 902//5128 875//5129 876//5130
f 901//5131 837//5132 836//5133
f 902//5134 876//5135 877//5136
f 901//5137 838//5138 837//5139
f 902//5140 877//5141 878//5142
f 901//5143 839//5144 838//5145
f 902//5146 878//5147 879//5148
f 901//5149 840//5150 839//5151
f 902//5152 879//5153 880//5154
f 901//5155 841//5156 840//5157
f 902//5158 880//5159 881//5160
f 901//5161 842//5162 841//5163
f 902//5164 881//5165 882//5166
f 901//5167 843//5168 842//5169
f 902//5170 882//5171 883//5172
f 901//5173 844//5174 843//5175
f 902//5176 883//5177 884//5178
f 901//5179 845//5180 844//5181
f 902//5182 884//5183 885//5184
f 901//5185 846//5186 845//5187
f 902//5188 885//5189 886//5190
f 901//5191 847//5192 846//5193
f 902//5194 886//5195 887//5196
f 901//5197 848//5198 847//5199
f 902//5200 887//5201 888//5202
f 901//5203 849//5204 848//5205
f 902//5206 888//5207 889//5208
f 901//5209 850//5210 849//5211
f 902//5212 889//5213 890//5214
f 901//5215 851//5216 850//5217
f 902//5218 890//5219 891//5220
f 901//5221 852//5222 851//5223
f 902//5224 891//5225 892//5226
f 901//5227 853//5228 852//5229
f 902//5230 892//5231 893//5232
f 901//5233 854//5234 853//5235
f 902//5236 893//5237 894//5238
f 901//5239 855//5240 854//5241
f 902//5242 894//5243 895//5244
f 901//5245 856//5246 855//5247
f 902//5248 895//5249 896//5250
f 901//5251 857//5252 856//5253
f 902//5254 896//5255 897//5256
f 901//5257 858//5258 857//5259
f 902//5260 897//5261 898//5262
f 901//5263 859//5264 858//5265
f 902//5266 898//5267 899//5268
f 901//5269 860//5270 859//5271
f 902//5272 899//5273 900//5274
f 901//5275 821//5276 860//5277
f 902//5278 900//5279 861//5280
f 903//5281 904//5282 944//5283
f 903//5284 944//5285 943//5286
f 904//5287 905//5288 945//5289
f 904//5290 945//5291 944//5292
f 905//5293 906//5294 946//5295
f 905//5296 946//5297 945//5298
f 906//5299 907//5300 947//5301
f 906//5302 947//5303 946//5304
f 907//5305 908//5306 948//5307
f 907//5308 948//5309 947//5310
f 908//5311 909//5312 949//5313
f 908//5314 949//5315 948//5316
f 909//5317 910//5318 950//5319
f 909//5320 950//5321 949//5322
f 910//5323 911//5324 951//5325
f 910//5326 951//5327 950//5328
f 911//5329 912//5330 952//5331
f 911//5332 952//5333 951//5334
f 912//5335 913//5336 953//5337
f 912//5338 953//5339 952//5340
f 913//5341 914//5342 954//5343
f 913//5344 954//5345 953//5346
f 914//5347 915//5348 955//5349
f 914//5350 955//5351 954//5352
f 915//5353 916//5354 956//5355
f 915//5356 956//5357 955//5358
f 916//5359 917//5360 957//5361
f 916//5362 957//5363 956//5364
f 917//5365 918//5366 958//5367
f 917//5368 958//5369 957//5370
f 918//5371 919//5372 959//5373
f 918//5374 959//5375 958//5376
f 919//5377 920//5378 960//5379
f 919//5380 960//5381 959//5382
f 920//5383 921//5384 961//5385
f 920//5386 961//5387 960//5388
f 921//5389 922//5390 962//5391
f 921//5392 962//5393 961//5394
f 922//5395 923//5396 963//5397
f 922//5398 963//5399 962//5400
f 923//5401 924//5402 964//5403
f 923//5404 964//5405 963//5406
f 924//5407 925//5408 965//5409
f 924//5410 965//5411 964//5412
f 925//5413 926//5414 966//5415
f 925//5416 966//5417 965//5418
f 926//5419 927//5420 967//5421
f 926//5422 967//5423 966//5424
f 927//5425 928//5426 968//5427
f 927//5428 968//5429 967//5430
f 928//5431 929//5432 969//5433
f 928//5434 969//5435 968//5436
f 929//5437 930//5438 970//5439
f 929//5440 970//5441 969//5442
f 930//5443 931//5444 971//5445
f 930//5446 971//5447 970//5448
f 931//5449 932//5450 972//5451
f 931//5452 972//5453 971//5454
f 932//5455 933//5456 973//5457
f 932//5458 973//5459 972//5460
f 933//5461 934//5462 974//5463
f 933//5464 974//5465 973//5466
f 934//5467 935//5468 975//5469
f 934//5470 975//5471 974//5472
f 935//5473 936//5474 976//5475
f 935//5476 976//5477 975//5478
f 936//5479 937//5480 977//5481
f 936//5482 977//5483 976//5484
f 937//5485 938//5486 978//5487
f 937//5488 978//5489 977//5490
f 938//5491 939//5492 979//5493
f 938//5494 979//5495 978//5496
f 939//5497 940//5498 980//5499
f 939//5500 980//5501 979//5502
f 940//5503 941//5504 981//5505
f 940//5506 981//5507 980//5508
f 941//5509 942//5510 982//5511
f 941//5512 982//5513 981//5514
f 942//5515 903//5516 943//5517
f 942//5518 943//5519 982//5520
f 983//5521 904//5522 903//5523
f 984//5524 943//5525 944//5526
f 983//5527 905//5528 904//5529
f 984//5530 944//5531 945//5532
f 983//5533 906//5534 905//5535
f 984//5536 945//5537 946//5538
f 983//5539 907//5540 906//5541
f 984//5542 946//5543 947//5544
f 983//5545 908//5546 907//5547
f 984//5548 947//5549 948//5550
f 983//5551 909//5552 908//5553
f 984//5554 948//5555 949//5556
f 983//5557 910//5558 909//5559
f 984//5560 949//5561 950//5562
f 983//5563 911//5564 910//5565
f 984//5566 950//5567 951//5568
f 983//5569 912//5570 911//5571
f 984//5572 951//5573 952//5574
f 983//5575 913//5576 912//5577
f 984//5578 952//5579 953//5580
f 983//5581 914//5582 913//5583
f 984//5584 953//5585 954//5586
f 983//5587 915//5588 914//5589
f 984//5590 954//5591 955//5592
f 983//5593 916//5594 915//5595
f 984//5596 955//5597 956//5598
f 983//5599 917//5600 916//5601
f 984//5602 956//5603 957//5604
f 983//5605 918//5606 917//5607
f 984//5608 957//5609 958//5610
f 983//5611 919//5612 918//5613
f 984//5614 958//5615 959//5616
f 983//5617 920//5618 919//5619
f 984//5620 959//5621 960//5622
f 983//5623 921//5624 920//5625
f 984//5626 960//5627 961//5628
f 983//5629 922//5630 921//5631
f 984//5632 961//5633 962//5634
f 983//5635 923//5636 922//5637
f 984//5638 962//5639 963//5640
f 983//5641 924//5642 923//5643
f 984//5644 963//5645 964//5646
f 983//5647 925//5648 924//5649
f 984//5650 964//5651 965//5652
f 983//5653 926//5654 925//5655
f 984//5656 965//5657 966//5658
f 983//5659 927//5660 926//5661
f 984//5662 966//5663 967//5664
f 983//5665 928//5666 927//5667
f 984//5668 967//5669 968//5670
f 983//5671 929//5672 928//5673
f 984//5674 968//5675 969//5676
f 983//5677 930//5678 929//5679
f 984//5680 969//5681 970//5682
f 983//5683 931//5684 930//5685
f 984//5686 970//5687 971//5688
f 983//5689 932//5690 931//5691
f 984//5692 971//5693 972//5694
f 983//5695 933//5696 932//5697
f 984//5698 972//5699 973//5700
f 983//5701 934//5702 933//5703
f 984//5704 973//5705 974//5706
f 983//5707 935//5708 934//5709
f 984//5710 974//5711 975//5712
f 983//5713 936//5714 935//5715
f 984//5716 975//5717 976//5718
f 983//5719 937//5720 936//5721
f 984//5722 976//5723 977//5724
f 983//5725 938//5726 937//5727
f 984//5728 977//5729 978//5730
f 983//5731 939//5732 938//5733
f 984//5734 978//5735 979//5736
f 983//5737 940//5738 939//5739
f 984//5740 979//5741 980//5742
f 983//5743 941//5744 940//5745
f 984//5746 980//5747 981//5748
f 983//5749 942//5750 941//5751
f 984//5752 981//5753 982//5754
f 983//5755 903//5756 942//5757
f 984//5758 982//5759 943//5760
f 985//5761 986//5762 1026//5763
f 985//5764 1026//5765 1025//5766
f 986//5767 987//5768 1027//5769
f 986//5770 1027//5771 1026//5772
f 987//5773 988//5774 1028//5775
f 987//5776 1028//5777 1027//5778
f 988//5779 989//5780 1029//5781
f 988//5782 1029//5783 1028//5784
f 989//5785 990//5786 1030//5787
f 989//5788 1030//5789 1029//5790
f 990//5791 991//5792 1031//5793
f 990//5794 1031//5795 1030//5796
f 991//5797 992//5798 1032//5799
f 991//5800 1032//5801 1031//5802
f 992//5803 993//5804 1033//5805
f 992//5806 1033//5807 1032//5808
f 993//5809 994//5810 1034//5811
f 993//5812 1034//5813 1033//5814
f 994//5815 995//5816 1035//5817
f 994//5818 1035//5819 1034//5820
f 995//5821 996//5822 1036//5823
f 995//5824 1036//5825 1035//5826
f 996//5827 997//5828 1037//5829
f 996//5830 1037//5831 1036//5832
f 997//5833 998//5834 1038//5835
f 997//5836 1038//5837 1037//5838
f 998//5839 999//5840 1039//5841
f 998//5842 1039//5843 1038//5844
f 999//5845 1000//5846 1040//5847
f 999//5848 1040//5849 1039//5850
f 1000//5851 1001//5852 1041//5853
f 1000//5854 1041//5855 1040//5856
f 1001//5857 1002//5858 1042//5859
f 1001//5860 1042//5861 1041//5862
f 1002//5863 1003//5864 1043//5865
f 1002//5866 1043//5867 1042//5868
f 1003//5869 1004//5870 1044//5871
f 1003//5872 1044//5873 1043//5874
f 1004//5875 1005//5876 1045//5877
f 1004//5878 1045//5879 1044//5880
f 1005//5881 1006//5882 1046//5883
f 1005//5884 1046//5885 1045//5886
f 1006//5887 1007//5888 1047//5889
f 1006//5890 1047//5891 1046//5892
f 1007//5893 1008//5894 1048//5895
f 1007//5896 1048//5897 1047//5898
f 1008//5899 1009//5900 1049//5901
f 1008//5902 1049//5903 1048//5904
f 1009//5905 1010//5906 1050//5907
f 1009//5908 1050//5909 1049//5910
f 1010//5911 1011//5912 1051//5913
f 1010//5914 1051//5915 1050//5916
f 1011//5917 1012//5918 1052//5919
f 1011//5920 1052//5921 1051//5922
f 1012//5923 1013//5924 1053//5925
f 1012//5926 1053//5927 1052//5928
f 1013//5929 1014//5930 1054//5931
f 1013//5932 1054//5933 1053//5934
f 1014//5935 1015//5936 1055//5937
f 1014//5938 1055//5939 1054//5940
f 1015//5941 1016//5942 1056//5943
f 1015//5944 1056//5945 1055//5946
f 1016//5947 1017//5948 1057//5949
f 1016//5950 1057//5951 1056//5952
f 1017//5953 1018//5954 1058//5955
f 1017//5956 1058//5957 1057//5958
f 1018//5959 1019//5960 1059//5961
f 1018//5962 1059//5963 1058//5964
f 1019//5965 1020//5966 1060//5967
f 1019//5968 1060//5969 1059//5970
f 1020//5971 1021//5972 1061//5973
f 1020//5974 1061//5975 1060//5976
f 1021//5977 1022//5978 1062//5979
f 1021//5980 1062//5981 1061//5982
f 1022//5983 1023//5984 1063//5985
f 1022//5986 1063//5987 1062//5988
f 1023//5989 1024//5990 1064//5991
f 1023//5992 1064//5993 1063//5994
f 1024//5995 985//5996 1025//5997
f 1024//5998 1025//5999 1064//6000
f 1065//6001 986//6002 985//6003
f 1066//6004 1025//6005 1026//6006
f 1065//6007 987//6008 986//6009
f 1066//6010 1026//6011 1027//6012
f 1065//6013 988//6014 987//6015
f 1066//6016 1027//6017 1028//6018
f 1065//6019 989//6020 988//6021
f 1066//6022 1028//6023 1029//6024
f 1065//6025 990//6026 989//6027
f 1066//6028 1029//6029 1030//6030
f 1065//6031 991//6032 990//6033
f 1066//6034 1030//6035 1031//6036
f 1065//6037 992//6038 991//6039
f 1066//6040 1031//6041 1032//6042
f 1065//6043 993//6044 992//6045
f 1066//6046 1032//6047 1033//6048
f 1065//6049 994//6050 993//6051
f 1066//6052 1033//6053 1034//6054
f 1065//6055 995//6056 994//6057
f 1066//6058 1034//6059 1035//6060
f 1065//6061 996//6062 995//6063
f 1066//6064 1035//6065 1036//6066
f 1065//6067 997//6068 996//6069
f 1066//6070 1036//6071 1037//6072
f 1065//6073 998//6074 997//6075
f 1066//6076 1037//6077 1038//6078
f 1065//6079 999//6080 998//6081
f 1066//6082 1038//6083 1039//6084
f 1065//6085 1000//6086 999//6087
f 1066//6088 1039//6089 1040//6090
f 1065//6091 1001//6092 1000//6093
f 1066//6094 1040//6095 1041//6096
f 1065//6097 1002//6098 1001//6099
f 1066//6100 1041//6101 1042//6102
f 1065//6103 1003//6104 1002//6105
f 1066//6106 1042//6107 1043//6108
f 1065//6109 1004//6110 1003//6111
f 1066//6112 1043//6113 1044//6114
f 1065//6115 1005//6116 1004//6117
f 1066//6118 1044//6119 1045//6120
f 1065//6121 1006//6122 1005//6123
f 1066//6124 1045//6125 1046//6126
f 1065//6127 1007//6128 1006//6129
f 1066//6130 1046//6131 1047//6132
f 1065//6133 1008//6134 1007//6135
f 1066//6136 1047//6137 1048//6138
f 1065//6139 1009//6140 1008//6141
f 1066//6142 1048//6143 1049//6144
f 1065//6145 1010//6146 1009//6147
f 1066//6148 1049//6149 1050//6150
f 1065//6151 1011//6152 1010//6153
f 1066//6154 1050//6155 1051//6156
f 1065//6157 1012//6158 1011//6159
f 1066//6160 1051//6161 1052//6162
f 1065//6163 1013//6164 1012//6165
f 1066//6166 1052//6167 1053//6168
f 1065//6169 1014//6170 1013//6171
f 1066//6172 1053//6173 1054//6174
f 1065//6175 1015//6176 1014//6177
f 1066//6178 1054//6179 1055//6180
f 1065//6181 1016//6182 1015//6183
f 1066//6184 1055//6185 1056//6186
f 1065//6187 1017//6188 1016//6189
f 1066//6190 1056//6191 1057//6192
f 1065//6193 1018//6194 1017//6195
f 1066//6196 1057//6197 1058//6198
f 1065//6199 1019//6200 1018//6201
f 1066//6202 1058//6203 1059//6204
f 1065//6205 1020//6206 1019//6207
f 1066//6208 1059//6209 1060//6210
f 1065//6211 1021//6212 1020//6213
f 1066//6214 1060//6215 1061//6216
f 1065//6217 1022//6218 1021//6219
f 1066//6220 1061//6221 1062//6222
f 1065//6223 1023//6224 1022//6225
f 1066//6226 1062//6227 1063//6228
f 1065//6229 1024//6230 1023//6231
f 1066//6232 1063//6233 1064//6234
f 1065//6235 985//6236 1024//6237
f 1066//6238 1064//6239 1025//6240
f 1067//6241 1068//6242 1108//6243
f 1067//6244 1108//6245 1107//6246
f 1068//6247 1069//6248 1109//6249
f 1068//6250 1109//6251 1108//6252
f 1069//6253 1070//6254 1110//6255
f 1069//6256 1110//6257 1109//6258
f 1070//6259 1071//6260 1111//6261
f 1070//6262 1111//6263 1110//6264
f 1071//6265 1072//6266 1112//6267
f 1071//6268 1112//6269 1111//6270
f 1072//6271 1073//6272 1113//6273
f 1072//6274 1113//6275 1112//6276
f 1073//6277 1074//6278 1114//6279
f 1073//6280 1114//6281 1113//6282
f 1074//6283 1075//6284 1115//6285
f 1074//6286 1115//6287 1114//6288
f 1075//6289 1076//6290 1116//6291
f 1075//6292 1116//6293 1115//6294
f 1076//6295 1077//6296 1117//6297
f 1076//6298 1117//6299 1116//6300
f 1077//6301 1078//6302 1118//6303
f 1077//6304 1118//6305 1117//6306
f 1078//6307 1079//6308 1119//6309
f 1078//6310 1119//6311 1118//6312
f 1079//6313 1080//6314 1120//6315
f 1079//6316 1120//6317 1119//6318
f 1080//6319 1081//6320 1121//6321
f 1080//6322 1121//6323 1120//6324
f 1081//6325 1082//6326 1122//6327
f 1081//6328 1122//6329 1121//6330
f 1082//6331 1083//6332 1123//6333
f 1082//6334 1123//6335 1122//6336
f 1083//6337 1084//6338 1124//6339
f 1083//6340 1124//6341 1123//6342
f 1084//6343 1085//6344 1125//6345
f 1084//6346 1125//6347 1124//6348
f 1085//6349 1086//6350 1126//6351
f 1085//6352 1126//6353 1125//6354
f 1086//6355 1087//6356 1127//6357
f 1086//6358 1127//6359 1126//6360
f 1087//6361 1088//6362 1128//6363
f 1087//6364 1128//6365 1127//6366
f 1088//6367 1089//6368 1129//6369
f 1088//6370 1129//6371 1128//6372
f 1089//6373 1090//6374 1130//6375
f 1089//6376 1130//6377 1129//6378
f 1090//6379 1091//6380 1131//6381
f 1090//6382 1131//6383 1130//6384
f 1091//6385 1092//6386 1132//6387
f 1091//6388 1132//6389 1131//6390
f 1092//6391 1093//6392 1133//6393
f 1092//6394 1133//6395 1132//6396
f 1093//6397 1094//6398 1134//6399
f 1093//6400 1134//6401 1133//6402
f 1094//6403 1095//6404 1135//6405
f 1094//6406 1135//6407 1134//6408
f 1095//6409 1096//6410 1136//6411
f 1095//6412 1136//6413 1135//6414
f 1096//6415 1097//6416 1137//6417
f 1096//6418 1137//6419 1136//6420
f 1097//6421 1098//6422 1138//6423
f 1097//6424 1138//6425 1137//6426
f 1098//6427 1099//6428 1139//6429
f 1098//6430 1139//6431 1138//6432
f 1099//6433 1100//6434 1140//6435
f 1099//6436 1140//6437 1139//6438
f 1100//6439 1101//6440 1141//6441
f 1100//6442 1141//6443 1140//6444
f 1101//6445 1102//6446 1142//6447
f 1101//6448 1142//6449 1141//6450
f 1102//6451 1103//6452 1143//6453
f 1102//6454 1143//6455 1142//6456
f 1103//6457 1104//6458 1144//6459
f 1103//6460 1144//6461 1143//6462
f 1104//6463 1105//6464 1145//6465
f 1104//6466 1145//6467 1144//6468
f 1105//6469 1106//6470 1146//6471
f 1105//6472 1146//6473 1145//6474
f 1106//6475 1067//6476 1107//6477
f 1106//6478 1107//6479 1146//6480
f 1147//6481 1068//6482 1067//6483
f 1148//6484 1107//6485 1108//6486
f 1147//6487 1069//6488 1068//6489
f 1148//6490 1108//6491 1109//6492
f 1147//6493 1070//6494 1069//6495
f 1148//6496 1109//6497 1110//6498
f 1147//6499 1071//6500 1070//6501
f 1148//6502 1110//6503 1111//6504
f 1147//6505 1072//6506 1071//6507
f 1148//6508 1111//6509 1112//6510
f 1147//6511 1073//6512 1072//6513
f 1148//6514 1112//6515 1113//6516
f 1147//6517 1074//6518 1073//6519
f 1148//6520 1113//6521 1114//6522
f 1147//6523 1075//6524 1074//6525
f 1148//6526 1114//6527 1115//6528
f 1147//6529 1076//6530 1075//6531
f 1148//6532 1115//6533 1116//6534
f 1147//6535 1077//6536 1076//6537
f 1148//6538 1116//6539 1117//6540
f 1147//6541 1078//6542 1077//6543
f 1148//6544 1117//6545 1118//6546
f 1147//6547 1079//6548 1078//6549
f 1148//6550 1118//6551 1119//6552
f 1147//6553 1080//6554 1079//6555
f 1148//6556 1119//6557 1120//6558
f 1147//6559 1081//6560 1080//6561
f 1148//6562 1120//6563 1121//6564
f 1147//6565 1082//6566 1081//6567
f 1148//6568 1121//6569 1122//6570
f 1147//6571 1083//6572 1082//6573
f 1148//6574 1122//6575 1123//6576
f 1147//6577 1084//6578 1083//6579
f 1148//6580 1123//6581 1124//6582
f 1147//6583 1085//6584 1084//6585
f 1148//6586 1124//6587 1125//6588
f 1147//6589 1086//6590 1085//6591
f 1148//6592 1125//6593 1126//6594
f 1147//6595 1087//6596 1086//6597
f 1148//6598 1126//6599 1127//6600
f 1147//6601 1088//6602 1087//6603
f 1148//6604 1127//6605 1128//6606
f 1147//6607 1089//6608 1088//6609
f 1148//6610 1128//6611 1129//6612
f 1147//6613 1090//6614 1089//6615
f 1148//6616 1129//6617 1130//6618
f 1147//6619 1091//6620 1090//6621
f 1148//6622 1130//6623 1131//6624
f 1147//6625 1092//6626 1091//6627
f 1148//6628 1131//6629 1132//6630
f 1147//6631 1093//6632 1092//6633
f 1148//6634 1132//6635 1133//6636
f 1147//6637 1094//6638 1093//6639
f 1148//6640 1133//6641 1134//6642
f 1147//6643 1095//6644 1094//6645
f 1148//6646 1134//6647 1135//6648
f 1147//6649 1096//6650 1095//6651
f 1148//6652 1135//6653 1136//6654
f 1147//6655 1097//6656 1096//6657
f 1148//6658 1136//6659 1137//6660
f 1147//6661 1098//6662 1097//6663
f 1148//6664 1137//6665 1138//6666
f 1147//6667 1099//6668 1098//6669
f 1148//6670 1138//6671 1139//6672
f 1147//6673 1100//6674 1099//6675
f 1148//6676 1139//6677 1140//6678
f 1147//6679 1101//6680 1100//6681
f 1148//6682 1140//6683 1141//6684
f 1147//6685 1102//6686 1101//6687
f 1148//6688 1141//6689 1142//6690
f 1147//6691 1103//6692 1102//6693
f 1148//6694 1142//6695 1143//6696
f 1147//6697 1104//6698 1103//6699
f 1148//6700 1143//6701 1144//6702
f 1147//6703 1105//6704 1104//6705
f 1148//6706 1144//6707 1145//6708
f 1147//6709 1106//6710 1105//6711
f 1148//6712 1145//6713 1146//6714
f 1147//6715 1067//6716 1106//6717
f 1148//6718 1146//6719 1107//6720
f 1149//6721 1150//6722 1190//6723
f 1149//6724 1190//6725 1189//6726
f 1150//6727 1151//6728 1191//6729
f 1150//6730 1191//6731 1190//6732
f 1151//6733 1152//6734 1192//6735
f 1151//6736 1192//6737 1191//6738
f 1152//6739 1153//6740 1193//6741
f 1152//6742 1193//6743 1192//6744
f 1153//6745 1154//6746 1194//6747
f 1153//6748 1194//6749 1193//6750
f 1154//6751 1155//6752 1195//6753
f 1154//6754 1195//6755 1194//6756
f 1155//6757 1156//6758 1196//6759
f 1155//6760 1196//6761 1195//6762
f 1156//6763 1157//6764 1197//6765
f 1156//6766 1197//6767 1196//6768
f 1157//6769 1158//6770 1198//6771
f 1157//6772 1198//6773 1197//6774
f 1158//6775 1159//6776 1199//6777
f 1158//6778 1199//6779 1198//6780
f 1159//6781 1160//6782 1200//6783
f 1159//6784 1200//6785 1199//6786
f 1160//6787 1161//6788 1201//6789
f 1160//6790 1201//6791 1200//6792
f 1161//6793 1162//6794 1202//6795
f 1161//6796 1202//6797 1201//6798
f 1162//6799 1163//6800 1203//6801
f 1162//6802 1203//6803 1202//6804
f 1163//6805 1164//6806 1204//6807
f 1163//6808 1204//6809 1203//6810
f 1164//6811 1165//6812 1205//6813
f 1164//6814 1205//6815 1204//6816
f 1165//6817 1166//6818 1206//6819
f 1165//6820 1206//6821 1205//6822
f 1166//6823 1167//6824 1207//6825
f 1166//6826 1207//6827 1206//6828
f 1167//6829 1168//6830 1208//6831
f 1167//6832 1208//6833 1207//6834
f 1168//6835 1169//6836 1209//6837
f 1168//6838 1209//6839 1208//6840
f 1169//6841 1170//6842 1210//6843
f 1169//6844 1210//6845 1209//6846
f 1170//6847 1171//6848 1211//6849
f 1170//6850 1211//6851 1210//6852
f 1171//6853 1172//6854 1212//6855
f 1171//6856 1212//6857 1211//6858
f 1172//6859 1173//6860 1213//6861
f 1172//6862 1213//6863 1212//6864
f 1173//6865 1174//6866 1214//6867
f 1173//6868 1214//6869 1213//6870
f 1174//6871 1175//6872 1215//6873
f 1174//6874 1215//6875 1214//6876
f 1175//6877 1176//6878 1216//6879
f 1175//6880 1216//6881 1215//6882
f 1176//6883 1177//6884 1217//6885
f 1176//6886 1217//6887 1216//6888
f 1177//6889 1178//6890 1218//6891
f 1177//6892 1218//6893 1217//6894
f 1178//6895 1179//6896 1219//6897
f 1178//6898 1219//6899 1218//6900
f 1179//6901 1180//6902 1220//6903
f 1179//6904 1220//6905 1219//6906
f 1180//6907 1181//6908 1221//6909
f 1180//6910 1221//6911 1220//6912
f 1181//6913 1182//6914 1222//6915
f 1181//6916 1222//6917 1221//6918
f 1182//6919 1183//6920 1223//6921
f 1182//6922 1223//6923 1222//6924
f 1183//6925 1184//6926 1224//6927
f 1183//6928 1224//6929 1223//6930
f 1184//6931 1185//6932 1225//6933
f 1184//6934 1225//6935 1224//6936
f 1185//6937 1186//6938 1226//6939
f 1185//6940 1226//6941 1225//6942
f 1186//6943 1187//6944 1227//6945
f 1186//6946 1227//6947 1226//6948
f 1187//6949 1188//6950 1228//6951
f 1187//6952 1228//6953 1227//6954
f 1188//6955 1149//6956 1189//6957
f 1188//6958 1189//6959 1228//6960
f 1229//6961 1150//6962 1149//6963
f 1230//6964 1189//6965 1190//6966
f 1229//6967 1151//6968 1150//6969
f 1230//6970 1190//6971 1191//6972
f 1229//6973 1152//6974 1151//6975
f 1230//6976 1191//6977 1192//6978
f 1229//6979 1153//6980 1152//6981
f 1230//6982 1192//6983 1193//6984
f 1229//6985 1154//6986 1153//6987
f 1230//6988 1193//6989 1194//6990
f 1229//6991 1155//6992 1154//6993
f 1230//6994 1194//6995 1195//6996
f 1229//6997 1156//6998 1155//6999
f 1230//7000 1195//7001 1196//7002
f 1229//7003 1157//7004 1156//7005
f 1230//7006 1196//7007 1197//7008
f 1229//7009 1158//7010 1157//7011
f 1230//7012 1197//7013 1198//7014
f 1229//7015 1159//7016 1158//7017
f 1230//7018 1198//7019 1199//7020
f 1229//7021 1160//7022 1159//7023
f 1230//7024 1199//7025 1200//7026
f 1229//7027 1161//7028 1160//7029
f 1230//7030 1200//7031 1201//7032
f 1229//7033 1162//7034 1161//7035
f 1230//7036 1201//7037 1202//7038
f 1229//7039 1163//7040 1162//7041
f 1230//7042 1202//7043 1203//7044
f 1229//7045 1164//7046 1163//7047
f 1230//7048 1203//7049 1204//7050
f 1229//7051 1165//7052 1164//7053
f 1230//7054 1204//7055 1205//7056
f 1229//7057 1166//7058 1165//7059
f 1230//7060 1205//7061 1206//7062
f 1229//7063 1167//7064 1166//7065
f 1230//7066 1206//7067 1207//7068
f 1229//7069 1168//7070 1167//7071
f 1230//7072 1207//7073 1208//7074
f 1229//7075 1169//7076 1168//7077
f 1230//7078 1208//7079 1209//7080
f 1229//7081 1170//7082 1169//7083
f 1230//7084 1209//7085 1210//7086
f 1229//7087 1171//7088 1170//7089
f 1230//7090 1210//7091 1211//7092
f 1229//7093 1172//7094 1171//7095
f 1230//7096 1211//7097 1212//7098
f 1229//7099 1173//7100 1172//7101
f 1230//7102 1212//7103 1213//7104
f 1229//7105 1174//7106 1173//7107
f 1230//7108 1213//7109 1214//7110
f 1229//7111 1175//7112 1174//7113
f 1230//7114 1214//7115 1215//7116
f 1229//7117 1176//7118 1175//7119
f 1230//7120 1215//7121 1216//7122
f 1229//7123 1177//7124 1176//7125
f 1230//7126 1216//7127 1217//7128
f 1229//7129 1178//7130 1177//7131
f 1230//7132 1217//7133 1218//7134
f 1229//7135 1179//7136 1178//7137
f 1230//7138 1218//7139 1219//7140
f 1229//7141 1180//7142 1179//7143
f 1230//7144 1219//7145 1220//7146
f 1229//7147 1181//7148 1180//7149
f 1230//7150 1220//7151 1221//7152
f 1229//7153 1182//7154 1181//7155
f 1230//7156 1221//7157 1222//7158
f 1229//7159 1183//7160 1182//7161
f 1230//7162 1222//7163 1223//7164
f 1229//7165 1184//7166 1183//7167
f 1230//7168 1223//7169 1224//7170
f 1229//7171 1185//7172 1184//7173
f 1230//7174 1224//7175 1225//7176
f 1229//7177 1186//7178 1185//7179
f 1230//7180 1225//7181 1226//7182
f 1229//7183 1187//7184 1186//7185
f 1230//7186 1226//7187 1227//7188
f 1229//7189 1188//7190 1187//7191
f 1230//7192 1227//7193 1228//7194
f 1229//7195 1149//7196 1188//7197
f 1230//7198 1228//7199 1189//7200
f 1231//7201 1232//7202 1272//7203
f 1231//7204 1272//7205 1271//7206
f 1232//7207 1233//7208 1273//7209
f 1232//7210 1273//7211 1272//7212
f 1233//7213 1234//7214 1274//7215
f 1233//7216 1274//7217 1273//7218
f 1234//7219 1235//7220 1275//7221
f 1234//7222 1275//7223 1274//7224
f 1235//7225 1236//7226 1276//7227
f 1235//7228 1276//7229 1275//7230
f 1236//7231 1237//7232 1277//7233
f 1236//7234 1277//7235 1276//7236
f 1237//7237 1238//7238 1278//7239
f 1237//7240 1278//7241 1277//7242
f 1238//7243 1239//7244 1279//7245
f 1238//7246 1279//7247 1278//7248
f 1239//7249 1240//7250 1280//7251
f 1239//7252 1280//7253 1279//7254
f 1240//7255 1241//7256 1281//7257
f 1240//7258 1281//7259 1280//7260
f 1241//7261 1242//7262 1282//7263
f 1241//7264 1282//7265 1281//7266
f 1242//7267 1243//7268 1283//7269
f 1242//7270 1283//7271 1282//7272
f 1243//7273 1244//7274 1284//7275
f 1243//7276 1284//7277 1283//7278
f 1244//7279 1245//7280 1285//7281
f 1244//7282 1285//7283 1284//7284
f 1245//7285 1246//7286 1286//7287
f 1245//7288 1286//7289 1285//7290
f 1246//7291 1247//7292 1287//7293
f 1246//7294 1287//7295 1286//7296
f 1247//7297 1248//7298 1288//7299
f 1247//7300 1288//7301 1287//7302
f 1248//7303 1249//7304 1289//7305
f 1248//7306 1289//7307 1288//7308
f 1249//7309 1250//7310 1290//7311
f 1249//7312 1290//7313 1289//7314
f 1250//7315 1251//7316 1291//7317
f 1250//7318 1291//7319 1290//7320
f 1251//7321 1252//7322 1292//7323
f 1251//7324 1292//7325 1291//7326
f 1252//7327 1253//7328 1293//7329
f 1252//7330 1293//7331 1292//7332
f 1253//7333 1254//7334 1294//7335
f 1253//7336 1294//7337 1293//7338
f 1254//7339 1255//7340 1295//7341
f 1254//7342 1295//7343 1294//7344
f 1255//7345 1256//7346 1296//7347
f 1255//7348 1296//7349 1295//7350
f 1256//7351 1257//7352 1297//7353
f 1256//7354 1297//7355 1296//7356
f 1257//7357 1258//7358 1298//7359
f 1257//7360 1298//7361 1297//7362
f 1258//7363 1259//7364 1299//7365
f 1258//7366 1299//7367 1298//7368
f 1259//7369 1260//7370 1300//7371
f 1259//7372 1300//7373 1299//7374
f 1260//7375 1261//7376 1301//7377
f 1260//7378 1301//7379 1300//7380
f 1261//7381 1262//7382 1302//7383
f 1261//7384 1302//7385 1301//7386
f 1262//7387 1263//7388 1303//7389
f 1262//7390 1303//7391 1302//7392
f 1263//7393 1264//7394 1304//7395
f 1263//7396 1304//7397 1303//7398
f 1264//7399 1265//7400 1305//7401
f 1264//7402 1305//7403 1304//7404
f 1265//7405 1266//7406 1306//7407
f 1265//7408 1306//7409 1305//7410
f 1266//7411 1267//7412 1307//7413
f 1266//7414 1307//7415 1306//7416
f 1267//7417 1268//7418 1308//7419
f 1267//7420 1308//7421 1307//7422
f 1268//7423 1269//7424 1309//7425
f 1268//7426 1309//7427 1308//7428
f 1269//7429 1270//7430 1310//7431
f 1269//7432 1310//7433 1309//7434
f 1270//7435 1231//7436 1271//7437
f 1270//7438 1271//7439 1310//7440
f 1311//7441 1232//7442 1231//7443
f 1312//7444 1271//7445 1272//7446
f 1311//7447 1233//7448 1232//7449
f 1312//7450 1272//7451 1273//7452
f 1311//7453 1234//7454 1233//7455
f 1312//7456 1273//7457 1274//7458
f 1311//7459 1235//7460 1234//7461
f 1312//7462 1274//7463 1275//7464
f 1311//7465 1236//7466 1235//7467
f 1312//7468 1275//7469 1276//7470
f 1311//7471 1237//7472 1236//7473
f 1312//7474 1276//7475 1277//7476
f 1311//7477 1238//7478 1237//7479
f 1312//7480 1277//7481 1278//7482
f 1311//7483 1239//7484 1238//7485
f 1312//7486 1278//7487 1279//7488
f 1311//7489 1240//7490 1239//7491
f 1312//7492 1279//7493 1280//7494
f 1311//7495 1241//7496 1240//7497
f 1312//7498 1280//7499 1281//7500
f 1311//7501 1242//7502 1241//7503
f 1312//7504 1281//7505 1282//7506
f 1311//7507 1243//7508 1242//7509
f 1312//7510 1282//7511 1283//7512
f 1311//7513 1244//7514 1243//7515
f 1312//7516 1283//7517 1284//7518
f 1311//7519 1245//7520 1244//7521
f 1312//7522 1284//7523 1285//7524
f 1311//7525 1246//7526 1245//7527
f 1312//7528 1285//7529 1286//7530
f 1311//7531 1247//7532 1246//7533
f 1312//7534 1286//7535 1287//7536
f 1311//7537 1248//7538 1247//7539
f 1312//7540 1287//7541 1288//7542
f 1311//7543 1249//7544 1248//7545
f 1312//7546 1288//7547 1289//7548
f 1311//7549 1250//7550 1249//7551
f 1312//7552 1289//7553 1290//7554
f 1311//7555 1251//7556 1250//7557
f 1312//7558 1290//7559 1291//7560
f 1311//7561 1252//7562 1251//7563
f 1312//7564 1291//7565 1292//7566
f 1311//7567 1253//7568 1252//7569
f 1312//7570 1292//7571 1293//7572
f 1311//7573 1254//7574 1253//7575
f 1312//7576 1293//7577 1294//7578
f 1311//7579 1255//7580 1254//7581
f 1312//7582 1294//7583 1295//7584
f 1311//7585 1256//7586 1255//7587
f 1312//7588 1295//7589 1296//7590
f 1311//7591 1257//7592 1256//7593
f 1312//7594 1296//7595 1297//7596
f 1311//7597 1258//7598 1257//7599
f 1312//7600 1297//7601 1298//7602
f 1311//7603 1259//7604 1258//7605
f 1312//7606 1298//7607 1299//7608
f 1311//7609 1260//7610 1259//7611
f 1312//7612 1299//7613 1300//7614
f 1311//7615 1261//7616 1260//7617
f 1312//7618 1300//7619 1301//7620
f 1311//7621 1262//7622 1261//7623
f 1312//7624 1301//7625 1302//7626
f 1311//7627 1263//7628 1262//7629
f 1312//7630 1302//7631 1303//7632
f 1311//7633 1264//7634 1263//7635
f 1312//7636 1303//7637 1304//7638
f 1311//7639 1265//7640 1264//7641
f 1312//7642 1304//7643 1305//7644
f 1311//7645 1266//7646 1265//7647
f 1312//7648 1305//7649 1306//7650
f 1311//7651 1267//7652 1266//7653
f 1312//7654 1306//7655 1307//7656
f 1311//7657 1268//7658 1267//7659
f 1312//7660 1307//7661 1308//7662
f 1311//7663 1269//7664 1268//7665
f 1312//7666 1308//7667 1309//7668
f 1311//7669 1270//7670 1269//7671
f 1312//7672 1309//7673 1310//7674
f 1311//7675 1231//7676 1270//7677
f 1312//7678 1310//7679 1271//7680
f 1313//7681 1314//7682 1354//7683
f 1313//7684 1354//7685 1353//7686
f 1314//7687 1315//7688 1355//7689
f 1314//7690 1355//7691 1354//7692
f 1315//7693 1316//7694 1356//7695
f 1315//7696 1356//7697 1355//7698
f 1316//7699 1317//7700 1357//7701
f 1316//7702 1357//7703 1356//7704
f 1317//7705 1318//7706 1358//7707
f 1317//7708 1358//7709 1357//7710
f 1318//7711 1319//7712 1359//7713
f 1318//7714 1359//7715 1358//7716
f 1319//7717 1320//7718 1360//7719
f 1319//7720 1360//7721 1359//7722
f 1320//7723 1321//7724 1361//7725
f 1320//7726 1361//7727 1360//7728
f 1321//7729 1322//7730 1362//7731
f 1321//7732 1362//7733 1361//7734
f 1322//7735 1323//7736 1363//7737
f 1322//7738 1363//7739 1362//7740
f 1323//7741 1324//7742 1364//7743
f 1323//7744 1364//7745 1363//7746
f 1324//7747 1325//7748 1365//7749
f 1324//7750 1365//7751 1364//7752
f 1325//7753 1326//7754 1366//7755
f 1325//7756 1366//7757 1365//7758
f 1326//7759 1327//7760 1367//7761
f 1326//7762 1367//7763 1366//7764
f 1327//7765 1328//7766 1368//7767
f 1327//7768 1368//7769 1367//7770
f 1328//7771 1329//7772 1369//7773
f 1328//7774 1369//7775 1368//7776
f 1329//7777 1330//7778 1370//7779
f 1329//7780 1370//7781 1369//7782
f 1330//7783 1331//7784 1371//7785
f 1330//7786 1371//7787 1370//7788
f 1331//7789 1332//7790 1372//7791
f 1331//7792 1372//7793 1371//7794
f 1332//7795 1333//7796 1373//7797
f 1332//7798 1373//7799 1372//7800
f 1333//7801 1334//7802 1374//7803
f 1333//7804 1374//7805 1373//7806
f 1334//7807 1335//7808 1375//7809
f 1334//7810 1375//7811 1374//7812
f 1335//7813 1336//7814 1376//7815
f 1335//7816 1376//7817 1375//7818
f 1336//7819 1337//7820 1377//7821
f 1336//7822 1377//7823 1376//7824
f 1337//7825 1338//7826 1378//7827
f 1337//7828 1378//7829 1377//7830
f 1338//7831 1339//7832 1379//7833
f 1338//7834 1379//7835 1378//7836
f 1339//7837 1340//7838 1380//7839
f 1339//7840 1380//7841 1379//7842
f 1340//7843 1341//7844 1381//7845
f 1340//7846 1381//7847 1380//7848
f 1341//7849 1342//7850 1382//7851
f 1341//7852 1382//7853 1381//7854
f 1342//7855 1343//7856 1383//7857
f 1342//7858 1383//7859 1382//7860
f 1343//7861 1344//7862 1384//7863
f 1343//7864 1384//7865 1383//7866
f 1344//7867 1345//7868 1385//7869
f 1344//7870 1385//7871 1384//7872
f 1345//7873 1346//7874 1386//7875
f 1345//7876 1386//7877 1385//7878
f 1346//7879 1347//7880 1387//7881
f 1346//7882 1387//7883 1386//7884
f 1347//7885 1348//7886 1388//7887
f 1347//7888 1388//7889 1387//7890
f 1348//7891 1349//7892 1389//7893
f 1348//7894 1389//7895 1388//7896
f 1349//7897 1350//7898 1390//7899
f 1349//7900 1390//7901 1389//7902
f 1350//7903 1351//7904 1391//7905
f 1350//7906 1391//7907 1390//7908
f 1351//7909 1352//7910 1392//7911
f 1351//7912 1392//7913 1391//7914
f 1352//7915 1313//7916 1353//7917
f 1352//7918 1353//7919 1392//7920
f 1393//7921 1314//7922 1313//7923
f 1394//7924 1353//7925 1354//7926
f 1393//7927 1315//7928 1314//7929
f 1394//7930 1354//7931 1355//7932
f 1393//7933 1316//7934 1315//7935
f 1394//7936 1355//7937 1356//7938
f 1393//7939 1317//7940 1316//7941
f 1394//7942 1356//7943 1357//7944
f 1393//7945 1318//7946 1317//7947
f 1394//7948 1357//7949 1358//7950
f 1393//7951 1319//7952 1318//7953
f 1394//7954 1358//7955 1359//7956
f 1393//7957 1320//7958 1319//7959
f 1394//7960 1359//7961 1360//7962
f 1393//7963 1321//7964 1320//7965
f 1394//7966 1360//7967 1361//7968
f 1393//7969 1322//7970 1321//7971
f 1394//7972 1361//7973 1362//7974
f 1393//7975 1323//7976 1322//7977
f 1394//7978 1362//7979 1363//7980
f 1393//7981 1324//7982 1323//7983
f 1394//7984 1363//7985 1364//7986
f 1393//7987 1325//7988 1324//7989
f 1394//7990 1364//7991 1365//7992
f 1393//7993 1326//7994 1325//7995
f 1394//7996 1365//7997 1366//7998
f 1393//7999 1327//8000 1326//8001
f 1394//8002 1366//8003 1367//8004
f 1393//8005 1328//8006 1327//8007
f 1394//8008 1367//8009 1368//8010
f 1393//8011 1329//8012 1328//8013
f 1394//8014 1368//8015 1369//8016
f 1393//8017 1330//8018 1329//8019
f 1394//8020 1369//8021 1370//8022
f 1393//8023 1331//8024 1330//8025
f 1394//8026 1370//8027 1371//8028
f 1393//8029 1332//8030 1331//8031
f 1394//8032 1371//8033 1372//8034
f 1393//8035 1333//8036 1332//8037
f 1394//8038 1372//8039 1373//8040
f 1393//8041 1334//8042 1333//8043
f 1394//8044 1373//8045 1374//8046
f 1393//8047 1335//8048 1334//8049
f 1394//8050 1374//8051 1375//8052
f 1393//8053 1336//8054 1335//8055
f 1394//8056 1375//8057 1376//8058
f 1393//8059 1337//8060 1336//8061
f 1394//8062 1376//8063 1377//8064
f 1393//8065 1338//8066 1337//8067
f 1394//8068 1377//8069 1378//8070
f 1393//8071 1339//8072 1338//8073
f 1394//8074 1378//8075 1379//8076
f 1393//8077 1340//8078 1339//8079
f 1394//8080 1379//8081 1380//8082
f 1393//8083 1341//8084 1340//8085
f 1394//8086 1380//8087 1381//8088
f 1393//8089 1342//8090 1341//8091
f 1394//8092 1381//8093 1382//8094
f 1393//8095 1343//8096 1342//8097
f 1394//8098 1382//8099 1383//8100
f 1393//8101 1344//8102 1343//8103
f 1394//8104 1383//8105 1384//8106
f 1393//8107 1345//8108 1344//8109
f 1394//8110 1384//8111 1385//8112
f 1393//8113 1346//8114 1345//8115
f 1394//8116 1385//8117 1386//8118
f 1393//8119 1347//8120 1346//8121
f 1394//8122 1386//8123 1387//8124
f 1393//8125 1348//8126 1347//8127
f 1394//8128 1387//8129 1388//8130
f 1393//8131 1349//8132 1348//8133
f 1394//8134 1388//8135 1389//8136
f 1393//8137 1350//8138 1349//8139
f 1394//8140 1389//8141 1390//8142
f 1393//8143 1351//8144 1350//8145
f 1394//8146 1390//8147 1391//8148
f 1393//8149 1352//8150 1351//8151
f 1394//8152 1391//8153 1392//8154
f 1393//8155 1313//8156 1352//8157
f 1394//8158 1392//8159 1353//8160
f 1395//8161 1396//8162 1436//8163
f 1395//8164 1436//8165 1435//8166
f 1396//8167 1397//8168 1437//8169
f 1396//8170 1437//8171 1436//8172
f 1397//8173 1398//8174 1438//8175
f 1397//8176 1438//8177 1437//8178
f 1398//8179 1399//8180 1439//8181
f 1398//8182 1439//8183 1438//8184
f 1399//8185 1400//8186 1440//8187
f 1399//8188 1440//8189 1439//8190
f 1400//8191 1401//8192 1441//8193
f 1400//8194 1441//8195 1440//8196
f 1401//8197 1402//8198 1442//8199
f 1401//8200 1442//8201 1441//8202
f 1402//8203 1403//8204 1443//8205
f 1402//8206 1443//8207 1442//8208
f 1403//8209 1404//8210 1444//8211
f 1403//8212 1444//8213 1443//8214
f 1404//8215 1405//8216 1445//8217
f 1404//8218 1445//8219 1444//8220
f 1405//8221 1406//8222 1446//8223
f 1405//8224 1446//8225 1445//8226
f 1406//8227 1407//8228 1447//8229
f 1406//8230 1447//8231 1446//8232
f 1407//8233 1408//8234 1448//8235
f 1407//8236 1448//8237 1447//8238
f 1408//8239 1409//8240 1449//8241
f 1408//8242 1449//8243 1448//8244
f 1409//8245 1410//8246 1450//8247
f 1409//8248 1450//8249 1449//8250
f 1410//8251 1411//8252 1451//8253
f 1410//8254 1451//8255 1450//8256
f 1411//8257 1412//8258 1452//8259
f 1411//8260 1452//8261 1451//8262
f 1412//8263 1413//8264 1453//8265
f 1412//8266 1453//8267 1452//8268
f 1413//8269 1414//8270 1454//8271
f 1413//8272 1454//8273 1453//8274
f 1414//8275 1415//8276 1455//8277
f 1414//8278 1455//8279 1454//8280
f 1415//8281 1416//8282 1456//8283
f 1415//8284 1456//8285 1455//8286
f 1416//8287 1417//8288 1457//8289
f 1416//8290 1457//8291 1456//8292
f 1417//8293 1418//8294 1458//8295
f 1417//8296 1458//8297 1457//8298
f 1418//8299 1419//8300 1459//8301
f 1418//8302 1459//8303 1458//8304
f 1419//8305 1420//8306 1460//8307
f 1419//8308 1460//8309 1459//8310
f 1420//8311 1421//8312 1461//8313
f 1420//8314 1461//8315 1460//8316
f 1421//8317 1422//8318 1462//8319
f 1421//8320 1462//8321 1461//8322
f 1422//8323 1423//8324 1463//8325
f 1422//8326 1463//8327 1462//8328
f 1423//8329 1424//8330 1464//8331
f 1423//8332 1464//8333 1463//8334
f 1424//8335 1425//8336 1465//8337
f 1424//8338 1465//8339 1464//8340
f 1425//8341 1426//8342 1466//8343
f 1425//8344 1466//8345 1465//8346
f 1426//8347 1427//8348 1467//8349
f 1426//8350 1467//8351 1466//8352
f 1427//8353 1428//8354 1468//8355
f 1427//8356 1468//8357 1467//8358
f 1428//8359 1429//8360 1469//8361
f 1428//8362 1469//8363 1468//8364
f 1429//8365 1430//8366 1470//8367
f 1429//8368 1470//8369 1469//8370
f 1430//8371 1431//8372 1471//8373
f 1430//8374 1471//8375 1470//8376
f 1431//8377 1432//8378 1472//8379
f 1431//8380 1472//8381 1471//8382
f 1432//8383 1433//8384 1473//8385
f 1432//8386 1473//8387 1472//8388
f 1433//8389 1434//8390 1474//8391
f 1433//8392 1474//8393 1473//8394
f 1434//8395 1395//8396 1435//8397
f 1434//8398 1435//8399 1474//8400
f 1475//8401 1396//8402 1395//8403
f 1476//8404 1435//8405 1436//8406
f 1475//8407 1397//8408 1396//8409
f 1476//8410 1436//8411 1437//8412
f 1475//8413 1398//8414 1397//8415
f 1476//8416 1437//8417 1438//8418
f 1475//8419 1399//8420 1398//8421
f 1476//8422 1438//8423 1439//8424
f 1475//8425 1400//8426 1399//8427
f 1476//8428 1439//8429 1440//8430
f 1475//8431 1401//8432 1400//8433
f 1476//8434 1440//8435 1441//8436
f 1475//8437 1402//8438 1401//8439
f 1476//8440 1441//8441 1442//8442
f 1475//8443 1403//8444 1402//8445
f 1476//8446 1442//8447 1443//8448
f 1475//8449 1404//8450 1403//8451
f 1476//8452 1443//8453 1444//8454
f 1475//8455 1405//8456 1404//8457
f 1476//8458 1444//8459 1445//8460
f 1475//8461 1406//8462 1405//8463
f 1476//8464 1445//8465 1446//8466
f 1475//8467 1407//8468 1406//8469
f 1476//8470 1446//8471 1447//8472
f 1475//8473 1408//8474 1407//8475
f 1476//8476 1447//8477 1448//8478
f 1475//8479 1409//8480 1408//8481
f 1476//8482 1448//8483 1449//8484
f 1475//8485 1410//8486 1409//8487
f 1476//8488 1449//8489 1450//8490
f 1475//8491 1411//8492 1410//8493
f 1476//8494 1450//8495 1451//8496
f 1475//8497 1412//8498 1411//8499
f 1476//8500 1451//8501 1452//8502
f 1475//8503 1413//8504 1412//8505
f 1476//8506 1452//8507 1453//8508
f 1475//8509 1414//8510 1413//8511
f 1476//8512 1453//8513 1454//8514
f 1475//8515 1415//8516 1414//8517
f 1476//8518 1454//8519 1455//8520
f 1475//8521 1416//8522 1415//8523
f 1476//8524 1455//8525 1456//8526
f 1475//8527 1417//8528 1416//8529
f 1476//8530 1456//8531 1457//8532
f 1475//8533 1418//8534 1417//8535
f 1476//8536 1457//8537 1458//8538
f 1475//8539 1419//8540 1418//8541
f 1476//8542 1458//8543 1459//8544
f 1475//8545 1420//8546 1419//8547
f 1476//8548 1459//8549 1460//8550
f 1475//8551 1421//8552 1420//8553
f 1476//8554 1460//8555 1461//8556
f 1475//8557 1422//8558 1421//8559
f 1476//8560 1461//8561 1462//8562
f 1475//8563 1423//8564 1422//8565
f 1476//8566 1462//8567 1463//8568
f 1475//8569 1424//8570 1423//8571
f 1476//8572 1463//8573 1464//8574
f 1475//8575 1425//8576 1424//8577
f 1476//8578 1464//8579 1465//8580
f 1475//8581 1426//8582 1425//8583
f 1476//8584 1465//8585 1466//8586
f 1475//8587 1427//8588 1426//8589
f 1476//8590 1466//8591 1467//8592
f 1475//8593 1428//8594 1427//8595
f 1476//8596 1467//8597 1468//8598
f 1475//8599 1429//8600 1428//8601
f 1476//8602 1468//8603 1469//8604
f 1475//8605 1430//8606 1429//8607
f 1476//8608 1469//8609 1470//8610
f 1475//8611 1431//8612 1430//8613
f 1476//8614 1470//8615 1471//8616
f 1475//8617 1432//8618 1431//8619
f 1476//8620 1471//8621 1472//8622
f 1475//8623 1433//8624 1432//8625
f 1476//8626 1472//8627 1473//8628
f 1475//8629 1434//8630 1433//8631
f 1476//8632 1473//8633 1474//8634
f 1475//8635 1395//8636 1434//8637
f 1476//8638 1474//8639 1435//8640
f 1477//8641 1478//8642 1518//8643
f 1477//8644 1518//8645 1517//8646
f 1478//8647 1479//8648 1519//8649
f 1478//8650 1519//8651 1518//8652
f 1479//8653 1480//8654 1520//8655
f 1479//8656 1520//8657 1519//8658
f 1480//8659 1481//8660 1521//8661
f 1480//8662 1521//8663 1520//8664
f 1481//8665 1482//8666 1522//8667
f 1481//8668 1522//8669 1521//8670
f 1482//8671 1483//8672 1523//8673
f 1482//8674 1523//8675 1522//8676
f 1483//8677 1484//8678 1524//8679
f 1483//8680 1524//8681 1523//8682
f 1484//8683 1485//8684 1525//8685
f 1484//8686 1525//8687 1524//8688
f 1485//8689 1486//8690 1526//8691
f 1485//8692 1526//8693 1525//8694
f 1486//8695 1487//8696 1527//8697
f 1486//8698 1527//8699 1526//8700
f 1487//8701 1488//8702 1528//8703
f 1487//8704 1528//8705 1527//8706
f 1488//8707 1489//8708 1529//8709
f 1488//8710 1529//8711 1528//8712
f 1489//8713 1490//8714 1530//8715
f 1489//8716 1530//8717 1529//8718
f 1490//8719 1491//8720 1531//8721
f 1490//8722 1531//8723 1530//8724
f 1491//8725 1492//8726 1532//8727
f 1491//8728 1532//8729 1531//8730
f 1492//8731 1493//8732 1533//8733
f 1492//8734 1533//8735 1532//8736
f 1493//8737 1494//8738 1534//8739
f 1493//8740 1534//8741 1533//8742
f 1494//8743 1495//8744 1535//8745
f 1494//8746 1535//8747 1534//8748
f 1495//8749 1496//8750 1536//8751
f 1495//8752 1536//8753 1535//8754
f 1496//8755 1497//8756 1537//8757
f 1496//8758 1537//8759 1536//8760
f 1497//8761 1498//8762 1538//8763
f 1497//8764 1538//8765 1537//8766
f 1498//8767 1499//8768 1539//8769
f 1498//8770 1539//8771 1538//8772
f 1499//8773 1500//8774 1540//8775
f 1499//8776 1540//8777 1539//8778
f 1500//8779 1501//8780 1541//8781
f 1500//8782 1541//8783 1540//8784
f 1501//8785 1502//8786 1542//8787
f 1501//8788 1542//8789 1541//8790
f 1502//8791 1503//8792 1543//8793
f 1502//8794 1543//8795 1542//8796
f 1503//8797 1504//8798 1544//8799
f 1503//8800 1544//8801 1543//8802
f 1504//8803 1505//8804 1545//8805
f 1504//8806 1545//8807 1544//8808
f 1505//8809 1506//8810 1546//8811
f 1505//8812 1546//8813 1545//8814
f 1506//8815 1507//8816 1547//8817
f 1506//8818 1547//8819 1546//8820
f 1507//8821 1508//8822 1548//8823
f 1507//8824 1548//8825 1547//8826
f 1508//8827 1509//8828 1549//8829
f 1508//8830 1549//8831 1548//8832
f 1509//8833 1510//8834 1550//8835
f 1509//8836 1550//8837 1549//8838
f 1510//8839 1511//8840 1551//8841
f 1510//8842 1551//8843 1550//8844
f 1511//8845 1512//8846 1552//8847
f 1511//8848 1552//8849 1551//8850
f 1512//8851 1513//8852 1553//8853
f 1512//8854 1553//8855 1552//8856
f 1513//8857 1514//8858 1554//8859
f 1513//8860 1554//8861 1553//8862
f 1514//8863 1515//8864 1555//8865
f 1514//8866 1555//8867 1554//8868
f 1515//8869 1516//8870 1556//8871
f 1515//8872 1556//8873 1555//8874
f 1516//8875 1477//8876 1517//8877
f 1516//8878 1517//8879 1556//8880
f 1557//8881 1478//8882 1477//8883
f 1558//8884 1517//8885 1518//8886
f 1557//8887 1479//8888 1478//8889
f 1558//8890 1518//8891 1519//8892
f 1557//8893 1480//8894 1479//8895
f 1558//8896 1519//8897 1520//8898
f 1557//8899 1481//8900 1480//8901
f 1558//8902 1520//8903 1521//8904
f 1557//8905 1482//8906 1481//8907
f 1558//8908 1521//8909 1522//8910
f 1557//8911 1483//8912 1482//8913
f 1558//8914 1522//8915 1523//8916
f 1557//8917 1484//8918 1483//8919
f 1558//8920 1523//8921 1524//8922
f 1557//8923 1485//8924 1484//8925
f 1558//8926 1524//8927 1525//8928
f 1557//8929 1486//8930 1485//8931
f 1558//8932 1525//8933 1526//8934
f 1557//8935 1487//8936 1486//8937
f 1558//8938 1526//8939 1527//8940
f 1557//8941 1488//8942 1487//8943
f 1558//8944 1527//8945 1528//8946
f 1557//8947 1489//8948 1488//8949
f 1558//8950 1528//8951 1529//8952
f 1557//8953 1490//8954 1489//8955
f 1558//8956 1529//8957 1530//8958
f 1557//8959 1491//8960 1490//8961
f 1558//8962 1530//8963 1531//8964
f 1557//8965 1492//8966 1491//8967
f 1558//8968 1531//8969 1532//8970
f 1557//8971 1493//8972 1492//8973
f 1558//8974 1532//8975 1533//8976
f 1557//8977 1494//8978 1493//8979
f 1558//8980 1533//8981 1534//8982
f 1557//8983 1495//8984 1494//8985
f 1558//8986 1534//8987 1535//8988
f 1557//8989 1496//8990 1495//8991
f 1558//8992 1535//8993 1536//8994
f 1557//8995 1497//8996 1496//8997
f 1558//8998 1536//8999 1537//9000
f 1557//9001 1498//9002 1497//9003
f 1558//9004 1537//9005 1538//9006
f 1557//9007 1499//9008 1498//9009
f 1558//9010 1538//9011 1539//9012
f 1557//9013 1500//9014 1499//9015
f 1558//9016 1539//9017 1540//9018
f 1557//9019 1501//9020 1500//9021
f 1558//9022 1540//9023 1541//9024
f 1557//9025 1502//9026 1501//9027
f 1558//9028 1541//9029 1542//9030
f 1557//9031 1503//9032 1502//9033
f 1558//9034 1542//9035 1543//9036
f 1557//9037 1504//9038 1503//9039
f 1558//9040 1543//9041 1544//9042
f 1557//9043 1505//9044 1504//9045
f 1558//9046 1544//9047 1545//9048
f 1557//9049 1506//9050 1505//9051
f 1558//9052 1545//9053 1546//9054
f 1557//9055 1507//9056 1506//9057
f 1558//9058 1546//9059 1547//9060
f 1557//9061 1508//9062 1507//9063
f 1558//9064 1547//9065 1548//9066
f 1557//9067 1509//9068 1508//9069
f 1558//9070 1548//9071 1549//9072
f 1557//9073 1510//9074 1509//9075
f 1558//9076 1549//9077 1550//9078
f 1557//9079 1511//9080 1510//9081
f 1558//9082 1550//9083 1551//9084
f 1557//9085 1512//9086 1511//9087
f 1558//9088 1551//9089 1552//9090
f 1557//9091 1513//9092 1512//9093
f 1558//9094 1552//9095 1553//9096
f 1557//9097 1514//9098 1513//9099
f 1558//9100 1553//9101 1554//9102
f 1557//9103 1515//9104 1514//9105
f 1558//9106 1554//9107 1555//9108
f 1557//9109 1516//9110 1515//9111
f 1558//9112 1555//9113 1556//9114
f 1557//9115 1477//9116 1516//9117
f 1558//9118 1556//9119 1517//9120
f 1559//9121 1560//9122 1600//9123
f 1559//9124 1600//9125 1599//9126
f 1560//9127 1561//9128 1601//9129
f 1560//9130 1601//9131 1600//9132
f 1561//9133 1562//9134 1602//9135
f 1561//9136 1602//9137 1601//9138
f 1562//9139 1563//9140 1603//9141
f 1562//9142 1603//9143 1602//9144
f 1563//9145 1564//9146 1604//9147
f 1563//9148 1604//9149 1603//9150
f 1564//9151 1565//9152 1605//9153
f 1564//9154 1605//9155 1604//9156
f 1565//9157 1566//9158 1606//9159
f 1565//9160 1606//9161 1605//9162
f 1566//9163 1567//9164 1607//9165
f 1566//9166 1607//9167 1606//9168
f 1567//9169 1568//9170 1608//9171
f 1567//9172 1608//9173 1607//9174
f 1568//9175 1569//9176 1609//9177
f 1568//9178 1609//9179 1608//9180
f 1569//9181 1570//9182 1610//9183
f 1569//9184 1610//9185 1609//9186
f 1570//9187 1571//9188 1611//9189
f 1570//9190 1611//9191 1610//9192
f 1571//9193 1572//9194 1612//9195
f 1571//9196 1612//9197 1611//9198
f 1572//9199 1573//9200 1613//9201
f 1572//9202 1613//9203 1612//9204
f 1573//9205 1574//9206 1614//9207
f 1573//9208 1614//9209 1613//9210
f 1574//9211 1575//9212 1615//9213
f 1574//9214 1615//9215 1614//9216
f 1575//9217 1576//9218 1616//9219
f 1575//9220 1616//9221 1615//9222
f 1576//9223 1577//9224 1617//9225
f 1576//9226 1617//9227 1616//9228
f 1577//9229 1578//9230 1618//9231
f 1577//9232 1618//9233 1617//9234
f 1578//9235 1579//9236 1619//9237
f 1578//9238 1619//9239 1618//9240
f 1579//9241 1580//9242 1620//9243
f 1579//9244 1620//9245 1619//9246
f 1580//9247 1581//9248 1621//9249
f 1580//9250 1621//9251 1620//9252
f 1581//9253 1582//9254 1622//9255
f 1581//9256 1622//9257 1621//9258
f 1582//9259 1583//9260 1623//9261
f 1582//9262 1623//9263 1622//9264
f 1583//9265 1584//9266 1624//9267
f 1583//9268 1624//9269 1623//9270
f 1584//9271 1585//9272 1625//9273
f 1584//9274 1625//9275 1624//9276
f 1585//9277 1586//9278 1626//9279
f 1585//9280 1626//9281 1625//9282
f 1586//9283 1587//9284 1627//9285
f 1586//9286 1627//9287 1626//9288
f 1587//9289 1588//9290 1628//9291
f 1587//9292 1628//9293 1627//9294
f 1588//9295 1589//9296 1629//9297
f 1588//9298 1629//9299 1628//9300
f 1589//9301 1590//9302 1630//9303
f 1589//9304 1630//9305 1629//9306
f 1590//9307 1591//9308 1631//9309
f 1590//9310 1631//9311 1630//9312
f 1591//9313 1592//9314 1632//9315
f 1591//9316 1632//9317 1631//9318
f 1592//9319 1593//9320 1633//9321
f 1592//9322 1633//9323 1632//9324
f 1593//9325 1594//9326 1634//9327
f 1593//9328 1634//9329 1633//9330
f 1594//9331 1595//9332 1635//9333
f 1594//9334 1635//9335 1634//9336
f 1595//9337 1596//9338 1636//9339
f 1595//9340 1636//9341 1635//9342
f 1596//9343 1597//9344 1637//9345
f 1596//9346 1637//9347 1636//9348
f 1597//9349 1598//9350 1638//9351
f 1597//9352 1638//9353 1637//9354
f 1598//9355 1559//9356 1599//9357
f 1598//9358 1599//9359 1638//9360
f 1639//9361 1560//9362 1559//9363
f 1640//9364 1599//9365 1600//9366
f 1639//9367 1561//9368 1560//9369
f 1640//9370 1600//9371 1601//9372
f 1639//9373 1562//9374 1561//9375
f 1640//9376 1601//9377 1602//9378
f 1639//9379 1563//9380 1562//9381
f 1640//9382 1602//9383 1603//9384
f 1639//9385 1564//9386 1563//9387
f 1640//9388 1603//9389 1604//9390
f 1639//9391 1565//9392 1564//9393
f 1640//9394 1604//9395 1605//9396
f 1639//9397 1566//9398 1565//9399
f 1640//9400 1605//9401 1606//9402
f 1639//9403 1567//9404 1566//9405
f 1640//9406 1606//9407 1607//9408
f 1639//9409 1568//9410 1567//9411
f 1640//9412 1607//9413 1608//9414
f 1639//9415 1569//9416 1568//9417
f 1640//9418 1608//9419 1609//9420
f 1639//9421 1570//9422 1569//9423
f 1640//9424 1609//9425 1610//9426
f 1639//9427 1571//9428 1570//9429
f 1640//9430 1610//9431 1611//9432
f 1639//9433 1572//9434 1571//9435
f 1640//9436 1611//9437 1612//9438
f 1639//9439 1573//9440 1572//9441
f 1640//9442 1612//9443 1613//9444
f 1639//9445 1574//9446 1573//9447
f 1640//9448 1613//9449 1614//9450
f 1639//9451 1575//9452 1574//9453
f 1640//9454 1614//9455 1615//9456
f 1639//9457 1576//9458 1575//9459
f 1640//9460 1615//9461 1616//9462
f 1639//9463 1577//9464 1576//9465
f 1640//9466 1616//9467 1617//9468
f 1639//9469 1578//9470 1577//9471
f 1640//9472 1617//9473 1618//9474
f 1639//9475 1579//9476 1578//9477
f 1640//9478 1618//9479 1619//9480
f 1639//9481 1580//9482 1579//9483
f 1640//9484 1619//9485 1620//9486
f 1639//9487 1581//9488 1580//9489
f 1640//9490 1620//9491 1621//9492
f 1639//9493 1582//9494 1581//9495
f 1640//9496 1621//9497 1622//9498
f 1639//9499 1583//9500 1582//9501
f 1640//9502 1622//9503 1623//9504
f 1639//9505 1584//9506 1583//9507
f 1640//9508 1623//9509 1624//9510
f 1639//9511 1585//9512 1584//9513
f 1640//9514 1624//9515 1625//9516
f 1639//9517 1586//9518 1585//9519
f 1640//9520 1625//9521 1626//9522
f 1639//9523 1587//9524 1586//9525
f 1640//9526 1626//9527 1627//9528
f 1639//9529 1588//9530 1587//9531
f 1640//9532 1627//9533 1628//9534
f 1639//9535 1589//9536 1588//9537
f 1640//9538 1628//9539 1629//9540
f 1639//9541 1590//9542 1589//9543
f 1640//9544 1629//9545 1630//9546
f 1639//9547 1591//9548 1590//9549
f 1640//9550 1630//9551 1631//9552
f 1639//9553 1592//9554 1591//9555
f 1640//9556 1631//9557 1632//9558
f 1639//9559 1593//9560 1592//9561
f 1640//9562 1632//9563 1633//9564
f 1639//9565 1594//9566 1593//9567
f 1640//9568 1633//9569 1634//9570
f 1639//9571 1595//9572 1594//9573
f 1640//9574 1634//9575 1635//9576
f 1639//9577 1596//9578 1595//9579
f 1640//9580 1635//9581 1636//9582
f 1639//9583 1597//9584 1596//9585
f 1640//9586 1636//9587 1637//9588
f 1639//9589 1598//9590 1597//9591
f 1640//9592 1637//9593 1638//9594
f 1639//9595 1559//9596 1598//9597
f 1640//9598 1638//9599 1599//9600
f 1641//9601 1642//9602 1682//9603
f 1641//9604 1682//9605 1681//9606
f 1642//9607 1643//9608 1683//9609
f 1642//9610 1683//9611 1682//9612
f 1643//9613 1644//9614 1684//9615
f 1643//9616 1684//9617 1683//9618
f 1644//9619 1645//9620 1685//9621
f 1644//9622 1685//9623 1684//9624
f 1645//9625 1646//9626 1686//9627
f 1645//9628 1686//9629 1685//9630
f 1646//9631 1647//9632 1687//9633
f 1646//9634 1687//9635 1686//9636
f 1647//9637 1648//9638 1688//9639
f 1647//9640 1688//9641 1687//9642
f 1648//9643 1649//9644 1689//9645
f 1648//9646 1689//9647 1688//9648
f 1649//9649 1650//9650 1690//9651
f 1649//9652 1690//9653 1689//9654
f 1650//9655 1651//9656 1691//9657
f 1650//9658 1691//9659 1690//9660
f 1651//9661 1652//9662 1692//9663
f 1651//9664 1692//9665 1691//9666
f 1652//9667 1653//9668 1693//9669
f 1652//9670 1693//9671 1692//9672
f 1653//9673 1654//9674 1694//9675
f 1653//9676 1694//9677 1693//9678
f 1654//9679 1655//9680 1695//9681
f 1654//9682 1695//9683 1694//9684
f 1655//9685 1656//9686 1696//9687
f 1655//9688 1696//9689 1695//9690
f 1656//9691 1657//9692 1697//9693
f 1656//9694 1697//9695 1696//9696
f 1657//9697 1658//9698 1698//9699
f 1657//9700 1698//9701 1697//9702
f 1658//9703 1659//9704 1699//9705
f 1658//9706 1699//9707 1698//9708
f 1659//9709 1660//9710 1700//9711
f 1659//9712 1700//9713 1699//9714
f 1660//9715 1661//9716 1701//9717
f 1660//9718 1701//9719 1700//9720
f 1661//9721 1662//9722 1702//9723
f 1661//9724 1702//9725 1701//9726
f 1662//9727 1663//9728 1703//9729
f 1662//9730 1703//9731 1702//9732
f 1663//9733 1664//9734 1704//9735
f 1663//9736 1704//9737 1703//9738
f 1664//9739 1665//9740 1705//9741
f 1664//9742 1705//9743 1704//9744
f 1665//9745 1666//9746 1706//9747
f 1665//9748 1706//9749 1705//9750
f 1666//9751 1667//9752 1707//9753
f 1666//9754 1707//9755 1706//9756
f 1667//9757 1668//9758 1708//9759
f 1667//9760 1708//9761 1707//9762
f 1668//9763 1669//9764 1709//9765
f 1668//9766 1709//9767 1708//9768
f 1669//9769 1670//9770 1710//9771
f 1669//9772 1710//9773 1709//9774
f 1670//9775 1671//9776 1711//9777
f 1670//9778 1711//9779 1710//9780
f 1671//9781 1672//9782 1712//9783
f 1671//9784 1712//9785 1711//9786
f 1672//9787 1673//9788 1713//9789
f 1672//9790 1713//9791 1712//9792
f 1673//9793 1674//9794 1714//9795
f 1673//9796 1714//9797 1713//9798
f 1674//9799 1675//9800 1715//9801
f 1674//9802 1715//9803 1714//9804
f 1675//9805 1676//9806 1716//9807
f 1675//9808 1716//9809 1715//9810
f 1676//9811 1677//9812 1717//9813
f 1676//9814 1717//9815 1716//9816
f 1677//9817 1678//9818 1718//9819
f 1677//9820 1718//9821 1717//9822
f 1678//9823 1679//9824 1719//9825
f 1678//9826 1719//9827 1718//9828
f 1679//9829 1680//9830 1720//9831
f 1679//9832 1720//9833 1719//9834
f 1680//9835 1641//9836 1681//9837
f 1680//9838 1681//9839 1720//9840
f 1721//9841 1642//9842 1641//9843
f 1722//9844 1681//9845 1682//9846
f 1721//9847 1643//9848 1642//9849
f 1722//9850 1682//9851 1683//9852
f 1721//9853 1644//9854 1643//9855
f 1722//9856 1683//9857 1684//9858
f 1721//9859 1645//9860 1644//9861
f 1722//9862 1684//9863 1685//9864
f 1721//9865 1646//9866 1645//9867
f 1722//9868 1685//9869 1686//9870
f 1721//9871 1647//9872 1646//9873
f 1722//9874 1686//9875 1687//9876
f 1721//9877 1648//9878 1647//9879
f 1722//9880 1687//9881 1688//9882
f 1721//9883 1649//9884 1648//9885
f 1722//9886 1688//9887 1689//9888
f 1721//9889 1650//9890 1649//9891
f 1722//9892 1689//9893 1690//9894
f 1721//9895 1651//9896 1650//9897
f 1722//9898 1690//9899 1691//9900
f 1721//9901 1652//9902 1651//9903
f 1722//9904 1691//9905 1692//9906
f 1721//9907 1653//9908 1652//9909
f 1722//9910 1692//9911 1693//9912
f 1721//9913 1654//9914 1653//9915
f 1722//9916 1693//9917 1694//9918
f 1721//9919 1655//9920 1654//9921
f 1722//9922 1694//9923 1695//9924
f 1721//9925 1656//9926 1655//9927
f 1722//9928 1695//9929 1696//9930
f 1721//9931 1657//9932 1656//9933
f 1722//9934 1696//9935 1697//9936
f 1721//9937 1658//9938 1657//9939
f 1722//9940 1697//9941 1698//9942
f 1721//9943 1659//9944 1658//9945
f 1722//9946 1698//9947 1699//9948
f 1721//9949 1660//9950 1659//9951
f 1722//9952 1699//9953 1700//9954
f 1721//9955 1661//9956 1660//9957
f 1722//9958 1700//9959 1701//9960
f 1721//9961 1662//9962 1661//9963
f 1722//9964 1701//9965 1702//9966
f 1721//9967 1663//9968 1662//9969
f 1722//9970 1702//9971 1703//9972
f 1721//9973 1664//9974 1663//9975
f 1722//9976 1703//9977 1704//9978
f 1721//9979 1665//9980 1664//9981
f 1722//9982 1704//9983 1705//9984
f 1721//9985 1666//9986 1665//9987
f 1722//9988 1705//9989 1706//9990
f 1721//9991 1667//9992 1666//9993
f 1722//9994 1706//9995 1707//9996
f 1721//9997 1668//9998 1667//9999
f 1722//10000 1707//10001 1708//10002
f 1721//10003 1669//10004 1668//10005
f 1722//10006 1708//10007 1709//10008
f 1721//10009 1670//10010 1669//10011
f 1722//10012 1709//10013 1710//10014
f 1721//10015 1671//10016 1670//10017
f 1722//10018 1710//10019 1711//10020
f 1721//10021 1672//10022 1671//10023
f 1722//10024 1711//10025 1712//10026
f 1721//10027 1673//10028 1672//10029
f 1722//10030 1712//10031 1713//10032
f 1721//10033 1674//10034 1673//10035
f 1722//10036 1713//10037 1714//10038
f 1721//10039 1675//10040 1674//10041
f 1722//10042 1714//10043 1715//10044
f 1721//10045 1676//10046 1675//10047
f 1722//10048 1715//10049 1716//10050
f 1721//10051 1677//10052 1676//10053
f 1722//10054 1716//10055 1717//10056
f 1721//10057 1678//10058 1677//10059
f 1722//10060 1717//10061 1718//10062
f 1721//10063 1679//10064 1678//10065
f 1722//10066 1718//10067 1719//10068
f 1721//10069 1680//10070 1679//10071
f 1722//10072 1719//10073 1720//10074
f 1721//10075 1641//10076 1680//10077
f 1722//10078 1720//10079 1681//10080
f 1723//10081 1724//10082 1764//10083
f 1723//10084 1764//10085 1763//10086
f 1724//10087 1725//10088 1765//10089
f 1724//10090 1765//10091 1764//10092
f 1725//10093 1726//10094 1766//10095
f 1725//10096 1766//10097 1765//10098
f 1726//10099 1727//10100 1767//10101
f 1726//10102 1767//10103 1766//10104
f 1727//10105 1728//10106 1768//10107
f 1727//10108 1768//10109 1767//10110
f 1728//10111 1729//10112 1769//10113
f 1728//10114 1769//10115 1768//10116
f 1729//10117 1730//10118 1770//10119
f 1729//10120 1770//10121 1769//10122
f 1730//10123 1731//10124 1771//10125
f 1730//10126 1771//10127 1770//10128
f 1731//10129 1732//10130 1772//10131
f 1731//10132 1772//10133 1771//10134
f 1732//10135 1733//10136 1773//10137
f 1732//10138 1773//10139 1772//10140
f 1733//10141 1734//10142 1774//10143
f 1733//10144 1774//10145 1773//10146
f 1734//10147 1735//10148 1775//10149
f 1734//10150 1775//10151 1774//10152
f 1735//10153 1736//10154 1776//10155
f 1735//10156 1776//10157 1775//10158
f 1736//10159 1737//10160 1777//10161
f 1736//10162 1777//10163 1776//10164
f 1737//10165 1738//10166 1778//10167
f 1737//10168 1778//10169 1777//10170
f 1738//10171 1739//10172 1779//10173
f 1738//10174 1779//10175 1778//10176
f 1739//10177 1740//10178 1780//10179
f 1739//10180 1780//10181 1779//10182
f 1740//10183 1741//10184 1781//10185
f 1740//10186 1781//10187 1780//10188
f 1741//10189 1742//10190 1782//10191
f 1741//10192 1782//10193 1781//10194
f 1742//10195 1743//10196 1783//10197
f 1742//10198 1783//10199 1782//10200
f 1743//10201 1744//10202 1784//10203
f 1743//10204 1784//10205 1783//10206
f 1744//10207 1745//10208 1785//10209
f 1744//10210 1785//10211 1784//10212
f 1745//10213 1746//10214 1786//10215
f 1745//10216 1786//10217 1785//10218
f 1746//10219 1747//10220 1787//10221
f 1746//10222 1787//10223 1786//10224
f 1747//10225 1748//10226 1788//10227
f 1747//10228 1788//10229 1787//10230
f 1748//10231 1749//10232 1789//10233
f 1748//10234 1789//10235 1788//10236
f 1749//10237 1750//10238 1790//10239
f 1749//10240 1790//10241 1789//10242
f 1750//10243 1751//10244 1791//10245
f 1750//10246 1791//10247 1790//10248
f 1751//10249 1752//10250 1792//10251
f 1751//10252 1792//10253 1791//10254
f 1752//10255 1753//10256 1793//10257
f 1752//10258 1793//10259 1792//10260
f 1753//10261 1754//10262 1794//10263
f 1753//10264 1794//10265 1793//10266
f 1754//10267 1755//10268 1795//10269
f 1754//10270 1795//10271 1794//10272
f 1755//10273 1756//10274 1796//10275
f 1755//10276 1796//10277 1795//10278
f 1756//10279 1757//10280 1797//10281
f 1756//10282 1797//10283 1796//10284
f 1757//10285 1758//10286 1798//10287
f 1757//10288 1798//10289 1797//10290
f 1758//10291 1759//10292 1799//10293
f 1758//10294 1799//10295 1798//10296
f 1759//10297 1760//10298 1800//10299
f 1759//10300 1800//10301 1799//10302
f 1760//10303 1761//10304 1801//10305
f 1760//10306 1801//10307 1800//10308
f 1761//10309 1762//10310 1802//10311
f 1761//10312 1802//10313 1801//10314
f 1762//10315 1723//10316 1763//10317
f 1762//10318 1763//10319 1802//10320
f 1803//10321 1724//10322 1723//10323
f 1804//10324 1763//10325 1764//10326
f 1803//10327 1725//10328 1724//10329
f 1804//10330 1764//10331 1765//10332
f 1803//10333 1726//10334 1725//10335
f 1804//10336 1765//10337 1766//10338
f 1803//10339 1727//10340 1726//10341
f 1804//10342 1766//10343 1767//10344
f 1803//10345 1728//10346 1727//10347
f 1804//10348 1767//10349 1768//10350
f 1803//10351 1729//10352 1728//10353
f 1804//10354 1768//10355 1769//10356
f 1803//10357 1730//10358 1729//10359
f 1804//10360 1769//10361 1770//10362
f 1803//10363 1731//10364 1730//10365
f 1804//10366 1770//10367 1771//10368
f 1803//10369 1732//10370 1731//10371
f 1804//10372 1771//10373 1772//10374
f 1803//10375 1733//10376 1732//10377
f 1804//10378 1772//10379 1773//10380
f 1803//10381 1734//10382 1733//10383
f 1804//10384 1773//10385 1774//10386
f 1803//10387 1735//10388 1734//10389
f 1804//10390 1774//10391 1775//10392
f 1803//10393 1736//10394 1735//10395
f 1804//10396 1775//10397 1776//10398
f 1803//10399 1737//10400 1736//10401
f 1804//10402 1776//10403 1777//10404
f 1803//10405 1738//10406 1737//10407
f 1804//10408 1777//10409 1778//10410
f 1803//10411 1739//10412 1738//10413
f 1804//10414 1778//10415 1779//10416
f 1803//10417 1740//10418 1739//10419
f 1804//10420 1779//10421 1780//10422
f 1803//10423 1741//10424 1740//10425
f 1804//10426 1780//10427 1781//10428
f 1803//10429 1742//10430 1741//10431
f 1804//10432 1781//10433 1782//10434
f 1803//10435 1743//10436 1742//10437
f 1804//10438 1782//10439 1783//10440
f 1803//10441 1744//10442 1743//10443
f 1804//10444 1783//10445 1784//10446
f 1803//10447 1745//10448 1744//10449
f 1804//10450 1784//10451 1785//10452
f 1803//10453 1746//10454 1745//10455
f 1804//10456 1785//10457 1786//10458
f 1803//10459 1747//10460 1746//10461
f 1804//10462 1786//10463 1787//10464
f 1803//10465 1748//10466 1747//10467
f 1804//10468 1787//10469 1788//10470
f 1803//10471 1749//10472 1748//10473
f 1804//10474 1788//10475 1789//10476
f 1803//10477 1750//10478 1749//10479
f 1804//10480 1789//10481 1790//10482
f 1803//10483 1751//10484 1750//10485
f 1804//10486 1790//10487 1791//10488
f 1803//10489 1752//10490 1751//10491
f 1804//10492 1791//10493 1792//10494
f 1803//10495 1753//10496 1752//10497
f 1804//10498 1792//10499 1793//10500
f 1803//10501 1754//10502 1753//10503
f 1804//10504 1793//10505 1794//10506
f 1803//10507 1755//10508 1754//10509
f 1804//10510 1794//10511 1795//10512
f 1803//10513 1756//10514 1755//10515
f 1804//10516 1795//10517 1796//10518
f 1803//10519 1757//10520 1756//10521
f 1804//10522 1796//10523 1797//10524
f 1803//10525 1758//10526 1757//10527
f 1804//10528 1797//10529 1798//10530
f 1803//10531 1759//10532 1758//10533
f 1804//10534 1798//10535 1799//10536
f 1803//10537 1760//10538 1759//10539
f 1804//10540 1799//10541 1800//10542
f 1803//10543 1761//10544 1760//10545
f 1804//10546 1800//10547 1801//10548
f 1803//10549 1762//10550 1761//10551
f 1804//10552 1801//10553 1802//10554
f 1803//10555 1723//10556 1762//10557
f 1804//10558 1802//10559 1763//10560
f 1805//10561 1806//10562 1846//10563
f 1805//10564 1846//10565 1845//10566
f 1806//10567 1807//10568 1847//10569
f 1806//10570 1847//10571 1846//10572
f 1807//10573 1808//10574 1848//10575
f 1807//10576 1848//10577 1847//10578
f 1808//10579 1809//10580 1849//10581
f 1808//10582 1849//10583 1848//10584
f 1809//10585 1810//10586 1850//10587
f 1809//10588 1850//10589 1849//10590
f 1810//10591 1811//10592 1851//10593
f 1810//10594 1851//10595 1850//10596
f 1811//10597 1812//10598 1852//10599
f 1811//10600 1852//10601 1851//10602
f 1812//10603 1813//10604 1853//10605
f 1812//10606 1853//10607 1852//10608
f 1813//10609 1814//10610 1854//10611
f 1813//10612 1854//10613 1853//10614
f 1814//10615 1815//10616 1855//10617
f 1814//10618 1855//10619 1854//10620
f 1815//10621 1816//10622 1856//10623
f 1815//10624 1856//10625 1855//10626
f 1816//10627 1817//10628 1857//10629
f 1816//10630 1857//10631 1856//10632
f 1817//10633 1818//10634 1858//10635
f 1817//10636 1858//10637 1857//10638
f 1818//10639 1819//10640 1859//10641
f 1818//10642 1859//10643 1858//10644
f 1819//10645 1820//10646 1860//10647
f 1819//10648 1860//10649 1859//10650
f 1820//10651 1821//10652 1861//10653
f 1820//10654 1861//10655 1860//10656
f 1821//10657 1822//10658 1862//10659
f 1821//10660 1862//10661 1861//10662
f 1822//10663 1823//10664 1863//10665
f 1822//10666 1863//10667 1862//10668
f 1823//10669 1824//10670 1864//10671
f 1823//10672 1864//10673 1863//10674
f 1824//10675 1825//10676 1865//10677
f 1824//10678 1865//10679 1864//10680
f 1825//10681 1826//10682 1866//10683
f 1825//10684 1866//10685 1865//10686
f 1826//10687 1827//10688 1867//10689
f 1826//10690 1867//10691 1866//10692
f 1827//10693 1828//10694 1868//10695
f 1827//10696 1868//10697 1867//10698
f 1828//10699 1829//10700 1869//10701
f 1828//10702 1869//10703 1868//10704
f 1829//10705 1830//10706 1870//10707
f 1829//10708 1870//10709 1869//10710
f 1830//10711 1831//10712 1871//10713
f 1830//10714 1871//10715 1870//10716
f 1831//10717 1832//10718 1872//10719
f 1831//10720 1872//10721 1871//10722
f 1832//10723 1833//10724 1873//10725
f 1832//10726 1873//10727 1872//10728
f 1833//10729 1834//10730 1874//10731
f 1833//10732 1874//10733 1873//10734
f 1834//10735 1835//10736 1875//10737
f 1834//10738 1875//10739 1874//10740
f 1835//10741 1836//10742 1876//10743
f 1835//10744 1876//10745 1875//10746
f 1836//10747 1837//10748 1877//10749
f 1836//10750 1877//10751 1876//10752
f 1837//10753 1838//10754 1878//10755
f 1837//10756 1878//10757 1877//10758
f 1838//10759 1839//10760 1879//10761
f 1838//10762 1879//10763 1878//10764
f 1839//10765 1840//10766 1880//10767
f 1839//10768 1880//10769 1879//10770
f 1840//10771 1841//10772 1881//10773
f 1840//10774 1881//10775 1880//10776
f 1841//10777 1842//10778 1882//10779
f 1841//10780 1882//10781 1881//10782
f 1842//10783 1843//10784 1883//10785
f 1842//10786 1883//10787 1882//10788
f 1843//10789 1844//10790 1884//10791
f 1843//10792 1884//10793 1883//10794
f 1844//10795 1805//10796 1845//10797
f 1844//10798 1845//10799 1884//10800
f 1885//10801 1806//10802 1805//10803
f 1886//10804 1845//10805 1846//10806
f 1885//10807 1807//10808 1806//10809
f 1886//10810 1846//10811 1847//10812
f 1885//10813 1808//10814 1807//10815
f 1886//10816 1847//10817 1848//10818
f 1885//10819 1809//10820 1808//10821
f 1886//10822 1848//10823 1849//10824
f 1885//10825 1810//10826 1809//10827
f 1886//10828 1849//10829 1850//10830
f 1885//10831 1811//10832 1810//10833
f 1886//10834 1850//10835 1851//10836
f 1885//10837 1812//10838 1811//10839
f 1886//10840 1851//10841 1852//10842
f 1885//10843 1813//10844 1812//10845
f 1886//10846 1852//10847 1853//10848
f 1885//10849 1814//10850 1813//10851
f 1886//10852 1853//10853 1854//10854
f 1885//10855 1815//10856 1814//10857
f 1886//10858 1854//10859 1855//10860
f 1885//10861 1816//10862 1815//10863
f 1886//10864 1855//10865 1856//10866
f 1885//10867 1817//10868 1816//10869
f 1886//10870 1856//10871 1857//10872
f 1885//10873 1818//10874 1817//10875
f 1886//10876 1857//10877 1858//10878
f 1885//10879 1819//10880 1818//10881
f 1886//10882 1858//10883 1859//10884
f 1885//10885 1820//10886 1819//10887
f 1886//10888 1859//10889 1860//10890
f 1885//10891 1821//10892 1820//10893
f 1886//10894 1860//10895 1861//10896
f 1885//10897 1822//10898 1821//10899
f 1886//10900 1861//10901 1862//10902
f 1885//10903 1823//10904 1822//10905
f 1886//10906 1862//10907 1863//10908
f 1885//10909 1824//10910 1823//10911
f 1886//10912 1863//10913 1864//10914
f 1885//10915 1825//10916 1824//10917
f 1886//10918 1864//10919 1865//10920
f 1885//10921 1826//10922 1825//10923
f 1886//10924 1865//10925 1866//10926
f 1885//10927 1827//10928 1826//10929
f 1886//10930 1866//10931 1867//10932
f 1885//10933 1828//10934 1827//10935
f 1886//10936 1867//10937 1868//10938
f 1885//10939 1829//10940 1828//10941
f 1886//10942 1868//10943 1869//10944
f 1885//10945 1830//10946 1829//10947
f 1886//10948 1869//10949 1870//10950
f 1885//10951 1831//10952 1830//10953
f 1886//10954 1870//10955 1871//10956
f 1885//10957 1832//10958 1831//10959
f 1886//10960 1871//10961 1872//10962
f 1885//10963 1833//10964 1832//10965
f 1886//10966 1872//10967 1873//10968
f 1885//10969 1834//10970 1833//10971
f 1886//10972 1873//10973 1874//10974
f 1885//10975 1835//10976 1834//10977
f 1886//10978 1874//10979 1875//10980
f 1885//10981 1836//10982 1835//10983
f 1886//10984 1875//10985 1876//10986
f 1885//10987 1837//10988 1836//10989
f 1886//10990 1876//10991 1877//10992
f 1885//10993 1838//10994 1837//10995
f 1886//10996 1877//10997 1878//10998
f 1885//10999 1839//11000 1838//11001
f 1886//11002 1878//11003 1879//11004
f 1885//11005 1840//11006 1839//11007
f 1886//11008 1879//11009 1880//11010
f 1885//11011 1841//11012 1840//11013
f 1886//11014 1880//11015 1881//11016
f 1885//11017 1842//11018 1841//11019
f 1886//11020 1881//11021 1882//11022
f 1885//11023 1843//11024 1842//11025
f 1886//11026 1882//11027 1883//11028
f 1885//11029 1844//11030 1843//11031
f 1886//11032 1883//11033 1884//11034
f 1885//11035 1805//11036 1844//11037
f 1886//11038 1884//11039 1845//11040
f 1887//11041 1888//11042 1928//11043
f 1887//11044 1928//11045 1927//11046
f 1888//11047 1889//11048 1929//11049
f 1888//11050 1929//11051 1928//11052
f 1889//11053 1890//11054 1930//11055
f 1889//11056 1930//11057 1929//11058
f 1890//11059 1891//11060 1931//11061
f 1890//11062 1931//11063 1930//11064
f 1891//11065 1892//11066 1932//11067
f 1891//11068 1932//11069 1931//11070
f 1892//11071 1893//11072 1933//11073
f 1892//11074 1933//11075 1932//11076
f 1893//11077 1894//11078 1934//11079
f 1893//11080 1934//11081 1933//11082
f 1894//11083 1895//11084 1935//11085
f 1894//11086 1935//11087 1934//11088
f 1895//11089 1896//11090 1936//11091
f 1895//11092 1936//11093 1935//11094
f 1896//11095 1897//11096 1937//11097
f 1896//11098 1937//11099 1936//11100
f 1897//11101 1898//11102 1938//11103
f 1897//11104 1938//11105 1937//11106
f 1898//11107 1899//11108 1939//11109
f 1898//11110 1939//11111 1938//11112
f 1899//11113 1900//11114 1940//11115
f 1899//11116 1940//11117 1939//11118
f 1900//11119 1901//11120 1941//11121
f 1900//11122 1941//11123 1940//11124
f 1901//11125 1902//11126 1942//11127
f 1901//11128 1942//11129 1941//11130
f 1902//11131 1903//11132 1943//11133
f 1902//11134 1943//11135 1942//11136
f 1903//11137 1904//11138 1944//11139
f 1903//11140 1944//11141 1943//11142
f 1904//11143 1905//11144 1945//11145
f 1904//11146 1945//11147 1944//11148
f 1905//11149 1906//11150 1946//11151
f 1905//11152 1946//11153 1945//11154
f 1906//11155 1907//11156 1947//11157
f 1906//11158 1947//11159 1946//11160
f 1907//11161 1908//11162 1948//11163
f 1907//11164 1948//11165 1947//11166
f 1908//11167 1909//11168 1949//11169
f 1908//11170 1949//11171 1948//11172
f 1909//11173 1910//11174 1950//11175
f 1909//11176 1950//11177 1949//11178
f 1910//11179 1911//11180 1951//11181
f 1910//11182 1951//11183 1950//11184
f 1911//11185 1912//11186 1952//11187
f 1911//11188 1952//11189 1951//11190
f 1912//11191 1913//11192 1953//11193
f 1912//11194 1953//11195 1952//11196
f 1913//11197 1914//11198 1954//11199
f 1913//11200 1954//11201 1953//11202
f 1914//11203 1915//11204 1955//11205
f 1914//11206 1955//11207 1954//11208
f 1915//11209 1916//11210 1956//11211
f 1915//11212 1956//11213 1955//11214
f 1916//11215 1917//11216 1957//11217
f 1916//11218 1957//11219 1956//11220
f 1917//11221 1918//11222 1958//11223
f 1917//11224 1958//11225 1957//11226
f 1918//11227 1919//11228 1959//11229
f 1918//11230 1959//11231 1958//11232
f 1919//11233 1920//11234 1960//11235
f 1919//11236 1960//11237 1959//11238
f 1920//11239 1921//11240 1961//11241
f 1920//11242 1961//11243 1960//11244
f 1921//11245 1922//11246 1962//11247
f 1921//11248 1962//11249 1961//11250
f 1922//11251 1923//11252 1963//11253
f 1922//11254 1963//11255 1962//11256
f 1923//11257 1924//11258 1964//11259
f 1923//11260 1964//11261 1963//11262
f 1924//11263 1925//11264 1965//11265
f 1924//11266 1965//11267 1964//11268
f 1925//11269 1926//11270 1966//11271
f 1925//11272 1966//11273 1965//11274
f 1926//11275 1887//11276 1927//11277
f 1926//11278 1927//11279 1966//11280
f 1967//11281 1888//11282 1887//11283
f 1968//11284 1927//11285 1928//11286
f 1967//11287 1889//11288 1888//11289
f 1968//11290 1928//11291 1929//11292
f 1967//11293 1890//11294 1889//11295
f 1968//11296 1929//11297 1930//11298
f 1967//11299 1891//11300 1890//11301
f 1968//11302 1930//11303 1931//11304
f 1967//11305 1892//11306 1891//11307
f 1968//11308 1931//11309 1932//11310
f 1967//11311 1893//11312 1892//11313
f 1968//11314 1932//11315 1933//11316
f 1967//11317 1894//11318 1893//11319
f 1968//11320 1933//11321 1934//11322
f 1967//11323 1895//11324 1894//11325
f 1968//11326 1934//11327 1935//11328
f 1967//11329 1896//11330 1895//11331
f 1968//11332 1935//11333 1936//11334
f 1967//11335 1897//11336 1896//11337
f 1968//11338 1936//11339 1937//11340
f 1967//11341 1898//11342 1897//11343
f 1968//11344 1937//11345 1938//11346
f 1967//11347 1899//11348 1898//11349
f 1968//11350 1938//11351 1939//11352
f 1967//11353 1900//11354 1899//11355
f 1968//11356 1939//11357 1940//11358
f 1967//11359 1901//11360 1900//11361
f 1968//11362 1940//11363 1941//11364
f 1967//11365 1902//11366 1901//11367
f 1968//11368 1941//11369 1942//11370
f 1967//11371 1903//11372 1902//11373
f 1968//11374 1942//11375 1943//11376
f 1967//11377 1904//11378 1903//11379
f 1968//11380 1943//11381 1944//11382
f 1967//11383 1905//11384 1904//11385
f 1968//11386 1944//11387 1945//11388
f 1967//11389 1906//11390 1905//11391
f 1968//11392 1945//11393 1946//11394
f 1967//11395 1907//11396 1906//11397
f 1968//11398 1946//11399 1947//11400
f 1967//11401 1908//11402 1907//11403
f 1968//11404 1947//11405 1948//11406
f 1967//11407 1909//11408 1908//11409
f 1968//11410 1948//11411 1949//11412
f 1967//11413 1910//11414 1909//11415
f 1968//11416 1949//11417 1950//11418
f 1967//11419 1911//11420 1910//11421
f 1968//11422 1950//11423 1951//11424
f 1967//11425 1912//11426 1911//11427
f 1968//11428 1951//11429 1952//11430
f 1967//11431 1913//11432 1912//11433
f 1968//11434 1952//11435 1953//11436
f 1967//11437 1914//11438 1913//11439
f 1968//11440 1953//11441 1954//11442
f 1967//11443 1915//11444 1914//11445
f 1968//11446 1954//11447 1955//11448
f 1967//11449 1916//11450 1915//11451
f 1968//11452 1955//11453 1956//11454
f 1967//11455 1917//11456 1916//11457
f 1968//11458 1956//11459 1957//11460
f 1967//11461 1918//11462 1917//11463
f 1968//11464 1957//11465 1958//11466
f 1967//11467 1919//11468 1918//11469
f 1968//11470 1958//11471 1959//11472
f 1967//11473 1920//11474 1919//11475
f 1968//11476 1959//11477 1960//11478
f 1967//11479 1921//11480 1920//11481
f 1968//11482 1960//11483 1961//11484
f 1967//11485 1922//11486 1921//11487
f 1968//11488 1961//11489 1962//11490
f 1967//11491 1923//11492 1922//11493
f 1968//11494 1962//11495 1963//11496
f 1967//11497 1924//11498 1923//11499
f 1968//11500 1963//11501 1964//11502
f 1967//11503 1925//11504 1924//11505
f 1968//11506 1964//11507 1965//11508
f 1967//11509 1926//11510 1925//11511
f 1968//11512 1965//11513 1966//11514
f 1967//11515 1887//11516 1926//11517
f 1968//11518 1966//11519 1927//11520
f 1969//11521 1970//11522 2010//11523
f 1969//11524 2010//11525 2009//11526
f 1970//11527 1971//11528 2011//11529
f 1970//11530 2011//11531 2010//11532
f 1971//11533 1972//11534 2012//11535
f 1971//11536 2012//11537 2011//11538
f 1972//11539 1973//11540 2013//11541
f 1972//11542 2013//11543 2012//11544
f 1973//11545 1974//11546 2014//11547
f 1973//11548 2014//11549 2013//11550
f 1974//11551 1975//11552 2015//11553
f 1974//11554 2015//11555 2014//11556
f 1975//11557 1976//11558 2016//11559
f 1975//11560 2016//11561 2015//11562
f 1976//11563 1977//11564 2017//11565
f 1976//11566 2017//11567 2016//11568
f 1977//11569 1978//11570 2018//11571
f 1977//11572 2018//11573 2017//11574
f 1978//11575 1979//11576 2019//11577
f 1978//11578 2019//11579 2018//11580
f 1979//11581 1980//11582 2020//11583
f 1979//11584 2020//11585 2019//11586
f 1980//11587 1981//11588 2021//11589
f 1980//11590 2021//11591 2020//11592
f 1981//11593 1982//11594 2022//11595
f 1981//11596 2022//11597 2021//11598
f 1982//11599 1983//11600 2023//11601
f 1982//11602 2023//11603 2022//11604
f 1983//11605 1984//11606 2024//11607
f 1983//11608 2024//11609 2023//11610
f 1984//11611 1985//11612 2025//11613
f 1984//11614 2025//11615 2024//11616
f 1985//11617 1986//11618 2026//11619
f 1985//11620 2026//11621 2025//11622
f 1986//11623 1987//11624 2027//11625
f 1986//11626 2027//11627 2026//11628
f 1987//11629 1988//11630 2028//11631
f 1987//11632 2028//11633 2027//11634
f 1988//11635 1989//11636 2029//11637
f 1988//11638 2029//11639 2028//11640
f 1989//11641 1990//11642 2030//11643
f 1989//11644 2030//11645 2029//11646
f 1990//11647 1991//11648 2031//11649
f 1990//11650 2031//11651 2030//11652
f 1991//11653 1992//11654 2032//11655
f 1991//11656 2032//11657 2031//11658
f 1992//11659 1993//11660 2033//11661
f 1992//11662 2033//11663 2032//11664
f 1993//11665 1994//11666 2034//11667
f 1993//11668 2034//11669 2033//11670
f 1994//11671 1995//11672 2035//11673
f 1994//11674 2035//11675 2034//11676
f 1995//11677 1996//11678 2036//11679
f 1995//11680 2036//11681 2035//11682
f 1996//11683 1997//11684 2037//11685
f 1996//11686 2037//11687 2036//11688
f 1997//11689 1998//11690 2038//11691
f 1997//11692 2038//11693 2037//11694
f 1998//11695 1999//11696 2039//11697
f 1998//11698 2039//11699 2038//11700
f 1999//11701 2000//11702 2040//11703
f 1999//11704 2040//11705 2039//11706
f 2000//11707 2001//11708 2041//11709
f 2000//11710 2041//11711 2040//11712
f 2001//11713 2002//11714 2042//11715
f 2001//11716 2042//11717 2041//11718
f 2002//11719 2003//11720 2043//11721
f 2002//11722 2043//11723 2042//11724
f 2003//11725 2004//11726 2044//11727
f 2003//11728 2044//11729 2043//11730
f 2004//11731 2005//11732 2045//11733
f 2004//11734 2045//11735 2044//11736
f 2005//11737 2006//11738 2046//11739
f 2005//11740 2046//11741 2045//11742
f 2006//11743 2007//11744 2047//11745
f 2006//11746 2047//11747 2046//11748
f 2007//11749 2008//11750 2048//11751
f 2007//11752 2048//11753 2047//11754
f 2008//11755 1969//11756 2009//11757
f 2008//11758 2009//11759 2048//11760
f 2049//11761 1970//11762 1969//11763
f 2050//11764 2009//11765 2010//11766
f 2049//11767 1971//11768 1970//11769
f 2050//11770 2010//11771 2011//11772
f 2049//11773 1972//11774 1971//11775
f 2050//11776 2011//11777 2012//11778
f 2049//11779 1973//11780 1972//11781
f 2050//11782 2012//11783 2013//11784
f 2049//11785 1974//11786 1973//11787
f 2050//11788 2013//11789 2014//11790
f 2049//11791 1975//11792 1974//11793
f 2050//11794 2014//11795 2015//11796
f 2049//11797 1976//11798 1975//11799
f 2050//11800 2015//11801 2016//11802
f 2049//11803 1977//11804 1976//11805
f 2050//11806 2016//11807 2017//11808
f 2049//11809 1978//11810 1977//11811
f 2050//11812 2017//11813 2018//11814
f 2049//11815 1979//11816 1978//11817
f 2050//11818 2018//11819 2019//11820
f 2049//11821 1980//11822 1979//11823
f 2050//11824 2019//11825 2020//11826
f 2049//11827 1981//11828 1980//11829
f 2050//11830 2020//11831 2021//11832
f 2049//11833 1982//11834 1981//11835
f 2050//11836 2021//11837 2022//11838
f 2049//11839 1983//11840 1982//11841
f 2050//11842 2022//11843 2023//11844
f 2049//11845 1984//11846 1983//11847
f 2050//11848 2023//11849 2024//11850
f 2049//11851 1985//11852 1984//11853
f 2050//11854 2024//11855 2025//11856
f 2049//11857 1986//11858 1985//11859
f 2050//11860 2025//11861 2026//11862
f 2049//11863 1987//11864 1986//11865
f 2050//11866 2026//11867 2027//11868
f 2049//11869 1988//11870 1987//11871
f 2050//11872 2027//11873 2028//11874
f 2049//11875 1989//11876 1988//11877
f 2050//11878 2028//11879 2029//11880
f 2049//11881 1990//11882 1989//11883
f 2050//11884 2029//11885 2030//11886
f 2049//11887 1991//11888 1990//11889
f 2050//11890 2030//11891 2031//11892
f 2049//11893 1992//11894 1991//11895
f 2050//11896 2031//11897 2032//11898
f 2049//11899 1993//11900 1992//11901
f 2050//11902 2032//11903 2033//11904
f 2049//11905 1994//11906 1993//11907
f 2050//11908 2033//11909 2034//11910
f 2049//11911 1995//11912 1994//11913
f 2050//11914 2034//11915 2035//11916
f 2049//11917 1996//11918 1995//11919
f 2050//11920 2035//11921 2036//11922
f 2049//11923 1997//11924 1996//11925
f 2050//11926 2036//11927 2037//11928
f 2049//11929 1998//11930 1997//11931
f 2050//11932 2037//11933 2038//11934
f 2049//11935 1999//11936 1998//11937
f 2050//11938 2038//11939 2039//11940
f 2049//11941 2000//11942 1999//11943
f 2050//11944 2039//11945 2040//11946
f 2049//11947 2001//11948 2000//11949
f 2050//11950 2040//11951 2041//11952
f 2049//11953 2002//11954 2001//11955
f 2050//11956 2041//11957 2042//11958
f 2049//11959 2003//11960 2002//11961
f 2050//11962 2042//11963 2043//11964
f 2049//11965 2004//11966 2003//11967
f 2050//11968 2043//11969 2044//11970
f 2049//11971 2005//11972 2004//11973
f 2050//11974 2044//11975 2045//11976
f 2049//11977 2006//11978 2005//11979
f 2050//11980 2045//11981 2046//11982
f 2049//11983 2007//11984 2006//11985
f 2050//11986 2046//11987 2047//11988
f 2049//11989 2008//11990 2007//11991
f 2050//11992 2047//11993 2048//11994
f 2049//11995 1969//11996 2008//11997
f 2050//11998 2048//11999 2009//12000
f 2051//12001 2052//12002 2092//12003
f 2051//12004 2092//12005 2091//12006
f 2052//12007 2053//12008 2093//12009
f 2052//12010 2093//12011 2092//12012
f 2053//12013 2054//12014 2094//12015
f 2053//12016 2094//12017 2093//12018
f 2054//12019 2055//12020 2095//12021
f 2054//12022 2095//12023 2094//12024
f 2055//12025 2056//12026 2096//12027
f 2055//12028 2096//12029 2095//12030
f 2056//12031 2057//12032 2097//12033
f 2056//12034 2097//12035 2096//12036
f 2057//12037 2058//12038 2098//12039
f 2057//12040 2098//12041 2097//12042
f 2058//12043 2059//12044 2099//12045
f 2058//12046 2099//12047 2098//12048
f 2059//12049 2060//12050 2100//12051
f 2059//12052 2100//12053 2099//12054
f 2060//12055 2061//12056 2101//12057
f 2060//12058 2101//12059 2100//12060
f 2061//12061 2062//12062 2102//12063
f 2061//12064 2102//12065 2101//12066
f 2062//12067 2063//12068 2103//12069
f 2062//12070 2103//12071 2102//12072
f 2063//12073 2064//12074 2104//12075
f 2063//12076 2104//12077 2103//12078
f 2064//12079 2065//12080 2105//12081
f 2064//12082 2105//12083 2104//12084
f 2065//12085 2066//12086 2106//12087
f 2065//12088 2106//12089 2105//12090
f 2066//12091 2067//12092 2107//12093
f 2066//12094 2107//12095 2106//12096
f 2067//12097 2068//12098 2108//12099
f 2067//12100 2108//12101 2107//12102
f 2068//12103 2069//12104 2109//12105
f 2068//12106 2109//12107 2108//12108
f 2069//12109 2070//12110 2110//12111
f 2069//12112 2110//12113 2109//12114
f 2070//12115 2071//12116 2111//12117
f 2070//12118 2111//12119 2110//12120
f 2071//12121 2072//12122 2112//12123
f 2071//12124 2112//12125 2111//12126
f 2072//12127 2073//12128 2113//12129
f 2072//12130 2113//12131 2112//12132
f 2073//12133 2074//12134 2114//12135
f 2073//12136 2114//12137 2113//12138
f 2074//12139 2075//12140 2115//12141
f 2074//12142 2115//12143 2114//12144
f 2075//12145 2076//12146 2116//12147
f 2075//12148 2116//12149 2115//12150
f 2076//12151 2077//12152 2117//12153
f 2076//12154 2117//12155 2116//12156
f 2077//12157 2078//12158 2118//12159
f 2077//12160 2118//12161 2117//12162
f 2078//12163 2079//12164 2119//12165
f 2078//12166 2119//12167 2118//12168
f 2079//12169 2080//12170 2120//12171
f 2079//12172 2120//12173 2119//12174
f 2080//12175 2081//12176 2121//12177
f 2080//12178 2121//12179 2120//12180
f 2081//12181 2082//12182 2122//12183
f 2081//12184 2122//12185 2121//12186
f 2082//12187 2083//12188 2123//12189
f 2082//12190 2123//12191 2122//12192
f 2083//12193 2084//12194 2124//12195
f 2083//12196 2124//12197 2123//12198
f 2084//12199 2085//12200 2125//12201
f 2084//12202 2125//12203 2124//12204
f 2085//12205 2086//12206 2126//12207
f 2085//12208 2126//12209 2125//12210
f 2086//12211 2087//12212 2127//12213
f 2086//12214 2127//12215 2126//12216
f 2087//12217 2088//12218 2128//12219
f 2087//12220 2128//12221 2127//12222
f 2088//12223 2089//12224 2129//12225
f 2088//12226 2129//12227 2128//12228
f 2089//12229 2090//12230 2130//12231
f 2089//12232 2130//12233 2129//12234
f 2090//12235 2051//12236 2091//12237
f 2090//12238 2091//12239 2130//12240
f 2131//12241 2052//12242 2051//12243
f 2132//12244 2091//12245 2092//12246
f 2131//12247 2053//12248 2052//12249
f 2132//12250 2092//12251 2093//12252
f 2131//12253 2054//12254 2053//12255
f 2132//12256 2093//12257 2094//12258
f 2131//12259 2055//12260 2054//12261
f 2132//12262 2094//12263 2095//12264
f 2131//12265 2056//12266 2055//12267
f 2132//12268 2095//12269 2096//12270
f 2131//12271 2057//12272 2056//12273
f 2132//12274 2096//12275 2097//12276
f 2131//12277 2058//12278 2057//12279
f 2132//12280 2097//12281 2098//12282
f 2131//12283 2059//12284 2058//12285
f 2132//12286 2098//12287 2099//12288
f 2131//12289 2060//12290 2059//12291
f 2132//12292 2099//12293 2100//12294
f 2131//12295 2061//12296 2060//12297
f 2132//12298 2100//12299 2101//12300
f 2131//12301 2062//12302 2061//12303
f 2132//12304 2101//12305 2102//12306
f 2131//12307 2063//12308 2062//12309
f 2132//12310 2102//12311 2103//12312
f 2131//12313 2064//12314 2063//12315
f 2132//12316 2103//12317 2104//12318
f 2131//12319 2065//12320 2064//12321
f 2132//12322 2104//12323 2105//12324
f 2131//12325 2066//12326 2065//12327
f 2132//12328 2105//12329 2106//12330
f 2131//12331 2067//12332 2066//12333
f 2132//12334 2106//12335 2107//12336
f 2131//12337 2068//12338 2067//12339
f 2132//12340 2107//12341 2108//12342
f 2131//12343 2069//12344 2068//12345
f 2132//12346 2108//12347 2109//12348
f 2131//12349 2070//12350 2069//12351
f 2132//12352 2109//12353 2110//12354
f 2131//12355 2071//12356 2070//12357
f 2132//12358 2110//12359 2111//12360
f 2131//12361 2072//12362 2071//12363
f 2132//12364 2111//12365 2112//12366
f 2131//12367 2073//12368 2072//12369
f 2132//12370 2112//12371 2113//12372
f 2131//12373 2074//12374 2073//12375
f 2132//12376 2113//12377 2114//12378
f 2131//12379 2075//12380 2074//12381
f 2132//12382 2114//12383 2115//12384
f 2131//12385 2076//12386 2075//12387
f 2132//12388 2115//12389 2116//12390
f 2131//12391 2077//12392 2076//12393
f 2132//12394 2116//12395 2117//12396
f 2131//12397 2078//12398 2077//12399
f 2132//12400 2117//12401 2118//12402
f 2131//12403 2079//12404 2078//12405
f 2132//12406 2118//12407 2119//12408
f 2131//12409 2080//12410 2079//12411
f 2132//12412 2119//12413 2120//12414
f 2131//12415 2081//12416 2080//12417
f 2132//12418 2120//12419 2121//12420
f 2131//12421 2082//12422 2081//12423
f 2132//12424 2121//12425 2122//12426
f 2131//12427 2083//12428 2082//12429
f 2132//12430 2122//12431 2123//12432
f 2131//12433 2084//12434 2083//12435
f 2132//12436 2123//12437 2124//12438
f 2131//12439 2085//12440 2084//12441
f 2132//12442 2124//12443 2125//12444
f 2131//12445 2086//12446 2085//12447
f 2132//12448 2125//12449 2126//12450
f 2131//12451 2087//12452 2086//12453
f 2132//12454 2126//12455 2127//12456
f 2131//12457 2088//12458 2087//12459
f 2132//12460 2127//12461 2128//12462
f 2131//12463 2089//12464 2088//12465
f 2132//12466 2128//12467 2129//12468
f 2131//12469 2090//12470 2089//12471
f 2132//12472 2129//12473 2130//12474
f 2131//12475 2051//12476 2090//12477
f 2132//12478 2130//12479 2091//12480
f 2133//12481 2134//12482 2174//12483
f 2133//12484 2174//12485 2173//12486
f 2134//12487 2135//12488 2175//12489
f 2134//12490 2175//12491 2174//12492
f 2135//12493 2136//12494 2176//12495
f 2135//12496 2176//12497 2175//12498
f 2136//12499 2137//12500 2177//12501
f 2136//12502 2177//12503 2176//12504
f 2137//12505 2138//12506 2178//12507
f 2137//12508 2178//12509 2177//12510
f 2138//12511 2139//12512 2179//12513
f 2138//12514 2179//12515 2178//12516
f 2139//12517 2140//12518 2180//12519
f 2139//12520 2180//12521 2179//12522
f 2140//12523 2141//12524 2181//12525
f 2140//12526 2181//12527 2180//12528
f 2141//12529 2142//12530 2182//12531
f 2141//12532 2182//12533 2181//12534
f 2142//12535 2143//12536 2183//12537
f 2142//12538 2183//12539 2182//12540
f 2143//12541 2144//12542 2184//12543
f 2143//12544 2184//12545 2183//12546
f 2144//12547 2145//12548 2185//12549
f 2144//12550 2185//12551 2184//12552
f 2145//12553 2146//12554 2186//12555
f 2145//12556 2186//12557 2185//12558
f 2146//12559 2147//12560 2187//12561
f 2146//12562 2187//12563 2186//12564
f 2147//12565 2148//12566 2188//12567
f 2147//12568 2188//12569 2187//12570
f 2148//12571 2149//12572 2189//12573
f 2148//12574 2189//12575 2188//12576
f 2149//12577 2150//12578 2190//12579
f 2149//12580 2190//12581 2189//12582
f 2150//12583 2151//12584 2191//12585
f 2150//12586 2191//12587 2190//12588
f 2151//12589 2152//12590 2192//12591
f 2151//12592 2192//12593 2191//12594
f 2152//12595 2153//12596 2193//12597
f 2152//12598 2193//12599 2192//12600
f 2153//12601 2154//12602 2194//12603
f 2153//12604 2194//12605 2193//12606
f 2154//12607 2155//12608 2195//12609
f 2154//12610 2195//12611 2194//12612
f 2155//12613 2156//12614 2196//12615
f 2155//12616 2196//12617 2195//12618
f 2156//12619 2157//12620 2197//12621
f 2156//12622 2197//12623 2196//12624
f 2157//12625 2158//12626 2198//12627
f 2157//12628 2198//12629 2197//12630
f 2158//12631 2159//12632 2199//12633
f 2158//12634 2199//12635 2198//12636
f 2159//12637 2160//12638 2200//12639
f 2159//12640 2200//12641 2199//12642
f 2160//12643 2161//12644 2201//12645
f 2160//12646 2201//12647 2200//12648
f 2161//12649 2162//12650 2202//12651
f 2161//12652 2202//12653 2201//12654
f 2162//12655 2163//12656 2203//12657
f 2162//12658 2203//12659 2202//12660
f 2163//12661 2164//12662 2204//12663
f 2163//12664 2204//12665 2203//12666
f 2164//12667 2165//12668 2205//12669
f 2164//12670 2205//12671 2204//12672
f 2165//12673 2166//12674 2206//12675
f 2165//12676 2206//12677 2205//12678
f 2166//12679 2167//12680 2207//12681
f 2166//12682 2207//12683 2206//12684
f 2167//12685 2168//12686 2208//12687
f 2167//12688 2208//12689 2207//12690
f 2168//12691 2169//12692 2209//12693
f 2168//12694 2209//12695 2208//12696
f 2169//12697 2170//12698 2210//12699
f 2169//12700 2210//12701 2209//12702
f 2170//12703 2171//12704 2211//12705
f 2170//12706 2211//12707 2210//12708
f 2171//12709 2172//12710 2212//12711
f 2171//12712 2212//12713 2211//12714
f 2172//12715 2133//12716 2173//12717
f 2172//12718 2173//12719 2212//12720
f 2213//12721 2134//12722 2133//12723
f 2214//12724 2173//12725 2174//12726
f 2213//12727 2135//12728 2134//12729
f 2214//12730 2174//12731 2175//12732
f 2213//12733 2136//12734 2135//12735
f 2214//12736 2175//12737 2176//12738
f 2213//12739 2137//12740 2136//12741
f 2214//12742 2176//12743 2177//12744
f 2213//12745 2138//12746 2137//12747
f 2214//12748 2177//12749 2178//12750
f 2213//12751 2139//12752 2138//12753
f 2214//12754 2178//12755 2179//12756
f 2213//12757 2140//12758 2139//12759
f 2214//12760 2179//12761 2180//12762
f 2213//12763 2141//12764 2140//12765
f 2214//12766 2180//12767 2181//12768
f 2213//12769 2142//12770 2141//12771
f 2214//12772 2181//12773 2182//12774
f 2213//12775 2143//12776 2142//12777
f 2214//12778 2182//12779 2183//12780
f 2213//12781 2144//12782 2143//12783
f 2214//12784 2183//12785 2184//12786
f 2213//12787 2145//12788 2144//12789
f 2214//12790 2184//12791 2185//12792
f 2213//12793 2146//12794 2145//12795
f 2214//12796 2185//12797 2186//12798
f 2213//12799 2147//12800 2146//12801
f 2214//12802 2186//12803 2187//12804
f 2213//12805 2148//12806 2147//12807
f 2214//12808 2187//12809 2188//12810
f 2213//12811 2149//12812 2148//12813
f 2214//12814 2188//12815 2189//12816
f 2213//12817 2150//12818 2149//12819
f 2214//12820 2189//12821 2190//12822
f 2213//12823 2151//12824 2150//12825
f 2214//12826 2190//12827 2191//12828
f 2213//12829 2152//12830 2151//12831
f 2214//12832 2191//12833 2192//12834
f 2213//12835 2153//12836 2152//12837
f 2214//12838 2192//12839 2193//12840
f 2213//12841 2154//12842 2153//12843
f 2214//12844 2193//12845 2194//12846
f 2213//12847 2155//12848 2154//12849
f 2214//12850 2194//12851 2195//12852
f 2213//12853 2156//12854 2155//12855
f 2214//12856 2195//12857 2196//12858
f 2213//12859 2157//12860 2156//12861
f 2214//12862 2196//12863 2197//12864
f 2213//12865 2158//12866 2157//12867
f 2214//12868 2197//12869 2198//12870
f 2213//12871 2159//12872 2158//12873
f 2214//12874 2198//12875 2199//12876
f 2213//12877 2160//12878 2159//12879
f 2214//12880 2199//12881 2200//12882
f 2213//12883 2161//12884 2160//12885
f 2214//12886 2200//12887 2201//12888
f 2213//12889 2162//12890 2161//12891
f 2214//12892 2201//12893 2202//12894
f 2213//12895 2163//12896 2162//12897
f 2214//12898 2202//12899 2203//12900
f 2213//12901 2164//12902 2163//12903
f 2214//12904 2203//12905 2204//12906
f 2213//12907 2165//12908 2164//12909
f 2214//12910 2204//12911 2205//12912
f 2213//12913 2166//12914 2165//12915
f 2214//12916 2205//12917 2206//12918
f 2213//12919 2167//12920 2166//12921
f 2214//12922 2206//12923 2207//12924
f 2213//12925 2168//12926 2167//12927
f 2214//12928 2207//12929 2208//12930
f 2213//12931 2169//12932 2168//12933
f 2214//12934 2208//12935 2209//12936
f 2213//12937 2170//12938 2169//12939
f 2214//12940 2209//12941 2210//12942
f 2213//12943 2171//12944 2170//12945
f 2214//12946 2210//12947 2211//12948
f 2213//12949 2172//12950 2171//12951
f 2214//12952 2211//12953 2212//12954
f 2213//12955 2133//12956 2172//12957
f 2214//12958 2212//12959 2173//12960
f 2215//12961 2216//12962 2256//12963
f 2215//12964 2256//12965 2255//12966
f 2216//12967 2217//12968 2257//12969
f 2216//12970 2257//12971 2256//12972
f 2217//12973 2218//12974 2258//12975
f 2217//12976 2258//12977 2257//12978
f 2218//12979 2219//12980 2259//12981
f 2218//12982 2259//12983 2258//12984
f 2219//12985 2220//12986 2260//12987
f 2219//12988 2260//12989 2259//12990
f 2220//12991 2221//12992 2261//12993
f 2220//12994 2261//12995 2260//12996
f 2221//12997 2222//12998 2262//12999
f 2221//13000 2262//13001 2261//13002
f 2222//13003 2223//13004 2263//13005
f 2222//13006 2263//13007 2262//13008
f 2223//13009 2224//13010 2264//13011
f 2223//13012 2264//13013 2263//13014
f 2224//13015 2225//13016 2265//13017
f 2224//13018 2265//13019 2264//13020
f 2225//13021 2226//13022 2266//13023
f 2225//13024 2266//13025 2265//13026
f 2226//13027 2227//13028 2267//13029
f 2226//13030 2267//13031 2266//13032
f 2227//13033 2228//13034 2268//13035
f 2227//13036 2268//13037 2267//13038
f 2228//13039 2229//13040 2269//13041
f 2228//13042 2269//13043 2268//13044
f 2229//13045 2230//13046 2270//13047
f 2229//13048 2270//13049 2269//13050
f 2230//13051 2231//13052 2271//13053
f 2230//13054 2271//13055 2270//13056
f 2231//13057 2232//13058 2272//13059
f 2231//13060 2272//13061 2271//13062
f 2232//13063 2233//13064 2273//13065
f 2232//13066 2273//13067 2272//13068
f 2233//13069 2234//13070 2274//13071
f 2233//13072 2274//13073 2273//13074
f 2234//13075 2235//13076 2275//13077
f 2234//13078 2275//13079 2274//13080
f 2235//13081 2236//13082 2276//13083
f 2235//13084 2276//13085 2275//13086
f 2236//13087 2237//13088 2277//13089
f 2236//13090 2277//13091 2276//13092
f 2237//13093 2238//13094 2278//13095
f 2237//13096 2278//13097 2277//13098
f 2238//13099 2239//13100 2279//13101
f 2238//13102 2279//13103 2278//13104
f 2239//13105 2240//13106 2280//13107
f 2239//13108 2280//13109 2279//13110
f 2240//13111 2241//13112 2281//13113
f 2240//13114 2281//13115 2280//13116
f 2241//13117 2242//13118 2282//13119
f 2241//13120 2282//13121 2281//13122
f 2242//13123 2243//13124 2283//13125
f 2242//13126 2283//13127 2282//13128
f 2243//13129 2244//13130 2284//13131
f 2243//13132 2284//13133 2283//13134
f 2244//13135 2245//13136 2285//13137
f 2244//13138 2285//13139 2284//13140
f 2245//13141 2246//13142 2286//13143
f 2245//13144 2286//13145 2285//13146
f 2246//13147 2247//13148 2287//13149
f 2246//13150 2287//13151 2286//13152
f 2247//13153 2248//13154 2288//13155
f 2247//13156 2288//13157 2287//13158
f 2248//13159 2249//13160 2289//13161
f 2248//13162 2289//13163 2288//13164
f 2249//13165 2250//13166 2290//13167
f 2249//13168 2290//13169 2289//13170
f 2250//13171 2251//13172 2291//13173
f 2250//13174 2291//13175 2290//13176
f 2251//13177 2252//13178 2292//13179
f 2251//13180 2292//13181 2291//13182
f 2252//13183 2253//13184 2293//13185
f 2252//13186 2293//13187 2292//13188
f 2253//13189 2254//13190 2294//13191
f 2253//13192 2294//13193 2293//13194
f 2254//13195 2215//13196 2255//13197
f 2254//13198 2255//13199 2294//13200
f 2295//13201 2216//13202 2215//13203
f 2296//13204 2255//13205 2256//13206
f 2295//13207 2217//13208 2216//13209
f 2296//13210 2256//13211 2257//13212
f 2295//13213 2218//13214 2217//13215
f 2296//13216 2257//13217 2258//13218
f 2295//13219 2219//13220 2218//13221
f 2296//13222 2258//13223 2259//13224
f 2295//13225 2220//13226 2219//13227
f 2296//13228 2259//13229 2260//13230
f 2295//13231 2221//13232 2220//13233
f 2296//13234 2260//13235 2261//13236
f 2295//13237 2222//13238 2221//13239
f 2296//13240 2261//13241 2262//13242
f 2295//13243 2223//13244 2222//13245
f 2296//13246 2262//13247 2263//13248
f 2295//13249 2224//13250 2223//13251
f 2296//13252 2263//13253 2264//13254
f 2295//13255 2225//13256 2224//13257
f 2296//13258 2264//13259 2265//13260
f 2295//13261 2226//13262 2225//13263
f 2296//13264 2265//13265 2266//13266
f 2295//13267 2227//13268 2226//13269
f 2296//13270 2266//13271 2267//13272
f 2295//13273 2228//13274 2227//13275
f 2296//13276 2267//13277 2268//13278
f 2295//13279 2229//13280 2228//13281
f 2296//13282 2268//13283 2269//13284
f 2295//13285 2230//13286 2229//13287
f 2296//13288 2269//13289 2270//13290
f 2295//13291 2231//13292 2230//13293
f 2296//13294 2270//13295 2271//13296
f 2295//13297 2232//13298 2231//13299
f 2296//13300 2271//13301 2272//13302
f 2295//13303 2233//13304 2232//13305
f 2296//13306 2272//13307 2273//13308
f 2295//13309 2234//13310 2233//13311
f 2296//13312 2273//13313 2274//13314
f 2295//13315 2235//13316 2234//13317
f 2296//13318 2274//13319 2275//13320
f 2295//13321 2236//13322 2235//13323
f 2296//13324 2275//13325 2276//13326
f 2295//13327 2237//13328 2236//13329
f 2296//13330 2276//13331 2277//13332
f 2295//13333 2238//13334 2237//13335
f 2296//13336 2277//13337 2278//13338
f 2295//13339 2239//13340 2238//13341
f 2296//13342 2278//13343 2279//13344
f 2295//13345 2240//13346 2239//13347
f 2296//13348 2279//13349 2280//13350
f 2295//13351 2241//13352 2240//13353
f 2296//13354 2280//13355 2281//13356
f 2295//13357 2242//13358 2241//13359
f 2296//13360 2281//13361 2282//13362
f 2295//13363 2243//13364 2242//13365
f 2296//13366 2282//13367 2283//13368
f 2295//13369 2244//13370 2243//13371
f 2296//13372 2283//13373 2284//13374
f 2295//13375 2245//13376 2244//13377
f 2296//13378 2284//13379 2285//13380
f 2295//13381 2246//13382 2245//13383
f 2296//13384 2285//13385 2286//13386
f 2295//13387 2247//13388 2246//13389
f 2296//13390 2286//13391 2287//13392
f 2295//13393 2248//13394 2247//13395
f 2296//13396 2287//13397 2288//13398
f 2295//13399 2249//13400 2248//13401
f 2296//13402 2288//13403 2289//13404
f 2295//13405 2250//13406 2249//13407
f 2296//13408 2289//13409 2290//13410
f 2295//13411 2251//13412 2250//13413
f 2296//13414 2290//13415 2291//13416
f 2295//13417 2252//13418 2251//13419
f 2296//13420 2291//13421 2292//13422
f 2295//13423 2253//13424 2252//13425
f 2296//13426 2292//13427 2293//13428
f 2295//13429 2254//13430 2253//13431
f 2296//13432 2293//13433 2294//13434
f 2295//13435 2215//13436 2254//13437
f 2296//13438 2294//13439 2255//13440
f 2297//13441 2298//13442 2338//13443
f 2297//13444 2338//13445 2337//13446
f 2298//13447 2299//13448 2339//13449
f 2298//13450 2339//13451 2338//13452
f 2299//13453 2300//13454 2340//13455
f 2299//13456 2340//13457 2339//13458
f 2300//13459 2301//13460 2341//13461
f 2300//13462 2341//13463 2340//13464
f 2301//13465 2302//13466 2342//13467
f 2301//13468 2342//13469 2341//13470
f 2302//13471 2303//13472 2343//13473
f 2302//13474 2343//13475 2342//13476
f 2303//13477 2304//13478 2344//13479
f 2303//13480 2344//13481 2343//13482
f 2304//13483 2305//13484 2345//13485
f 2304//13486 2345//13487 2344//13488
f 2305//13489 2306//13490 2346//13491
f 2305//13492 2346//13493 2345//13494
f 2306//13495 2307//13496 2347//13497
f 2306//13498 2347//13499 2346//13500
f 2307//13501 2308//13502 2348//13503
f 2307//13504 2348//13505 2347//13506
f 2308//13507 2309//13508 2349//13509
f 2308//13510 2349//13511 2348//13512
f 2309//13513 2310//13514 2350//13515
f 2309//13516 2350//13517 2349//13518
f 2310//13519 2311//13520 2351//13521
f 2310//13522 2351//13523 2350//13524
f 2311//13525 2312//13526 2352//13527
f 2311//13528 2352//13529 2351//13530
f 2312//13531 2313//13532 2353//13533
f 2312//13534 2353//13535 2352//13536
f 2313//13537 2314//13538 2354//13539
f 2313//13540 2354//13541 2353//13542
f 2314//13543 2315//13544 2355//13545
f 2314//13546 2355//13547 2354//13548
f 2315//13549 2316//13550 2356//13551
f 2315//13552 2356//13553 2355//13554
f 2316//13555 2317//13556 2357//13557
f 2316//13558 2357//13559 2356//13560
f 2317//13561 2318//13562 2358//13563
f 2317//13564 2358//13565 2357//13566
f 2318//13567 2319//13568 2359//13569
f 2318//13570 2359//13571 2358//13572
f 2319//13573 2320//13574 2360//13575
f 2319//13576 2360//13577 2359//13578
f 2320//13579 2321//13580 2361//13581
f 2320//13582 2361//13583 2360//13584
f 2321//13585 2322//13586 2362//13587
f 2321//13588 2362//13589 2361//13590
f 2322//13591 2323//13592 2363//13593
f 2322//13594 2363//13595 2362//13596
f 2323//13597 2324//13598 2364//13599
f 2323//13600 2364//13601 2363//13602
f 2324//13603 2325//13604 2365//13605
f 2324//13606 2365//13607 2364//13608
f 2325//13609 2326//13610 2366//13611
f 2325//13612 2366//13613 2365//13614
f 2326//13615 2327//13616 2367//13617
f 2326//13618 2367//13619 2366//13620
f 2327//13621 2328//13622 2368//13623
f 2327//13624 2368//13625 2367//13626
f 2328//13627 2329//13628 2369//13629
f 2328//13630 2369//13631 2368//13632
f 2329//13633 2330//13634 2370//13635
f 2329//13636 2370//13637 2369//13638
f 2330//13639 2331//13640 2371//13641
f 2330//13642 2371//13643 2370//13644
f 2331//13645 2332//13646 2372//13647
f 2331//13648 2372//13649 2371//13650
f 2332//13651 2333//13652 2373//13653
f 2332//13654 2373//13655 2372//13656
f 2333//13657 2334//13658 2374//13659
f 2333//13660 2374//13661 2373//13662
f 2334//13663 2335//13664 2375//13665
f 2334//13666 2375//13667 2374//13668
f 2335//13669 2336//13670 2376//13671
f 2335//13672 2376//13673 2375//13674
f 2336//13675 2297//13676 2337//13677
f 2336//13678 2337//13679 2376//13680
f 2377//13681 2298//13682 2297//13683
f 2378//13684 2337//13685 2338//13686
f 2377//13687 2299//13688 2298//13689
f 2378//13690 2338//13691 2339//13692
f 2377//13693 2300//13694 2299//13695
f 2378//13696 2339//13697 2340//13698
f 2377//13699 2301//13700 2300//13701
f 2378//13702 2340//13703 2341//13704
f 2377//13705 2302//13706 2301//13707
f 2378//13708 2341//13709 2342//13710
f 2377//13711 2303//13712 2302//13713
f 2378//13714 2342//13715 2343//13716
f 2377//13717 2304//13718 2303//13719
f 2378//13720 2343//13721 2344//13722
f 2377//13723 2305//13724 2304//13725
f 2378//13726 2344//13727 2345//13728
f 2377//13729 2306//13730 2305//13731
f 2378//13732 2345//13733 2346//13734
f 2377//13735 2307//13736 2306//13737
f 2378//13738 2346//13739 2347//13740
f 2377//13741 2308//13742 2307//13743
f 2378//13744 2347//13745 2348//13746
f 2377//13747 2309//13748 2308//13749
f 2378//13750 2348//13751 2349//13752
f 2377//13753 2310//13754 2309//13755
f 2378//13756 2349//13757 2350//13758
f 2377//13759 2311//13760 2310//13761
f 2378//13762 2350//13763 2351//13764
f 2377//13765 2312//13766 2311//13767
f 2378//13768 2351//13769 2352//13770
f 2377//13771 2313//13772 2312//13773
f 2378//13774 2352//13775 2353//13776
f 2377//13777 2314//13778 2313//13779
f 2378//13780 2353//13781 2354//13782
f 2377//13783 2315//13784 2314//13785
f 2378//13786 2354//13787 2355//13788
f 2377//13789 2316//13790 2315//13791
f 2378//13792 2355//13793 2356//13794
f 2377//13795 2317//13796 2316//13797
f 2378//13798 2356//13799 2357//13800
f 2377//13801 2318//13802 2317//13803
f 2378//13804 2357//13805 2358//13806
f 2377//13807 2319//13808 2318//13809
f 2378//13810 2358//13811 2359//13812
f 2377//13813 2320//13814 2319//13815
f 2378//13816 2359//13817 2360//13818
f 2377//13819 2321//13820 2320//13821
f 2378//13822 2360//13823 2361//13824
f 2377//13825 2322//13826 2321//13827
f 2378//13828 2361//13829 2362//13830
f 2377//13831 2323//13832 2322//13833
f 2378//13834 2362//13835 2363//13836
f 2377//13837 2324//13838 2323//13839
f 2378//13840 2363//13841 2364//13842
f 2377//13843 2325//13844 2324//13845
f 2378//13846 2364//13847 2365//13848
f 2377//13849 2326//13850 2325//13851
f 2378//13852 2365//13853 2366//13854
f 2377//13855 2327//13856 2326//13857
f 2378//13858 2366//13859 2367//13860
f 2377//13861 2328//13862 2327//13863
f 2378//13864 2367//13865 2368//13866
f 2377//13867 2329//13868 2328//13869
f 2378//13870 2368//13871 2369//13872
f 2377//13873 2330//13874 2329//13875
f 2378//13876 2369//13877 2370//13878
f 2377//13879 2331//13880 2330//13881
f 2378//13882 2370//13883 2371//13884
f 2377//13885 2332//13886 2331//13887
f 2378//13888 2371//13889 2372//13890
f 2377//13891 2333//13892 2332//13893
f 2378//13894 2372//13895 2373//13896
f 2377//13897 2334//13898 2333//13899
f 2378//13900 2373//13901 2374//13902
f 2377//13903 2335//13904 2334//13905
f 2378//13906 2374//13907 2375//13908
f 2377//13909 2336//13910 2335//13911
f 2378//13912 2375//13913 2376//13914
f 2377//13915 2297//13916 2336//13917
f 2378//13918 2376//13919 2337//13920
f 2379//13921 2380//13922 2420//13923
f 2379//13924 2420//13925 2419//13926
f 2380//13927 2381//13928 2421//13929
f 2380//13930 2421//13931 2420//13932
f 2381//13933 2382//13934 2422//13935
f 2381//13936 2422//13937 2421//13938
f 2382//13939 2383//13940 2423//13941
f 2382//13942 2423//13943 2422//13944
f 2383//13945 2384//13946 2424//13947
f 2383//13948 2424//13949 2423//13950
f 2384//13951 2385//13952 2425//13953
f 2384//13954 2425//13955 2424//13956
f 2385//13957 2386//13958 2426//13959
f 2385//13960 2426//13961 2425//13962
f 2386//13963 2387//13964 2427//13965
f 2386//13966 2427//13967 2426//13968
f 2387//13969 2388//13970 2428//13971
f 2387//13972 2428//13973 2427//13974
f 2388//13975 2389//13976 2429//13977
f 2388//13978 2429//13979 2428//13980
f 2389//13981 2390//13982 2430//13983
f 2389//13984 2430//13985 2429//13986
f 2390//13987 2391//13988 2431//13989
f 2390//13990 2431//13991 2430//13992
f 2391//13993 2392//13994 2432//13995
f 2391//13996 2432//13997 2431//13998
f 2392//13999 2393//14000 2433//14001
f 2392//14002 2433//14003 2432//14004
f 2393//14005 2394//14006 2434//14007
f 2393//14008 2434//14009 2433//14010
f 2394//14011 2395//14012 2435//14013
f 2394//14014 2435//14015 2434//14016
f 2395//14017 2396//14018 2436//14019
f 2395//14020 2436//14021 2435//14022
f 2396//14023 2397//14024 2437//14025
f 2396//14026 2437//14027 2436//14028
f 2397//14029 2398//14030 2438//14031
f 2397//14032 2438//14033 2437//14034
f 2398//14035 2399//14036 2439//14037
f 2398//14038 2439//14039 2438//14040
f 2399//14041 2400//14042 2440//14043
f 2399//14044 2440//14045 2439//14046
f 2400//14047 2401//14048 2441//14049
f 2400//14050 2441//14051 2440//14052
f 2401//14053 2402//14054 2442//14055
f 2401//14056 2442//14057 2441//14058
f 2402//14059 2403//14060 2443//14061
f 2402//14062 2443//14063 2442//14064
f 2403//14065 2404//14066 2444//14067
f 2403//14068 2444//14069 2443//14070
f 2404//14071 2405//14072 2445//14073
f 2404//14074 2445//14075 2444//14076
f 2405//14077 2406//14078 2446//14079
f 2405//14080 2446//14081 2445//14082
f 2406//14083 2407//14084 2447//14085
f 2406//14086 2447//14087 2446//14088
f 2407//14089 2408//14090 2448//14091
f 2407//14092 2448//14093 2447//14094
f 2408//14095 2409//14096 2449//14097
f 2408//14098 2449//14099 2448//14100
f 2409//14101 2410//14102 2450//14103
f 2409//14104 2450//14105 2449//14106
f 2410//14107 2411//14108 2451//14109
f 2410//14110 2451//14111 2450//14112
f 2411//14113 2412//14114 2452//14115
f 2411//14116 2452//14117 2451//14118
f 2412//14119 2413//14120 2453//14121
f 2412//14122 2453//14123 2452//14124
f 2413//14125 2414//14126 2454//14127
f 2413//14128 2454//14129 2453//14130
f 2414//14131 2415//14132 2455//14133
f 2414//14134 2455//14135 2454//14136
f 2415//14137 2416//14138 2456//14139
f 2415//14140 2456//14141 2455//14142
f 2416//14143 2417//14144 2457//14145
f 2416//14146 2457//14147 2456//14148
f 2417//14149 2418//14150 2458//14151
f 2417//14152 2458//14153 2457//14154
f 2418//14155 2379//14156 2419//14157
f 2418//14158 2419//14159 2458//14160
f 2459//14161 2380//14162 2379//14163
f 2460//14164 2419//14165 2420//14166
f 2459//14167 2381//14168 2380//14169
f 2460//14170 2420//14171 2421//14172
f 2459//14173 2382//14174 2381//14175
f 2460//14176 2421//14177 2422//14178
f 2459//14179 2383//14180 2382//14181
f 2460//14182 2422//14183 2423//14184
f 2459//14185 2384//14186 2383//14187
f 2460//14188 2423//14189 2424//14190
f 2459//14191 2385//14192 2384//14193
f 2460//14194 2424//14195 2425//14196
f 2459//14197 2386//14198 2385//14199
f 2460//14200 2425//14201 2426//14202
f 2459//14203 2387//14204 2386//14205
f 2460//14206 2426//14207 2427//14208
f 2459//14209 2388//14210 2387//14211
f 2460//14212 2427//14213 2428//14214
f 2459//14215 2389//14216 2388//14217
f 2460//14218 2428//14219 2429//14220
f 2459//14221 2390//14222 2389//14223
f 2460//14224 2429//14225 2430//14226
f 2459//14227 2391//14228 2390//14229
f 2460//14230 2430//14231 2431//14232
f 2459//14233 2392//14234 2391//14235
f 2460//14236 2431//14237 2432//14238
f 2459//14239 2393//14240 2392//14241
f 2460//14242 2432//14243 2433//14244
f 2459//14245 2394//14246 2393//14247
f 2460//14248 2433//14249 2434//14250
f 2459//14251 2395//14252 2394//14253
f 2460//14254 2434//14255 2435//14256
f 2459//14257 2396//14258 2395//14259
f 2460//14260 2435//14261 2436//14262
f 2459//14263 2397//14264 2396//14265
f 2460//14266 2436//14267 2437//14268
f 2459//14269 2398//14270 2397//14271
f 2460//14272 2437//14273 2438//14274
f 2459//14275 2399//14276 2398//14277
f 2460//14278 2438//14279 2439//14280
f 2459//14281 2400//14282 2399//14283
f 2460//14284 2439//14285 2440//14286
f 2459//14287 2401//14288 2400//14289
f 2460//14290 2440//14291 2441//14292
f 2459//14293 2402//14294 2401//14295
f 2460//14296 2441//14297 2442//14298
f 2459//14299 2403//14300 2402//14301
f 2460//14302 2442//14303 2443//14304
f 2459//14305 2404//14306 2403//14307
f 2460//14308 2443//14309 2444//14310
f 2459//14311 2405//14312 2404//14313
f 2460//14314 2444//14315 2445//14316
f 2459//14317 2406//14318 2405//14319
f 2460//14320 2445//14321 2446//14322
f 2459//14323 2407//14324 2406//14325
f 2460//14326 2446//14327 2447//14328
f 2459//14329 2408//14330 2407//14331
f 2460//14332 2447//14333 2448//14334
f 2459//14335 2409//14336 2408//14337
f 2460//14338 2448//14339 2449//14340
f 2459//14341 2410//14342 2409//14343
f 2460//14344 2449//14345 2450//14346
f 2459//14347 2411//14348 2410//14349
f 2460//14350 2450//14351 2451//14352
f 2459//14353 2412//14354 2411//14355
f 2460//14356 2451//14357 2452//14358
f 2459//14359 2413//14360 2412//14361
f 2460//14362 2452//14363 2453//14364
f 2459//14365 2414//14366 2413//14367
f 2460//14368 2453//14369 2454//14370
f 2459//14371 2415//14372 2414//14373
f 2460//14374 2454//14375 2455//14376
f 2459//14377 2416//14378 2415//14379
f 2460//14380 2455//14381 2456//14382
f 2459//14383 2417//14384 2416//14385
f 2460//14386 2456//14387 2457//14388
f 2459//14389 2418//14390 2417//14391
f 2460//14392 2457//14393 2458//14394
f 2459//14395 2379//14396 2418//14397
f 2460//14398 2458//14399 2419//14400
f 2461//14401 2462//14402 2502//14403
f 2461//14404 2502//14405 2501//14406
f 2462//14407 2463//14408 2503//14409
f 2462//14410 2503//14411 2502//14412
f 2463//14413 2464//14414 2504//14415
f 2463//14416 2504//14417 2503//14418
f 2464//14419 2465//14420 2505//14421
f 2464//14422 2505//14423 2504//14424
f 2465//14425 2466//14426 2506//14427
f 2465//14428 2506//14429 2505//14430
f 2466//14431 2467//14432 2507//14433
f 2466//14434 2507//14435 2506//14436
f 2467//14437 2468//14438 2508//14439
f 2467//14440 2508//14441 2507//14442
f 2468//14443 2469//14444 2509//14445
f 2468//14446 2509//14447 2508//14448
f 2469//14449 2470//14450 2510//14451
f 2469//14452 2510//14453 2509//14454
f 2470//14455 2471//14456 2511//14457
f 2470//14458 2511//14459 2510//14460
f 2471//14461 2472//14462 2512//14463
f 2471//14464 2512//14465 2511//14466
f 2472//14467 2473//14468 2513//14469
f 2472//14470 2513//14471 2512//14472
f 2473//14473 2474//14474 2514//14475
f 2473//14476 2514//14477 2513//14478
f 2474//14479 2475//14480 2515//14481
f 2474//14482 2515//14483 2514//14484
f 2475//14485 2476//14486 2516//14487
f 2475//14488 2516//14489 2515//14490
f 2476//14491 2477//14492 2517//14493
f 2476//14494 2517//14495 2516//14496
f 2477//14497 2478//14498 2518//14499
f 2477//14500 2518//14501 2517//14502
f 2478//14503 2479//14504 2519//14505
f 2478//14506 2519//14507 2518//14508
f 2479//14509 2480//14510 2520//14511
f 2479//14512 2520//14513 2519//14514
f 2480//14515 2481//14516 2521//14517
f 2480//14518 2521//14519 2520//14520
f 2481//14521 2482//14522 2522//14523
f 2481//14524 2522//14525 2521//14526
f 2482//14527 2483//14528 2523//14529
f 2482//14530 2523//14531 2522//14532
f 2483//14533 2484//14534 2524//14535
f 2483//14536 2524//14537 2523//14538
f 2484//14539 2485//14540 2525//14541
f 2484//14542 2525//14543 2524//14544
f 2485//14545 2486//14546 2526//14547
f 2485//14548 2526//14549 2525//14550
f 2486//14551 2487//14552 2527//14553
f 2486//14554 2527//14555 2526//14556
f 2487//14557 2488//14558 2528//14559
f 2487//14560 2528//14561 2527//14562
f 2488//14563 2489//14564 2529//14565
f 2488//14566 2529//14567 2528//14568
f 2489//14569 2490//14570 2530//14571
f 2489//14572 2530//14573 2529//14574
f 2490//14575 2491//14576 2531//14577
f 2490//14578 2531//14579 2530//14580
f 2491//14581 2492//14582 2532//14583
f 2491//14584 2532//14585 2531//14586
f 2492//14587 2493//14588 2533//14589
f 2492//14590 2533//14591 2532//14592
f 2493//14593 2494//14594 2534//14595
f 2493//14596 2534//14597 2533//14598
f 2494//14599 2495//14600 2535//14601
f 2494//14602 2535//14603 2534//14604
f 2495//14605 2496//14606 2536//14607
f 2495//14608 2536//14609 2535//14610
f 2496//14611 2497//14612 2537//14613
f 2496//14614 2537//14615 2536//14616
f 2497//14617 2498//14618 2538//14619
f 2497//14620 2538//14621 2537//14622
f 2498//14623 2499//14624 2539//14625
f 2498//14626 2539//14627 2538//14628
f 2499//14629 2500//14630 2540//14631
f 2499//14632 2540//14633 2539//14634
f 2500//14635 2461//14636 2501//14637
f 2500//14638 2501//14639 2540//14640
f 2541//14641 2462//14642 2461//14643
f 2542//14644 2501//14645 2502//14646
f 2541//14647 2463//14648 2462//14649
f 2542//14650 2502//14651 2503//14652
f 2541//14653 2464//14654 2463//14655
f 2542//14656 2503//14657 2504//14658
f 2541//14659 2465//14660 2464//14661
f 2542//14662 2504//14663 2505//14664
f 2541//14665 2466//14666 2465//14667
f 2542//14668 2505//14669 2506//14670
f 2541//14671 2467//14672 2466//14673
f 2542//14674 2506//14675 2507//14676
f 2541//14677 2468//14678 2467//14679
f 2542//14680 2507//14681 2508//14682
f 2541//14683 2469//14684 2468//14685
f 2542//14686 2508//14687 2509//14688
f 2541//14689 2470//14690 2469//14691
f 2542//14692 2509//14693 2510//14694
f 2541//14695 2471//14696 2470//14697
f 2542//14698 2510//14699 2511//14700
f 2541//14701 2472//14702 2471//14703
f 2542//14704 2511//14705 2512//14706
f 2541//14707 2473//14708 2472//14709
f 2542//14710 2512//14711 2513//14712
f 2541//14713 2474//14714 2473//14715
f 2542//14716 2513//14717 2514//14718
f 2541//14719 2475//14720 2474//14721
f 2542//14722 2514//14723 2515//14724
f 2541//14725 2476//14726 2475//14727
f 2542//14728 2515//14729 2516//14730
f 2541//14731 2477//14732 2476//14733
f 2542//14734 2516//14735 2517//14736
f 2541//14737 2478//14738 2477//14739
f 2542//14740 2517//14741 2518//14742
f 2541//14743 2479//14744 2478//14745
f 2542//14746 2518//14747 2519//14748
f 2541//14749 2480//14750 2479//14751
f 2542//14752 2519//14753 2520//14754
f 2541//14755 2481//14756 2480//14757
f 2542//14758 2520//14759 2521//14760
f 2541//14761 2482//14762 2481//14763
f 2542//14764 2521//14765 2522//14766
f 2541//14767 2483//14768 2482//14769
f 2542//14770 2522//14771 2523//14772
f 2541//14773 2484//14774 2483//14775
f 2542//14776 2523//14777 2524//14778
f 2541//14779 2485//14780 2484//14781
f 2542//14782 2524//14783 2525//14784
f 2541//14785 2486//14786 2485//14787
f 2542//14788 2525//14789 2526//14790
f 2541//14791 2487//14792 2486//14793
f 2542//14794 2526//14795 2527//14796
f 2541//14797 2488//14798 2487//14799
f 2542//14800 2527//14801 2528//14802
f 2541//14803 2489//14804 2488//14805
f 2542//14806 2528//14807 2529//14808
f 2541//14809 2490//14810 2489//14811
f 2542//14812 2529//14813 2530//14814
f 2541//14815 2491//14816 2490//14817
f 2542//14818 2530//14819 2531//14820
f 2541//14821 2492//14822 2491//14823
f 2542//14824 2531//14825 2532//14826
f 2541//14827 2493//14828 2492//14829
f 2542//14830 2532//14831 2533//14832
f 2541//14833 2494//14834 2493//14835
f 2542//14836 2533//14837 2534//14838
f 2541//14839 2495//14840 2494//14841
f 2542//14842 2534//14843 2535//14844
f 2541//14845 2496//14846 2495//14847
f 2542//14848 2535//14849 2536//14850
f 2541//14851 2497//14852 2496//14853
f 2542//14854 2536//14855 2537//14856
f 2541//14857 2498//14858 2497//14859
f 2542//14860 2537//14861 2538//14862
f 2541//14863 2499//14864 2498//14865
f 2542//14866 2538//14867 2539//14868
f 2541//14869 2500//14870 2499//14871
f 2542//14872 2539//14873 2540//14874
f 2541//14875 2461//14876 2500//14877
f 2542//14878 2540//14879 2501//14880
f 2543//14881 2544//14882 2584//14883
f 2543//14884 2584//14885 2583//14886
f 2544//14887 2545//14888 2585//14889
f 2544//14890 2585//14891 2584//14892
f 2545//14893 2546//14894 2586//14895
f 2545//14896 2586//14897 2585//14898
f 2546//14899 2547//14900 2587//14901
f 2546//14902 2587//14903 2586//14904
f 2547//14905 2548//14906 2588//14907
f 2547//14908 2588//14909 2587//14910
f 2548//14911 2549//14912 2589//14913
f 2548//14914 2589//14915 2588//14916
f 2549//14917 2550//14918 2590//14919
f 2549//14920 2590//14921 2589//14922
f 2550//14923 2551//14924 2591//14925
f 2550//14926 2591//14927 2590//14928
f 2551//14929 2552//14930 2592//14931
f 2551//14932 2592//14933 2591//14934
f 2552//14935 2553//14936 2593//14937
f 2552//14938 2593//14939 2592//14940
f 2553//14941 2554//14942 2594//14943
f 2553//14944 2594//14945 2593//14946
f 2554//14947 2555//14948 2595//14949
f 2554//14950 2595//14951 2594//14952
f 2555//14953 2556//14954 2596//14955
f 2555//14956 2596//14957 2595//14958
f 2556//14959 2557//14960 2597//14961
f 2556//14962 2597//14963 2596//14964
f 2557//14965 2558//14966 2598//14967
f 2557//14968 2598//14969 2597//14970
f 2558//14971 2559//14972 2599//14973
f 2558//14974 2599//14975 2598//14976
f 2559//14977 2560//14978 2600//14979
f 2559//14980 2600//14981 2599//14982
f 2560//14983 2561//14984 2601//14985
f 2560//14986 2601//14987 2600//14988
f 2561//14989 2562//14990 2602//14991
f 2561//14992 2602//14993 2601//14994
f 2562//14995 2563//14996 2603//14997
f 2562//14998 2603//14999 2602//15000
f 2563//15001 2564//15002 2604//15003
f 2563//15004 2604//15005 2603//15006
f 2564//15007 2565//15008 2605//15009
f 2564//15010 2605//15011 2604//15012
f 2565//15013 2566//15014 2606//15015
f 2565//15016 2606//15017 2605//15018
f 2566//15019 2567//15020 2607//15021
f 2566//15022 2607//15023 2606//15024
f 2567//15025 2568//15026 2608//15027
f 2567//15028 2608//15029 2607//15030
f 2568//15031 2569//15032 2609//15033
f 2568//15034 2609//15035 2608//15036
f 2569//15037 2570//15038 2610//15039
f 2569//15040 2610//15041 2609//15042
f 2570//15043 2571//15044 2611//15045
f 2570//15046 2611//15047 2610//15048
f 2571//15049 2572//15050 2612//15051
f 2571//15052 2612//15053 2611//15054
f 2572//15055 2573//15056 2613//15057
f 2572//15058 2613//15059 2612//15060
f 2573//15061 2574//15062 2614//15063
f 2573//15064 2614//15065 2613//15066
f 2574//15067 2575//15068 2615//15069
f 2574//15070 2615//15071 2614//15072
f 2575//15073 2576//15074 2616//15075
f 2575//15076 2616//15077 2615//15078
f 2576//15079 2577//15080 2617//15081
f 2576//15082 2617//15083 2616//15084
f 2577//15085 2578//15086 2618//15087
f 2577//15088 2618//15089 2617//15090
f 2578//15091 2579//15092 2619//15093
f 2578//15094 2619//15095 2618//15096
f 2579//15097 2580//15098 2620//15099
f 2579//15100 2620//15101 2619//15102
f 2580//15103 2581//15104 2621//15105
f 2580//15106 2621//15107 2620//15108
f 2581//15109 2582//15110 2622//15111
f 2581//15112 2622//15113 2621//15114
f 2582//15115 2543//15116 2583//15117
f 2582//15118 2583//15119 2622//15120
f 2623//15121 2544//15122 2543//15123
f 2624//15124 2583//15125 2584//15126
f 2623//15127 2545//15128 2544//15129
f 2624//15130 2584//15131 2585//15132
f 2623//15133 2546//15134 2545//15135
f 2624//15136 2585//15137 2586//15138
f 2623//15139 2547//15140 2546//15141
f 2624//15142 2586//15143 2587//15144
f 2623//15145 2548//15146 2547//15147
f 2624//15148 2587//15149 2588//15150
f 2623//15151 2549//15152 2548//15153
f 2624//15154 2588//15155 2589//15156
f 2623//15157 2550//15158 2549//15159
f 2624//15160 2589//15161 2590//15162
f 2623//15163 2551//15164 2550//15165
f 2624//15166 2590//15167 2591//15168
f 2623//15169 2552//15170 2551//15171
f 2624//15172 2591//15173 2592//15174
f 2623//15175 2553//15176 2552//15177
f 2624//15178 2592//15179 2593//15180
f 2623//15181 2554//15182 2553//15183
f 2624//15184 2593//15185 2594//15186
f 2623//15187 2555//15188 2554//15189
f 2624//15190 2594//15191 2595//15192
f 2623//15193 2556//15194 2555//15195
f 2624//15196 2595//15197 2596//15198
f 2623//15199 2557//15200 2556//15201
f 2624//15202 2596//15203 2597//15204
f 2623//15205 2558//15206 2557//15207
f 2624//15208 2597//15209 2598//15210
f 2623//15211 2559//15212 2558//15213
f 2624//15214 2598//15215 2599//15216
f 2623//15217 2560//15218 2559//15219
f 2624//15220 2599//15221 2600//15222
f 2623//15223 2561//15224 2560//15225
f 2624//15226 2600//15227 2601//15228
f 2623//15229 2562//15230 2561//15231
f 2624//15232 2601//15233 2602//15234
f 2623//15235 2563//15236 2562//15237
f 2624//15238 2602//15239 2603//15240
f 2623//15241 2564//15242 2563//15243
f 2624//15244 2603//15245 2604//15246
f 2623//15247 2565//15248 2564//15249
f 2624//15250 2604//15251 2605//15252
f 2623//15253 2566//15254 2565//15255
f 2624//15256 2605//15257 2606//15258
f 2623//15259 2567//15260 2566//15261
f 2624//15262 2606//15263 2607//15264
f 2623//15265 2568//15266 2567//15267
f 2624//15268 2607//15269 2608//15270
f 2623//15271 2569//15272 2568//15273
f 2624//15274 2608//15275 2609//15276
f 2623//15277 2570//15278 2569//15279
f 2624//15280 2609//15281 2610//15282
f 2623//15283 2571//15284 2570//15285
f 2624//15286 2610//15287 2611//15288
f 2623//15289 2572//15290 2571//15291
f 2624//15292 2611//15293 2612//15294
f 2623//15295 2573//15296 2572//15297
f 2624//15298 2612//15299 2613//15300
f 2623//15301 2574//15302 2573//15303
f 2624//15304 2613//15305 2614//15306
f 2623//15307 2575//15308 2574//15309
f 2624//15310 2614//15311 2615//15312
f 2623//15313 2576//15314 2575//15315
f 2624//15316 2615//15317 2616//15318
f 2623//15319 2577//15320 2576//15321
f 2624//15322 2616//15323 2617//15324
f 2623//15325 2578//15326 2577//15327
f 2624//15328 2617//15329 2618//15330
f 2623//15331 2579//15332 2578//15333
f 2624//15334 2618//15335 2619//15336
f 2623//15337 2580//15338 2579//15339
f 2624//15340 2619//15341 2620//15342
f 2623//15343 2581//15344 2580//15345
f 2624//15346 2620//15347 2621//15348
f 2623//15349 2582//15350 2581//15351
f 2624//15352 2621//15353 2622//15354
f 2623//15355 2543//15356 2582//15357
f 2624//15358 2622//15359 2583//15360
f 2625//15361 2626//15362 2666//15363
f 2625//15364 2666//15365 2665//15366
f 2626//15367 2627//15368 2667//15369
f 2626//15370 2667//15371 2666//15372
f 2627//15373 2628//15374 2668//15375
f 2627//15376 2668//15377 2667//15378
f 2628//15379 2629//15380 2669//15381
f 2628//15382 2669//15383 2668//15384
f 2629//15385 2630//15386 2670//15387
f 2629//15388 2670//15389 2669//15390
f 2630//15391 2631//15392 2671//15393
f 2630//15394 2671//15395 2670//15396
f 2631//15397 2632//15398 2672//15399
f 2631//15400 2672//15401 2671//15402
f 2632//15403 2633//15404 2673//15405
f 2632//15406 2673//15407 2672//15408
f 2633//15409 2634//15410 2674//15411
f 2633//15412 2674//15413 2673//15414
f 2634//15415 2635//15416 2675//15417
f 2634//15418 2675//15419 2674//15420
f 2635//15421 2636//15422 2676//15423
f 2635//15424 2676//15425 2675//15426
f 2636//15427 2637//15428 2677//15429
f 2636//15430 2677//15431 2676//15432
f 2637//15433 2638//15434 2678//15435
f 2637//15436 2678//15437 2677//15438
f 2638//15439 2639//15440 2679//15441
f 2638//15442 2679//15443 2678//15444
f 2639//15445 2640//15446 2680//15447
f 2639//15448 2680//15449 2679//15450
f 2640//15451 2641//15452 2681//15453
f 2640//15454 2681//15455 2680//15456
f 2641//15457 2642//15458 2682//15459
f 2641//15460 2682//15461 2681//15462
f 2642//15463 2643//15464 2683//15465
f 2642//15466 2683//15467 2682//15468
f 2643//15469 2644//15470 2684//15471
f 2643//15472 2684//15473 2683//15474
f 2644//15475 2645//15476 2685//15477
f 2644//15478 2685//15479 2684//15480
f 2645//15481 2646//15482 2686//15483
f 2645//15484 2686//15485 2685//15486
f 2646//15487 2647//15488 2687//15489
f 2646//15490 2687//15491 2686//15492
f 2647//15493 2648//15494 2688//15495
f 2647//15496 2688//15497 2687//15498
f 2648//15499 2649//15500 2689//15501
f 2648//15502 2689//15503 2688//15504
f 2649//15505 2650//15506 2690//15507
f 2649//15508 2690//15509 2689//15510
f 2650//15511 2651//15512 2691//15513
f 2650//15514 2691//15515 2690//15516
f 2651//15517 2652//15518 2692//15519
f 2651//15520 2692//15521 2691//15522
f 2652//15523 2653//15524 2693//15525
f 2652//15526 2693//15527 2692//15528
f 2653//15529 2654//15530 2694//15531
f 2653//15532 2694//15533 2693//15534
f 2654//15535 2655//15536 2695//15537
f 2654//15538 2695//15539 2694//15540
f 2655//15541 2656//15542 2696//15543
f 2655//15544 2696//15545 2695//15546
f 2656//15547 2657//15548 2697//15549
f 2656//15550 2697//15551 2696//15552
f 2657//15553 2658//15554 2698//15555
f 2657//15556 2698//15557 2697//15558
f 2658//15559 2659//15560 2699//15561
f 2658//15562 2699//15563 2698//15564
f 2659//15565 2660//15566 2700//15567
f 2659//15568 2700//15569 2699//15570
f 2660//15571 2661//15572 2701//15573
f 2660//15574 2701//15575 2700//15576
f 2661//15577 2662//15578 2702//15579
f 2661//15580 2702//15581 2701//15582
f 2662//15583 2663//15584 2703//15585
f 2662//15586 2703//15587 2702//15588
f 2663//15589 2664//15590 2704//15591
f 2663//15592 2704//15593 2703//15594
f 2664//15595 2625//15596 2665//15597
f 2664//15598 2665//15599 2704//15600
f 2705//15601 2626//15602 2625//15603
f 2706//15604 2665//15605 2666//15606
f 2705//15607 2627//15608 2626//15609
f 2706//15610 2666//15611 2667//15612
f 2705//15613 2628//15614 2627//15615
f 2706//15616 2667//15617 2668//15618
f 2705//15619 2629//15620 2628//15621
f 2706//15622 2668//15623 2669//15624
f 2705//15625 2630//15626 2629//15627
f 2706//15628 2669//15629 2670//15630
f 2705//15631 2631//15632 2630//15633
f 2706//15634 2670//15635 2671//15636
f 2705//15637 2632//15638 2631//15639
f 2706//15640 2671//15641 2672//15642
f 2705//15643 2633//15644 2632//15645
f 2706//15646 2672//15647 2673//15648
f 2705//15649 2634//15650 2633//15651
f 2706//15652 2673//15653 2674//15654
f 2705//15655 2635//15656 2634//15657
f 2706//15658 2674//15659 2675//15660
f 2705//15661 2636//15662 2635//15663
f 2706//15664 2675//15665 2676//15666
f 2705//15667 2637//15668 2636//15669
f 2706//15670 2676//15671 2677//15672
f 2705//15673 2638//15674 2637//15675
f 2706//15676 2677//15677 2678//15678
f 2705//15679 2639//15680 2638//15681
f 2706//15682 2678//15683 2679//15684
f 2705//15685 2640//15686 2639//15687
f 2706//15688 2679//15689 2680//15690
f 2705//15691 2641//15692 2640//15693
f 2706//15694 2680//15695 2681//15696
f 2705//15697 2642//15698 2641//15699
f 2706//15700 2681//15701 2682//15702
f 2705//15703 2643//15704 2642//15705
f 2706//15706 2682//15707 2683//15708
f 2705//15709 2644//15710 2643//15711
f 2706//15712 2683//15713 2684//15714
f 2705//15715 2645//15716 2644//15717
f 2706//15718 2684//15719 2685//15720
f 2705//15721 2646//15722 2645//15723
f 2706//15724 2685//15725 2686//15726
f 2705//15727 2647//15728 2646//15729
f 2706//15730 2686//15731 2687//15732
f 2705//15733 2648//15734 2647//15735
f 2706//15736 2687//15737 2688//15738
f 2705//15739 2649//15740 2648//15741
f 2706//15742 2688//15743 2689//15744
f 2705//15745 2650//15746 2649//15747
f 2706//15748 2689//15749 2690//15750
f 2705//15751 2651//15752 2650//15753
f 2706//15754 2690//15755 2691//15756
f 2705//15757 2652//15758 2651//15759
f 2706//15760 2691//15761 2692//15762
f 2705//15763 2653//15764 2652//15765
f 2706//15766 2692//15767 2693//15768
f 2705//15769 2654//15770 2653//15771
f 2706//15772 2693//15773 2694//15774
f 2705//15775 2655//15776 2654//15777
f 2706//15778 2694//15779 2695//15780
f 2705//15781 2656//15782 2655//15783
f 2706//15784 2695//15785 2696//15786
f 2705//15787 2657//15788 2656//15789
f 2706//15790 2696//15791 2697//15792
f 2705//15793 2658//15794 2657//15795
f 2706//15796 2697//15797 2698//15798
f 2705//15799 2659//15800 2658//15801
f 2706//15802 2698//15803 2699//15804
f 2705//15805 2660//15806 2659//15807
f 2706//15808 2699//15809 2700//15810
f 2705//15811 2661//15812 2660//15813
f 2706//15814 2700//15815 2701//15816
f 2705//15817 2662//15818 2661//15819
f 2706//15820 2701//15821 2702//15822
f 2705//15823 2663//15824 2662//15825
f 2706//15826 2702//15827 2703//15828
f 2705//15829 2664//15830 2663//15831
f 2706//15832 2703//15833 2704//15834
f 2705//15835 2625//15836 2664//15837
f 2706//15838 2704//15839 2665//15840
f 2707//15841 2708//15842 2748//15843
f 2707//15844 2748//15845 2747//15846
f 2708//15847 2709//15848 2749//15849
f 2708//15850 2749//15851 2748//15852
f 2709//15853 2710//15854 2750//15855
f 2709//15856 2750//15857 2749//15858
f 2710//15859 2711//15860 2751//15861
f 2710//15862 2751//15863 2750//15864
f 2711//15865 2712//15866 2752//15867
f 2711//15868 2752//15869 2751//15870
f 2712//15871 2713//15872 2753//15873
f 2712//15874 2753//15875 2752//15876
f 2713//15877 2714//15878 2754//15879
f 2713//15880 2754//15881 2753//15882
f 2714//15883 2715//15884 2755//15885
f 2714//15886 2755//15887 2754//15888
f 2715//15889 2716//15890 2756//15891
f 2715//15892 2756//15893 2755//15894
f 2716//15895 2717//15896 2757//15897
f 2716//15898 2757//15899 2756//15900
f 2717//15901 2718//15902 2758//15903
f 2717//15904 2758//15905 2757//15906
f 2718//15907 2719//15908 2759//15909
f 2718//15910 2759//15911 2758//15912
f 2719//15913 2720//15914 2760//15915
f 2719//15916 2760//15917 2759//15918
f 2720//15919 2721//15920 2761//15921
f 2720//15922 2761//15923 2760//15924
f 2721//15925 2722//15926 2762//15927
f 2721//15928 2762//15929 2761//15930
f 2722//15931 2723//15932 2763//15933
f 2722//15934 2763//15935 2762//15936
f 2723//15937 2724//15938 2764//15939
f 2723//15940 2764//15941 2763//15942
f 2724//15943 2725//15944 2765//15945
f 2724//15946 2765//15947 2764//15948
f 2725//15949 2726//15950 2766//15951
f 2725//15952 2766//15953 2765//15954
f 2726//15955 2727//15956 2767//15957
f 2726//15958 2767//15959 2766//15960
f 2727//15961 2728//15962 2768//15963
f 2727//15964 2768//15965 2767//15966
f 2728//15967 2729//15968 2769//15969
f 2728//15970 2769//15971 2768//15972
f 2729//15973 2730//15974 2770//15975
f 2729//15976 2770//15977 2769//15978
f 2730//15979 2731//15980 2771//15981
f 2730//15982 2771//15983 2770//15984
f 2731//15985 2732//15986 2772//15987
f 2731//15988 2772//15989 2771//15990
f 2732//15991 2733//15992 2773//15993
f 2732//15994 2773//15995 2772//15996
f 2733//15997 2734//15998 2774//15999
f 2733//16000 2774//16001 2773//16002
f 2734//16003 2735//16004 2775//16005
f 2734//16006 2775//16007 2774//16008
f 2735//16009 2736//16010 2776//16011
f 2735//16012 2776//16013 2775//16014
f 2736//16015 2737//16016 2777//16017
f 2736//16018 2777//16019 2776//16020
f 2737//16021 2738//16022 2778//16023
f 2737//16024 2778//16025 2777//16026
f 2738//16027 2739//16028 2779//16029
f 2738//16030 2779//16031 2778//16032
f 2739//16033 2740//16034 2780//16035
f 2739//16036 2780//16037 2779//16038
f 2740//16039 2741//16040 2781//16041
f 2740//16042 2781//16043 2780//16044
f 2741//16045 2742//16046 2782//16047
f 2741//16048 2782//16049 2781//16050
f 2742//16051 2743//16052 2783//16053
f 2742//16054 2783//16055 2782//16056
f 2743//16057 2744//16058 2784//16059
f 2743//16060 2784//16061 2783//16062
f 2744//16063 2745//16064 2785//16065
f 2744//16066 2785//16067 2784//16068
f 2745//16069 2746//16070 2786//16071
f 2745//16072 2786//16073 2785//16074
f 2746//16075 2707//16076 2747//16077
f 2746//16078 2747//16079 2786//16080
f 2787//16081 2708//16082 2707//16083
f 2788//16084 2747//16085 2748//16086
f 2787//16087 2709//16088 2708//16089
f 2788//16090 2748//16091 2749//16092
f 2787//16093 2710//16094 2709//16095
f 2788//16096 2749//16097 2750//16098
f 2787//16099 2711//16100 2710//16101
f 2788//16102 2750//16103 2751//16104
f 2787//16105 2712//16106 2711//16107
f 2788//16108 2751//16109 2752//16110
f 2787//16111 2713//16112 2712//16113
f 2788//16114 2752//16115 2753//16116
f 2787//16117 2714//16118 2713//16119
f 2788//16120 2753//16121 2754//16122
f 2787//16123 2715//16124 2714//16125
f 2788//16126 2754//16127 2755//16128
f 2787//16129 2716//16130 2715//16131
f 2788//16132 2755//16133 2756//16134
f 2787//16135 2717//16136 2716//16137
f 2788//16138 2756//16139 2757//16140
f 2787//16141 2718//16142 2717//16143
f 2788//16144 2757//16145 2758//16146
f 2787//16147 2719//16148 2718//16149
f 2788//16150 2758//16151 2759//16152
f 2787//16153 2720//16154 2719//16155
f 2788//16156 2759//16157 2760//16158
f 2787//16159 2721//16160 2720//16161
f 2788//16162 2760//16163 2761//16164
f 2787//16165 2722//16166 2721//16167
f 2788//16168 2761//16169 2762//16170
f 2787//16171 2723//16172 2722//16173
f 2788//16174 2762//16175 2763//16176
f 2787//16177 2724//16178 2723//16179
f 2788//16180 2763//16181 2764//16182
f 2787//16183 2725//16184 2724//16185
f 2788//16186 2764//16187 2765//16188
f 2787//16189 2726//16190 2725//16191
f 2788//16192 2765//16193 2766//16194
f 2787//16195 2727//16196 2726//16197
f 2788//16198 2766//16199 2767//16200
f 2787//16201 2728//16202 2727//16203
f 2788//16204 2767//16205 2768//16206
f 2787//16207 2729//16208 2728//16209
f 2788//16210 2768//16211 2769//16212
f 2787//16213 2730//16214 2729//16215
f 2788//16216 2769//16217 2770//16218
f 2787//16219 2731//16220 2730//16221
f 2788//16222 2770//16223 2771//16224
f 2787//16225 2732//16226 2731//16227
f 2788//16228 2771//16229 2772//16230
f 2787//16231 2733//16232 2732//16233
f 2788//16234 2772//16235 2773//16236
f 2787//16237 2734//16238 2733//16239
f 2788//16240 2773//16241 2774//16242
f 2787//16243 2735//16244 2734//16245
f 2788//16246 2774//16247 2775//16248
f 2787//16249 2736//16250 2735//16251
f 2788//16252 2775//16253 2776//16254
f 2787//16255 2737//16256 2736//16257
f 2788//16258 2776//16259 2777//16260
f 2787//16261 2738//16262 2737//16263
f 2788//16264 2777//16265 2778//16266
f 2787//16267 2739//16268 2738//16269
f 2788//16270 2778//16271 2779//16272
f 2787//16273 2740//16274 2739//16275
f 2788//16276 2779//16277 2780//16278
f 2787//16279 2741//16280 2740//16281
f 2788//16282 2780//16283 2781//16284
f 2787//16285 2742//16286 2741//16287
f 2788//16288 2781//16289 2782//16290
f 2787//16291 2743//16292 2742//16293
f 2788//16294 2782//16295 2783//16296
f 2787//16297 2744//16298 2743//16299
f 2788//16300 2783//16301 2784//16302
f 2787//16303 2745//16304 2744//16305
f 2788//16306 2784//16307 2785//16308
f 2787//16309 2746//16310 2745//16311
f 2788//16312 2785//16313 2786//16314
f 2787//16315 2707//16316 2746//16317
f 2788//16318 2786//16319 2747//16320
f 2789//16321 2790//16322 2830//16323
f 2789//16324 2830//16325 2829//16326
f 2790//16327 2791//16328 2831//16329
f 2790//16330 2831//16331 2830//16332
f 2791//16333 2792//16334 2832//16335
f 2791//16336 2832//16337 2831//16338
f 2792//16339 2793//16340 2833//16341
f 2792//16342 2833//16343 2832//16344
f 2793//16345 2794//16346 2834//16347
f 2793//16348 2834//16349 2833//16350
f 2794//16351 2795//16352 2835//16353
f 2794//16354 2835//16355 2834//16356
f 2795//16357 2796//16358 2836//16359
f 2795//16360 2836//16361 2835//16362
f 2796//16363 2797//16364 2837//16365
f 2796//16366 2837//16367 2836//16368
f 2797//16369 2798//16370 2838//16371
f 2797//16372 2838//16373 2837//16374
f 2798//16375 2799//16376 2839//16377
f 2798//16378 2839//16379 2838//16380
f 2799//16381 2800//16382 2840//16383
f 2799//16384 2840//16385 2839//16386
f 2800//16387 2801//16388 2841//16389
f 2800//16390 2841//16391 2840//16392
f 2801//16393 2802//16394 2842//16395
f 2801//16396 2842//16397 2841//16398
f 2802//16399 2803//16400 2843//16401
f 2802//16402 2843//16403 2842//16404
f 2803//16405 2804//16406 2844//16407
f 2803//16408 2844//16409 2843//16410
f 2804//16411 2805//16412 2845//16413
f 2804//16414 2845//16415 2844//16416
f 2805//16417 2806//16418 2846//16419
f 2805//16420 2846//16421 2845//16422
f 2806//16423 2807//16424 2847//16425
f 2806//16426 2847//16427 2846//16428
f 2807//16429 2808//16430 2848//16431
f 2807//16432 2848//16433 2847//16434
f 2808//16435 2809//16436 2849//16437
f 2808//16438 2849//16439 2848//16440
f 2809//16441 2810//16442 2850//16443
f 2809//16444 2850//16445 2849//16446
f 2810//16447 2811//16448 2851//16449
f 2810//16450 2851//16451 2850//16452
f 2811//16453 2812//16454 2852//16455
f 2811//16456 2852//16457 2851//16458
f 2812//16459 2813//16460 2853//16461
f 2812//16462 2853//16463 2852//16464
f 2813//16465 2814//16466 2854//16467
f 2813//16468 2854//16469 2853//16470
f 2814//16471 2815//16472 2855//16473
f 2814//16474 2855//16475 2854//16476
f 2815//16477 2816//16478 2856//16479
f 2815//16480 2856//16481 2855//16482
f 2816//16483 2817//16484 2857//16485
f 2816//16486 2857//16487 2856//16488
f 2817//16489 2818//16490 2858//16491
f 2817//16492 2858//16493 2857//16494
f 2818//16495 2819//16496 2859//16497
f 2818//16498 2859//16499 2858//16500
f 2819//16501 2820//16502 2860//16503
f 2819//16504 2860//16505 2859//16506
f 2820//16507 2821//16508 2861//16509
f 2820//16510 2861//16511 2860//16512
f 2821//16513 2822//16514 2862//16515
f 2821//16516 2862//16517 2861//16518
f 2822//16519 2823//16520 2863//16521
f 2822//16522 2863//16523 2862//16524
f 2823//16525 2824//16526 2864//16527
f 2823//16528 2864//16529 2863//16530
f 2824//16531 2825//16532 2865//16533
f 2824//16534 2865//16535 2864//16536
f 2825//16537 2826//16538 2866//16539
f 2825//16540 2866//16541 2865//16542
f 2826//16543 2827//16544 2867//16545
f 2826//16546 2867//16547 2866//16548
f 2827//16549 2828//16550 2868//16551
f 2827//16552 2868//16553 2867//16554
f 2828//16555 2789//16556 2829//16557
f 2828//16558 2829//16559 2868//16560
f 2869//16561 2790//16562 2789//16563
f 2870//16564 2829//16565 2830//16566
f 2869//16567 2791//16568 2790//16569
f 2870//16570 2830//16571 2831//16572
f 2869//16573 2792//16574 2791//16575
f 2870//16576 2831//16577 2832//16578
f 2869//16579 2793//16580 2792//16581
f 2870//16582 2832//16583 2833//16584
f 2869//16585 2794//16586 2793//16587
f 2870//16588 2833//16589 2834//16590
f 2869//16591 2795//16592 2794//16593
f 2870//16594 2834//16595 2835//16596
f 2869//16597 2796//16598 2795//16599
f 2870//16600 2835//16601 2836//16602
f 2869//16603 2797//16604 2796//16605
f 2870//16606 2836//16607 2837//16608
f 2869//16609 2798//16610 2797//16611
f 2870//16612 2837//16613 2838//16614
f 2869//16615 2799//16616 2798//16617
f 2870//16618 2838//16619 2839//16620
f 2869//16621 2800//16622 2799//16623
f 2870//16624 2839//16625 2840//16626
f 2869//16627 2801//16628 2800//16629
f 2870//16630 2840//16631 2841//16632
f 2869//16633 2802//16634 2801//16635
f 2870//16636 2841//16637 2842//16638
f 2869//16639 2803//16640 2802//16641
f 2870//16642 2842//16643 2843//16644
f 2869//16645 2804//16646 2803//16647
f 2870//16648 2843//16649 2844//16650
f 2869//16651 2805//16652 2804//16653
f 2870//16654 2844//16655 2845//16656
f 2869//16657 2806//16658 2805//16659
f 2870//16660 2845//16661 2846//16662
f 2869//16663 2807//16664 2806//16665
f 2870//16666 2846//16667 2847//16668
f 2869//16669 2808//16670 2807//16671
f 2870//16672 2847//16673 2848//16674
f 2869//16675 2809//16676 2808//16677
f 2870//16678 2848//16679 2849//16680
f 2869//16681 2810//16682 2809//16683
f 2870//16684 2849//16685 2850//16686
f 2869//16687 2811//16688 2810//16689
f 2870//16690 2850//16691 2851//16692
f 2869//16693 2812//16694 2811//16695
f 2870//16696 2851//16697 2852//16698
f 2869//16699 2813//16700 2812//16701
f 2870//16702 2852//16703 2853//16704
f 2869//16705 2814//16706 2813//16707
f 2870//16708 2853//16709 2854//16710
f 2869//16711 2815//16712 2814//16713
f 2870//16714 2854//16715 2855//16716
f 2869//16717 2816//16718 2815//16719
f 2870//16720 2855//16721 2856//16722
f 2869//16723 2817//16724 2816//16725
f 2870//16726 2856//16727 2857//16728
f 2869//16729 2818//16730 2817//16731
f 2870//16732 2857//16733 2858//16734
f 2869//16735 2819//16736 2818//16737
f 2870//16738 2858//16739 2859//16740
f 2869//16741 2820//16742 2819//16743
f 2870//16744 2859//16745 2860//16746
f 2869//16747 2821//16748 2820//16749
f 2870//16750 2860//16751 2861//16752
f 2869//16753 2822//16754 2821//16755
f 2870//16756 2861//16757 2862//16758
f 2869//16759 2823//16760 2822//16761
f 2870//16762 2862//16763 2863//16764
f 2869//16765 2824//16766 2823//16767
f 2870//16768 2863//16769 2864//16770
f 2869//16771 2825//16772 2824//16773
f 2870//16774 2864//16775 2865//16776
f 2869//16777 2826//16778 2825//16779
f 2870//16780 2865//16781 2866//16782
f 2869//16783 2827//16784 2826//16785
f 2870//16786 2866//16787 2867//16788
f 2869//16789 2828//16790 2827//16791
f 2870//16792 2867//16793 2868//16794
f 2869//16795 2789//16796 2828//16797
f 2870//16798 2868//16799 2829//16800
f 2871//16801 2872//16802 2912//16803
f 2871//16804 2912//16805 2911//16806
f 2872//16807 2873//16808 2913//16809
f 2872//16810 2913//16811 2912//16812
f 2873//16813 2874//16814 2914//16815
f 2873//16816 2914//16817 2913//16818
f 2874//16819 2875//16820 2915//16821
f 2874//16822 2915//16823 2914//16824
f 2875//16825 2876//16826 2916//16827
f 2875//16828 2916//16829 2915//16830
f 2876//16831 2877//16832 2917//16833
f 2876//16834 2917//16835 2916//16836
f 2877//16837 2878//16838 2918//16839
f 2877//16840 2918//16841 2917//16842
f 2878//16843 2879//16844 2919//16845
f 2878//16846 2919//16847 2918//16848
f 2879//16849 2880//16850 2920//16851
f 2879//16852 2920//16853 2919//16854
f 2880//16855 2881//16856 2921//16857
f 2880//16858 2921//16859 2920//16860
f 2881//16861 2882//16862 2922//16863
f 2881//16864 2922//16865 2921//16866
f 2882//16867 2883//16868 2923//16869
f 2882//16870 2923//16871 2922//16872
f 2883//16873 2884//16874 2924//16875
f 2883//16876 2924//16877 2923//16878
f 2884//16879 2885//16880 2925//16881
f 2884//16882 2925//16883 2924//16884
f 2885//16885 2886//16886 2926//16887
f 2885//16888 2926//16889 2925//16890
f 2886//16891 2887//16892 2927//16893
f 2886//16894 2927//16895 2926//16896
f 2887//16897 2888//16898 2928//16899
f 2887//16900 2928//16901 2927//16902
f 2888//16903 2889//16904 2929//16905
f 2888//16906 2929//16907 2928//16908
f 2889//16909 2890//16910 2930//16911
f 2889//16912 2930//16913 2929//16914
f 2890//16915 2891//16916 2931//16917
f 2890//16918 2931//16919 2930//16920
f 2891//16921 2892//16922 2932//16923
f 2891//16924 2932//16925 2931//16926
f 2892//16927 2893//16928 2933//16929
f 2892//16930 2933//16931 2932//16932
f 2893//16933 2894//16934 2934//16935
f 2893//16936 2934//16937 2933//16938
f 2894//16939 2895//16940 2935//16941
f 2894//16942 2935//16943 2934//16944
f 2895//16945 2896//16946 2936//16947
f 2895//16948 2936//16949 2935//16950
f 2896//16951 2897//16952 2937//16953
f 2896//16954 2937//16955 2936//16956
f 2897//16957 2898//16958 2938//16959
f 2897//16960 2938//16961 2937//16962
f 2898//16963 2899//16964 2939//16965
f 2898//16966 2939//16967 2938//16968
f 2899//16969 2900//16970 2940//16971
f 2899//16972 2940//16973 2939//16974
f 2900//16975 2901//16976 2941//16977
f 2900//16978 2941//16979 2940//16980
f 2901//16981 2902//16982 2942//16983
f 2901//16984 2942//16985 2941//16986
f 2902//16987 2903//16988 2943//16989
f 2902//16990 2943//16991 2942//16992
f 2903//16993 2904//16994 2944//16995
f 2903//16996 2944//16997 2943//16998
f 2904//16999 2905//17000 2945//17001
f 2904//17002 2945//17003 2944//17004
f 2905//17005 2906//17006 2946//17007
f 2905//17008 2946//17009 2945//17010
f 2906//17011 2907//17012 2947//17013
f 2906//17014 2947//17015 2946//17016
f 2907//17017 2908//17018 2948//17019
f 2907//17020 2948//17021 2947//17022
f 2908//17023 2909//17024 2949//17025
f 2908//17026 2949//17027 2948//17028
f 2909//17029 2910//17030 2950//17031
f 2909//17032 2950//17033 2949//17034
f 2910//17035 2871//17036 2911//17037
f 2910//17038 2911//17039 2950//17040
f 2951//17041 2872//17042 2871//17043
f 2952//17044 2911//17045 2912//17046
f 2951//17047 2873//17048 2872//17049
f 2952//17050 2912//17051 2913//17052
f 2951//17053 2874//17054 2873//17055
f 2952//17056 2913//17057 2914//17058
f 2951//17059 2875//17060 2874//17061
f 2952//17062 2914//17063 2915//17064
f 2951//17065 2876//17066 2875//17067
f 2952//17068 2915//17069 2916//17070
f 2951//17071 2877//17072 2876//17073
f 2952//17074 2916//17075 2917//17076
f 2951//17077 2878//17078 2877//17079
f 2952//17080 2917//17081 2918//17082
f 2951//17083 2879//17084 2878//17085
f 2952//17086 2918//17087 2919//17088
f 2951//17089 2880//17090 2879//17091
f 2952//17092 2919//17093 2920//17094
f 2951//17095 2881//17096 2880//17097
f 2952//17098 2920//17099 2921//17100
f 2951//17101 2882//17102 2881//17103
f 2952//17104 2921//17105 2922//17106
f 2951//17107 2883//17108 2882//17109
f 2952//17110 2922//17111 2923//17112
f 2951//17113 2884//17114 2883//17115
f 2952//17116 2923//17117 2924//17118
f 2951//17119 2885//17120 2884//17121
f 2952//17122 2924//17123 2925//17124
f 2951//17125 2886//17126 2885//17127
f 2952//17128 2925//17129 2926//17130
f 2951//17131 2887//17132 2886//17133
f 2952//17134 2926//17135 2927//17136
f 2951//17137 2888//17138 2887//17139
f 2952//17140 2927//17141 2928//17142
f 2951//17143 2889//17144 2888//17145
f 2952//17146 2928//17147 2929//17148
f 2951//17149 2890//17150 2889//17151
f 2952//17152 2929//17153 2930//17154
f 2951//17155 2891//17156 2890//17157
f 2952//17158 2930//17159 2931//17160
f 2951//17161 2892//17162 2891//17163
f 2952//17164 2931//17165 2932//17166
f 2951//17167 2893//17168 2892//17169
f 2952//17170 2932//17171 2933//17172
f 2951//17173 2894//17174 2893//17175
f 2952//17176 2933//17177 2934//17178
f 2951//17179 2895//17180 2894//17181
f 2952//17182 2934//17183 2935//17184
f 2951//17185 2896//17186 2895//17187
f 2952//17188 2935//17189 2936//17190
f 2951//17191 2897//17192 2896//17193
f 2952//17194 2936//17195 2937//17196
f 2951//17197 2898//17198 2897//17199
f 2952//17200 2937//17201 2938//17202
f 2951//17203 2899//17204 2898//17205
f 2952//17206 2938//17207 2939//17208
f 2951//17209 2900//17210 2899//17211
f 2952//17212 2939//17213 2940//17214
f 2951//17215 2901//17216 2900//17217
f 2952//17218 2940//17219 2941//17220
f 2951//17221 2902//17222 2901//17223
f 2952//17224 2941//17225 2942//17226
f 2951//17227 2903//17228 2902//17229
f 2952//17230 2942//17231 2943//17232
f 2951//17233 2904//17234 2903//17235
f 2952//17236 2943//17237 2944//17238
f 2951//17239 2905//17240 2904//17241
f 2952//17242 2944//17243 2945//17244
f 2951//17245 2906//17246 2905//17247
f 2952//17248 2945//17249 2946//17250
f 2951//17251 2907//17252 2906//17253
f 2952//17254 2946//17255 2947//17256
f 2951//17257 2908//17258 2907//17259
f 2952//17260 2947//17261 2948//17262
f 2951//17263 2909//17264 2908//17265
f 2952//17266 2948//17267 2949//17268
f 2951//17269 2910//17270 2909//17271
f 2952//17272 2949//17273 2950//17274
f 2951//17275 2871//17276 2910//17277
f 2952//17278 2950//17279 2911//17280
f 2953//17281 2954//17282 2994//17283
f 2953//17284 2994//17285 2993//17286
f 2954//17287 2955//17288 2995//17289
f 2954//17290 2995//17291 2994//17292
f 2955//17293 2956//17294 2996//17295
f 2955//17296 2996//17297 2995//17298
f 2956//17299 2957//17300 2997//17301
f 2956//17302 2997//17303 2996//17304
f 2957//17305 2958//17306 2998//17307
f 2957//17308 2998//17309 2997//17310
f 2958//17311 2959//17312 2999//17313
f 2958//17314 2999//17315 2998//17316
f 2959//17317 2960//17318 3000//17319
f 2959//17320 3000//17321 2999//17322
f 2960//17323 2961//17324 3001//17325
f 2960//17326 3001//17327 3000//17328
f 2961//17329 2962//17330 3002//17331
f 2961//17332 3002//17333 3001//17334
f 2962//17335 2963//17336 3003//17337
f 2962//17338 3003//17339 3002//17340
f 2963//17341 2964//17342 3004//17343
f 2963//17344 3004//17345 3003//17346
f 2964//17347 2965//17348 3005//17349
f 2964//17350 3005//17351 3004//17352
f 2965//17353 2966//17354 3006//17355
f 2965//17356 3006//17357 3005//17358
f 2966//17359 2967//17360 3007//17361
f 2966//17362 3007//17363 3006//17364
f 2967//17365 2968//17366 3008//17367
f 2967//17368 3008//17369 3007//17370
f 2968//17371 2969//17372 3009//17373
f 2968//17374 3009//17375 3008//17376
f 2969//17377 2970//17378 3010//17379
f 2969//17380 3010//17381 3009//17382
f 2970//17383 2971//17384 3011//17385
f 2970//17386 3011//17387 3010//17388
f 2971//17389 2972//17390 3012//17391
f 2971//17392 3012//17393 3011//17394
f 2972//17395 2973//17396 3013//17397
f 2972//17398 3013//17399 3012//17400
f 2973//17401 2974//17402 3014//17403
f 2973//17404 3014//17405 3013//17406
f 2974//17407 2975//17408 3015//17409
f 2974//17410 3015//17411 3014//17412
f 2975//17413 2976//17414 3016//17415
f 2975//17416 3016//17417 3015//17418
f 2976//17419 2977//17420 3017//17421
f 2976//17422 3017//17423 3016//17424
f 2977//17425 2978//17426 3018//17427
f 2977//17428 3018//17429 3017//17430
f 2978//17431 2979//17432 3019//17433
f 2978//17434 3019//17435 3018//17436
f 2979//17437 2980//17438 3020//17439
f 2979//17440 3020//17441 3019//17442
f 2980//17443 2981//17444 3021//17445
f 2980//17446 3021//17447 3020//17448
f 2981//17449 2982//17450 3022//17451
f 2981//17452 3022//17453 3021//17454
f 2982//17455 2983//17456 3023//17457
f 2982//17458 3023//17459 3022//17460
f 2983//17461 2984//17462 3024//17463
f 2983//17464 3024//17465 3023//17466
f 2984//17467 2985//17468 3025//17469
f 2984//17470 3025//17471 3024//17472
f 2985//17473 2986//17474 3026//17475
f 2985//17476 3026//17477 3025//17478
f 2986//17479 2987//17480 3027//17481
f 2986//17482 3027//17483 3026//17484
f 2987//17485 2988//17486 3028//17487
f 2987//17488 3028//17489 3027//17490
f 2988//17491 2989//17492 3029//17493
f 2988//17494 3029//17495 3028//17496
f 2989//17497 2990//17498 3030//17499
f 2989//17500 3030//17501 3029//17502
f 2990//17503 2991//17504 3031//17505
f 2990//17506 3031//17507 3030//17508
f 2991//17509 2992//17510 3032//17511
f 2991//17512 3032//17513 3031//17514
f 2992//17515 2953//17516 2993//17517
f 2992//17518 2993//17519 3032//17520
f 3033//17521 2954//17522 2953//17523
f 3034//17524 2993//17525 2994//17526
f 3033//17527 2955//17528 2954//17529
f 3034//17530 2994//17531 2995//17532
f 3033//17533 2956//17534 2955//17535
f 3034//17536 2995//17537 2996//17538
f 3033//17539 2957//17540 2956//17541
f 3034//17542 2996//17543 2997//17544
f 3033//17545 2958//17546 2957//17547
f 3034//17548 2997//17549 2998//17550
f 3033//17551 2959//17552 2958//17553
f 3034//17554 2998//17555 2999//17556
f 3033//17557 2960//17558 2959//17559
f 3034//17560 2999//17561 3000//17562
f 3033//17563 2961//17564 2960//17565
f 3034//17566 3000//17567 3001//17568
f 3033//17569 2962//17570 2961//17571
f 3034//17572 3001//17573 3002//17574
f 3033//17575 2963//17576 2962//17577
f 3034//17578 3002//17579 3003//17580
f 3033//17581 2964//17582 2963//17583
f 3034//17584 3003//17585 3004//17586
f 3033//17587 2965//17588 2964//17589
f 3034//17590 3004//17591 3005//17592
f 3033//17593 2966//17594 2965//17595
f 3034//17596 3005//17597 3006//17598
f 3033//17599 2967//17600 2966//17601
f 3034//17602 3006//17603 3007//17604
f 3033//17605 2968//17606 2967//17607
f 3034//17608 3007//17609 3008//17610
f 3033//17611 2969//17612 2968//17613
f 3034//17614 3008//17615 3009//17616
f 3033//17617 2970//17618 2969//17619
f 3034//17620 3009//17621 3010//17622
f 3033//17623 2971//17624 2970//17625
f 3034//17626 3010//17627 3011//17628
f 3033//17629 2972//17630 2971//17631
f 3034//17632 3011//17633 3012//17634
f 3033//17635 2973//17636 2972//17637
f 3034//17638 3012//17639 3013//17640
f 3033//17641 2974//17642 2973//17643
f 3034//17644 3013//17645 3014//17646
f 3033//17647 2975//17648 2974//17649
f 3034//17650 3014//17651 3015//17652
f 3033//17653 2976//17654 2975//17655
f 3034//17656 3015//17657 3016//17658
f 3033//17659 2977//17660 2976//17661
f 3034//17662 3016//17663 3017//17664
f 3033//17665 2978//17666 2977//17667
f 3034//17668 3017//17669 3018//17670
f 3033//17671 2979//17672 2978//17673
f 3034//17674 3018//17675 3019//17676
f 3033//17677 2980//17678 2979//17679
f 3034//17680 3019//17681 3020//17682
f 3033//17683 2981//17684 2980//17685
f 3034//17686 3020//17687 3021//17688
f 3033//17689 2982//17690 2981//17691
f 3034//17692 3021//17693 3022//17694
f 3033//17695 2983//17696 2982//17697
f 3034//17698 3022//17699 3023//17700
f 3033//17701 2984//17702 2983//17703
f 3034//17704 3023//17705 3024//17706
f 3033//17707 2985//17708 2984//17709
f 3034//17710 3024//17711 3025//17712
f 3033//17713 2986//17714 2985//17715
f 3034//17716 3025//17717 3026//17718
f 3033//17719 2987//17720 2986//17721
f 3034//17722 3026//17723 3027//17724
f 3033//17725 2988//17726 2987//17727
f 3034//17728 3027//17729 3028//17730
f 3033//17731 2989//17732 2988//17733
f 3034//17734 3028//17735 3029//17736
f 3033//17737 2990//17738 2989//17739
f 3034//17740 3029//17741 3030//17742
f 3033//17743 2991//17744 2990//17745
f 3034//17746 3030//17747 3031//17748
f 3033//17749 2992//17750 2991//17751
f 3034//17752 3031//17753 3032//17754
f 3033//17755 2953//17756 2992//17757
f 3034//17758 3032//17759 2993//17760
