# Derived mesh: merged object boundaries; geometry and materials preserved.
mtllib debris.mtl
o debris
v -17.851479 5.425864 0.192315
v -17.273787 5.079451 -0.050879
v -17.656044 5.761568 0.178371
v -17.078352 5.415155 -0.064824
v -17.825830 5.414156 0.269914
v -17.248138 5.067744 0.026719
v -17.630396 5.749860 0.255970
v -17.052704 5.403447 0.012775
vn 0.3106 -0.1418 0.9399
vn -0.3106 0.1418 -0.9399
vn 0.5028 0.8637 -0.0359
vn -0.5028 -0.8637 0.0359
vn 0.8067 -0.4837 -0.3396
vn -0.8067 0.4837 0.3396
v 17.213795 3.223498 -0.144482
v 15.494446 3.510152 0.176853
v 17.148149 2.869113 -0.179587
v 15.428802 3.155768 0.141748
v 17.224771 3.214886 -0.078074
v 15.505422 3.501541 0.243262
v 17.159126 2.860502 -0.113178
v 15.439777 3.147156 0.208157
vn 0.1617 -0.1269 0.9786
vn -0.1617 0.1269 -0.9786
vn -0.1813 -0.9786 -0.0969
vn 0.1813 0.9786 0.0969
vn -0.9700 0.1617 0.1813
vn 0.9700 -0.1617 -0.1813
v -14.129183 -12.108149 0.289788
v -15.406817 -12.329099 0.299608
v -14.066506 -12.468197 0.343293
v -15.344141 -12.689147 0.353114
v -14.129803 -12.102988 0.325237
v -15.407437 -12.323938 0.335058
v -14.067126 -12.463037 0.378743
v -15.344761 -12.683987 0.388563
vn -0.0173 0.1440 0.9894
vn 0.0173 -0.1440 -0.9894
vn 0.1697 -0.9748 0.1449
vn -0.1697 0.9748 -0.1449
vn -0.9853 -0.1704 0.0076
vn 0.9853 0.1704 -0.0076
vn -0.1697 0.9748 -0.1448
v -2.610621 -7.110435 -0.046884
v -3.147707 -6.737035 -0.047147
v -2.899534 -7.525951 0.019152
v -3.436620 -7.152552 0.018888
v -2.602119 -7.098125 0.067766
v -3.139205 -6.724726 0.067502
v -2.891032 -7.513642 0.133802
v -3.428118 -7.140243 0.133538
vn 0.0735 0.1065 0.9916
vn -0.0735 -0.1065 -0.9916
vn -0.5661 -0.8141 0.1294
vn 0.5661 0.8141 -0.1294
vn -0.8211 0.5708 -0.0004
vn 0.8211 -0.5708 0.0004
v 5.895464 3.571551 0.210634
v 6.179765 3.064646 0.111762
v 6.099333 3.665698 0.314170
v 6.383634 3.158792 0.215298
v 5.873168 3.545941 0.277825
v 6.157469 3.039035 0.178953
v 6.077037 3.640087 0.381360
v 6.361338 3.133182 0.282488
vn -0.2962 -0.3402 0.8925
vn 0.2962 0.3402 -0.8925
vn 0.8245 0.3807 0.4187
vn -0.8245 -0.3807 -0.4187
vn 0.4822 -0.8598 -0.1677
vn -0.4822 0.8598 0.1677
v 16.477097 4.112412 0.046939
v 16.832237 5.192059 -0.303395
v 15.977839 4.329710 0.210495
v 16.332979 5.409357 -0.139839
v 16.502363 4.124092 0.108549
v 16.857504 5.203739 -0.241785
v 16.003105 4.341391 0.272105
v 16.358246 5.421037 -0.078229
vn 0.3737 0.1728 0.9113
vn -0.3737 -0.1728 -0.9113
vn -0.8781 0.3822 0.2877
vn 0.8782 -0.3822 -0.2877
vn 0.2986 0.9078 -0.2946
vn -0.2986 -0.9078 0.2946
vn -0.8782 0.3822 0.2877
v 3.839970 5.342291 -0.056663
v 3.855522 5.750007 -0.034972
v 3.556711 5.355205 -0.096295
v 3.572263 5.762920 -0.074605
v 3.831006 5.339277 0.006425
v 3.846558 5.746992 0.028116
v 3.547746 5.352190 -0.033207
v 3.563298 5.759905 -0.011517
vn -0.1405 -0.0473 0.9889
vn 0.1405 0.0473 -0.9889
vn -0.9893 0.0451 -0.1384
vn 0.9893 -0.0451 0.1384
vn 0.0381 0.9979 0.0531
vn -0.0381 -0.9979 -0.0531
v 9.630415 -1.392962 -0.028018
v 8.101577 -2.149479 0.447887
v 9.720579 -1.605606 -0.076394
v 8.191741 -2.362123 0.399511
v 9.639913 -1.395102 -0.000909
v 8.111074 -2.151619 0.474996
v 9.730077 -1.607747 -0.049285
v 8.201239 -2.364264 0.426620
vn 0.3297 -0.0743 0.9411
vn -0.3297 0.0743 -0.9411
vn 0.3821 -0.9011 -0.2050
vn -0.3821 0.9011 0.2050
vn -0.8633 -0.4272 0.2687
vn 0.8633 0.4272 -0.2687
v 16.145103 14.033042 0.419480
v 16.295193 12.470687 -0.154865
v 16.701801 14.129951 0.301340
v 16.851891 12.567596 -0.273006
v 16.167896 14.004391 0.503376
v 16.317986 12.442036 -0.070969
v 16.724594 14.101300 0.385236
v 16.874683 12.538945 -0.189110
vn 0.2490 -0.3130 0.9165
vn -0.2490 0.3130 -0.9165
vn 0.9643 0.1679 -0.2047
vn -0.9643 -0.1679 0.2047
vn 0.0898 -0.9348 -0.3436
vn -0.0898 0.9348 0.3437
vn 0.0898 -0.9348 -0.3437
vn -0.0898 0.9348 0.3436
v -6.496857 -14.678602 0.000576
v -7.045003 -14.389689 0.278006
v -6.624034 -15.011274 0.095740
v -7.172181 -14.722361 0.373170
v -6.480869 -14.676350 0.029818
v -7.029016 -14.387436 0.307249
v -6.608047 -15.009021 0.124982
v -7.156193 -14.720108 0.402413
vn 0.4786 0.0675 0.8754
vn -0.4786 -0.0675 -0.8754
vn -0.3450 -0.9024 0.2581
vn 0.3450 0.9024 -0.2582
vn -0.8074 0.4256 0.4087
vn 0.8074 -0.4256 -0.4087
vn 0.4786 0.0674 0.8754
vn -0.4786 -0.0674 -0.8754
vn 0.3450 0.9024 -0.2580
vn -0.8074 0.4256 0.4086
vn 0.8074 -0.4256 -0.4086
v 19.991165 -13.241054 -0.012564
v 19.773638 -13.130686 0.029748
v 19.751171 -13.665471 -0.139329
v 19.533642 -13.555103 -0.097017
v 19.993870 -13.266769 0.068413
v 19.776340 -13.156402 0.110725
v 19.753874 -13.691187 -0.058352
v 19.536346 -13.580819 -0.016040
vn 0.0318 -0.3025 0.9526
vn -0.0318 0.3025 -0.9526
vn -0.4764 -0.8425 -0.2516
vn 0.4764 0.8425 0.2516
vn -0.8787 0.4458 0.1709
vn 0.8787 -0.4458 -0.1709
v -12.222817 13.764190 0.316070
v -11.556676 12.989711 -0.047452
v -11.764264 14.091821 0.458337
v -11.098124 13.317342 0.094815
v -12.221567 13.727544 0.396434
v -11.555427 12.953065 0.032913
v -11.763015 14.055175 0.538701
v -11.096873 13.280696 0.175180
vn 0.0142 -0.4149 0.9098
vn -0.0142 0.4149 -0.9098
vn 0.7889 0.5637 0.2448
vn -0.7889 -0.5637 -0.2448
vn 0.6144 -0.7143 -0.3353
vn -0.6143 0.7143 0.3353
vn 0.6143 -0.7143 -0.3353
vn -0.6144 0.7143 0.3352
v -0.121703 -11.663669 -0.030831
v -0.955203 -12.403446 -0.309775
v -0.030075 -11.762612 -0.042215
v -0.863574 -12.502390 -0.321160
v -0.129089 -11.677166 0.027034
v -0.962589 -12.416944 -0.251911
v -0.037460 -11.776110 0.015650
v -0.870960 -12.515887 -0.263295
vn -0.1234 -0.2254 0.9664
vn 0.1234 0.2254 -0.9664
vn 0.6771 -0.7311 -0.0841
vn -0.6771 0.7311 0.0841
vn -0.7255 -0.6439 -0.2428
vn 0.7255 0.6439 0.2428
vn -0.1233 -0.2254 0.9664
v 1.709303 3.236967 -0.002317
v 1.466013 2.446626 0.099319
v 1.823382 3.209993 0.061007
v 1.580093 2.419653 0.162643
v 1.689040 3.248533 0.039114
v 1.445750 2.458192 0.140750
v 1.803119 3.221559 0.102438
v 1.559830 2.431218 0.204074
vn -0.4262 0.2432 0.8713
vn 0.4262 -0.2432 -0.8713
vn 0.8562 -0.2025 0.4753
vn -0.8562 0.2025 -0.4753
vn -0.2920 -0.9486 0.1220
vn 0.2920 0.9486 -0.1220
v 17.090202 -8.624554 0.016101
v 17.305895 -8.923982 -0.078468
v 17.269157 -8.481770 -0.027825
v 17.484852 -8.781198 -0.122394
v 17.100250 -8.627362 0.047914
v 17.315945 -8.926790 -0.046656
v 17.279207 -8.484578 0.003988
v 17.494900 -8.784006 -0.090582
vn 0.3002 -0.0839 0.9502
vn -0.3002 0.0839 -0.9502
vn 0.7677 0.6125 -0.1884
vn -0.7677 -0.6125 0.1884
vn 0.5662 -0.7860 -0.2482
vn -0.5662 0.7860 0.2482
vn 0.5662 -0.7860 -0.2483
v -18.697001 8.133180 0.030194
v -18.899738 8.269742 0.098369
v -18.980356 7.805749 -0.156569
v -19.183096 7.942311 -0.088394
v -18.698820 8.100459 0.090321
v -18.901560 8.237021 0.158496
v -18.982178 7.773029 -0.096442
v -19.184916 7.909591 -0.028267
vn -0.0266 -0.4778 0.8781
vn 0.0266 0.4778 -0.8781
vn -0.6009 -0.6943 -0.3960
vn 0.6009 0.6943 0.3960
vn -0.7989 0.5381 0.2687
vn 0.7989 -0.5381 -0.2686
vn -0.7989 0.5381 0.2686
vn 0.7989 -0.5381 -0.2687
v 8.025596 -9.358384 -0.149407
v 7.825978 -9.432964 -0.120229
v 8.236749 -9.832393 0.083580
v 8.037131 -9.906973 0.112758
v 8.024005 -9.334759 -0.099900
v 7.824387 -9.409339 -0.070722
v 8.235159 -9.808767 0.133087
v 8.035541 -9.883348 0.162265
vn -0.0290 0.4305 0.9021
vn 0.0290 -0.4305 -0.9021
vn 0.3712 -0.8333 0.4096
vn -0.3712 0.8333 -0.4096
vn -0.9281 -0.3468 0.1356
vn 0.9281 0.3467 -0.1357
vn -0.9281 -0.3468 0.1357
vn 0.9281 0.3468 -0.1356
v -16.606853 -10.243323 0.545386
v -15.241519 -10.017333 -0.025363
v -16.646961 -9.901294 0.584870
v -15.281626 -9.675303 0.014122
v -16.580217 -10.247371 0.607503
v -15.214882 -10.021380 0.036754
v -16.620325 -9.905341 0.646987
v -15.254990 -9.679351 0.076239
vn 0.3934 -0.0598 0.9174
vn -0.3934 0.0598 -0.9174
vn -0.1157 0.9867 0.1139
vn 0.1157 -0.9867 -0.1139
vn 0.9121 0.1510 -0.3813
vn -0.9121 -0.1510 0.3813
v -17.284166 9.659508 -0.088830
v -15.876239 9.650834 -0.012876
v -17.285545 10.135829 -0.008871
v -15.877618 10.127155 0.067083
v -17.290565 9.639954 0.027544
v -15.882637 9.631280 0.103498
v -17.291945 10.116275 0.107503
v -15.884016 10.107601 0.183456
vn -0.0541 -0.1655 0.9847
vn 0.0541 0.1655 -0.9847
vn -0.0029 0.9862 0.1656
vn 0.0029 -0.9862 -0.1656
vn 0.9985 -0.0061 0.0539
vn -0.9985 0.0061 -0.0539
vn -0.9985 0.0062 -0.0539
v -14.448924 14.072476 0.245419
v -14.453587 15.109984 -0.053492
v -14.697204 14.081203 0.279583
v -14.701866 15.118711 -0.019329
v -14.443775 14.082539 0.280265
v -14.448438 15.120047 -0.018646
v -14.692055 14.091266 0.314429
v -14.696717 15.128774 0.015517
vn 0.1405 0.2747 0.9512
vn -0.1405 -0.2747 -0.9512
vn -0.9901 0.0348 0.1362
vn 0.9901 -0.0348 -0.1362
vn -0.0043 0.9609 -0.2769
vn 0.0043 -0.9609 0.2768
vn -0.0043 0.9609 -0.2768
vn 0.0043 -0.9609 0.2769
v -16.440874 -1.099620 0.245181
v -16.118586 -1.069856 0.175679
v -16.472271 -0.927509 0.173300
v -16.149981 -0.897746 0.103798
v -16.434591 -1.083406 0.281259
v -16.112301 -1.053642 0.211756
v -16.465986 -0.911295 0.209378
v -16.143698 -0.881532 0.139875
vn 0.1569 0.4048 0.9008
vn -0.1569 -0.4048 -0.9008
vn -0.1660 0.9100 -0.3800
vn 0.1660 -0.9100 0.3800
vn 0.9736 0.0899 -0.2099
vn -0.9736 -0.0899 0.2099
vn 0.9736 0.0899 -0.2100
vn -0.9736 -0.0899 0.2100
v -17.035299 14.442575 0.014647
v -17.190434 14.276842 0.031710
v -16.947342 14.357376 -0.013201
v -17.102474 14.191642 0.003862
v -17.020672 14.435781 0.081641
v -17.175804 14.270046 0.098705
v -16.932713 14.350580 0.053793
v -17.087847 14.184847 0.070856
vn 0.2123 -0.0986 0.9722
vn -0.2123 0.0986 -0.9722
vn 0.7004 -0.6784 -0.2217
vn -0.7004 0.6784 0.2218
vn -0.6814 -0.7280 0.0750
vn 0.6814 0.7280 -0.0750
vn 0.7004 -0.6784 -0.2218
vn -0.7004 0.6784 0.2217
vn -0.6815 -0.7280 0.0750
vn 0.6815 0.7280 -0.0749
v 11.657681 -13.757781 0.216800
v 11.007306 -14.485038 0.471440
v 12.083576 -14.194460 0.057414
v 11.433202 -14.921717 0.312053
v 11.668223 -13.757559 0.244362
v 11.017849 -14.484816 0.499001
v 12.094119 -14.194238 0.084975
v 11.443744 -14.921494 0.339615
vn 0.3573 0.0075 0.9340
vn -0.3573 -0.0075 -0.9340
vn 0.6755 -0.6926 -0.2528
vn -0.6755 0.6926 0.2528
vn -0.6450 -0.7213 0.2525
vn 0.6450 0.7213 -0.2525
vn 0.6755 -0.6926 -0.2529
vn -0.6756 0.6926 0.2528
v -18.609938 15.939671 0.225443
v -18.281172 14.747402 -0.361948
v -18.474537 15.954769 0.270580
v -18.145771 14.762501 -0.316811
v -18.628338 15.901037 0.293561
v -18.299572 14.708769 -0.293829
v -18.492937 15.916136 0.338699
v -18.164171 14.723867 -0.248692
vn -0.2287 -0.4803 0.8468
vn 0.2287 0.4803 -0.8468
vn 0.9434 0.1052 0.3145
vn -0.9434 -0.1052 -0.3145
vn 0.2401 -0.8708 -0.4290
vn -0.2401 0.8708 0.4290
vn -0.2287 -0.4802 0.8468
v -14.292624 13.658277 0.112702
v -13.582989 14.836717 0.288896
v -14.528001 13.811074 0.038742
v -13.818364 14.989514 0.214936
v -14.306083 13.659575 0.158215
v -13.596446 14.838016 0.334409
v -14.541458 13.812373 0.084255
v -13.831822 14.990813 0.260449
vn -0.2834 0.0274 0.9586
vn 0.2834 -0.0274 -0.9586
vn -0.8111 0.5265 -0.2549
vn 0.8111 -0.5265 0.2548
vn 0.5117 0.8497 0.1271
vn -0.5117 -0.8497 -0.1270
vn -0.8111 0.5265 -0.2548
vn 0.5117 0.8497 0.1270
vn -0.5117 -0.8497 -0.1271
v -0.964081 6.911369 0.142966
v -1.142823 7.485302 0.133285
v -1.116179 6.864332 0.162666
v -1.294922 7.438266 0.152985
v -0.960378 6.913073 0.175620
v -1.139121 7.487006 0.165939
v -1.112477 6.866036 0.195321
v -1.291219 7.439970 0.185639
vn 0.1125 0.0518 0.9923
vn -0.1125 -0.0518 -0.9923
vn -0.9481 -0.2932 0.1228
vn 0.9481 0.2932 -0.1228
vn -0.2973 0.9546 -0.0161
vn 0.2973 -0.9546 0.0161
v 19.359722 -1.353643 -0.211939
v 18.217974 -1.032555 0.071278
v 19.297873 -1.518041 -0.274899
v 18.156124 -1.196953 0.008318
v 19.366589 -1.376944 -0.157841
v 18.224840 -1.055856 0.125376
v 19.304739 -1.541342 -0.220802
v 18.162991 -1.220255 0.062415
vn 0.1158 -0.3929 0.9123
vn -0.1158 0.3929 -0.9123
vn -0.3315 -0.8811 -0.3374
vn 0.3315 0.8811 0.3374
vn -0.9363 0.2633 0.2323
vn 0.9363 -0.2633 -0.2323
vn 0.1158 -0.3929 0.9122
vn -0.1158 0.3929 -0.9122
v 16.350863 -11.287130 0.249091
v 16.708786 -11.605389 0.122090
v 16.674633 -10.820219 -0.008492
v 17.032557 -11.138477 -0.135493
v 16.395952 -11.270828 0.335317
v 16.753876 -11.589087 0.208315
v 16.719723 -10.803917 0.077733
v 17.077646 -11.122175 -0.049268
vn 0.4570 0.1652 0.8740
vn -0.4570 -0.1652 -0.8740
vn 0.5190 0.7484 -0.4129
vn -0.5190 -0.7484 0.4129
vn 0.7223 -0.6423 -0.2563
vn -0.7223 0.6423 0.2563
v -7.098685 2.626293 0.129775
v -7.827565 1.615045 0.290492
v -6.623071 2.307131 0.278572
v -7.351951 1.295883 0.439288
v -7.114348 2.655494 0.242477
v -7.843228 1.644246 0.403194
v -6.638734 2.336332 0.391273
v -7.367614 1.325084 0.551990
vn -0.1333 0.2486 0.9594
vn 0.1333 -0.2486 -0.9594
vn 0.8037 -0.5393 0.2514
vn -0.8037 0.5393 -0.2514
vn -0.5799 -0.8046 0.1279
vn 0.5799 0.8046 -0.1279
v 15.429935 10.986429 0.067942
v 15.691619 9.750865 0.334078
v 15.870727 11.045612 -0.090710
v 16.132410 9.810048 0.175425
v 15.446077 11.000651 0.118097
v 15.707761 9.765087 0.384233
v 15.886868 11.059834 -0.040556
v 16.148552 9.824270 0.225580
vn 0.2958 0.2606 0.9190
vn -0.2958 -0.2606 -0.9190
vn 0.9335 0.1253 -0.3360
vn -0.9335 -0.1253 0.3360
vn 0.2027 -0.9573 0.2062
vn -0.2027 0.9573 -0.2062
v 15.331259 8.750937 0.018589
v 15.466564 8.917535 0.016950
v 14.994163 9.024042 -0.049732
v 15.129468 9.190640 -0.051371
v 15.320262 8.760789 0.112232
v 15.455567 8.927387 0.110593
v 14.983166 9.033895 0.043911
v 15.118471 9.200493 0.042272
vn -0.1160 0.1039 0.9878
vn 0.1160 -0.1039 -0.9878
vn -0.7675 0.6218 -0.1556
vn 0.7675 -0.6218 0.1556
vn 0.6304 0.7762 -0.0076
vn -0.6304 -0.7762 0.0076
v -10.122763 14.991128 0.205016
v -9.226022 13.512638 0.441569
v -9.656409 15.253341 0.076000
v -8.759668 13.774851 0.312553
v -10.112190 15.009691 0.280962
v -9.215449 13.531201 0.517515
v -9.645837 15.271904 0.151946
v -8.749096 13.793414 0.388499
vn 0.1340 0.2353 0.9626
vn -0.1340 -0.2353 -0.9626
vn 0.8474 0.4764 -0.2344
vn -0.8474 -0.4764 0.2344
vn 0.5138 -0.8471 0.1355
vn -0.5138 0.8471 -0.1355
vn -0.8474 -0.4765 0.2344
v 11.433794 -2.072434 0.119230
v 11.259966 -1.926487 0.130314
v 11.088139 -2.499586 0.322853
v 10.914310 -2.353639 0.333936
v 11.462650 -2.045996 0.223675
v 11.288822 -1.900050 0.234758
v 11.116995 -2.473148 0.427297
v 10.943167 -2.327201 0.438381
vn 0.2587 0.2370 0.9364
vn -0.2587 -0.2370 -0.9364
vn -0.5899 -0.7289 0.3475
vn 0.5899 0.7289 -0.3475
vn -0.7649 0.6423 0.0488
vn 0.7649 -0.6422 -0.0488
vn -0.7649 0.6422 0.0488
v 7.361118 5.874542 0.075164
v 7.772522 5.841169 0.061534
v 7.386135 6.200245 0.032769
v 7.797538 6.166872 0.019139
v 7.365220 5.886521 0.169618
v 7.776623 5.853148 0.155988
v 7.390236 6.212224 0.127223
v 7.801640 6.178852 0.113593
vn 0.0430 0.1257 0.9911
vn -0.0430 -0.1257 -0.9911
vn 0.0759 0.9888 -0.1287
vn -0.0759 -0.9888 0.1287
vn 0.9962 -0.0808 -0.0330
vn -0.9962 0.0808 0.0330
v -13.736495 10.080486 0.256974
v -14.199085 9.394207 0.223683
v -13.634354 10.011181 0.266374
v -14.096944 9.324902 0.233084
v -13.741652 10.081045 0.317125
v -14.204243 9.394766 0.283834
v -13.639511 10.011740 0.326526
v -14.102101 9.325460 0.293235
vn -0.0854 0.0092 0.9963
vn 0.0854 -0.0092 -0.9963
vn 0.8251 -0.5598 0.0759
vn -0.8251 0.5598 -0.0760
vn -0.5585 -0.8285 -0.0402
vn 0.5585 0.8285 0.0402
vn 0.8251 -0.5599 0.0760
vn -0.8251 0.5599 -0.0760
v -4.425306 5.203612 0.022776
v -4.844362 5.486632 0.127379
v -4.671489 4.747371 0.270966
v -5.090545 5.030391 0.375568
v -4.401472 5.219423 0.075484
v -4.820528 5.502443 0.180086
v -4.647655 4.763182 0.323673
v -5.066710 5.046202 0.428275
vn 0.3975 0.2637 0.8789
vn -0.3975 -0.2637 -0.8789
vn -0.4283 -0.7938 0.4318
vn 0.4283 0.7938 -0.4318
vn -0.8115 0.5481 0.2026
vn 0.8115 -0.5481 -0.2026
v -3.485899 -0.892773 0.030251
v -4.059520 -1.879379 0.043120
v -3.115826 -1.104965 0.258024
v -3.689447 -2.091572 0.270893
v -3.504286 -0.881556 0.070574
v -4.077907 -1.868163 0.083443
v -3.134213 -1.093749 0.298348
v -3.707834 -2.080356 0.311217
vn -0.4022 0.2454 0.8821
vn 0.4022 -0.2454 -0.8821
vn 0.7653 -0.4388 0.4710
vn -0.7653 0.4388 -0.4710
vn -0.5026 -0.8644 0.0113
vn 0.5026 0.8644 -0.0113
v 11.105876 3.092722 0.197002
v 10.532374 2.219862 0.170462
v 11.496243 2.841050 0.038705
v 10.922741 1.968189 0.012166
v 11.126947 3.076514 0.274734
v 10.553446 2.203653 0.248194
v 11.517314 2.824841 0.116437
v 10.943812 1.951981 0.089898
vn 0.2565 -0.1973 0.9462
vn -0.2565 0.1973 -0.9462
vn 0.7955 -0.5129 -0.3226
vn -0.7955 0.5129 0.3226
vn -0.5489 -0.8355 -0.0254
vn 0.5489 0.8355 0.0254
v -5.734815 9.633002 0.144761
v -5.585903 8.351422 0.176682
v -5.609846 9.646829 0.116889
v -5.460934 8.365249 0.148810
v -5.729001 9.634343 0.171497
v -5.580089 8.352763 0.203418
v -5.604032 9.648170 0.143625
v -5.455120 8.366590 0.175546
vn 0.2123 0.0490 0.9760
vn -0.2123 -0.0490 -0.9760
vn 0.9704 0.1074 -0.2164
vn -0.9704 -0.1074 0.2164
vn 0.1154 -0.9930 0.0247
vn -0.1154 0.9930 -0.0247
v -6.097426 16.526796 -0.113002
v -5.416458 16.579348 0.178627
v -6.133182 16.653605 -0.052362
v -5.452214 16.706156 0.239267
v -6.107275 16.511724 -0.087291
v -5.426306 16.564276 0.204338
v -6.143030 16.638533 -0.026651
v -5.462062 16.691084 0.264978
vn -0.3137 -0.4802 0.8191
vn 0.3137 0.4802 -0.8191
vn -0.2465 0.8743 0.4181
vn 0.2465 -0.8743 -0.4181
vn 0.9169 0.0708 0.3927
vn -0.9169 -0.0707 -0.3927
vn -0.9169 -0.0708 -0.3927
v 8.633762 7.626352 0.278141
v 8.408992 8.810705 -0.261985
v 8.261028 7.619006 0.417144
v 8.036258 8.803359 -0.122982
v 8.669553 7.678161 0.376849
v 8.444782 8.862514 -0.163277
v 8.296819 7.670815 0.515853
v 8.072048 8.855167 -0.024274
vn 0.3057 0.4425 0.8431
vn -0.3057 -0.4425 -0.8431
vn -0.9368 -0.0185 0.3494
vn 0.9368 0.0185 -0.3494
vn -0.1702 0.8966 -0.4089
vn 0.1702 -0.8966 0.4089
v -5.241452 -1.524627 0.265147
v -4.061471 -0.342236 0.242096
v -5.682181 -1.082519 0.381925
v -4.502201 0.099872 0.358874
v -5.227334 -1.536780 0.364439
v -4.047354 -0.354389 0.341388
v -5.668064 -1.094672 0.481216
v -4.488083 0.087719 0.458165
vn 0.1397 -0.1203 0.9829
vn -0.1397 0.1203 -0.9829
vn -0.6940 0.6961 0.1839
vn 0.6940 -0.6961 -0.1839
vn 0.7063 0.7078 -0.0138
vn -0.7063 -0.7078 0.0138
v 7.487357 -12.280993 0.213884
v 7.046514 -12.532023 0.249983
v 7.790380 -12.836097 0.054268
v 7.349538 -13.087127 0.090366
v 7.493022 -12.286595 0.244123
v 7.052180 -12.537625 0.280222
v 7.796047 -12.841699 0.084507
v 7.355204 -13.092730 0.120605
vn 0.1812 -0.1791 0.9670
vn -0.1812 0.1791 -0.9670
vn 0.4646 -0.8510 -0.2448
vn -0.4646 0.8511 0.2447
vn -0.8668 -0.4936 0.0709
vn 0.8668 0.4936 -0.0710
vn 0.4646 -0.8511 -0.2447
vn -0.4646 0.8510 0.2448
vn -0.8668 -0.4936 0.0710
vn 0.8668 0.4936 -0.0709
v -11.015545 3.856055 0.364355
v -11.224411 4.494736 0.372074
v -11.151116 3.812035 0.338202
v -11.359982 4.450716 0.345921
v -11.026139 3.851841 0.426364
v -11.235005 4.490522 0.434084
v -11.161711 3.807821 0.400211
v -11.370577 4.446502 0.407931
vn -0.1680 -0.0668 0.9835
vn 0.1680 0.0668 -0.9835
vn -0.9355 -0.3038 -0.1805
vn 0.9355 0.3038 0.1805
vn -0.3108 0.9504 0.0115
vn 0.3108 -0.9504 -0.0115
v 13.184225 -12.211159 0.007610
v 14.258984 -11.790588 0.477364
v 13.111027 -11.929798 -0.076822
v 14.185785 -11.509228 0.392932
v 13.155499 -12.201504 0.064690
v 14.230257 -11.780933 0.534443
v 13.082300 -11.920143 -0.019742
v 14.157059 -11.499573 0.450012
vn -0.4445 0.1494 0.8832
vn 0.4445 -0.1494 -0.8832
vn -0.2418 0.9294 -0.2789
vn 0.2418 -0.9294 0.2789
vn 0.8625 0.3375 0.3770
vn -0.8625 -0.3375 -0.3770
v -2.486453 16.369108 0.029167
v -2.508021 15.800952 0.019884
v -2.260175 16.360371 0.038106
v -2.281744 15.792216 0.028823
v -2.488455 16.368366 0.079133
v -2.510024 15.800212 0.069850
v -2.262178 16.359631 0.088073
v -2.283746 15.791476 0.078789
vn -0.0400 -0.0148 0.9991
vn 0.0400 0.0148 -0.9991
vn 0.9985 -0.0385 0.0395
vn -0.9985 0.0385 -0.0394
vn -0.0379 -0.9991 -0.0163
vn 0.0379 0.9991 0.0163
vn 0.9985 -0.0385 0.0394
v -11.420640 8.709447 0.384618
v -11.331766 8.359677 0.329212
v -11.248158 8.763220 0.321821
v -11.159285 8.413450 0.266416
v -11.388235 8.704283 0.469199
v -11.299362 8.354513 0.413793
v -11.215754 8.758056 0.406402
v -11.126880 8.408286 0.350997
vn 0.3572 -0.0569 0.9323
vn -0.3572 0.0569 -0.9323
vn 0.9018 0.2811 -0.3283
vn -0.9018 -0.2811 0.3283
vn 0.2434 -0.9580 -0.1518
vn -0.2434 0.9580 0.1518
v -5.113787 -7.363750 -0.222677
v -5.328443 -9.073232 -0.022417
v -4.592033 -7.437759 -0.295181
v -4.806689 -9.147241 -0.094921
v -5.096316 -7.352555 -0.108384
v -5.310972 -9.062037 0.091876
v -4.574563 -7.426564 -0.180887
v -4.789219 -9.136045 0.019373
vn 0.1504 0.0964 0.9839
vn -0.1504 -0.0964 -0.9839
vn 0.9808 -0.1391 -0.1363
vn -0.9808 0.1391 0.1363
vn -0.1238 -0.9856 0.1155
vn 0.1238 0.9856 -0.1154
vn 0.1238 0.9856 -0.1155
v -10.948082 5.851081 0.301861
v -10.402995 6.443871 0.445138
v -11.146268 6.043171 0.261097
v -10.601181 6.635961 0.404374
v -10.960495 5.849598 0.355223
v -10.415408 6.442389 0.498499
v -11.158681 6.041688 0.314459
v -10.613594 6.634478 0.457736
vn -0.2265 -0.0271 0.9736
vn 0.2265 0.0271 -0.9736
vn -0.7104 0.6885 -0.1461
vn 0.7104 -0.6885 0.1461
vn 0.6664 0.7247 0.1751
vn -0.6664 -0.7247 -0.1752
vn 0.6664 0.7247 0.1752
v -3.398627 14.227359 0.099207
v -4.206534 14.943245 0.061625
v -3.686890 13.904503 0.146074
v -4.494797 14.620390 0.108492
v -3.394889 14.235857 0.180745
v -4.202796 14.951744 0.143162
v -3.683152 13.913002 0.227612
v -4.491059 14.628888 0.190029
vn 0.0455 0.1036 0.9936
vn -0.0455 -0.1036 -0.9936
vn -0.6621 -0.7416 0.1076
vn 0.6621 0.7416 -0.1077
vn -0.7480 0.6628 -0.0348
vn 0.7480 -0.6628 0.0348
vn -0.6621 -0.7416 0.1077
vn 0.6621 0.7416 -0.1076
v -12.434569 7.725984 0.234496
v -11.399942 8.647904 0.047982
v -12.770053 8.150889 0.473771
v -11.735427 9.072810 0.287256
v -12.406701 7.708791 0.304100
v -11.372075 8.630712 0.117585
v -12.742186 8.133697 0.543375
v -11.707559 9.055617 0.356860
vn 0.3623 -0.2235 0.9049
vn -0.3623 0.2235 -0.9049
vn -0.5668 0.7179 0.4043
vn 0.5668 -0.7179 -0.4042
vn 0.7399 0.6593 -0.1334
vn -0.7399 -0.6593 0.1334
v -13.854973 -15.772786 0.543372
v -14.694851 -14.715454 -0.184742
v -14.206866 -15.961821 0.674774
v -15.046743 -14.904489 -0.053340
v -13.854893 -15.750093 0.576234
v -14.694770 -14.692760 -0.151880
v -14.206785 -15.939127 0.707635
v -15.046663 -14.881795 -0.020478
vn 0.0020 0.5682 0.8229
vn -0.0020 -0.5682 -0.8229
vn -0.8368 -0.4495 0.3125
vn 0.8368 0.4495 -0.3125
vn -0.5475 0.6892 -0.4746
vn 0.5475 -0.6892 0.4746
vn -0.8368 -0.4496 0.3125
v -6.640090 1.082634 0.515597
v -7.347986 0.154629 0.014218
v -6.561764 0.995009 0.567194
v -7.269660 0.067004 0.065815
v -6.670093 1.081737 0.559618
v -7.377988 0.153731 0.058239
v -6.591766 0.994112 0.611215
v -7.299662 0.066106 0.109836
vn -0.5631 -0.0168 0.8262
vn 0.5631 0.0168 -0.8262
vn 0.6102 -0.6827 0.4020
vn -0.6102 0.6827 -0.4020
vn -0.5573 -0.7305 -0.3947
vn 0.5573 0.7305 0.3947
v -7.643638 3.973617 0.154576
v -7.186862 3.445746 0.382831
v -7.269870 4.308601 0.181303
v -6.813095 3.780731 0.409559
v -7.662392 3.988754 0.227113
v -7.205616 3.460883 0.455368
v -7.288624 4.323739 0.253840
v -6.831849 3.795868 0.482096
vn -0.2454 0.1980 0.9490
vn 0.2454 -0.1980 -0.9490
vn 0.7436 0.6665 0.0532
vn -0.7436 -0.6665 -0.0532
vn 0.6219 -0.7187 0.3108
vn -0.6219 0.7187 -0.3108
v -2.003806 -14.355314 0.008457
v -1.731297 -14.271788 -0.108153
v -2.078195 -14.030278 0.067433
v -1.805686 -13.946752 -0.049177
v -1.977107 -14.359925 0.067548
v -1.704597 -14.276399 -0.049062
v -2.051496 -14.034889 0.126525
v -1.778986 -13.951363 0.009914
vn 0.4107 -0.0709 0.9090
vn -0.4107 0.0709 -0.9090
vn -0.2197 0.9599 0.1742
vn 0.2197 -0.9599 -0.1742
vn 0.8849 0.2712 -0.3787
vn -0.8849 -0.2712 0.3787
vn 0.2197 -0.9599 -0.1741
v 0.477226 9.701934 -0.275771
v -0.291045 11.199825 0.243622
v 0.396298 9.649612 -0.244586
v -0.371973 11.147504 0.274807
v 0.518456 9.691848 -0.185697
v -0.249815 11.189739 0.333696
v 0.437528 9.639526 -0.154512
v -0.330743 11.137418 0.364881
vn 0.4141 -0.1013 0.9046
vn -0.4141 0.1013 -0.9046
vn -0.7990 -0.5166 0.3079
vn 0.7990 0.5166 -0.3079
vn -0.4361 0.8502 0.2948
vn 0.4361 -0.8502 -0.2948
v -3.123992 4.038793 0.246930
v -3.400659 4.660765 0.593601
v -3.663112 3.920515 0.028880
v -3.939780 4.542487 0.375551
v -3.130022 4.023036 0.270387
v -3.406690 4.645008 0.617058
v -3.669143 3.904758 0.052338
v -3.945811 4.526730 0.399009
vn -0.2087 -0.5453 0.8118
vn 0.2087 0.5453 -0.8118
vn -0.9084 -0.1993 -0.3674
vn 0.9084 0.1993 0.3674
vn -0.3622 0.8142 0.4538
vn 0.3622 -0.8142 -0.4538
v 8.872399 19.025558 0.189934
v 8.139031 18.062450 0.113294
v 9.134160 18.835938 0.068051
v 8.400791 17.872829 -0.008589
v 8.891048 19.005714 0.260857
v 8.157680 18.042606 0.184217
v 9.152808 18.816093 0.138974
v 8.419440 17.852985 0.062334
vn 0.2455 -0.2612 0.9336
vn -0.2455 0.2612 -0.9336
vn 0.7578 -0.5489 -0.3528
vn -0.7578 0.5489 0.3528
vn -0.6046 -0.7940 -0.0632
vn 0.6046 0.7940 0.0632
v -9.181272 -7.651668 0.372116
v -9.556273 -7.163144 0.048365
v -9.372948 -7.773910 0.409679
v -9.747950 -7.285385 0.085928
v -9.194691 -7.603528 0.460300
v -9.569693 -7.115004 0.136549
v -9.386367 -7.725770 0.497864
v -9.761369 -7.237245 0.174112
vn -0.1324 0.4749 0.8700
vn 0.1324 -0.4749 -0.8700
vn -0.8319 -0.5305 0.1630
vn 0.8319 0.5305 -0.1630
vn -0.5390 0.7021 -0.4653
vn 0.5390 -0.7021 0.4653
v 18.920628 -13.383942 -0.128788
v 18.681492 -13.137520 -0.005926
v 18.723677 -13.530306 -0.218568
v 18.484541 -13.283884 -0.095706
v 18.916380 -13.430792 -0.043092
v 18.677244 -13.184370 0.079770
v 18.719429 -13.577156 -0.132872
v 18.480293 -13.330734 -0.010010
vn -0.0435 -0.4792 0.8766
vn 0.0435 0.4792 -0.8766
vn -0.7538 -0.5602 -0.3436
vn 0.7538 0.5602 0.3436
vn -0.6557 0.6757 0.3369
vn 0.6557 -0.6757 -0.3369
v 13.745527 9.559062 0.199348
v 13.328485 8.256938 -0.052662
v 14.151022 9.409219 0.302545
v 13.733980 8.107094 0.050535
v 13.715349 9.548693 0.302869
v 13.298307 8.246568 0.050860
v 14.120844 9.398849 0.406066
v 13.703802 8.096725 0.154057
vn -0.2786 -0.0957 0.9556
vn 0.2786 0.0957 -0.9556
vn 0.9124 -0.3371 0.2322
vn -0.9124 0.3371 -0.2322
vn -0.3000 -0.9366 -0.1813
vn 0.3000 0.9366 0.1813
v -1.675888 -12.189383 -0.049113
v -1.737965 -12.569623 -0.172275
v -1.253138 -12.306225 0.098537
v -1.315215 -12.686465 -0.024625
v -1.715147 -12.213262 0.044398
v -1.777225 -12.593502 -0.078765
v -1.292397 -12.330104 0.192048
v -1.354475 -12.710344 0.068885
vn -0.3768 -0.2292 0.8975
vn 0.3768 0.2292 -0.8975
vn 0.9135 -0.2525 0.3190
vn -0.9135 0.2525 -0.3190
vn -0.1535 -0.9401 -0.3045
vn 0.1535 0.9401 0.3045
v 9.752590 -1.844657 0.071701
v 10.560252 -2.957710 0.545437
v 10.259659 -1.532305 -0.058913
v 11.067321 -2.645358 0.414823
v 9.752366 -1.814782 0.142274
v 10.560028 -2.927835 0.616010
v 10.259435 -1.502430 0.011661
v 11.067097 -2.615484 0.485397
vn -0.0029 0.3898 0.9209
vn 0.0029 -0.3898 -0.9209
vn 0.8317 0.5123 -0.2142
vn -0.8317 -0.5123 0.2142
vn 0.5553 -0.7652 0.3257
vn -0.5553 0.7652 -0.3257
v -14.243196 14.215590 -0.248779
v -15.249536 15.139608 0.307732
v -14.367574 14.010203 -0.132675
v -15.373915 14.934222 0.423835
v -14.197155 14.225484 -0.181953
v -15.203496 15.149503 0.374557
v -14.321534 14.020098 -0.065850
v -15.327874 14.944117 0.490660
vn 0.5632 0.1210 0.8174
vn -0.5632 -0.1210 -0.8174
vn -0.4663 -0.7701 0.4353
vn 0.4664 0.7701 -0.4353
vn -0.6822 0.6264 0.3772
vn 0.6822 -0.6264 -0.3772
vn -0.4664 -0.7701 0.4353
vn 0.4663 0.7701 -0.4353
v -17.369379 13.381405 0.113336
v -16.926954 13.317380 -0.044847
v -17.309036 13.842398 0.095522
v -16.866611 13.778373 -0.062661
v -17.358551 13.381162 0.143718
v -16.916126 13.317137 -0.014466
v -17.298208 13.842155 0.125903
v -16.855783 13.778130 -0.032280
vn 0.3357 -0.0075 0.9419
vn -0.3357 0.0075 -0.9419
vn 0.1297 0.9908 -0.0383
vn -0.1297 -0.9908 0.0383
vn 0.9330 -0.1350 -0.3336
vn -0.9330 0.1350 0.3336
v -2.833221 15.500485 0.300935
v -1.265831 15.451262 -0.210526
v -2.833460 15.722150 0.278869
v -1.266070 15.672926 -0.232592
v -2.803667 15.509447 0.390642
v -1.236277 15.460223 -0.120820
v -2.803906 15.731112 0.368576
v -1.236516 15.681888 -0.142886
vn 0.3115 0.0945 0.9455
vn -0.3115 -0.0945 -0.9455
vn -0.0011 0.9951 -0.0991
vn 0.0011 -0.9951 0.0990
vn 0.9502 -0.0298 -0.3101
vn -0.9502 0.0298 0.3101
vn -0.0011 0.9951 -0.0990
vn 0.0011 -0.9951 0.0991
v 14.712093 8.357312 0.128784
v 15.270950 8.773050 -0.032835
v 14.450667 8.695040 0.093553
v 15.009524 9.110778 -0.068066
v 14.723731 8.375361 0.215452
v 15.282588 8.791100 0.053833
v 14.462305 8.713089 0.180221
v 15.021162 9.128827 0.018602
vn 0.1303 0.2021 0.9706
vn -0.1303 -0.2021 -0.9706
vn -0.6100 0.7881 -0.0822
vn 0.6100 -0.7881 0.0822
vn 0.7816 0.5814 -0.2260
vn -0.7816 -0.5814 0.2261
vn -0.7816 -0.5814 0.2260
v 3.792877 -12.052733 0.179778
v 4.610711 -12.526897 -0.126531
v 4.137815 -11.608875 0.413660
v 4.955649 -12.083039 0.107351
v 3.796981 -12.101363 0.266014
v 4.614815 -12.575527 -0.040295
v 4.141919 -11.657505 0.499896
v 4.959753 -12.131669 0.193587
vn 0.0414 -0.4908 0.8703
vn -0.0414 0.4908 -0.8703
vn 0.5665 0.7290 0.3841
vn -0.5665 -0.7290 -0.3841
vn 0.8230 -0.4772 -0.3082
vn -0.8230 0.4772 0.3082
vn 0.8230 -0.4772 -0.3083
v 10.425412 14.957895 0.029310
v 10.515400 14.573419 0.060715
v 10.722606 15.019621 -0.066586
v 10.812593 14.635144 -0.035181
v 10.454832 14.973023 0.130222
v 10.544820 14.588547 0.161626
v 10.752026 15.034749 0.034326
v 10.842013 14.650272 0.065730
vn 0.2770 0.1425 0.9502
vn -0.2770 -0.1425 -0.9502
vn 0.9336 0.1939 -0.3013
vn -0.9336 -0.1939 0.3013
vn 0.2272 -0.9706 0.0793
vn -0.2272 0.9706 -0.0793
v -7.467674 10.949455 -0.101560
v -6.460503 11.061062 -0.015766
v -7.504733 11.217924 -0.015758
v -6.497561 11.329531 0.070035
v -7.472591 10.916721 -0.001259
v -6.465419 11.028328 0.084534
v -7.509649 11.185190 0.084542
v -6.502478 11.296797 0.170335
vn -0.0465 -0.3099 0.9496
vn 0.0465 0.3099 -0.9496
vn -0.1304 0.9444 0.3018
vn 0.1304 -0.9444 -0.3018
vn 0.9904 0.1097 0.0844
vn -0.9904 -0.1097 -0.0844
v -6.533066 -13.790085 -0.155335
v -5.786810 -13.597342 0.117824
v -6.565068 -13.626330 -0.183455
v -5.818812 -13.433588 0.089704
v -6.566024 -13.782040 -0.070973
v -5.819768 -13.589297 0.202186
v -6.598026 -13.618285 -0.099093
v -5.851770 -13.425543 0.174067
vn -0.3625 0.0885 0.9278
vn 0.3625 -0.0885 -0.9278
vn -0.1891 0.9678 -0.1662
vn 0.1891 -0.9678 0.1662
vn 0.9126 0.2357 0.3340
vn -0.9126 -0.2357 -0.3340
vn 0.9126 0.2357 0.3341
vn -0.9126 -0.2357 -0.3341
v 18.052696 -10.318610 -0.343489
v 16.775961 -10.632725 0.264811
v 18.133894 -10.671429 -0.355255
v 16.857159 -10.985543 0.253045
v 18.100937 -10.311015 -0.238318
v 16.824202 -10.625130 0.369982
v 18.182135 -10.663834 -0.250085
v 16.905399 -10.977948 0.358215
vn 0.4160 0.0655 0.9070
vn -0.4160 -0.0655 -0.9070
vn 0.2242 -0.9740 -0.0325
vn -0.2242 0.9740 0.0325
vn -0.8813 -0.2168 0.4199
vn 0.8813 0.2168 -0.4199
v 8.249239 16.271608 0.190863
v 7.459711 15.386522 0.112728
v 8.327874 16.196648 0.245407
v 7.538347 15.311562 0.167273
v 8.237308 16.279745 0.219246
v 7.447780 15.394659 0.141111
v 8.315944 16.204784 0.273790
v 7.526416 15.319698 0.195656
vn -0.3746 0.2555 0.8913
vn 0.3746 -0.2555 -0.8913
vn 0.6469 -0.6166 0.4487
vn -0.6469 0.6166 -0.4487
vn -0.6642 -0.7446 -0.0658
vn 0.6642 0.7446 0.0657
vn -0.6642 -0.7446 -0.0657
vn 0.6642 0.7446 0.0658
v 13.266063 18.730307 -0.169160
v 13.302414 19.150892 0.038479
v 13.114889 18.739073 -0.160452
v 13.151241 19.159658 0.047187
v 13.268009 18.696798 -0.101628
v 13.304361 19.117384 0.106011
v 13.116837 18.705564 -0.092920
v 13.153188 19.126150 0.114719
vn 0.0258 -0.4443 0.8955
vn -0.0258 0.4443 -0.8955
vn -0.9967 0.0578 0.0574
vn 0.9967 -0.0578 -0.0574
vn 0.0773 0.8940 0.4413
vn -0.0773 -0.8940 -0.4414
v 12.985040 -5.233232 -0.054152
v 12.885854 -4.665441 0.178124
v 12.465585 -5.302131 -0.107550
v 12.366398 -4.734339 0.124726
v 12.983149 -5.249876 -0.014278
v 12.883962 -4.682084 0.217999
v 12.463693 -5.318774 -0.067675
v 12.364507 -4.750982 0.164601
vn -0.0437 -0.3848 0.9220
vn 0.0437 0.3848 -0.9220
vn -0.9862 -0.1308 -0.1014
vn 0.9862 0.1308 0.1014
vn -0.1596 0.9137 0.3738
vn 0.1596 -0.9137 -0.3738
v -8.772660 9.703826 0.344119
v -9.169892 8.659391 0.056029
v -8.625310 9.644306 0.356726
v -9.022542 8.599872 0.068637
v -8.785567 9.687884 0.419709
v -9.182799 8.643450 0.131619
v -8.638217 9.628365 0.432316
v -9.035449 8.583930 0.144227
vn -0.1648 -0.2035 0.9651
vn 0.1648 0.2035 -0.9651
vn 0.9243 -0.3734 0.0791
vn -0.9243 0.3734 -0.0791
vn -0.3442 -0.9051 -0.2497
vn 0.3442 0.9051 0.2497
vn -0.3442 -0.9051 -0.2496
v -5.093171 19.599842 -0.154031
v -4.615371 18.167458 0.556780
v -4.725888 19.649895 -0.300054
v -4.248089 18.217508 0.410757
v -5.062271 19.658735 -0.056127
v -4.584472 18.226349 0.654684
v -4.694989 19.708786 -0.202149
v -4.217189 18.276402 0.508661
vn 0.2611 0.4976 0.8272
vn -0.2611 -0.4976 -0.8272
vn 0.9219 0.1256 -0.3665
vn -0.9219 -0.1256 0.3665
vn 0.2863 -0.8583 0.4259
vn -0.2863 0.8583 -0.4259
v -11.147067 17.416765 0.221419
v -11.729537 18.036194 0.376123
v -11.276133 17.288778 0.247939
v -11.858603 17.908205 0.402643
v -11.122721 17.413729 0.325247
v -11.705191 18.033155 0.479951
v -11.251786 17.285740 0.351767
v -11.834256 17.905169 0.506471
vn 0.2282 -0.0285 0.9732
vn -0.2282 0.0285 -0.9732
vn -0.7026 -0.6968 0.1444
vn 0.7026 0.6968 -0.1444
vn -0.6740 0.7167 0.1790
vn 0.6740 -0.7167 -0.1790
v 11.882595 -6.562973 0.219618
v 12.752059 -7.859713 0.018335
v 12.167030 -6.368520 0.195532
v 13.036494 -7.665261 -0.005751
v 11.893260 -6.568475 0.301140
v 12.762724 -7.865216 0.099857
v 12.177695 -6.374023 0.277053
v 13.047159 -7.670763 0.075771
vn 0.1294 -0.0668 0.9893
vn -0.1294 0.0668 -0.9893
vn 0.8235 0.5630 -0.0697
vn -0.8235 -0.5630 0.0697
vn 0.5523 -0.8238 -0.1279
vn -0.5523 0.8238 0.1279
v -5.433594 -8.435170 0.160886
v -3.900684 -8.606963 -0.491370
v -5.394798 -8.254432 0.204459
v -3.861889 -8.426225 -0.447798
v -5.415094 -8.450603 0.208426
v -3.882185 -8.622396 -0.443830
v -5.376299 -8.269864 0.251999
v -3.843390 -8.441657 -0.400257
vn 0.3471 -0.2896 0.8920
vn -0.3471 0.2896 -0.8920
vn 0.2043 0.9516 0.2294
vn -0.2043 -0.9516 -0.2294
vn 0.9153 -0.1026 -0.3895
vn -0.9153 0.1026 0.3895
v 11.427771 18.663906 -0.324794
v 12.926686 19.064875 0.208705
v 11.378876 18.870274 -0.342520
v 12.877790 19.271242 0.190979
v 11.411640 18.663973 -0.279523
v 12.910555 19.064941 0.253976
v 11.362744 18.870340 -0.297249
v 12.861660 19.271309 0.236250
vn -0.3356 0.0014 0.9420
vn 0.3356 -0.0014 -0.9420
vn -0.2297 0.9697 -0.0833
vn 0.2297 -0.9697 0.0832
vn 0.9135 0.2444 0.3251
vn -0.9135 -0.2444 -0.3252
vn -0.2298 0.9697 -0.0832
vn 0.2298 -0.9697 0.0833
vn 0.9135 0.2444 0.3252
v 0.319746 -2.551118 0.129447
v 0.718867 -1.779218 0.098041
v 0.086399 -2.424719 0.270609
v 0.485519 -1.652820 0.239204
v 0.352220 -2.565212 0.195747
v 0.751341 -1.793312 0.164341
v 0.118872 -2.438813 0.336909
v 0.517993 -1.666913 0.305504
vn 0.4321 -0.1875 0.8821
vn -0.4321 0.1875 -0.8821
vn -0.7763 0.4205 0.4696
vn 0.7763 -0.4205 -0.4696
vn 0.4590 0.8877 -0.0361
vn -0.4590 -0.8877 0.0361
v -15.687159 6.762632 0.001398
v -15.426639 7.023488 0.194126
v -15.846369 6.928136 -0.007398
v -15.585849 7.188992 0.185330
v -15.698424 6.753276 0.029290
v -15.437904 7.014132 0.222018
v -15.857635 6.918781 0.020494
v -15.597115 7.179636 0.213222
vn -0.3576 -0.2970 0.8854
vn 0.3576 0.2970 -0.8854
vn -0.6928 0.7201 -0.0383
vn 0.6928 -0.7201 0.0383
vn 0.6263 0.6271 0.4633
vn -0.6262 -0.6270 -0.4633
vn -0.6928 0.7202 -0.0383
vn 0.6262 0.6271 0.4633
vn -0.6263 -0.6271 -0.4633
v 7.921787 12.775194 0.436445
v 6.897758 12.118706 -0.197088
v 8.221455 12.439111 0.300330
v 7.197425 11.782622 -0.333203
v 7.910520 12.745172 0.485768
v 6.886490 12.088683 -0.147764
v 8.210187 12.409088 0.349654
v 7.186157 11.752600 -0.283879
vn -0.1915 -0.5103 0.8384
vn 0.1915 0.5103 -0.8384
vn 0.6370 -0.7145 -0.2894
vn -0.6370 0.7145 0.2893
vn -0.7467 -0.4787 -0.4619
vn 0.7466 0.4787 0.4619
vn 0.6371 -0.7145 -0.2893
vn -0.6370 0.7145 0.2894
vn 0.7467 0.4787 0.4619
v -4.894720 3.207454 -0.138661
v -5.270450 4.327964 0.372374
v -5.330180 3.006951 -0.019199
v -5.705911 4.127461 0.491837
v -4.860170 3.181483 -0.056314
v -5.235901 4.301993 0.454722
v -5.295631 2.980980 0.063149
v -5.671361 4.101490 0.574185
vn 0.3715 -0.2793 0.8854
vn -0.3715 0.2793 -0.8854
vn -0.8814 -0.4058 0.2418
vn 0.8814 0.4058 -0.2418
vn -0.2918 0.8702 0.3969
vn 0.2918 -0.8702 -0.3969
v -9.685678 -1.953599 0.350683
v -9.318469 -3.530706 -0.015602
v -9.221449 -1.872596 0.467309
v -8.854240 -3.449703 0.101024
v -9.693777 -1.964776 0.390686
v -9.326569 -3.541883 0.024400
v -9.229548 -1.883772 0.507312
v -8.862340 -3.460879 0.141027
vn -0.1914 -0.2641 0.9453
vn 0.1914 0.2641 -0.9453
vn 0.9563 0.1669 0.2402
vn -0.9563 -0.1669 -0.2402
vn 0.2212 -0.9499 -0.2206
vn -0.2212 0.9499 0.2206
vn 0.9563 0.1668 0.2402
v -18.008240 -0.300629 0.280378
v -16.858740 -1.024967 0.022669
v -17.866438 -0.079535 0.291449
v -16.716938 -0.803872 0.033740
v -17.996330 -0.312614 0.367187
v -16.846830 -1.036952 0.109478
v -17.854528 -0.091520 0.378258
v -16.705029 -0.815857 0.120548
vn 0.1347 -0.1355 0.9816
vn -0.1347 0.1355 -0.9816
vn 0.5394 0.8410 0.0421
vn -0.5394 -0.8410 -0.0421
vn 0.8312 -0.5238 -0.1864
vn -0.8312 0.5238 0.1864
v 6.523507 -9.334862 0.442675
v 7.636709 -8.711035 -0.126285
v 6.308653 -9.055823 0.328248
v 7.421855 -8.431997 -0.240712
v 6.528167 -9.321547 0.466392
v 7.641369 -8.697721 -0.102568
v 6.313314 -9.042509 0.351965
v 7.426516 -8.418682 -0.216995
vn 0.1689 0.4825 0.8595
vn -0.1689 -0.4825 -0.8595
vn -0.5802 0.7535 -0.3090
vn 0.5802 -0.7536 0.3090
vn 0.7967 0.4465 -0.4073
vn -0.7968 -0.4465 0.4072
vn -0.5802 0.7536 -0.3090
vn 0.5802 -0.7535 0.3091
vn 0.7968 0.4465 -0.4072
vn -0.7967 -0.4465 0.4073
v 3.380250 -9.707412 0.114908
v 3.810911 -9.339993 -0.025232
v 3.297410 -9.589504 0.169464
v 3.728071 -9.222086 0.029325
v 3.396202 -9.712597 0.150336
v 3.826863 -9.345179 0.010197
v 3.313363 -9.594689 0.204893
v 3.744024 -9.227271 0.064753
vn 0.4070 -0.1323 0.9038
vn -0.4070 0.1323 -0.9038
vn -0.5376 0.7652 0.3541
vn 0.5376 -0.7652 -0.3541
vn 0.7385 0.6300 -0.2403
vn -0.7385 -0.6300 0.2403
v 9.145221 11.174499 0.056969
v 9.288570 11.863123 0.196031
v 8.972747 11.211299 0.052529
v 9.116096 11.899923 0.191592
v 9.143085 11.168402 0.089359
v 9.286435 11.857026 0.228422
v 8.970612 11.205202 0.084920
v 9.113961 11.893826 0.223982
vn -0.0646 -0.1846 0.9807
vn 0.0646 0.1846 -0.9807
vn -0.9777 0.2086 -0.0252
vn 0.9777 -0.2086 0.0252
vn 0.1999 0.9604 0.1940
vn -0.1999 -0.9604 -0.1940
vn 0.1999 0.9604 0.1939
v -2.120412 -7.135806 0.270453
v -2.902984 -8.293178 -0.121593
v -1.651678 -7.371834 0.031590
v -2.434251 -8.529206 -0.360456
v -2.113654 -7.149426 0.297171
v -2.896227 -8.306797 -0.094875
v -1.644921 -7.385454 0.058308
v -2.427493 -8.542826 -0.333738
vn 0.2198 -0.4430 0.8691
vn -0.2198 0.4430 -0.8691
vn 0.8129 -0.4093 -0.4142
vn -0.8129 0.4093 0.4143
vn -0.5393 -0.7976 -0.2701
vn 0.5393 0.7976 0.2701
vn 0.8129 -0.4093 -0.4143
vn -0.8129 0.4093 0.4142
vn -0.5393 -0.7976 -0.2702
vn 0.5393 0.7976 0.2702
v -0.811904 18.077267 0.241787
v 0.168923 17.124439 -0.130828
v -0.490775 18.413237 0.227966
v 0.490052 17.460409 -0.144649
v -0.805507 18.072363 0.271167
v 0.175320 17.119535 -0.101448
v -0.484379 18.408333 0.257346
v 0.496448 17.455505 -0.115269
vn 0.2100 -0.1610 0.9644
vn -0.2100 0.1610 -0.9644
vn 0.6906 0.7226 -0.0297
vn -0.6906 -0.7226 0.0298
vn 0.6920 -0.6723 -0.2629
vn -0.6920 0.6723 0.2629
vn 0.6906 0.7226 -0.0299
vn 0.6921 -0.6723 -0.2628
vn -0.6921 0.6723 0.2628
v -4.847213 -6.084563 -0.048678
v -3.172394 -5.600864 0.210333
v -5.033771 -5.477031 0.023088
v -3.358952 -4.993332 0.282099
v -4.851245 -6.090104 -0.012256
v -3.176427 -5.606405 0.246756
v -5.037803 -5.482572 0.059510
v -3.362985 -4.998873 0.318522
vn -0.1088 -0.1495 0.9828
vn 0.1088 0.1495 -0.9828
vn -0.2917 0.9499 0.1122
vn 0.2917 -0.9499 -0.1122
vn 0.9503 0.2745 0.1470
vn -0.9503 -0.2745 -0.1470
v 12.419286 1.149369 0.189728
v 10.743152 0.688531 0.016462
v 12.459076 0.970593 0.280305
v 10.782942 0.509755 0.107040
v 12.411201 1.165480 0.225080
v 10.735067 0.704643 0.051814
v 12.450992 0.986704 0.315657
v 10.774858 0.525867 0.142391
vn -0.2037 0.4060 0.8909
vn 0.2037 -0.4060 -0.8909
vn 0.1947 -0.8750 0.4433
vn -0.1947 0.8750 -0.4433
vn -0.9595 -0.2638 -0.0992
vn 0.9595 0.2638 0.0992
v 6.612603 4.287166 0.118595
v 7.243738 4.358515 0.077723
v 6.599594 4.387926 0.093604
v 7.230729 4.459275 0.052733
v 6.615652 4.308453 0.202836
v 7.246787 4.379802 0.161964
v 6.602643 4.409213 0.177846
v 7.233778 4.480562 0.136974
vn 0.0351 0.2448 0.9689
vn -0.0351 -0.2448 -0.9689
vn -0.1243 0.9631 -0.2388
vn 0.1243 -0.9631 0.2389
vn 0.9916 0.1121 -0.0642
vn -0.9916 -0.1121 0.0642
vn -0.1243 0.9631 -0.2389
vn 0.1243 -0.9631 0.2388
v -1.035959 13.243526 0.292954
v 0.358939 13.712284 -0.086843
v -1.162920 13.685776 0.372499
v 0.231978 14.154534 -0.007298
v -1.015514 13.237277 0.360328
v 0.379383 13.706036 -0.019469
v -1.142475 13.679527 0.439873
v 0.252422 14.148285 0.060076
vn 0.2892 -0.0884 0.9532
vn -0.2892 0.0884 -0.9532
vn -0.2719 0.9471 0.1703
vn 0.2719 -0.9471 -0.1704
vn 0.9178 0.3084 -0.2499
vn -0.9178 -0.3084 0.2499
vn 0.2719 -0.9471 -0.1703
v 10.894391 14.851074 -0.160395
v 11.735374 14.566586 0.238876
v 11.012340 15.362739 -0.044257
v 11.853323 15.078251 0.355014
v 10.864695 14.844746 -0.102354
v 11.705678 14.560258 0.296917
v 10.982643 15.356411 0.013783
v 11.823627 15.071922 0.413054
vn -0.4534 -0.0966 0.8861
vn 0.4534 0.0966 -0.8861
vn 0.2193 0.9514 0.2160
vn -0.2193 -0.9514 -0.2160
vn 0.8639 -0.2922 0.4102
vn -0.8639 0.2922 -0.4102
vn -0.2193 -0.9515 -0.2159
vn 0.8639 -0.2923 0.4102
v -18.628574 -3.521347 0.329003
v -17.482515 -3.504698 -0.085479
v -18.617418 -3.379981 0.365527
v -17.471361 -3.363333 -0.048955
v -18.612009 -3.534353 0.374281
v -17.465952 -3.517704 -0.040201
v -18.600855 -3.392987 0.410805
v -17.454796 -3.376338 -0.003676
vn 0.3317 -0.2604 0.9067
vn -0.3317 0.2604 -0.9067
vn 0.0762 0.9654 0.2494
vn -0.0762 -0.9654 -0.2494
vn 0.9403 0.0137 -0.3401
vn -0.9403 -0.0137 0.3401
vn 0.9403 0.0136 -0.3401
vn -0.9403 -0.0136 0.3401
v 0.131578 -5.399931 0.125152
v -0.381402 -5.122488 0.369586
v -0.191833 -5.828984 -0.066579
v -0.704813 -5.551541 0.177854
v 0.135497 -5.413383 0.148644
v -0.377484 -5.135940 0.393077
v -0.187914 -5.842436 -0.043088
v -0.700894 -5.564992 0.201346
vn 0.1433 -0.4918 0.8589
vn -0.1433 0.4918 -0.8589
vn -0.5669 -0.7521 -0.3361
vn 0.5669 0.7521 0.3361
vn -0.8112 0.4387 0.3865
vn 0.8112 -0.4387 -0.3866
vn -0.8112 0.4387 0.3866
vn 0.8112 -0.4388 -0.3865
v -13.632828 4.620413 0.393216
v -14.863966 5.438799 0.250959
v -13.693297 4.518307 0.329137
v -14.924436 5.336693 0.186879
v -13.647998 4.604490 0.432903
v -14.879136 5.422876 0.290646
v -13.708467 4.502384 0.368824
v -14.939606 5.320770 0.226566
vn -0.3343 -0.3509 0.8747
vn 0.3343 0.3509 -0.8747
vn -0.4484 -0.7571 -0.4751
vn 0.4484 0.7571 0.4751
vn -0.8290 0.5510 -0.0958
vn 0.8290 -0.5510 0.0958
v -5.158979 -7.632520 -0.173930
v -4.959041 -7.701499 -0.100279
v -4.978637 -7.062229 -0.129388
v -4.778698 -7.131208 -0.055737
v -5.183966 -7.630094 -0.103827
v -4.984028 -7.699073 -0.030176
v -5.003623 -7.059803 -0.059284
v -4.803685 -7.128782 0.014367
vn -0.3356 0.0326 0.9415
vn 0.3356 -0.0326 -0.9415
vn 0.3007 0.9508 0.0743
vn -0.3007 -0.9508 -0.0743
vn 0.8927 -0.3080 0.3289
vn -0.8927 0.3080 -0.3289
v -0.805897 -15.974048 -0.017940
v -1.019500 -14.484146 0.113482
v -1.125741 -16.026283 0.054411
v -1.339343 -14.536383 0.185833
v -0.793601 -15.976898 0.034362
v -1.007203 -14.486997 0.165784
v -1.113444 -16.029135 0.106714
v -1.327046 -14.539233 0.238136
vn 0.2285 -0.0530 0.9721
vn -0.2285 0.0530 -0.9721
vn -0.9632 -0.1573 0.2179
vn 0.9632 0.1573 -0.2179
vn -0.1414 0.9861 0.0870
vn 0.1414 -0.9861 -0.0870
vn -0.1414 0.9861 0.0871
vn 0.1414 -0.9861 -0.0869
v 5.491418 2.410426 0.000719
v 6.555788 2.054411 0.210229
v 5.628342 2.968097 0.252744
v 6.692712 2.612083 0.462254
v 5.476001 2.392545 0.048660
v 6.540371 2.036531 0.258171
v 5.612925 2.950217 0.300685
v 6.677295 2.594203 0.510196
vn -0.2885 -0.3346 0.8971
vn 0.2885 0.3346 -0.8971
vn 0.2183 0.8893 0.4019
vn -0.2183 -0.8893 -0.4019
vn 0.9323 -0.3118 0.1835
vn -0.9323 0.3118 -0.1835
v 16.627605 9.167335 0.263821
v 16.602432 9.801433 0.204374
v 16.099138 9.123711 0.022280
v 16.073965 9.757808 -0.037167
v 16.579874 9.175099 0.366851
v 16.554701 9.809196 0.307404
v 16.051407 9.131474 0.125310
v 16.026234 9.765573 0.065863
vn -0.4194 0.0682 0.9052
vn 0.4194 -0.0682 -0.9052
vn -0.9070 -0.0749 -0.4145
vn 0.9070 0.0749 0.4145
vn -0.0395 0.9949 -0.0933
vn 0.0395 -0.9949 0.0933
v 2.395620 -6.938775 0.153389
v 1.175247 -8.087872 -0.096166
v 2.798784 -7.335753 0.009762
v 1.578411 -8.484851 -0.239793
v 2.397864 -6.948156 0.185615
v 1.177490 -8.097253 -0.063940
v 2.801027 -7.345134 0.041988
v 1.580654 -8.494231 -0.207567
vn 0.0667 -0.2789 0.9580
vn -0.0667 0.2789 -0.9580
vn 0.6906 -0.6800 -0.2461
vn -0.6907 0.6801 0.2460
vn -0.7201 -0.6781 -0.1473
vn 0.7201 0.6781 0.1473
vn 0.6907 -0.6801 -0.2460
vn -0.6906 0.6801 0.2460
vn -0.7201 -0.6781 -0.1472
vn 0.7201 0.6781 0.1472
v 9.259294 -4.020318 0.276692
v 10.348901 -3.746350 -0.059063
v 9.210923 -3.837938 0.268535
v 10.300530 -3.563970 -0.067220
v 9.269254 -4.016076 0.312475
v 10.358861 -3.742109 -0.023280
v 9.220883 -3.833696 0.304318
v 10.310491 -3.559728 -0.031437
vn 0.2664 0.1135 0.9572
vn -0.2664 -0.1135 -0.9572
vn -0.2561 0.9657 -0.0432
vn 0.2561 -0.9657 0.0432
vn 0.9292 0.2336 -0.2863
vn -0.9292 -0.2336 0.2863
v 14.336216 -6.426259 0.288250
v 15.181968 -7.407842 -0.267423
v 14.770213 -6.103145 0.378035
v 15.615965 -7.084728 -0.177639
v 14.347616 -6.465804 0.375458
v 15.193368 -7.447387 -0.180215
v 14.781613 -6.142691 0.465243
v 15.627365 -7.124274 -0.090431
vn 0.1182 -0.4101 0.9044
vn -0.1182 0.4101 -0.9044
vn 0.7913 0.5891 0.1637
vn -0.7913 -0.5891 -0.1637
vn 0.5999 -0.6963 -0.3941
vn -0.5999 0.6962 0.3941
vn -0.5999 0.6963 0.3941
v -4.112964 0.164497 0.293382
v -4.195846 1.168293 0.294288
v -4.610190 0.123617 0.100450
v -4.693072 1.127412 0.101356
v -4.139279 0.162263 0.361674
v -4.222161 1.166059 0.362581
v -4.636505 0.121382 0.168742
v -4.719387 1.125178 0.169648
vn -0.3594 -0.0305 0.9327
vn 0.3594 0.0305 -0.9327
vn -0.9296 -0.0764 -0.3607
vn 0.9296 0.0764 0.3607
vn -0.0823 0.9966 0.0009
vn 0.0823 -0.9966 -0.0009
v 14.201475 4.916134 -0.154443
v 13.588262 4.813996 0.004575
v 14.269360 4.578901 -0.109271
v 13.656146 4.476762 0.049747
v 14.217916 4.929047 -0.082750
v 13.604702 4.826909 0.076268
v 14.285800 4.591814 -0.037578
v 13.672586 4.489675 0.121440
vn 0.2202 0.1729 0.9600
vn -0.2202 -0.1729 -0.9600
vn 0.1957 -0.9720 0.1302
vn -0.1957 0.9720 -0.1302
vn -0.9556 -0.1592 0.2478
vn 0.9556 0.1592 -0.2478
v 10.847192 8.654140 -0.011005
v 10.672091 8.070007 0.215104
v 11.173033 8.537406 -0.060245
v 10.997931 7.953272 0.165863
v 10.858640 8.667642 0.032741
v 10.683538 8.083508 0.258849
v 11.184480 8.550907 -0.016500
v 11.009379 7.966774 0.209609
vn 0.2426 0.2861 0.9270
vn -0.2426 -0.2861 -0.9270
vn 0.9320 -0.3339 -0.1409
vn -0.9320 0.3339 0.1408
vn -0.2692 -0.8981 0.3476
vn 0.2692 0.8981 -0.3477
vn 0.9320 -0.3339 -0.1408
vn -0.2692 -0.8982 0.3476
vn 0.2692 0.8982 -0.3476
v 18.487078 -10.360579 -0.035328
v 18.624962 -10.602169 -0.117953
v 18.599953 -10.312896 0.013618
v 18.737839 -10.554487 -0.069008
v 18.478352 -10.378366 0.002123
v 18.616238 -10.619958 -0.080502
v 18.591228 -10.330685 0.051069
v 18.729113 -10.572275 -0.031556
vn -0.2059 -0.4199 0.8839
vn 0.2059 0.4198 -0.8839
vn 0.8554 0.3614 0.3710
vn -0.8555 -0.3614 -0.3709
vn 0.4752 -0.8325 -0.2847
vn -0.4752 0.8326 0.2847
vn -0.2059 -0.4198 0.8839
vn 0.8555 0.3614 0.3709
vn -0.8555 -0.3614 -0.3710
vn 0.4752 -0.8325 -0.2848
vn -0.4752 0.8325 0.2848
v 11.730894 -7.533904 -0.138141
v 11.026270 -7.222628 0.124599
v 11.704431 -7.640736 -0.082544
v 10.999807 -7.329460 0.180196
v 11.761999 -7.511815 -0.080890
v 11.057376 -7.200539 0.181849
v 11.735537 -7.618647 -0.025293
v 11.030912 -7.307371 0.237446
vn 0.4521 0.3211 0.8322
vn -0.4521 -0.3211 -0.8322
vn -0.2146 -0.8664 0.4509
vn 0.2146 0.8664 -0.4509
vn -0.8657 0.3825 0.3228
vn 0.8657 -0.3825 -0.3228
vn -0.8658 0.3824 0.3228
v 12.751482 14.449784 0.353613
v 12.221144 15.598695 -0.205280
v 12.231243 14.270031 0.477755
v 11.700905 15.418941 -0.081138
v 12.756830 14.495018 0.441525
v 12.226492 15.643929 -0.117368
v 12.236591 14.315265 0.565667
v 11.706253 15.464175 0.006774
vn 0.0540 0.4569 0.8879
vn -0.0540 -0.4569 -0.8879
vn -0.9220 -0.3186 0.2200
vn 0.9220 0.3186 -0.2200
vn -0.3834 0.8305 -0.4040
vn 0.3834 -0.8305 0.4040
v -18.548786 -2.983043 -0.097703
v -18.149719 -2.982950 0.009221
v -18.606108 -2.459856 0.115780
v -18.207041 -2.459762 0.222703
v -18.575209 -3.026192 0.000949
v -18.176142 -3.026099 0.107872
v -18.632530 -2.503004 0.214432
v -18.233463 -2.502911 0.321355
vn -0.2383 -0.3892 0.8898
vn 0.2383 0.3892 -0.8898
vn -0.1009 0.9212 0.3759
vn 0.1009 -0.9212 -0.3759
vn 0.9659 0.0002 0.2588
vn -0.9659 -0.0002 -0.2588
v -6.020491 17.986422 0.120645
v -5.837402 17.881161 0.015289
v -5.853532 18.281595 0.115879
v -5.670444 18.176334 0.010523
v -5.992272 17.971493 0.184599
v -5.809184 17.866232 0.079243
v -5.825314 18.266666 0.179832
v -5.642225 18.161406 0.074476
vn 0.3948 -0.2089 0.8947
vn -0.3948 0.2089 -0.8947
vn 0.4923 0.8703 -0.0140
vn -0.4923 -0.8703 0.0140
vn 0.7758 -0.4460 -0.4464
vn -0.7758 0.4460 0.4464
v 12.568872 -2.100966 0.041059
v 10.835869 -2.546569 0.162212
v 12.632092 -2.320209 0.138990
v 10.899088 -2.765811 0.260144
v 12.564312 -2.053597 0.150051
v 10.831308 -2.499199 0.271204
v 12.627531 -2.272839 0.247982
v 10.894527 -2.718442 0.369136
vn -0.0383 0.3983 0.9165
vn 0.0383 -0.3983 -0.9165
vn 0.2546 -0.8830 0.3944
vn -0.2546 0.8830 -0.3944
vn -0.9663 -0.2485 0.0676
vn 0.9663 0.2485 -0.0676
v -5.469222 -15.680321 -0.093066
v -5.992640 -15.482889 0.148671
v -5.552903 -15.857943 -0.129188
v -6.076321 -15.660512 0.112549
v -5.455046 -15.695815 -0.049716
v -5.978463 -15.498384 0.192021
v -5.538726 -15.873438 -0.085837
v -6.062144 -15.676006 0.155900
vn 0.2943 -0.3217 0.9000
vn -0.2943 0.3217 -0.9000
vn -0.4192 -0.8897 -0.1809
vn 0.4192 0.8897 0.1809
vn -0.8589 0.3240 0.3966
vn 0.8589 -0.3240 -0.3967
vn 0.2943 -0.3217 0.8999
vn -0.4192 -0.8897 -0.1810
vn 0.4191 0.8897 0.1810
vn -0.8589 0.3240 0.3967
v 5.430385 16.742870 0.029688
v 5.631101 16.768126 0.075739
v 5.388422 16.916197 0.117528
v 5.589138 16.941452 0.163580
v 5.414426 16.688698 0.128955
v 5.615141 16.713953 0.175006
v 5.372463 16.862024 0.216796
v 5.573179 16.887280 0.262847
vn -0.1397 -0.4743 0.8692
vn 0.1397 0.4743 -0.8692
vn -0.2111 0.8719 0.4418
vn 0.2111 -0.8719 -0.4419
vn 0.9674 0.1217 0.2220
vn -0.9674 -0.1217 -0.2220
vn -0.2111 0.8719 0.4419
vn 0.2111 -0.8719 -0.4418
v 0.135947 6.067122 0.242033
v -0.534732 6.439880 -0.144741
v 0.083799 5.941370 0.211264
v -0.586880 6.314126 -0.175510
v 0.086222 6.066737 0.327886
v -0.584457 6.439494 -0.058888
v 0.034074 5.940983 0.297117
v -0.636605 6.313741 -0.089657
vn -0.5012 -0.0039 0.8653
vn 0.5012 0.0039 -0.8653
vn -0.3736 -0.9010 -0.2205
vn 0.3736 0.9010 0.2205
vn -0.7805 0.4338 -0.4501
vn 0.7805 -0.4338 0.4501
vn 0.3736 0.9010 0.2204
v 8.051295 -4.537613 0.176065
v 7.886887 -4.255235 0.293283
v 7.802114 -4.638539 0.069697
v 7.637705 -4.356162 0.186916
v 8.036914 -4.574502 0.244760
v 7.872505 -4.292125 0.361978
v 7.787732 -4.675429 0.138392
v 7.623323 -4.393051 0.255610
vn -0.1814 -0.4653 0.8664
vn 0.1814 0.4653 -0.8664
vn -0.8619 -0.3491 -0.3679
vn 0.8619 0.3491 0.3679
vn -0.4736 0.8134 0.3377
vn 0.4736 -0.8134 -0.3377
v -7.051953 -2.699456 0.143975
v -7.226180 -4.042179 0.379844
v -6.922858 -2.722697 0.107030
v -7.097085 -4.065420 0.342899
v -7.033842 -2.691562 0.202292
v -7.208069 -4.034285 0.438161
v -6.904747 -2.714803 0.165347
v -7.078974 -4.057526 0.401216
vn 0.2941 0.1282 0.9471
vn -0.2941 -0.1282 -0.9471
vn 0.9473 -0.1705 -0.2711
vn -0.9473 0.1705 0.2711
vn -0.1268 -0.9770 0.1716
vn 0.1268 0.9770 -0.1716
v 0.126214 13.505723 -0.016666
v 1.176617 13.301934 -0.009524
v 0.247578 14.136446 0.130821
v 1.297981 13.932656 0.137963
v 0.124375 13.497525 0.019905
v 1.174778 13.293736 0.027047
v 0.245739 14.128247 0.167393
v 1.296142 13.924459 0.174535
vn -0.0490 -0.2185 0.9746
vn 0.0490 0.2185 -0.9746
vn 0.1842 0.9571 0.2238
vn -0.1842 -0.9571 -0.2238
vn 0.9817 -0.1905 0.0067
vn -0.9817 0.1905 -0.0067
v 12.468185 -2.884410 0.200375
v 13.550699 -3.526646 -0.037971
v 12.722935 -2.438274 0.155250
v 13.805449 -3.080511 -0.083096
v 12.479683 -2.885418 0.255312
v 13.562197 -3.527655 0.016966
v 12.734432 -2.439283 0.210187
v 13.816946 -3.081519 -0.028159
vn 0.2048 -0.0180 0.9786
vn -0.2048 0.0180 -0.9786
vn 0.4940 0.8651 -0.0875
vn -0.4940 -0.8651 0.0875
vn 0.8450 -0.5013 -0.1860
vn -0.8450 0.5013 0.1861
vn 0.8450 -0.5013 -0.1861
v 14.747084 -15.265819 0.056260
v 14.254071 -15.338863 0.261316
v 14.858068 -15.674263 0.177604
v 14.365055 -15.747308 0.382659
v 14.783499 -15.225663 0.158117
v 14.290486 -15.298708 0.363172
v 14.894483 -15.634108 0.279460
v 14.401470 -15.707152 0.484516
vn 0.3156 0.3480 0.8828
vn -0.3156 -0.3480 -0.8828
vn 0.2521 -0.9276 0.2756
vn -0.2521 0.9276 -0.2756
vn -0.9148 -0.1355 0.3805
vn 0.9148 0.1355 -0.3805
v 8.125536 -4.354378 -0.114304
v 9.301763 -3.407211 0.586873
v 7.982201 -4.124914 -0.183825
v 9.158427 -3.177747 0.517352
v 8.067470 -4.359175 -0.010417
v 9.243695 -3.412008 0.690759
v 7.924135 -4.129710 -0.079939
v 9.100361 -3.182543 0.621238
vn -0.4875 -0.0403 0.8722
vn 0.4875 0.0403 -0.8722
vn -0.5131 0.8214 -0.2489
vn 0.5131 -0.8214 0.2489
vn 0.7064 0.5689 0.4211
vn -0.7064 -0.5689 -0.4211
v 13.346446 11.397325 -0.022094
v 12.016027 12.202361 0.236200
v 13.278645 11.270526 0.023872
v 11.948226 12.075562 0.282165
v 13.369132 11.411517 0.050522
v 12.038713 12.216554 0.308816
v 13.301331 11.284719 0.096488
v 11.970912 12.089755 0.354781
vn 0.2931 0.1834 0.9383
vn -0.2931 -0.1834 -0.9383
vn -0.4491 -0.8400 0.3045
vn 0.4491 0.8400 -0.3045
vn -0.8440 0.5107 0.1639
vn 0.8440 -0.5107 -0.1639
vn -0.4492 -0.8400 0.3045
vn 0.4492 0.8400 -0.3045
v -0.985572 13.466408 0.210727
v -2.089580 13.970334 0.044470
v -1.179016 12.945477 -0.083681
v -2.283024 13.449404 -0.249938
v -1.015001 13.429728 0.294967
v -2.119009 13.933654 0.128709
v -1.208444 12.908797 0.000559
v -2.312453 13.412724 -0.165699
vn -0.3050 -0.3802 0.8732
vn 0.3050 0.3802 -0.8732
vn -0.3076 -0.8284 -0.4682
vn 0.3076 0.8284 0.4682
vn -0.9013 0.4114 -0.1357
vn 0.9013 -0.4114 0.1357
vn 0.3076 0.8284 0.4681
v 7.267702 16.082407 -0.014326
v 8.901467 16.756660 0.085634
v 7.035243 16.608080 0.239247
v 8.669008 17.282333 0.339207
v 7.277652 16.045647 0.071001
v 8.911418 16.719900 0.170961
v 7.045193 16.571320 0.324574
v 8.678958 17.245573 0.424535
vn 0.1065 -0.3934 0.9132
vn -0.1065 0.3934 -0.9132
vn -0.3700 0.8368 0.4036
vn 0.3700 -0.8368 -0.4036
vn 0.9229 0.3809 0.0565
vn -0.9229 -0.3809 -0.0565
v -13.100776 19.199856 -0.024059
v -14.479782 18.333256 0.594317
v -13.039408 19.133089 0.019226
v -14.418414 18.266489 0.637602
v -13.100087 19.217665 0.002434
v -14.479094 18.351065 0.620810
v -13.038719 19.150898 0.045719
v -14.417726 18.284298 0.664095
vn 0.0216 0.5577 0.8297
vn -0.0216 -0.5577 -0.8297
vn 0.6107 -0.6645 0.4307
vn -0.6107 0.6645 -0.4307
vn -0.7916 -0.4974 0.3549
vn 0.7916 0.4974 -0.3549
vn -0.0216 -0.5578 -0.8297
vn 0.6107 -0.6644 0.4309
vn -0.6107 0.6644 -0.4308
vn -0.7915 -0.4975 0.3550
vn 0.7916 0.4975 -0.3549
v 19.318388 12.711347 0.173820
v 18.761114 12.100122 0.298916
v 19.442701 12.578588 0.078948
v 18.885429 11.967364 0.204045
v 19.354229 12.693416 0.245876
v 18.796957 12.082191 0.370973
v 19.478544 12.560658 0.151004
v 18.921270 11.949433 0.276101
vn 0.4347 -0.2175 0.8739
vn -0.4347 0.2175 -0.8739
vn 0.6060 -0.6472 -0.4625
vn -0.6060 0.6472 0.4625
vn -0.6662 -0.7307 0.1495
vn 0.6662 0.7307 -0.1496
vn 0.6662 0.7307 -0.1495
v 3.012735 8.160005 -0.384822
v 3.064055 6.628213 0.171728
v 3.237683 8.150735 -0.431078
v 3.289004 6.618943 0.125471
v 3.024446 8.179658 -0.331810
v 3.075766 6.647867 0.224740
v 3.249394 8.170388 -0.378066
v 3.300714 6.638597 0.178483
vn 0.2028 0.3404 0.9181
vn -0.2028 -0.3404 -0.9181
vn 0.9787 -0.0403 -0.2013
vn -0.9787 0.0403 0.2013
vn 0.0315 -0.9394 0.3413
vn -0.0315 0.9394 -0.3413
v 4.437609 -6.670077 -0.156258
v 4.829360 -5.867665 0.311097
v 4.099710 -6.461109 -0.231804
v 4.491461 -5.658696 0.235550
v 4.422248 -6.682530 -0.122001
v 4.813999 -5.880118 0.345354
v 4.084349 -6.473562 -0.197548
v 4.476100 -5.671149 0.269807
vn -0.3883 -0.3148 0.8661
vn 0.3883 0.3148 -0.8661
vn -0.8355 0.5167 -0.1868
vn 0.8355 -0.5167 0.1868
vn 0.3887 0.7962 0.4637
vn -0.3887 -0.7962 -0.4637
v 8.770498 0.835963 0.021637
v 8.847981 1.147979 0.170949
v 8.181946 0.938666 0.112440
v 8.259430 1.250683 0.261753
v 8.772303 0.822779 0.048249
v 8.849787 1.134796 0.197562
v 8.183751 0.925483 0.139053
v 8.261234 1.237500 0.288365
vn 0.0607 -0.4431 0.8944
vn -0.0607 0.4431 -0.8944
vn -0.9739 0.1700 0.1503
vn 0.9739 -0.1699 -0.1503
vn 0.2186 0.8802 0.4212
vn -0.2186 -0.8802 -0.4212
vn -0.9739 0.1700 0.1502
vn 0.9739 -0.1700 -0.1502
v 1.247702 3.059540 0.012602
v -0.150032 2.325808 0.493802
v 1.327201 2.851346 -0.073932
v -0.070533 2.117614 0.407268
v 1.283666 3.041370 0.089360
v -0.114068 2.307638 0.570560
v 1.363165 2.833175 0.002826
v -0.034569 2.099443 0.484026
vn 0.4149 -0.2096 0.8854
vn -0.4149 0.2096 -0.8854
vn 0.3325 -0.8709 -0.3620
vn -0.3325 0.8709 0.3620
vn -0.8469 -0.4446 0.2916
vn 0.8469 0.4446 -0.2916
v 0.427584 -7.295919 0.170301
v 0.095647 -6.910926 0.167037
v 0.084315 -7.592677 0.076405
v -0.247622 -7.207685 0.073141
v 0.420737 -7.301461 0.212850
v 0.088800 -6.916469 0.209586
v 0.077468 -7.598220 0.118954
v -0.254469 -7.213227 0.115690
vn -0.1576 -0.1276 0.9792
vn 0.1576 0.1276 -0.9792
vn -0.7408 -0.6404 -0.2026
vn 0.7408 0.6404 0.2026
vn -0.6530 0.7574 -0.0064
vn 0.6530 -0.7573 0.0064
vn -0.6530 0.7573 -0.0064
v 17.496185 -8.737216 0.071962
v 16.854166 -7.717439 -0.234408
v 17.180414 -8.929968 0.092095
v 16.538395 -7.910191 -0.214275
v 17.488056 -8.714073 0.166034
v 16.846037 -7.694295 -0.140337
v 17.172285 -8.906824 0.186166
v 16.530266 -7.887047 -0.120204
vn -0.0836 0.2381 0.9676
vn 0.0836 -0.2381 -0.9676
vn -0.8523 -0.5202 0.0543
vn 0.8523 0.5202 -0.0543
vn -0.5164 0.8202 -0.2464
vn 0.5164 -0.8202 0.2464
vn -0.8523 -0.5203 0.0543
vn 0.8523 0.5203 -0.0543
vn -0.5163 0.8202 -0.2464
vn 0.5163 -0.8202 0.2464
v -8.848808 -15.341293 -0.031796
v -9.565741 -14.506714 0.461971
v -9.127668 -15.572995 -0.045062
v -9.844601 -14.738416 0.448705
v -8.833687 -15.362834 0.026568
v -9.550619 -14.528255 0.520335
v -9.112547 -15.594536 0.013302
v -9.829479 -14.759956 0.507069
vn 0.2362 -0.3364 0.9116
vn -0.2362 0.3364 -0.9116
vn -0.7686 -0.6386 -0.0366
vn 0.7686 0.6386 0.0366
vn -0.5945 0.6920 0.4095
vn 0.5945 -0.6920 -0.4095
vn -0.7686 -0.6386 -0.0365
vn -0.5945 0.6921 0.4094
v 12.703416 9.450662 0.228775
v 11.821561 9.036823 -0.100698
v 13.020296 8.955254 0.002889
v 12.138440 8.541414 -0.326583
v 12.697518 9.424988 0.276810
v 11.815662 9.011148 -0.052663
v 13.014398 8.929579 0.050925
v 12.132543 8.515740 -0.278548
vn -0.1077 -0.4686 0.8768
vn 0.1077 0.4686 -0.8768
vn 0.5030 -0.7864 -0.3585
vn -0.5030 0.7864 0.3585
vn -0.8576 -0.4024 -0.3204
vn 0.8576 0.4024 0.3204
vn 0.5030 -0.7864 -0.3586
vn -0.5030 0.7864 0.3586
v -10.942575 2.286314 0.657436
v -10.765257 1.117461 0.233675
v -10.546888 2.396204 0.519898
v -10.369570 1.227352 0.096137
v -10.906448 2.261345 0.741423
v -10.729130 1.092493 0.317662
v -10.510761 2.371236 0.603885
v -10.333443 1.202383 0.180124
vn 0.3812 -0.2634 0.8862
vn -0.3812 0.2634 -0.8862
vn 0.9137 0.2537 -0.3176
vn -0.9137 -0.2537 0.3176
vn 0.1412 -0.9307 -0.3374
vn -0.1412 0.9307 0.3374
v 12.316690 -11.551261 -0.086884
v 12.794460 -12.246895 0.205814
v 12.826069 -11.169319 -0.010608
v 13.303839 -11.864953 0.282089
v 12.284428 -11.529214 0.018175
v 12.762197 -12.224848 0.310873
v 12.793806 -11.147272 0.094450
v 13.271576 -11.842906 0.387148
vn -0.2878 0.1967 0.9373
vn 0.2878 -0.1967 -0.9373
vn 0.7944 0.5956 0.1190
vn -0.7944 -0.5957 -0.1189
vn 0.5349 -0.7788 0.3277
vn -0.5349 0.7788 -0.3277
vn -0.7944 -0.5956 -0.1190
v 8.743126 9.659437 0.080190
v 8.190835 9.517479 0.022781
v 8.789452 9.508679 0.007304
v 8.237161 9.366722 -0.050105
v 8.744836 9.616066 0.170985
v 8.192545 9.474109 0.113576
v 8.791162 9.465309 0.098100
v 8.238871 9.323351 0.040691
vn 0.0170 -0.4310 0.9022
vn -0.0170 0.4310 -0.9022
vn 0.2666 -0.8677 -0.4195
vn -0.2666 0.8677 0.4195
vn -0.9636 -0.2477 -0.1002
vn 0.9636 0.2477 0.1002
v 18.219194 16.919601 0.154070
v 17.450985 16.482334 0.031609
v 18.458858 16.546377 -0.016714
v 17.690647 16.109112 -0.139175
v 18.225639 16.883892 0.241147
v 17.457428 16.446627 0.118686
v 18.465302 16.510670 0.070364
v 17.697092 16.073402 -0.052097
vn 0.0683 -0.3785 0.9231
vn -0.0683 0.3785 -0.9231
vn 0.5042 -0.7852 -0.3593
vn -0.5042 0.7853 0.3593
vn -0.8609 -0.4900 -0.1373
vn 0.8609 0.4900 0.1372
vn 0.5043 -0.7853 -0.3593
vn -0.8609 -0.4900 -0.1372
v -9.982877 -1.913957 0.156847
v -9.096292 -1.133630 0.619840
v -10.136761 -1.700167 0.091199
v -9.250175 -0.919840 0.554191
v -9.995146 -1.915023 0.182137
v -9.108561 -1.134696 0.645130
v -10.149030 -1.701232 0.116488
v -9.262444 -0.920905 0.579481
vn -0.4362 -0.0379 0.8991
vn 0.4362 0.0379 -0.8991
vn -0.5668 0.7875 -0.2418
vn 0.5669 -0.7875 0.2418
vn 0.6989 0.6151 0.3650
vn -0.6989 -0.6151 -0.3650
vn -0.5669 0.7875 -0.2418
v -2.020962 13.248229 -0.123491
v -2.192122 12.851933 -0.106248
v -1.578439 13.066772 0.098722
v -1.749600 12.670476 0.115964
v -2.051709 13.264760 -0.048760
v -2.222870 12.868464 -0.031517
v -1.609187 13.083302 0.173453
v -1.780348 12.687007 0.190695
vn -0.3728 0.2004 0.9060
vn 0.3728 -0.2004 -0.9060
vn 0.8391 -0.3441 0.4214
vn -0.8391 0.3441 -0.4213
vn -0.3962 -0.9173 0.0399
vn 0.3962 0.9173 -0.0399
vn 0.8391 -0.3441 0.4213
vn -0.8391 0.3441 -0.4214
v -17.314249 8.118866 0.133740
v -16.926947 8.252169 -0.034216
v -17.475313 8.737016 0.252940
v -17.088013 8.870318 0.084984
v -17.270691 8.111911 0.228660
v -16.883390 8.245214 0.060704
v -17.431757 8.730061 0.347861
v -17.044455 8.863363 0.179905
vn 0.4161 -0.0664 0.9069
vn -0.4161 0.0664 -0.9069
vn -0.2479 0.9513 0.1835
vn 0.2479 -0.9513 -0.1834
vn 0.8749 0.3011 -0.3794
vn -0.8749 -0.3011 0.3794
vn -0.2479 0.9513 0.1834
v -18.026314 9.672342 0.140652
v -18.525185 8.115432 0.074592
v -17.561583 9.526031 0.079357
v -18.060452 7.969121 0.013297
v -18.016556 9.665370 0.231282
v -18.515425 8.108459 0.165223
v -17.551823 9.519059 0.169987
v -18.050694 7.962149 0.103928
vn 0.1067 -0.0763 0.9914
vn -0.1067 0.0763 -0.9914
vn 0.9464 -0.2979 -0.1248
vn -0.9464 0.2979 0.1248
vn -0.3049 -0.9515 -0.0404
vn 0.3049 0.9515 0.0404
v 8.352885 10.699642 -0.193144
v 8.638610 9.684236 0.183945
v 8.603757 10.781467 -0.162898
v 8.889481 9.766061 0.214190
v 8.344620 10.711183 -0.155806
v 8.630343 9.695776 0.221283
v 8.595490 10.793008 -0.125560
v 8.881215 9.777601 0.251529
vn -0.2069 0.2889 0.9347
vn 0.2069 -0.2889 -0.9347
vn 0.9445 0.3081 0.1139
vn -0.9445 -0.3081 -0.1139
vn 0.2551 -0.9064 0.3367
vn -0.2551 0.9064 -0.3367
vn 0.2551 -0.9064 0.3366
vn -0.2551 0.9065 -0.3366
v -17.428442 2.390524 -0.249448
v -16.497044 3.401722 0.374084
v -17.830898 2.765241 -0.255971
v -16.899500 3.776440 0.367561
v -17.458891 2.359488 -0.153632
v -16.527493 3.370686 0.469901
v -17.861347 2.734205 -0.160154
v -16.929949 3.745404 0.463378
vn -0.2894 -0.2950 0.9106
vn 0.2894 0.2950 -0.9106
vn -0.7318 0.6814 -0.0119
vn 0.7318 -0.6814 0.0119
vn 0.6170 0.6699 0.4130
vn -0.6170 -0.6699 -0.4130
v -16.431084 15.288477 0.068519
v -16.365282 14.792366 0.174224
v -16.115137 15.322019 0.029267
v -16.049337 14.825908 0.134971
v -16.420134 15.313210 0.177786
v -16.354334 14.817100 0.283490
v -16.104189 15.346752 0.138533
v -16.038387 14.850641 0.244238
vn 0.0973 0.2197 0.9707
vn -0.0973 -0.2197 -0.9707
vn 0.9869 0.1048 -0.1226
vn -0.9869 -0.1048 0.1226
vn 0.1286 -0.9699 0.2067
vn -0.1286 0.9699 -0.2067
vn 0.1286 -0.9699 0.2066
v 0.769312 2.136785 -0.032660
v 1.357163 2.702318 0.201582
v 0.482554 2.360609 0.146602
v 1.070405 2.926143 0.380843
v 0.774518 2.118435 -0.001422
v 1.362369 2.683968 0.232820
v 0.487760 2.342259 0.177840
v 1.075611 2.907793 0.412082
vn 0.1422 -0.5013 0.8535
vn -0.1422 0.5013 -0.8535
vn -0.7071 0.5519 0.4420
vn 0.7071 -0.5519 -0.4420
vn 0.6927 0.6664 0.2760
vn -0.6927 -0.6664 -0.2760
usemtl rust
s 0
f 1//1 4//1 3//1
f 7//2 6//2 5//2
f 5//3 2//3 1//3
f 4//4 7//4 3//4
f 3//5 5//5 1//5
f 6//6 4//6 2//6
f 1//1 2//1 4//1
f 7//2 8//2 6//2
f 5//3 6//3 2//3
f 4//4 8//4 7//4
f 3//5 7//5 5//5
f 6//6 8//6 4//6
f 9//7 12//7 11//7
f 15//8 14//8 13//8
f 9//9 14//9 10//9
f 11//10 16//10 15//10
f 11//11 13//11 9//11
f 10//12 16//12 12//12
f 9//7 10//7 12//7
f 15//8 16//8 14//8
f 9//9 13//9 14//9
f 11//10 12//10 16//10
f 11//11 15//11 13//11
f 10//12 14//12 16//12
f 18//13 19//13 17//13
f 21//14 24//14 22//14
f 21//15 18//15 17//15
f 20//16 23//16 19//16
f 19//17 21//17 17//17
f 18//18 24//18 20//18
f 18//13 20//13 19//13
f 21//14 23//14 24//14
f 21//15 22//15 18//15
f 20//19 24//19 23//19
f 19//17 23//17 21//17
f 18//18 22//18 24//18
f 25//20 28//20 27//20
f 29//21 32//21 30//21
f 25//22 30//22 26//22
f 27//23 32//23 31//23
f 25//24 31//24 29//24
f 30//25 28//25 26//25
f 25//20 26//20 28//20
f 29//21 31//21 32//21
f 25//22 29//22 30//22
f 27//23 28//23 32//23
f 25//24 27//24 31//24
f 30//25 32//25 28//25
f 33//26 36//26 35//26
f 37//27 40//27 38//27
f 33//28 38//28 34//28
f 35//29 40//29 39//29
f 33//30 39//30 37//30
f 34//31 40//31 36//31
f 33//26 34//26 36//26
f 37//27 39//27 40//27
f 33//28 37//28 38//28
f 35//29 36//29 40//29
f 33//30 35//30 39//30
f 34//31 38//31 40//31
f 42//32 43//32 41//32
f 45//33 48//33 46//33
f 41//34 46//34 42//34
f 44//35 47//35 43//35
f 43//36 45//36 41//36
f 46//37 44//37 42//37
f 42//32 44//32 43//32
f 45//33 47//33 48//33
f 41//38 45//38 46//38
f 44//35 48//35 47//35
f 43//36 47//36 45//36
f 46//37 48//37 44//37
f 50//39 51//39 49//39
f 55//40 54//40 53//40
f 49//41 54//41 50//41
f 51//42 56//42 55//42
f 51//43 53//43 49//43
f 54//44 52//44 50//44
f 50//39 52//39 51//39
f 55//40 56//40 54//40
f 49//41 53//41 54//41
f 51//42 52//42 56//42
f 51//43 55//43 53//43
f 54//44 56//44 52//44
f 57//45 60//45 59//45
f 63//46 62//46 61//46
f 57//47 62//47 58//47
f 60//48 63//48 59//48
f 57//49 63//49 61//49
f 58//50 64//50 60//50
f 57//45 58//45 60//45
f 63//46 64//46 62//46
f 57//47 61//47 62//47
f 60//48 64//48 63//48
f 57//49 59//49 63//49
f 58//50 62//50 64//50
f 66//51 67//51 65//51
f 71//52 70//52 69//52
f 65//53 70//53 66//53
f 67//54 72//54 71//54
f 67//55 69//55 65//55
f 70//56 68//56 66//56
f 66//51 68//51 67//51
f 71//52 72//52 70//52
f 65//53 69//53 70//53
f 67//54 68//54 72//54
f 67//57 71//57 69//57
f 70//58 72//58 68//58
f 73//59 76//59 75//59
f 77//60 80//60 78//60
f 77//61 74//61 73//61
f 76//62 79//62 75//62
f 75//63 77//63 73//63
f 74//64 80//64 76//64
f 73//65 74//65 76//65
f 77//66 79//66 80//66
f 77//61 78//61 74//61
f 76//67 80//67 79//67
f 75//68 79//68 77//68
f 74//69 78//69 80//69
f 82//70 83//70 81//70
f 85//71 88//71 86//71
f 85//72 82//72 81//72
f 83//73 88//73 87//73
f 83//74 85//74 81//74
f 86//75 84//75 82//75
f 82//70 84//70 83//70
f 85//71 87//71 88//71
f 85//72 86//72 82//72
f 83//73 84//73 88//73
f 83//74 87//74 85//74
f 86//75 88//75 84//75
f 90//76 91//76 89//76
f 95//77 94//77 93//77
f 89//78 94//78 90//78
f 92//79 95//79 91//79
f 89//80 95//80 93//80
f 90//81 96//81 92//81
f 90//76 92//76 91//76
f 95//77 96//77 94//77
f 89//78 93//78 94//78
f 92//79 96//79 95//79
f 89//82 91//82 95//82
f 90//83 94//83 96//83
f 98//84 99//84 97//84
f 103//85 102//85 101//85
f 97//86 102//86 98//86
f 99//87 104//87 103//87
f 99//88 101//88 97//88
f 102//89 100//89 98//89
f 98//90 100//90 99//90
f 103//85 104//85 102//85
f 97//86 101//86 102//86
f 99//87 100//87 104//87
f 99//88 103//88 101//88
f 102//89 104//89 100//89
f 106//91 107//91 105//91
f 111//92 110//92 109//92
f 109//93 106//93 105//93
f 108//94 111//94 107//94
f 107//95 109//95 105//95
f 110//96 108//96 106//96
f 106//91 108//91 107//91
f 111//92 112//92 110//92
f 109//93 110//93 106//93
f 108//94 112//94 111//94
f 107//95 111//95 109//95
f 110//96 112//96 108//96
f 114//97 115//97 113//97
f 119//98 118//98 117//98
f 117//99 114//99 113//99
f 115//100 120//100 119//100
f 113//101 119//101 117//101
f 114//102 120//102 116//102
f 114//97 116//97 115//97
f 119//98 120//98 118//98
f 117//99 118//99 114//99
f 115//100 116//100 120//100
f 113//103 115//103 119//103
f 114//102 118//102 120//102
f 122//104 123//104 121//104
f 127//105 126//105 125//105
f 121//106 126//106 122//106
f 123//107 128//107 127//107
f 123//108 125//108 121//108
f 126//109 124//109 122//109
f 122//104 124//104 123//104
f 127//105 128//105 126//105
f 121//106 125//106 126//106
f 123//107 124//107 128//107
f 123//110 127//110 125//110
f 126//111 128//111 124//111
f 129//112 132//112 131//112
f 133//113 136//113 134//113
f 133//114 130//114 129//114
f 132//115 135//115 131//115
f 129//116 135//116 133//116
f 130//117 136//117 132//117
f 129//112 130//112 132//112
f 133//113 135//113 136//113
f 133//114 134//114 130//114
f 132//115 136//115 135//115
f 129//118 131//118 135//118
f 130//119 134//119 136//119
f 137//120 140//120 139//120
f 141//121 144//121 142//121
f 137//122 142//122 138//122
f 139//123 144//123 143//123
f 139//124 141//124 137//124
f 142//125 140//125 138//125
f 137//120 138//120 140//120
f 141//121 143//121 144//121
f 137//122 141//122 142//122
f 139//123 140//123 144//123
f 139//124 143//124 141//124
f 142//125 144//125 140//125
f 146//126 147//126 145//126
f 151//127 150//127 149//127
f 145//128 150//128 146//128
f 147//129 152//129 151//129
f 147//130 149//130 145//130
f 146//131 152//131 148//131
f 146//126 148//126 147//126
f 151//127 152//127 150//127
f 145//128 149//128 150//128
f 147//129 148//129 152//129
f 147//130 151//130 149//130
f 146//132 150//132 152//132
f 154//133 155//133 153//133
f 159//134 158//134 157//134
f 153//135 158//135 154//135
f 155//136 160//136 159//136
f 153//137 159//137 157//137
f 154//138 160//138 156//138
f 154//133 156//133 155//133
f 159//134 160//134 158//134
f 153//135 157//135 158//135
f 155//136 156//136 160//136
f 153//139 155//139 159//139
f 154//140 158//140 160//140
f 161//141 164//141 163//141
f 165//142 168//142 166//142
f 161//143 166//143 162//143
f 163//144 168//144 167//144
f 161//145 167//145 165//145
f 162//146 168//146 164//146
f 161//141 162//141 164//141
f 165//142 167//142 168//142
f 161//143 165//143 166//143
f 163//144 164//144 168//144
f 161//147 163//147 167//147
f 162//148 166//148 168//148
f 169//149 172//149 171//149
f 175//150 174//150 173//150
f 173//151 170//151 169//151
f 172//152 175//152 171//152
f 169//153 175//153 173//153
f 170//154 176//154 172//154
f 169//149 170//149 172//149
f 175//150 176//150 174//150
f 173//155 174//155 170//155
f 172//156 176//156 175//156
f 169//157 171//157 175//157
f 170//158 174//158 176//158
f 178//159 179//159 177//159
f 183//160 182//160 181//160
f 177//161 182//161 178//161
f 180//162 183//162 179//162
f 177//163 183//163 181//163
f 182//164 180//164 178//164
f 178//159 180//159 179//159
f 183//160 184//160 182//160
f 177//165 181//165 182//165
f 180//166 184//166 183//166
f 177//163 179//163 183//163
f 182//164 184//164 180//164
f 186//167 187//167 185//167
f 191//168 190//168 189//168
f 185//169 190//169 186//169
f 187//170 192//170 191//170
f 185//171 191//171 189//171
f 190//172 188//172 186//172
f 186//173 188//173 187//173
f 191//168 192//168 190//168
f 185//169 189//169 190//169
f 187//170 188//170 192//170
f 185//171 187//171 191//171
f 190//172 192//172 188//172
f 194//174 195//174 193//174
f 199//175 198//175 197//175
f 193//176 198//176 194//176
f 196//177 199//177 195//177
f 193//178 199//178 197//178
f 198//179 196//179 194//179
f 194//174 196//174 195//174
f 199//175 200//175 198//175
f 193//180 197//180 198//180
f 196//177 200//177 199//177
f 193//181 195//181 199//181
f 198//182 200//182 196//182
f 202//183 203//183 201//183
f 207//184 206//184 205//184
f 205//185 202//185 201//185
f 203//186 208//186 207//186
f 201//187 207//187 205//187
f 206//188 204//188 202//188
f 202//183 204//183 203//183
f 207//184 208//184 206//184
f 205//185 206//185 202//185
f 203//186 204//186 208//186
f 201//187 203//187 207//187
f 206//188 208//188 204//188
f 209//189 212//189 211//189
f 213//190 216//190 214//190
f 209//191 214//191 210//191
f 212//192 215//192 211//192
f 211//193 213//193 209//193
f 214//194 212//194 210//194
f 209//195 210//195 212//195
f 213//196 215//196 216//196
f 209//191 213//191 214//191
f 212//192 216//192 215//192
f 211//193 215//193 213//193
f 214//194 216//194 212//194
f 218//197 219//197 217//197
f 221//198 224//198 222//198
f 217//199 222//199 218//199
f 219//200 224//200 223//200
f 217//201 223//201 221//201
f 222//202 220//202 218//202
f 218//197 220//197 219//197
f 221//198 223//198 224//198
f 217//199 221//199 222//199
f 219//200 220//200 224//200
f 217//201 219//201 223//201
f 222//202 224//202 220//202
f 226//203 227//203 225//203
f 231//204 230//204 229//204
f 225//205 230//205 226//205
f 227//206 232//206 231//206
f 227//207 229//207 225//207
f 230//208 228//208 226//208
f 226//203 228//203 227//203
f 231//204 232//204 230//204
f 225//205 229//205 230//205
f 227//206 228//206 232//206
f 227//207 231//207 229//207
f 230//208 232//208 228//208
f 234//209 235//209 233//209
f 239//210 238//210 237//210
f 237//211 234//211 233//211
f 236//212 239//212 235//212
f 233//213 239//213 237//213
f 238//214 236//214 234//214
f 234//209 236//209 235//209
f 239//210 240//210 238//210
f 237//211 238//211 234//211
f 236//212 240//212 239//212
f 233//213 235//213 239//213
f 238//214 240//214 236//214
f 241//215 244//215 243//215
f 247//216 246//216 245//216
f 241//217 246//217 242//217
f 243//218 248//218 247//218
f 241//219 247//219 245//219
f 246//220 244//220 242//220
f 241//215 242//215 244//215
f 247//216 248//216 246//216
f 241//217 245//217 246//217
f 243//218 244//218 248//218
f 241//219 243//219 247//219
f 246//220 248//220 244//220
f 250//221 251//221 249//221
f 255//222 254//222 253//222
f 253//223 250//223 249//223
f 251//224 256//224 255//224
f 249//225 255//225 253//225
f 250//226 256//226 252//226
f 250//221 252//221 251//221
f 255//222 256//222 254//222
f 253//223 254//223 250//223
f 251//227 252//227 256//227
f 249//225 251//225 255//225
f 250//226 254//226 256//226
f 257//228 260//228 259//228
f 263//229 262//229 261//229
f 261//230 258//230 257//230
f 260//231 263//231 259//231
f 259//232 261//232 257//232
f 262//233 260//233 258//233
f 257//228 258//228 260//228
f 263//229 264//229 262//229
f 261//230 262//230 258//230
f 260//231 264//231 263//231
f 259//234 263//234 261//234
f 262//233 264//233 260//233
f 266//235 267//235 265//235
f 269//236 272//236 270//236
f 269//237 266//237 265//237
f 268//238 271//238 267//238
f 265//239 271//239 269//239
f 266//240 272//240 268//240
f 266//235 268//235 267//235
f 269//236 271//236 272//236
f 269//237 270//237 266//237
f 268//238 272//238 271//238
f 265//239 267//239 271//239
f 266//240 270//240 272//240
f 273//241 276//241 275//241
f 279//242 278//242 277//242
f 273//243 278//243 274//243
f 276//244 279//244 275//244
f 273//245 279//245 277//245
f 274//246 280//246 276//246
f 273//241 274//241 276//241
f 279//242 280//242 278//242
f 273//247 277//247 278//247
f 276//248 280//248 279//248
f 273//245 275//245 279//245
f 274//246 278//246 280//246
f 282//249 283//249 281//249
f 287//250 286//250 285//250
f 285//251 282//251 281//251
f 283//252 288//252 287//252
f 281//253 287//253 285//253
f 286//254 284//254 282//254
f 282//249 284//249 283//249
f 287//250 288//250 286//250
f 285//251 286//251 282//251
f 283//252 284//252 288//252
f 281//253 283//253 287//253
f 286//254 288//254 284//254
f 289//255 292//255 291//255
f 295//256 294//256 293//256
f 293//257 290//257 289//257
f 292//258 295//258 291//258
f 289//259 295//259 293//259
f 294//260 292//260 290//260
f 289//255 290//255 292//255
f 295//256 296//256 294//256
f 293//257 294//257 290//257
f 292//258 296//258 295//258
f 289//259 291//259 295//259
f 294//260 296//260 292//260
f 298//261 299//261 297//261
f 303//262 302//262 301//262
f 301//263 298//263 297//263
f 300//264 303//264 299//264
f 299//265 301//265 297//265
f 302//266 300//266 298//266
f 298//261 300//261 299//261
f 303//262 304//262 302//262
f 301//263 302//263 298//263
f 300//264 304//264 303//264
f 299//265 303//265 301//265
f 302//266 304//266 300//266
f 306//267 307//267 305//267
f 311//268 310//268 309//268
f 309//269 306//269 305//269
f 308//270 311//270 307//270
f 305//271 311//271 309//271
f 306//272 312//272 308//272
f 306//267 308//267 307//267
f 311//268 312//268 310//268
f 309//269 310//269 306//269
f 308//270 312//270 311//270
f 305//271 307//271 311//271
f 306//272 310//272 312//272
f 314//273 315//273 313//273
f 317//274 320//274 318//274
f 313//275 318//275 314//275
f 315//276 320//276 319//276
f 313//277 319//277 317//277
f 314//278 320//278 316//278
f 314//273 316//273 315//273
f 317//274 319//274 320//274
f 313//275 317//275 318//275
f 315//276 316//276 320//276
f 313//277 315//277 319//277
f 314//279 318//279 320//279
f 321//280 324//280 323//280
f 325//281 328//281 326//281
f 325//282 322//282 321//282
f 323//283 328//283 327//283
f 323//284 325//284 321//284
f 322//285 328//285 324//285
f 321//280 322//280 324//280
f 325//281 327//281 328//281
f 325//282 326//282 322//282
f 323//283 324//283 328//283
f 323//284 327//284 325//284
f 322//285 326//285 328//285
f 330//286 331//286 329//286
f 335//287 334//287 333//287
f 329//288 334//288 330//288
f 332//289 335//289 331//289
f 331//290 333//290 329//290
f 330//291 336//291 332//291
f 330//286 332//286 331//286
f 335//287 336//287 334//287
f 329//288 333//288 334//288
f 332//289 336//289 335//289
f 331//290 335//290 333//290
f 330//291 334//291 336//291
f 337//292 340//292 339//292
f 343//293 342//293 341//293
f 341//294 338//294 337//294
f 340//295 343//295 339//295
f 339//296 341//296 337//296
f 342//297 340//297 338//297
f 337//292 338//292 340//292
f 343//293 344//293 342//293
f 341//298 342//298 338//298
f 340//299 344//299 343//299
f 339//300 343//300 341//300
f 342//301 344//301 340//301
f 346//302 347//302 345//302
f 351//303 350//303 349//303
f 349//304 346//304 345//304
f 348//305 351//305 347//305
f 347//306 349//306 345//306
f 350//307 348//307 346//307
f 346//302 348//302 347//302
f 351//303 352//303 350//303
f 349//304 350//304 346//304
f 348//305 352//305 351//305
f 347//306 351//306 349//306
f 350//307 352//307 348//307
f 353//308 356//308 355//308
f 357//309 360//309 358//309
f 353//310 358//310 354//310
f 356//311 359//311 355//311
f 355//312 357//312 353//312
f 354//313 360//313 356//313
f 353//308 354//308 356//308
f 357//309 359//309 360//309
f 353//310 357//310 358//310
f 356//311 360//311 359//311
f 355//312 359//312 357//312
f 354//313 358//313 360//313
f 362//314 363//314 361//314
f 365//315 368//315 366//315
f 361//316 366//316 362//316
f 363//317 368//317 367//317
f 363//318 365//318 361//318
f 366//319 364//319 362//319
f 362//314 364//314 363//314
f 365//315 367//315 368//315
f 361//320 365//320 366//320
f 363//317 364//317 368//317
f 363//318 367//318 365//318
f 366//319 368//319 364//319
f 370//321 371//321 369//321
f 375//322 374//322 373//322
f 369//323 374//323 370//323
f 371//324 376//324 375//324
f 371//325 373//325 369//325
f 374//326 372//326 370//326
f 370//321 372//321 371//321
f 375//322 376//322 374//322
f 369//323 373//323 374//323
f 371//324 372//324 376//324
f 371//325 375//325 373//325
f 374//326 376//326 372//326
f 378//327 379//327 377//327
f 383//328 382//328 381//328
f 377//329 382//329 378//329
f 380//330 383//330 379//330
f 379//331 381//331 377//331
f 382//332 380//332 378//332
f 378//327 380//327 379//327
f 383//328 384//328 382//328
f 377//329 381//329 382//329
f 380//330 384//330 383//330
f 379//331 383//331 381//331
f 382//333 384//333 380//333
f 386//334 387//334 385//334
f 389//335 392//335 390//335
f 389//336 386//336 385//336
f 387//337 392//337 391//337
f 385//338 391//338 389//338
f 386//339 392//339 388//339
f 386//334 388//334 387//334
f 389//335 391//335 392//335
f 389//336 390//336 386//336
f 387//337 388//337 392//337
f 385//340 387//340 391//340
f 386//339 390//339 392//339
f 393//341 396//341 395//341
f 399//342 398//342 397//342
f 397//343 394//343 393//343
f 395//344 400//344 399//344
f 393//345 399//345 397//345
f 394//346 400//346 396//346
f 393//341 394//341 396//341
f 399//342 400//342 398//342
f 397//347 398//347 394//347
f 395//348 396//348 400//348
f 393//345 395//345 399//345
f 394//346 398//346 400//346
f 402//349 403//349 401//349
f 407//350 406//350 405//350
f 405//351 402//351 401//351
f 404//352 407//352 403//352
f 403//353 405//353 401//353
f 402//354 408//354 404//354
f 402//349 404//349 403//349
f 407//350 408//350 406//350
f 405//351 406//351 402//351
f 404//352 408//352 407//352
f 403//353 407//353 405//353
f 402//354 406//354 408//354
f 409//355 412//355 411//355
f 413//356 416//356 414//356
f 413//357 410//357 409//357
f 411//358 416//358 415//358
f 409//359 415//359 413//359
f 410//360 416//360 412//360
f 409//355 410//355 412//355
f 413//356 415//356 416//356
f 413//361 414//361 410//361
f 411//358 412//358 416//358
f 409//359 411//359 415//359
f 410//360 414//360 416//360
f 417//362 420//362 419//362
f 423//363 422//363 421//363
f 421//364 418//364 417//364
f 420//365 423//365 419//365
f 419//366 421//366 417//366
f 422//367 420//367 418//367
f 417//362 418//362 420//362
f 423//363 424//363 422//363
f 421//364 422//364 418//364
f 420//365 424//365 423//365
f 419//366 423//366 421//366
f 422//367 424//367 420//367
f 426//368 427//368 425//368
f 431//369 430//369 429//369
f 429//370 426//370 425//370
f 427//371 432//371 431//371
f 425//372 431//372 429//372
f 426//373 432//373 428//373
f 426//368 428//368 427//368
f 431//369 432//369 430//369
f 429//370 430//370 426//370
f 427//371 428//371 432//371
f 425//372 427//372 431//372
f 426//373 430//373 432//373
f 433//374 436//374 435//374
f 439//375 438//375 437//375
f 433//376 438//376 434//376
f 435//377 440//377 439//377
f 435//378 437//378 433//378
f 438//379 436//379 434//379
f 433//374 434//374 436//374
f 439//375 440//375 438//375
f 433//376 437//376 438//376
f 435//380 436//380 440//380
f 435//378 439//378 437//378
f 438//379 440//379 436//379
f 442//381 443//381 441//381
f 447//382 446//382 445//382
f 445//383 442//383 441//383
f 444//384 447//384 443//384
f 443//385 445//385 441//385
f 442//386 448//386 444//386
f 442//381 444//381 443//381
f 447//382 448//382 446//382
f 445//383 446//383 442//383
f 444//384 448//384 447//384
f 443//385 447//385 445//385
f 442//386 446//386 448//386
f 450//387 451//387 449//387
f 453//388 456//388 454//388
f 449//389 454//389 450//389
f 452//390 455//390 451//390
f 449//391 455//391 453//391
f 454//392 452//392 450//392
f 450//387 452//387 451//387
f 453//388 455//388 456//388
f 449//389 453//389 454//389
f 452//390 456//390 455//390
f 449//391 451//391 455//391
f 454//392 456//392 452//392
f 458//393 459//393 457//393
f 463//394 462//394 461//394
f 457//395 462//395 458//395
f 459//396 464//396 463//396
f 459//397 461//397 457//397
f 458//398 464//398 460//398
f 458//393 460//393 459//393
f 463//394 464//394 462//394
f 457//395 461//395 462//395
f 459//396 460//396 464//396
f 459//397 463//397 461//397
f 458//398 462//398 464//398
f 466//399 467//399 465//399
f 471//400 470//400 469//400
f 465//401 470//401 466//401
f 467//402 472//402 471//402
f 467//403 469//403 465//403
f 470//404 468//404 466//404
f 466//399 468//399 467//399
f 471//400 472//400 470//400
f 465//401 469//401 470//401
f 467//402 468//402 472//402
f 467//403 471//403 469//403
f 470//404 472//404 468//404
f 474//405 475//405 473//405
f 477//406 480//406 478//406
f 473//407 478//407 474//407
f 475//408 480//408 479//408
f 475//409 477//409 473//409
f 474//410 480//410 476//410
f 474//405 476//405 475//405
f 477//406 479//406 480//406
f 473//407 477//407 478//407
f 475//408 476//408 480//408
f 475//409 479//409 477//409
f 474//410 478//410 480//410
f 482//411 483//411 481//411
f 487//412 486//412 485//412
f 481//413 486//413 482//413
f 483//414 488//414 487//414
f 481//415 487//415 485//415
f 486//416 484//416 482//416
f 482//411 484//411 483//411
f 487//412 488//412 486//412
f 481//413 485//413 486//413
f 483//414 484//414 488//414
f 481//415 483//415 487//415
f 486//416 488//416 484//416
f 490//417 491//417 489//417
f 495//418 494//418 493//418
f 493//419 490//419 489//419
f 491//420 496//420 495//420
f 489//421 495//421 493//421
f 490//422 496//422 492//422
f 490//417 492//417 491//417
f 495//418 496//418 494//418
f 493//419 494//419 490//419
f 491//420 492//420 496//420
f 489//421 491//421 495//421
f 490//422 494//422 496//422
f 497//423 500//423 499//423
f 501//424 504//424 502//424
f 501//425 498//425 497//425
f 500//426 503//426 499//426
f 497//427 503//427 501//427
f 502//428 500//428 498//428
f 497//423 498//423 500//423
f 501//424 503//424 504//424
f 501//425 502//425 498//425
f 500//426 504//426 503//426
f 497//427 499//427 503//427
f 502//428 504//428 500//428
f 505//429 508//429 507//429
f 511//430 510//430 509//430
f 509//431 506//431 505//431
f 507//432 512//432 511//432
f 507//433 509//433 505//433
f 506//434 512//434 508//434
f 505//429 506//429 508//429
f 511//430 512//430 510//430
f 509//435 510//435 506//435
f 507//436 508//436 512//436
f 507//433 511//433 509//433
f 506//434 510//434 512//434
f 514//437 515//437 513//437
f 519//438 518//438 517//438
f 517//439 514//439 513//439
f 516//440 519//440 515//440
f 515//441 517//441 513//441
f 514//442 520//442 516//442
f 514//437 516//437 515//437
f 519//438 520//438 518//438
f 517//439 518//439 514//439
f 516//440 520//440 519//440
f 515//441 519//441 517//441
f 514//442 518//442 520//442
f 521//443 524//443 523//443
f 527//444 526//444 525//444
f 525//445 522//445 521//445
f 524//446 527//446 523//446
f 521//447 527//447 525//447
f 522//448 528//448 524//448
f 521//443 522//443 524//443
f 527//444 528//444 526//444
f 525//449 526//449 522//449
f 524//450 528//450 527//450
f 521//447 523//447 527//447
f 522//448 526//448 528//448
f 530//451 531//451 529//451
f 535//452 534//452 533//452
f 533//453 530//453 529//453
f 532//454 535//454 531//454
f 529//455 535//455 533//455
f 530//456 536//456 532//456
f 530//451 532//451 531//451
f 535//452 536//452 534//452
f 533//453 534//453 530//453
f 532//454 536//454 535//454
f 529//455 531//455 535//455
f 530//457 534//457 536//457
f 538//458 539//458 537//458
f 543//459 542//459 541//459
f 541//460 538//460 537//460
f 539//461 544//461 543//461
f 539//462 541//462 537//462
f 542//463 540//463 538//463
f 538//458 540//458 539//458
f 543//459 544//459 542//459
f 541//460 542//460 538//460
f 539//461 540//461 544//461
f 539//464 543//464 541//464
f 542//463 544//463 540//463
f 546//465 547//465 545//465
f 551//466 550//466 549//466
f 549//467 546//467 545//467
f 547//468 552//468 551//468
f 547//469 549//469 545//469
f 550//470 548//470 546//470
f 546//465 548//465 547//465
f 551//466 552//466 550//466
f 549//467 550//467 546//467
f 547//468 548//468 552//468
f 547//469 551//469 549//469
f 550//470 552//470 548//470
f 553//471 556//471 555//471
f 557//472 560//472 558//472
f 553//473 558//473 554//473
f 555//474 560//474 559//474
f 555//475 557//475 553//475
f 558//476 556//476 554//476
f 553//471 554//471 556//471
f 557//472 559//472 560//472
f 553//473 557//473 558//473
f 555//474 556//474 560//474
f 555//475 559//475 557//475
f 558//476 560//476 556//476
f 562//477 563//477 561//477
f 567//478 566//478 565//478
f 565//479 562//479 561//479
f 564//480 567//480 563//480
f 561//481 567//481 565//481
f 562//482 568//482 564//482
f 562//477 564//477 563//477
f 567//478 568//478 566//478
f 565//479 566//479 562//479
f 564//480 568//480 567//480
f 561//483 563//483 567//483
f 562//484 566//484 568//484
f 569//485 572//485 571//485
f 573//486 576//486 574//486
f 569//487 574//487 570//487
f 571//488 576//488 575//488
f 569//489 575//489 573//489
f 574//490 572//490 570//490
f 569//485 570//485 572//485
f 573//486 575//486 576//486
f 569//487 573//487 574//487
f 571//488 572//488 576//488
f 569//489 571//489 575//489
f 574//490 576//490 572//490
f 578//491 579//491 577//491
f 583//492 582//492 581//492
f 581//493 578//493 577//493
f 579//494 584//494 583//494
f 577//495 583//495 581//495
f 582//496 580//496 578//496
f 578//491 580//491 579//491
f 583//492 584//492 582//492
f 581//493 582//493 578//493
f 579//494 580//494 584//494
f 577//497 579//497 583//497
f 582//498 584//498 580//498
f 585//499 588//499 587//499
f 589//500 592//500 590//500
f 585//501 590//501 586//501
f 587//502 592//502 591//502
f 585//503 591//503 589//503
f 590//504 588//504 586//504
f 585//499 586//499 588//499
f 589//500 591//500 592//500
f 585//501 589//501 590//501
f 587//502 588//502 592//502
f 585//503 587//503 591//503
f 590//504 592//504 588//504
f 594//505 595//505 593//505
f 597//506 600//506 598//506
f 593//507 598//507 594//507
f 595//508 600//508 599//508
f 595//509 597//509 593//509
f 598//510 596//510 594//510
f 594//505 596//505 595//505
f 597//506 599//506 600//506
f 593//507 597//507 598//507
f 595//508 596//508 600//508
f 595//509 599//509 597//509
f 598//510 600//510 596//510
f 602//511 603//511 601//511
f 607//512 606//512 605//512
f 605//513 602//513 601//513
f 604//514 607//514 603//514
f 603//515 605//515 601//515
f 602//516 608//516 604//516
f 602//511 604//511 603//511
f 607//512 608//512 606//512
f 605//513 606//513 602//513
f 604//514 608//514 607//514
f 603//517 607//517 605//517
f 602//516 606//516 608//516
f 610//518 611//518 609//518
f 613//519 616//519 614//519
f 609//520 614//520 610//520
f 611//521 616//521 615//521
f 611//522 613//522 609//522
f 610//523 616//523 612//523
f 610//518 612//518 611//518
f 613//519 615//519 616//519
f 609//520 613//520 614//520
f 611//521 612//521 616//521
f 611//522 615//522 613//522
f 610//523 614//523 616//523
f 618//524 619//524 617//524
f 623//525 622//525 621//525
f 617//526 622//526 618//526
f 619//527 624//527 623//527
f 617//528 623//528 621//528
f 618//529 624//529 620//529
f 618//524 620//524 619//524
f 623//525 624//525 622//525
f 617//526 621//526 622//526
f 619//527 620//527 624//527
f 617//528 619//528 623//528
f 618//529 622//529 624//529
f 625//530 628//530 627//530
f 629//531 632//531 630//531
f 629//532 626//532 625//532
f 627//533 632//533 631//533
f 625//534 631//534 629//534
f 630//535 628//535 626//535
f 625//530 626//530 628//530
f 629//531 631//531 632//531
f 629//532 630//532 626//532
f 627//533 628//533 632//533
f 625//534 627//534 631//534
f 630//535 632//535 628//535
f 633//536 636//536 635//536
f 637//537 640//537 638//537
f 633//538 638//538 634//538
f 636//539 639//539 635//539
f 635//540 637//540 633//540
f 638//541 636//541 634//541
f 633//536 634//536 636//536
f 637//537 639//537 640//537
f 633//538 637//538 638//538
f 636//539 640//539 639//539
f 635//540 639//540 637//540
f 638//541 640//541 636//541
f 641//542 644//542 643//542
f 645//543 648//543 646//543
f 645//544 642//544 641//544
f 643//545 648//545 647//545
f 643//546 645//546 641//546
f 642//547 648//547 644//547
f 641//542 642//542 644//542
f 645//543 647//543 648//543
f 645//548 646//548 642//548
f 643//549 644//549 648//549
f 643//550 647//550 645//550
f 642//547 646//547 648//547
f 649//551 652//551 651//551
f 653//552 656//552 654//552
f 649//553 654//553 650//553
f 651//554 656//554 655//554
f 651//555 653//555 649//555
f 654//556 652//556 650//556
f 649//551 650//551 652//551
f 653//552 655//552 656//552
f 649//553 653//553 654//553
f 651//554 652//554 656//554
f 651//555 655//555 653//555
f 654//556 656//556 652//556
f 658//557 659//557 657//557
f 661//558 664//558 662//558
f 661//559 658//559 657//559
f 660//560 663//560 659//560
f 657//561 663//561 661//561
f 658//562 664//562 660//562
f 658//557 660//557 659//557
f 661//558 663//558 664//558
f 661//563 662//563 658//563
f 660//560 664//560 663//560
f 657//564 659//564 663//564
f 658//565 662//565 664//565
f 666//566 667//566 665//566
f 671//567 670//567 669//567
f 669//568 666//568 665//568
f 668//569 671//569 667//569
f 665//570 671//570 669//570
f 666//571 672//571 668//571
f 666//566 668//566 667//566
f 671//567 672//567 670//567
f 669//572 670//572 666//572
f 668//573 672//573 671//573
f 665//570 667//570 671//570
f 666//574 670//574 672//574
f 673//575 676//575 675//575
f 677//576 680//576 678//576
f 677//577 674//577 673//577
f 676//578 679//578 675//578
f 675//579 677//579 673//579
f 674//580 680//580 676//580
f 673//575 674//575 676//575
f 677//576 679//576 680//576
f 677//577 678//577 674//577
f 676//578 680//578 679//578
f 675//579 679//579 677//579
f 674//580 678//580 680//580
f 681//581 684//581 683//581
f 685//582 688//582 686//582
f 685//583 682//583 681//583
f 684//584 687//584 683//584
f 683//585 685//585 681//585
f 682//586 688//586 684//586
f 681//581 682//581 684//581
f 685//582 687//582 688//582
f 685//587 686//587 682//587
f 684//584 688//584 687//584
f 683//585 687//585 685//585
f 682//586 686//586 688//586
f 690//588 691//588 689//588
f 695//589 694//589 693//589
f 693//590 690//590 689//590
f 691//591 696//591 695//591
f 691//592 693//592 689//592
f 690//593 696//593 692//593
f 690//588 692//588 691//588
f 695//589 696//589 694//589
f 693//590 694//590 690//590
f 691//591 692//591 696//591
f 691//592 695//592 693//592
f 690//593 694//593 696//593
f 698//594 699//594 697//594
f 703//595 702//595 701//595
f 701//596 698//596 697//596
f 700//597 703//597 699//597
f 699//598 701//598 697//598
f 702//599 700//599 698//599
f 698//594 700//594 699//594
f 703//595 704//595 702//595
f 701//600 702//600 698//600
f 700//601 704//601 703//601
f 699//602 703//602 701//602
f 702//603 704//603 700//603
f 706//604 707//604 705//604
f 711//605 710//605 709//605
f 709//606 706//606 705//606
f 707//607 712//607 711//607
f 705//608 711//608 709//608
f 710//609 708//609 706//609
f 706//604 708//604 707//604
f 711//605 712//605 710//605
f 709//606 710//606 706//606
f 707//607 708//607 712//607
f 705//608 707//608 711//608
f 710//609 712//609 708//609
f 714//610 715//610 713//610
f 717//611 720//611 718//611
f 713//612 718//612 714//612
f 716//613 719//613 715//613
f 715//614 717//614 713//614
f 718//615 716//615 714//615
f 714//610 716//610 715//610
f 717//611 719//611 720//611
f 713//612 717//612 718//612
f 716//613 720//613 719//613
f 715//616 719//616 717//616
f 718//615 720//615 716//615
f 721//617 724//617 723//617
f 727//618 726//618 725//618
f 725//619 722//619 721//619
f 723//620 728//620 727//620
f 723//621 725//621 721//621
f 722//622 728//622 724//622
f 721//617 722//617 724//617
f 727//618 728//618 726//618
f 725//623 726//623 722//623
f 723//624 724//624 728//624
f 723//625 727//625 725//625
f 722//626 726//626 728//626
f 729//627 732//627 731//627
f 735//628 734//628 733//628
f 729//629 734//629 730//629
f 731//630 736//630 735//630
f 731//631 733//631 729//631
f 734//632 732//632 730//632
f 729//627 730//627 732//627
f 735//628 736//628 734//628
f 729//633 733//633 734//633
f 731//630 732//630 736//630
f 731//634 735//634 733//634
f 734//635 736//635 732//635
f 737//636 740//636 739//636
f 743//637 742//637 741//637
f 741//638 738//638 737//638
f 739//639 744//639 743//639
f 739//640 741//640 737//640
f 742//641 740//641 738//641
f 737//636 738//636 740//636
f 743//637 744//637 742//637
f 741//638 742//638 738//638
f 739//639 740//639 744//639
f 739//640 743//640 741//640
f 742//641 744//641 740//641
f 745//642 748//642 747//642
f 749//643 752//643 750//643
f 749//644 746//644 745//644
f 748//645 751//645 747//645
f 747//646 749//646 745//646
f 750//647 748//647 746//647
f 745//642 746//642 748//642
f 749//643 751//643 752//643
f 749//644 750//644 746//644
f 748//645 752//645 751//645
f 747//646 751//646 749//646
f 750//647 752//647 748//647
f 753//648 756//648 755//648
f 759//649 758//649 757//649
f 753//650 758//650 754//650
f 756//651 759//651 755//651
f 755//652 757//652 753//652
f 758//653 756//653 754//653
f 753//648 754//648 756//648
f 759//649 760//649 758//649
f 753//654 757//654 758//654
f 756//655 760//655 759//655
f 755//652 759//652 757//652
f 758//653 760//653 756//653
f 761//656 764//656 763//656
f 765//657 768//657 766//657
f 765//658 762//658 761//658
f 764//659 767//659 763//659
f 763//660 765//660 761//660
f 766//661 764//661 762//661
f 761//656 762//656 764//656
f 765//657 767//657 768//657
f 765//658 766//658 762//658
f 764//662 768//662 767//662
f 763//660 767//660 765//660
f 766//661 768//661 764//661
f 770//663 771//663 769//663
f 775//664 774//664 773//664
f 769//665 774//665 770//665
f 772//666 775//666 771//666
f 769//667 775//667 773//667
f 774//668 772//668 770//668
f 770//663 772//663 771//663
f 775//664 776//664 774//664
f 769//665 773//665 774//665
f 772//669 776//669 775//669
f 769//670 771//670 775//670
f 774//668 776//668 772//668
f 777//671 780//671 779//671
f 781//672 784//672 782//672
f 781//673 778//673 777//673
f 780//674 783//674 779//674
f 777//675 783//675 781//675
f 782//676 780//676 778//676
f 777//671 778//671 780//671
f 781//672 783//672 784//672
f 781//673 782//673 778//673
f 780//674 784//674 783//674
f 777//677 779//677 783//677
f 782//678 784//678 780//678
f 786//679 787//679 785//679
f 791//680 790//680 789//680
f 789//681 786//681 785//681
f 787//682 792//682 791//682
f 787//683 789//683 785//683
f 790//684 788//684 786//684
f 786//679 788//679 787//679
f 791//680 792//680 790//680
f 789//681 790//681 786//681
f 787//682 788//682 792//682
f 787//685 791//685 789//685
f 790//686 792//686 788//686
f 793//687 796//687 795//687
f 799//688 798//688 797//688
f 793//689 798//689 794//689
f 795//690 800//690 799//690
f 795//691 797//691 793//691
f 798//692 796//692 794//692
f 793//687 794//687 796//687
f 799//688 800//688 798//688
f 793//689 797//689 798//689
f 795//690 796//690 800//690
f 795//691 799//691 797//691
f 798//692 800//692 796//692
f 801//693 804//693 803//693
f 805//694 808//694 806//694
f 805//695 802//695 801//695
f 803//696 808//696 807//696
f 801//697 807//697 805//697
f 806//698 804//698 802//698
f 801//693 802//693 804//693
f 805//694 807//694 808//694
f 805//695 806//695 802//695
f 803//696 804//696 808//696
f 801//697 803//697 807//697
f 806//698 808//698 804//698
f 810//699 811//699 809//699
f 813//700 816//700 814//700
f 813//701 810//701 809//701
f 812//702 815//702 811//702
f 811//703 813//703 809//703
f 814//704 812//704 810//704
f 810//699 812//699 811//699
f 813//700 815//700 816//700
f 813//701 814//701 810//701
f 812//702 816//702 815//702
f 811//705 815//705 813//705
f 814//706 816//706 812//706
f 817//707 820//707 819//707
f 823//708 822//708 821//708
f 821//709 818//709 817//709
f 820//710 823//710 819//710
f 819//711 821//711 817//711
f 818//712 824//712 820//712
f 817//707 818//707 820//707
f 823//708 824//708 822//708
f 821//709 822//709 818//709
f 820//710 824//710 823//710
f 819//711 823//711 821//711
f 818//712 822//712 824//712
f 826//713 827//713 825//713
f 829//714 832//714 830//714
f 825//715 830//715 826//715
f 828//716 831//716 827//716
f 827//717 829//717 825//717
f 830//718 828//718 826//718
f 826//713 828//713 827//713
f 829//714 831//714 832//714
f 825//715 829//715 830//715
f 828//716 832//716 831//716
f 827//717 831//717 829//717
f 830//718 832//718 828//718
f 834//719 835//719 833//719
f 837//720 840//720 838//720
f 837//721 834//721 833//721
f 835//722 840//722 839//722
f 833//723 839//723 837//723
f 834//724 840//724 836//724
f 834//719 836//719 835//719
f 837//720 839//720 840//720
f 837//725 838//725 834//725
f 835//726 836//726 840//726
f 833//727 835//727 839//727
f 834//728 838//728 840//728
f 842//729 843//729 841//729
f 847//730 846//730 845//730
f 845//731 842//731 841//731
f 844//732 847//732 843//732
f 841//733 847//733 845//733
f 842//734 848//734 844//734
f 842//729 844//729 843//729
f 847//730 848//730 846//730
f 845//731 846//731 842//731
f 844//732 848//732 847//732
f 841//733 843//733 847//733
f 842//734 846//734 848//734
f 850//735 851//735 849//735
f 855//736 854//736 853//736
f 853//737 850//737 849//737
f 851//738 856//738 855//738
f 849//739 855//739 853//739
f 850//740 856//740 852//740
f 850//735 852//735 851//735
f 855//736 856//736 854//736
f 853//737 854//737 850//737
f 851//738 852//738 856//738
f 849//739 851//739 855//739
f 850//741 854//741 856//741
f 858//742 859//742 857//742
f 863//743 862//743 861//743
f 861//744 858//744 857//744
f 860//745 863//745 859//745
f 857//746 863//746 861//746
f 862//747 860//747 858//747
f 858//742 860//742 859//742
f 863//743 864//743 862//743
f 861//744 862//744 858//744
f 860//745 864//745 863//745
f 857//746 859//746 863//746
f 862//747 864//747 860//747
f 865//748 868//748 867//748
f 871//749 870//749 869//749
f 869//750 866//750 865//750
f 868//751 871//751 867//751
f 865//752 871//752 869//752
f 866//753 872//753 868//753
f 865//748 866//748 868//748
f 871//749 872//749 870//749
f 869//750 870//750 866//750
f 868//751 872//751 871//751
f 865//752 867//752 871//752
f 866//753 870//753 872//753
f 874//754 875//754 873//754
f 877//755 880//755 878//755
f 877//756 874//756 873//756
f 875//757 880//757 879//757
f 873//758 879//758 877//758
f 874//759 880//759 876//759
f 874//754 876//754 875//754
f 877//755 879//755 880//755
f 877//760 878//760 874//760
f 875//757 876//757 880//757
f 873//761 875//761 879//761
f 874//762 878//762 880//762
f 882//763 883//763 881//763
f 887//764 886//764 885//764
f 885//765 882//765 881//765
f 884//766 887//766 883//766
f 883//767 885//767 881//767
f 882//768 888//768 884//768
f 882//769 884//769 883//769
f 887//764 888//764 886//764
f 885//770 886//770 882//770
f 884//771 888//771 887//771
f 883//772 887//772 885//772
f 882//773 886//773 888//773
f 889//774 892//774 891//774
f 895//775 894//775 893//775
f 893//776 890//776 889//776
f 892//777 895//777 891//777
f 889//778 895//778 893//778
f 894//779 892//779 890//779
f 889//774 890//774 892//774
f 895//775 896//775 894//775
f 893//776 894//776 890//776
f 892//777 896//777 895//777
f 889//780 891//780 895//780
f 894//779 896//779 892//779
f 898//781 899//781 897//781
f 901//782 904//782 902//782
f 897//783 902//783 898//783
f 899//784 904//784 903//784
f 897//785 903//785 901//785
f 902//786 900//786 898//786
f 898//781 900//781 899//781
f 901//782 903//782 904//782
f 897//783 901//783 902//783
f 899//784 900//784 904//784
f 897//785 899//785 903//785
f 902//786 904//786 900//786
f 906//787 907//787 905//787
f 909//788 912//788 910//788
f 909//789 906//789 905//789
f 907//790 912//790 911//790
f 907//791 909//791 905//791
f 910//792 908//792 906//792
f 906//787 908//787 907//787
f 909//788 911//788 912//788
f 909//789 910//789 906//789
f 907//790 908//790 912//790
f 907//791 911//791 909//791
f 910//792 912//792 908//792
f 914//793 915//793 913//793
f 917//794 920//794 918//794
f 917//795 914//795 913//795
f 916//796 919//796 915//796
f 913//797 919//797 917//797
f 914//798 920//798 916//798
f 914//793 916//793 915//793
f 917//794 919//794 920//794
f 917//795 918//795 914//795
f 916//796 920//796 919//796
f 913//797 915//797 919//797
f 914//798 918//798 920//798
f 922//799 923//799 921//799
f 927//800 926//800 925//800
f 925//801 922//801 921//801
f 924//802 927//802 923//802
f 921//803 927//803 925//803
f 926//804 924//804 922//804
f 922//799 924//799 923//799
f 927//800 928//800 926//800
f 925//801 926//801 922//801
f 924//802 928//802 927//802
f 921//803 923//803 927//803
f 926//804 928//804 924//804
f 929//805 932//805 931//805
f 935//806 934//806 933//806
f 933//807 930//807 929//807
f 932//808 935//808 931//808
f 931//809 933//809 929//809
f 930//810 936//810 932//810
f 929//811 930//811 932//811
f 935//806 936//806 934//806
f 933//812 934//812 930//812
f 932//813 936//813 935//813
f 931//814 935//814 933//814
f 930//810 934//810 936//810
f 937//815 940//815 939//815
f 943//816 942//816 941//816
f 941//817 938//817 937//817
f 940//818 943//818 939//818
f 937//819 943//819 941//819
f 942//820 940//820 938//820
f 937//815 938//815 940//815
f 943//816 944//816 942//816
f 941//821 942//821 938//821
f 940//822 944//822 943//822
f 937//819 939//819 943//819
f 942//820 944//820 940//820
f 946//823 947//823 945//823
f 949//824 952//824 950//824
f 945//825 950//825 946//825
f 948//826 951//826 947//826
f 947//827 949//827 945//827
f 946//828 952//828 948//828
f 946//823 948//823 947//823
f 949//824 951//824 952//824
f 945//825 949//825 950//825
f 948//829 952//829 951//829
f 947//827 951//827 949//827
f 946//828 950//828 952//828
f 953//830 956//830 955//830
f 959//831 958//831 957//831
f 953//832 958//832 954//832
f 955//833 960//833 959//833
f 953//834 959//834 957//834
f 954//835 960//835 956//835
f 953//830 954//830 956//830
f 959//831 960//831 958//831
f 953//832 957//832 958//832
f 955//833 956//833 960//833
f 953//834 955//834 959//834
f 954//835 958//835 960//835
f 961//836 964//836 963//836
f 965//837 968//837 966//837
f 965//838 962//838 961//838
f 963//839 968//839 967//839
f 963//840 965//840 961//840
f 962//841 968//841 964//841
f 961//836 962//836 964//836
f 965//837 967//837 968//837
f 965//838 966//838 962//838
f 963//839 964//839 968//839
f 963//840 967//840 965//840
f 962//841 966//841 968//841
f 970//842 971//842 969//842
f 973//843 976//843 974//843
f 973//844 970//844 969//844
f 972//845 975//845 971//845
f 971//846 973//846 969//846
f 970//847 976//847 972//847
f 970//842 972//842 971//842
f 973//843 975//843 976//843
f 973//844 974//844 970//844
f 972//845 976//845 975//845
f 971//846 975//846 973//846
f 970//847 974//847 976//847
f 978//848 979//848 977//848
f 983//849 982//849 981//849
f 981//850 978//850 977//850
f 979//851 984//851 983//851
f 979//852 981//852 977//852
f 982//853 980//853 978//853
f 978//848 980//848 979//848
f 983//849 984//849 982//849
f 981//850 982//850 978//850
f 979//851 980//851 984//851
f 979//854 983//854 981//854
f 982//853 984//853 980//853
f 986//855 987//855 985//855
f 991//856 990//856 989//856
f 985//857 990//857 986//857
f 987//858 992//858 991//858
f 985//859 991//859 989//859
f 986//860 992//860 988//860
f 986//855 988//855 987//855
f 991//856 992//856 990//856
f 985//857 989//857 990//857
f 987//858 988//858 992//858
f 985//859 987//859 991//859
f 986//860 990//860 992//860
f 993//861 996//861 995//861
f 999//862 998//862 997//862
f 993//863 998//863 994//863
f 996//864 999//864 995//864
f 995//865 997//865 993//865
f 994//866 1000//866 996//866
f 993//861 994//861 996//861
f 999//862 1000//862 998//862
f 993//863 997//863 998//863
f 996//864 1000//864 999//864
f 995//865 999//865 997//865
f 994//866 998//866 1000//866
f 1001//867 1004//867 1003//867
f 1005//868 1008//868 1006//868
f 1005//869 1002//869 1001//869
f 1003//870 1008//870 1007//870
f 1003//871 1005//871 1001//871
f 1006//872 1004//872 1002//872
f 1001//867 1002//867 1004//867
f 1005//868 1007//868 1008//868
f 1005//873 1006//873 1002//873
f 1003//874 1004//874 1008//874
f 1003//871 1007//871 1005//871
f 1006//872 1008//872 1004//872
f 1010//875 1011//875 1009//875
f 1015//876 1014//876 1013//876
f 1013//877 1010//877 1009//877
f 1012//878 1015//878 1011//878
f 1009//879 1015//879 1013//879
f 1010//880 1016//880 1012//880
f 1010//875 1012//875 1011//875
f 1015//876 1016//876 1014//876
f 1013//877 1014//877 1010//877
f 1012//881 1016//881 1015//881
f 1009//879 1011//879 1015//879
f 1010//880 1014//880 1016//880
f 1017//882 1020//882 1019//882
f 1023//883 1022//883 1021//883
f 1021//884 1018//884 1017//884
f 1020//885 1023//885 1019//885
f 1017//886 1023//886 1021//886
f 1018//887 1024//887 1020//887
f 1017//882 1018//882 1020//882
f 1023//883 1024//883 1022//883
f 1021//884 1022//884 1018//884
f 1020//885 1024//885 1023//885
f 1017//886 1019//886 1023//886
f 1018//887 1022//887 1024//887
f 1025//888 1028//888 1027//888
f 1031//889 1030//889 1029//889
f 1025//890 1030//890 1026//890
f 1027//891 1032//891 1031//891
f 1025//892 1031//892 1029//892
f 1026//893 1032//893 1028//893
f 1025//888 1026//888 1028//888
f 1031//894 1032//894 1030//894
f 1025//895 1029//895 1030//895
f 1027//896 1028//896 1032//896
f 1025//897 1027//897 1031//897
f 1026//898 1030//898 1032//898
f 1034//899 1035//899 1033//899
f 1037//900 1040//900 1038//900
f 1033//901 1038//901 1034//901
f 1036//902 1039//902 1035//902
f 1035//903 1037//903 1033//903
f 1038//904 1036//904 1034//904
f 1034//899 1036//899 1035//899
f 1037//900 1039//900 1040//900
f 1033//901 1037//901 1038//901
f 1036//902 1040//902 1039//902
f 1035//903 1039//903 1037//903
f 1038//905 1040//905 1036//905
f 1042//906 1043//906 1041//906
f 1047//907 1046//907 1045//907
f 1045//908 1042//908 1041//908
f 1043//909 1048//909 1047//909
f 1041//910 1047//910 1045//910
f 1046//911 1044//911 1042//911
f 1042//906 1044//906 1043//906
f 1047//907 1048//907 1046//907
f 1045//908 1046//908 1042//908
f 1043//909 1044//909 1048//909
f 1041//910 1043//910 1047//910
f 1046//911 1048//911 1044//911
f 1049//912 1052//912 1051//912
f 1053//913 1056//913 1054//913
f 1053//914 1050//914 1049//914
f 1051//915 1056//915 1055//915
f 1051//916 1053//916 1049//916
f 1054//917 1052//917 1050//917
f 1049//912 1050//912 1052//912
f 1053//913 1055//913 1056//913
f 1053//914 1054//914 1050//914
f 1051//915 1052//915 1056//915
f 1051//916 1055//916 1053//916
f 1054//917 1056//917 1052//917
f 1058//918 1059//918 1057//918
f 1063//919 1062//919 1061//919
f 1057//920 1062//920 1058//920
f 1059//921 1064//921 1063//921
f 1059//922 1061//922 1057//922
f 1062//923 1060//923 1058//923
f 1058//918 1060//918 1059//918
f 1063//919 1064//919 1062//919
f 1057//924 1061//924 1062//924
f 1059//925 1060//925 1064//925
f 1059//922 1063//922 1061//922
f 1062//923 1064//923 1060//923
f 1066//926 1067//926 1065//926
f 1069//927 1072//927 1070//927
f 1069//928 1066//928 1065//928
f 1068//929 1071//929 1067//929
f 1065//930 1071//930 1069//930
f 1066//931 1072//931 1068//931
f 1066//926 1068//926 1067//926
f 1069//927 1071//927 1072//927
f 1069//928 1070//928 1066//928
f 1068//929 1072//929 1071//929
f 1065//930 1067//930 1071//930
f 1066//931 1070//931 1072//931
f 1074//932 1075//932 1073//932
f 1079//933 1078//933 1077//933
f 1073//934 1078//934 1074//934
f 1076//935 1079//935 1075//935
f 1075//936 1077//936 1073//936
f 1074//937 1080//937 1076//937
f 1074//932 1076//932 1075//932
f 1079//933 1080//933 1078//933
f 1073//934 1077//934 1078//934
f 1076//935 1080//935 1079//935
f 1075//938 1079//938 1077//938
f 1074//937 1078//937 1080//937
f 1081//939 1084//939 1083//939
f 1085//940 1088//940 1086//940
f 1081//941 1086//941 1082//941
f 1083//942 1088//942 1087//942
f 1083//943 1085//943 1081//943
f 1082//944 1088//944 1084//944
f 1081//939 1082//939 1084//939
f 1085//940 1087//940 1088//940
f 1081//945 1085//945 1086//945
f 1083//946 1084//946 1088//946
f 1083//947 1087//947 1085//947
f 1082//948 1086//948 1088//948
f 1089//949 1092//949 1091//949
f 1093//950 1096//950 1094//950
f 1093//951 1090//951 1089//951
f 1092//952 1095//952 1091//952
f 1091//953 1093//953 1089//953
f 1090//954 1096//954 1092//954
f 1089//949 1090//949 1092//949
f 1093//950 1095//950 1096//950
f 1093//955 1094//955 1090//955
f 1092//952 1096//952 1095//952
f 1091//956 1095//956 1093//956
f 1090//954 1094//954 1096//954
f 1097//957 1100//957 1099//957
f 1103//958 1102//958 1101//958
f 1097//959 1102//959 1098//959
f 1099//960 1104//960 1103//960
f 1097//961 1103//961 1101//961
f 1102//962 1100//962 1098//962
f 1097//957 1098//957 1100//957
f 1103//958 1104//958 1102//958
f 1097//963 1101//963 1102//963
f 1099//964 1100//964 1104//964
f 1097//961 1099//961 1103//961
f 1102//962 1104//962 1100//962
f 1105//965 1108//965 1107//965
f 1111//966 1110//966 1109//966
f 1105//967 1110//967 1106//967
f 1108//968 1111//968 1107//968
f 1105//969 1111//969 1109//969
f 1106//970 1112//970 1108//970
f 1105//965 1106//965 1108//965
f 1111//966 1112//966 1110//966
f 1105//967 1109//967 1110//967
f 1108//968 1112//968 1111//968
f 1105//969 1107//969 1111//969
f 1106//970 1110//970 1112//970
f 1113//971 1116//971 1115//971
f 1119//972 1118//972 1117//972
f 1117//973 1114//973 1113//973
f 1115//974 1120//974 1119//974
f 1115//975 1117//975 1113//975
f 1118//976 1116//976 1114//976
f 1113//971 1114//971 1116//971
f 1119//972 1120//972 1118//972
f 1117//973 1118//973 1114//973
f 1115//977 1116//977 1120//977
f 1115//975 1119//975 1117//975
f 1118//976 1120//976 1116//976
f 1122//978 1123//978 1121//978
f 1127//979 1126//979 1125//979
f 1121//980 1126//980 1122//980
f 1123//981 1128//981 1127//981
f 1123//982 1125//982 1121//982
f 1126//983 1124//983 1122//983
f 1122//978 1124//978 1123//978
f 1127//979 1128//979 1126//979
f 1121//980 1125//980 1126//980
f 1123//981 1124//981 1128//981
f 1123//982 1127//982 1125//982
f 1126//983 1128//983 1124//983
f 1130//984 1131//984 1129//984
f 1133//985 1136//985 1134//985
f 1129//986 1134//986 1130//986
f 1132//987 1135//987 1131//987
f 1131//988 1133//988 1129//988
f 1134//989 1132//989 1130//989
f 1130//984 1132//984 1131//984
f 1133//985 1135//985 1136//985
f 1129//990 1133//990 1134//990
f 1132//987 1136//987 1135//987
f 1131//991 1135//991 1133//991
f 1134//989 1136//989 1132//989
f 1138//992 1139//992 1137//992
f 1141//993 1144//993 1142//993
f 1137//994 1142//994 1138//994
f 1140//995 1143//995 1139//995
f 1139//996 1141//996 1137//996
f 1142//997 1140//997 1138//997
f 1138//992 1140//992 1139//992
f 1141//993 1143//993 1144//993
f 1137//998 1141//998 1142//998
f 1140//995 1144//995 1143//995
f 1139//996 1143//996 1141//996
f 1142//997 1144//997 1140//997
f 1145//999 1148//999 1147//999
f 1149//1000 1152//1000 1150//1000
f 1149//1001 1146//1001 1145//1001
f 1148//1002 1151//1002 1147//1002
f 1147//1003 1149//1003 1145//1003
f 1146//1004 1152//1004 1148//1004
f 1145//999 1146//999 1148//999
f 1149//1000 1151//1000 1152//1000
f 1149//1005 1150//1005 1146//1005
f 1148//1006 1152//1006 1151//1006
f 1147//1003 1151//1003 1149//1003
f 1146//1004 1150//1004 1152//1004
f 1153//1007 1156//1007 1155//1007
f 1159//1008 1158//1008 1157//1008
f 1157//1009 1154//1009 1153//1009
f 1155//1010 1160//1010 1159//1010
f 1153//1011 1159//1011 1157//1011
f 1154//1012 1160//1012 1156//1012
f 1153//1007 1154//1007 1156//1007
f 1159//1008 1160//1008 1158//1008
f 1157//1013 1158//1013 1154//1013
f 1155//1010 1156//1010 1160//1010
f 1153//1011 1155//1011 1159//1011
f 1154//1012 1158//1012 1160//1012
f 1162//1014 1163//1014 1161//1014
f 1167//1015 1166//1015 1165//1015
f 1161//1016 1166//1016 1162//1016
f 1163//1017 1168//1017 1167//1017
f 1163//1018 1165//1018 1161//1018
f 1162//1019 1168//1019 1164//1019
f 1162//1014 1164//1014 1163//1014
f 1167//1015 1168//1015 1166//1015
f 1161//1016 1165//1016 1166//1016
f 1163//1017 1164//1017 1168//1017
f 1163//1018 1167//1018 1165//1018
f 1162//1019 1166//1019 1168//1019
f 1169//1020 1172//1020 1171//1020
f 1175//1021 1174//1021 1173//1021
f 1169//1022 1174//1022 1170//1022
f 1172//1023 1175//1023 1171//1023
f 1169//1024 1175//1024 1173//1024
f 1170//1025 1176//1025 1172//1025
f 1169//1020 1170//1020 1172//1020
f 1175//1021 1176//1021 1174//1021
f 1169//1022 1173//1022 1174//1022
f 1172//1023 1176//1023 1175//1023
f 1169//1026 1171//1026 1175//1026
f 1170//1027 1174//1027 1176//1027
f 1178//1028 1179//1028 1177//1028
f 1181//1029 1184//1029 1182//1029
f 1181//1030 1178//1030 1177//1030
f 1180//1031 1183//1031 1179//1031
f 1177//1032 1183//1032 1181//1032
f 1178//1033 1184//1033 1180//1033
f 1178//1028 1180//1028 1179//1028
f 1181//1029 1183//1029 1184//1029
f 1181//1030 1182//1030 1178//1030
f 1180//1031 1184//1031 1183//1031
f 1177//1032 1179//1032 1183//1032
f 1178//1033 1182//1033 1184//1033
f 1185//1034 1188//1034 1187//1034
f 1189//1035 1192//1035 1190//1035
f 1185//1036 1190//1036 1186//1036
f 1187//1037 1192//1037 1191//1037
f 1185//1038 1191//1038 1189//1038
f 1186//1039 1192//1039 1188//1039
f 1185//1034 1186//1034 1188//1034
f 1189//1035 1191//1035 1192//1035
f 1185//1036 1189//1036 1190//1036
f 1187//1037 1188//1037 1192//1037
f 1185//1040 1187//1040 1191//1040
f 1186//1039 1190//1039 1192//1039
f 1193//1041 1196//1041 1195//1041
f 1199//1042 1198//1042 1197//1042
f 1197//1043 1194//1043 1193//1043
f 1196//1044 1199//1044 1195//1044
f 1195//1045 1197//1045 1193//1045
f 1198//1046 1196//1046 1194//1046
f 1193//1041 1194//1041 1196//1041
f 1199//1042 1200//1042 1198//1042
f 1197//1043 1198//1043 1194//1043
f 1196//1044 1200//1044 1199//1044
f 1195//1045 1199//1045 1197//1045
f 1198//1046 1200//1046 1196//1046
