# Derived mesh: merged object boundaries; geometry and materials preserved.
mtllib shipwreck.mtl
o shipwreck
v -14.091232 -11.667393 4.510879
v -14.201962 -11.647243 3.430131
v -14.348100 -10.695707 4.551316
v -14.424541 -10.681797 3.613330
v -14.153947 -11.683554 4.516420
v -14.264675 -11.663405 3.435673
v -14.410814 -10.711869 4.556858
v -14.487255 -10.697959 3.618871
vn 0.9633 0.2578 -0.0747
vn -0.9660 -0.2406 0.0945
vn 0.0924 -0.0170 0.9956
vn 0.2458 -0.9684 -0.0432
vn -0.1269 0.1566 -0.9795
vn -0.2465 0.9685 0.0345
vn 0.9660 0.2406 -0.0945
vn -0.9633 -0.2578 0.0747
vn 0.2457 -0.9684 -0.0432
vn -0.2466 0.9685 0.0345
v -14.182636 -11.650759 3.569512
v -14.214939 -11.644881 2.509452
v -14.437172 -10.679499 3.522225
v -14.409627 -10.684511 2.587309
v -14.245946 -11.665485 3.569657
v -14.278249 -11.659608 2.509597
v -14.500482 -10.694223 3.522369
v -14.472937 -10.699236 2.587453
vn 0.9667 0.2546 0.0271
vn -0.9792 -0.2008 0.0287
vn -0.0085 0.0464 0.9989
vn 0.2265 -0.9739 -0.0123
vn -0.0201 0.0767 -0.9968
vn -0.2265 0.9739 -0.0119
vn 0.9792 0.2008 -0.0287
vn -0.9667 -0.2546 -0.0271
v -14.216818 -11.644539 2.495902
v -14.141058 -11.658326 1.726647
v -14.394095 -10.687337 2.699330
v -14.260253 -10.711692 1.861419
v -14.280743 -11.653049 2.487767
v -14.204983 -11.666835 1.718512
v -14.458021 -10.695847 2.691195
v -14.324178 -10.720201 1.853284
vn 0.9772 0.1487 0.1518
vn -0.9892 -0.1110 -0.0954
vn -0.0937 -0.2236 0.9702
vn 0.1281 -0.9913 0.0304
vn 0.1047 0.1531 -0.9827
vn -0.1257 0.9909 -0.0489
vn 0.9892 0.1110 0.0954
vn -0.9772 -0.1487 -0.1518
vn -0.0937 -0.2235 0.9702
v -14.134444 -11.659530 1.774353
v -13.975211 -11.688504 1.208212
v -14.256315 -10.712409 1.889823
v -14.039227 -10.751913 1.105528
v -14.196865 -11.665573 1.757264
v -14.037633 -11.694549 1.191124
v -14.318736 -10.718453 1.872734
v -14.101648 -10.757957 1.088440
vn 0.9609 0.0918 0.2613
vn -0.9596 -0.0946 -0.2650
vn -0.2477 -0.1486 0.9574
vn 0.0765 -0.9944 0.0724
vn 0.2708 -0.0866 -0.9587
vn -0.0768 0.9945 -0.0713
vn 0.9596 0.0946 0.2650
vn -0.9609 -0.0918 -0.2613
v -13.986927 -11.686372 1.123708
v -13.771655 -11.725546 0.679662
v -14.033354 -10.752982 1.147884
v -13.717116 -10.810527 0.692079
v -14.042846 -11.685472 1.090582
v -13.827574 -11.724646 0.646536
v -14.089273 -10.752080 1.114758
v -13.773035 -10.809626 0.658953
vn 0.8229 0.0262 0.5676
vn -0.8962 0.0594 -0.4397
vn -0.5097 -0.0476 0.8591
vn -0.0529 -0.9967 0.0623
vn 0.5094 -0.0187 -0.8603
vn 0.0641 0.9946 -0.0811
vn 0.8962 -0.0594 0.4397
vn -0.8229 -0.0262 -0.5676
v -13.775729 -11.724805 0.650280
v -13.495159 -11.775860 0.531180
v -13.712496 -10.811368 0.725406
v -13.324993 -10.881882 0.583468
v -13.798106 -11.717642 0.589675
v -13.517536 -11.768698 0.470575
v -13.734873 -10.804206 0.664801
v -13.347370 -10.874720 0.522863
vn 0.3261 -0.0999 0.9400
vn -0.3685 0.1240 -0.9213
vn -0.9361 0.0360 0.3499
vn -0.1966 -0.9795 -0.0432
vn 0.9208 -0.1543 -0.3582
vn 0.1944 0.9799 0.0440
vn 0.3685 -0.1240 0.9213
vn -0.3261 0.0999 -0.9400
v -13.482904 -11.778090 0.619569
v -13.178993 -11.833392 0.668819
v -13.340253 -10.879105 0.473403
v -12.918590 -10.955834 0.577850
v -13.471549 -11.789081 0.556519
v -13.167639 -11.844383 0.605770
v -13.328897 -10.890097 0.410354
v -12.907234 -10.966826 0.514801
vn -0.1256 0.1786 0.9759
vn 0.1256 -0.1786 -0.9759
vn -0.9728 0.1224 -0.1965
vn -0.1983 -0.9710 0.1336
vn 0.9422 -0.2573 0.2146
vn 0.2089 0.9691 -0.1313
vn -0.2094 0.1621 0.9643
vn 0.2094 -0.1621 -0.9643
vn 0.9422 -0.2574 0.2145
v -13.180158 -11.833180 0.660425
v -12.857582 -11.891879 0.990323
v -12.911966 -10.957040 0.625622
v -12.494299 -11.033042 0.901392
v -13.142399 -11.850489 0.610428
v -12.819823 -11.909188 0.940326
v -12.874208 -10.974348 0.575625
v -12.456541 -11.050351 0.851395
vn -0.6740 0.2341 0.7007
vn 0.6740 -0.2341 -0.7007
vn -0.7462 0.2032 -0.6339
vn -0.2877 -0.9512 0.1120
vn 0.7316 -0.2435 0.6368
vn 0.2619 0.9559 -0.1332
vn -0.4894 0.2921 0.8217
vn 0.4894 -0.2921 -0.8217
v -12.856551 -11.892067 0.997759
v -12.538292 -11.949980 1.578623
v -12.493023 -11.033275 0.910595
v -12.080476 -11.108346 1.536081
v -12.807083 -11.918469 0.964881
v -12.488825 -11.976382 1.545745
v -12.443556 -11.059677 0.877717
v -12.031009 -11.134748 1.503204
vn -0.7932 0.3838 0.4729
vn 0.7932 -0.3837 -0.4729
vn -0.5018 0.1256 -0.8558
vn -0.3993 -0.9078 0.1283
vn 0.4621 -0.2078 0.8621
vn 0.3881 0.9099 -0.1468
vn -0.7314 0.4248 0.5334
vn 0.7314 -0.4248 -0.5334
vn -0.3993 -0.9078 0.1282
v -12.546032 -11.948571 1.522797
v -12.259771 -12.000663 2.271811
v -12.090814 -11.106465 1.461523
v -11.734892 -11.171232 2.225387
v -12.494698 -11.980233 1.498562
v -12.208437 -12.032324 2.247576
v -12.039479 -11.138125 1.437287
v -11.683558 -11.202892 2.201151
vn -0.8153 0.4658 0.3440
vn 0.8153 -0.4658 -0.3440
vn -0.3586 0.1266 -0.9249
vn -0.4785 -0.8695 0.1224
vn 0.3379 -0.1619 0.9272
vn 0.4690 0.8713 -0.1447
vn -0.7645 0.5061 0.3991
vn 0.7645 -0.5061 -0.3991
vn -0.3586 0.1265 -0.9249
vn 0.4690 0.8712 -0.1447
v -12.268397 -11.999093 2.209593
v -12.007811 -12.046512 3.262045
v -11.740217 -11.170262 2.186979
v -11.458723 -11.221486 3.083707
v -12.216576 -12.034820 2.193373
v -11.955989 -12.082238 3.245825
v -11.688395 -11.205988 2.170759
v -11.406901 -11.257211 3.067487
vn -0.8186 0.5278 0.2265
vn 0.8186 -0.5278 -0.2265
vn -0.2231 0.1158 -0.9679
vn -0.5441 -0.8334 0.0972
vn 0.3019 0.0051 0.9533
vn 0.5374 0.8346 -0.1210
vn -0.7719 0.5732 0.2750
vn 0.7719 -0.5732 -0.2750
v -12.015455 -12.045121 3.206908
v -11.839932 -12.077060 4.190795
v -11.450123 -11.223051 3.145743
v -11.273070 -11.255269 4.036112
v -11.963394 -12.082430 3.195837
v -11.787871 -12.114370 4.179725
v -11.398061 -11.260361 3.134672
v -11.221009 -11.292579 4.025041
vn -0.8041 0.5664 0.1804
vn 0.7980 -0.5808 -0.1612
vn -0.1752 0.0473 -0.9834
vn -0.5702 -0.8180 0.0752
vn 0.2265 0.0271 0.9736
vn 0.5687 0.8183 -0.0835
vn -0.7980 0.5808 0.1612
vn 0.8041 -0.5664 -0.1804
vn -0.5703 -0.8180 0.0752
vn 0.2264 0.0271 0.9736
v -14.362930 -10.652351 4.518223
v -14.454344 -10.635716 3.467965
v -14.548754 -9.693594 4.655941
v -14.635202 -9.677863 3.551091
v -14.426470 -10.665090 4.523275
v -14.517883 -10.648455 3.473018
v -14.612293 -9.706332 4.660994
v -14.698742 -9.690601 3.556144
vn 0.9770 0.1999 -0.0736
vn -0.9780 -0.1918 0.0821
vn 0.1029 -0.1219 0.9872
vn 0.1940 -0.9805 -0.0324
vn -0.0928 0.0687 -0.9933
vn -0.1943 0.9805 0.0292
vn 0.9780 0.1918 -0.0821
vn -0.9770 -0.1999 0.0736
vn -0.1942 0.9805 0.0292
v -14.406904 -10.644349 2.664010
v -14.282345 -10.667015 1.739190
v -14.573168 -9.689151 2.587360
v -14.361979 -9.727581 1.865752
v -14.470180 -10.652229 2.651399
v -14.345620 -10.674896 1.726578
v -14.636444 -9.697031 2.574749
v -14.425254 -9.735460 1.853140
vn 0.9456 0.1860 0.2668
vn -0.9891 -0.0661 -0.1316
vn -0.2005 0.0436 0.9787
vn 0.1157 -0.9925 0.0399
vn 0.1758 0.1461 -0.9735
vn -0.1066 0.9907 -0.0840
vn 0.9891 0.0661 0.1316
vn -0.9456 -0.1860 -0.2668
vn 0.1156 -0.9925 0.0399
v -14.273112 -10.668695 1.805778
v -14.043240 -10.710525 1.087692
v -14.376976 -9.724852 1.757579
v -14.042018 -9.785805 1.247976
v -14.332195 -10.670319 1.778731
v -14.102324 -10.712149 1.060646
v -14.436059 -9.726475 1.730533
v -14.101101 -9.787427 1.220929
vn 0.8362 0.1194 0.5353
vn -0.9500 0.0545 -0.3073
vn -0.4163 0.0006 0.9092
vn 0.0007 -0.9983 0.0584
vn 0.4076 0.1554 -0.8998
vn 0.0209 0.9942 -0.1052
vn 0.9500 -0.0545 0.3073
vn -0.8362 -0.1194 -0.5353
vn -0.4162 0.0006 0.9093
v -13.697460 -10.773446 0.814686
v -13.333853 -10.839612 0.467917
v -13.636127 -9.859664 0.768668
v -13.170567 -9.944382 0.470579
v -13.736885 -10.769787 0.763137
v -13.373277 -10.835953 0.416368
v -13.675550 -9.856004 0.717119
v -13.209991 -9.940722 0.419030
vn 0.5400 0.0061 0.8416
vn -0.6728 0.1249 -0.7293
vn -0.7887 0.0836 0.6091
vn -0.1428 -0.9890 0.0390
vn 0.7816 -0.1407 -0.6077
vn 0.1508 0.9875 -0.0452
vn 0.6728 -0.1249 0.7293
vn -0.5400 -0.0061 -0.8416
vn 0.7816 -0.1408 -0.6077
v -13.312531 -10.843492 0.621697
v -12.908957 -10.916930 0.563184
v -13.152637 -9.947644 0.599893
v -12.655456 -10.038117 0.529881
v -13.321689 -10.843357 0.557345
v -12.918115 -10.916796 0.498833
v -13.161795 -9.947509 0.535541
v -12.664613 -10.037981 0.465529
vn 0.1432 -0.0015 0.9897
vn -0.1432 0.0015 -0.9897
vn -0.9743 0.1773 0.1390
vn -0.1758 -0.9842 0.0229
vn 0.9505 -0.2793 -0.1359
vn 0.1759 0.9841 -0.0229
vn 0.1390 -0.0026 0.9903
vn -0.1390 0.0026 -0.9903
vn -0.1758 -0.9842 0.0230
vn 0.9505 -0.2793 -0.1358
v -12.466184 -10.997501 0.989766
v -12.066697 -11.070196 1.495052
v -12.127673 -10.134156 0.929729
v -11.637998 -10.223264 1.536055
v -12.419766 -11.018772 0.949541
v -12.020280 -11.091466 1.454827
v -12.081256 -10.155427 0.889504
v -11.591580 -10.244533 1.495830
vn -0.7187 0.3246 0.6149
vn 0.7187 -0.3246 -0.6149
vn -0.5961 0.1793 -0.7827
vn -0.3245 -0.9380 0.1216
vn 0.5375 -0.3100 0.7842
vn 0.3232 0.9383 -0.1232
vn -0.7103 0.3294 0.6221
vn 0.7103 -0.3294 -0.6221
vn 0.3232 0.9383 -0.1231
v -12.058279 -11.071728 1.555772
v -11.722241 -11.132876 2.156268
v -11.640685 -10.222775 1.516671
v -11.233251 -10.296915 2.210511
v -12.008137 -11.098423 1.524180
v -11.672099 -11.159571 2.124676
v -11.590543 -10.249469 1.485079
v -11.183108 -10.323610 2.178919
vn -0.7795 0.4054 0.4775
vn 0.7795 -0.4054 -0.4775
vn -0.4527 0.1825 -0.8728
vn -0.4000 -0.9070 0.1315
vn 0.3959 -0.2882 0.8719
vn 0.3973 0.9075 -0.1363
vn -0.7644 0.4151 0.4932
vn 0.7644 -0.4151 -0.4933
v -11.717045 -11.133822 2.193750
v -11.436100 -11.184945 3.073986
v -11.238480 -10.295963 2.172792
v -10.918495 -10.354191 3.069567
v -11.664044 -11.165766 2.173861
v -11.383100 -11.216889 3.054097
v -11.185480 -10.327907 2.152903
v -10.865495 -10.386134 3.049678
vn -0.8273 0.4799 0.2919
vn 0.8273 -0.4799 -0.2919
vn -0.2763 0.1340 -0.9517
vn -0.4844 -0.8686 0.1042
vn 0.2619 -0.1581 0.9520
vn 0.4807 0.8693 -0.1151
vn -0.8035 0.5023 0.3193
vn 0.8035 -0.5023 -0.3193
v -14.571818 -9.648740 4.545871
v -14.641795 -9.636005 3.556155
v -14.718254 -8.697148 4.582719
v -14.760697 -8.689425 3.714306
v -14.636029 -9.658104 4.549653
v -14.706005 -9.645370 3.559937
v -14.782465 -8.706512 4.586501
v -14.824907 -8.698790 3.718088
vn 0.9870 0.1537 -0.0469
vn -0.9884 -0.1355 0.0681
vn 0.0630 -0.0289 0.9976
vn 0.1430 -0.9895 -0.0228
vn -0.0805 0.1544 -0.9847
vn -0.1434 0.9895 0.0158
vn 0.9884 0.1355 -0.0681
vn -0.9870 -0.1537 0.0469
v -14.628829 -9.638365 3.649676
v -14.557436 -9.651357 2.742652
v -14.763298 -8.688952 3.695544
v -14.665284 -8.706788 2.753951
v -14.693071 -9.646411 3.643923
v -14.621679 -9.659402 2.736899
v -14.827541 -8.696998 3.689790
v -14.729527 -8.714833 2.748198
vn 0.9858 0.1348 0.1001
vn -0.9907 -0.1122 -0.0764
vn -0.0816 -0.0596 0.9949
vn 0.1221 -0.9922 0.0238
vn 0.0865 0.0218 -0.9960
vn -0.1214 0.9921 -0.0314
vn 0.9907 0.1122 0.0764
vn -0.9858 -0.1348 -0.1001
v -14.564818 -9.650013 2.689409
v -14.376320 -9.684315 1.786983
v -14.675257 -8.704973 2.682023
v -14.426787 -8.750187 1.851703
v -14.627718 -9.654922 2.673772
v -14.439220 -9.689223 1.771346
v -14.738156 -8.709881 2.666386
v -14.489687 -8.755095 1.836066
vn 0.9535 0.1136 0.2791
vn -0.9784 -0.0388 -0.2029
vn -0.2397 -0.0204 0.9706
vn 0.0650 -0.9966 0.0514
vn 0.2346 0.0798 -0.9688
vn -0.0598 0.9956 -0.0721
vn 0.9784 0.0388 0.2029
vn -0.9535 -0.1136 -0.2791
vn 0.0650 -0.9966 0.0515
v -14.368703 -9.685700 1.841924
v -14.056799 -9.742457 1.143685
v -14.420083 -8.751407 1.900063
v -14.051020 -8.818565 1.144349
v -14.427583 -9.686275 1.814396
v -14.115679 -9.743032 1.116157
v -14.478963 -8.751981 1.872535
v -14.109900 -8.819139 1.116822
vn 0.8991 0.0222 0.4371
vn -0.9128 0.0060 -0.4083
vn -0.4216 -0.0794 0.9033
vn -0.0233 -0.9972 0.0706
vn 0.4235 -0.0020 -0.9059
vn 0.0258 0.9968 -0.0760
vn 0.9128 -0.0060 0.4083
vn -0.8991 -0.0222 -0.4371
vn -0.0233 -0.9972 0.0707
v -14.044790 -9.744642 1.230292
v -13.633673 -9.819453 0.762654
v -14.037439 -8.821036 1.242298
v -13.560965 -8.907741 0.699037
v -14.093557 -9.743725 1.187327
v -13.682439 -9.818536 0.719689
v -14.086206 -8.820117 1.199333
v -13.609731 -8.906821 0.656072
vn 0.7506 -0.0146 0.6606
vn -0.7499 0.0136 -0.6614
vn -0.6611 -0.0045 0.7503
vn -0.0894 -0.9928 0.0803
vn 0.6563 -0.1045 -0.7472
vn 0.0893 0.9928 -0.0801
vn 0.7499 -0.0136 0.6614
vn -0.7506 0.0146 -0.6606
vn -0.0894 -0.9928 0.0802
v -13.643179 -9.817723 0.694083
v -13.162469 -9.905198 0.477333
v -13.542631 -8.911077 0.831266
v -12.995287 -9.010676 0.508093
v -13.671691 -9.808113 0.636466
v -13.190980 -9.895589 0.419715
v -13.571142 -8.901466 0.773649
v -13.023798 -9.001066 0.450476
vn 0.4750 -0.1829 0.8608
vn -0.3929 0.1048 -0.9136
vn -0.8937 0.0314 0.4475
vn -0.2054 -0.9768 -0.0613
vn 0.8764 -0.1480 -0.4583
vn 0.2117 0.9756 0.0579
vn 0.3929 -0.1048 0.9136
vn -0.4750 0.1829 -0.8608
vn 0.2117 0.9756 0.0580
v -12.633027 -10.001540 0.612063
v -12.127173 -10.093590 0.827714
v -12.394257 -9.120045 0.572140
v -11.800137 -9.228157 0.877403
v -12.606656 -10.009752 0.553223
v -12.100803 -10.101802 0.768874
v -12.367886 -9.128257 0.513300
v -11.773766 -9.236369 0.818563
vn -0.3664 0.1409 0.9197
vn 0.3664 -0.1409 -0.9197
vn -0.8787 0.2188 -0.4243
vn -0.1985 -0.9789 0.0477
vn 0.8390 -0.3414 0.4237
vn 0.2017 0.9784 -0.0461
vn -0.4375 0.1141 0.8919
vn 0.4375 -0.1141 -0.8919
v -12.124377 -10.094099 0.847879
v -11.639081 -10.182408 1.400259
v -11.798743 -9.228411 0.887453
v -11.262058 -9.326071 1.340746
v -12.082190 -10.111848 0.801725
v -11.596893 -10.200158 1.354105
v -11.756556 -9.246159 0.841299
v -11.219870 -9.343819 1.294593
vn -0.7107 0.2371 0.6623
vn 0.7107 -0.2371 -0.6623
vn -0.6534 0.2780 -0.7041
vn -0.2891 -0.9519 0.1018
vn 0.6670 -0.2447 0.7038
vn 0.2730 0.9548 -0.1176
vn -0.5806 0.3080 0.7537
vn 0.5806 -0.3080 -0.7537
v -11.222946 -10.258133 2.139702
v -10.893278 -10.318122 3.095531
v -10.788160 -9.412306 2.136365
v -10.426064 -9.478196 3.099503
v -11.168829 -10.287082 2.118295
v -10.839161 -10.347070 3.074124
v -10.734043 -9.441254 2.114957
v -10.371947 -9.507144 3.078095
vn -0.8427 0.4344 0.3179
vn 0.8427 -0.4344 -0.3179
vn -0.2945 0.1477 -0.9442
vn -0.4398 -0.8930 0.0956
vn 0.2860 -0.1636 0.9442
vn 0.4371 0.8935 -0.1032
vn -0.8224 0.4559 0.3404
vn 0.8224 -0.4559 -0.3404
vn -0.4398 -0.8930 0.0957
v -10.906711 -10.315678 2.998649
v -10.702423 -10.352851 3.987101
v -10.427325 -9.477966 3.090412
v -10.231429 -9.513615 3.941056
v -10.851204 -10.346772 2.985340
v -10.646916 -10.383945 3.973791
v -10.371819 -9.509061 3.077102
v -10.175922 -9.544708 3.927747
vn -0.8603 0.4709 0.1955
vn 0.8603 -0.4709 -0.1955
vn -0.1317 0.1821 -0.9744
vn -0.4757 -0.8772 0.0653
vn 0.2012 -0.0593 0.9777
vn 0.4742 0.8774 -0.0724
vn -0.8465 0.4869 0.2153
vn 0.8465 -0.4869 -0.2153
vn 0.4741 0.8775 -0.0724
v -14.773090 -8.646512 3.661830
v -14.678233 -8.663774 2.688300
v -14.858515 -7.706025 3.718744
v -14.726309 -7.730083 2.823462
v -14.837515 -8.650309 3.654086
v -14.742659 -8.667570 2.680557
v -14.922939 -7.709821 3.711000
v -14.790734 -7.733878 2.815718
vn 0.9863 0.0809 0.1435
vn -0.9947 -0.0373 -0.0963
vn -0.1150 -0.0704 0.9909
vn 0.0560 -0.9982 0.0232
vn 0.1094 0.1479 -0.9829
vn -0.0546 0.9979 -0.0349
vn 0.9947 0.0373 0.0963
vn -0.9863 -0.0809 -0.1435
v -14.669869 -8.665296 2.748626
v -14.416519 -8.711397 1.938944
v -14.749716 -7.725823 2.654634
v -14.453012 -7.779814 1.853583
v -14.731246 -8.671087 2.728026
v -14.477896 -8.717189 1.918344
v -14.811092 -7.731613 2.634035
v -14.514389 -7.785604 1.832983
vn 0.9504 0.1099 0.2911
vn -0.9504 -0.1099 -0.2911
vn -0.3232 0.0670 0.9440
vn 0.0677 -0.9947 0.0778
vn 0.3236 -0.0738 -0.9433
vn -0.0634 0.9939 -0.0905
vn 0.9371 0.0681 0.3425
vn -0.9371 -0.0681 -0.3425
vn -0.3231 0.0670 0.9440
v -14.421860 -8.710425 1.900424
v -14.041352 -8.779667 1.208270
v -14.438126 -7.782523 1.960954
v -14.005517 -7.861245 1.248331
v -14.477968 -8.708049 1.867697
v -14.097462 -8.777289 1.175543
v -14.494235 -7.780145 1.928226
v -14.061626 -7.858867 1.215603
vn 0.8537 -0.0190 0.5204
vn -0.8726 0.0552 -0.4852
vn -0.5048 -0.0650 0.8608
vn -0.0759 -0.9954 0.0578
vn 0.5043 0.0180 -0.8633
vn 0.0785 0.9950 -0.0623
vn 0.8726 -0.0552 0.4852
vn -0.8537 0.0190 -0.5204
v -13.552767 -8.868574 0.730237
v -12.976945 -8.973356 0.588735
v -13.462890 -7.959987 0.698628
v -12.809161 -8.078945 0.623841
v -13.563726 -8.866884 0.666190
v -12.987904 -8.971666 0.524688
v -13.473848 -7.958297 0.634580
v -12.820120 -8.077255 0.559793
vn 0.1177 0.0229 0.9928
vn -0.2241 0.0802 -0.9713
vn -0.9800 0.1029 0.1704
vn -0.1780 -0.9840 0.0045
vn 0.9697 -0.1752 -0.1705
vn 0.1785 0.9839 -0.0046
vn 0.2241 -0.0802 0.9713
vn -0.1177 -0.0229 -0.9928
v -12.973031 -8.974069 0.616966
v -12.374392 -9.083003 0.640037
v -12.820090 -8.076956 0.545011
v -12.148964 -8.199080 0.595704
v -12.970150 -8.978909 0.552210
v -12.371511 -9.087844 0.575282
v -12.817209 -8.081796 0.480256
v -12.146083 -8.203920 0.530949
vn -0.0231 0.0838 0.9962
vn 0.0231 -0.0838 -0.9962
vn -0.9850 0.1634 -0.0560
vn -0.1811 -0.9813 0.0653
vn 0.9679 -0.2438 0.0613
vn 0.1834 0.9809 -0.0652
vn -0.0632 0.0661 0.9958
vn 0.0632 -0.0661 -0.9958
v -12.375755 -9.082754 0.630198
v -11.781960 -9.190807 0.911017
v -12.147407 -8.199364 0.606937
v -11.497562 -8.317616 0.830554
v -12.353214 -9.092885 0.570080
v -11.759418 -9.200938 0.850899
v -12.124865 -8.209494 0.546818
v -11.475021 -8.327745 0.770435
vn -0.4048 0.1285 0.9053
vn 0.4048 -0.1285 -0.9053
vn -0.8999 0.2227 -0.3749
vn -0.2162 -0.9728 0.0829
vn 0.8904 -0.2553 0.3769
vn 0.2071 0.9745 -0.0866
vn -0.2904 0.1812 0.9396
vn 0.2904 -0.1812 -0.9396
vn -0.8999 0.2227 -0.3750
vn 0.2071 0.9745 -0.0865
v -10.774969 -9.374049 2.100461
v -10.426021 -9.437548 2.959605
v -10.372486 -8.522346 2.171392
v -10.011363 -8.588058 2.927208
v -10.720956 -9.399410 2.074683
v -10.372008 -9.462909 2.933827
v -10.318473 -8.547706 2.145615
v -9.957351 -8.613420 2.901431
vn -0.8505 0.3709 0.3729
vn 0.8505 -0.3709 -0.3729
vn -0.3284 0.2314 -0.9158
vn -0.3879 -0.9173 0.0898
vn 0.3697 -0.1455 0.9177
vn 0.3821 0.9184 -0.1027
vn -0.8083 0.4106 0.4219
vn 0.8083 -0.4106 -0.4219
vn -0.3879 -0.9173 0.0897
vn 0.3697 -0.1454 0.9177
vn 0.3822 0.9184 -0.1028
v -10.417123 -9.439166 3.023785
v -10.213532 -9.476213 3.926804
v -10.010017 -8.588304 2.936912
v -9.775437 -8.630991 3.998260
v -10.360327 -9.467596 3.009962
v -10.156736 -9.504642 3.912982
v -9.953222 -8.616732 2.923089
v -9.718641 -8.659419 3.984437
vn -0.8723 0.4393 0.2147
vn 0.8723 -0.4393 -0.2147
vn -0.2311 0.0113 -0.9729
vn -0.4348 -0.8984 0.0612
vn 0.1555 -0.1630 0.9743
vn 0.4351 0.8984 -0.0600
vn -0.8750 0.4357 0.2109
vn 0.8750 -0.4357 -0.2109
v -14.811199 -7.673978 4.715713
v -14.876492 -7.662097 3.611563
v -14.861547 -6.739873 4.766210
v -14.920816 -6.729088 3.651364
v -14.876007 -7.677439 4.719315
v -14.941299 -7.665557 3.615166
v -14.926355 -6.743333 4.769813
v -14.985624 -6.732549 3.654967
vn 0.9970 0.0566 -0.0525
vn -0.9970 -0.0499 0.0584
vn 0.0581 -0.0508 0.9970
vn 0.0525 -0.9985 -0.0139
vn -0.0576 0.0398 -0.9975
vn -0.0526 0.9985 0.0125
vn 0.9970 0.0499 -0.0584
vn -0.9970 -0.0566 0.0525
vn 0.0526 -0.9985 -0.0139
v -14.859283 -7.665229 3.735680
v -14.740055 -7.686925 2.739128
v -14.905499 -6.731875 3.761847
v -14.769768 -6.756574 2.725612
v -14.923735 -7.667800 3.727655
v -14.804507 -7.689495 2.731103
v -14.969951 -6.734447 3.753822
v -14.834219 -6.759146 2.717587
vn 0.9906 0.0454 0.1287
vn -0.9925 -0.0334 -0.1180
vn -0.1222 -0.0339 0.9919
vn 0.0366 -0.9990 0.0261
vn 0.1240 -0.0105 -0.9922
vn -0.0363 0.9989 -0.0286
vn 0.9925 0.0334 0.1180
vn -0.9906 -0.0454 -0.1287
v -14.740387 -7.686865 2.736737
v -14.447132 -7.740227 1.898612
v -14.772169 -6.756137 2.708294
v -14.438590 -6.816837 1.908541
v -14.801109 -7.687857 2.713567
v -14.507854 -7.741220 1.875443
v -14.832891 -6.757130 2.685125
v -14.499312 -6.817831 1.885371
vn 0.9232 0.0432 0.3818
vn -0.9436 0.0123 -0.3309
vn -0.3567 0.0164 0.9341
vn -0.0070 -0.9981 0.0611
vn 0.3564 0.0067 -0.9343
vn 0.0109 0.9974 -0.0712
vn 0.9436 -0.0123 0.3309
vn -0.9232 -0.0432 -0.3818
vn 0.0108 0.9974 -0.0712
v -14.446650 -7.740315 1.902097
v -14.016247 -7.818636 1.157664
v -14.434210 -6.817635 1.940131
v -13.948081 -6.906096 1.268606
v -14.500751 -7.735045 1.866457
v -14.070349 -7.813365 1.122024
v -14.488312 -6.812366 1.904491
v -14.002183 -6.900826 1.232966
vn 0.8073 -0.0352 0.5891
vn -0.8531 0.1253 -0.5064
vn -0.5517 -0.0269 0.8336
vn -0.1198 -0.9922 0.0351
vn 0.5532 0.0597 -0.8309
vn 0.1236 0.9915 -0.0411
vn 0.8531 -0.1253 0.5064
vn -0.8073 0.0352 -0.5891
v -13.995911 -7.822336 1.304341
v -13.454618 -7.920835 0.726506
v -13.961368 -6.903678 1.172773
v -13.337502 -7.017202 0.807342
v -14.036573 -7.820363 1.253669
v -13.495280 -7.918861 0.675834
v -14.002031 -6.901706 1.122101
v -13.378164 -7.015230 0.756670
vn 0.5166 0.1023 0.8501
vn -0.7080 0.1534 -0.6894
vn -0.7722 0.1184 0.6243
vn -0.1193 -0.9912 0.0572
vn 0.7783 -0.0448 -0.6263
vn 0.1376 0.9879 -0.0720
vn 0.7080 -0.1534 0.6894
vn -0.5166 -0.1023 -0.8501
v -13.450645 -7.921557 0.755155
v -12.802678 -8.039468 0.618947
v -13.345053 -7.015828 0.752884
v -12.641729 -7.143812 0.604755
v -13.463789 -7.920194 0.691512
v -12.815822 -8.038104 0.555304
v -13.358196 -7.014465 0.689242
v -12.654873 -7.142449 0.541112
vn 0.2024 -0.0211 0.9791
vn -0.2020 0.0208 -0.9792
vn -0.9725 0.1139 0.2033
vn -0.1759 -0.9843 0.0152
vn 0.9632 -0.1763 -0.2027
vn 0.1759 0.9843 -0.0152
vn 0.2020 -0.0208 0.9792
vn -0.2024 0.0211 -0.9791
vn 0.1759 0.9843 -0.0153
v -12.808008 -8.038498 0.580502
v -12.133808 -8.161182 0.633500
v -12.645525 -7.143122 0.577374
v -11.933783 -7.272637 0.489968
v -12.810493 -8.043318 0.515728
v -12.136293 -8.166002 0.568726
v -12.648010 -7.147942 0.512601
v -11.936268 -7.277457 0.425194
vn -0.0753 0.0171 0.9970
vn 0.0753 -0.0171 -0.9970
vn -0.9836 0.1786 0.0245
vn -0.1845 -0.9796 0.0800
vn 0.9746 -0.2228 -0.0208
vn 0.1690 0.9824 -0.0796
vn 0.1435 0.1262 0.9816
vn -0.1435 -0.1263 -0.9816
v -12.131776 -8.161552 0.648162
v -11.478828 -8.280369 0.875651
v -11.929055 -7.273498 0.524070
v -11.196332 -7.406831 0.943788
v -12.105886 -8.170555 0.589224
v -11.452938 -8.289371 0.816713
v -11.903165 -7.282500 0.465132
v -11.170443 -7.415833 0.884850
vn -0.2904 0.1971 0.9364
vn 0.2904 -0.1971 -0.9364
vn -0.8972 0.1466 -0.4165
vn -0.1995 -0.9780 0.0618
vn 0.8526 -0.3086 0.4217
vn 0.2101 0.9760 -0.0568
vn -0.4830 0.0882 0.8712
vn 0.4830 -0.0882 -0.8712
v -11.491521 -8.278059 0.784103
v -10.881851 -8.389001 1.332664
v -11.205919 -7.405086 0.874640
v -10.551357 -7.524197 1.417962
v -11.450497 -8.287594 0.734595
v -10.840827 -8.398534 1.283156
v -11.164895 -7.414620 0.825131
v -10.510333 -7.533731 1.368454
vn -0.6491 0.1347 0.7487
vn 0.6491 -0.1347 -0.7487
vn -0.7062 0.2977 -0.6425
vn -0.1994 -0.9796 0.0234
vn 0.6951 -0.3287 0.6393
vn 0.1984 0.9798 -0.0243
vn -0.6135 0.1581 0.7737
vn 0.6135 -0.1581 -0.7737
vn -0.7061 0.2977 -0.6425
vn -0.1994 -0.9796 0.0235
v -10.868862 -8.391364 1.426347
v -10.353153 -8.485208 2.192716
v -10.553100 -7.523880 1.405396
v -10.023243 -7.620296 2.021324
v -10.821555 -8.413302 1.387544
v -10.305845 -8.507146 2.153913
v -10.505792 -7.545819 1.366593
v -9.975936 -7.642237 1.982521
vn -0.7754 0.2957 0.5580
vn 0.7754 -0.2957 -0.5580
vn -0.5693 0.1879 -0.8003
vn -0.3394 -0.9337 0.1141
vn 0.6108 -0.0768 0.7881
vn 0.3251 0.9363 -0.1331
vn -0.6703 0.3818 0.6364
vn 0.6703 -0.3818 -0.6364
vn -0.5693 0.1879 -0.8004
v -10.370217 -8.482102 2.069638
v -9.976591 -8.553730 3.052219
v -10.007884 -7.623092 2.132101
v -9.609265 -7.695628 2.991990
v -10.315176 -8.505457 2.044143
v -9.921551 -8.577085 3.026725
v -9.952843 -7.646448 2.106606
v -9.554224 -7.718985 2.966495
vn -0.8649 0.3378 0.3711
vn 0.8649 -0.3378 -0.3711
vn -0.3367 0.2088 -0.9182
vn -0.3594 -0.9301 0.0762
vn 0.3831 -0.0995 0.9183
vn 0.3551 0.9308 -0.0861
vn -0.8255 0.3825 0.4150
vn 0.8255 -0.3825 -0.4150
v -14.878071 -6.696209 4.658523
v -14.907462 -6.690862 3.757033
v -14.873008 -5.772187 4.814233
v -14.925993 -5.762545 3.698471
v -14.943014 -6.696820 4.661170
v -14.972405 -6.691471 3.759680
v -14.937951 -5.772798 4.816880
v -14.990936 -5.763156 3.701118
vn 0.9989 0.0025 -0.0474
vn -0.9993 -0.0179 0.0325
vn 0.0417 -0.1663 0.9852
vn 0.0091 -0.9999 -0.0062
vn -0.0401 -0.0637 -0.9972
vn -0.0090 0.9999 0.0091
vn 0.9993 0.0179 -0.0325
vn -0.9989 -0.0025 0.0474
vn 0.0417 -0.1662 0.9852
vn 0.0092 -0.9999 -0.0062
vn -0.0400 -0.0637 -0.9972
v -14.922049 -6.688208 3.651825
v -14.775970 -6.714788 2.683914
v -14.916325 -5.764305 3.768200
v -14.745529 -5.795384 2.849265
v -14.986072 -6.685294 3.640984
v -14.839993 -6.711876 2.673073
v -14.980349 -5.761392 3.757359
v -14.809553 -5.792471 2.838424
vn 0.9826 -0.0292 0.1836
vn -0.9868 0.0597 -0.1506
vn -0.1711 -0.1221 0.9777
vn -0.0488 -0.9986 0.0201
vn 0.1720 0.1688 -0.9705
vn 0.0496 0.9985 -0.0246
vn 0.9868 -0.0598 0.1506
vn -0.9826 0.0292 -0.1836
vn 0.1720 0.1689 -0.9705
v -14.434774 -6.776875 1.929059
v -13.935962 -6.867644 1.335938
v -14.402027 -5.857891 1.905373
v -13.882566 -5.952417 1.193122
v -14.486099 -6.778084 1.889194
v -13.987288 -6.868853 1.296072
v -14.453352 -5.859100 1.865507
v -13.933892 -5.953626 1.153257
vn 0.8070 -0.0135 0.5904
vn -0.7683 -0.0547 -0.6378
vn -0.6135 0.0422 0.7886
vn -0.0573 -0.9929 0.1038
vn 0.6081 -0.1569 -0.7782
vn 0.0505 0.9942 -0.0951
vn 0.7683 0.0547 0.6378
vn -0.8070 0.0135 -0.5904
v -12.639160 -7.103623 0.571630
v -11.922828 -7.233974 0.500985
v -12.468805 -6.209679 0.625282
v -11.709994 -6.347759 0.526037
v -12.645811 -7.099339 0.507114
v -11.929479 -7.229689 0.436469
v -12.475455 -6.205395 0.560765
v -11.716645 -6.343475 0.461521
vn 0.0842 -0.0757 0.9936
vn -0.0842 0.0757 -0.9936
vn -0.9773 0.1795 0.1127
vn -0.1833 -0.9820 -0.0463
vn 0.9667 -0.2289 -0.1148
vn 0.1847 0.9817 0.0461
vn 0.1193 -0.0567 0.9912
vn -0.1193 0.0567 -0.9912
vn -0.9773 0.1795 0.1126
vn 0.9666 -0.2289 -0.1149
vn 0.1847 0.9817 0.0462
v -11.188931 -7.367520 0.913942
v -10.546215 -7.484476 1.358750
v -10.945241 -6.486920 0.849401
v -10.258125 -6.611955 1.346402
v -11.153718 -7.380529 0.860878
v -10.511002 -7.497484 1.305686
v -10.910028 -6.499929 0.796337
v -10.222912 -6.624964 1.293338
vn -0.5310 0.2072 0.8217
vn 0.5310 -0.2072 -0.8217
vn -0.7990 0.1790 -0.5741
vn -0.2335 -0.9689 0.0826
vn 0.7779 -0.2487 0.5772
vn 0.2351 0.9685 -0.0814
vn -0.5516 0.1936 0.8113
vn 0.5516 -0.1936 -0.8113
vn 0.7779 -0.2487 0.5771
v -10.548996 -7.483970 1.338693
v -9.988357 -7.585989 2.166610
v -10.248466 -6.613712 1.416064
v -9.695379 -6.714357 1.983835
v -10.501653 -7.502549 1.298217
v -9.941013 -7.604568 2.126133
v -10.201123 -6.632294 1.375587
v -9.648036 -6.732938 1.943357
vn -0.7940 0.2239 0.5652
vn 0.7940 -0.2239 -0.5652
vn -0.5646 0.2645 -0.7818
vn -0.2996 -0.9502 0.0858
vn 0.6369 -0.0528 0.7692
vn 0.2829 0.9532 -0.1066
vn -0.6366 0.3573 0.6835
vn 0.6366 -0.3573 -0.6835
v -9.997297 -7.584362 2.102128
v -9.596336 -7.657324 2.972591
v -9.688837 -6.715548 2.031018
v -9.271448 -6.791500 2.890678
v -9.942873 -7.606674 2.074465
v -9.541913 -7.679636 2.944928
v -9.634414 -6.737860 2.003355
v -9.217025 -6.813812 2.863016
vn -0.8365 0.3326 0.4355
vn 0.8379 -0.3537 -0.4156
vn -0.4263 0.0776 -0.9013
vn -0.3432 -0.9359 0.0796
vn 0.4272 -0.0751 0.9010
vn 0.3416 0.9362 -0.0831
vn -0.8379 0.3537 0.4156
vn 0.8365 -0.3326 -0.4355
v -9.596123 -7.657363 2.974136
v -9.379984 -7.696694 3.843570
v -9.267120 -6.792288 2.921896
v -9.019209 -6.837399 3.976389
v -9.537207 -7.680219 2.958922
v -9.321068 -7.719549 3.828356
v -9.208204 -6.815144 2.906682
v -8.960293 -6.860256 3.961175
vn -0.9023 0.3577 0.2405
vn 0.9023 -0.3577 -0.2405
vn -0.2383 0.0320 -0.9707
vn -0.3512 -0.9352 0.0450
vn 0.1640 -0.2176 0.9622
vn 0.3517 0.9351 -0.0427
vn -0.9097 0.3466 0.2287
vn 0.9097 -0.3466 -0.2287
vn -0.2382 0.0320 -0.9707
vn 0.3518 0.9351 -0.0427
v -14.884885 -5.729369 4.727782
v -14.924150 -5.722224 3.709243
v -14.853359 -4.810161 4.810096
v -14.893661 -4.802828 3.748979
v -14.949805 -5.727344 4.730280
v -14.989071 -5.720199 3.711741
v -14.918280 -4.808137 4.812593
v -14.958582 -4.800804 3.751477
vn 0.9988 -0.0308 -0.0381
vn -0.9988 0.0314 0.0387
vn 0.0355 -0.0903 0.9953
vn -0.0314 -0.9995 -0.0058
vn -0.0370 0.0444 -0.9983
vn 0.0314 0.9995 0.0057
vn 0.9988 -0.0314 -0.0387
vn -0.9988 0.0308 0.0381
v -14.914719 -5.723940 3.777271
v -14.752186 -5.753517 2.793659
v -14.896418 -4.802326 3.729095
v -14.699144 -4.838224 2.893165
v -14.978404 -5.721113 3.764576
v -14.815871 -5.750689 2.780964
v -14.960104 -4.799499 3.716400
v -14.762830 -4.835396 2.880469
vn 0.9732 -0.0073 0.2300
vn -0.9835 0.0749 -0.1648
vn -0.1928 0.0550 0.9797
vn -0.0487 -0.9986 0.0220
vn 0.1987 0.0945 -0.9755
vn 0.0505 0.9982 -0.0310
vn 0.9835 -0.0749 0.1648
vn -0.9732 0.0073 -0.2300
vn 0.0505 0.9982 -0.0309
v -13.866875 -5.914616 1.280090
v -13.211891 -6.033803 0.799448
v -13.774626 -5.006458 1.285384
v -13.079772 -5.132900 0.843900
v -13.902649 -5.908695 1.226145
v -13.247666 -6.027882 0.745502
v -13.810400 -5.000538 1.231439
v -13.115547 -5.126980 0.789954
vn 0.5277 -0.0585 0.8474
vn -0.5723 0.1239 -0.8106
vn -0.8266 0.0807 0.5570
vn -0.1739 -0.9847 0.0072
vn 0.8250 -0.0935 -0.5574
vn 0.1744 0.9847 -0.0076
vn 0.5723 -0.1239 0.8106
vn -0.5277 0.0585 -0.8474
v -13.204855 -6.035084 0.850205
v -12.467046 -6.169342 0.586319
v -13.090249 -5.130994 0.768332
v -12.314219 -5.272208 0.513541
v -13.226252 -6.037173 0.788863
v -12.488443 -6.171432 0.524977
v -13.111647 -5.133084 0.706991
v -12.335616 -5.274297 0.452199
vn 0.3191 0.0453 0.9467
vn -0.3397 -0.0184 -0.9404
vn -0.9354 0.1477 0.3213
vn -0.1487 -0.9852 0.0854
vn 0.9300 -0.1842 -0.3181
vn 0.1509 0.9848 -0.0862
vn 0.3397 0.0184 0.9404
vn -0.3191 -0.0453 -0.9467
v -12.483374 -6.166371 0.468549
v -11.694510 -6.309920 0.572910
v -12.300117 -5.274774 0.615260
v -11.498637 -5.420619 0.544025
v -12.481321 -6.162517 0.403696
v -11.692457 -6.306066 0.508057
v -12.298064 -5.270920 0.550407
v -11.496585 -5.416765 0.479172
vn -0.1532 -0.1297 0.9796
vn 0.1532 0.1297 -0.9796
vn -0.9787 0.2043 -0.0188
vn -0.1705 -0.9833 -0.0638
vn 0.9766 -0.2145 0.0182
vn 0.1842 0.9808 0.0641
vn 0.0908 0.0124 0.9958
vn -0.0908 -0.0124 -0.9958
v -10.931095 -6.448839 0.874352
v -10.257120 -6.571482 1.266031
v -10.700147 -5.565919 0.850042
v -9.982090 -5.696584 1.346350
v -10.897432 -6.456774 0.819317
v -10.223457 -6.579416 1.210996
v -10.666484 -5.573856 0.795007
v -9.948427 -5.704521 1.291315
vn -0.4765 0.1485 0.8665
vn 0.4765 -0.1485 -0.8665
vn -0.8226 0.2005 -0.5321
vn -0.1923 -0.9810 0.0238
vn 0.7945 -0.2983 0.5290
vn 0.1941 0.9807 -0.0227
vn -0.5537 0.0981 0.8269
vn 0.5537 -0.0981 -0.8269
v -9.681379 -6.676249 1.989102
v -9.246638 -6.755358 2.968840
v -9.375960 -5.806881 2.124920
v -8.964991 -5.881665 2.830308
v -9.626401 -6.694811 1.959815
v -9.191660 -6.773920 2.939553
v -9.320982 -5.825444 2.095633
v -8.910011 -5.900228 2.801020
vn -0.8788 0.2447 0.4097
vn 0.8788 -0.2447 -0.4097
vn -0.3795 0.2715 -0.8845
vn -0.2938 -0.9544 0.0533
vn 0.4674 -0.0105 0.8840
vn 0.2874 0.9555 -0.0661
vn -0.7977 0.3365 0.5004
vn 0.7977 -0.3365 -0.5004
v -9.246385 -6.755404 2.970670
v -9.028003 -6.795144 3.810447
v -8.943402 -5.885593 2.986019
v -8.720520 -5.926151 3.823152
v -9.187008 -6.775983 2.954060
v -8.968626 -6.815722 3.793838
v -8.884026 -5.906172 2.969409
v -8.661144 -5.946730 3.806542
vn -0.9150 0.3143 0.2528
vn 0.9150 -0.3143 -0.2528
vn -0.2360 0.0993 -0.9667
vn -0.3178 -0.9474 0.0378
vn 0.2365 -0.0978 0.9667
vn 0.3176 0.9475 -0.0386
vn -0.9119 0.3189 0.2582
vn 0.9119 -0.3189 -0.2582
v -14.868299 -4.766786 4.690604
v -14.877605 -4.765093 3.851687
v -14.808934 -3.852645 4.739623
v -14.838225 -3.847315 3.729440
v -14.933187 -4.763234 4.691972
v -14.942493 -4.761540 3.853055
v -14.873823 -3.849093 4.740991
v -14.903114 -3.843762 3.730808
vn 0.9979 -0.0642 -0.0112
vn -0.9979 0.0642 0.0112
vn 0.0180 -0.0547 0.9983
vn -0.0547 -0.9985 -0.0014
vn -0.0281 -0.1308 -0.9910
vn 0.0547 0.9985 0.0037
vn 0.9985 -0.0467 -0.0292
vn -0.9985 0.0467 0.0292
v -14.698946 -4.797603 2.877508
v -14.323723 -4.865882 1.984295
v -14.628889 -3.885407 2.897011
v -14.233649 -3.957329 2.021689
v -14.758104 -4.791580 2.851258
v -14.382880 -4.859859 1.958045
v -14.688047 -3.879385 2.870762
v -14.292807 -3.951306 1.995439
vn 0.9062 -0.0785 0.4156
vn -0.9138 0.1067 -0.3920
vn -0.4046 0.0115 0.9144
vn -0.1136 -0.9931 0.0282
vn 0.4054 -0.0026 -0.9142
vn 0.1144 0.9930 -0.0299
vn 0.9137 -0.1067 0.3920
vn -0.9062 0.0785 -0.4156
vn 0.4054 -0.0026 -0.9141
v -14.326660 -4.865348 1.963111
v -13.772377 -4.966210 1.269907
v -14.237332 -3.956659 1.995121
v -13.657290 -4.062209 1.322878
v -14.375762 -4.857846 1.921186
v -13.821479 -4.958708 1.227982
v -14.286434 -3.949157 1.953196
v -13.706392 -4.054707 1.280952
vn 0.7460 -0.0965 0.6589
vn -0.7643 0.1343 -0.6307
vn -0.6457 0.0366 0.7627
vn -0.1624 -0.9866 0.0137
vn 0.6456 -0.0375 -0.7628
vn 0.1629 0.9865 -0.0143
vn 0.7643 -0.1343 0.6307
vn -0.7460 0.0965 -0.6589
v -13.772874 -4.966120 1.266320
v -13.086898 -5.090947 0.751182
v -13.656399 -4.062372 1.329306
v -12.940372 -4.192667 0.838952
v -13.809150 -4.956388 1.213269
v -13.123174 -5.081214 0.698131
v -13.692675 -4.052639 1.276256
v -12.976648 -4.182934 0.785902
vn 0.5444 -0.1279 0.8290
vn -0.5714 0.1716 -0.8025
vn -0.8180 0.0656 0.5714
vn -0.2065 -0.9777 -0.0381
vn 0.8163 -0.0772 -0.5724
vn 0.2049 0.9780 0.0393
vn 0.5714 -0.1716 0.8025
vn -0.5444 0.1279 -0.8290
v -13.091291 -5.090147 0.719495
v -12.295177 -5.235016 0.599232
v -12.936787 -4.193319 0.864817
v -12.145178 -4.337368 0.506063
v -13.109203 -5.085297 0.657200
v -12.313089 -5.230166 0.536937
v -12.954699 -4.188469 0.802522
v -12.163090 -4.332518 0.443768
vn 0.3715 -0.2105 0.9043
vn -0.1623 -0.0750 -0.9839
vn -0.9518 0.1181 0.2829
vn -0.1825 -0.9829 -0.0240
vn 0.9402 -0.1867 -0.2849
vn 0.1887 0.9818 0.0222
vn 0.1623 0.0750 0.9839
vn -0.3715 0.2105 -0.9043
vn -0.1825 -0.9829 -0.0241
v -12.306925 -5.232878 0.514502
v -11.487967 -5.381903 0.559002
v -12.129143 -4.340285 0.621716
v -11.294093 -4.492239 0.576287
v -12.306166 -5.228507 0.449654
v -11.487208 -5.377532 0.494154
v -12.128384 -4.335914 0.556868
v -11.293334 -4.487867 0.511439
vn -0.0729 -0.1046 0.9918
vn 0.0729 0.1046 -0.9918
vn -0.9808 0.1951 0.0017
vn -0.1750 -0.9822 -0.0683
vn 0.9771 -0.2129 -0.0029
vn 0.1822 0.9809 0.0682
vn 0.0488 -0.0300 0.9984
vn -0.0488 0.0300 -0.9984
vn 0.1822 0.9809 0.0683
v -11.491076 -5.381338 0.536579
v -10.700876 -5.525130 0.773168
v -11.299764 -4.491207 0.535393
v -10.467669 -4.642623 0.882194
v -11.469325 -5.382822 0.475344
v -10.679126 -5.526614 0.711933
v -11.278013 -4.492692 0.474158
v -10.445919 -4.644107 0.820959
vn -0.2762 0.0606 0.9592
vn 0.2762 -0.0606 -0.9592
vn -0.9222 0.1978 -0.3324
vn -0.1685 -0.9850 -0.0360
vn 0.9027 -0.2790 0.3274
vn 0.1649 0.9857 0.0347
vn -0.3865 -0.0118 0.9222
vn 0.3865 0.0118 -0.9222
v -10.704007 -5.524560 0.750586
v -9.975796 -5.657073 1.311868
v -10.465720 -4.642978 0.896253
v -9.739697 -4.775092 1.276917
v -10.669562 -5.530384 0.695772
v -9.941351 -5.662897 1.257054
v -10.431275 -4.648802 0.841439
v -9.705252 -4.780916 1.222103
vn -0.6064 0.0326 0.7945
vn 0.6064 -0.0326 -0.7945
vn -0.7925 0.3018 -0.5300
vn -0.1750 -0.9845 -0.0054
vn 0.8203 -0.1983 0.5365
vn 0.1760 0.9844 0.0060
vn -0.4371 0.1521 0.8865
vn 0.4371 -0.1521 -0.8865
vn -0.1750 -0.9846 -0.0054
v -9.982730 -5.655811 1.261859
v -9.384583 -5.764655 1.976508
v -9.725558 -4.777665 1.378900
v -9.129303 -4.886165 1.953426
v -9.936683 -5.666862 1.217333
v -9.338536 -5.775707 1.931983
v -9.679510 -4.788716 1.334374
v -9.083256 -4.897217 1.908901
vn -0.7499 0.1333 0.6480
vn 0.7499 -0.1333 -0.6480
vn -0.6313 0.2812 -0.7227
vn -0.2092 -0.9775 0.0262
vn 0.6628 -0.1735 0.7285
vn 0.2063 0.9780 -0.0294
vn -0.6582 0.2103 0.7228
vn 0.6582 -0.2103 -0.7228
v -9.365826 -5.768069 2.111805
v -8.948758 -5.843962 2.857185
v -9.112037 -4.889307 2.077960
v -8.666387 -4.970402 2.949984
v -9.310840 -5.783855 2.080944
v -8.893772 -5.859748 2.826324
v -9.057051 -4.905093 2.047099
v -8.611401 -4.986188 2.919123
vn -0.8314 0.2590 0.4916
vn 0.8314 -0.2590 -0.4916
vn -0.4649 0.1004 -0.8797
vn -0.2532 -0.9665 0.0433
vn 0.4251 -0.2304 0.8753
vn 0.2547 0.9662 -0.0403
vn -0.8581 0.2285 0.4598
vn 0.8581 -0.2285 -0.4598
vn -0.2532 -0.9664 0.0433
v -14.793168 -3.814858 4.831977
v -14.824320 -3.809189 3.807343
v -14.726816 -2.901987 4.727470
v -14.752105 -2.897386 3.724957
v -14.857941 -3.809752 4.833806
v -14.889092 -3.804082 3.809173
v -14.791590 -2.896882 4.729299
v -14.816878 -2.892280 3.726787
vn 0.9966 -0.0760 -0.0307
vn -0.9966 0.0760 0.0307
vn 0.0368 0.1110 0.9931
vn -0.0787 -0.9969 -0.0031
vn -0.0350 -0.0872 -0.9956
vn 0.0786 0.9969 0.0026
vn 0.9964 -0.0812 -0.0255
vn -0.9964 0.0812 0.0255
vn 0.0787 0.9969 0.0026
v -14.836646 -3.806946 3.718435
v -14.629597 -3.844623 2.866488
v -14.736280 -2.900265 3.839095
v -14.535016 -2.936889 2.886278
v -14.899506 -3.799066 3.703889
v -14.692456 -3.836743 2.851942
v -14.799139 -2.892386 3.824549
v -14.597876 -2.929009 2.871733
vn 0.9684 -0.1351 0.2097
vn -0.9652 0.1058 -0.2392
vn -0.2364 -0.1024 0.9662
vn -0.1273 -0.9918 0.0129
vn 0.2252 -0.0022 -0.9743
vn 0.1269 0.9918 -0.0113
vn 0.9652 -0.1058 0.2392
vn -0.9684 0.1351 -0.2097
v -14.645912 -3.841654 2.748815
v -14.237493 -3.915974 1.963734
v -14.538131 -2.936322 2.863813
v -14.131416 -3.010332 1.972354
v -14.703526 -3.832885 2.720028
v -14.295106 -3.907205 1.934947
v -14.595745 -2.927554 2.835025
v -14.189031 -3.001563 1.943566
vn 0.8930 -0.1598 0.4207
vn -0.8778 0.1073 -0.4668
vn -0.4534 -0.0590 0.8894
vn -0.1564 -0.9876 0.0121
vn 0.4413 -0.0432 -0.8963
vn 0.1558 0.9877 -0.0109
vn 0.8778 -0.1073 0.4668
vn -0.8930 0.1598 -0.4207
v -14.236747 -3.916109 1.969110
v -13.663567 -4.020411 1.241094
v -14.123775 -3.011722 2.027472
v -13.538203 -3.118279 1.266233
v -14.287019 -3.907613 1.928792
v -13.713839 -4.011914 1.200776
v -14.174047 -3.003227 1.987154
v -13.588475 -3.109783 1.225915
vn 0.7758 -0.1367 0.6159
vn -0.7708 0.1245 -0.6247
vn -0.6226 0.0273 0.7821
vn -0.1714 -0.9852 0.0062
vn 0.6178 -0.0640 -0.7838
vn 0.1714 0.9852 -0.0061
vn 0.7708 -0.1245 0.6247
vn -0.7758 0.1367 -0.6159
v -13.660127 -4.021037 1.265909
v -12.938673 -4.152319 0.807398
v -13.544491 -3.117134 1.220883
v -12.802488 -3.252156 0.767802
v -13.694191 -4.018877 1.210592
v -12.972737 -4.150159 0.752081
v -13.578555 -3.114975 1.165566
v -12.836553 -3.249997 0.712485
vn 0.5179 -0.0237 0.8551
vn -0.5303 0.0430 -0.8467
vn -0.8415 0.1337 0.5234
vn -0.1468 -0.9878 0.0518
vn 0.8392 -0.1500 -0.5227
vn 0.1477 0.9876 -0.0524
vn 0.5303 -0.0430 0.8467
vn -0.5179 0.0237 -0.8551
v -12.945461 -4.151084 0.758436
v -12.128253 -4.299791 0.576487
v -12.795052 -3.253510 0.821439
v -11.963608 -3.404807 0.588952
v -12.960352 -4.145812 0.695385
v -12.143143 -4.294519 0.513435
v -12.809942 -3.248239 0.758388
v -11.978498 -3.399536 0.525900
vn 0.2492 -0.1093 0.9623
vn -0.2080 0.0519 -0.9767
vn -0.9603 0.1442 0.2388
vn -0.1871 -0.9816 -0.0379
vn 0.9553 -0.1724 -0.2400
vn 0.1890 0.9813 0.0374
vn 0.2080 -0.0519 0.9767
vn -0.2492 0.1093 -0.9623
v -12.135013 -4.298561 0.527731
v -11.278475 -4.454425 0.629450
v -11.980453 -3.401742 0.467445
v -11.101083 -3.561760 0.580636
v -12.127990 -4.303790 0.463323
v -11.271453 -4.459654 0.565042
v -11.973432 -3.406971 0.403038
v -11.094061 -3.566990 0.516228
vn -0.1118 0.0858 0.9900
vn 0.1041 -0.0749 -0.9917
vn -0.9797 0.1608 -0.1199
vn -0.1855 -0.9808 0.0594
vn 0.9748 -0.1871 0.1215
vn 0.1861 0.9807 -0.0593
vn -0.1041 0.0749 0.9917
vn 0.1118 -0.0858 -0.9900
v -11.276859 -4.454719 0.641105
v -10.460270 -4.603313 0.868769
v -11.113169 -3.559561 0.493462
v -10.271105 -3.712791 0.762093
v -11.260564 -4.466735 0.579339
v -10.443975 -4.615330 0.807003
v -11.096874 -3.571578 0.431696
v -10.254810 -3.724808 0.700327
vn -0.2637 0.2037 0.9428
vn 0.2369 -0.1650 -0.9574
vn -0.9524 0.1286 -0.2763
vn -0.2130 -0.9681 0.1322
vn 0.9449 -0.1670 0.2817
vn 0.2177 0.9672 -0.1307
vn -0.2369 0.1650 0.9574
vn 0.2637 -0.2037 -0.9428
v -10.460058 -4.603352 0.870295
v -9.721885 -4.737677 1.332328
v -10.262682 -3.714324 0.822845
v -9.497408 -3.853580 1.357737
v -10.425603 -4.612225 0.815898
v -9.687428 -4.746551 1.277930
v -10.228227 -3.723197 0.768447
v -9.462952 -3.862454 1.303340
vn -0.5033 0.1571 0.8497
vn 0.5033 -0.1571 -0.8497
vn -0.8232 0.1536 -0.5465
vn -0.1992 -0.9794 0.0336
vn 0.8073 -0.2207 0.5473
vn 0.2009 0.9791 -0.0325
vn -0.5545 0.1171 0.8239
vn 0.5545 -0.1171 -0.8239
vn -0.8233 0.1536 -0.5465
vn 0.8073 -0.2207 0.5474
v -9.721660 -4.737718 1.333950
v -9.106072 -4.849736 2.043100
v -9.492701 -3.854437 1.391692
v -8.875072 -3.966826 2.021477
v -9.675492 -4.748833 1.289565
v -9.059905 -4.860851 1.998715
v -9.446533 -3.865552 1.347307
v -8.828906 -3.977942 1.977092
vn -0.7353 0.1473 0.6615
vn 0.7353 -0.1473 -0.6615
vn -0.6492 0.2160 -0.7293
vn -0.2092 -0.9775 0.0272
vn 0.6648 -0.1560 0.7306
vn 0.2075 0.9778 -0.0290
vn -0.6825 0.1958 0.7042
vn 0.6825 -0.1958 -0.7042
v -9.115511 -4.848018 1.975022
v -8.671379 -4.928837 2.833074
v -8.879064 -3.966100 1.992696
v -8.420744 -4.049500 2.893935
v -9.059603 -4.862142 1.945025
v -8.615471 -4.942961 2.803077
v -8.823155 -3.980225 1.962699
v -8.364836 -4.063625 2.863939
vn -0.8576 0.2206 0.4647
vn 0.8576 -0.2206 -0.4647
vn -0.4415 0.1361 -0.8869
vn -0.2308 -0.9726 0.0278
vn 0.4284 -0.1833 0.8848
vn 0.2310 0.9726 -0.0275
vn -0.8625 0.2141 0.4585
vn 0.8625 -0.2141 -0.4585
v -8.654384 -4.931930 2.955655
v -8.409351 -4.976518 3.923039
v -8.420820 -4.049486 2.893383
v -8.186308 -4.092160 3.764719
v -8.594062 -4.949587 2.939085
v -8.349030 -4.994176 3.906469
v -8.360499 -4.067145 2.876813
v -8.125987 -4.109819 3.748149
vn -0.9280 0.2642 0.2627
vn 0.9279 -0.2784 -0.2479
vn -0.2644 0.0019 -0.9644
vn -0.2745 -0.9613 0.0252
vn 0.2900 0.0973 0.9521
vn 0.2741 0.9613 -0.0267
vn -0.9279 0.2784 0.2479
vn 0.9280 -0.2642 -0.2627
vn -0.2643 0.0019 -0.9644
v -14.714745 -2.863527 4.784878
v -14.739829 -2.858963 3.783081
v -14.601538 -1.959184 4.844582
v -14.622544 -1.955362 3.857947
v -14.779219 -2.855421 4.786407
v -14.804304 -2.850856 3.784610
v -14.666012 -1.951078 4.846110
v -14.687019 -1.947255 3.859476
vn 0.9922 -0.1228 -0.0216
vn -0.9916 0.1266 0.0254
vn 0.0151 -0.0678 0.9976
vn -0.1248 -0.9922 -0.0014
vn -0.0130 0.0842 -0.9964
vn 0.1248 0.9922 0.0012
vn 0.9916 -0.1266 -0.0254
vn -0.9922 0.1228 0.0216
v -14.749385 -2.857224 3.714161
v -14.544298 -2.894543 2.786724
v -14.621912 -1.955477 3.862508
v -14.433369 -1.989786 2.773963
v -14.812465 -2.847950 3.701515
v -14.607378 -2.885269 2.774078
v -14.684992 -1.946202 3.849862
v -14.496449 -1.980512 2.761317
vn 0.9708 -0.1658 0.1734
vn -0.9689 0.1157 -0.2189
vn -0.2132 -0.1292 0.9684
vn -0.1469 -0.9891 0.0073
vn 0.1912 -0.0373 -0.9809
vn 0.1466 0.9892 -0.0058
vn 0.9689 -0.1157 0.2189
vn -0.9708 0.1658 -0.1734
vn -0.2131 -0.1292 0.9684
v -13.528525 -3.079383 1.295375
v -12.783509 -3.214953 0.858734
v -13.397218 -2.178334 1.276510
v -12.646606 -2.314922 0.779352
v -13.562661 -3.077315 1.240098
v -12.817644 -3.212885 0.803458
v -13.431354 -2.176265 1.221234
v -12.680742 -2.312854 0.724076
vn 0.4975 -0.0544 0.8658
vn -0.4975 0.0544 -0.8658
vn -0.8410 0.1335 0.5243
vn -0.1478 -0.9875 0.0543
vn 0.8351 -0.1731 -0.5222
vn 0.1450 0.9880 -0.0526
vn 0.5509 -0.0102 0.8345
vn -0.5509 0.0102 -0.8345
vn -0.1478 -0.9875 0.0544
v -12.783882 -3.214886 0.856045
v -11.955743 -3.365582 0.594027
v -12.653252 -2.313713 0.731423
v -11.790045 -2.470790 0.614085
v -12.798330 -3.216191 0.792685
v -11.970191 -3.366887 0.530666
v -12.667700 -2.315017 0.668063
v -11.804494 -2.472095 0.550725
vn 0.1541 0.1134 0.9815
vn -0.2884 0.0748 -0.9546
vn -0.9617 0.1692 0.2158
vn -0.1612 -0.9853 0.0571
vn 0.9610 -0.1731 -0.2156
vn 0.1709 0.9835 -0.0592
vn 0.2884 -0.0748 0.9546
vn -0.1541 -0.1134 -0.9815
v -11.969503 -3.363078 0.494775
v -11.097473 -3.521760 0.549329
v -11.790381 -2.470729 0.611657
v -10.922074 -2.628735 0.531105
v -11.969810 -3.359430 0.429878
v -11.097779 -3.518114 0.484432
v -11.790688 -2.467082 0.546760
v -10.922380 -2.625087 0.466208
vn -0.0825 -0.1131 0.9901
vn 0.0825 0.1131 -0.9901
vn -0.9807 0.1948 0.0156
vn -0.1755 -0.9830 -0.0544
vn 0.9811 -0.1930 -0.0155
vn 0.1836 0.9815 0.0543
vn 0.0928 0.0021 0.9957
vn -0.0928 -0.0021 -0.9957
v -11.088332 -3.523424 0.615263
v -10.253738 -3.675295 0.824711
v -10.924685 -2.628260 0.512282
v -10.071734 -2.783470 0.753252
v -11.073270 -3.532446 0.552679
v -10.238676 -3.684317 0.762127
v -10.909622 -2.637282 0.449699
v -10.056672 -2.792493 0.690668
vn -0.2425 0.1545 0.9578
vn 0.2205 -0.1225 -0.9676
vn -0.9568 0.1460 -0.2513
vn -0.2006 -0.9753 0.0923
vn 0.9514 -0.1738 0.2540
vn 0.2033 0.9748 -0.0916
vn -0.2205 0.1225 0.9676
vn 0.2425 -0.1545 -0.9578
v -10.244759 -3.676929 0.889474
v -9.491065 -3.814078 1.336284
v -10.057331 -2.786091 0.857143
v -9.278538 -2.927808 1.398367
v -10.210604 -3.683696 0.834587
v -9.456909 -3.820846 1.281397
v -10.023175 -2.792860 0.802256
v -9.244382 -2.934576 1.343480
vn -0.4872 0.1338 0.8630
vn 0.4872 -0.1338 -0.8630
vn -0.8301 0.1552 -0.5357
vn -0.1832 -0.9831 0.0072
vn 0.8127 -0.2323 0.5344
vn 0.1837 0.9830 -0.0069
vn -0.5596 0.0764 0.8252
vn 0.5596 -0.0764 -0.8252
vn -0.8300 0.1552 -0.5357
v -9.481477 -3.815823 1.405441
v -8.867115 -3.927618 2.008186
v -9.300015 -2.923900 1.243452
v -8.657970 -3.040732 1.979395
v -9.436569 -3.830473 1.360791
v -8.822206 -3.942268 1.963536
v -9.255108 -2.938550 1.198802
v -8.613062 -3.055382 1.934745
vn -0.7059 0.2631 0.6576
vn 0.6716 -0.1817 -0.7183
vn -0.7027 0.0138 -0.7113
vn -0.2452 -0.9669 0.0706
vn 0.6759 -0.1359 0.7244
vn 0.2504 0.9660 -0.0651
vn -0.6716 0.1817 0.7183
vn 0.7059 -0.2631 -0.6576
v -8.862248 -3.928504 2.043283
v -8.404812 -4.011743 2.935956
v -8.663514 -3.039724 1.939412
v -8.205897 -3.122996 2.791599
v -8.807245 -3.945057 2.012859
v -8.349810 -4.028296 2.905532
v -8.608511 -3.056277 1.908987
v -8.150894 -3.139549 2.761174
vn -0.8441 0.2445 0.4772
vn 0.8481 -0.2644 -0.4592
vn -0.4827 0.0056 -0.8758
vn -0.2646 -0.9633 0.0458
vn 0.4910 0.0315 0.8706
vn 0.2637 0.9634 -0.0475
vn -0.8481 0.2644 0.4592
vn 0.8441 -0.2445 -0.4772
vn -0.4827 0.0056 -0.8757
v -8.414898 -4.009908 2.863208
v -8.158250 -4.056610 3.893461
v -8.184664 -3.126860 2.944755
v -7.937445 -3.171846 3.892740
v -8.353745 -4.024766 2.846943
v -8.097096 -4.071468 3.877197
v -8.123510 -3.141718 2.928490
v -7.876292 -3.186705 3.876475
vn -0.9434 0.2233 0.2451
vn 0.9434 -0.2233 -0.2451
vn -0.2208 0.1466 -0.9642
vn -0.2326 -0.9725 0.0139
vn 0.2430 -0.0598 0.9682
vn 0.2324 0.9725 -0.0145
vn -0.9379 0.2343 0.2557
vn 0.9379 -0.2343 -0.2557
vn 0.2325 0.9725 -0.0145
v -14.610682 -1.916863 4.741992
v -14.614366 -1.916193 3.879788
v -14.466621 -1.018134 4.880666
v -14.500201 -1.012023 3.793472
v -14.675018 -1.907685 4.743253
v -14.678702 -1.907015 3.881050
v -14.530957 -1.008956 4.881928
v -14.564538 -1.002846 3.794734
vn 0.9877 -0.1535 -0.0314
vn -0.9921 0.1257 0.0043
vn -0.0023 -0.1521 0.9884
vn -0.1412 -0.9900 -0.0002
vn -0.0325 -0.0909 -0.9953
vn 0.1413 0.9900 0.0012
vn 0.9921 -0.1257 -0.0043
vn -0.9877 0.1535 0.0314
vn 0.1412 0.9900 0.0012
v -14.634415 -1.912544 3.735184
v -14.415567 -1.952368 2.863707
v -14.503126 -1.011491 3.772381
v -14.279135 -1.052251 2.910568
v -14.696529 -1.902550 3.718850
v -14.477683 -1.942373 2.847373
v -14.565241 -1.001496 3.756047
v -14.341249 -1.042256 2.894234
vn 0.9552 -0.1497 0.2553
vn -0.9560 0.1578 -0.2473
vn -0.2547 -0.0028 0.9670
vn -0.1601 -0.9871 0.0049
vn 0.2560 0.0115 -0.9666
vn 0.1602 0.9871 -0.0051
vn 0.9560 -0.1578 0.2473
vn -0.9552 0.1497 -0.2553
v -14.420284 -1.951510 2.829688
v -14.005045 -2.027071 1.927370
v -14.289543 -1.050357 2.835499
v -13.864367 -1.127726 1.961194
v -14.478118 -1.942171 2.801526
v -14.062880 -2.017733 1.899208
v -14.347376 -1.041018 2.807337
v -13.922201 -1.118388 1.933033
vn 0.8869 -0.1315 0.4429
vn -0.8924 0.1555 -0.4237
vn -0.4297 0.0565 0.9012
vn -0.1630 -0.9866 0.0076
vn 0.4331 -0.0339 -0.9007
vn 0.1632 0.9866 -0.0080
vn 0.8924 -0.1555 0.4237
vn -0.8869 0.1315 -0.4429
v -13.379955 -2.140818 1.356874
v -12.638950 -2.275658 0.786805
v -13.249179 -1.239671 1.262396
v -12.473722 -1.380781 0.874570
v -13.413847 -2.135439 1.301670
v -12.672842 -2.270279 0.731602
v -13.283071 -1.234292 1.207192
v -12.507613 -1.375402 0.819366
vn 0.4512 0.0280 0.8920
vn -0.5779 0.1847 -0.7949
vn -0.8312 0.1759 0.5274
vn -0.1719 -0.9851 0.0096
vn 0.8431 -0.1039 -0.5277
vn 0.1738 0.9847 -0.0108
vn 0.5779 -0.1847 0.7949
vn -0.4512 -0.0280 -0.8920
vn 0.8430 -0.1039 -0.5277
v -10.911706 -2.589964 0.550353
v -10.057165 -2.745465 0.799180
v -10.747931 -1.694823 0.485451
v -9.870487 -1.854490 0.833218
v -10.891423 -2.595007 0.488805
v -10.036882 -2.750507 0.737632
v -10.727648 -1.699866 0.423903
v -9.850204 -1.859534 0.771670
vn -0.2580 0.1167 0.9591
vn 0.2580 -0.1167 -0.9591
vn -0.9356 0.1480 -0.3205
vn -0.1845 -0.9826 0.0197
vn 0.9243 -0.2059 0.3215
vn 0.1863 0.9823 -0.0191
vn -0.3618 0.0402 0.9314
vn 0.3618 -0.0402 -0.9314
v -10.058569 -2.745209 0.789055
v -9.271802 -2.888377 1.384681
v -9.879923 -1.852773 0.765160
v -9.093088 -1.995953 1.304391
v -10.022284 -2.755563 0.736129
v -9.235517 -2.898731 1.331755
v -9.843638 -1.863128 0.712234
v -9.056803 -2.006308 1.251465
vn -0.5441 0.1311 0.8287
vn 0.5712 -0.1863 -0.7994
vn -0.8026 0.1452 -0.5786
vn -0.2121 -0.9762 0.0455
vn 0.8096 -0.1102 0.5766
vn 0.2100 0.9766 -0.0471
vn -0.5712 0.1863 0.7994
vn 0.5441 -0.1311 -0.8287
v -9.278069 -2.887236 1.339474
v -8.647732 -3.001938 1.988592
v -9.088258 -1.996832 1.339230
v -8.456336 -2.111823 1.956117
v -9.233581 -2.897611 1.293234
v -8.603243 -3.012313 1.942353
v -9.043769 -2.007207 1.292990
v -8.411847 -2.122198 1.909878
vn -0.6962 0.1486 0.7023
vn 0.6962 -0.1486 -0.7023
vn -0.6959 0.1481 -0.7027
vn -0.2031 -0.9789 0.0242
vn 0.7008 -0.1251 0.7023
vn 0.2024 0.9790 -0.0249
vn -0.6722 0.1708 0.7204
vn 0.6722 -0.1708 -0.7204
vn -0.6958 0.1481 -0.7027
v -8.653036 -3.000973 1.950329
v -8.172985 -3.088328 2.962833
v -8.459490 -2.111249 1.933373
v -7.990959 -2.196507 2.835342
v -8.596728 -3.015210 1.921146
v -8.116676 -3.102564 2.933650
v -8.403181 -2.125485 1.904190
v -7.934650 -2.210744 2.806159
vn -0.8624 0.1965 0.4665
vn 0.8692 -0.2393 -0.4327
vn -0.4428 0.0793 -0.8931
vn -0.2322 -0.9723 0.0262
vn 0.4661 0.0313 0.8842
vn 0.2313 0.9725 -0.0282
vn -0.8692 0.2393 0.4327
vn 0.8624 -0.1965 -0.4665
v -8.173691 -3.088200 2.957747
v -7.943433 -3.130099 3.782882
v -7.985981 -2.197413 2.871246
v -7.733726 -2.243316 3.845684
v -8.112534 -3.102100 2.940671
v -7.882277 -3.144000 3.765805
v -7.924824 -2.211314 2.854170
v -7.672569 -2.257217 3.828608
vn -0.9411 0.2230 0.2541
vn 0.9404 -0.2031 -0.2727
vn -0.2762 -0.0351 -0.9605
vn -0.2186 -0.9758 0.0114
vn 0.2404 -0.1250 0.9626
vn 0.2188 0.9757 -0.0107
vn -0.9404 0.2031 0.2727
vn 0.9411 -0.2230 -0.2541
vn -0.2761 -0.0351 -0.9605
v -14.500663 -0.971282 3.747539
v -14.286947 -1.010173 2.810683
v -14.345060 -0.074654 3.850577
v -14.141565 -0.111684 2.823889
v -14.563173 -0.959913 3.733817
v -14.349456 -0.998803 2.796962
v -14.407570 -0.063285 3.836855
v -14.204075 -0.100315 2.810167
vn 0.9618 -0.1896 0.1975
vn -0.9611 0.1588 -0.2258
vn -0.2264 -0.0723 0.9714
vn -0.1790 -0.9839 -0.0000
vn 0.2109 -0.0198 -0.9773
vn 0.1790 0.9839 -0.0000
vn 0.9611 -0.1588 0.2258
vn -0.9618 0.1896 -0.1975
vn -0.2264 -0.0723 0.9713
vn 0.1789 0.9839 -0.0000
v -14.284502 -1.010617 2.828317
v -13.843948 -1.090785 2.063440
v -14.134898 -0.112897 2.871972
v -13.708045 -0.190572 1.982652
v -14.341255 -1.002236 2.797758
v -13.900702 -1.082403 2.032881
v -14.191651 -0.104516 2.841412
v -13.764798 -0.182190 1.952093
vn 0.8469 -0.1657 0.5052
vn -0.8469 0.1657 -0.5052
vn -0.4697 0.0354 0.8821
vn -0.1539 -0.9880 0.0149
vn 0.4520 -0.1472 -0.8798
vn 0.1529 0.9882 -0.0129
vn 0.8941 -0.0957 0.4375
vn -0.8941 0.0957 -0.4375
v -13.848937 -1.089877 2.027461
v -13.230537 -1.202407 1.349885
v -13.697675 -0.192459 2.057446
v -13.095016 -0.302124 1.232936
v -13.898730 -1.083934 1.986104
v -13.280331 -1.196464 1.308528
v -13.747468 -0.186516 2.016090
v -13.144809 -0.296182 1.191580
vn 0.7189 -0.1439 0.6800
vn -0.7189 0.1439 -0.6800
vn -0.6311 0.0806 0.7715
vn -0.1447 -0.9889 0.0321
vn 0.6134 -0.1919 -0.7661
vn 0.1415 0.9895 -0.0282
vn 0.8038 -0.0439 0.5933
vn -0.8038 0.0439 -0.5933
v -13.241558 -1.200402 1.270399
v -12.487299 -1.337654 0.727415
v -13.097549 -0.301663 1.214663
v -12.314990 -0.444065 0.836904
v -13.273758 -1.193040 1.214417
v -12.519500 -1.330292 0.671433
v -13.129749 -0.294302 1.158682
v -12.347190 -0.436703 0.780922
vn 0.4327 -0.0134 0.9014
vn -0.5470 0.2049 -0.8117
vn -0.8450 0.1669 0.5080
vn -0.1920 -0.9812 -0.0186
vn 0.8563 -0.1031 -0.5061
vn 0.1886 0.9818 0.0206
vn 0.5470 -0.2049 0.8117
vn -0.4327 0.0134 -0.9014
v -10.733380 -1.656813 0.536325
v -9.860394 -1.815670 0.849691
v -10.563579 -0.762769 0.544238
v -9.701418 -0.919656 0.740616
v -10.716275 -1.663479 0.473971
v -9.843288 -1.822336 0.787337
v -10.546474 -0.769434 0.481885
v -9.684313 -0.926321 0.678262
vn -0.2164 0.0325 0.9758
vn 0.3058 -0.1683 -0.9371
vn -0.9432 0.1816 -0.2782
vn -0.1964 -0.9792 0.0508
vn 0.9517 -0.1353 0.2755
vn 0.1904 0.9803 -0.0526
vn -0.3058 0.1683 0.9371
vn 0.2164 -0.0325 -0.9758
v -9.870176 -1.813890 0.779130
v -9.078499 -1.957951 1.351348
v -9.702532 -0.919453 0.732584
v -8.893983 -1.066584 1.393081
v -9.831679 -1.821621 0.727330
v -9.040002 -1.965683 1.299548
v -9.664035 -0.927184 0.680784
v -8.855486 -1.074315 1.341282
vn -0.5616 0.1476 0.8141
vn 0.5616 -0.1476 -0.8141
vn -0.7888 0.1164 -0.6036
vn -0.1853 -0.9826 0.0090
vn 0.7745 -0.1886 0.6038
vn 0.1858 0.9826 -0.0086
vn -0.6199 0.0918 0.7793
vn 0.6199 -0.0918 -0.7793
v -9.093898 -1.955149 1.240279
v -8.435233 -2.075006 2.048563
v -8.913585 -1.063017 1.251699
v -8.257738 -1.182361 2.014027
v -9.045454 -1.965407 1.198172
v -8.386789 -2.085263 2.006456
v -8.865141 -1.073274 1.209592
v -8.209295 -1.192618 1.971920
vn -0.7564 0.1447 0.6379
vn 0.7564 -0.1447 -0.6379
vn -0.6330 0.1377 -0.7618
vn -0.1955 -0.9806 0.0139
vn 0.6410 -0.0980 0.7613
vn 0.1952 0.9807 -0.0144
vn -0.7334 0.1713 0.6578
vn 0.7334 -0.1713 -0.6578
v -8.433795 -2.075268 2.058934
v -7.976034 -2.158566 2.882290
v -8.266453 -1.180775 1.951173
v -7.801826 -1.265323 2.807935
v -8.378696 -2.089016 2.027311
v -7.920935 -2.172315 2.850666
v -8.211353 -1.194524 1.919550
v -7.746727 -1.279072 2.776312
vn -0.8490 0.2169 0.4818
vn 0.8463 -0.2059 -0.4913
vn -0.4998 -0.0108 -0.8661
vn -0.2270 -0.9735 0.0277
vn 0.4932 -0.0238 0.8696
vn 0.2273 0.9734 -0.0272
vn -0.8463 0.2059 0.4913
vn 0.8490 -0.2169 -0.4818
v -7.972469 -2.159215 2.908006
v -7.730454 -2.203255 3.808266
v -7.795273 -1.266516 2.855201
v -7.536953 -1.313522 3.867575
v -7.910954 -2.171947 2.891308
v -7.668940 -2.215987 3.791569
v -7.733759 -1.279248 2.838502
v -7.475438 -1.326255 3.850877
vn -0.9431 0.2028 0.2635
vn 0.9431 -0.2028 -0.2635
vn -0.2629 -0.0049 -0.9648
vn -0.2011 -0.9796 0.0061
vn 0.2378 -0.1160 0.9644
vn 0.2012 0.9795 -0.0058
vn -0.9492 0.1897 0.2510
vn 0.9492 -0.1897 -0.2510
v -14.321460 -0.038291 4.824997
v -14.340654 -0.034799 3.835581
v -14.166060 0.858374 4.848845
v -14.197599 0.864113 3.767730
v -14.385553 -0.027599 4.826615
v -14.404748 -0.024106 3.837199
v -14.230154 0.869067 4.850463
v -14.261693 0.874806 3.769349
vn 0.9852 -0.1702 -0.0197
vn -0.9852 0.1702 0.0197
vn 0.0202 -0.0301 0.9993
vn -0.1646 -0.9864 -0.0003
vn -0.0368 -0.0694 -0.9969
vn 0.1646 0.9864 0.0004
vn 0.9868 -0.1593 -0.0296
vn -0.9868 0.1593 0.0296
vn -0.0367 -0.0694 -0.9969
v -14.353000 -0.032552 3.746533
v -14.129982 -0.073135 2.860144
v -14.199965 0.864543 3.750672
v -13.983361 0.825128 2.810221
v -14.415340 -0.022541 3.731092
v -14.192324 -0.063123 2.844703
v -14.262304 0.874555 3.735232
v -14.045702 0.835140 2.794780
vn 0.9548 -0.1640 0.2477
vn -0.9548 0.1640 -0.2477
vn -0.2349 0.0356 0.9714
vn -0.1598 -0.9871 0.0050
vn 0.2257 -0.0907 -0.9700
vn 0.1597 0.9872 -0.0046
vn 0.9629 -0.1445 0.2278
vn -0.9629 0.1445 -0.2278
v -14.141272 -0.071080 2.778717
v -13.688215 -0.153523 2.077594
v -13.977997 0.824152 2.848912
v -13.552489 0.746723 1.936674
v -14.197565 -0.062945 2.747255
v -13.744509 -0.145388 2.046132
v -14.034290 0.832287 2.817451
v -13.608783 0.754858 1.905212
vn 0.8140 -0.1915 0.5485
vn -0.8140 0.1915 -0.5485
vn -0.4856 0.0200 0.8740
vn -0.1526 -0.9881 0.0176
vn 0.4549 -0.2043 -0.8668
vn 0.1505 0.9885 -0.0137
vn 0.9018 -0.0692 0.4265
vn -0.9018 0.0692 -0.4265
v -13.089926 -0.262393 1.220520
v -12.307166 -0.404832 0.842991
v -12.931848 0.633785 1.224655
v -12.158969 0.493145 0.757024
v -13.120562 -0.259775 1.163253
v -12.337802 -0.402214 0.785724
v -12.962483 0.636403 1.167387
v -12.189606 0.495762 0.699757
vn 0.4215 -0.0785 0.9034
vn -0.4215 0.0785 -0.9034
vn -0.8687 0.1511 0.4717
vn -0.1600 -0.9863 0.0405
vn 0.8626 -0.1873 -0.4700
vn 0.1563 0.9870 -0.0385
vn 0.5172 -0.0034 0.8559
vn -0.5172 0.0034 -0.8559
v -12.320363 -0.402430 0.747804
v -11.448906 -0.561009 0.569522
v -12.160188 0.493366 0.748234
v -11.300167 0.336869 0.467261
v -12.337141 -0.403106 0.685011
v -11.465684 -0.561684 0.506729
v -12.176966 0.492691 0.685440
v -11.316945 0.336193 0.404467
vn 0.1942 -0.0352 0.9803
vn -0.1942 0.0352 -0.9803
vn -0.9525 0.1702 0.2527
vn -0.1678 -0.9843 0.0554
vn 0.9497 -0.1860 -0.2518
vn 0.1617 0.9854 -0.0538
vn 0.3191 0.0549 0.9461
vn -0.3191 -0.0549 -0.9461
v -14.176850 0.900995 4.721416
v -14.187189 0.902876 3.793146
v -13.994471 1.792750 4.886825
v -14.037423 1.800566 3.722463
v -14.240753 0.912767 4.723097
v -14.251091 0.914648 3.794828
v -14.058373 1.804523 4.888506
v -14.101326 1.812339 3.724145
vn 0.9804 -0.1936 -0.0375
vn -0.9862 0.1654 0.0113
vn -0.0074 -0.1809 0.9835
vn -0.1812 -0.9835 -0.0000
vn -0.0395 -0.0719 -0.9966
vn 0.1812 0.9835 -0.0001
vn 0.9862 -0.1654 -0.0113
vn -0.9804 0.1936 0.0375
vn 0.1812 0.9834 -0.0001
v -14.190107 0.903407 3.772092
v -13.960841 0.861687 2.922772
v -14.030310 1.799272 3.773765
v -13.814515 1.760004 2.824783
v -14.252382 0.913181 3.756239
v -14.023116 0.871462 2.906920
v -14.092585 1.809047 3.757912
v -13.876790 1.769778 2.808931
vn 0.9493 -0.1698 0.2646
vn -0.9493 0.1698 -0.2646
vn -0.2404 0.0411 0.9698
vn -0.1566 -0.9876 0.0062
vn 0.2233 -0.1416 -0.9644
vn 0.1564 0.9877 -0.0053
vn 0.9653 -0.1327 0.2250
vn -0.9653 0.1327 -0.2250
v -12.926401 0.673451 1.213306
v -12.153923 0.532883 0.742302
v -12.744622 1.565316 1.361871
v -11.992777 1.428503 0.736002
v -12.962460 0.684581 1.160382
v -12.189981 0.544013 0.689378
v -12.780680 1.576446 1.308947
v -12.028835 1.439633 0.683078
vn 0.5926 -0.2484 0.7662
vn -0.5073 0.0853 -0.8575
vn -0.8173 0.0713 0.5718
vn -0.2137 -0.9751 -0.0595
vn 0.8025 -0.1484 -0.5780
vn 0.2218 0.9736 0.0536
vn 0.5073 -0.0853 0.8575
vn -0.5926 0.2484 -0.7662
vn 0.8025 -0.1484 -0.5779
v -12.155224 0.533120 0.732920
v -11.271051 0.372228 0.625608
v -11.991174 1.428211 0.747570
v -11.106936 1.267307 0.634251
v -12.162865 0.535360 0.668409
v -11.278692 0.374467 0.561098
v -11.998815 1.430451 0.683060
v -11.114577 1.269547 0.569740
vn 0.1202 -0.0383 0.9920
vn -0.1149 0.0307 -0.9929
vn -0.9766 0.1770 0.1218
vn -0.1805 -0.9835 -0.0128
vn 0.9765 -0.1779 -0.1218
vn 0.1806 0.9835 0.0128
vn 0.1149 -0.0307 0.9929
vn -0.1202 0.0383 -0.9920
v -13.810945 1.800011 2.799216
v -13.374641 1.720617 1.960477
v -13.643000 2.694394 2.837245
v -13.219245 2.617284 1.907683
v -13.868327 1.810133 2.770411
v -13.432025 1.730739 1.931672
v -13.700383 2.704516 2.808440
v -13.276628 2.627406 1.878877
vn 0.8651 -0.1823 0.4673
vn -0.8651 0.1823 -0.4673
vn -0.4419 0.0449 0.8960
vn -0.1748 -0.9846 0.0023
vn 0.4271 -0.1267 -0.8953
vn 0.1747 0.9846 -0.0020
vn 0.8979 -0.1309 0.4202
vn -0.8979 0.1309 -0.4202
vn -0.4418 0.0449 0.8960
v -11.985845 1.467899 0.734453
v -11.118127 1.310000 0.501883
v -11.814446 2.361653 0.796152
v -10.942430 2.202973 0.594062
v -12.000070 1.476079 0.671558
v -11.132353 1.318181 0.438989
v -11.828671 2.369833 0.733258
v -10.956656 2.211153 0.531167
vn 0.2060 -0.1067 0.9727
vn -0.2315 0.1448 -0.9620
vn -0.9568 0.1670 0.2381
vn -0.1996 -0.9764 -0.0818
vn 0.9574 -0.1638 -0.2378
vn 0.1969 0.9769 0.0825
vn 0.2315 -0.1448 0.9620
vn -0.2060 0.1067 -0.9727
vn 0.9574 -0.1638 -0.2379
v -13.818903 2.767060 4.877154
v -13.840797 2.771044 3.864593
v -13.672735 3.665406 4.746880
v -13.684325 3.667514 3.808971
v -13.882969 2.777980 4.878288
v -13.904863 2.781964 3.865727
v -13.736802 3.676326 4.748014
v -13.748391 3.678435 3.810105
vn 0.9863 -0.1637 -0.0220
vn -0.9863 0.1637 0.0220
vn 0.0409 0.1369 0.9897
vn -0.1680 -0.9858 -0.0002
vn -0.0274 -0.0571 -0.9980
vn 0.1680 0.9858 0.0001
vn 0.9849 -0.1727 -0.0126
vn -0.9849 0.1727 0.0126
v -13.838597 2.770644 3.880465
v -13.625102 2.731794 2.914653
v -13.676846 3.666153 3.862921
v -13.462959 3.627233 2.900877
v -13.901038 2.781686 3.866177
v -13.687544 2.742837 2.900365
v -13.739286 3.677196 3.848633
v -13.525400 3.638275 2.886588
vn 0.9609 -0.1693 0.2192
vn -0.9609 0.1693 -0.2192
vn -0.2130 0.0576 0.9754
vn -0.1744 -0.9847 0.0011
vn 0.2137 -0.0537 -0.9754
vn 0.1744 0.9847 -0.0011
vn 0.9604 -0.1705 0.2204
vn -0.9604 0.1705 -0.2204
v -13.623171 2.731443 2.928580
v -13.209000 2.656076 1.929898
v -13.458635 3.626446 2.932060
v -13.037335 3.549782 1.986302
v -13.681551 2.743286 2.902570
v -13.267380 2.667920 1.903888
v -13.517015 3.638289 2.906050
v -13.095715 3.561626 1.960291
vn 0.8957 -0.1663 0.4125
vn -0.9002 0.1974 -0.3882
vn -0.3943 0.0689 0.9164
vn -0.1957 -0.9806 -0.0072
vn 0.4035 -0.0198 -0.9147
vn 0.1956 0.9807 0.0076
vn 0.9002 -0.1974 0.3882
vn -0.8957 0.1663 -0.4125
vn 0.4035 -0.0198 -0.9148
v -13.204796 2.655311 1.960222
v -12.574199 2.540562 1.313900
v -13.038651 3.550021 1.976816
v -12.400602 3.433916 1.386197
v -13.248556 2.665956 1.913353
v -12.617960 2.551207 1.267031
v -13.082411 3.560666 1.929947
v -12.444363 3.444561 1.339328
vn 0.6595 -0.1362 0.7393
vn -0.6856 0.1901 -0.7027
vn -0.7120 0.1194 0.6919
vn -0.2072 -0.9779 -0.0286
vn 0.7188 -0.0838 -0.6902
vn 0.2058 0.9781 0.0300
vn 0.6856 -0.1901 0.7027
vn -0.6595 0.1362 -0.7393
vn -0.2073 -0.9779 -0.0286
v -11.795019 2.398775 0.884615
v -10.938347 2.242886 0.571866
v -11.640015 3.295512 0.825093
v -10.778906 3.138817 0.546792
v -11.816038 2.399559 0.823113
v -10.959366 2.243671 0.510363
v -11.661034 3.296297 0.763590
v -10.799925 3.139601 0.485290
vn 0.3434 0.0030 0.9392
vn -0.3434 -0.0030 -0.9392
vn -0.9298 0.1820 0.3201
vn -0.1635 -0.9856 0.0433
vn 0.9310 -0.1747 -0.3204
vn 0.1651 0.9853 -0.0439
vn 0.3029 -0.0272 0.9526
vn -0.3029 0.0272 -0.9526
v -10.946939 2.244450 0.509890
v -10.040224 2.079455 0.558082
v -10.783204 3.139599 0.515792
v -9.888404 2.976772 0.480494
v -10.946947 2.241854 0.444942
v -10.040232 2.076859 0.493133
v -10.783212 3.137003 0.450844
v -9.888412 2.974176 0.415546
vn 0.0370 -0.0134 0.9992
vn 0.0361 -0.0922 -0.9951
vn -0.9836 0.1800 -0.0071
vn -0.1809 -0.9827 0.0393
vn 0.9861 -0.1663 0.0065
vn 0.1774 0.9834 -0.0393
vn -0.0361 0.0922 0.9951
vn -0.0370 0.0134 -0.9992
v -10.038179 2.079083 0.572831
v -9.170947 1.921273 0.778637
v -9.889169 2.976912 0.474973
v -9.009350 2.816811 0.773848
v -10.021323 2.072590 0.510391
v -9.154091 1.914780 0.716197
v -9.872313 2.970418 0.412534
v -8.992495 2.810318 0.711408
vn -0.2931 0.1515 0.9440
vn 0.2228 -0.0454 -0.9738
vn -0.9539 0.1288 -0.2709
vn -0.1904 -0.9804 0.0506
vn 0.9469 -0.1694 0.2732
vn 0.1950 0.9796 -0.0492
vn -0.2228 0.0454 0.9738
vn 0.2931 -0.1515 -0.9440
vn -0.9540 0.1288 -0.2709
v -9.167164 1.920585 0.805922
v -8.366685 1.774922 1.384902
v -9.014449 2.817739 0.737069
v -8.210423 2.671431 1.343601
v -9.130102 1.910975 0.753395
v -8.329623 1.765312 1.332375
v -8.977387 2.808129 0.684542
v -8.173361 2.661821 1.291074
vn -0.5758 0.1596 0.8018
vn 0.5643 -0.1359 -0.8143
vn -0.8056 0.0922 -0.5853
vn -0.2036 -0.9784 0.0353
vn 0.8020 -0.1128 0.5865
vn 0.2043 0.9783 -0.0348
vn -0.5643 0.1359 0.8143
vn 0.5758 -0.1596 -0.8018
v -8.377386 1.776870 1.307721
v -7.720262 1.657293 2.061377
v -8.223707 2.673848 1.247777
v -7.566963 2.554341 2.000200
v -8.329990 1.765850 1.264626
v -7.672866 1.646273 2.018281
v -8.176312 2.662829 1.204681
v -7.519567 2.543321 1.957104
vn -0.7290 0.1692 0.6632
vn 0.7293 -0.1698 -0.6628
vn -0.6632 0.0638 -0.7457
vn -0.2056 -0.9783 0.0240
vn 0.6634 -0.0625 0.7456
vn 0.2056 0.9783 -0.0241
vn -0.7293 0.1698 0.6628
vn 0.7290 -0.1692 -0.6632
v -7.722686 1.657734 2.043891
v -7.264544 1.574366 2.842633
v -7.563728 2.553752 2.023527
v -7.088001 2.467184 2.950057
v -7.666452 1.648712 2.012563
v -7.208311 1.565344 2.811306
v -7.507495 2.544730 1.992199
v -7.031767 2.458162 2.918729
vn -0.8486 0.1620 0.5036
vn 0.8486 -0.1620 -0.5036
vn -0.4777 0.0648 -0.8761
vn -0.1634 -0.9865 -0.0092
vn 0.4534 -0.1943 0.8699
vn 0.1630 0.9866 0.0085
vn -0.8788 0.1182 0.4623
vn 0.8788 -0.1182 -0.4623
v -7.270455 1.575442 2.800000
v -7.007727 1.527633 3.840330
v -7.103677 2.470037 2.836988
v -6.843013 2.422604 3.862748
v -7.208467 1.564497 2.783793
v -6.945738 1.516689 3.824122
v -7.041689 2.459093 2.820780
v -6.781025 2.411660 3.846540
vn -0.9540 0.1676 0.2486
vn 0.9540 -0.1676 -0.2486
vn -0.2381 0.0844 -0.9676
vn -0.1742 -0.9847 -0.0013
vn 0.2410 -0.0686 0.9681
vn 0.1742 0.9847 0.0013
vn -0.9533 0.1692 0.2501
vn 0.9533 -0.1692 -0.2501
v -13.661017 3.703930 4.778724
v -13.668207 3.705238 3.872581
v -13.499540 4.599490 4.721394
v -13.505969 4.600659 3.822347
v -13.724974 3.715520 4.779222
v -13.732164 3.716829 3.873080
v -13.563498 4.611080 4.721892
v -13.569925 4.612249 3.822845
vn 0.9840 -0.1779 -0.0081
vn -0.9840 0.1779 0.0081
vn 0.0187 0.0605 0.9980
vn -0.1783 -0.9840 -0.0000
vn -0.0174 -0.0529 -0.9985
vn 0.1783 0.9840 -0.0000
vn 0.9839 -0.1787 -0.0073
vn -0.9839 0.1787 0.0073
v -13.681210 3.707604 3.778808
v -13.467116 3.668646 2.818355
v -13.495956 4.598838 3.894564
v -13.296503 4.562543 2.833207
v -13.743429 3.720975 3.765584
v -13.529336 3.682017 2.805130
v -13.558176 4.612208 3.881340
v -13.358724 4.575914 2.819983
vn 0.9566 -0.2232 0.1874
vn -0.9573 0.1864 -0.2210
vn -0.2236 -0.0797 0.9714
vn -0.2087 -0.9780 -0.0069
vn 0.2032 -0.0225 -0.9789
vn 0.2089 0.9779 0.0058
vn 0.9573 -0.1864 0.2210
vn -0.9566 0.2232 -0.1874
v -13.464348 3.668142 2.838319
v -13.027485 3.588646 2.004978
v -13.303978 4.563903 2.779299
v -12.854795 4.482165 2.042275
v -13.519851 3.678081 2.805982
v -13.082987 3.598585 1.972641
v -13.359481 4.573842 2.746962
v -12.910297 4.492105 2.009938
vn 0.8737 -0.1255 0.4700
vn -0.8737 0.1255 -0.4700
vn -0.4790 0.1428 0.8661
vn -0.1769 -0.9842 0.0011
vn 0.4946 -0.0594 -0.8671
vn 0.1770 0.9842 -0.0013
vn 0.8305 -0.1825 0.5264
vn -0.8305 0.1825 -0.5264
v -13.035952 3.590187 1.943906
v -12.416062 3.477386 1.222525
v -12.854548 4.482121 2.044057
v -12.234740 4.369335 1.331803
v -13.082726 3.604715 1.901173
v -12.462837 3.491914 1.179792
v -12.901321 4.496648 2.001324
v -12.281515 4.383862 1.289070
vn 0.7183 -0.2202 0.6600
vn -0.7209 0.2268 -0.6549
vn -0.6648 0.0515 0.7452
vn -0.2458 -0.9675 -0.0599
vn 0.6663 -0.0443 -0.7444
vn 0.2454 0.9675 0.0603
vn 0.7209 -0.2268 0.6549
vn -0.7183 0.2202 -0.6600
v -12.397236 3.473960 1.358315
v -11.646848 3.337413 0.723893
v -12.231348 4.368717 1.356269
v -11.460725 4.228487 0.879124
v -12.433566 3.485635 1.305696
v -11.683178 3.349087 0.671274
v -12.267679 4.380392 1.303650
v -11.497055 4.240162 0.826505
vn 0.5119 -0.0929 0.8540
vn -0.5962 0.2570 -0.7605
vn -0.7979 0.1493 0.5840
vn -0.2268 -0.9721 -0.0591
vn 0.8137 -0.0694 -0.5772
vn 0.2178 0.9738 0.0656
vn 0.5962 -0.2570 0.7605
vn -0.5119 0.0929 -0.8540
vn 0.2178 0.9738 0.0657
v -11.640675 3.336289 0.768419
v -10.775834 3.178915 0.517299
v -11.461280 4.228588 0.875120
v -10.616328 4.074833 0.492691
v -11.662034 3.343138 0.707412
v -10.797194 3.185763 0.456292
v -11.482639 4.235437 0.814113
v -10.637688 4.081682 0.431684
vn 0.3772 -0.1844 0.9076
vn -0.2750 0.0226 -0.9612
vn -0.9285 0.1458 0.3415
vn -0.1910 -0.9806 -0.0432
vn 0.9232 -0.1738 -0.3427
vn 0.1968 0.9796 0.0411
vn 0.2750 -0.0226 0.9612
vn -0.3772 0.1844 -0.9076
v -10.760971 3.176210 0.624496
v -9.861326 3.012502 0.624406
v -10.607944 4.073307 0.553172
v -9.700473 3.908175 0.621675
v -10.759063 3.173195 0.559594
v -9.859418 3.009487 0.559504
v -10.606035 4.070292 0.488270
v -9.698565 3.905160 0.556773
vn -0.0588 0.0891 0.9943
vn -0.0006 -0.0029 -1.0000
vn -0.9856 0.1652 -0.0367
vn -0.1789 -0.9830 0.0404
vn 0.9836 -0.1765 0.0371
vn 0.1818 0.9825 -0.0403
vn 0.0006 0.0029 1.0000
vn 0.0588 -0.0891 -0.9943
v -9.881032 3.016088 0.482276
v -8.990988 2.854127 0.855147
v -9.717413 3.911258 0.499488
v -8.842546 3.752059 0.774212
v -9.859680 3.010200 0.421166
v -8.969636 2.848239 0.794037
v -9.696062 3.905370 0.438378
v -8.821195 3.746171 0.713102
vn -0.2936 0.0353 0.9553
vn 0.3603 -0.1426 -0.9219
vn -0.9240 0.1754 -0.3397
vn -0.1903 -0.9813 0.0280
vn 0.9330 -0.1238 0.3379
vn 0.1878 0.9818 -0.0290
vn -0.3603 0.1426 0.9219
vn 0.2936 -0.0353 -0.9553
vn -0.1903 -0.9813 0.0281
v -8.999565 2.855688 0.793287
v -8.199234 2.710052 1.373370
v -8.849040 3.753240 0.727379
v -8.038177 3.605688 1.393146
v -8.961029 2.847661 0.741561
v -8.160698 2.702025 1.321645
v -8.810504 3.745214 0.675653
v -7.999641 3.597661 1.341420
vn -0.6090 0.1592 0.7770
vn 0.5745 -0.0853 -0.8140
vn -0.7921 0.0885 -0.6039
vn -0.1878 -0.9821 0.0125
vn 0.7808 -0.1538 0.6056
vn 0.1885 0.9820 -0.0119
vn -0.5745 0.0853 0.8140
vn 0.6090 -0.1592 -0.7770
vn 0.1885 0.9820 -0.0120
v -7.569552 2.595469 1.930758
v -7.087682 2.507783 2.901692
v -7.399851 3.489532 2.020345
v -6.923553 3.402860 2.955777
v -7.512261 2.587152 1.901202
v -7.030391 2.499467 2.872136
v -7.342560 3.481215 1.990789
v -6.866261 3.394544 2.926221
vn -0.8845 0.1228 0.4501
vn 0.8845 -0.1228 -0.4501
vn -0.4321 0.1707 -0.8855
vn -0.1509 -0.9884 -0.0144
vn 0.4389 -0.1342 0.8885
vn 0.1511 0.9884 0.0147
vn -0.8781 0.1333 0.4595
vn 0.8781 -0.1333 -0.4595
v -7.100810 2.510172 2.807003
v -6.838848 2.462503 3.842164
v -6.928546 3.403769 2.919765
v -6.680764 3.358680 3.854249
v -7.038796 2.499879 2.790469
v -6.776834 2.452210 3.825630
v -6.866532 3.393476 2.903231
v -6.618751 3.348387 3.837716
vn -0.9563 0.1529 0.2491
vn 0.9563 -0.1529 -0.2491
vn -0.2284 0.1651 -0.9595
vn -0.1647 -0.9863 -0.0037
vn 0.2484 -0.0569 0.9670
vn 0.1648 0.9863 0.0039
vn -0.9515 0.1643 0.2602
vn 0.9515 -0.1643 -0.2602
v -13.481771 4.636913 4.794581
v -13.494160 4.639168 3.852650
v -13.307222 5.530094 4.763874
v -13.334200 5.535004 3.720626
v -13.545629 4.648973 4.795891
v -13.558018 4.651227 3.853960
v -13.371080 5.542153 4.765183
v -13.398059 5.547063 3.721936
vn 0.9813 -0.1922 -0.0134
vn -0.9813 0.1922 0.0134
vn 0.0260 0.0293 0.9992
vn -0.1856 -0.9826 0.0001
vn -0.0463 -0.1376 -0.9894
vn 0.1856 0.9826 -0.0002
vn 0.9834 -0.1795 -0.0263
vn -0.9834 0.1795 0.0263
v -13.495327 4.639380 3.844231
v -13.296868 4.603267 2.776040
v -13.323256 5.533012 3.799564
v -13.102148 5.492777 2.906181
v -13.557408 4.652812 3.830429
v -13.358950 4.616698 2.762239
v -13.385338 5.546443 3.785762
v -13.164229 5.506208 2.892379
vn 0.9545 -0.1716 0.2440
vn -0.9540 0.2359 -0.1852
vn -0.1982 0.0870 0.9763
vn -0.2102 -0.9776 -0.0060
vn 0.2347 0.0902 -0.9679
vn 0.2098 0.9777 0.0079
vn 0.9540 -0.2359 0.1852
vn -0.9545 0.1716 -0.2440
v -13.279563 4.600118 2.900857
v -12.861078 4.523966 1.942938
v -13.119684 5.495968 2.779697
v -12.670744 5.414275 2.059662
v -13.336043 4.611116 2.870625
v -12.917559 4.534966 1.912705
v -13.176165 5.506968 2.749465
v -12.727224 5.425274 2.029429
vn 0.9079 -0.1072 0.4052
vn -0.9079 0.1072 -0.4052
vn -0.4328 0.1962 0.8799
vn -0.1889 -0.9820 -0.0044
vn 0.4740 0.0141 -0.8804
vn 0.1881 0.9821 0.0059
vn 0.8105 -0.2431 0.5329
vn -0.8105 0.2431 -0.5329
v -12.851781 4.522274 2.009997
v -12.235183 4.410072 1.275292
v -12.687709 5.417362 1.937298
v -12.050940 5.301489 1.371814
v -12.897241 4.531744 1.964514
v -12.280643 4.419542 1.229809
v -12.733169 5.426832 1.891815
v -12.096399 5.310959 1.326330
vn 0.6568 -0.0593 0.7517
vn -0.7302 0.2209 -0.6465
vn -0.6763 0.1819 0.7138
vn -0.1926 -0.9812 -0.0118
vn 0.6987 -0.0673 -0.7123
vn 0.1908 0.9815 0.0137
vn 0.7302 -0.2209 0.6465
vn -0.6568 0.0593 -0.7517
v -12.224190 4.408072 1.354587
v -11.463310 4.269615 0.807964
v -12.055032 5.302234 1.342299
v -11.300376 5.164909 0.778426
v -12.261774 4.413815 1.301867
v -11.500895 4.275357 0.755244
v -12.092617 5.307977 1.289579
v -11.337961 5.170652 0.725706
vn 0.5691 -0.0964 0.8166
vn -0.5691 0.0964 -0.8166
vn -0.7957 0.1586 0.5845
vn -0.1696 -0.9854 0.0136
vn 0.7947 -0.1639 -0.5844
vn 0.1693 0.9855 -0.0134
vn 0.5872 -0.0803 0.8054
vn -0.5872 0.0803 -0.8054
vn -0.7957 0.1586 0.5846
vn -0.1696 -0.9854 0.0135
v -11.472370 4.271264 0.742614
v -10.597589 4.112080 0.576202
v -11.305545 5.165850 0.741141
v -10.428496 5.006254 0.620747
v -11.482255 4.274664 0.678460
v -10.607473 4.115481 0.512048
v -11.315430 5.169251 0.676987
v -10.438380 5.009655 0.556593
vn 0.1811 -0.0322 0.9829
vn -0.1811 0.0322 -0.9829
vn -0.9705 0.1812 0.1591
vn -0.1834 -0.9828 -0.0239
vn 0.9715 -0.1758 -0.1590
vn 0.1822 0.9830 0.0240
vn 0.1227 -0.0725 0.9898
vn -0.1227 0.0725 -0.9898
vn -0.1834 -0.9828 -0.0238
v -10.613035 4.114891 0.464796
v -9.691813 3.947256 0.633350
v -10.427926 5.006150 0.624861
v -9.546370 4.845734 0.536976
v -10.609818 4.116606 0.399899
v -9.688597 3.948972 0.568452
v -10.424709 5.007865 0.559963
v -9.543154 4.847449 0.472078
vn -0.2017 -0.1324 0.9705
vn 0.2017 0.1324 -0.9705
vn -0.9766 0.2105 -0.0428
vn -0.1728 -0.9844 -0.0346
vn 0.9869 -0.1550 0.0448
vn 0.1823 0.9826 0.0350
vn 0.1146 0.0876 0.9895
vn -0.1146 -0.0876 -0.9895
vn -0.1728 -0.9843 -0.0346
v -9.712944 3.951102 0.480933
v -8.843025 3.792803 0.720776
v -9.532488 4.843207 0.637101
v -8.675653 4.687290 0.810204
v -9.696934 3.956612 0.418177
v -8.827015 3.798313 0.658020
v -9.516478 4.848718 0.574345
v -8.659643 4.692800 0.747448
vn -0.2827 -0.1096 0.9529
vn 0.2827 0.1096 -0.9529
vn -0.9475 0.2304 -0.2215
vn -0.1447 -0.9818 -0.1231
vn 0.9533 -0.2009 0.2256
vn 0.1531 0.9803 0.1251
vn -0.2079 -0.0587 0.9764
vn 0.2079 0.0587 -0.9764
v -8.044031 3.647410 1.301628
v -7.389417 3.528290 2.046833
v -7.903404 4.546764 1.221892
v -7.250981 4.428043 1.969507
v -7.996734 3.636304 1.258447
v -7.342120 3.517184 2.003653
v -7.856106 4.535658 1.178711
v -7.203683 4.416937 1.926326
vn -0.7284 0.1727 0.6631
vn 0.7269 -0.1690 -0.6656
vn -0.6688 0.0387 -0.7425
vn -0.2067 -0.9781 0.0252
vn 0.6687 -0.0391 0.7425
vn 0.2067 0.9781 -0.0251
vn -0.7269 0.1690 0.6656
vn 0.7284 -0.1727 -0.6631
vn -0.6687 0.0387 -0.7425
v -7.400029 3.530221 1.970291
v -6.919807 3.442836 2.934363
v -7.253550 4.428511 1.950983
v -6.792418 4.344598 2.788808
v -7.343753 3.518868 1.939811
v -6.863531 3.431482 2.903883
v -7.197272 4.417156 1.920503
v -6.736141 4.333244 2.758328
vn -0.8596 0.1507 0.4882
vn 0.8706 -0.1958 -0.4514
vn -0.4665 0.0571 -0.8827
vn -0.1938 -0.9810 0.0076
vn 0.4862 0.0719 0.8709
vn 0.1935 0.9811 -0.0082
vn -0.8706 0.1958 0.4514
vn 0.8596 -0.1507 -0.4882
v -6.926162 3.443992 2.888525
v -6.684176 3.399958 3.781317
v -6.776291 4.341663 2.905126
v -6.524753 4.295892 3.870720
v -6.864160 3.434301 2.871592
v -6.622174 3.390267 3.764383
v -6.714288 4.331973 2.888192
v -6.462750 4.286200 3.853786
vn -0.9517 0.1540 0.2656
vn 0.9517 -0.1540 -0.2656
vn -0.2542 0.0603 -0.9653
vn -0.1561 -0.9877 -0.0064
vn 0.2407 -0.1387 0.9606
vn 0.1561 0.9877 0.0062
vn -0.9558 0.1446 0.2559
vn 0.9558 -0.1446 -0.2559
v -13.292397 5.568053 4.812181
v -13.319223 5.572935 3.770269
v -13.112127 6.460193 4.724922
v -13.126925 6.462886 3.776995
v -13.355995 5.581411 4.813563
v -13.382820 5.586293 3.771650
v -13.175724 6.473552 4.726303
v -13.190523 6.476244 3.778377
vn 0.9794 -0.2005 -0.0262
vn -0.9794 0.2005 0.0262
vn 0.0404 0.0892 0.9952
vn -0.2055 -0.9786 0.0007
vn -0.0193 0.0117 -0.9997
vn 0.2056 0.9786 -0.0004
vn 0.9773 -0.2111 -0.0159
vn -0.9773 0.2111 0.0159
vn 0.0403 0.0892 0.9952
vn -0.0192 0.0117 -0.9997
vn 0.2055 0.9786 -0.0004
v -13.107371 5.534384 2.810822
v -12.684067 5.457355 1.906990
v -12.907456 6.422950 2.893708
v -12.485385 6.346146 2.014743
v -13.163834 5.550064 2.782695
v -12.740529 5.473035 1.878863
v -12.963919 6.438629 2.865581
v -12.541847 6.361825 1.986616
vn 0.8678 -0.2360 0.4373
vn -0.8695 0.2463 -0.4282
vn -0.4423 0.0159 0.8967
vn -0.2511 -0.9673 -0.0352
vn 0.4477 0.0083 -0.8941
vn 0.2508 0.9674 0.0359
vn 0.8695 -0.2463 0.4282
vn -0.8678 0.2360 -0.4373
v -12.668897 5.454595 2.016407
v -12.060385 5.343864 1.248553
v -12.495856 6.348051 1.939213
v -11.866829 6.233588 1.363326
v -12.715203 5.465051 1.972007
v -12.106692 5.354321 1.204153
v -12.542164 6.358507 1.894813
v -11.913136 6.244043 1.318926
vn 0.7734 -0.0956 0.6267
vn -0.7734 0.0956 -0.6267
vn -0.6567 0.1902 0.7297
vn -0.2025 -0.9791 -0.0193
vn 0.6845 -0.0551 -0.7269
vn 0.1992 0.9797 0.0229
vn 0.6333 -0.2330 0.7380
vn -0.6333 0.2330 -0.7380
v -12.048238 5.341654 1.336166
v -11.299665 5.205437 0.730096
v -11.875525 6.235170 1.300603
v -11.122211 6.098089 0.779974
v -12.086042 5.349484 1.283874
v -11.337470 5.213267 0.677804
v -11.913330 6.243000 1.248311
v -11.160015 6.105919 0.727681
vn 0.6171 -0.0882 0.7820
vn -0.6171 0.0882 -0.7820
vn -0.7852 0.1754 0.5939
vn -0.1878 -0.9821 -0.0113
vn 0.7951 -0.1249 -0.5935
vn 0.1870 0.9823 0.0119
vn 0.5426 -0.1540 0.8257
vn -0.5426 0.1540 -0.8257
v -11.292969 5.204218 0.778397
v -10.433702 5.047858 0.531543
v -11.115574 6.096882 0.827841
v -10.263939 5.941910 0.580924
v -11.309765 5.210935 0.715965
v -10.450499 5.054574 0.469111
v -11.132370 6.103598 0.765408
v -10.280735 5.948627 0.518492
vn 0.2593 -0.1047 0.9601
vn -0.2575 0.1020 -0.9609
vn -0.9463 0.1729 0.2732
vn -0.1936 -0.9796 -0.0533
vn 0.9478 -0.1649 -0.2727
vn 0.1937 0.9796 0.0533
vn 0.2575 -0.1020 0.9609
vn -0.2593 0.1047 -0.9601
v -10.438718 5.048771 0.495373
v -9.526197 4.882720 0.632625
v -10.264919 5.942089 0.573854
v -9.381927 5.781411 0.553112
v -10.434647 5.048011 0.430505
v -9.522126 4.881960 0.567757
v -10.260848 5.941329 0.508986
v -9.377856 5.780651 0.488244
vn 0.0072 -0.0889 0.9960
vn 0.1286 -0.1079 -0.9858
vn -0.9785 0.1960 -0.0637
vn -0.1791 -0.9838 0.0003
vn 0.9862 -0.1527 0.0637
vn 0.1790 0.9838 -0.0003
vn -0.1286 0.1079 0.9858
vn -0.0072 0.0889 -0.9960
v -9.530230 4.883453 0.603542
v -8.669847 4.726890 0.803914
v -9.390042 5.782887 0.494577
v -8.511519 5.623023 0.877032
v -9.510366 4.878919 0.541818
v -8.649984 4.722356 0.742189
v -9.370180 5.778354 0.432853
v -8.491656 5.618489 0.815308
vn -0.3676 0.1681 0.9147
vn 0.2332 0.0381 -0.9717
vn -0.9438 0.1093 -0.3118
vn -0.1821 -0.9832 0.0136
vn 0.9304 -0.1900 0.3134
vn 0.1844 0.9828 -0.0128
vn -0.2332 -0.0381 0.9717
vn 0.3676 -0.1681 -0.9147
vn -0.9439 0.1093 -0.3118
vn -0.1821 -0.9832 0.0137
v -8.667160 4.726401 0.823301
v -7.877955 4.582790 1.358728
v -8.523724 5.625244 0.789004
v -7.740455 5.482713 1.325610
v -8.631738 4.718846 0.769327
v -7.842533 4.575234 1.304754
v -8.488302 5.617689 0.735030
v -7.705033 5.475158 1.271636
vn -0.5464 0.1188 0.8291
vn 0.5435 -0.1137 -0.8317
vn -0.8238 0.1102 -0.5561
vn -0.1882 -0.9820 0.0140
vn 0.8245 -0.1055 0.5559
vn 0.1882 0.9820 -0.0139
vn -0.5435 0.1137 0.8317
vn 0.5464 -0.1188 -0.8291
v -7.873240 4.581932 1.392730
v -7.240119 4.466723 2.002238
v -7.753348 5.485059 1.232617
v -7.105458 5.367163 1.982401
v -7.827557 4.571002 1.347802
v -7.194435 4.455792 1.957310
v -7.707664 5.474129 1.187689
v -7.059774 5.356233 1.937474
vn -0.7226 0.2125 0.6578
vn 0.6776 -0.1173 -0.7260
vn -0.7047 -0.0321 -0.7088
vn -0.2057 -0.9782 0.0288
vn 0.6879 -0.0870 0.7206
vn 0.2082 0.9777 -0.0262
vn -0.6776 0.1173 0.7260
vn 0.7226 -0.2125 -0.6578
v -7.228157 4.464546 2.088511
v -6.786880 4.384248 2.783831
v -7.112392 5.368424 1.932386
v -6.645117 5.283395 2.836442
v -7.172723 4.454762 2.056010
v -6.731446 4.374464 2.751330
v -7.056958 5.358641 1.899884
v -6.589683 5.273612 2.803940
vn -0.8646 0.1910 0.4648
vn 0.8348 -0.0999 -0.5414
vn -0.5148 -0.0815 -0.8534
vn -0.1752 -0.9845 -0.0025
vn 0.4849 -0.1271 0.8653
vn 0.1750 0.9846 0.0021
vn -0.8348 0.0999 0.5414
vn 0.8646 -0.1910 -0.4648
v -6.772568 4.381643 2.887058
v -6.532295 4.337921 3.771638
v -6.641214 5.282685 2.864590
v -6.392364 5.237401 3.818276
v -6.710487 4.372517 2.870097
v -6.470214 4.328794 3.754678
v -6.579133 5.273559 2.847630
v -6.330283 5.228275 3.801316
vn -0.9529 0.1455 0.2660
vn 0.9529 -0.1455 -0.2660
vn -0.2616 0.0141 -0.9651
vn -0.1478 -0.9890 -0.0087
vn 0.2503 -0.0889 0.9641
vn 0.1477 0.9890 0.0084
vn -0.9571 0.1356 0.2562
vn 0.9571 -0.1356 -0.2562
v -13.095540 6.497832 4.780967
v -13.113377 6.501078 3.811539
v -12.889418 7.385268 4.752166
v -12.898170 7.386860 3.859860
v -13.158775 6.512847 4.781909
v -13.176612 6.516093 3.812481
v -12.952653 7.400283 4.753108
v -12.961405 7.401875 3.860802
vn 0.9740 -0.2265 -0.0100
vn -0.9718 0.2351 0.0187
vn 0.0214 0.0275 0.9994
vn -0.2310 -0.9730 0.0010
vn -0.0018 0.0549 -0.9985
vn 0.2310 0.9730 -0.0005
vn 0.9718 -0.2351 -0.0187
vn -0.9740 0.2265 0.0100
vn 0.2310 0.9729 -0.0005
v -13.116785 6.501698 3.786957
v -12.915092 6.464996 2.776654
v -12.896217 7.386505 3.873940
v -12.714329 7.353406 2.754803
v -13.178896 6.516886 3.775271
v -12.977202 6.480184 2.764968
v -12.958328 7.401693 3.862254
v -12.776440 7.368594 2.743117
vn 0.9535 -0.2537 0.1625
vn -0.9570 0.2114 -0.1987
vn -0.1959 -0.0475 0.9795
vn -0.2354 -0.9718 -0.0117
vn 0.1698 -0.0626 -0.9835
vn 0.2358 0.9718 0.0096
vn 0.9570 -0.2114 0.1987
vn -0.9535 0.2537 -0.1625
vn 0.1697 -0.0625 -0.9835
v -12.907160 6.463552 2.833865
v -12.474464 6.384815 2.033419
v -12.697627 7.350368 2.875262
v -12.289576 7.276115 1.951172
v -12.964159 6.475534 2.805013
v -12.531465 6.396797 2.004567
v -12.754628 7.362349 2.846410
v -12.346576 7.288095 1.922321
vn 0.8482 -0.2228 0.4805
vn -0.8482 0.2228 -0.4804
vn -0.4403 0.0622 0.8957
vn -0.2000 -0.9797 -0.0117
vn 0.4166 -0.1689 -0.8932
vn 0.2008 0.9796 0.0100
vn 0.9001 -0.1489 0.4094
vn -0.9001 0.1489 -0.4094
vn 0.4166 -0.1689 -0.8933
v -12.476769 6.385235 2.016794
v -11.862385 6.273436 1.337764
v -12.278857 7.274164 2.028482
v -11.688002 7.166647 1.250255
v -12.525800 6.393698 1.974969
v -11.911416 6.281898 1.295938
v -12.327888 7.282627 1.986657
v -11.737032 7.175109 1.208430
vn 0.7170 -0.1685 0.6764
vn -0.7170 0.1685 -0.6764
vn -0.6303 0.1303 0.7653
vn -0.1740 -0.9847 0.0047
vn 0.6168 -0.1951 -0.7625
vn 0.1736 0.9848 -0.0043
vn 0.7867 -0.0938 0.6102
vn -0.7867 0.0938 -0.6102
vn -0.6304 0.1303 0.7653
vn 0.6168 -0.1951 -0.7626
v -11.869678 6.274763 1.285167
v -11.121023 6.138530 0.733795
v -11.678776 7.164968 1.316795
v -10.929749 7.028668 0.850217
v -11.904110 6.286631 1.231329
v -11.155457 6.150399 0.679958
v -11.713209 7.176836 1.262957
v -10.964182 7.040536 0.796379
vn 0.5053 -0.1386 0.8517
vn -0.5513 0.2236 -0.8038
vn -0.8163 0.1553 0.5563
vn -0.2274 -0.9714 -0.0687
vn 0.8270 -0.1055 -0.5522
vn 0.2220 0.9724 0.0724
vn 0.5513 -0.2236 0.8038
vn -0.5053 0.1386 -0.8517
v -11.116853 6.137772 0.763874
v -10.272068 5.984046 0.470643
v -10.933119 7.029281 0.825911
v -10.105731 6.878721 0.495314
v -11.138287 6.144930 0.702929
v -10.293502 5.991205 0.409698
v -10.954553 7.036440 0.764966
v -10.127165 6.885880 0.434369
vn 0.3462 -0.1359 0.9283
vn -0.3130 0.0843 -0.9460
vn -0.9239 0.1664 0.3445
vn -0.1945 -0.9798 -0.0467
vn 0.9247 -0.1624 -0.3443
vn 0.1966 0.9794 0.0459
vn 0.3130 -0.0843 0.9460
vn -0.3462 0.1359 -0.9283
v -10.254391 5.980830 0.598141
v -9.375715 5.820937 0.549351
v -10.091175 6.876073 0.600301
v -9.231262 6.719595 0.504287
v -10.259895 5.980225 0.533377
v -9.381220 5.820333 0.484587
v -10.096679 6.875468 0.535537
v -9.236767 6.718990 0.439523
vn 0.1070 -0.0219 0.9940
vn -0.0626 -0.0399 -0.9972
vn -0.9805 0.1786 0.0817
vn -0.1777 -0.9838 0.0243
vn 0.9833 -0.1622 -0.0821
vn 0.1764 0.9840 -0.0242
vn 0.0626 0.0399 0.9972
vn -0.1070 0.0219 -0.9940
v -9.372692 5.820387 0.571159
v -8.504383 5.662382 0.882814
v -9.212088 6.716105 0.642587
v -8.386310 6.565839 0.729593
v -9.358718 5.815346 0.507879
v -8.490410 5.657340 0.819534
v -9.198114 6.711064 0.579307
v -8.372335 6.560798 0.666313
vn -0.1151 -0.0584 0.9916
vn 0.2992 -0.1974 -0.9336
vn -0.9555 0.1894 -0.2261
vn -0.1914 -0.9809 0.0359
vn 0.9710 -0.0893 0.2216
vn 0.1828 0.9824 -0.0379
vn -0.2992 0.1974 0.9336
vn 0.1151 0.0584 -0.9916
vn 0.9711 -0.0893 0.2215
v -8.508587 5.663146 0.852496
v -7.724712 5.520505 1.395946
v -8.386318 6.565841 0.729532
v -7.604665 6.423604 1.327457
v -8.472054 5.652654 0.799768
v -7.688179 5.510013 1.343218
v -8.349785 6.555347 0.676804
v -7.568132 6.413111 1.274729
vn -0.5753 0.1864 0.7964
vn 0.5477 -0.1354 -0.8256
vn -0.8185 0.0327 -0.5736
vn -0.2110 -0.9763 0.0481
vn 0.8142 -0.0645 0.5770
vn 0.2132 0.9759 -0.0465
vn -0.5477 0.1354 0.8256
vn 0.5753 -0.1864 -0.7964
v -7.726681 5.520864 1.381746
v -7.088205 5.404680 2.065528
v -7.611456 6.424839 1.278480
v -6.975819 6.309173 1.995883
v -7.680013 5.510773 1.337641
v -7.041537 5.394589 2.021422
v -7.564788 6.414749 1.234374
v -6.929151 6.299082 1.951777
vn -0.7241 0.1687 0.6688
vn 0.7115 -0.1414 -0.6883
vn -0.6864 0.0044 -0.7273
vn -0.1962 -0.9804 0.0167
vn 0.6833 -0.0287 0.7296
vn 0.1967 0.9803 -0.0162
vn -0.7115 0.1414 0.6883
vn 0.7241 -0.1687 -0.6688
vn -0.6864 0.0044 -0.7272
v -7.105292 5.407790 1.942279
v -6.640925 5.323289 2.826551
v -6.981346 6.310179 1.956019
v -6.504747 6.223452 2.962523
v -7.047555 5.401889 1.913011
v -6.583188 5.317388 2.797284
v -6.923609 6.304277 1.926751
v -6.447010 6.217551 2.933255
vn -0.8752 0.1130 0.4704
vn 0.8752 -0.1130 -0.4704
vn -0.4448 0.0747 -0.8925
vn -0.1181 -0.9925 -0.0328
vn 0.4270 -0.1979 0.8823
vn 0.1168 0.9927 0.0302
vn -0.8992 0.0708 0.4319
vn 0.8992 -0.0708 -0.4319
v -6.627890 5.320917 2.920575
v -6.381951 5.276164 3.853659
v -6.522132 6.226615 2.837130
v -6.275990 6.181825 3.783287
v -6.565677 5.312227 2.903870
v -6.319738 5.267473 3.836955
v -6.459919 6.217926 2.820426
v -6.213777 6.173135 3.766582
vn -0.9573 0.1353 0.2554
vn 0.9569 -0.1321 -0.2586
vn -0.2664 -0.0575 -0.9622
vn -0.1411 -0.9899 -0.0103
vn 0.2648 0.0439 0.9633
vn 0.1410 0.9900 0.0102
vn -0.9569 0.1320 0.2586
vn 0.9573 -0.1353 -0.2554
vn -0.2664 -0.0575 -0.9621
vn -0.1410 -0.9899 -0.0103
v -12.882223 7.424616 4.734183
v -12.890146 7.426057 3.848473
v -12.634455 8.304472 4.847581
v -12.666907 8.310378 3.801940
v -12.945023 7.441330 4.735559
v -12.952946 7.442772 3.849850
v -12.697254 8.321187 4.848958
v -12.729707 8.327092 3.803317
vn 0.9631 -0.2672 -0.0314
vn -0.9694 0.2452 0.0091
vn -0.0114 -0.1247 0.9921
vn -0.2572 -0.9664 0.0007
vn -0.0336 -0.0441 -0.9985
vn 0.2572 0.9664 -0.0025
vn 0.9694 -0.2452 -0.0091
vn -0.9631 0.2672 0.0314
v -12.701704 7.391767 2.778426
v -12.271225 7.313432 2.018992
v -12.462601 8.273201 2.896125
v -12.057107 8.199413 2.035718
v -12.756942 7.408216 2.748374
v -12.326464 7.329882 1.988940
v -12.517839 8.289651 2.866072
v -12.112346 8.215863 2.005665
vn 0.8561 -0.2894 0.4283
vn -0.8405 0.2125 -0.4984
vn -0.4752 0.0114 0.8798
vn -0.2608 -0.9642 -0.0484
vn 0.4543 -0.0931 -0.8860
vn 0.2642 0.9636 0.0419
vn 0.8405 -0.2125 0.4984
vn -0.8561 0.2894 -0.4283
v -12.281406 7.315285 1.945560
v -11.685263 7.206805 1.209248
v -12.055102 8.199048 2.050179
v -11.486847 8.095643 1.215982
v -12.331373 7.329707 1.906568
v -11.735229 7.221226 1.170256
v -12.105069 8.213470 2.011187
v -11.536814 8.110064 1.176991
vn 0.7808 -0.2668 0.5650
vn -0.7529 0.1729 -0.6350
vn -0.6032 0.0603 0.7953
vn -0.2398 -0.9695 -0.0513
vn 0.5877 -0.1251 -0.7994
vn 0.2437 0.9687 0.0460
vn 0.7529 -0.1729 0.6350
vn -0.7808 0.2668 -0.5650
vn 0.2437 0.9688 0.0459
v -11.676673 7.205242 1.271201
v -10.927873 7.068983 0.807385
v -11.466197 8.091885 1.364925
v -10.747523 7.961109 0.804067
v -11.712101 7.215744 1.217726
v -10.963301 7.079485 0.753910
v -11.501625 8.102387 1.311450
v -10.782952 7.971611 0.750592
vn 0.4880 -0.2055 0.8483
vn -0.4880 0.2055 -0.8483
vn -0.8139 0.1334 0.5654
vn -0.2102 -0.9763 -0.0525
vn 0.8069 -0.1652 -0.5671
vn 0.2155 0.9753 0.0488
vn 0.5975 -0.1178 0.7931
vn -0.5975 0.1178 -0.7931
vn 0.2155 0.9753 0.0487
v -10.937131 7.070668 0.740608
v -10.091087 6.916714 0.549277
v -10.740424 7.959816 0.855270
v -9.936186 7.813470 0.491469
v -10.956814 7.076507 0.678936
v -10.110771 6.922552 0.487605
v -10.760108 7.965655 0.793598
v -9.955869 7.819308 0.429796
vn 0.1886 -0.1665 0.9678
vn -0.1886 0.1665 -0.9678
vn -0.9347 0.1663 0.3141
vn -0.1863 -0.9819 -0.0335
vn 0.9318 -0.1812 -0.3145
vn 0.1927 0.9808 0.0313
vn 0.4103 -0.0121 0.9119
vn -0.4103 0.0121 -0.9119
vn 0.9318 -0.1812 -0.3146
vn 0.1927 0.9808 0.0314
v -10.094682 6.917368 0.523356
v -9.217938 6.757827 0.553455
v -9.924150 7.811280 0.578283
v -9.080278 7.657721 0.500333
v -10.096422 6.917732 0.458380
v -9.219679 6.758191 0.488479
v -9.925890 7.811644 0.513307
v -9.082019 7.658085 0.435358
vn 0.0780 -0.0760 0.9941
vn 0.0229 -0.0624 -0.9978
vn -0.9822 0.1857 0.0274
vn -0.1790 -0.9838 -0.0007
vn 0.9879 -0.1527 -0.0273
vn 0.1791 0.9838 0.0007
vn -0.0229 0.0624 0.9978
vn -0.0780 0.0760 -0.9941
v -9.224320 6.758989 0.507423
v -8.372788 6.604036 0.784577
v -9.069967 7.655845 0.574707
v -8.249662 7.506574 0.746876
v -9.207714 6.757461 0.444599
v -8.356182 6.602507 0.721753
v -9.053360 7.654316 0.511883
v -8.233057 7.505046 0.684051
vn -0.2117 -0.0368 0.9766
vn 0.2953 -0.0801 -0.9520
vn -0.9494 0.1826 -0.2554
vn -0.1722 -0.9848 -0.0216
vn 0.9591 -0.1201 0.2564
vn 0.1745 0.9844 0.0222
vn -0.2953 0.0801 0.9520
vn 0.2117 0.0368 -0.9766
v -8.366650 6.602919 0.828857
v -7.589009 6.461412 1.401614
v -8.243294 7.505415 0.792815
v -7.476824 7.365941 1.388271
v -8.328369 6.596504 0.776717
v -7.550730 6.454997 1.349474
v -8.205014 7.499001 0.740676
v -7.438545 7.359526 1.336131
vn -0.5966 0.1133 0.7945
vn 0.5810 -0.0840 -0.8096
vn -0.7981 0.0853 -0.5965
vn -0.1742 -0.9847 -0.0067
vn 0.7975 -0.0901 0.5966
vn 0.1740 0.9847 0.0066
vn -0.5810 0.0840 0.8096
vn 0.5966 -0.1133 -0.7945
vn -0.7981 0.0853 -0.5964
v -7.606281 6.464555 1.277038
v -6.974679 6.349622 1.968232
v -7.497436 7.369692 1.239605
v -6.860670 7.253819 2.047287
v -7.557201 6.459483 1.234724
v -6.925600 6.344551 1.925919
v -7.448356 7.364620 1.197291
v -6.811590 7.248748 2.004974
vn -0.7714 0.1186 0.6252
vn 0.7350 -0.0335 -0.6772
vn -0.6495 0.0467 -0.7589
vn -0.1366 -0.9898 -0.0398
vn 0.6372 -0.1465 0.7567
vn 0.1339 0.9903 0.0366
vn -0.7350 0.0335 0.6772
vn 0.7714 -0.1186 -0.6252
vn 0.1338 0.9903 0.0366
v -6.967029 6.348230 2.023416
v -6.522745 6.267384 2.798666
v -6.857687 7.253277 2.068800
v -6.409439 7.171709 2.922452
v -6.910306 6.344193 1.991933
v -6.466022 6.263348 2.767183
v -6.800964 7.249240 2.037317
v -6.352716 7.167673 2.890970
vn -0.8613 0.0789 0.5019
vn 0.8613 -0.0789 -0.5019
vn -0.4773 0.1014 -0.8729
vn -0.0973 -0.9941 -0.0479
vn 0.4679 -0.1771 0.8658
vn 0.0956 0.9944 0.0448
vn -0.8826 0.0465 0.4679
vn 0.8826 -0.0465 -0.4679
v -6.512217 6.265468 2.874597
v -6.261730 6.219887 3.852716
v -6.411837 7.172145 2.905156
v -6.169144 7.127983 3.844045
v -6.449651 6.259013 2.858199
v -6.199164 6.213432 3.836318
v -6.349271 7.165691 2.888758
v -6.106579 7.121529 3.827647
vn -0.9624 0.0980 0.2534
vn 0.9627 -0.1006 -0.2512
vn -0.2473 0.0600 -0.9671
vn -0.1075 -0.9940 -0.0188
vn 0.2519 -0.0164 0.9676
vn 0.1075 0.9940 0.0190
vn -0.9627 0.1006 0.2512
vn 0.9624 -0.0980 -0.2534
v -12.644052 8.346876 4.700875
v -12.648365 8.347661 3.859072
v -12.381721 9.224084 4.730946
v -12.396560 9.226784 3.836639
v -12.706430 8.365133 4.701600
v -12.710744 8.365917 3.859797
v -12.444100 9.242341 4.731671
v -12.458939 9.245041 3.837363
vn 0.9581 -0.2859 -0.0168
vn -0.9613 0.2755 0.0052
vn 0.0015 -0.0347 0.9994
vn -0.2809 -0.9597 0.0005
vn -0.0176 -0.0205 -0.9996
vn 0.2809 0.9597 -0.0018
vn 0.9613 -0.2755 -0.0052
vn -0.9581 0.2859 0.0168
v -12.652642 8.348439 3.828219
v -12.450431 8.311644 2.909872
v -12.412936 9.229764 3.718520
v -12.217649 9.194227 2.818865
v -12.714321 8.363358 3.814140
v -12.512110 8.326561 2.895793
v -12.474614 9.244683 3.704441
v -12.279326 9.209146 2.804785
vn 0.9483 -0.2308 0.2180
vn -0.9483 0.2308 -0.2180
vn -0.1801 0.1696 0.9689
vn -0.2324 -0.9725 -0.0122
vn 0.1856 -0.1491 -0.9712
vn 0.2325 0.9725 0.0121
vn 0.9495 -0.2283 0.2151
vn -0.9495 0.2283 -0.2151
vn 0.2325 0.9725 0.0120
v -12.457644 8.312956 2.857850
v -12.044072 8.237698 2.059815
v -12.226525 9.195843 2.754839
v -11.819198 9.121721 2.020940
v -12.513475 8.324868 2.826770
v -12.099903 8.249611 2.028736
v -12.282357 9.207755 2.723759
v -11.875029 9.133635 1.989861
vn 0.8678 -0.1728 0.4660
vn -0.8678 0.1728 -0.4660
vn -0.4391 0.2167 0.8719
vn -0.2021 -0.9793 -0.0124
vn 0.4552 -0.1544 -0.8769
vn 0.2017 0.9794 0.0130
vn 0.8492 -0.1944 0.4910
vn -0.8492 0.1944 -0.4910
v -12.048692 8.238539 2.026497
v -11.478396 8.134762 1.212361
v -11.815672 9.121080 2.046368
v -11.268920 9.021588 1.204698
v -12.100677 8.251793 1.989799
v -11.530383 8.148016 1.175663
v -11.867658 9.134335 2.009670
v -11.320907 9.034842 1.168000
vn 0.7855 -0.2204 0.5783
vn -0.7855 0.2204 -0.5783
vn -0.5503 0.1267 0.8253
vn -0.2248 -0.9738 -0.0333
vn 0.5478 -0.1365 -0.8254
vn 0.2259 0.9736 0.0316
vn 0.8135 -0.1874 0.5506
vn -0.8135 0.1874 -0.5506
v -11.457263 8.130917 1.364788
v -10.749454 8.002117 0.731804
v -11.249875 9.018123 1.342064
v -10.558912 8.892387 0.753257
v -11.498631 8.140142 1.315507
v -10.790821 8.011343 0.682523
v -11.291243 9.027348 1.292783
v -10.600279 8.901613 0.703975
vn 0.6473 -0.1321 0.7507
vn -0.6473 0.1321 -0.7507
vn -0.7346 0.1884 0.6519
vn -0.1957 -0.9805 -0.0193
vn 0.7446 -0.1437 -0.6519
vn 0.1952 0.9806 0.0197
vn 0.6249 -0.1522 0.7658
vn -0.6249 0.1522 -0.7658
v -10.744281 8.001175 0.769119
v -9.915147 7.850298 0.591565
v -10.543098 8.889510 0.867315
v -9.755716 8.746231 0.566415
v -10.761632 8.007235 0.706772
v -9.932498 7.856357 0.529217
v -10.560450 8.895569 0.804967
v -9.773067 8.752290 0.504068
vn 0.1812 -0.1485 0.9722
vn -0.1812 0.1485 -0.9722
vn -0.9425 0.1825 0.2800
vn -0.1878 -0.9813 -0.0431
vn 0.9438 -0.1758 -0.2797
vn 0.1941 0.9801 0.0412
vn 0.3510 -0.0362 0.9357
vn -0.3510 0.0362 -0.9357
vn 0.9438 -0.1758 -0.2798
v -9.920126 7.851204 0.555652
v -9.077175 7.697814 0.477751
v -9.769315 8.748705 0.468338
v -8.924202 8.594921 0.583828
v -9.918602 7.851626 0.490671
v -9.075651 7.698234 0.412770
v -9.767791 8.749126 0.403357
v -8.922678 8.595342 0.518848
vn -0.1139 0.1151 0.9868
vn -0.0680 0.1286 -0.9894
vn -0.9863 0.1636 -0.0221
vn -0.1800 -0.9836 -0.0106
vn 0.9851 -0.1706 0.0220
vn 0.1776 0.9840 0.0105
vn 0.0680 -0.1286 0.9894
vn 0.1139 -0.1151 -0.9868
vn 0.1776 0.9840 0.0106
v -7.473297 7.405956 1.380331
v -6.867156 7.295657 1.971235
v -7.378654 8.313678 1.373653
v -6.783150 8.205315 1.996997
v -7.427547 7.401941 1.334333
v -6.821406 7.291642 1.925237
v -7.332903 8.309664 1.327655
v -6.737400 8.201300 1.950999
vn -0.7138 0.0795 0.6958
vn 0.6933 -0.0437 -0.7193
vn -0.7044 0.0682 -0.7065
vn -0.1342 -0.9898 -0.0471
vn 0.7027 -0.0849 0.7064
vn 0.1326 0.9901 0.0455
vn -0.6933 0.0437 0.7193
vn 0.7138 -0.0795 -0.6958
vn 0.1326 0.9901 0.0454
v -6.862852 7.294874 2.002276
v -6.421024 7.214474 2.812201
v -6.780888 8.204903 2.013312
v -6.340547 8.124774 2.881141
v -6.805566 7.291101 1.971795
v -6.363739 7.210702 2.781719
v -6.723602 8.201130 1.982830
v -6.283261 8.121001 2.850660
vn -0.8865 0.0743 0.4567
vn 0.8754 -0.0409 -0.4816
vn -0.4664 0.0527 -0.8830
vn -0.0915 -0.9946 -0.0488
vn 0.4615 -0.1075 0.8806
vn 0.0901 0.9949 0.0461
vn -0.8754 0.0409 0.4816
vn 0.8865 -0.0743 -0.4567
vn 0.0901 0.9949 0.0462
v -6.408722 7.212235 2.900936
v -6.168169 7.168462 3.825265
v -6.331782 8.123179 2.944360
v -6.096783 8.080416 3.852043
v -6.346007 7.207767 2.884446
v -6.105455 7.163994 3.808775
v -6.269068 8.118711 2.927870
v -6.034069 8.075949 3.835552
vn -0.9646 0.0694 0.2543
vn 0.9646 -0.0694 -0.2543
vn -0.2492 0.0671 -0.9661
vn -0.0781 -0.9966 -0.0269
vn 0.2508 -0.0480 0.9668
vn 0.0780 0.9966 0.0268
vn -0.9651 0.0681 0.2531
vn 0.9650 -0.0681 -0.2531
vn -0.2493 0.0671 -0.9661
v -12.360538 9.260885 4.797306
v -12.388937 9.266053 3.806369
v -12.075492 10.133960 4.772694
v -12.117229 10.141555 3.716411
v -12.422395 9.280728 4.799548
v -12.450794 9.285896 3.808612
v -12.137349 10.153801 4.774936
v -12.179086 10.161397 3.718654
vn 0.9500 -0.3110 -0.0288
vn -0.9500 0.3110 0.0288
vn 0.0410 0.0148 0.9991
vn -0.3053 -0.9522 0.0038
vn -0.0626 -0.0828 -0.9946
vn 0.3053 0.9523 -0.0052
vn 0.9531 -0.2999 -0.0398
vn -0.9531 0.2999 0.0398
v -12.400476 9.268152 3.723150
v -12.200696 9.231799 2.859365
v -12.122180 10.142455 3.680705
v -11.948300 10.110815 2.720572
v -12.461758 9.285337 3.709955
v -12.261979 9.248983 2.846169
v -12.183462 10.159640 3.667510
v -12.009583 10.128000 2.707376
vn 0.9311 -0.2853 0.2274
vn -0.9311 0.2853 -0.2273
vn -0.1811 0.1051 0.9778
vn -0.2658 -0.9638 -0.0209
vn 0.1533 -0.1969 -0.9684
vn 0.2667 0.9636 0.0165
vn 0.9526 -0.2450 0.1806
vn -0.9526 0.2450 -0.1806
v -12.194225 9.230621 2.906040
v -11.816549 9.161896 1.963796
v -11.931372 10.107735 2.842671
v -11.569851 10.041949 1.927805
v -12.252477 9.246140 2.881730
v -11.874801 9.177414 1.939486
v -11.989623 10.123252 2.818361
v -11.628103 10.057466 1.903495
vn 0.8947 -0.2409 0.3762
vn -0.8947 0.2409 -0.3762
vn -0.3409 0.1690 0.9248
vn -0.2464 -0.9688 -0.0281
vn 0.3505 -0.1361 -0.9266
vn 0.2465 0.9688 0.0277
vn 0.8977 -0.2364 0.3717
vn -0.8977 0.2364 -0.3717
vn 0.3504 -0.1361 -0.9266
v -11.822042 9.162895 1.924183
v -11.240472 9.057068 1.340846
v -11.566818 10.041397 1.949679
v -11.035770 9.944761 1.189480
v -11.870813 9.172613 1.882328
v -11.289245 9.066786 1.298992
v -11.615591 10.051114 1.907825
v -11.084543 9.954480 1.147625
vn 0.6717 -0.2157 0.7088
vn -0.6717 0.2157 -0.7088
vn -0.6245 0.1592 0.7646
vn -0.1879 -0.9822 -0.0091
vn 0.5965 -0.2666 -0.7570
vn 0.1893 0.9819 0.0074
vn 0.8112 -0.0885 0.5780
vn -0.8112 0.0885 -0.5780
vn -0.6245 0.1592 0.7647
v -11.255645 9.059828 1.231411
v -10.532570 8.928251 0.882597
v -11.031236 9.943937 1.222184
v -10.344834 9.819033 0.827250
v -11.285216 9.064597 1.173724
v -10.562142 8.933020 0.824910
v -11.060808 9.948706 1.164497
v -10.374407 9.823801 0.769564
vn 0.4181 -0.0967 0.9032
vn -0.4181 0.0967 -0.9032
vn -0.8599 0.2230 0.4592
vn -0.1751 -0.9845 0.0084
vn 0.8628 -0.2104 -0.4597
vn 0.1745 0.9846 -0.0081
vn 0.4913 -0.0495 0.8696
vn -0.4913 0.0495 -0.8696
v -9.756356 8.787004 0.510148
v -8.912794 8.633501 0.623462
v -9.600145 9.683522 0.461781
v -8.780508 9.534373 0.636887
v -9.745782 8.784060 0.446081
v -8.902220 8.630558 0.559396
v -9.589571 9.680578 0.397715
v -8.769934 9.531429 0.572820
vn -0.1931 0.0864 0.9774
vn 0.1323 -0.0047 -0.9912
vn -0.9727 0.1604 -0.1679
vn -0.1810 -0.9834 0.0153
vn 0.9750 -0.1457 0.1676
vn 0.1821 0.9832 -0.0151
vn -0.1323 0.0047 0.9912
vn 0.1931 -0.0864 -0.9774
v -8.924415 8.635616 0.539644
v -8.101219 8.485819 0.912978
v -8.780163 9.534310 0.639377
v -8.003733 9.393023 0.893792
v -8.900744 8.635147 0.479109
v -8.077548 8.485351 0.852444
v -8.756493 9.533842 0.578842
v -7.980062 9.392555 0.833257
vn -0.3197 -0.0537 0.9460
vn 0.4027 -0.0626 -0.9132
vn -0.9145 0.1866 -0.3590
vn -0.1554 -0.9864 -0.0531
vn 0.9271 -0.0919 0.3633
vn 0.1612 0.9854 0.0554
vn -0.4027 0.0626 0.9132
vn 0.3197 0.0537 -0.9460
v -8.115086 8.488342 0.812963
v -7.377933 8.354203 1.351797
v -8.000862 9.392502 0.914492
v -7.298948 9.264774 1.386693
v -8.077717 8.488362 0.759778
v -7.340563 8.354223 1.298613
v -7.963493 9.392521 0.861308
v -7.261579 9.264793 1.333509
vn -0.5608 -0.0221 0.8277
vn 0.5876 -0.0200 -0.8089
vn -0.8069 0.1656 -0.5669
vn -0.1188 -0.9894 -0.0838
vn 0.8147 -0.0926 0.5724
vn 0.1220 0.9888 0.0861
vn -0.5876 0.0200 0.8089
vn 0.5608 0.0221 -0.8277
vn -0.8070 0.1656 -0.5669
v -7.375208 8.353707 1.371444
v -6.765079 8.242682 2.105809
v -7.306015 9.266060 1.335723
v -6.721881 9.159765 2.026491
v -7.326006 8.348038 1.329349
v -6.715877 8.237013 2.063714
v -7.256813 9.260390 1.293627
v -6.672679 9.154096 1.984396
vn -0.7547 0.0827 0.6509
vn 0.7591 -0.0915 -0.6445
vn -0.6487 0.0194 -0.7608
vn -0.1414 -0.9894 -0.0321
vn 0.6520 0.0348 0.7574
vn 0.1417 0.9894 0.0324
vn -0.7591 0.0915 0.6445
vn 0.7547 -0.0827 -0.6509
v -6.344021 8.166063 2.838026
v -6.097647 8.121230 3.828941
v -6.282888 9.079883 2.978527
v -6.043492 9.036320 3.949966
v -6.280967 8.164331 2.822339
v -6.034592 8.119499 3.813254
v -6.219833 9.078151 2.962840
v -5.980437 9.034588 3.934279
vn -0.9698 0.0276 0.2424
vn 0.9698 -0.0276 -0.2424
vn -0.2340 0.1630 -0.9585
vn -0.0364 -0.9987 -0.0361
vn 0.2354 -0.1411 0.9616
vn 0.0363 0.9987 0.0358
vn -0.9704 0.0256 0.2403
vn 0.9704 -0.0256 -0.2403
v -12.074188 10.174378 4.685394
v -12.093714 10.177932 3.790855
v -11.740775 11.038652 4.760939
v -11.791307 11.047848 3.682081
v -12.135163 10.196779 4.687704
v -12.154689 10.200333 3.793164
v -11.801750 11.061051 4.763248
v -11.852283 11.070247 3.684390
vn 0.9334 -0.3582 -0.0218
vn -0.9334 0.3582 0.0218
vn 0.0050 -0.0890 0.9960
vn -0.3447 -0.9387 0.0038
vn -0.0737 -0.0985 -0.9924
vn 0.3445 0.9387 -0.0081
vn 0.9417 -0.3332 -0.0469
vn -0.9417 0.3332 0.0469
vn -0.0738 -0.0984 -0.9924
v -12.091646 10.177555 3.805771
v -11.934460 10.148952 2.729736
v -11.783079 11.046350 3.741435
v -11.628881 11.018291 2.759152
v -12.152299 10.198792 3.796011
v -11.995112 10.170187 2.719975
v -11.843732 11.067584 3.731675
v -11.689534 11.039525 2.749392
vn 0.9357 -0.3216 0.1452
vn -0.9357 0.3216 -0.1452
vn -0.1184 0.1151 0.9863
vn -0.3271 -0.9447 -0.0227
vn 0.1520 -0.0200 -0.9882
vn 0.3268 0.9448 0.0243
vn 0.9303 -0.3323 0.1555
vn -0.9303 0.3323 -0.1555
v -11.927287 10.147648 2.781467
v -11.556936 10.080255 1.937451
v -11.618279 11.016361 2.835621
v -11.289469 10.956529 1.875405
v -11.984817 10.166547 2.757841
v -11.614466 10.099154 1.913825
v -11.675808 11.035260 2.811995
v -11.346998 10.975427 1.851779
vn 0.8548 -0.3291 0.4013
vn -0.8548 0.3291 -0.4013
vn -0.3593 0.0698 0.9306
vn -0.2923 -0.9549 -0.0520
vn 0.3275 -0.1658 -0.9302
vn 0.2962 0.9542 0.0420
vn 0.9099 -0.2546 0.3275
vn -0.9099 0.2546 -0.3275
v -11.009953 9.980721 1.301518
v -10.336686 9.858206 0.822708
v -10.783087 10.864382 1.185668
v -10.144444 10.748169 0.735494
v -11.047156 9.983418 1.248286
v -10.373890 9.860903 0.769477
v -10.820291 10.867080 1.132436
v -10.181648 10.750866 0.682262
vn 0.5742 -0.0402 0.8177
vn -0.5742 0.0402 -0.8177
vn -0.7817 0.2741 0.5602
vn -0.1439 -0.9883 0.0505
vn 0.7929 -0.2267 -0.5656
vn 0.1441 0.9883 -0.0506
vn 0.5704 -0.0428 0.8203
vn -0.5704 0.0428 -0.8203
vn 0.1441 0.9883 -0.0507
v -10.330185 9.857023 0.869605
v -9.575819 9.719751 0.585589
v -10.144371 10.748156 0.736022
v -9.407555 10.614078 0.624159
v -10.346869 9.856989 0.806783
v -9.592504 9.719718 0.522767
v -10.161056 10.748120 0.673200
v -9.424239 10.614042 0.561336
vn 0.3618 0.0640 0.9301
vn -0.3618 -0.0640 -0.9301
vn -0.9398 0.2334 0.2495
vn -0.1629 -0.9857 0.0438
vn 0.9527 -0.1683 -0.2529
vn 0.1720 0.9840 -0.0462
vn 0.1376 -0.0685 0.9881
vn -0.1376 0.0685 -0.9881
v -9.591774 9.722655 0.470509
v -8.779258 9.574802 0.605916
v -9.415647 10.615550 0.565793
v -8.659111 10.477883 0.596150
v -9.584607 9.724548 0.405933
v -8.772091 9.576694 0.541340
v -9.408480 10.617441 0.501217
v -8.651945 10.479775 0.531574
vn -0.0571 -0.0948 0.9939
vn 0.1587 -0.0318 -0.9868
vn -0.9738 0.2030 -0.1021
vn -0.1711 -0.9841 -0.0478
vn 0.9859 -0.1300 0.1056
vn 0.1769 0.9830 0.0484
vn -0.1587 0.0318 0.9868
vn 0.0571 0.0948 -0.9939
v -8.793255 9.577349 0.504958
v -8.010845 9.434975 0.813363
v -8.661769 10.478367 0.576984
v -7.913724 10.342246 0.915896
v -8.767567 9.579861 0.445303
v -7.985157 9.437486 0.753708
v -8.636080 10.480878 0.517329
v -7.888035 10.344757 0.856241
vn -0.4145 -0.0123 0.9100
vn 0.3760 0.0642 -0.9244
vn -0.9086 0.1633 -0.3844
vn -0.1393 -0.9851 -0.1014
vn 0.9114 -0.1412 0.3865
vn 0.1344 0.9859 0.0993
vn -0.3760 -0.0642 0.9244
vn 0.4145 0.0123 -0.9100
vn -0.1393 -0.9850 -0.1015
vn 0.1344 0.9859 0.0994
v -8.019082 9.436473 0.753953
v -7.308069 9.307091 1.301108
v -7.924566 10.344219 0.837693
v -7.257380 10.222811 1.307780
v -7.980538 9.435999 0.701616
v -7.269526 9.306616 1.248771
v -7.886023 10.343743 0.785356
v -7.218837 10.222337 1.255443
vn -0.5777 -0.0151 0.8161
vn 0.6065 -0.0278 -0.7946
vn -0.7970 0.1372 -0.5882
vn -0.1194 -0.9897 -0.0789
vn 0.8040 -0.0488 0.5926
vn 0.1227 0.9891 0.0814
vn -0.6065 0.0278 0.7946
vn 0.5777 0.0151 -0.8161
vn -0.1194 -0.9897 -0.0790
v -7.297343 9.305140 1.378475
v -6.709362 9.198144 2.104151
v -7.239779 10.219607 1.434732
v -6.690657 10.119685 2.063555
v -7.247705 9.303434 1.336544
v -6.659724 9.196440 2.062220
v -7.190142 10.217903 1.392801
v -6.641019 10.117981 2.021624
vn -0.7527 0.0069 0.6584
vn 0.7731 -0.0436 -0.6328
vn -0.6411 0.0873 -0.7625
vn -0.0937 -0.9931 -0.0705
vn 0.6456 0.0205 0.7634
vn 0.0963 0.9926 0.0737
vn -0.7731 0.0436 0.6328
vn 0.7527 -0.0069 -0.6584
vn 0.0963 0.9926 0.0736
v -6.717241 9.199577 2.047318
v -6.285389 9.120994 2.952355
v -6.699429 10.121282 2.000286
v -6.266171 10.042441 3.030766
v -6.657926 9.198839 2.020746
v -6.226073 9.120255 2.925782
v -6.640113 10.120541 1.973714
v -6.206855 10.041701 3.004194
vn -0.9201 0.0377 0.3898
vn 0.9030 0.0177 -0.4293
vn -0.4089 -0.0386 -0.9117
vn -0.0422 -0.9969 -0.0664
vn 0.4064 -0.0859 0.9096
vn 0.0393 0.9974 0.0598
vn -0.9030 -0.0177 0.4293
vn 0.9201 -0.0377 -0.3898
vn -0.4089 -0.0386 -0.9118
vn 0.0392 0.9974 0.0598
v -6.299973 9.123648 2.847171
v -6.045433 9.077330 3.929373
v -6.280944 10.045129 2.924209
v -6.034155 10.000221 3.989832
v -6.236673 9.123709 2.832399
v -5.982133 9.077391 3.914600
v -6.217645 10.045191 2.909436
v -5.970856 10.000282 3.975060
vn -0.9734 0.0010 0.2290
vn 0.9734 -0.0010 -0.2290
vn -0.2265 0.0858 -0.9702
vn -0.0085 -0.9991 -0.0408
vn 0.2268 -0.0664 0.9717
vn 0.0084 0.9992 0.0402
vn -0.9742 -0.0029 0.2255
vn 0.9742 0.0029 -0.2255
vn -0.0085 -0.9991 -0.0407
v -11.737831 11.078773 4.673876
v -11.776828 11.085870 3.680156
v -11.365390 11.935944 4.752040
v -11.420971 11.946058 3.687532
v -11.797663 11.103999 4.676836
v -11.836659 11.111095 3.683116
v -11.425222 11.961170 4.755001
v -11.480803 11.971285 3.690492
vn 0.9177 -0.3940 -0.0517
vn -0.9235 0.3817 0.0390
vn 0.0093 -0.0948 0.9955
vn -0.3881 -0.9216 0.0087
vn -0.0390 0.0247 -0.9989
vn 0.3880 0.9216 -0.0115
vn 0.9235 -0.3817 -0.0390
vn -0.9177 0.3940 0.0517
vn -0.3881 -0.9216 0.0086
v -11.607707 11.055095 2.811164
v -11.262383 10.992256 1.979058
v -11.291147 11.922434 2.678265
v -10.956126 11.861470 1.999594
v -11.663960 11.073532 2.784320
v -11.318637 11.010694 1.952214
v -11.347402 11.940872 2.651422
v -11.012380 11.879909 1.972750
vn 0.8838 -0.2633 0.3867
vn -0.8838 0.2633 -0.3867
vn -0.3437 0.2636 0.9013
vn -0.2902 -0.9557 -0.0483
vn 0.3959 -0.1180 -0.9107
vn 0.2869 0.9563 0.0557
vn 0.8421 -0.3072 0.4433
vn -0.8421 0.3072 -0.4433
vn -0.3437 0.2635 0.9013
v -11.256868 10.991253 2.018830
v -10.762953 10.901376 1.250909
v -10.976209 11.865125 1.854741
v -10.499041 11.778295 1.262826
v -11.307981 11.003835 1.980695
v -10.814065 10.913958 1.212774
v -11.027321 11.877707 1.816606
v -10.550152 11.790878 1.224691
vn 0.8214 -0.1611 0.5472
vn -0.8214 0.1611 -0.5472
vn -0.5164 0.3153 0.7962
vn -0.2198 -0.9752 -0.0272
vn 0.5650 -0.1590 -0.8097
vn 0.2167 0.9757 0.0316
vn 0.7405 -0.2314 0.6309
vn -0.7405 0.2314 -0.6309
vn -0.2197 -0.9752 -0.0272
vn 0.5649 -0.1590 -0.8097
vn 0.2167 0.9757 0.0315
v -10.136992 10.787469 0.722940
v -9.411022 10.655365 0.547493
v -9.921088 11.673125 0.734209
v -9.250872 11.551167 0.527541
v -10.153587 10.790667 0.660176
v -9.427618 10.658563 0.484729
v -9.937683 11.676323 0.671445
v -9.267467 11.554364 0.464777
vn 0.2229 -0.0667 0.9726
vn -0.2229 0.0667 -0.9726
vn -0.9389 0.2256 0.2598
vn -0.1796 -0.9837 -0.0027
vn 0.9495 -0.1755 -0.2600
vn 0.1798 0.9837 0.0026
vn 0.2895 -0.0304 0.9567
vn -0.2895 0.0304 -0.9567
vn -0.9390 0.2256 0.2597
vn -0.1796 -0.9837 -0.0026
v -8.653231 10.517469 0.601575
v -7.931767 10.386185 0.762425
v -8.556534 11.424818 0.494857
v -7.860425 11.298147 0.818461
v -8.632831 10.513869 0.539965
v -7.911367 10.382585 0.700815
v -8.536134 11.421217 0.433246
v -7.840025 11.294547 0.756850
vn -0.3945 0.1487 0.9068
vn 0.2247 0.0422 -0.9735
vn -0.9463 0.0636 -0.3170
vn -0.1787 -0.9839 -0.0016
vn 0.9435 -0.0933 0.3179
vn 0.1783 0.9840 0.0016
vn -0.2247 -0.0422 0.9735
vn 0.3945 -0.1487 -0.9068
vn -0.1787 -0.9839 -0.0017
vn 0.1783 0.9840 0.0015
v -7.926202 10.385173 0.802565
v -7.254402 10.262925 1.317662
v -7.847291 11.295757 0.913191
v -7.226437 11.182781 1.357634
v -7.887244 10.387176 0.750573
v -7.215444 10.264930 1.265670
v -7.808332 11.297760 0.861198
v -7.187478 11.184784 1.305641
vn -0.5871 -0.0473 0.8081
vn 0.6102 0.0159 -0.7921
vn -0.7949 0.1406 -0.5902
vn -0.0958 -0.9893 -0.1099
vn 0.8002 -0.0503 0.5976
vn 0.0994 0.9887 0.1125
vn -0.6102 -0.0159 0.7921
vn 0.5871 0.0473 -0.8081
v -6.690453 10.160304 2.062426
v -6.271325 10.084035 2.996652
v -6.683310 11.083948 2.179956
v -6.298724 11.013966 3.008199
v -6.631278 10.162815 2.035650
v -6.212150 10.086547 2.969876
v -6.624135 11.086458 2.153180
v -6.239549 11.016476 2.981422
vn -0.9075 -0.0461 0.4175
vn 0.9129 0.0320 -0.4069
vn -0.4135 0.1181 -0.9028
vn 0.0046 -0.9965 -0.0834
vn 0.4122 0.0008 0.9111
vn -0.0034 0.9963 0.0858
vn -0.9129 -0.0320 0.4069
vn 0.9075 0.0461 -0.4175
v -6.284336 10.086403 2.902809
v -6.051541 10.044042 3.869428
v -6.294391 11.013177 3.039455
v -6.074226 10.973114 3.963804
v -6.221162 10.089386 2.887807
v -5.988367 10.047024 3.854426
v -6.231216 11.016158 3.024452
v -6.011052 10.976095 3.948801
vn -0.9717 -0.0448 0.2321
vn 0.9717 0.0448 -0.2321
vn -0.2350 0.1393 -0.9620
vn 0.0347 -0.9980 -0.0521
vn 0.2342 -0.0926 0.9678
vn -0.0349 0.9981 0.0515
vn -0.9722 -0.0471 0.2295
vn 0.9722 0.0471 -0.2295
vn 0.0348 -0.9980 -0.0521
vn -0.0349 0.9981 0.0516
v -11.356594 11.975000 4.694262
v -11.391066 11.981273 3.784385
v -10.967542 12.829148 4.583189
v -11.003068 12.835612 3.725064
v -11.415622 12.002099 4.696794
v -11.450092 12.008371 3.786918
v -11.026569 12.856247 4.585722
v -11.062095 12.862713 3.727597
vn 0.9076 -0.4182 -0.0373
vn -0.9076 0.4182 0.0373
vn 0.0842 0.0907 0.9923
vn -0.4169 -0.9089 0.0095
vn -0.0617 -0.0412 -0.9972
vn 0.4168 0.9089 -0.0104
vn 0.9087 -0.4155 -0.0407
vn -0.9087 0.4155 0.0407
vn 0.4169 0.9089 -0.0104
v -11.399960 11.982891 3.720237
v -11.269722 11.959191 2.720901
v -11.002569 12.835522 3.728662
v -10.905112 12.817788 2.666929
v -11.459057 12.009021 3.713183
v -11.328820 11.985321 2.713847
v -11.061666 12.861650 3.721608
v -10.964211 12.843916 2.659875
vn 0.8986 -0.4201 0.1271
vn -0.8986 0.4201 -0.1271
vn -0.1020 0.0377 0.9941
vn -0.4011 -0.9155 -0.0306
vn 0.0765 -0.0949 -0.9925
vn 0.4021 0.9153 0.0216
vn 0.9187 -0.3844 0.0907
vn -0.9187 0.3844 -0.0907
v -11.259790 11.957384 2.792535
v -10.958428 11.902546 1.882147
v -10.904793 12.817730 2.669234
v -10.624304 12.766689 1.885149
v -11.317369 11.978920 2.771418
v -11.016006 11.924082 1.861030
v -10.962372 12.839265 2.648117
v -10.681882 12.788224 1.864032
vn 0.8924 -0.3231 0.3149
vn -0.8924 0.3231 -0.3149
vn -0.2542 0.2392 0.9371
vn -0.3326 -0.9416 -0.0534
vn 0.3041 -0.1143 -0.9458
vn 0.3313 0.9418 0.0572
vn 0.8780 -0.3406 0.3363
vn -0.8780 0.3407 -0.3363
v -10.964105 11.903579 1.841205
v -10.478709 11.815251 1.323035
v -10.611725 12.764400 1.975874
v -10.217734 12.692706 1.159237
v -11.015396 11.921077 1.805316
v -10.530001 11.832748 1.287146
v -10.663016 12.781898 1.939985
v -10.269026 12.710203 1.123348
vn 0.6461 -0.3690 0.6681
vn -0.6461 0.3690 -0.6681
vn -0.5488 0.0947 0.8306
vn -0.2669 -0.9598 -0.0865
vn 0.4776 -0.2964 -0.8271
vn 0.2878 0.9561 0.0549
vn 0.8798 -0.1795 0.4402
vn -0.8798 0.1795 -0.4402
vn -0.5488 0.0947 0.8305
vn -0.2670 -0.9598 -0.0865
v -10.497008 11.818582 1.191049
v -9.910778 11.711905 0.738910
v -10.206533 12.690668 1.240025
v -9.693154 12.597249 0.682603
v -10.539025 11.830528 1.142915
v -9.952796 11.723852 0.690777
v -10.248550 12.702614 1.191892
v -9.735172 12.609195 0.634470
vn 0.5669 -0.2332 0.7901
vn -0.5669 0.2332 -0.7901
vn -0.7131 0.1998 0.6720
vn -0.2175 -0.9747 -0.0521
vn 0.7081 -0.2168 -0.6720
vn 0.2256 0.9732 0.0446
vn 0.7178 -0.1330 0.6834
vn -0.7178 0.1330 -0.6834
vn 0.2256 0.9732 0.0447
v -9.916299 11.712911 0.699093
v -9.231057 11.588217 0.618805
v -9.690522 12.596769 0.701587
v -9.087498 12.487038 0.479191
v -9.931458 11.711190 0.635909
v -9.246216 11.586497 0.555621
v -9.705681 12.595049 0.638403
v -9.102655 12.485316 0.416006
vn 0.1107 -0.0311 0.9934
vn -0.1107 0.0311 -0.9934
vn -0.9453 0.2408 0.2202
vn -0.1709 -0.9830 0.0678
vn 0.9563 -0.1876 -0.2243
vn 0.1557 0.9857 -0.0642
vn 0.3586 0.0871 0.9294
vn -0.3586 -0.0871 -0.9294
v -9.236809 11.589264 0.577320
v -8.528149 11.460309 0.665941
v -9.070006 12.483854 0.605348
v -8.430096 12.367411 0.648995
v -9.230558 11.588743 0.512623
v -8.521898 11.459788 0.601245
v -9.063756 12.483334 0.540651
v -8.423845 12.366889 0.584298
vn -0.0713 -0.0180 0.9973
vn 0.1184 -0.0313 -0.9925
vn -0.9780 0.1854 -0.0960
vn -0.1779 -0.9840 -0.0093
vn 0.9898 -0.1052 0.0965
vn 0.1784 0.9839 0.0093
vn -0.1184 0.0313 0.9925
vn 0.0713 0.0180 -0.9973
vn -0.1779 -0.9840 -0.0092
v -8.543148 11.463038 0.557762
v -7.860750 11.338862 0.799246
v -8.443507 12.369851 0.552264
v -7.807217 12.254066 0.881357
v -8.517284 11.463372 0.498129
v -7.834888 11.339196 0.739613
v -8.417645 12.370185 0.492631
v -7.781354 12.254399 0.821724
vn -0.4508 0.0549 0.8909
vn 0.3432 0.0640 -0.9371
vn -0.9132 0.0979 -0.3955
vn -0.1538 -0.9855 -0.0722
vn 0.9140 -0.0890 0.3959
vn 0.1444 0.9872 0.0682
vn -0.3432 -0.0640 0.9371
vn 0.4508 -0.0549 -0.8909
v -7.861240 11.338952 0.795710
v -7.213176 11.221025 1.450820
v -7.797687 12.252331 0.950093
v -7.237541 12.150402 1.331877
v -7.818904 11.339000 0.746388
v -7.170839 11.221072 1.401499
v -7.755350 12.252378 0.900772
v -7.195204 12.150449 1.282555
vn -0.5726 -0.0977 0.8140
vn 0.7025 -0.0722 -0.7080
vn -0.7490 0.1608 -0.6428
vn -0.0961 -0.9919 -0.0835
vn 0.7547 0.1027 0.6479
vn 0.1131 0.9887 0.0981
vn -0.7025 0.0722 0.7080
vn 0.5726 0.0977 -0.8140
vn 0.1131 0.9887 0.0980
v -7.213065 11.221004 1.451619
v -6.701443 11.127905 2.057764
v -7.220894 12.147373 1.451948
v -6.744432 12.060671 2.081344
v -7.162189 11.222915 1.411210
v -6.650566 11.129815 2.017355
v -7.170017 12.149282 1.411539
v -6.693555 12.062580 2.040935
vn -0.7977 -0.0070 0.6029
vn 0.7670 0.0515 -0.6395
vn -0.6218 -0.0050 -0.7831
vn -0.0502 -0.9927 -0.1101
vn 0.6217 0.0089 0.7832
vn 0.0446 0.9937 0.1031
vn -0.7670 -0.0515 0.6395
vn 0.7977 0.0070 -0.6029
v -6.706465 11.128819 2.021541
v -6.306558 11.056047 2.967243
v -6.748639 12.061437 2.051000
v -6.365638 11.991742 3.048808
v -6.646212 11.133506 1.997613
v -6.246305 11.060735 2.943314
v -6.688386 12.066124 2.027072
v -6.305385 11.996429 3.024879
vn -0.9335 -0.0534 0.3546
vn 0.9197 0.0914 -0.3819
vn -0.3699 0.0126 -0.9290
vn 0.0402 -0.9948 -0.0936
vn 0.3723 -0.0572 0.9263
vn -0.0432 0.9953 0.0861
vn -0.9197 -0.0914 0.3819
vn 0.9335 0.0534 -0.3546
v -10.932172 12.863369 4.702835
v -10.995490 12.874890 3.647107
v -10.491891 13.708195 4.622027
v -10.553608 13.719425 3.648770
v -10.989612 12.893544 4.706713
v -11.052930 12.905066 3.650985
v -10.549332 13.738371 4.625905
v -10.611049 13.749601 3.652648
vn 0.8830 -0.4657 -0.0580
vn -0.8830 0.4657 0.0580
vn 0.0920 0.0472 0.9946
vn -0.4640 -0.8856 0.0182
vn -0.0521 0.0292 -0.9982
vn 0.4640 0.8857 -0.0192
vn 0.8844 -0.4626 -0.0614
vn -0.8844 0.4626 0.0614
vn 0.4640 0.8856 -0.0192
v -10.982203 12.872473 3.742948
v -10.875645 12.853083 2.755232
v -10.557826 13.720193 3.618347
v -10.482424 13.706471 2.613848
v -11.040902 12.899776 3.737133
v -10.934344 12.880385 2.749417
v -10.616526 13.747496 3.612532
v -10.541123 13.733774 2.608033
vn 0.8954 -0.4328 0.1051
vn -0.8954 0.4328 -0.1051
vn -0.0246 0.1574 0.9872
vn -0.4194 -0.9074 -0.0274
vn 0.0179 -0.1714 -0.9850
vn 0.4201 0.9073 0.0191
vn 0.9103 -0.4072 0.0739
vn -0.9103 0.4072 -0.0739
vn -0.4193 -0.9074 -0.0274
v -10.873491 12.852691 2.770766
v -10.597675 12.802501 1.966291
v -10.462963 13.702930 2.754205
v -10.246059 13.663461 1.855588
v -10.931048 12.876991 2.752835
v -10.655233 12.826801 1.948359
v -10.520521 13.727231 2.736274
v -10.303617 13.687761 1.837657
vn 0.8559 -0.4071 0.3189
vn -0.8559 0.4071 -0.3189
vn -0.2421 0.1356 0.9607
vn -0.3697 -0.9266 -0.0690
vn 0.2096 -0.2084 -0.9553
vn 0.3752 0.9256 0.0499
vn 0.9101 -0.3415 0.2347
vn -0.9101 0.3415 -0.2347
vn -0.3697 -0.9266 -0.0689
v -10.192447 12.728761 1.248070
v -9.671782 12.634016 0.763409
v -9.900438 13.600568 1.138493
v -9.441930 13.517134 0.707500
v -10.235660 12.737101 1.200236
v -9.714995 12.642355 0.715575
v -9.943651 13.608908 1.090659
v -9.485144 13.525474 0.659667
vn 0.6629 -0.1294 0.7374
vn -0.6629 0.1294 -0.7374
vn -0.6777 0.3108 0.6664
vn -0.1838 -0.9829 -0.0053
vn 0.7030 -0.2257 -0.6744
vn 0.1838 0.9829 0.0053
vn 0.6670 -0.1271 0.7342
vn -0.6670 0.1271 -0.7342
v -9.668311 12.633385 0.788442
v -9.058844 12.522480 0.634208
v -9.432420 13.515404 0.776097
v -8.919748 13.422112 0.462392
v -9.693466 12.632483 0.728514
v -9.083998 12.521579 0.574279
v -9.457574 13.514503 0.716169
v -8.944902 13.421212 0.402463
vn 0.2365 -0.0497 0.9704
vn -0.2365 0.0497 -0.9704
vn -0.8954 0.2447 0.3721
vn -0.1585 -0.9840 0.0813
vn 0.9024 -0.2113 -0.3756
vn 0.1358 0.9881 -0.0719
vn 0.5307 0.0791 0.8438
vn -0.5307 -0.0791 -0.8438
vn 0.1358 0.9881 -0.0718
v -9.065139 12.523625 0.588806
v -8.433059 12.408607 0.597668
v -8.907045 13.419801 0.554017
v -8.337016 13.316073 0.654011
v -9.059286 12.523574 0.524070
v -8.427205 12.408555 0.532932
v -8.901192 13.419749 0.489281
v -8.331163 13.316022 0.589275
vn -0.1606 0.0666 0.9848
vn 0.0248 0.0593 -0.9979
vn -0.9815 0.1697 -0.0889
vn -0.1788 -0.9838 -0.0154
vn 0.9899 -0.1103 0.0896
vn 0.1764 0.9842 0.0152
vn -0.0248 -0.0593 0.9979
vn 0.1606 -0.0666 -0.9848
vn 0.9898 -0.1103 0.0896
v -8.445554 12.410880 0.507544
v -7.809753 12.295183 0.853323
v -8.356114 13.319549 0.516261
v -7.784937 13.215611 0.897919
v -8.412065 12.410412 0.451837
v -7.776264 12.294715 0.797616
v -8.322626 13.319080 0.460554
v -7.751448 13.215143 0.842212
vn -0.5492 0.0461 0.8344
vn 0.4817 0.0295 -0.8758
vn -0.8533 0.0889 -0.5137
vn -0.1388 -0.9875 -0.0752
vn 0.8559 -0.0480 0.5149
vn 0.1323 0.9886 0.0713
vn -0.4817 -0.0295 0.8758
vn 0.5492 -0.0461 -0.8344
vn 0.1323 0.9886 0.0712
v -7.815399 12.296210 0.812599
v -7.232341 12.190112 1.376998
v -7.789513 13.216445 0.864910
v -7.276029 13.123006 1.358553
v -7.770153 12.297499 0.765950
v -7.187096 12.191400 1.330349
v -7.744267 13.217731 0.818261
v -7.230783 13.124293 1.311904
vn -0.6949 -0.0213 0.7188
vn 0.6971 0.0185 -0.7167
vn -0.7174 0.0596 -0.6941
vn -0.0794 -0.9914 -0.1044
vn 0.7164 0.0473 0.6961
vn 0.0797 0.9913 0.1047
vn -0.6971 -0.0185 0.7167
vn 0.6949 0.0213 -0.7188
v -7.216941 12.187309 1.488078
v -6.741039 12.100710 2.126756
v -7.265805 13.121145 1.432292
v -6.820379 13.040092 2.181929
v -7.162664 12.191012 1.452506
v -6.686762 12.104413 2.091183
v -7.211530 13.124847 1.396720
v -6.766102 13.043794 2.146357
vn -0.8603 -0.0146 0.5096
vn 0.8043 0.1023 -0.5854
vn -0.5427 -0.0784 -0.8363
vn -0.0138 -0.9922 -0.1243
vn 0.5483 -0.0028 0.8363
vn 0.0019 0.9943 0.1064
vn -0.8043 -0.1023 0.5854
vn 0.8603 0.0146 -0.5096
vn -0.5427 -0.0784 -0.8362
v -6.740410 12.100595 2.131293
v -6.386491 12.036193 2.927709
v -6.815616 13.039225 2.216285
v -6.497095 12.981263 2.965315
v -6.680991 12.108101 2.106034
v -6.327072 12.043698 2.902449
v -6.756196 13.046728 2.191025
v -6.437676 12.988768 2.940056
vn -0.9178 -0.1081 0.3819
vn 0.9106 0.1223 -0.3948
vn -0.3962 0.0513 -0.9167
vn 0.0766 -0.9905 -0.1141
vn 0.3902 0.0090 0.9207
vn -0.0784 0.9908 0.1100
vn -0.9106 -0.1223 0.3948
vn 0.9178 0.1081 -0.3819
vn 0.0766 -0.9905 -0.1142
v -6.367726 12.032779 3.063052
v -6.154333 11.993947 4.003148
v -6.495644 12.980999 2.975776
v -6.275938 12.941019 4.032329
v -6.304611 12.040678 3.049673
v -6.091218 12.001846 3.989769
v -6.432528 12.988898 2.962397
v -6.212821 12.948918 4.018950
vn -0.9736 -0.1131 0.1982
vn 0.9680 0.1309 -0.2143
vn -0.1921 -0.1156 -0.9745
vn 0.1101 -0.9917 -0.0660
vn 0.2078 -0.0035 0.9782
vn -0.1113 0.9919 0.0607
vn -0.9680 -0.1309 0.2143
vn 0.9736 0.1131 -0.1982
v -10.472395 13.745304 4.611607
v -10.523736 13.754646 3.716575
v -9.966579 14.578205 4.634084
v -10.043468 14.592196 3.638295
v -10.528192 13.778380 4.615799
v -10.579533 13.787724 3.720767
v -10.022376 14.611281 4.638276
v -10.099264 14.625273 3.642487
vn 0.8541 -0.5172 -0.0544
vn -0.8541 0.5172 0.0544
vn 0.0434 -0.0533 0.9976
vn -0.5087 -0.8607 0.0202
vn -0.0969 -0.0374 -0.9946
vn 0.5082 0.8608 -0.0272
vn 0.8622 -0.5013 -0.0736
vn -0.8622 0.5013 0.0736
v -10.540300 13.757661 3.597101
v -10.463065 13.743606 2.615746
v -10.055869 14.594453 3.548842
v -10.003773 14.584972 2.631000
v -10.596871 13.789390 3.592856
v -10.519636 13.775335 2.611501
v -10.112440 14.626182 3.544596
v -10.060344 14.616701 2.626754
vn 0.8649 -0.4963 0.0752
vn -0.8649 0.4963 -0.0752
vn -0.0321 0.0761 0.9966
vn -0.4875 -0.8727 -0.0259
vn 0.0651 -0.0174 -0.9977
vn 0.4880 0.8726 0.0187
vn 0.8760 -0.4792 0.0547
vn -0.8760 0.4792 -0.0547
v -10.225237 13.700328 1.883843
v -9.881597 13.637795 1.173048
v -9.831383 14.553602 1.816580
v -9.539742 14.500533 1.238292
v -10.278931 13.723314 1.855320
v -9.935290 13.660783 1.144526
v -9.885077 14.576590 1.788057
v -9.593436 14.523520 1.209769
vn 0.8311 -0.3495 0.4326
vn -0.8311 0.3495 -0.4326
vn -0.3722 0.2424 0.8960
vn -0.3521 -0.9318 -0.0882
vn 0.4318 -0.1033 -0.8961
vn 0.3506 0.9321 0.0912
vn 0.8198 -0.3586 0.4464
vn -0.8198 0.3586 -0.4464
vn 0.4318 -0.1033 -0.8960
vn 0.3505 0.9321 0.0913
v -9.879913 13.637489 1.185188
v -9.432569 13.556087 0.697649
v -9.538696 14.500343 1.245835
v -9.185081 14.435995 0.673325
v -9.928733 13.654799 1.145920
v -9.481388 13.573397 0.658382
v -9.587517 14.517653 1.206567
v -9.233902 14.453306 0.634057
vn 0.6731 -0.3133 0.6699
vn -0.6731 0.3133 -0.6699
vn -0.5793 0.1731 0.7965
vn -0.2697 -0.9590 -0.0874
vn 0.5756 -0.1839 -0.7968
vn 0.2843 0.9563 0.0681
vn 0.8197 -0.2159 0.5306
vn -0.8197 0.2159 -0.5306
vn 0.5756 -0.1839 -0.7967
v -8.335679 13.356486 0.637729
v -7.791083 13.257387 0.851631
v -8.259430 14.267555 0.646915
v -7.783729 14.180992 0.954973
v -8.305779 13.358661 0.580055
v -7.761183 13.259561 0.793958
v -8.229530 14.269732 0.589241
v -7.753829 14.183168 0.897299
vn -0.5385 0.0366 0.8418
vn 0.3795 0.0999 -0.9198
vn -0.8862 0.0788 -0.4565
vn -0.1368 -0.9847 -0.1080
vn 0.8872 -0.0583 0.4577
vn 0.1166 0.9884 0.0977
vn -0.3795 -0.0999 0.9198
vn 0.5385 -0.0366 -0.8418
v -7.785577 13.256385 0.891344
v -7.275535 13.163572 1.380750
v -7.794912 14.183027 0.874315
v -7.351207 14.102286 1.392813
v -7.738213 13.258424 0.846876
v -7.228170 13.165611 1.336282
v -7.747548 14.185067 0.829846
v -7.303843 14.104327 1.348345
vn -0.7594 0.0043 0.6506
vn 0.6970 0.0654 -0.7140
vn -0.6839 -0.0203 -0.7293
vn -0.0676 -0.9908 -0.1174
vn 0.6827 0.0457 0.7293
vn 0.0568 0.9927 0.1060
vn -0.6970 -0.0654 0.7140
vn 0.7594 -0.0043 -0.6506
vn -0.0676 -0.9908 -0.1175
v -7.279631 13.164318 1.351203
v -6.836704 13.083719 2.098602
v -7.349214 14.101924 1.407187
v -6.964261 14.031874 2.125916
v -7.223070 13.171608 1.320014
v -6.780144 13.091009 2.067414
v -7.292654 14.109215 1.375998
v -6.907700 14.039165 2.094727
vn -0.8814 -0.0931 0.4630
vn 0.8591 0.1298 -0.4951
vn -0.4844 0.0163 -0.8747
vn 0.0518 -0.9892 -0.1373
vn 0.4786 0.0391 0.8771
vn -0.0575 0.9902 0.1273
vn -0.8591 -0.1298 0.4951
vn 0.8814 0.0931 -0.4630
v -6.820887 13.080840 2.212690
v -6.502918 13.022979 2.967665
v -6.963337 14.031706 2.132578
v -6.648873 13.974483 3.107103
v -6.760336 13.090690 2.191204
v -6.442368 13.032828 2.946179
v -6.902787 14.041556 2.111091
v -6.588323 13.984333 3.085617
vn -0.9472 -0.1167 0.2988
vn 0.9094 0.1935 -0.3682
vn -0.3134 -0.1263 -0.9412
vn 0.1161 -0.9854 -0.1244
vn 0.3453 -0.0840 0.9347
vn -0.1256 0.9872 0.0985
vn -0.9094 -0.1935 0.3682
vn 0.9472 0.1167 -0.2988
vn 0.3454 -0.0840 0.9347
v -6.501669 13.022752 2.976674
v -6.276381 12.981756 4.076869
v -6.646406 13.974033 3.124899
v -6.460333 13.940174 4.025752
v -6.438911 13.034187 2.964200
v -6.213623 12.993193 4.064396
v -6.583647 13.985471 3.112425
v -6.397575 13.951611 4.013278
vn -0.9652 -0.1769 0.1927
vn 0.9658 0.1752 -0.1912
vn -0.2143 0.1185 -0.9696
vn 0.1653 -0.9837 -0.0705
vn 0.1790 0.0866 0.9800
vn -0.1651 0.9837 0.0711
vn -0.9658 -0.1752 0.1912
vn 0.9652 0.1769 -0.1927
vn 0.1652 -0.9837 -0.0705
v -9.946629 14.615232 4.610035
v -10.025550 14.629593 3.603548
v -9.393924 15.439599 4.571138
v -9.480712 15.455392 3.605030
v -10.000532 14.651199 4.615113
v -10.079453 14.665561 3.608626
v -9.447827 15.475566 4.576216
v -9.534616 15.491359 3.610108
vn 0.8259 -0.5577 -0.0833
vn -0.8325 0.5491 0.0731
vn 0.0865 -0.0110 0.9962
vn -0.5527 -0.8328 0.0315
vn -0.0644 0.0443 -0.9969
vn 0.5523 0.8329 -0.0360
vn 0.8325 -0.5491 -0.0731
vn -0.8259 0.5577 0.0833
v -10.020480 14.628671 3.640115
v -9.989391 14.623013 2.582373
v -9.485643 15.456288 3.569463
v -9.489312 15.456957 2.545765
v -10.075672 14.662994 3.639306
v -10.044583 14.657336 2.581563
v -9.540834 15.490614 3.568653
v -9.544504 15.491282 2.544955
vn 0.8406 -0.5409 0.0276
vn -0.8406 0.5409 -0.0276
vn 0.0273 0.0675 0.9973
vn -0.5279 -0.8492 -0.0110
vn -0.0092 -0.0384 -0.9992
vn 0.5281 0.8492 -0.0013
vn 0.8576 -0.5144 -0.0034
vn -0.8576 0.5144 0.0034
vn -0.5280 -0.8492 -0.0110
v -9.973028 14.620035 2.700389
v -9.807389 14.589893 1.855754
v -9.480375 15.455331 2.610226
v -9.385644 15.438092 1.707124
v -10.030103 14.649715 2.691081
v -9.864464 14.619575 1.846447
v -9.537450 15.485011 2.600919
v -9.442719 15.467773 1.697816
vn 0.8551 -0.4844 0.1850
vn -0.8551 0.4844 -0.1850
vn -0.0806 0.1538 0.9848
vn -0.4533 -0.8895 -0.0571
vn 0.0559 -0.1992 -0.9784
vn 0.4572 0.8888 0.0310
vn 0.8978 -0.4284 0.1023
vn -0.8978 0.4284 -0.1023
vn -0.4533 -0.8895 -0.0572
v -9.816537 14.591558 1.789779
v -9.522849 14.538116 1.250340
v -9.375135 15.436180 1.782923
v -9.170254 15.398898 1.193275
v -9.870922 14.615906 1.763808
v -9.577234 14.562464 1.224369
v -9.429520 15.460528 1.756952
v -9.224638 15.423245 1.167304
vn 0.7850 -0.4064 0.4676
vn -0.7850 0.4064 -0.4676
vn -0.3519 0.1913 0.9163
vn -0.3636 -0.9255 -0.1063
vn 0.3466 -0.2027 -0.9158
vn 0.3783 0.9228 0.0731
vn 0.8817 -0.3394 0.3278
vn -0.8817 0.3394 -0.3278
vn 0.3782 0.9228 0.0731
v -9.542526 14.541698 1.108415
v -9.171883 14.474251 0.686772
v -9.175603 15.399872 1.154688
v -8.891887 15.348243 0.793512
v -9.588211 14.562410 1.067076
v -9.217567 14.494965 0.645433
v -9.221288 15.420586 1.113349
v -8.937571 15.368958 0.752174
vn 0.6831 -0.3273 0.6529
vn -0.6831 0.3273 -0.6529
vn -0.5999 0.2149 0.7707
vn -0.3136 -0.9413 -0.1251
vn 0.6385 -0.1116 -0.7615
vn 0.3202 0.9401 0.1172
vn 0.7264 -0.3078 0.6146
vn -0.7264 0.3078 -0.6146
vn 0.6385 -0.1115 -0.7615
v -9.168302 14.473599 0.712601
v -8.736007 14.394935 0.509290
v -8.890930 15.348069 0.800407
v -8.561108 15.288052 0.595709
v -9.196541 14.486454 0.655484
v -8.764246 14.407790 0.452174
v -8.919169 15.360926 0.743290
v -8.589347 15.300908 0.538592
vn 0.3840 -0.2120 0.8986
vn -0.3840 0.2120 -0.8986
vn -0.8529 0.2232 0.4719
vn -0.2261 -0.9683 -0.1062
vn 0.8775 -0.1271 -0.4624
vn 0.2378 0.9662 0.0999
vn 0.4950 -0.1792 0.8502
vn -0.4950 0.1792 -0.8502
vn -0.8529 0.2231 0.4719
vn -0.2261 -0.9683 -0.1061
v -8.725278 14.392982 0.586672
v -8.251832 14.306830 0.680165
v -8.571695 15.289978 0.519347
v -8.194312 15.221307 0.657691
v -8.709088 14.387986 0.523919
v -8.235642 14.301832 0.617413
v -8.555506 15.284983 0.456594
v -8.178122 15.216310 0.594938
vn -0.3213 0.1255 0.9386
vn 0.1873 -0.0359 -0.9816
vn -0.9553 0.1442 -0.2580
vn -0.1848 -0.9823 0.0305
vn 0.9658 -0.0545 0.2535
vn 0.1893 0.9815 -0.0292
vn -0.1873 0.0359 0.9816
vn 0.3213 -0.1255 -0.9386
vn -0.9553 0.1442 -0.2579
vn -0.1848 -0.9823 0.0306
vn 0.1893 0.9815 -0.0293
v -8.266987 14.309588 0.570863
v -7.786090 14.222078 0.944440
v -8.205292 15.223305 0.578500
v -7.817205 15.152684 0.970105
v -8.224013 14.309756 0.522095
v -7.743117 14.222248 0.895673
v -8.162318 15.223473 0.529732
v -7.774232 15.152853 0.921337
vn -0.7059 0.0418 0.7071
vn 0.6177 0.0423 -0.7853
vn -0.7492 0.0561 -0.6600
vn -0.1053 -0.9898 -0.0963
vn 0.7502 0.0069 0.6611
vn 0.0937 0.9919 0.0860
vn -0.6177 -0.0423 0.7853
vn 0.7059 -0.0418 -0.7071
vn -0.1053 -0.9898 -0.0962
v -7.356393 14.143888 1.385985
v -6.971148 14.073785 2.125293
v -7.467308 15.089013 1.426403
v -7.133311 15.028236 2.249045
v -7.297819 14.154561 1.359908
v -6.912574 14.084459 2.099215
v -7.408733 15.099689 1.400325
v -7.074737 15.038911 2.222967
vn -0.9226 -0.1239 0.3654
vn 0.8758 0.2054 -0.4369
vn -0.4054 -0.0085 -0.9141
vn 0.1116 -0.9822 -0.1513
vn 0.4135 -0.0476 0.9093
vn -0.1245 0.9845 0.1233
vn -0.8758 -0.2054 0.4369
vn 0.9226 0.1239 -0.3654
v -6.957221 14.071250 2.225754
v -6.660117 14.017186 3.086684
v -7.129658 15.027571 2.275397
v -6.865065 14.979424 3.186587
v -6.896373 14.084662 2.207241
v -6.599269 14.030599 3.068171
v -7.068810 15.040984 2.256884
v -6.804217 14.992836 3.168074
vn -0.9464 -0.1844 0.2651
vn 0.9246 0.2286 -0.3047
vn -0.2905 -0.0027 -0.9569
vn 0.1779 -0.9764 -0.1227
vn 0.2981 -0.0356 0.9539
vn -0.1835 0.9774 0.1049
vn -0.9246 -0.2286 0.3047
vn 0.9464 0.1844 -0.2651
v -9.368385 15.475609 4.569170
v -9.470343 15.494163 3.498230
v -8.767836 16.291271 4.445611
v -8.884769 16.312550 3.378417
v -9.420330 15.514215 4.575208
v -9.522287 15.532767 3.504267
v -8.819780 16.329876 4.451648
v -8.936714 16.351154 3.384454
vn 0.7960 -0.5991 -0.0862
vn -0.7960 0.5991 0.0862
vn 0.1462 0.0421 0.9884
vn -0.5928 -0.8042 0.0425
vn -0.1452 -0.0408 -0.9886
vn 0.5921 0.8044 -0.0488
vn 0.8023 -0.5886 -0.0996
vn -0.8022 0.5886 0.0996
v -9.459713 15.492229 3.574899
v -9.453007 15.491008 2.639480
v -8.883514 16.312321 3.387472
v -8.908091 16.316792 2.554100
v -9.513385 15.528889 3.575508
v -9.506678 15.527667 2.640090
v -8.937185 16.348980 3.388082
v -8.961761 16.353455 2.554710
vn 0.8189 -0.5739 0.0066
vn -0.8189 0.5739 -0.0066
vn 0.1112 0.1465 0.9829
vn -0.5640 -0.8257 -0.0030
vn -0.0563 -0.0658 -0.9962
vn 0.5639 0.8258 -0.0122
vn 0.8330 -0.5525 -0.0275
vn -0.8330 0.5525 0.0275
vn -0.0563 -0.0659 -0.9962
vn 0.5639 0.8257 -0.0122
v -9.458212 15.491955 2.601936
v -9.343415 15.471066 1.864935
v -8.906242 16.316456 2.567428
v -8.876003 16.310955 1.741809
v -9.513667 15.525378 2.596225
v -9.398870 15.504489 1.859224
v -8.961698 16.349878 2.561717
v -8.931458 16.344376 1.736098
vn 0.8251 -0.5463 0.1440
vn -0.8251 0.5463 -0.1440
vn -0.0551 0.0786 0.9954
vn -0.5112 -0.8577 -0.0553
vn 0.0108 -0.1509 -0.9885
vn 0.5152 0.8570 0.0132
vn 0.8754 -0.4820 0.0353
vn -0.8754 0.4820 -0.0353
vn -0.0552 0.0786 0.9954
vn 0.5151 0.8570 0.0132
v -9.355694 15.473300 1.776377
v -9.159538 15.437605 1.151652
v -8.866774 16.309275 1.808376
v -8.776045 16.292763 1.102560
v -9.412285 15.502359 1.763035
v -9.216129 15.466664 1.138310
v -8.923365 16.338333 1.795033
v -8.832637 16.321823 1.089217
vn 0.8223 -0.4919 0.2863
vn -0.8223 0.4919 -0.2863
vn -0.1922 0.0750 0.9785
vn -0.4388 -0.8944 -0.0867
vn 0.1640 -0.1297 -0.9779
vn 0.4496 0.8925 0.0369
vn 0.9079 -0.3999 0.1261
vn -0.9079 0.3999 -0.1261
v -8.551703 15.326998 0.611891
v -8.193626 15.261839 0.645801
v -8.394460 16.223328 0.570974
v -8.159937 16.180653 0.562672
v -8.549747 15.322363 0.547086
v -8.191669 15.257204 0.580996
v -8.392503 16.218693 0.506169
v -8.157979 16.176018 0.497867
vn 0.0423 0.0382 0.9984
vn 0.0772 -0.0926 -0.9927
vn -0.9844 0.1708 -0.0419
vn -0.1846 -0.9807 0.0645
vn 0.9989 -0.0337 0.0326
vn 0.1764 0.9822 -0.0649
vn -0.0772 0.0926 0.9927
vn -0.0423 -0.0382 -0.9984
vn -0.1846 -0.9807 0.0646
v -8.196382 15.262341 0.625926
v -7.821662 15.194153 0.953569
v -8.138765 16.176800 0.715373
v -7.891187 16.131748 0.917072
v -8.154103 15.264023 0.576583
v -7.779384 15.195835 0.904227
v -8.096487 16.178482 0.666030
v -7.848908 16.133430 0.867729
vn -0.6351 -0.0355 0.7716
vn 0.6601 0.0197 -0.7509
vn -0.7566 0.1107 -0.6445
vn -0.0862 -0.9905 -0.1076
vn 0.7555 0.0813 0.6501
vn 0.0899 0.9898 0.1108
vn -0.6601 -0.0197 0.7509
vn 0.6351 0.0355 -0.7716
v -7.812211 15.192432 1.021734
v -7.467435 15.129694 1.468958
v -7.884857 16.130596 0.962728
v -7.625700 16.083435 1.471730
v -7.757173 15.198136 0.987628
v -7.412396 15.135397 1.434852
v -7.829818 16.136299 0.928622
v -7.570662 16.089140 1.437624
vn -0.8919 -0.0407 0.4503
vn 0.7939 0.1335 -0.5933
vn -0.5174 -0.0936 -0.8506
vn 0.0112 -0.9890 -0.1474
vn 0.5186 0.0836 0.8509
vn -0.0349 0.9933 0.1098
vn -0.7939 -0.1335 0.5933
vn 0.8919 0.0407 -0.4503
v -7.455164 15.127460 1.557461
v -7.142810 15.070621 2.245381
v -7.609628 16.080511 1.587651
v -7.357940 16.034714 2.359268
v -7.395485 15.140631 1.535324
v -7.083131 15.083791 2.223244
v -7.549949 16.093681 1.565514
v -7.298261 16.047882 2.337132
vn -0.9410 -0.1619 0.2973
vn 0.8904 0.2441 -0.3841
vn -0.3427 -0.0258 -0.9391
vn 0.1586 -0.9755 -0.1526
vn 0.3537 -0.0315 0.9348
vn -0.1734 0.9782 0.1146
vn -0.8904 -0.2441 0.3841
vn 0.9410 0.1619 -0.2973
vn 0.1587 -0.9755 -0.1526
vn -0.1733 0.9782 0.1146
v -7.142115 15.070496 2.250394
v -6.878318 15.022492 3.169277
v -7.360528 16.035183 2.340600
v -7.142167 15.995448 3.259450
v -7.081135 15.087089 2.235188
v -6.817339 15.039084 3.154071
v -7.299549 16.051777 2.325393
v -7.081188 16.012043 3.244244
vn -0.9480 -0.2347 0.2151
vn 0.9278 0.2750 -0.2520
vn -0.2505 0.0338 -0.9675
vn 0.2334 -0.9653 -0.1174
vn 0.2477 -0.0226 0.9686
vn -0.2384 0.9662 0.0984
vn -0.9278 -0.2750 0.2520
vn 0.9480 0.2347 -0.2151
v -6.872182 15.021376 3.213533
v -6.703235 14.990633 4.096539
v -7.152182 15.997271 3.187216
v -6.981849 15.966275 4.191984
v -6.810608 15.039373 3.203055
v -6.641661 15.008629 4.086061
v -7.090608 16.015268 3.176738
v -6.920275 15.984273 4.181506
vn -0.9510 -0.2687 0.1529
vn 0.9430 0.2860 -0.1705
vn -0.1477 -0.0690 -0.9866
vn 0.2663 -0.9602 -0.0844
vn 0.1802 -0.0446 0.9826
vn -0.2680 0.9605 0.0751
vn -0.9430 -0.2860 0.1705
vn 0.9510 0.2687 -0.1529
vn 0.1803 -0.0446 0.9826
v -14.460849 -10.583712 4.547835
v -14.423667 -10.525794 4.545035
v -14.356691 -10.511188 4.538276
v -14.299152 -10.548451 4.531518
v -14.284758 -10.615754 4.528718
v -14.321939 -10.673674 4.531518
v -14.388916 -10.688280 4.538276
v -14.446454 -10.651016 4.545035
v -14.523268 -10.572353 3.953339
v -14.486008 -10.514450 3.951440
v -14.418839 -10.499878 3.946854
v -14.361110 -10.537177 3.942268
v -14.346636 -10.604495 3.940369
v -14.383897 -10.662399 3.942268
v -14.451065 -10.676971 3.946854
v -14.508794 -10.639672 3.951440
v -14.545191 -10.568364 3.364543
v -14.507862 -10.510473 3.364507
v -14.440532 -10.495931 3.364419
v -14.382640 -10.533259 3.364330
v -14.368099 -10.600590 3.364294
v -14.405427 -10.658482 3.364330
v -14.472757 -10.673023 3.364419
v -14.530649 -10.635695 3.364507
v -14.525640 -10.571921 2.798523
v -14.488386 -10.514016 2.800511
v -14.421234 -10.499443 2.805312
v -14.363521 -10.536738 2.810112
v -14.349053 -10.604055 2.812101
v -14.386308 -10.661961 2.810112
v -14.453460 -10.676536 2.805312
v -14.511173 -10.639238 2.800511
v -14.464909 -10.582973 2.268711
v -14.427925 -10.525019 2.272984
v -14.361422 -10.510326 2.283301
v -14.304358 -10.547503 2.293617
v -14.290160 -10.614772 2.297891
v -14.327145 -10.672726 2.293617
v -14.393647 -10.687419 2.283301
v -14.450711 -10.650241 2.272984
v -14.364097 -10.601317 1.787522
v -14.327685 -10.543260 1.794469
v -14.262568 -10.528315 1.811239
v -14.206888 -10.565241 1.828010
v -14.193264 -10.632403 1.834957
v -14.229675 -10.690463 1.828010
v -14.294793 -10.705407 1.811239
v -14.350472 -10.668482 1.794469
v -14.224907 -10.626646 1.366026
v -14.189588 -10.568389 1.376197
v -14.127105 -10.552965 1.400751
v -14.074060 -10.589411 1.425305
v -14.061528 -10.656376 1.435476
v -14.096848 -10.714633 1.425305
v -14.159330 -10.730058 1.400751
v -14.212375 -10.693611 1.376197
v -14.049286 -10.658604 1.013786
v -14.015984 -10.599979 1.027891
v -13.958370 -10.583670 1.061943
v -13.910195 -10.619229 1.095996
v -13.899679 -10.685827 1.110101
v -13.932982 -10.744452 1.095996
v -13.990595 -10.760762 1.061943
v -14.038770 -10.725202 1.027891
v -13.838976 -10.696874 0.739251
v -13.809322 -10.637586 0.757969
v -13.760517 -10.619673 0.803159
v -13.721151 -10.653630 0.848349
v -13.714283 -10.719563 0.867067
v -13.743937 -10.778852 0.848349
v -13.792743 -10.796765 0.803159
v -13.832109 -10.762808 0.757969
v -13.595985 -10.741090 0.551243
v -13.572451 -10.680690 0.574536
v -13.538419 -10.660088 0.630770
v -13.513825 -10.691358 0.687005
v -13.513077 -10.756177 0.710298
v -13.536613 -10.816580 0.687005
v -13.570644 -10.837180 0.630770
v -13.595238 -10.805912 0.574536
v -13.326012 -10.790217 0.459902
v -13.311000 -10.728265 0.486005
v -13.297544 -10.703920 0.549022
v -13.293526 -10.731445 0.612039
v -13.301300 -10.794714 0.638141
v -13.316313 -10.856668 0.612039
v -13.329769 -10.881013 0.549022
v -13.333786 -10.853487 0.486005
v -13.041718 -10.841950 0.471851
v -13.035660 -10.778369 0.497648
v -13.043821 -10.750090 0.559926
v -13.061422 -10.773681 0.622204
v -13.078152 -10.835320 0.648001
v -13.084209 -10.898903 0.622204
v -13.076047 -10.927182 0.559926
v -13.058447 -10.903591 0.497648
v -12.757072 -10.893746 0.584284
v -12.758139 -10.828870 0.607402
v -12.783502 -10.797461 0.663215
v -12.818303 -10.817922 0.719028
v -12.842157 -10.878264 0.742147
v -12.841090 -10.943144 0.719028
v -12.815727 -10.974553 0.663215
v -12.780926 -10.954092 0.607402
v -12.480309 -10.944109 0.789052
v -12.486137 -10.878365 0.808762
v -12.522993 -10.844864 0.856346
v -12.569288 -10.863235 0.903930
v -12.597902 -10.922710 0.923640
v -12.592075 -10.988457 0.903930
v -12.555219 -11.021956 0.856346
v -12.508924 -11.003587 0.808762
v -12.215757 -10.992250 1.078243
v -12.224593 -10.925958 1.094738
v -12.268711 -10.891136 1.134562
v -12.322268 -10.908184 1.174386
v -12.353890 -10.967113 1.190881
v -12.345055 -11.033406 1.174386
v -12.300937 -11.068229 1.134562
v -12.247379 -11.051180 1.094738
v -11.967387 -11.037446 1.444227
v -11.978149 -10.970803 1.457930
v -12.026917 -10.935135 1.491013
v -12.085122 -10.951338 1.524096
v -12.118670 -11.009917 1.537800
v -12.107908 -11.076560 1.524096
v -12.059141 -11.112227 1.491013
v -12.000936 -11.096025 1.457930
v -11.739670 -11.078883 1.878358
v -11.751709 -11.012009 1.889653
v -11.803562 -10.975779 1.916923
v -11.864854 -10.991420 1.944192
v -11.899680 -11.049766 1.955488
v -11.887641 -11.116642 1.944192
v -11.835788 -11.152871 1.916923
v -11.774496 -11.137231 1.889653
v -11.537252 -11.115718 2.370478
v -11.550172 -11.048682 2.379653
v -11.604149 -11.012066 2.401803
v -11.667565 -11.027320 2.423954
v -11.703271 -11.085506 2.433129
v -11.690351 -11.152542 2.423954
v -11.636374 -11.189158 2.401803
v -11.572959 -11.173904 2.379653
v -11.364569 -11.147140 2.908963
v -11.378110 -11.079992 2.916213
v -11.433587 -11.043103 2.933716
v -11.498504 -11.058084 2.951218
v -11.534831 -11.116158 2.958468
v -11.521291 -11.183306 2.951218
v -11.465813 -11.220196 2.933716
v -11.400896 -11.205215 2.916213
v -11.225550 -11.172438 3.480987
v -11.239532 -11.105209 3.486428
v -11.296077 -11.068127 3.499562
v -11.362059 -11.082913 3.512696
v -11.398829 -11.140906 3.518136
v -11.384846 -11.208136 3.512696
v -11.328301 -11.245218 3.499562
v -11.262319 -11.230432 3.486428
v -11.123899 -11.190935 4.069863
v -11.138051 -11.123675 4.074416
v -11.195003 -11.086518 4.085409
v -11.261392 -11.101232 4.096401
v -11.298330 -11.159194 4.100954
v -11.284179 -11.226454 4.096401
v -11.227227 -11.263611 4.085409
v -11.160838 -11.248898 4.074416
v -14.372803 -10.599733 4.538276
v -11.211115 -11.175064 4.085409
vn -0.6937 0.1262 0.7091
vn -0.3729 0.6259 0.6850
vn 0.2049 0.7519 0.6267
vn 0.7012 0.4304 0.5684
vn 0.8254 -0.1502 0.5442
vn 0.5047 -0.6498 0.5684
vn -0.0731 -0.7758 0.6267
vn -0.5695 -0.4544 0.6850
vn -0.9813 0.1786 0.0720
vn -0.5721 0.8186 0.0512
vn 0.1708 0.9853 0.0006
vn 0.8171 0.5743 -0.0507
vn 0.9813 -0.1786 -0.0721
vn 0.5624 -0.8253 -0.0507
vn -0.1872 -0.9823 0.0006
vn -0.8238 -0.5646 0.0512
vn -0.9838 0.1790 0.0014
vn -0.5742 0.8187 0.0010
vn 0.1703 0.9854 -0.0000
vn 0.8187 0.5743 -0.0010
vn 0.9838 -0.1790 -0.0014
vn 0.5639 -0.8259 -0.0010
vn -0.1878 -0.9822 -0.0000
vn -0.8258 -0.5640 0.0010
vn -0.9810 0.1785 -0.0755
vn -0.5727 0.8180 -0.0537
vn 0.1694 0.9856 -0.0007
vn 0.8163 0.5752 0.0529
vn 0.9810 -0.1785 0.0754
vn 0.5613 -0.8259 0.0529
vn -0.1887 -0.9820 -0.0007
vn -0.8242 -0.5638 -0.0537
vn -0.9708 0.1767 -0.1622
vn -0.5664 0.8160 -0.1156
vn 0.1679 0.9858 -0.0019
vn 0.8085 0.5774 0.1137
vn 0.9708 -0.1767 0.1620
vn 0.5532 -0.8252 0.1136
vn -0.1901 -0.9818 -0.0019
vn -0.8175 -0.5642 -0.1156
vn -0.9490 0.1727 -0.2636
vn -0.5522 0.8122 -0.1882
vn 0.1659 0.9861 -0.0037
vn 0.7923 0.5817 0.1844
vn 0.9491 -0.1727 0.2634
vn 0.5366 -0.8235 0.1844
vn -0.1922 -0.9814 -0.0037
vn -0.8029 -0.5656 -0.1882
vn -0.9076 0.1652 -0.3861
vn -0.5246 0.8053 -0.2763
vn 0.1630 0.9866 -0.0068
vn 0.7619 0.5891 0.2692
vn 0.9078 -0.1652 0.3855
vn 0.5055 -0.8198 0.2692
vn -0.1950 -0.9808 -0.0068
vn -0.7746 -0.5689 -0.2763
vn -0.8308 0.1512 -0.5356
vn -0.4724 0.7930 -0.3847
vn 0.1596 0.9871 -0.0126
vn 0.7066 0.6022 0.3716
vn 0.8315 -0.1513 0.5345
vn 0.4492 -0.8125 0.3716
vn -0.1983 -0.9801 -0.0126
vn -0.7215 -0.5757 -0.3847
vn -0.6920 0.1259 -0.7108
vn -0.3760 0.7715 -0.5133
vn 0.1574 0.9873 -0.0223
vn 0.6085 0.6242 0.4900
vn 0.6937 -0.1262 0.7091
vn 0.3496 -0.7986 0.4900
vn -0.2005 -0.9794 -0.0223
vn -0.6237 -0.5896 -0.5133
vn -0.4597 0.0837 -0.8841
vn -0.2107 0.7373 -0.6419
vn 0.1606 0.9864 -0.0355
vn 0.4468 0.6584 0.6057
vn 0.4618 -0.0840 0.8830
vn 0.1862 -0.7736 0.6057
vn -0.1972 -0.9797 -0.0355
vn -0.4569 -0.6158 -0.6419
vn -0.1373 0.0250 -0.9902
vn 0.0229 0.6929 -0.7207
vn 0.1728 0.9840 -0.0438
vn 0.2245 0.7012 0.6767
vn 0.1373 -0.0250 0.9902
vn -0.0369 -0.7354 0.6767
vn -0.1849 -0.9818 -0.0438
vn -0.2227 -0.6565 -0.7207
vn 0.2014 -0.0366 -0.9788
vn 0.2694 0.6499 -0.7106
vn 0.1868 0.9816 -0.0392
vn -0.0092 0.7414 0.6710
vn -0.2037 0.0371 0.9783
vn -0.2697 -0.6906 0.6710
vn -0.1710 -0.9845 -0.0392
vn 0.0232 -0.7032 -0.7107
vn 0.4718 -0.0858 -0.8775
vn 0.4647 0.6185 -0.6337
vn 0.1936 0.9807 -0.0275
vn -0.1977 0.7709 0.6055
vn -0.4739 0.0862 0.8764
vn -0.4566 -0.6519 0.6055
vn -0.1643 -0.9860 -0.0275
vn 0.2170 -0.7426 -0.6337
vn 0.6529 -0.1188 -0.7481
vn 0.5936 0.5990 -0.5374
vn 0.1941 0.9808 -0.0175
vn -0.3257 0.7900 0.5195
vn -0.6538 0.1190 0.7472
vn -0.5831 -0.6246 0.5194
vn -0.1638 -0.9863 -0.0175
vn 0.3446 -0.7697 -0.5374
vn 0.7672 -0.1396 -0.6260
vn 0.6742 0.5872 -0.4480
vn 0.1925 0.9812 -0.0111
vn -0.4076 0.8020 0.4367
vn -0.7676 0.1397 0.6255
vn -0.6640 -0.6069 0.4367
vn -0.1655 -0.9861 -0.0111
vn 0.4241 -0.7870 -0.4480
vn 0.8404 -0.1529 -0.5199
vn 0.7253 0.5797 -0.3712
vn 0.1906 0.9816 -0.0072
vn -0.4606 0.8096 0.3639
vn -0.8405 0.1529 0.5197
vn -0.7162 -0.5955 0.3638
vn -0.1674 -0.9859 -0.0072
vn 0.4746 -0.7981 -0.3712
vn 0.8889 -0.1618 -0.4286
vn 0.7591 0.5748 -0.3054
vn 0.1892 0.9819 -0.0049
vn -0.4958 0.8148 0.3005
vn -0.8890 0.1618 0.4284
vn -0.7511 -0.5879 0.3005
vn -0.1689 -0.9856 -0.0049
vn 0.5080 -0.8054 -0.3054
vn 0.9223 -0.1678 -0.3481
vn 0.7824 0.5714 -0.2478
vn 0.1881 0.9821 -0.0034
vn -0.5201 0.8184 0.2444
vn -0.9223 0.1678 0.3480
vn -0.7751 -0.5827 0.2444
vn -0.1699 -0.9854 -0.0034
vn 0.5309 -0.8104 -0.2478
vn 0.9459 -0.1721 -0.2750
vn 0.7988 0.5689 -0.1957
vn 0.1874 0.9823 -0.0024
vn -0.5372 0.8210 0.1932
vn -0.9459 0.1721 0.2750
vn -0.7920 -0.5791 0.1932
vn -0.1706 -0.9853 -0.0024
vn 0.5472 -0.8138 -0.1957
vn 0.9627 -0.1752 -0.2064
vn 0.8105 0.5670 -0.1468
vn 0.1870 0.9823 -0.0017
vn -0.5493 0.8229 0.1451
vn -0.9627 0.1752 0.2063
vn -0.8040 -0.5767 0.1450
vn -0.1710 -0.9853 -0.0017
vn 0.5588 -0.8162 -0.1468
vn 0.8595 -0.1564 0.4866
vn 0.7374 0.4238 0.5259
vn 0.2461 0.7444 0.6208
vn -0.3266 0.6174 0.7156
vn -0.6453 0.1174 0.7548
vn -0.5232 -0.4628 0.7156
vn -0.0319 -0.7833 0.6208
vn 0.5408 -0.6564 0.5259
vn 0.1045 -0.0190 0.9943
vn 0.1699 -0.0309 0.9850
v -14.643360 -8.985211 4.616521
v -14.585749 -9.022488 4.610496
v -14.571324 -9.089797 4.608001
v -14.608536 -9.147711 4.610496
v -14.675585 -9.162303 4.616521
v -14.733196 -9.125027 4.622546
v -14.747622 -9.057716 4.625041
v -14.710409 -8.999804 4.622546
v -14.698783 -8.975126 4.024135
v -14.640966 -9.012441 4.021027
v -14.626455 -9.079765 4.019739
v -14.663754 -9.137664 4.021027
v -14.731009 -9.152218 4.024135
v -14.788826 -9.114903 4.027244
v -14.803336 -9.047578 4.028531
v -14.766039 -8.989680 4.027244
v -14.700465 -8.974820 3.438833
v -14.642637 -9.012136 3.441720
v -14.628123 -9.079462 3.442915
v -14.665424 -9.137359 3.441720
v -14.732691 -9.151912 3.438833
v -14.790518 -9.114596 3.435947
v -14.805033 -9.047270 3.434752
v -14.767732 -8.989373 3.435947
v -14.648365 -8.984301 2.875028
v -14.591140 -9.021507 2.884293
v -14.576875 -9.088787 2.888130
v -14.613926 -9.146730 2.884293
v -14.680590 -9.161392 2.875028
v -14.737815 -9.124186 2.865763
v -14.752080 -9.056905 2.861926
v -14.715029 -8.998962 2.865763
v -14.543764 -9.003335 2.346602
v -14.487935 -9.040287 2.362801
v -14.474248 -9.107463 2.369511
v -14.510721 -9.165510 2.362801
v -14.575990 -9.180427 2.346602
v -14.631820 -9.143474 2.330403
v -14.645507 -9.076299 2.323693
v -14.609033 -9.018250 2.330403
v -14.389240 -9.031453 1.866566
v -14.335913 -9.067950 1.890420
v -14.323262 -9.134938 1.900301
v -14.358700 -9.193173 1.890420
v -14.421466 -9.208545 1.866566
v -14.474793 -9.172049 1.842713
v -14.487444 -9.105061 1.832833
v -14.452006 -9.046825 1.842713
v -14.188597 -9.067965 1.446742
v -14.139380 -9.103714 1.479063
v -14.128433 -9.170390 1.492450
v -14.162168 -9.228937 1.479063
v -14.220822 -9.245056 1.446742
v -14.270039 -9.209307 1.414421
v -14.280986 -9.142631 1.401034
v -14.247252 -9.084084 1.414421
v -13.946774 -9.111968 1.097466
v -13.903999 -9.146545 1.138934
v -13.895720 -9.212737 1.156110
v -13.926786 -9.271769 1.138934
v -13.979000 -9.289060 1.097466
v -14.021775 -9.254483 1.055998
v -14.030055 -9.188293 1.038821
v -13.998989 -9.129260 1.055998
v -13.669729 -9.162383 0.827338
v -13.636547 -9.195213 0.877993
v -13.632240 -9.260682 0.898975
v -13.659333 -9.320436 0.877993
v -13.701954 -9.339475 0.827338
v -13.735136 -9.306643 0.776683
v -13.739443 -9.241175 0.755701
v -13.712350 -9.181420 0.776683
v -13.364280 -9.217965 0.643010
v -13.344275 -9.248399 0.701478
v -13.345427 -9.312874 0.725696
v -13.367062 -9.373622 0.701478
v -13.396505 -9.395057 0.643010
v -13.416512 -9.364624 0.584543
v -13.415359 -9.300148 0.560325
v -13.393724 -9.239401 0.584543
v -13.037951 -9.277348 0.549022
v -13.033933 -9.304872 0.612039
v -13.041707 -9.368141 0.638141
v -13.056719 -9.430095 0.612039
v -13.070175 -9.454439 0.549022
v -13.074194 -9.426914 0.486005
v -13.066420 -9.363645 0.459902
v -13.051407 -9.301691 0.486005
v -12.698774 -9.339067 0.547686
v -12.711359 -9.363570 0.610821
v -12.726011 -9.425589 0.636973
v -12.734146 -9.488793 0.610821
v -12.731000 -9.516158 0.547686
v -12.718415 -9.491655 0.484551
v -12.703764 -9.429636 0.458399
v -12.695629 -9.366432 0.484551
v -12.355104 -9.401605 0.639036
v -12.382477 -9.423416 0.698365
v -12.403254 -9.484321 0.722939
v -12.405264 -9.548639 0.698365
v -12.387330 -9.578696 0.639036
v -12.359958 -9.556884 0.579708
v -12.339181 -9.495979 0.555133
v -12.337172 -9.431661 0.579708
v -12.015403 -9.463420 0.820823
v -12.054492 -9.483099 0.874017
v -12.080122 -9.543120 0.896051
v -12.077279 -9.608322 0.874017
v -12.047628 -9.640512 0.820823
v -12.008539 -9.620831 0.767630
v -11.982909 -9.560811 0.745596
v -11.985752 -9.495608 0.767630
v -11.688033 -9.522991 1.088571
v -11.735800 -9.541092 1.134783
v -11.765024 -9.600459 1.153925
v -11.758587 -9.666315 1.134783
v -11.720259 -9.700083 1.088571
v -11.672492 -9.681982 1.042359
v -11.643268 -9.622615 1.023217
v -11.649705 -9.556759 1.042359
v -11.381058 -9.578851 1.435686
v -11.435078 -9.595815 1.474916
v -11.466892 -9.654710 1.491165
v -11.457864 -9.721038 1.474916
v -11.413282 -9.755942 1.435686
v -11.359262 -9.738979 1.396456
v -11.327449 -9.680084 1.380207
v -11.336476 -9.613756 1.396456
v -11.102034 -9.629624 1.853622
v -11.160540 -9.645771 1.886198
v -11.194212 -9.704329 1.899692
v -11.183327 -9.770994 1.886198
v -11.134259 -9.806716 1.853622
v -11.075753 -9.790570 1.821046
v -11.042081 -9.732013 1.807552
v -11.052967 -9.665347 1.821046
v -10.857833 -9.674063 2.332087
v -10.919565 -9.689621 2.358391
v -10.954575 -9.747936 2.369286
v -10.942352 -9.814844 2.358391
v -10.890059 -9.851154 2.332087
v -10.828326 -9.835594 2.305784
v -10.793318 -9.777280 2.294888
v -10.805539 -9.710371 2.305784
v -10.654469 -9.711068 2.859301
v -10.718514 -9.726207 2.879643
v -10.754481 -9.784348 2.888069
v -10.741301 -9.851430 2.879643
v -10.686694 -9.888160 2.859301
v -10.622648 -9.873021 2.838958
v -10.586680 -9.814882 2.830532
v -10.599861 -9.747798 2.838958
v -10.496946 -9.739733 3.422281
v -10.562613 -9.754577 3.436859
v -10.599251 -9.812593 3.442898
v -10.585399 -9.879800 3.436859
v -10.529172 -9.916824 3.422281
v -10.463507 -9.901980 3.407702
v -10.426868 -9.843963 3.401663
v -10.440720 -9.776757 3.407702
v -10.389147 -9.759349 4.007164
v -10.455407 -9.774084 4.018882
v -10.492291 -9.832057 4.023736
v -10.478194 -9.899307 4.018882
v -10.421372 -9.936440 4.007164
v -10.355112 -9.921705 3.995446
v -10.318228 -9.863731 3.990592
v -10.332326 -9.796482 3.995446
v -14.659473 -9.073757 4.616521
v -10.405260 -9.847895 4.007164
vn 0.1977 0.7532 0.6274
vn 0.6947 0.4316 0.5754
vn 0.8192 -0.1491 0.5539
vn 0.4982 -0.6487 0.5754
vn -0.0803 -0.7745 0.6274
vn -0.5773 -0.4530 0.6794
vn -0.7018 0.1277 0.7009
vn -0.3807 0.6273 0.6794
vn 0.1680 0.9858 0.0005
vn 0.8169 0.5758 -0.0343
vn 0.9827 -0.1788 -0.0489
vn 0.5616 -0.8267 -0.0343
vn -0.1900 -0.9818 0.0005
vn -0.8259 -0.5628 0.0348
vn -0.9827 0.1788 0.0488
vn -0.5746 0.8177 0.0348
vn 0.1675 0.9859 -0.0005
vn 0.8167 0.5761 0.0318
vn 0.9828 -0.1788 0.0453
vn 0.5614 -0.8269 0.0318
vn -0.1906 -0.9817 -0.0005
vn -0.8262 -0.5624 -0.0323
vn -0.9828 0.1788 -0.0454
vn -0.5751 0.8174 -0.0323
vn 0.1666 0.9860 -0.0019
vn 0.8097 0.5779 0.1020
vn 0.9734 -0.1771 0.1455
vn 0.5542 -0.8261 0.1020
vn -0.1915 -0.9815 -0.0019
vn -0.8198 -0.5631 -0.1039
vn -0.9734 0.1771 -0.1456
vn -0.5689 0.8158 -0.1039
vn 0.1654 0.9862 -0.0037
vn 0.7937 0.5816 0.1781
vn 0.9515 -0.1731 0.2545
vn 0.5379 -0.8240 0.1781
vn -0.1926 -0.9813 -0.0037
vn -0.8048 -0.5651 -0.1818
vn -0.9514 0.1731 -0.2546
vn -0.5541 0.8123 -0.1818
vn 0.1639 0.9865 -0.0062
vn 0.7654 0.5879 0.2618
vn 0.9122 -0.1660 0.3747
vn 0.5092 -0.8199 0.2618
vn -0.1941 -0.9810 -0.0062
vn -0.7775 -0.5689 -0.2681
vn -0.9121 0.1660 -0.3749
vn -0.5272 0.8063 -0.2681
vn 0.1624 0.9867 -0.0100
vn 0.7192 0.5979 0.3539
vn 0.8476 -0.1542 0.5077
vn 0.4625 -0.8130 0.3539
vn -0.1956 -0.9806 -0.0100
vn -0.7322 -0.5756 -0.3641
vn -0.8474 0.1542 -0.5080
vn -0.4825 0.7967 -0.3641
vn 0.1615 0.9868 -0.0153
vn 0.6475 0.6130 0.4527
vn 0.7465 -0.1358 0.6513
vn 0.3901 -0.8018 0.4527
vn -0.1965 -0.9804 -0.0153
vn -0.6606 -0.5868 -0.4683
vn -0.7461 0.1358 -0.6518
vn -0.4116 0.7819 -0.4683
vn 0.1624 0.9865 -0.0222
vn 0.5418 0.6345 0.5512
vn 0.5959 -0.1084 0.7957
vn 0.2836 -0.7847 0.5512
vn -0.1955 -0.9805 -0.0222
vn -0.5531 -0.6042 -0.5736
vn -0.5953 0.1083 -0.7962
vn -0.3048 0.7603 -0.5736
vn 0.1667 0.9856 -0.0290
vn 0.3979 0.6627 0.6344
vn 0.3888 -0.0708 0.9186
vn 0.1390 -0.7604 0.6344
vn -0.1912 -0.9811 -0.0290
vn -0.4043 -0.6295 -0.6636
vn -0.3883 0.0707 -0.9188
vn -0.1566 0.7315 -0.6636
vn 0.1744 0.9841 -0.0328
vn 0.2243 0.6951 0.6830
vn 0.1373 -0.0250 0.9902
vn -0.0349 -0.7296 0.6830
vn -0.1835 -0.9825 -0.0328
vn -0.2229 -0.6617 -0.7158
vn -0.1373 0.0250 -0.9902
vn 0.0245 0.6979 -0.7158
vn 0.1828 0.9827 -0.0313
vn 0.0440 0.7271 0.6851
vn -0.1239 0.0226 0.9920
vn -0.2150 -0.6960 0.6851
vn -0.1751 -0.9841 -0.0313
vn -0.0347 -0.6967 -0.7165
vn 0.1233 -0.0224 -0.9921
vn 0.2129 0.6643 -0.7165
vn 0.1888 0.9817 -0.0260
vn -0.1176 0.7545 0.6456
vn -0.3564 0.0648 0.9321
vn -0.3759 -0.6647 0.6456
vn -0.1691 -0.9853 -0.0260
vn 0.1321 -0.7289 -0.6718
vn 0.3556 -0.0647 -0.9324
vn 0.3804 0.6356 -0.6718
vn 0.1916 0.9813 -0.0196
vn -0.2468 0.7757 0.5808
vn -0.5404 0.0983 0.8357
vn -0.5042 -0.6391 0.5808
vn -0.1664 -0.9859 -0.0196
vn 0.2634 -0.7549 -0.6006
vn 0.5398 -0.0982 -0.8360
vn 0.5124 0.6137 -0.6006
vn 0.1922 0.9812 -0.0142
vn -0.3432 0.7913 0.5061
vn -0.6766 0.1231 0.7260
vn -0.6000 -0.6196 0.5061
vn -0.1658 -0.9861 -0.0142
vn 0.3598 -0.7744 -0.5205
vn 0.6763 -0.1231 -0.7263
vn 0.6095 0.5980 -0.5205
vn 0.1918 0.9814 -0.0102
vn -0.4132 0.8024 0.4306
vn -0.7748 0.1410 0.6163
vn -0.6694 -0.6054 0.4306
vn -0.1662 -0.9860 -0.0102
vn 0.4289 -0.7884 -0.4409
vn 0.7746 -0.1410 -0.6165
vn 0.6791 0.5868 -0.4409
vn 0.1911 0.9815 -0.0073
vn -0.4636 0.8104 0.3582
vn -0.8452 0.1538 0.5118
vn -0.7194 -0.5952 0.3582
vn -0.1669 -0.9859 -0.0073
vn 0.4782 -0.7985 -0.3656
vn 0.8451 -0.1538 -0.5119
vn 0.7289 0.5789 -0.3656
vn 0.1905 0.9817 -0.0053
vn -0.4999 0.8162 0.2895
vn -0.8959 0.1630 0.4133
vn -0.7554 -0.5878 0.2896
vn -0.1676 -0.9858 -0.0053
vn 0.5136 -0.8057 -0.2949
vn 0.8959 -0.1630 -0.4134
vn 0.7646 0.5732 -0.2949
vn 0.1900 0.9818 -0.0038
vn -0.5260 0.8204 0.2241
vn -0.9322 0.1696 0.3196
vn -0.7813 -0.5826 0.2241
vn -0.1681 -0.9858 -0.0038
vn 0.5390 -0.8109 -0.2279
vn 0.9322 -0.1696 -0.3197
vn 0.7901 0.5690 -0.2279
vn 0.1897 0.9818 -0.0026
vn -0.5441 0.8235 0.1607
vn -0.9577 0.1743 0.2290
vn -0.7993 -0.5790 0.1606
vn -0.1683 -0.9857 -0.0026
vn 0.5568 -0.8144 -0.1633
vn 0.9577 -0.1743 -0.2292
vn 0.8080 0.5661 -0.1633
vn 0.2532 0.7431 0.6195
vn -0.3185 0.6160 0.7205
vn -0.6367 0.1159 0.7624
vn -0.5151 -0.4643 0.7205
vn -0.0248 -0.7846 0.6195
vn 0.5468 -0.6575 0.5184
vn 0.8650 -0.1574 0.4765
vn 0.7434 0.4227 0.5184
vn 0.0931 -0.0169 0.9955
vn 0.1812 -0.0330 0.9829
v -14.808737 -7.481306 4.677392
v -14.751075 -7.518593 4.671938
v -14.736629 -7.585907 4.669680
v -14.773862 -7.643816 4.671938
v -14.840962 -7.658399 4.677392
v -14.898624 -7.621114 4.682845
v -14.913071 -7.553800 4.685104
v -14.875837 -7.495891 4.682845
v -14.858928 -7.472173 4.084257
v -14.801065 -7.509496 4.082291
v -14.786537 -7.576825 4.081477
v -14.823853 -7.634719 4.082291
v -14.891153 -7.649265 4.084257
v -14.949016 -7.611943 4.086222
v -14.963545 -7.544615 4.087036
v -14.926229 -7.486720 4.086222
v -14.845042 -7.474700 3.496725
v -14.787356 -7.511992 3.501879
v -14.772901 -7.579306 3.504014
v -14.810143 -7.637215 3.501879
v -14.877268 -7.651793 3.496725
v -14.934955 -7.614502 3.491571
v -14.949410 -7.547187 3.489436
v -14.912168 -7.489279 3.491571
v -14.767423 -7.488824 2.929265
v -14.710766 -7.525928 2.941841
v -14.696735 -7.593166 2.947050
v -14.733552 -7.651151 2.941841
v -14.799648 -7.665916 2.929265
v -14.856305 -7.628815 2.916688
v -14.870335 -7.561576 2.911479
v -14.833519 -7.503592 2.916688
v -14.627979 -7.514198 2.395848
v -14.573383 -7.550927 2.416224
v -14.560207 -7.618010 2.424664
v -14.596170 -7.676150 2.416224
v -14.660205 -7.691291 2.395848
v -14.714801 -7.654563 2.375472
v -14.727977 -7.587481 2.367032
v -14.692014 -7.529340 2.375472
v -14.430146 -7.550198 1.909609
v -14.378920 -7.586313 1.938181
v -14.367139 -7.653143 1.950016
v -14.401707 -7.711536 1.938181
v -14.462372 -7.727290 1.909609
v -14.513599 -7.691175 1.881037
v -14.525379 -7.624347 1.869202
v -14.490812 -7.565952 1.881037
v -14.178795 -7.595937 1.482521
v -14.132615 -7.631133 1.519581
v -14.122925 -7.697582 1.534932
v -14.155401 -7.756356 1.519581
v -14.211020 -7.773029 1.482521
v -14.257200 -7.737832 1.445461
v -14.266891 -7.671385 1.430110
v -14.234414 -7.612609 1.445461
v -13.880115 -7.650287 1.125100
v -13.841075 -7.684186 1.170617
v -13.834343 -7.750095 1.189471
v -13.863861 -7.809409 1.170617
v -13.912340 -7.827379 1.125100
v -13.951380 -7.793483 1.079584
v -13.958112 -7.727573 1.060731
v -13.928593 -7.668260 1.079584
v -13.541459 -7.711912 0.846148
v -13.511966 -7.744073 0.899447
v -13.509188 -7.809263 0.921524
v -13.534753 -7.869296 0.899447
v -13.573685 -7.889005 0.846148
v -13.603177 -7.856845 0.792849
v -13.605955 -7.791655 0.770772
v -13.580390 -7.731622 0.792849
v -13.171167 -7.779294 0.652533
v -13.153572 -7.809289 0.711994
v -13.155724 -7.873584 0.736623
v -13.176359 -7.934512 0.711994
v -13.203392 -7.956387 0.652533
v -13.220987 -7.926392 0.593072
v -13.218837 -7.862099 0.568442
v -13.198200 -7.801168 0.593072
v -12.778358 -7.850774 0.549022
v -12.774340 -7.878299 0.612039
v -12.782114 -7.941568 0.638141
v -12.797127 -8.003522 0.612039
v -12.810583 -8.027866 0.549022
v -12.814600 -8.000341 0.486005
v -12.806826 -7.937072 0.459902
v -12.791814 -7.875118 0.486005
v -12.372702 -7.924590 0.538164
v -12.382699 -7.949565 0.601577
v -12.396278 -8.011779 0.627843
v -12.405486 -8.074788 0.601577
v -12.404927 -8.101683 0.538164
v -12.394930 -8.076710 0.474751
v -12.381351 -8.014496 0.448484
v -12.372143 -7.951487 0.474751
v -11.964189 -7.998928 0.620226
v -11.987297 -8.021516 0.681059
v -12.006307 -8.082743 0.706257
v -12.010083 -8.146739 0.681059
v -11.996414 -8.176021 0.620226
v -11.973307 -8.153432 0.559393
v -11.954296 -8.092207 0.534195
v -11.950520 -8.028209 0.559393
v -11.562878 -8.071954 0.793189
v -11.597276 -8.092488 0.849224
v -11.620963 -8.152863 0.872435
v -11.620063 -8.217711 0.849224
v -11.595103 -8.249046 0.793189
v -11.560704 -8.228513 0.737153
v -11.537017 -8.168139 0.713943
v -11.537917 -8.103290 0.737153
v -11.178650 -8.141871 1.052792
v -11.222210 -8.160739 1.102706
v -11.249691 -8.220423 1.123381
v -11.244996 -8.285962 1.102706
v -11.210875 -8.318964 1.052792
v -11.167315 -8.300097 1.002878
v -11.139832 -8.240414 0.982203
v -11.144527 -8.174874 1.002878
v -10.820966 -8.206959 1.392644
v -10.871684 -8.224524 1.435818
v -10.902131 -8.283669 1.453701
v -10.894470 -8.349747 1.435818
v -10.853191 -8.384051 1.392644
v -10.802472 -8.366488 1.349470
v -10.772026 -8.307343 1.331586
v -10.779686 -8.241264 1.349470
v -10.498633 -8.265614 1.804376
v -10.554818 -8.282184 1.840620
v -10.587529 -8.340916 1.855633
v -10.577604 -8.407407 1.840620
v -10.530859 -8.442706 1.804376
v -10.474674 -8.426137 1.768132
v -10.441963 -8.367405 1.753120
v -10.451887 -8.300914 1.768132
v -10.219589 -8.316392 2.277851
v -10.279876 -8.332215 2.307178
v -10.314286 -8.390638 2.319325
v -10.302663 -8.457438 2.307178
v -10.251815 -8.493484 2.277851
v -10.191528 -8.477661 2.248524
v -10.157119 -8.419238 2.236376
v -10.168742 -8.352438 2.248524
v -9.990705 -8.358041 2.801409
v -10.053998 -8.373318 2.823892
v -10.089654 -8.431515 2.833205
v -10.076785 -8.498541 2.823892
v -10.022930 -8.535133 2.801409
v -9.959638 -8.519857 2.778926
v -9.923982 -8.461661 2.769613
v -9.936851 -8.394634 2.778926
v -9.817616 -8.389539 3.362159
v -9.883015 -8.404431 3.377849
v -9.919541 -8.462470 3.384348
v -9.905801 -8.529655 3.377849
v -9.849842 -8.566631 3.362159
v -9.784443 -8.551738 3.346469
v -9.747916 -8.493700 3.339970
v -9.761657 -8.426515 3.346469
v -9.704584 -8.410107 3.946293
v -9.770739 -8.424862 3.958575
v -9.807579 -8.482843 3.963662
v -9.793525 -8.550085 3.958575
v -9.736810 -8.587199 3.946293
v -9.670656 -8.572444 3.934012
v -9.633816 -8.514462 3.928925
v -9.647869 -8.447221 3.934012
v -14.824850 -7.569853 4.677392
v -9.720697 -8.498653 3.946293
vn 0.1921 0.7542 0.6279
vn 0.6896 0.4325 0.5808
vn 0.8142 -0.1482 0.5613
vn 0.4930 -0.6477 0.5808
vn -0.0858 -0.7735 0.6279
vn -0.5833 -0.4519 0.6749
vn -0.7080 0.1288 0.6944
vn -0.3868 0.6284 0.6750
vn 0.1659 0.9861 0.0004
vn 0.8164 0.5770 -0.0217
vn 0.9834 -0.1789 -0.0310
vn 0.5608 -0.8276 -0.0217
vn -0.1922 -0.9814 0.0004
vn -0.8272 -0.5615 0.0220
vn -0.9834 0.1790 0.0308
vn -0.5764 0.8169 0.0220
vn 0.1654 0.9862 -0.0011
vn 0.8143 0.5777 0.0567
vn 0.9806 -0.1784 0.0810
vn 0.5586 -0.8275 0.0567
vn -0.1926 -0.9813 -0.0011
vn -0.8254 -0.5615 -0.0578
vn -0.9806 0.1784 -0.0810
vn -0.5747 0.8163 -0.0578
vn 0.1647 0.9863 -0.0029
vn 0.8026 0.5803 0.1382
vn 0.9644 -0.1755 0.1976
vn 0.5467 -0.8258 0.1382
vn -0.1933 -0.9811 -0.0029
vn -0.8142 -0.5631 -0.1412
vn -0.9644 0.1755 -0.1977
vn -0.5637 0.8138 -0.1412
vn 0.1640 0.9864 -0.0052
vn 0.7794 0.5852 0.2237
vn 0.9321 -0.1696 0.3201
vn 0.5233 -0.8222 0.2237
vn -0.1940 -0.9810 -0.0052
vn -0.7916 -0.5666 -0.2290
vn -0.9320 0.1696 -0.3202
vn -0.5412 0.8091 -0.2290
vn 0.1633 0.9865 -0.0080
vn 0.7418 0.5929 0.3133
vn 0.8792 -0.1600 0.4489
vn 0.4854 -0.8162 0.3133
vn -0.1947 -0.9808 -0.0080
vn -0.7543 -0.5725 -0.3214
vn -0.8791 0.1600 -0.4490
vn -0.5043 0.8015 -0.3214
vn 0.1629 0.9866 -0.0117
vn 0.6858 0.6043 0.4057
vn 0.7999 -0.1456 0.5822
vn 0.4289 -0.8071 0.4057
vn -0.1950 -0.9807 -0.0117
vn -0.6981 -0.5816 -0.4175
vn -0.7997 0.1455 -0.5824
vn -0.4485 0.7903 -0.4175
vn 0.1635 0.9864 -0.0162
vn 0.6069 0.6199 0.4973
vn 0.6877 -0.1251 0.7151
vn 0.3496 -0.7940 0.4973
vn -0.1945 -0.9808 -0.0162
vn -0.6183 -0.5949 -0.5136
vn -0.6875 0.1251 -0.7153
vn -0.3691 0.7746 -0.5136
vn 0.1655 0.9860 -0.0210
vn 0.5021 0.6403 0.5813
vn 0.5377 -0.0978 0.8374
vn 0.2444 -0.7761 0.5813
vn -0.1924 -0.9811 -0.0210
vn -0.5109 -0.6132 -0.6024
vn -0.5375 0.0978 -0.8376
vn -0.2622 0.7539 -0.6024
vn 0.1695 0.9852 -0.0252
vn 0.3721 0.6650 0.6476
vn 0.3507 -0.0638 0.9343
vn 0.1140 -0.7534 0.6476
vn -0.1884 -0.9818 -0.0252
vn -0.3766 -0.6367 -0.6728
vn -0.3505 0.0638 -0.9344
vn -0.1282 0.7286 -0.6728
vn 0.1752 0.9842 -0.0274
vn 0.2242 0.6922 0.6859
vn 0.1373 -0.0250 0.9902
vn -0.0340 -0.7269 0.6859
vn -0.1828 -0.9828 -0.0274
vn -0.2231 -0.6643 -0.7134
vn -0.1373 0.0250 -0.9902
vn 0.0253 0.7003 -0.7134
vn 0.1812 0.9831 -0.0269
vn 0.0715 0.7197 0.6906
vn -0.0830 0.0151 0.9964
vn -0.1866 -0.6987 0.6906
vn -0.1767 -0.9839 -0.0269
vn -0.0646 -0.6935 -0.7175
vn 0.0828 -0.0151 -0.9964
vn 0.1839 0.6718 -0.7175
vn 0.1862 0.9822 -0.0240
vn -0.0718 0.7447 0.6635
vn -0.2891 0.0526 0.9559
vn -0.3295 -0.6717 0.6635
vn -0.1718 -0.9848 -0.0239
vn 0.0833 -0.7214 -0.6875
vn 0.2888 -0.0526 -0.9559
vn 0.3321 0.6458 -0.6875
vn 0.1895 0.9817 -0.0199
vn -0.1958 0.7660 0.6123
vn -0.4665 0.0849 0.8804
vn -0.4531 -0.6479 0.6123
vn -0.1685 -0.9855 -0.0199
vn 0.2102 -0.7457 -0.6323
vn 0.4662 -0.0848 -0.8806
vn 0.4594 0.6238 -0.6323
vn 0.1912 0.9814 -0.0158
vn -0.2969 0.7831 0.5465
vn -0.6104 0.1111 0.7842
vn -0.5537 -0.6283 0.5464
vn -0.1668 -0.9859 -0.0158
vn 0.3127 -0.7655 -0.5623
vn 0.6102 -0.1110 -0.7844
vn 0.5623 0.6063 -0.5623
vn 0.1919 0.9813 -0.0121
vn -0.3763 0.7964 0.4735
vn -0.7229 0.1315 0.6783
vn -0.6327 -0.6128 0.4735
vn -0.1661 -0.9860 -0.0121
vn 0.3924 -0.7811 -0.4857
vn 0.7227 -0.1315 -0.6785
vn 0.6424 0.5928 -0.4857
vn 0.1920 0.9813 -0.0092
vn -0.4371 0.8065 0.3980
vn -0.8087 0.1472 0.5695
vn -0.6932 -0.6008 0.3980
vn -0.1660 -0.9861 -0.0092
vn 0.4530 -0.7931 -0.4072
vn 0.8087 -0.1472 -0.5696
vn 0.7034 0.5826 -0.4072
vn 0.1919 0.9814 -0.0068
vn -0.4829 0.8142 0.3224
vn -0.8732 0.1589 0.4608
vn -0.7388 -0.5919 0.3223
vn -0.1661 -0.9861 -0.0068
vn 0.4985 -0.8020 -0.3292
vn 0.8731 -0.1589 -0.4609
vn 0.7490 0.5750 -0.3292
vn 0.1918 0.9814 -0.0049
vn -0.5165 0.8198 0.2473
vn -0.9204 0.1675 0.3533
vn -0.7722 -0.5853 0.2473
vn -0.1662 -0.9861 -0.0049
vn 0.5317 -0.8085 -0.2522
vn 0.9204 -0.1675 -0.3533
vn 0.7825 0.5693 -0.2522
vn 0.1917 0.9814 -0.0033
vn -0.5399 0.8238 0.1726
vn -0.9535 0.1735 0.2465
vn -0.7955 -0.5808 0.1726
vn -0.1663 -0.9861 -0.0033
vn 0.5550 -0.8130 -0.1760
vn 0.9534 -0.1735 -0.2467
vn 0.8058 0.5654 -0.1760
vn 0.2586 0.7421 0.6184
vn -0.3121 0.6148 0.7243
vn -0.6299 0.1146 0.7682
vn -0.5087 -0.4654 0.7243
vn -0.0194 -0.7856 0.6184
vn 0.5514 -0.6583 0.5124
vn 0.8692 -0.1582 0.4685
vn 0.7480 0.4219 0.5124
vn 0.0843 -0.0153 0.9963
vn 0.1899 -0.0345 0.9812
v -14.868049 -5.996701 4.723071
v -14.810352 -6.033994 4.718046
v -14.795892 -6.101310 4.715964
v -14.833139 -6.159217 4.718046
v -14.900274 -6.173794 4.723071
v -14.957971 -6.136500 4.728096
v -14.972431 -6.069185 4.730177
v -14.935184 -6.011278 4.728096
v -14.914313 -5.988283 4.129373
v -14.856430 -6.025609 4.128260
v -14.841893 -6.092938 4.127800
v -14.879217 -6.150832 4.128260
v -14.946539 -6.165376 4.129373
v -15.004421 -6.128048 4.130485
v -15.018959 -6.060719 4.130946
v -14.981634 -6.002826 4.130485
v -14.888745 -5.992935 3.540168
v -14.831215 -6.030197 3.546993
v -14.816824 -6.097501 3.549820
v -14.854001 -6.155420 3.546993
v -14.920971 -6.170028 3.540168
v -14.978502 -6.132765 3.533343
v -14.992893 -6.065461 3.530516
v -14.955716 -6.007542 3.533343
v -14.791976 -6.010545 2.969965
v -14.735837 -6.047553 2.984920
v -14.722023 -6.114752 2.991116
v -14.758624 -6.172776 2.984920
v -14.824202 -6.187637 2.969965
v -14.880340 -6.150628 2.955009
v -14.894155 -6.083428 2.948814
v -14.857553 -6.025404 2.955009
v -14.626386 -6.040677 2.432802
v -14.572829 -6.077215 2.456072
v -14.560083 -6.144219 2.465710
v -14.595615 -6.202438 2.456072
v -14.658611 -6.217769 2.432802
v -14.712168 -6.181230 2.409533
v -14.724913 -6.114225 2.399894
v -14.689381 -6.056006 2.409533
v -14.396053 -6.082590 1.941909
v -14.346472 -6.118405 1.973591
v -14.335373 -6.185110 1.986715
v -14.369259 -6.243629 1.973591
v -14.428278 -6.259683 1.941909
v -14.477859 -6.223866 1.910226
v -14.488958 -6.157163 1.897102
v -14.455073 -6.098643 1.910226
v -14.106649 -6.135253 1.509370
v -14.062670 -6.170049 1.549369
v -14.053892 -6.236331 1.565937
v -14.085457 -6.295272 1.549369
v -14.138875 -6.312346 1.509370
v -14.182855 -6.277548 1.469372
v -14.191632 -6.211267 1.452804
v -14.160068 -6.152325 1.469372
v -13.765301 -6.197368 1.145838
v -13.728752 -6.230812 1.193698
v -13.723051 -6.296535 1.213522
v -13.751539 -6.356035 1.193698
v -13.797526 -6.374460 1.145838
v -13.834076 -6.341015 1.097979
v -13.839776 -6.275294 1.078155
v -13.811289 -6.215792 1.097979
v -13.380413 -6.267406 0.860264
v -13.353189 -6.299152 0.914998
v -13.351351 -6.364172 0.937670
v -13.375976 -6.424376 0.914998
v -13.412638 -6.444499 0.860264
v -13.439861 -6.412750 0.805529
v -13.441699 -6.347732 0.782857
v -13.417075 -6.287527 0.805529
v -12.961462 -6.343642 0.659678
v -12.945261 -6.373384 0.719661
v -12.947989 -6.437572 0.744506
v -12.968048 -6.498607 0.719661
v -12.993687 -6.520735 0.659678
v -13.009888 -6.490993 0.599696
v -13.007160 -6.426805 0.574851
v -12.987102 -6.365770 0.599696
v -12.518764 -6.424200 0.549022
v -12.514747 -6.451724 0.612039
v -12.522521 -6.514994 0.638141
v -12.537534 -6.576947 0.612039
v -12.550990 -6.601293 0.549022
v -12.555008 -6.573767 0.486005
v -12.547233 -6.510497 0.459902
v -12.532221 -6.448544 0.486005
v -12.063221 -6.507094 0.531018
v -12.071737 -6.532338 0.594540
v -12.084703 -6.594663 0.620852
v -12.094524 -6.657561 0.594540
v -12.095447 -6.684187 0.531018
v -12.086930 -6.658943 0.467495
v -12.073964 -6.596618 0.441184
v -12.064144 -6.533720 0.467495
v -11.606049 -6.590286 0.606111
v -11.626585 -6.613342 0.667686
v -11.644530 -6.674761 0.693192
v -11.649372 -6.738565 0.667686
v -11.638274 -6.767379 0.606111
v -11.617738 -6.744322 0.544535
v -11.599792 -6.682902 0.519030
v -11.594951 -6.619099 0.544535
v -11.158504 -6.671725 0.772451
v -11.189873 -6.692810 0.830039
v -11.212304 -6.753413 0.853892
v -11.212660 -6.818033 0.830039
v -11.190730 -6.848818 0.772451
v -11.159362 -6.827732 0.714863
v -11.136930 -6.767129 0.691010
v -11.136576 -6.702509 0.714863
v -10.731609 -6.749408 1.025943
v -10.772255 -6.768804 1.078063
v -10.798530 -6.828708 1.099652
v -10.795042 -6.894027 1.078063
v -10.763834 -6.926500 1.025943
v -10.723188 -6.907103 0.973823
v -10.696913 -6.847199 0.952234
v -10.700401 -6.781879 0.973823
v -10.335873 -6.821419 1.360344
v -10.384164 -6.839425 1.406046
v -10.413605 -6.898752 1.424976
v -10.406951 -6.964648 1.406046
v -10.368098 -6.998511 1.360344
v -10.319807 -6.980506 1.314642
v -10.290366 -6.921178 1.295712
v -10.297021 -6.855283 1.314642
v -9.981041 -6.885988 1.767421
v -10.035439 -6.902882 1.806154
v -10.067411 -6.961749 1.822198
v -10.058227 -7.028105 1.806154
v -10.013266 -7.063081 1.767421
v -9.958867 -7.046185 1.728689
v -9.926896 -6.987318 1.712645
v -9.936081 -6.920962 1.728689
v -9.675850 -6.941524 2.237151
v -9.734991 -6.957555 2.268619
v -9.768927 -7.016064 2.281653
v -9.757778 -7.082778 2.268619
v -9.708076 -7.118616 2.237151
v -9.648935 -7.102584 2.205683
v -9.615000 -7.044074 2.192648
v -9.626148 -6.977361 2.205683
v -9.427815 -6.986658 2.757966
v -9.490505 -7.002043 2.782011
v -9.525911 -7.060287 2.791970
v -9.513292 -7.127266 2.782011
v -9.460041 -7.163751 2.757966
v -9.397351 -7.148365 2.733921
v -9.361946 -7.090122 2.723962
v -9.374565 -7.023142 2.733921
v -9.243044 -7.020281 3.317043
v -9.308230 -7.035213 3.333558
v -9.344669 -7.093266 3.340399
v -9.331017 -7.160436 3.333558
v -9.275270 -7.197373 3.317043
v -9.210085 -7.182442 3.300527
v -9.173645 -7.124388 3.293687
v -9.187298 -7.057219 3.300527
v -9.126086 -7.041564 3.900615
v -9.192158 -7.056334 3.913318
v -9.228963 -7.114322 3.918579
v -9.214944 -7.181558 3.913318
v -9.158312 -7.218657 3.900615
v -9.092241 -7.203885 3.887912
v -9.055435 -7.145898 3.882650
v -9.069454 -7.078662 3.887912
v -14.884161 -6.085247 4.723071
v -9.142200 -7.130110 3.900615
vn 0.1880 0.7549 0.6283
vn 0.6858 0.4332 0.5849
vn 0.8105 -0.1475 0.5669
vn 0.4892 -0.6470 0.5849
vn -0.0900 -0.7728 0.6283
vn -0.5878 -0.4510 0.6716
vn -0.7126 0.1296 0.6895
vn -0.3913 0.6292 0.6716
vn 0.1643 0.9864 0.0002
vn 0.8160 0.5780 -0.0123
vn 0.9837 -0.1790 -0.0176
vn 0.5601 -0.8283 -0.0123
vn -0.1938 -0.9811 0.0002
vn -0.8281 -0.5605 0.0124
vn -0.9837 0.1790 0.0173
vn -0.5775 0.8163 0.0124
vn 0.1639 0.9865 -0.0017
vn 0.8120 0.5789 0.0750
vn 0.9782 -0.1780 0.1072
vn 0.5560 -0.8278 0.0750
vn -0.1941 -0.9810 -0.0017
vn -0.8243 -0.5610 -0.0767
vn -0.9782 0.1780 -0.1073
vn -0.5738 0.8154 -0.0767
vn 0.1635 0.9865 -0.0038
vn 0.7963 0.5821 0.1642
vn 0.9563 -0.1740 0.2350
vn 0.5402 -0.8253 0.1642
vn -0.1945 -0.9809 -0.0038
vn -0.8089 -0.5634 -0.1681
vn -0.9563 0.1740 -0.2350
vn -0.5586 0.8122 -0.1681
vn 0.1632 0.9866 -0.0063
vn 0.7676 0.5879 0.2553
vn 0.9157 -0.1666 0.3656
vn 0.5113 -0.8206 0.2553
vn -0.1948 -0.9808 -0.0063
vn -0.7803 -0.5681 -0.2617
vn -0.9157 0.1666 -0.3657
vn -0.5301 0.8065 -0.2616
vn 0.1632 0.9865 -0.0092
vn 0.7235 0.5966 0.3473
vn 0.8533 -0.1553 0.4978
vn 0.4670 -0.8132 0.3473
vn -0.1948 -0.9808 -0.0092
vn -0.7360 -0.5755 -0.3566
vn -0.8532 0.1552 -0.4979
vn -0.4861 0.7979 -0.3566
vn 0.1637 0.9864 -0.0126
vn 0.6616 0.6087 0.4379
vn 0.7653 -0.1393 0.6284
vn 0.4048 -0.8027 0.4379
vn -0.1943 -0.9809 -0.0126
vn -0.6734 -0.5861 -0.4506
vn -0.7652 0.1392 -0.6286
vn -0.4237 0.7858 -0.4506
vn 0.1649 0.9862 -0.0163
vn 0.5799 0.6244 0.5233
vn 0.6485 -0.1180 0.7520
vn 0.3228 -0.7886 0.5233
vn -0.1930 -0.9811 -0.0163
vn -0.5900 -0.6005 -0.5397
vn -0.6484 0.1180 -0.7521
vn -0.3406 0.7698 -0.5397
vn 0.1674 0.9857 -0.0199
vn 0.4777 0.6438 0.5978
vn 0.5020 -0.0914 0.8600
vn 0.2203 -0.7708 0.5979
vn -0.1906 -0.9815 -0.0199
vn -0.4851 -0.6189 -0.6178
vn -0.5019 0.0913 -0.8601
vn -0.2360 0.7501 -0.6178
vn 0.1710 0.9850 -0.0228
vn 0.3571 0.6662 0.6546
vn 0.3288 -0.0598 0.9425
vn 0.0996 -0.7494 0.6546
vn -0.1869 -0.9821 -0.0228
vn -0.3607 -0.6410 -0.6775
vn -0.3287 0.0598 -0.9425
vn -0.1118 0.7270 -0.6775
vn 0.1756 0.9842 -0.0244
vn 0.2242 0.6907 0.6876
vn 0.1373 -0.0250 0.9902
vn -0.0335 -0.7253 0.6876
vn -0.1824 -0.9829 -0.0244
vn -0.2231 -0.6658 -0.7120
vn -0.1373 0.0250 -0.9902
vn 0.0257 0.7018 -0.7120
vn 0.1804 0.9833 -0.0242
vn 0.0873 0.7153 0.6933
vn -0.0597 0.0109 0.9982
vn -0.1703 -0.7003 0.6933
vn -0.1775 -0.9838 -0.0242
vn -0.0816 -0.6918 -0.7175
vn 0.0596 -0.0108 -0.9982
vn 0.1673 0.6762 -0.7175
vn 0.1847 0.9825 -0.0224
vn -0.0441 0.7387 0.6726
vn -0.2486 0.0452 0.9675
vn -0.3015 -0.6758 0.6726
vn -0.1732 -0.9846 -0.0224
vn 0.0539 -0.7169 -0.6950
vn 0.2485 -0.0452 -0.9676
vn 0.3030 0.6520 -0.6950
vn 0.1881 0.9820 -0.0196
vn -0.1629 0.7595 0.6297
vn -0.4188 0.0762 0.9049
vn -0.4200 -0.6535 0.6297
vn -0.1699 -0.9853 -0.0196
vn 0.1758 -0.7398 -0.6494
vn 0.4187 -0.0762 -0.9049
vn 0.4251 0.6305 -0.6494
vn 0.1903 0.9816 -0.0164
vn -0.2650 0.7773 0.5706
vn -0.5646 0.1027 0.8189
vn -0.5218 -0.6341 0.5706
vn -0.1677 -0.9857 -0.0164
vn 0.2798 -0.7596 -0.5871
vn 0.5645 -0.1027 -0.8190
vn 0.5295 0.6123 -0.5871
vn 0.1917 0.9814 -0.0133
vn -0.3494 0.7918 0.5010
vn -0.6847 0.1246 0.7181
vn -0.6059 -0.6180 0.5009
vn -0.1663 -0.9860 -0.0133
vn 0.3653 -0.7759 -0.5143
vn 0.6846 -0.1246 -0.7182
vn 0.6152 0.5975 -0.5143
vn 0.1924 0.9813 -0.0105
vn -0.4170 0.8034 0.4250
vn -0.7807 0.1421 0.6086
vn -0.6733 -0.6050 0.4250
vn -0.1656 -0.9861 -0.0105
vn 0.4335 -0.7889 -0.4355
vn 0.7806 -0.1420 -0.6087
vn 0.6836 0.5857 -0.4355
vn 0.1928 0.9812 -0.0080
vn -0.4696 0.8125 0.3455
vn -0.8552 0.1556 0.4944
vn -0.7257 -0.5950 0.3455
vn -0.1652 -0.9862 -0.0080
vn 0.4863 -0.7991 -0.3536
vn 0.8551 -0.1556 -0.4945
vn 0.7366 0.5766 -0.3536
vn 0.1931 0.9812 -0.0058
vn -0.5090 0.8193 0.2642
vn -0.9109 0.1657 0.3778
vn -0.7649 -0.5874 0.2642
vn -0.1650 -0.9863 -0.0058
vn 0.5258 -0.8066 -0.2700
vn 0.9109 -0.1657 -0.3778
vn 0.7762 0.5697 -0.2700
vn 0.1932 0.9811 -0.0039
vn -0.5366 0.8241 0.1815
vn -0.9502 0.1729 0.2594
vn -0.7925 -0.5822 0.1815
vn -0.1648 -0.9863 -0.0039
vn 0.5535 -0.8119 -0.1855
vn 0.9501 -0.1729 -0.2597
vn 0.8040 0.5649 -0.1855
vn 0.2627 0.7413 0.6176
vn -0.3073 0.6139 0.7271
vn -0.6248 0.1137 0.7724
vn -0.5039 -0.4663 0.7271
vn -0.0153 -0.7864 0.6175
vn 0.5548 -0.6590 0.5079
vn 0.8723 -0.1587 0.4625
vn 0.7514 0.4213 0.5079
vn 0.0777 -0.0141 0.9969
vn 0.1964 -0.0357 0.9799
v -14.836523 -4.528627 4.755738
v -14.778803 -4.565924 4.751019
v -14.764333 -4.633242 4.749065
v -14.801589 -4.691147 4.751019
v -14.868748 -4.705719 4.755738
v -14.926468 -4.668423 4.760456
v -14.940937 -4.601105 4.762411
v -14.903681 -4.543200 4.760456
v -14.879979 -4.520720 4.161638
v -14.822089 -4.558047 4.161133
v -14.807549 -4.625378 4.160923
v -14.844876 -4.683270 4.161133
v -14.912205 -4.697812 4.161638
v -14.970095 -4.660484 4.162143
v -14.984635 -4.593153 4.162353
v -14.947308 -4.535261 4.162143
v -14.846057 -4.526892 3.571237
v -14.788662 -4.564130 3.579237
v -14.774326 -4.631423 3.582551
v -14.811449 -4.689353 3.579237
v -14.878283 -4.703984 3.571237
v -14.935678 -4.666747 3.563236
v -14.950013 -4.599453 3.559922
v -14.912891 -4.541523 3.563236
v -14.735592 -4.546994 2.999071
v -14.679867 -4.583927 3.015670
v -14.666224 -4.651095 3.022546
v -14.702654 -4.709150 3.015670
v -14.767817 -4.724086 2.999071
v -14.823542 -4.687152 2.982472
v -14.837185 -4.619985 2.975597
v -14.800756 -4.561929 2.982472
v -14.551302 -4.580529 2.459231
v -14.498533 -4.616924 2.484443
v -14.486115 -4.683869 2.494886
v -14.521320 -4.742147 2.484443
v -14.583528 -4.757621 2.459231
v -14.636297 -4.721225 2.434019
v -14.648716 -4.654281 2.423575
v -14.613510 -4.596002 2.434019
v -14.297728 -4.626671 1.965008
v -14.249334 -4.662271 1.998706
v -14.238728 -4.728886 2.012665
v -14.272120 -4.787494 1.998706
v -14.329953 -4.803763 1.965008
v -14.378346 -4.768164 1.931309
v -14.388953 -4.701549 1.917351
v -14.355560 -4.642941 1.931309
v -13.981111 -4.684286 1.528572
v -13.938641 -4.718808 1.570397
v -13.930487 -4.784976 1.587722
v -13.961428 -4.844031 1.570397
v -14.013336 -4.861378 1.528572
v -14.055806 -4.826857 1.486746
v -14.063960 -4.760688 1.469421
v -14.033020 -4.701633 1.486746
v -13.609248 -4.751954 1.160669
v -13.574322 -4.785103 1.209925
v -13.569292 -4.850703 1.230327
v -13.597108 -4.910326 1.209925
v -13.641474 -4.929046 1.160669
v -13.676400 -4.895897 1.111413
v -13.681429 -4.830297 1.091011
v -13.653614 -4.770674 1.111413
v -13.191296 -4.828008 0.870358
v -13.165483 -4.859499 0.925918
v -13.164230 -4.924411 0.948932
v -13.188271 -4.984722 0.925918
v -13.223521 -5.005100 0.870358
v -13.249334 -4.973610 0.814798
v -13.250587 -4.908697 0.791785
v -13.226547 -4.848387 0.814798
v -12.737546 -4.910577 0.664789
v -12.722183 -4.940166 0.725066
v -12.725258 -5.004291 0.750034
v -12.744970 -5.065389 0.725066
v -12.769772 -5.087668 0.664789
v -12.785135 -5.058080 0.604511
v -12.782060 -4.993955 0.579544
v -12.762348 -4.932857 0.604511
v -12.259171 -4.997626 0.549022
v -12.255154 -5.025151 0.612039
v -12.262928 -5.088421 0.638141
v -12.277941 -5.150374 0.612039
v -12.291397 -5.174718 0.549022
v -12.295415 -5.147194 0.486005
v -12.287640 -5.083924 0.459902
v -12.272628 -5.021971 0.486005
v -11.767951 -5.087013 0.525908
v -11.775581 -5.112419 0.589478
v -11.788180 -5.174811 0.615810
v -11.798368 -5.237642 0.589478
v -11.800176 -5.264106 0.525908
v -11.792545 -5.238701 0.462337
v -11.779946 -5.176309 0.436005
v -11.769758 -5.113478 0.462337
v -11.275979 -5.176537 0.596016
v -11.294935 -5.199882 0.657989
v -11.312226 -5.261420 0.683658
v -11.317722 -5.325105 0.657989
v -11.308205 -5.353629 0.596016
v -11.289248 -5.330286 0.534043
v -11.271958 -5.268747 0.508373
v -11.266462 -5.205063 0.534043
v -10.795372 -5.263994 0.757620
v -10.824801 -5.285432 0.816094
v -10.846430 -5.346180 0.840315
v -10.847588 -5.410655 0.816094
v -10.827597 -5.441086 0.757620
v -10.798168 -5.419648 0.699146
v -10.776539 -5.358899 0.674926
v -10.775381 -5.294425 0.699146
v -10.337962 -5.347228 1.006741
v -10.376661 -5.366979 1.060193
v -10.402129 -5.427030 1.082334
v -10.399448 -5.492202 1.060193
v -10.370187 -5.524320 1.006741
v -10.331488 -5.504569 0.953289
v -10.306020 -5.444519 0.931149
v -10.308702 -5.379346 0.953289
v -9.915012 -5.424192 1.337245
v -9.961615 -5.442505 1.384550
v -9.990355 -5.501960 1.404145
v -9.984401 -5.567729 1.384550
v -9.947238 -5.601284 1.337245
v -9.900637 -5.582971 1.289940
v -9.871895 -5.523516 1.270345
v -9.877850 -5.457748 1.289940
v -9.536938 -5.492990 1.740993
v -9.590053 -5.510118 1.781371
v -9.621490 -5.569082 1.798097
v -9.612839 -5.635342 1.781371
v -9.569163 -5.670082 1.740993
v -9.516050 -5.652954 1.700614
v -9.484611 -5.593990 1.683889
v -9.493263 -5.527731 1.700614
v -9.213048 -5.551928 2.208044
v -9.271345 -5.568113 2.240975
v -9.304931 -5.626687 2.254615
v -9.294131 -5.693336 2.240975
v -9.245274 -5.729020 2.208044
v -9.186977 -5.712835 2.175113
v -9.153392 -5.654262 2.161473
v -9.164190 -5.587612 2.175113
v -8.951319 -5.599555 2.726897
v -9.013558 -5.615023 2.752034
v -9.048778 -5.673299 2.762446
v -9.036345 -5.740246 2.752034
v -8.983543 -5.776647 2.726897
v -8.921305 -5.761179 2.701761
v -8.886086 -5.702904 2.691349
v -8.898518 -5.635956 2.701761
v -8.758193 -5.634698 3.284777
v -8.823221 -5.649659 3.301878
v -8.859594 -5.707724 3.308962
v -8.846007 -5.774882 3.301878
v -8.790419 -5.811790 3.284777
v -8.725390 -5.796830 3.267676
v -8.689016 -5.738764 3.260593
v -8.702603 -5.671607 3.267676
v -8.638427 -5.656492 3.867947
v -8.704436 -5.671273 3.880951
v -8.741218 -5.729265 3.886338
v -8.727223 -5.796496 3.880951
v -8.670652 -5.833584 3.867947
v -8.604643 -5.818802 3.854943
v -8.567862 -5.760811 3.849557
v -8.581856 -5.693579 3.854943
v -14.852634 -4.617173 4.755738
v -8.654539 -5.745038 3.867947
vn 0.1850 0.7555 0.6285
vn 0.6830 0.4338 0.5877
vn 0.8078 -0.1470 0.5708
vn 0.4864 -0.6465 0.5877
vn -0.0930 -0.7722 0.6285
vn -0.5910 -0.4505 0.6692
vn -0.7158 0.1303 0.6860
vn -0.3944 0.6298 0.6692
vn 0.1631 0.9866 0.0001
vn 0.8156 0.5786 -0.0056
vn 0.9838 -0.1790 -0.0081
vn 0.5595 -0.8288 -0.0056
vn -0.1949 -0.9808 0.0001
vn -0.8286 -0.5599 0.0056
vn -0.9838 0.1790 0.0078
vn -0.5782 0.8159 0.0056
vn 0.1629 0.9866 -0.0021
vn 0.8100 0.5798 0.0878
vn 0.9760 -0.1776 0.1257
vn 0.5538 -0.8280 0.0878
vn -0.1951 -0.9808 -0.0021
vn -0.8232 -0.5606 -0.0899
vn -0.9760 0.1776 -0.1257
vn -0.5729 0.8147 -0.0899
vn 0.1628 0.9866 -0.0045
vn 0.7914 0.5835 0.1821
vn 0.9498 -0.1728 0.2608
vn 0.5352 -0.8249 0.1821
vn -0.1952 -0.9808 -0.0045
vn -0.8046 -0.5637 -0.1866
vn -0.9498 0.1728 -0.2609
vn -0.5544 0.8110 -0.1866
vn 0.1629 0.9866 -0.0071
vn 0.7587 0.5898 0.2765
vn 0.9034 -0.1644 0.3961
vn 0.5023 -0.8193 0.2765
vn -0.1951 -0.9808 -0.0071
vn -0.7716 -0.5693 -0.2836
vn -0.9033 0.1644 -0.3962
vn -0.5216 0.8047 -0.2836
vn 0.1633 0.9865 -0.0100
vn 0.7104 0.5991 0.3693
vn 0.8346 -0.1519 0.5295
vn 0.4538 -0.8110 0.3693
vn -0.1947 -0.9808 -0.0100
vn -0.7227 -0.5778 -0.3793
vn -0.8346 0.1519 -0.5296
vn -0.4729 0.7953 -0.3793
vn 0.1642 0.9863 -0.0131
vn 0.6452 0.6116 0.4580
vn 0.7416 -0.1349 0.6572
vn 0.3884 -0.7996 0.4580
vn -0.1937 -0.9810 -0.0131
vn -0.6563 -0.5893 -0.4711
vn -0.7415 0.1349 -0.6573
vn -0.4067 0.7827 -0.4711
vn 0.1659 0.9860 -0.0162
vn 0.5623 0.6272 0.5389
vn 0.6230 -0.1134 0.7739
vn 0.3053 -0.7851 0.5389
vn -0.1921 -0.9812 -0.0163
vn -0.5716 -0.6042 -0.5552
vn -0.6229 0.1134 -0.7740
vn -0.3221 0.7668 -0.5552
vn 0.1685 0.9855 -0.0191
vn 0.4624 0.6459 0.6074
vn 0.4798 -0.0873 0.8730
vn 0.2053 -0.7674 0.6074
vn -0.1895 -0.9817 -0.0192
vn -0.4690 -0.6224 -0.6266
vn -0.4797 0.0873 -0.8731
vn -0.2197 0.7477 -0.6266
vn 0.1719 0.9849 -0.0214
vn 0.3481 0.6670 0.6587
vn 0.3156 -0.0574 0.9472
vn 0.0908 -0.7469 0.6587
vn -0.1861 -0.9823 -0.0214
vn -0.3512 -0.6435 -0.6801
vn -0.3155 0.0574 -0.9472
vn -0.1020 0.7260 -0.6801
vn 0.1758 0.9842 -0.0226
vn 0.2241 0.6897 0.6885
vn 0.1373 -0.0250 0.9902
vn -0.0332 -0.7245 0.6885
vn -0.1821 -0.9830 -0.0226
vn -0.2232 -0.6667 -0.7111
vn -0.1373 0.0250 -0.9902
vn 0.0260 0.7026 -0.7111
vn 0.1800 0.9834 -0.0226
vn 0.0968 0.7127 0.6947
vn -0.0458 0.0083 0.9989
vn -0.1605 -0.7012 0.6947
vn -0.1780 -0.9838 -0.0226
vn -0.0918 -0.6907 -0.7173
vn 0.0457 -0.0083 -0.9989
vn 0.1574 0.6788 -0.7173
vn 0.1839 0.9827 -0.0214
vn -0.0271 0.7350 0.6776
vn -0.2238 0.0407 0.9738
vn -0.2843 -0.6783 0.6776
vn -0.1741 -0.9845 -0.0214
vn 0.0359 -0.7143 -0.6989
vn 0.2237 -0.0407 -0.9738
vn 0.2852 0.6558 -0.6990
vn 0.1871 0.9821 -0.0193
vn -0.1419 0.7554 0.6398
vn -0.3883 0.0707 0.9188
vn -0.3989 -0.6570 0.6398
vn -0.1708 -0.9851 -0.0193
vn 0.1537 -0.7362 -0.6591
vn 0.3882 -0.0706 -0.9188
vn 0.4032 0.6348 -0.6591
vn 0.1896 0.9817 -0.0167
vn -0.2437 0.7733 0.5853
vn -0.5340 0.0972 0.8399
vn -0.5005 -0.6379 0.5853
vn -0.1684 -0.9856 -0.0167
vn 0.2579 -0.7557 -0.6021
vn 0.5339 -0.0972 -0.8399
vn 0.5075 0.6164 -0.6021
vn 0.1914 0.9814 -0.0140
vn -0.3307 0.7886 0.5184
vn -0.6582 0.1198 0.7433
vn -0.5873 -0.6215 0.5184
vn -0.1666 -0.9859 -0.0140
vn 0.3464 -0.7723 -0.5324
vn 0.6581 -0.1197 -0.7434
vn 0.5963 0.6008 -0.5325
vn 0.1926 0.9812 -0.0113
vn -0.4026 0.8012 0.4428
vn -0.7605 0.1384 0.6345
vn -0.6590 -0.6080 0.4428
vn -0.1654 -0.9862 -0.0113
vn 0.4193 -0.7861 -0.4542
vn 0.7604 -0.1384 -0.6345
vn 0.6693 0.5879 -0.4542
vn 0.1934 0.9811 -0.0088
vn -0.4598 0.8112 0.3614
vn -0.8419 0.1532 0.5174
vn -0.7161 -0.5972 0.3614
vn -0.1646 -0.9863 -0.0088
vn 0.4772 -0.7970 -0.3702
vn 0.8419 -0.1532 -0.5175
vn 0.7274 0.5778 -0.3702
vn 0.1939 0.9810 -0.0065
vn -0.5034 0.8188 0.2760
vn -0.9039 0.1645 0.3950
vn -0.7596 -0.5890 0.2760
vn -0.1641 -0.9864 -0.0065
vn 0.5213 -0.8053 -0.2825
vn 0.9038 -0.1645 -0.3950
vn 0.7715 0.5700 -0.2825
vn 0.1943 0.9809 -0.0044
vn -0.5342 0.8242 0.1877
vn -0.9477 0.1725 0.2686
vn -0.7903 -0.5832 0.1877
vn -0.1637 -0.9865 -0.0044
vn 0.5524 -0.8111 -0.1922
vn 0.9476 -0.1724 -0.2689
vn 0.8027 0.5646 -0.1922
vn 0.2657 0.7408 0.6169
vn -0.3038 0.6133 0.7291
vn -0.6212 0.1130 0.7755
vn -0.5004 -0.4670 0.7291
vn -0.0123 -0.7869 0.6169
vn 0.5572 -0.6594 0.5047
vn 0.8745 -0.1591 0.4582
vn 0.7538 0.4208 0.5047
vn 0.0729 -0.0133 0.9972
vn 0.2010 -0.0366 0.9789
v -14.729385 -3.074311 4.777575
v -14.671651 -3.111611 4.773061
v -14.657175 -3.178930 4.771192
v -14.694438 -3.236834 4.773061
v -14.761610 -3.251404 4.777575
v -14.819345 -3.214105 4.782089
v -14.833821 -3.146786 4.783958
v -14.796558 -3.088881 4.782089
v -14.770966 -3.066745 4.183206
v -14.713074 -3.104074 4.183105
v -14.698532 -3.171404 4.183064
v -14.735860 -3.229297 4.183105
v -14.803191 -3.243838 4.183206
v -14.861083 -3.206510 4.183307
v -14.875624 -3.139179 4.183349
v -14.838296 -3.081286 4.183307
v -14.731459 -3.073934 3.592005
v -14.674165 -3.111153 3.600782
v -14.659872 -3.178439 3.604419
v -14.696952 -3.236376 3.600782
v -14.763684 -3.251027 3.592005
v -14.820978 -3.213808 3.583227
v -14.835271 -3.146522 3.579592
v -14.798191 -3.088584 3.583227
v -14.611838 -3.095702 3.018528
v -14.556408 -3.132581 3.036197
v -14.542886 -3.199727 3.043516
v -14.579195 -3.257804 3.036197
v -14.644064 -3.272794 3.018528
v -14.699494 -3.235914 3.000859
v -14.713016 -3.168768 2.993541
v -14.676707 -3.110691 3.000859
v -14.415049 -3.131511 2.476897
v -14.362823 -3.167808 2.503350
v -14.350628 -3.234712 2.514307
v -14.385609 -3.293031 2.503350
v -14.447274 -3.308604 2.476897
v -14.499501 -3.272306 2.450444
v -14.511696 -3.205402 2.439487
v -14.476715 -3.147083 2.450444
v -14.145937 -3.180481 1.980449
v -14.098335 -3.215937 2.015404
v -14.088057 -3.282492 2.029883
v -14.121122 -3.341160 2.015404
v -14.178163 -3.357574 1.980449
v -14.225764 -3.322118 1.945494
v -14.236043 -3.255563 1.931015
v -14.202978 -3.196895 1.945494
v -13.811130 -3.241406 1.541407
v -13.769633 -3.275751 1.584342
v -13.761883 -3.341846 1.602126
v -13.792419 -3.400974 1.584342
v -13.843355 -3.418499 1.541407
v -13.884851 -3.384154 1.498473
v -13.892601 -3.318059 1.480689
v -13.862064 -3.258931 1.498473
v -13.418869 -3.312786 1.170583
v -13.384956 -3.345750 1.220665
v -13.380348 -3.411273 1.241409
v -13.407743 -3.470973 1.220665
v -13.451094 -3.489878 1.170583
v -13.485006 -3.456913 1.120501
v -13.489614 -3.391390 1.099756
v -13.462219 -3.331690 1.120501
v -12.978815 -3.392862 0.877106
v -12.953860 -3.424196 0.933145
v -12.952963 -3.489045 0.956357
v -12.976647 -3.549419 0.933145
v -13.011040 -3.569954 0.877106
v -13.035995 -3.538620 0.821068
v -13.036892 -3.473772 0.797856
v -13.013208 -3.413397 0.821068
v -12.501802 -3.479663 0.668205
v -12.486939 -3.509162 0.728652
v -12.490222 -3.573249 0.753690
v -12.509727 -3.634385 0.728652
v -12.534028 -3.656756 0.668205
v -12.548891 -3.627258 0.607758
v -12.545609 -3.563170 0.582720
v -12.526104 -3.502035 0.607758
v -11.999578 -3.571053 0.549022
v -11.995561 -3.598577 0.612039
v -12.003335 -3.661848 0.638141
v -12.018348 -3.723801 0.612039
v -12.031804 -3.748146 0.549022
v -12.035822 -3.720621 0.486005
v -12.028048 -3.657351 0.459902
v -12.013035 -3.595398 0.486005
v -11.484509 -3.664780 0.522492
v -11.491612 -3.690281 0.586085
v -11.503994 -3.752713 0.612426
v -11.514400 -3.815504 0.586085
v -11.516734 -3.841873 0.522492
v -11.509630 -3.816372 0.458898
v -11.497249 -3.753941 0.432557
v -11.486843 -3.691149 0.458898
v -10.969275 -3.758537 0.589268
v -10.987276 -3.782055 0.651459
v -11.004170 -3.843666 0.677220
v -11.010063 -3.907278 0.651459
v -11.001501 -3.935629 0.589268
v -10.983500 -3.912112 0.527077
v -10.966605 -3.850501 0.501316
v -10.960713 -3.786889 0.527077
v -10.466565 -3.850015 0.747706
v -10.494795 -3.871672 0.806689
v -10.515926 -3.932511 0.831121
v -10.517582 -3.996895 0.806689
v -10.498791 -4.027108 0.747706
v -10.470561 -4.005451 0.688724
v -10.449430 -3.944611 0.664292
v -10.447774 -3.880228 0.688724
v -9.988758 -3.936961 0.993906
v -10.026219 -3.956938 1.048150
v -10.051175 -4.017081 1.070619
v -10.049006 -4.082161 1.048150
v -10.020983 -4.114054 0.993906
v -9.983521 -4.094077 0.939661
v -9.958566 -4.033934 0.917193
v -9.960734 -3.968854 0.939661
v -9.547617 -4.017235 1.321804
v -9.593116 -4.035749 1.370094
v -9.621401 -4.095287 1.390097
v -9.615902 -4.160973 1.370094
v -9.579843 -4.194328 1.321804
v -9.534344 -4.175814 1.273513
v -9.506059 -4.116276 1.253511
v -9.511557 -4.050591 1.273513
v -9.154006 -4.088861 1.723326
v -9.206262 -4.106145 1.764745
v -9.237345 -4.165174 1.781901
v -9.229048 -4.231369 1.764745
v -9.186232 -4.265954 1.723326
v -9.133976 -4.248669 1.681908
v -9.102892 -4.189640 1.664752
v -9.111189 -4.123446 1.681908
v -8.817616 -4.150074 2.188587
v -8.875339 -4.166363 2.222463
v -8.908687 -4.224979 2.236496
v -8.898126 -4.291586 2.222463
v -8.849842 -4.327166 2.188587
v -8.792119 -4.310876 2.154710
v -8.758771 -4.252260 2.140678
v -8.769333 -4.185653 2.154710
v -8.546731 -4.199366 2.706129
v -8.608662 -4.214890 2.731984
v -8.643753 -4.273190 2.742693
v -8.631449 -4.340113 2.731984
v -8.578957 -4.376459 2.706129
v -8.517026 -4.360935 2.680274
v -8.481936 -4.302635 2.669564
v -8.494240 -4.235712 2.680274
v -8.348021 -4.235526 3.263209
v -8.412941 -4.250505 3.280699
v -8.449270 -4.308579 3.287944
v -8.435727 -4.375729 3.280699
v -8.380246 -4.412618 3.263209
v -8.315327 -4.397638 3.245719
v -8.278997 -4.339564 3.238474
v -8.292540 -4.272415 3.245719
v -8.226378 -4.257661 3.846110
v -8.292346 -4.272450 3.859315
v -8.329110 -4.330445 3.864784
v -8.315133 -4.397673 3.859315
v -8.258604 -4.434753 3.846110
v -8.192636 -4.419964 3.832905
v -8.155872 -4.361969 3.827435
v -8.169849 -4.294741 3.832905
v -14.745499 -3.162858 4.777575
v -8.242491 -4.346207 3.846110
vn 0.1830 0.7559 0.6286
vn 0.6811 0.4341 0.5896
vn 0.8060 -0.1467 0.5734
vn 0.4845 -0.6462 0.5896
vn -0.0950 -0.7719 0.6286
vn -0.5931 -0.4501 0.6676
vn -0.7180 0.1307 0.6836
vn -0.3966 0.6302 0.6675
vn 0.1624 0.9867 -0.0000
vn 0.8153 0.5791 -0.0012
vn 0.9838 -0.1790 -0.0017
vn 0.5590 -0.8292 -0.0012
vn -0.1956 -0.9807 -0.0000
vn -0.8289 -0.5594 0.0010
vn -0.9838 0.1790 0.0014
vn -0.5787 0.8156 0.0010
vn 0.1623 0.9867 -0.0024
vn 0.8086 0.5804 0.0963
vn 0.9744 -0.1773 0.1379
vn 0.5523 -0.8281 0.0963
vn -0.1957 -0.9807 -0.0024
vn -0.8223 -0.5605 -0.0987
vn -0.9744 0.1773 -0.1379
vn -0.5721 0.8142 -0.0987
vn 0.1623 0.9867 -0.0049
vn 0.7880 0.5844 0.1938
vn 0.9452 -0.1720 0.2776
vn 0.5316 -0.8245 0.1938
vn -0.1957 -0.9807 -0.0049
vn -0.8015 -0.5640 -0.1987
vn -0.9452 0.1720 -0.2777
vn -0.5514 0.8102 -0.1987
vn 0.1627 0.9866 -0.0076
vn 0.7526 0.5912 0.2900
vn 0.8948 -0.1628 0.4156
vn 0.4961 -0.8184 0.2900
vn -0.1953 -0.9807 -0.0076
vn -0.7657 -0.5702 -0.2976
vn -0.8948 0.1628 -0.4157
vn -0.5157 0.8034 -0.2976
vn 0.1634 0.9865 -0.0104
vn 0.7017 0.6008 0.3830
vn 0.8222 -0.1496 0.5492
vn 0.4450 -0.8095 0.3830
vn -0.1946 -0.9808 -0.0104
vn -0.7138 -0.5793 -0.3935
vn -0.8221 0.1496 -0.5493
vn -0.4640 0.7936 -0.3935
vn 0.1647 0.9863 -0.0133
vn 0.6345 0.6134 0.4702
vn 0.7262 -0.1321 0.6746
vn 0.3778 -0.7976 0.4702
vn -0.1933 -0.9810 -0.0133
vn -0.6453 -0.5914 -0.4836
vn -0.7262 0.1322 -0.6747
vn -0.3956 0.7808 -0.4835
vn 0.1665 0.9859 -0.0161
vn 0.5513 0.6290 0.5481
vn 0.6071 -0.1105 0.7869
vn 0.2944 -0.7829 0.5481
vn -0.1914 -0.9814 -0.0161
vn -0.5601 -0.6065 -0.5643
vn -0.6070 0.1105 -0.7870
vn -0.3105 0.7649 -0.5643
vn 0.1691 0.9854 -0.0186
vn 0.4532 0.6472 0.6130
vn 0.4663 -0.0849 0.8805
vn 0.1961 -0.7653 0.6130
vn -0.1889 -0.9818 -0.0186
vn -0.4592 -0.6246 -0.6317
vn -0.4663 0.0848 -0.8806
vn -0.2098 0.7463 -0.6317
vn 0.1723 0.9848 -0.0205
vn 0.3427 0.6675 0.6611
vn 0.3077 -0.0560 0.9498
vn 0.0856 -0.7454 0.6611
vn -0.1856 -0.9824 -0.0205
vn -0.3455 -0.6450 -0.6816
vn -0.3077 0.0560 -0.9498
vn -0.0961 0.7254 -0.6816
vn 0.1760 0.9842 -0.0215
vn 0.2241 0.6892 0.6891
vn 0.1373 -0.0250 0.9902
vn -0.0330 -0.7239 0.6891
vn -0.1820 -0.9831 -0.0215
vn -0.2232 -0.6672 -0.7106
vn -0.1373 0.0250 -0.9902
vn 0.0261 0.7031 -0.7106
vn 0.1798 0.9835 -0.0216
vn 0.1025 0.7112 0.6955
vn -0.0375 0.0068 0.9993
vn -0.1546 -0.7017 0.6955
vn -0.1782 -0.9838 -0.0216
vn -0.0978 -0.6901 -0.7171
vn 0.0375 -0.0068 -0.9993
vn 0.1516 0.6803 -0.7171
vn 0.1834 0.9828 -0.0207
vn -0.0168 0.7327 0.6804
vn -0.2087 0.0380 0.9772
vn -0.2738 -0.6798 0.6804
vn -0.1746 -0.9844 -0.0207
vn 0.0250 -0.7127 -0.7011
vn 0.2087 -0.0380 -0.9772
vn 0.2744 0.6582 -0.7011
vn 0.1866 0.9823 -0.0190
vn -0.1289 0.7527 0.6456
vn -0.3695 0.0672 0.9268
vn -0.3858 -0.6591 0.6456
vn -0.1714 -0.9850 -0.0190
vn 0.1401 -0.7339 -0.6646
vn 0.3694 -0.0672 -0.9268
vn 0.3897 0.6375 -0.6646
vn 0.1891 0.9818 -0.0168
vn -0.2302 0.7708 0.5940
vn -0.5145 0.0936 0.8523
vn -0.4870 -0.6403 0.5941
vn -0.1688 -0.9855 -0.0168
vn 0.2439 -0.7532 -0.6109
vn 0.5145 -0.0936 -0.8524
vn 0.4936 0.6190 -0.6109
vn 0.1911 0.9815 -0.0144
vn -0.3186 0.7864 0.5292
vn -0.6408 0.1166 0.7588
vn -0.5752 -0.6238 0.5292
vn -0.1669 -0.9859 -0.0144
vn 0.3341 -0.7700 -0.5436
vn 0.6408 -0.1166 -0.7588
vn 0.5839 0.6029 -0.5436
vn 0.1926 0.9812 -0.0119
vn -0.3930 0.7996 0.4541
vn -0.7470 0.1359 0.6508
vn -0.6494 -0.6099 0.4541
vn -0.1654 -0.9862 -0.0119
vn 0.4098 -0.7841 -0.4660
vn 0.7469 -0.1359 -0.6508
vn 0.6598 0.5895 -0.4660
vn 0.1937 0.9810 -0.0094
vn -0.4532 0.8103 0.3716
vn -0.8329 0.1516 0.5323
vn -0.7096 -0.5986 0.3716
vn -0.1643 -0.9864 -0.0094
vn 0.4711 -0.7956 -0.3810
vn 0.8329 -0.1516 -0.5323
vn 0.7211 0.5786 -0.3810
vn 0.1944 0.9809 -0.0070
vn -0.4996 0.8185 0.2837
vn -0.8990 0.1636 0.4063
vn -0.7559 -0.5900 0.2837
vn -0.1636 -0.9865 -0.0070
vn 0.5182 -0.8044 -0.2907
vn 0.8990 -0.1636 -0.4063
vn 0.7683 0.5703 -0.2907
vn 0.1950 0.9808 -0.0047
vn -0.5326 0.8243 0.1919
vn -0.9460 0.1721 0.2747
vn -0.7888 -0.5839 0.1919
vn -0.1630 -0.9866 -0.0047
vn 0.5515 -0.8106 -0.1967
vn 0.9459 -0.1721 -0.2750
vn 0.8017 0.5644 -0.1967
vn 0.2676 0.7405 0.6165
vn -0.3015 0.6129 0.7304
vn -0.6187 0.1126 0.7775
vn -0.4981 -0.4674 0.7304
vn -0.0104 -0.7873 0.6165
vn 0.5588 -0.6597 0.5026
vn 0.8759 -0.1594 0.4553
vn 0.7554 0.4205 0.5026
vn 0.0698 -0.0127 0.9975
vn 0.2041 -0.0371 0.9782
v -14.561865 -1.630984 4.790763
v -14.504122 -1.668285 4.786373
v -14.489643 -1.735605 4.784554
v -14.526909 -1.793508 4.786373
v -14.594090 -1.808076 4.790763
v -14.651833 -1.770775 4.795153
v -14.666312 -1.703456 4.796971
v -14.629045 -1.645553 4.795153
v -14.602311 -1.623624 4.196232
v -14.544419 -1.660952 4.196375
v -14.529878 -1.728283 4.196434
v -14.567205 -1.786175 4.196375
v -14.634537 -1.800716 4.196232
v -14.692429 -1.763388 4.196089
v -14.706969 -1.696057 4.196030
v -14.669641 -1.638166 4.196089
v -14.559431 -1.631427 3.604548
v -14.502203 -1.668634 3.613791
v -14.487938 -1.735915 3.617619
v -14.524990 -1.793857 3.613791
v -14.591657 -1.808519 3.604548
v -14.648885 -1.771312 3.595304
v -14.663151 -1.704031 3.591476
v -14.626099 -1.646089 3.595304
v -14.434282 -1.654200 3.030279
v -14.379036 -1.691047 3.048583
v -14.365591 -1.758178 3.056165
v -14.401823 -1.816270 3.048583
v -14.466507 -1.831292 3.030279
v -14.521753 -1.794446 3.011975
v -14.535199 -1.727314 3.004393
v -14.498967 -1.669223 3.011975
v -14.229944 -1.691384 2.487567
v -14.178050 -1.727620 2.514747
v -14.165993 -1.794499 2.526005
v -14.200836 -1.852843 2.514747
v -14.262169 -1.868476 2.487567
v -14.314064 -1.832239 2.460387
v -14.326120 -1.765360 2.449129
v -14.291277 -1.707016 2.460387
v -13.951449 -1.742061 1.989774
v -13.904324 -1.777430 2.025455
v -13.894242 -1.843949 2.040234
v -13.927111 -1.902653 2.025455
v -13.983675 -1.919153 1.989774
v -14.030800 -1.883784 1.954094
v -14.040882 -1.817265 1.939315
v -14.008014 -1.758562 1.954094
v -13.605656 -1.804986 1.549159
v -13.564733 -1.839225 1.592724
v -13.557220 -1.905277 1.610769
v -13.587520 -1.964448 1.592724
v -13.637880 -1.982078 1.549159
v -13.678802 -1.947837 1.505594
v -13.686315 -1.881786 1.487549
v -13.656015 -1.822615 1.505594
v -13.201076 -1.878606 1.176570
v -13.167750 -1.911464 1.227114
v -13.163385 -1.976943 1.248050
v -13.190537 -2.036686 1.227114
v -13.233301 -2.055699 1.176570
v -13.266626 -2.022841 1.126026
v -13.270991 -1.957362 1.105090
v -13.243839 -1.897618 1.126026
v -12.747674 -1.961112 0.881182
v -12.723208 -1.992357 0.937485
v -12.722513 -2.057168 0.960807
v -12.745996 -2.117580 0.937485
v -12.779900 -2.138204 0.881182
v -12.804364 -2.106958 0.824879
v -12.805059 -2.042147 0.801557
v -12.781578 -1.981736 0.824879
v -12.256613 -2.050470 0.670268
v -12.242032 -2.079917 0.730808
v -12.245431 -2.143982 0.755885
v -12.264818 -2.205140 0.730808
v -12.288838 -2.227562 0.670268
v -12.303420 -2.198115 0.609727
v -12.300021 -2.134049 0.584651
v -12.280633 -2.072892 0.609727
v -11.739985 -2.144480 0.549022
v -11.735968 -2.172005 0.612039
v -11.743742 -2.235274 0.638141
v -11.758755 -2.297227 0.612039
v -11.772211 -2.321572 0.549022
v -11.776229 -2.294048 0.486005
v -11.768455 -2.230778 0.459902
v -11.753442 -2.168825 0.486005
v -11.210512 -2.240828 0.520428
v -11.217320 -2.266383 0.584033
v -11.229579 -2.328837 0.610378
v -11.240107 -2.391606 0.584033
v -11.242738 -2.417920 0.520428
v -11.235929 -2.392366 0.456824
v -11.223671 -2.329912 0.430479
v -11.213143 -2.267143 0.456824
v -10.681231 -2.337142 0.585193
v -10.698689 -2.360758 0.647501
v -10.715360 -2.422409 0.673310
v -10.721476 -2.485981 0.647501
v -10.713456 -2.514234 0.585193
v -10.695997 -2.490617 0.522884
v -10.679326 -2.428966 0.497075
v -10.673210 -2.365394 0.522884
v -10.165173 -2.431048 0.741719
v -10.192713 -2.452830 0.800981
v -10.213558 -2.513721 0.825528
v -10.215499 -2.578053 0.800981
v -10.197398 -2.608140 0.741719
v -10.169858 -2.586359 0.682457
v -10.149013 -2.525467 0.657910
v -10.147072 -2.461136 0.682457
v -9.675046 -2.520236 0.986154
v -9.711784 -2.540345 1.040842
v -9.736441 -2.600543 1.063495
v -9.734571 -2.665567 1.040842
v -9.707272 -2.697329 0.986154
v -9.670533 -2.677220 0.931466
v -9.645877 -2.617023 0.908813
v -9.647746 -2.551997 0.931466
v -9.222919 -2.602510 1.312478
v -9.267763 -2.621143 1.361332
v -9.295776 -2.680730 1.381568
v -9.290550 -2.746366 1.361332
v -9.255144 -2.779602 1.312478
v -9.210300 -2.760969 1.263624
v -9.182287 -2.701381 1.243389
v -9.187513 -2.635746 1.263624
v -8.819925 -2.675843 1.712657
v -8.871663 -2.693221 1.754681
v -8.902533 -2.752288 1.772088
v -8.894450 -2.818444 1.754681
v -8.852150 -2.852935 1.712657
v -8.800412 -2.835556 1.670633
v -8.769543 -2.776488 1.653226
v -8.777626 -2.710333 1.670633
v -8.475986 -2.738429 2.176836
v -8.533360 -2.754782 2.211272
v -8.566563 -2.813425 2.225535
v -8.556147 -2.880005 2.211272
v -8.508211 -2.915521 2.176836
v -8.450839 -2.899168 2.142401
v -8.417636 -2.840525 2.128137
v -8.428053 -2.773945 2.142401
v -8.199573 -2.788728 2.693586
v -8.261313 -2.804286 2.719870
v -8.296327 -2.862599 2.730757
v -8.284101 -2.929509 2.719870
v -8.231798 -2.965820 2.693586
v -8.170057 -2.950261 2.667302
v -8.135044 -2.891948 2.656415
v -8.147270 -2.825038 2.667302
v -7.997490 -2.825501 3.250183
v -8.062344 -2.840493 3.267908
v -8.098645 -2.898571 3.275250
v -8.085130 -2.965715 3.267908
v -8.029715 -3.002593 3.250183
v -7.964862 -2.987601 3.232459
v -7.928560 -2.929522 3.225117
v -7.942075 -2.862378 3.232459
v -7.874713 -2.847842 3.832922
v -7.940656 -2.862636 3.846248
v -7.977409 -2.920632 3.851768
v -7.963443 -2.987859 3.846248
v -7.906939 -3.024934 3.832922
v -7.840996 -3.010140 3.819596
v -7.804243 -2.952144 3.814076
v -7.818209 -2.884918 3.819596
v -14.577977 -1.719530 4.790763
v -7.890826 -2.936388 3.832922
vn 0.1818 0.7561 0.6287
vn 0.6800 0.4343 0.5908
vn 0.8049 -0.1465 0.5750
vn 0.4834 -0.6460 0.5908
vn -0.0962 -0.7717 0.6287
vn -0.5944 -0.4498 0.6666
vn -0.7194 0.1309 0.6822
vn -0.3979 0.6304 0.6666
vn 0.1619 0.9868 -0.0001
vn 0.8151 0.5794 0.0015
vn 0.9838 -0.1790 0.0021
vn 0.5587 -0.8293 0.0015
vn -0.1961 -0.9806 -0.0001
vn -0.8291 -0.5592 -0.0017
vn -0.9838 0.1790 -0.0024
vn -0.5789 0.8154 -0.0017
vn 0.1619 0.9868 -0.0026
vn 0.8077 0.5808 0.1014
vn 0.9734 -0.1771 0.1452
vn 0.5514 -0.8281 0.1014
vn -0.1961 -0.9806 -0.0026
vn -0.8217 -0.5604 -0.1040
vn -0.9734 0.1771 -0.1453
vn -0.5716 0.8139 -0.1040
vn 0.1621 0.9868 -0.0052
vn 0.7858 0.5850 0.2007
vn 0.9423 -0.1715 0.2876
vn 0.5294 -0.8243 0.2007
vn -0.1959 -0.9806 -0.0052
vn -0.7995 -0.5642 -0.2059
vn -0.9423 0.1715 -0.2876
vn -0.5495 0.8097 -0.2059
vn 0.1626 0.9867 -0.0079
vn 0.7489 0.5919 0.2979
vn 0.8896 -0.1619 0.4271
vn 0.4924 -0.8178 0.2979
vn -0.1954 -0.9807 -0.0079
vn -0.7620 -0.5708 -0.3058
vn -0.8896 0.1619 -0.4271
vn -0.5121 0.8026 -0.3059
vn 0.1635 0.9865 -0.0107
vn 0.6964 0.6018 0.3910
vn 0.8147 -0.1482 0.5606
vn 0.4398 -0.8085 0.3910
vn -0.1945 -0.9808 -0.0107
vn -0.7085 -0.5803 -0.4017
vn -0.8147 0.1482 -0.5607
vn -0.4587 0.7926 -0.4017
vn 0.1649 0.9862 -0.0135
vn 0.6283 0.6145 0.4771
vn 0.7172 -0.1305 0.6845
vn 0.3715 -0.7964 0.4771
vn -0.1931 -0.9811 -0.0134
vn -0.6388 -0.5926 -0.4906
vn -0.7172 0.1305 -0.6846
vn -0.3891 0.7797 -0.4906
vn 0.1669 0.9858 -0.0161
vn 0.5449 0.6300 0.5533
vn 0.5978 -0.1088 0.7942
vn 0.2881 -0.7816 0.5533
vn -0.1911 -0.9814 -0.0161
vn -0.5534 -0.6079 -0.5694
vn -0.5978 0.1088 -0.7942
vn -0.3038 0.7639 -0.5694
vn 0.1695 0.9854 -0.0183
vn 0.4479 0.6479 0.6162
vn 0.4586 -0.0835 0.8847
vn 0.1909 -0.7641 0.6162
vn -0.1885 -0.9819 -0.0183
vn -0.4536 -0.6258 -0.6345
vn -0.4586 0.0835 -0.8847
vn -0.2041 0.7455 -0.6345
vn 0.1726 0.9848 -0.0200
vn 0.3397 0.6678 0.6624
vn 0.3033 -0.0552 0.9513
vn 0.0827 -0.7446 0.6624
vn -0.1854 -0.9825 -0.0200
vn -0.3423 -0.6459 -0.6824
vn -0.3033 0.0552 -0.9513
vn -0.0928 0.7251 -0.6824
vn 0.1761 0.9842 -0.0210
vn 0.2241 0.6889 0.6894
vn 0.1373 -0.0250 0.9902
vn -0.0329 -0.7236 0.6894
vn -0.1819 -0.9831 -0.0210
vn -0.2232 -0.6675 -0.7104
vn -0.1373 0.0250 -0.9902
vn 0.0262 0.7033 -0.7104
vn 0.1797 0.9835 -0.0210
vn 0.1056 0.7103 0.6959
vn -0.0328 0.0060 0.9994
vn -0.1514 -0.7020 0.6959
vn -0.1783 -0.9838 -0.0210
vn -0.1012 -0.6898 -0.7169
vn 0.0328 -0.0060 -0.9994
vn 0.1483 0.6812 -0.7169
vn 0.1831 0.9829 -0.0203
vn -0.0110 0.7314 0.6819
vn -0.2002 0.0364 0.9791
vn -0.2679 -0.6806 0.6819
vn -0.1748 -0.9844 -0.0203
vn 0.0188 -0.7118 -0.7022
vn 0.2002 -0.0364 -0.9791
vn 0.2683 0.6595 -0.7022
vn 0.1862 0.9823 -0.0188
vn -0.1214 0.7512 0.6488
vn -0.3586 0.0653 0.9312
vn -0.3783 -0.6603 0.6488
vn -0.1717 -0.9850 -0.0188
vn 0.1323 -0.7327 -0.6676
vn 0.3586 -0.0652 -0.9312
vn 0.3819 0.6391 -0.6676
vn 0.1889 0.9819 -0.0169
vn -0.2223 0.7693 0.5990
vn -0.5032 0.0916 0.8593
vn -0.4791 -0.6417 0.5990
vn -0.1691 -0.9855 -0.0169
vn 0.2357 -0.7518 -0.6159
vn 0.5031 -0.0916 -0.8594
vn 0.4854 0.6205 -0.6159
vn 0.1910 0.9815 -0.0146
vn -0.3114 0.7852 0.5353
vn -0.6305 0.1147 0.7676
vn -0.5680 -0.6252 0.5353
vn -0.1670 -0.9858 -0.0146
vn 0.3268 -0.7686 -0.5499
vn 0.6305 -0.1147 -0.7677
vn 0.5766 0.6043 -0.5499
vn 0.1926 0.9812 -0.0122
vn -0.3872 0.7987 0.4607
vn -0.7388 0.1345 0.6603
vn -0.6437 -0.6111 0.4607
vn -0.1654 -0.9862 -0.0122
vn 0.4041 -0.7830 -0.4729
vn 0.7388 -0.1344 -0.6604
vn 0.6540 0.5905 -0.4729
vn 0.1939 0.9810 -0.0097
vn -0.4492 0.8097 0.3776
vn -0.8274 0.1506 0.5411
vn -0.7057 -0.5995 0.3776
vn -0.1641 -0.9864 -0.0097
vn 0.4673 -0.7947 -0.3874
vn 0.8274 -0.1506 -0.5411
vn 0.7173 0.5792 -0.3874
vn 0.1948 0.9808 -0.0073
vn -0.4973 0.8183 0.2883
vn -0.8960 0.1630 0.4130
vn -0.7537 -0.5906 0.2883
vn -0.1632 -0.9866 -0.0073
vn 0.5162 -0.8038 -0.2956
vn 0.8960 -0.1630 -0.4130
vn 0.7663 0.5704 -0.2956
vn 0.1954 0.9807 -0.0049
vn -0.5316 0.8244 0.1944
vn -0.9450 0.1720 0.2784
vn -0.7879 -0.5843 0.1944
vn -0.1626 -0.9867 -0.0049
vn 0.5510 -0.8103 -0.1994
vn 0.9449 -0.1719 -0.2787
vn 0.8012 0.5642 -0.1994
vn 0.2688 0.7402 0.6163
vn -0.3001 0.6126 0.7312
vn -0.6172 0.1123 0.7787
vn -0.4967 -0.4676 0.7312
vn -0.0092 -0.7875 0.6163
vn 0.5598 -0.6599 0.5012
vn 0.8768 -0.1596 0.4536
vn 0.7563 0.4204 0.5012
vn 0.0679 -0.0124 0.9976
vn 0.2060 -0.0375 0.9778
v -14.349188 -0.195873 4.797483
v -14.291441 -0.233175 4.793156
v -14.276959 -0.300495 4.791364
v -14.314227 -0.358398 4.793156
v -14.381413 -0.372965 4.797483
v -14.439159 -0.335664 4.801810
v -14.453642 -0.268344 4.803603
v -14.416373 -0.210441 4.801810
v -14.389056 -0.188619 4.202869
v -14.331164 -0.225946 4.203136
v -14.316624 -0.293277 4.203247
v -14.353951 -0.351169 4.203136
v -14.421282 -0.365710 4.202869
v -14.479174 -0.328383 4.202602
v -14.493714 -0.261052 4.202492
v -14.456387 -0.203160 4.202602
v -14.344459 -0.196734 3.610939
v -14.287264 -0.233935 3.620418
v -14.273012 -0.301213 3.624344
v -14.310051 -0.359158 3.620418
v -14.376683 -0.373826 3.610939
v -14.433877 -0.336625 3.601460
v -14.448130 -0.269347 3.597533
v -14.411091 -0.211402 3.601460
v -14.216492 -0.220020 3.036267
v -14.161341 -0.256849 3.054891
v -14.147935 -0.323973 3.062606
v -14.184128 -0.382072 3.054891
v -14.248716 -0.397112 3.036267
v -14.303867 -0.360283 3.017642
v -14.317273 -0.293159 3.009928
v -14.281080 -0.235060 3.017642
v -14.008307 -0.257903 2.493004
v -13.956583 -0.294109 2.520548
v -13.944597 -0.360975 2.531957
v -13.979370 -0.419332 2.520548
v -14.040532 -0.434995 2.493004
v -14.092257 -0.398790 2.465459
v -14.104242 -0.331924 2.454050
v -14.069469 -0.273567 2.465459
v -13.725031 -0.309451 1.994526
v -13.678147 -0.344776 2.030567
v -13.668165 -0.411277 2.045495
v -13.700933 -0.469999 2.030567
v -13.757256 -0.486543 1.994526
v -13.804140 -0.451218 1.958485
v -13.814121 -0.384717 1.943557
v -13.781353 -0.325995 1.958485
v -13.373638 -0.373394 1.553109
v -13.333005 -0.407581 1.596984
v -13.325612 -0.473611 1.615157
v -13.355791 -0.532804 1.596984
v -13.405864 -0.550485 1.553109
v -13.446497 -0.516298 1.509234
v -13.453890 -0.450268 1.491061
v -13.423711 -0.391075 1.509234
v -12.962782 -0.448157 1.179621
v -12.929749 -0.480961 1.230390
v -12.925505 -0.546418 1.251420
v -12.952536 -0.606184 1.230390
v -12.995008 -0.625249 1.179621
v -13.028041 -0.592444 1.128851
v -13.032286 -0.526988 1.107822
v -13.005255 -0.467222 1.128851
v -12.502579 -0.531900 0.883258
v -12.478354 -0.563102 0.939690
v -12.477758 -0.627894 0.963065
v -12.501141 -0.688324 0.939690
v -12.534803 -0.708992 0.883258
v -12.559029 -0.677791 0.826827
v -12.559624 -0.612998 0.803452
v -12.536242 -0.552568 0.826827
v -12.004359 -0.622561 0.671319
v -11.989917 -0.651982 0.731905
v -11.993372 -0.716038 0.757000
v -12.012703 -0.777205 0.731905
v -12.036585 -0.799653 0.671319
v -12.051028 -0.770231 0.610733
v -12.047572 -0.706175 0.585638
v -12.028241 -0.645008 0.610733
v -11.480392 -0.717907 0.549022
v -11.476376 -0.745431 0.612039
v -11.484150 -0.808701 0.638141
v -11.499162 -0.870654 0.612039
v -11.512618 -0.894998 0.549022
v -11.516636 -0.867474 0.486005
v -11.508862 -0.804204 0.459902
v -11.493849 -0.742251 0.486005
v -10.943581 -0.815590 0.519377
v -10.950243 -0.841171 0.582986
v -10.962441 -0.903636 0.609334
v -10.973030 -0.966394 0.582986
v -10.975805 -0.992682 0.519377
v -10.969143 -0.967102 0.455768
v -10.956944 -0.904636 0.429421
v -10.946356 -0.841879 0.455768
v -10.407140 -0.913206 0.583116
v -10.424332 -0.936871 0.645480
v -10.440892 -0.998542 0.671312
v -10.447119 -1.062094 0.645480
v -10.439365 -1.090298 0.583116
v -10.422173 -1.066633 0.520752
v -10.405613 -1.004962 0.494920
v -10.399385 -0.941410 0.520752
v -9.884280 -1.008351 0.738668
v -9.911478 -1.030195 0.798065
v -9.932182 -1.091112 0.822668
v -9.934265 -1.155418 0.798065
v -9.916506 -1.185442 0.738668
v -9.889308 -1.163599 0.679272
v -9.868604 -1.102681 0.654669
v -9.866521 -1.038375 0.679272
v -9.387877 -1.098681 0.982204
v -9.424253 -1.118855 1.037109
v -9.448760 -1.179080 1.059852
v -9.447041 -1.244078 1.037109
v -9.420102 -1.275773 0.982204
v -9.383725 -1.255599 0.927299
v -9.359219 -1.195374 0.904556
v -9.360938 -1.130376 0.927299
v -8.930152 -1.181973 1.307727
v -8.974666 -1.200666 1.356858
v -9.002542 -1.260278 1.377210
v -8.997452 -1.325889 1.356858
v -8.962378 -1.359065 1.307727
v -8.917864 -1.340372 1.258594
v -8.889986 -1.280760 1.238243
v -8.895077 -1.215149 1.258594
v -8.522377 -1.256176 1.707220
v -8.573852 -1.273602 1.749546
v -8.604612 -1.332689 1.767078
v -8.596639 -1.398825 1.749546
v -8.554602 -1.433267 1.707220
v -8.503126 -1.415841 1.664894
v -8.472366 -1.356754 1.647362
v -8.480340 -1.290618 1.664894
v -8.174591 -1.319462 2.170849
v -8.231785 -1.335848 2.205565
v -8.264915 -1.394504 2.219945
v -8.254572 -1.461071 2.205565
v -8.206817 -1.496554 2.170849
v -8.149623 -1.480168 2.136132
v -8.116493 -1.421512 2.121752
v -8.126837 -1.354945 2.136132
v -7.895360 -1.370274 2.687195
v -7.957004 -1.385849 2.713696
v -7.991976 -1.444170 2.724673
v -7.979791 -1.511072 2.713696
v -7.927586 -1.547365 2.687195
v -7.865942 -1.531790 2.660694
v -7.830969 -1.473469 2.649717
v -7.843155 -1.406567 2.660694
v -7.691559 -1.407359 3.243546
v -7.756378 -1.422357 3.261389
v -7.792665 -1.480439 3.268780
v -7.779164 -1.547580 3.261389
v -7.723783 -1.584451 3.243546
v -7.658965 -1.569453 3.225703
v -7.622677 -1.511371 3.218312
v -7.636178 -1.444230 3.225703
v -7.568205 -1.429806 3.826202
v -7.634134 -1.444602 3.839590
v -7.670881 -1.502600 3.845135
v -7.656921 -1.569825 3.839590
v -7.600430 -1.606898 3.826202
v -7.534500 -1.592102 3.812814
v -7.497753 -1.534104 3.807269
v -7.511714 -1.466879 3.812814
v -14.365300 -0.284419 4.797483
v -7.584317 -1.518352 3.826202
vn 0.1812 0.7562 0.6288
vn 0.6794 0.4344 0.5914
vn 0.8044 -0.1463 0.5758
vn 0.4828 -0.6459 0.5914
vn -0.0968 -0.7715 0.6288
vn -0.5951 -0.4497 0.6661
vn -0.7200 0.1310 0.6815
vn -0.3985 0.6305 0.6661
vn 0.1617 0.9868 -0.0001
vn 0.8150 0.5795 0.0029
vn 0.9838 -0.1790 0.0040
vn 0.5586 -0.8294 0.0029
vn -0.1963 -0.9805 -0.0001
vn -0.8291 -0.5590 -0.0031
vn -0.9838 0.1790 -0.0044
vn -0.5791 0.8153 -0.0031
vn 0.1617 0.9868 -0.0027
vn 0.8072 0.5810 0.1040
vn 0.9729 -0.1770 0.1489
vn 0.5509 -0.8281 0.1040
vn -0.1963 -0.9805 -0.0027
vn -0.8214 -0.5603 -0.1066
vn -0.9729 0.1770 -0.1490
vn -0.5713 0.8138 -0.1066
vn 0.1619 0.9868 -0.0053
vn 0.7847 0.5852 0.2042
vn 0.9408 -0.1712 0.2926
vn 0.5283 -0.8242 0.2042
vn -0.1960 -0.9806 -0.0053
vn -0.7985 -0.5643 -0.2095
vn -0.9408 0.1712 -0.2927
vn -0.5485 0.8094 -0.2095
vn 0.1625 0.9867 -0.0080
vn 0.7470 0.5923 0.3019
vn 0.8869 -0.1614 0.4328
vn 0.4904 -0.8175 0.3019
vn -0.1954 -0.9807 -0.0080
vn -0.7601 -0.5711 -0.3100
vn -0.8869 0.1614 -0.4328
vn -0.5102 0.8023 -0.3100
vn 0.1636 0.9865 -0.0108
vn 0.6938 0.6023 0.3949
vn 0.8109 -0.1476 0.5663
vn 0.4371 -0.8081 0.3949
vn -0.1944 -0.9809 -0.0108
vn -0.7058 -0.5807 -0.4057
vn -0.8109 0.1476 -0.5663
vn -0.4560 0.7921 -0.4057
vn 0.1650 0.9862 -0.0135
vn 0.6251 0.6150 0.4806
vn 0.7127 -0.1297 0.6894
vn 0.3684 -0.7958 0.4805
vn -0.1929 -0.9811 -0.0135
vn -0.6356 -0.5933 -0.4941
vn -0.7126 0.1297 -0.6894
vn -0.3858 0.7791 -0.4941
vn 0.1671 0.9858 -0.0160
vn 0.5418 0.6305 0.5559
vn 0.5932 -0.1080 0.7978
vn 0.2849 -0.7809 0.5559
vn -0.1909 -0.9815 -0.0160
vn -0.5501 -0.6086 -0.5719
vn -0.5932 0.1079 -0.7978
vn -0.3004 0.7633 -0.5719
vn 0.1697 0.9853 -0.0182
vn 0.4453 0.6483 0.6177
vn 0.4548 -0.0828 0.8867
vn 0.1884 -0.7636 0.6177
vn -0.1883 -0.9819 -0.0182
vn -0.4509 -0.6264 -0.6359
vn -0.4548 0.0828 -0.8867
vn -0.2013 0.7451 -0.6359
vn 0.1727 0.9848 -0.0198
vn 0.3382 0.6679 0.6630
vn 0.3011 -0.0548 0.9520
vn 0.0812 -0.7442 0.6630
vn -0.1852 -0.9825 -0.0198
vn -0.3407 -0.6463 -0.6828
vn -0.3011 0.0548 -0.9520
vn -0.0912 0.7249 -0.6828
vn 0.1761 0.9842 -0.0207
vn 0.2241 0.6887 0.6896
vn 0.1373 -0.0250 0.9902
vn -0.0329 -0.7235 0.6895
vn -0.1819 -0.9831 -0.0207
vn -0.2232 -0.6677 -0.7102
vn -0.1373 0.0250 -0.9902
vn 0.0263 0.7035 -0.7102
vn 0.1796 0.9835 -0.0208
vn 0.1072 0.7099 0.6961
vn -0.0305 0.0056 0.9995
vn -0.1498 -0.7022 0.6961
vn -0.1784 -0.9837 -0.0208
vn -0.1029 -0.6896 -0.7169
vn 0.0305 -0.0056 -0.9995
vn 0.1467 0.6816 -0.7169
vn 0.1830 0.9829 -0.0201
vn -0.0081 0.7308 0.6826
vn -0.1960 0.0357 0.9800
vn -0.2650 -0.6811 0.6826
vn -0.1750 -0.9844 -0.0201
vn 0.0157 -0.7113 -0.7027
vn 0.1960 -0.0357 -0.9800
vn 0.2653 0.6602 -0.7027
vn 0.1861 0.9824 -0.0187
vn -0.1177 0.7505 0.6503
vn -0.3532 0.0643 0.9333
vn -0.3745 -0.6609 0.6503
vn -0.1719 -0.9849 -0.0187
vn 0.1284 -0.7320 -0.6691
vn 0.3532 -0.0643 -0.9333
vn 0.3780 0.6399 -0.6691
vn 0.1887 0.9819 -0.0169
vn -0.2184 0.7685 0.6014
vn -0.4975 0.0905 0.8627
vn -0.4751 -0.6423 0.6014
vn -0.1693 -0.9854 -0.0169
vn 0.2316 -0.7511 -0.6183
vn 0.4974 -0.0905 -0.8628
vn 0.4813 0.6213 -0.6183
vn 0.1909 0.9815 -0.0147
vn -0.3077 0.7845 0.5384
vn -0.6253 0.1138 0.7720
vn -0.5644 -0.6258 0.5384
vn -0.1671 -0.9858 -0.0147
vn 0.3230 -0.7680 -0.5531
vn 0.6253 -0.1138 -0.7720
vn 0.5729 0.6049 -0.5531
vn 0.1926 0.9812 -0.0123
vn -0.3843 0.7982 0.4639
vn -0.7347 0.1337 0.6651
vn -0.6408 -0.6117 0.4640
vn -0.1654 -0.9862 -0.0123
vn 0.4012 -0.7824 -0.4763
vn 0.7347 -0.1337 -0.6651
vn 0.6511 0.5909 -0.4763
vn 0.1939 0.9810 -0.0099
vn -0.4472 0.8094 0.3807
vn -0.8246 0.1500 0.5455
vn -0.7036 -0.6000 0.3807
vn -0.1641 -0.9864 -0.0099
vn 0.4653 -0.7943 -0.3906
vn 0.8246 -0.1500 -0.5455
vn 0.7153 0.5795 -0.3906
vn 0.1949 0.9808 -0.0074
vn -0.4961 0.8182 0.2906
vn -0.8945 0.1628 0.4164
vn -0.7525 -0.5909 0.2907
vn -0.1631 -0.9866 -0.0074
vn 0.5152 -0.8035 -0.2981
vn 0.8945 -0.1628 -0.4164
vn 0.7653 0.5705 -0.2981
vn 0.1956 0.9807 -0.0050
vn -0.5311 0.8244 0.1957
vn -0.9444 0.1718 0.2802
vn -0.7874 -0.5845 0.1957
vn -0.1624 -0.9867 -0.0050
vn 0.5508 -0.8101 -0.2008
vn 0.9443 -0.1718 -0.2806
vn 0.8009 0.5642 -0.2008
vn 0.2694 0.7401 0.6161
vn -0.2994 0.6125 0.7316
vn -0.6165 0.1122 0.7794
vn -0.4960 -0.4678 0.7316
vn -0.0086 -0.7876 0.6161
vn 0.5603 -0.6599 0.5006
vn 0.8773 -0.1596 0.4527
vn 0.7568 0.4203 0.5006
vn 0.0669 -0.0122 0.9977
vn 0.2070 -0.0377 0.9776
v -14.106581 1.233791 4.799916
v -14.048832 1.196489 4.795612
v -14.034350 1.129169 4.793829
v -14.071619 1.071266 4.795612
v -14.138806 1.056699 4.799916
v -14.196555 1.094001 4.804220
v -14.211037 1.161321 4.806004
v -14.173769 1.219224 4.804220
v -14.146240 1.241008 4.205272
v -14.088349 1.203680 4.205584
v -14.073809 1.136349 4.205713
v -14.111135 1.078457 4.205584
v -14.178466 1.063916 4.205272
v -14.236358 1.101244 4.204960
v -14.250898 1.168574 4.204832
v -14.213571 1.226467 4.204960
v -14.101021 1.232779 3.613253
v -14.043839 1.195581 3.622817
v -14.029593 1.128303 3.626779
v -14.066627 1.070358 3.622817
v -14.133245 1.055687 3.613253
v -14.190427 1.092885 3.603688
v -14.204673 1.160163 3.599726
v -14.167640 1.218108 3.603688
v -13.972034 1.209307 3.038435
v -13.916918 1.172485 3.057174
v -13.903526 1.105363 3.064937
v -13.939705 1.047262 3.057174
v -14.004259 1.032215 3.038435
v -14.059375 1.069038 3.019695
v -14.072765 1.136160 3.011932
v -14.036588 1.194261 3.019695
v -13.762457 1.171171 2.494972
v -13.710794 1.134977 2.522647
v -13.698833 1.068115 2.534110
v -13.733582 1.009754 2.522647
v -13.794682 0.994079 2.494972
v -13.846344 1.030273 2.467297
v -13.858304 1.097134 2.455834
v -13.823557 1.155496 2.467297
v -13.477449 1.119308 1.996247
v -13.430653 1.083999 2.032416
v -13.420708 1.017505 2.047398
v -13.453440 0.958776 2.032416
v -13.509674 0.942216 1.996247
v -13.556471 0.977525 1.960077
v -13.566417 1.044019 1.945095
v -13.533684 1.102748 1.960077
v -13.124030 1.054996 1.554539
v -13.083500 1.020828 1.598524
v -13.076151 0.954806 1.616744
v -13.106287 0.895605 1.598524
v -13.156256 0.877905 1.554539
v -13.196785 0.912073 1.510554
v -13.204135 0.978095 1.492335
v -13.173999 1.037296 1.510554
v -12.710901 0.979820 1.180725
v -12.677972 0.947034 1.231575
v -12.673771 0.881585 1.252638
v -12.700759 0.821811 1.231575
v -12.743126 0.802728 1.180725
v -12.776055 0.835513 1.129876
v -12.780256 0.900962 1.108813
v -12.753268 0.960736 1.129876
v -12.248235 0.895628 0.884010
v -12.224096 0.864443 0.940487
v -12.223536 0.799656 0.963881
v -12.246883 0.739220 0.940487
v -12.280460 0.718536 0.884010
v -12.304598 0.749722 0.827533
v -12.305159 0.814509 0.804139
v -12.281812 0.874945 0.827533
v -11.747424 0.804496 0.671700
v -11.733030 0.775084 0.732302
v -11.736506 0.711031 0.757404
v -11.755816 0.649861 0.732302
v -11.779650 0.627404 0.671700
v -11.794044 0.656817 0.611098
v -11.790567 0.720869 0.585996
v -11.771256 0.782040 0.611098
v -11.220799 0.708667 0.549022
v -11.216783 0.681142 0.612039
v -11.224557 0.617872 0.638141
v -11.239569 0.555919 0.612039
v -11.253025 0.531575 0.549022
v -11.257043 0.559099 0.486005
v -11.249269 0.622369 0.459902
v -11.234256 0.684322 0.486005
v -10.681330 0.610500 0.518997
v -10.687942 0.584909 0.582607
v -10.700118 0.522440 0.608956
v -10.710728 0.459686 0.582607
v -10.713555 0.433408 0.518997
v -10.706944 0.458998 0.455386
v -10.694767 0.521467 0.429038
v -10.684157 0.584221 0.455386
v -10.142298 0.512412 0.582364
v -10.159395 0.488730 0.644748
v -10.175916 0.427052 0.670588
v -10.182182 0.363507 0.644748
v -10.174523 0.335320 0.582364
v -10.157426 0.359002 0.519980
v -10.140905 0.420681 0.494140
v -10.134639 0.484225 0.519980
v -9.616976 0.416819 0.737564
v -9.644052 0.394953 0.797008
v -9.664705 0.334027 0.821631
v -9.666839 0.269730 0.797008
v -9.649201 0.239727 0.737564
v -9.622126 0.261594 0.678119
v -9.601472 0.322520 0.653497
v -9.599339 0.386817 0.678119
v -9.118299 0.326076 0.980774
v -9.154547 0.305878 1.035756
v -9.178999 0.245643 1.058531
v -9.177333 0.180655 1.035756
v -9.150525 0.148984 0.980774
v -9.114277 0.169181 0.925791
v -9.089825 0.229416 0.903017
v -9.091491 0.294404 0.925791
v -8.658547 0.242415 1.306006
v -8.702942 0.223700 1.355237
v -8.730770 0.164079 1.375630
v -8.725729 0.098477 1.355237
v -8.690773 0.065323 1.306006
v -8.646379 0.084038 1.256775
v -8.618550 0.143659 1.236382
v -8.623591 0.209260 1.256775
v -8.249041 0.167897 1.705252
v -8.300422 0.150453 1.747686
v -8.331142 0.091359 1.765263
v -8.323208 0.025231 1.747686
v -8.281266 -0.009195 1.705252
v -8.229886 0.008249 1.662818
v -8.199165 0.067343 1.645241
v -8.207100 0.133472 1.662818
v -7.899863 0.104357 2.168681
v -7.956992 0.087960 2.203498
v -7.990094 0.029299 2.217920
v -7.979779 -0.037263 2.203498
v -7.932089 -0.072735 2.168681
v -7.874960 -0.056337 2.133863
v -7.841857 0.002324 2.119441
v -7.852173 0.068886 2.133863
v -7.619612 0.053360 2.684881
v -7.681221 0.037778 2.711461
v -7.716178 -0.020546 2.722470
v -7.704007 -0.087445 2.711461
v -7.651837 -0.123732 2.684881
v -7.590229 -0.108149 2.658302
v -7.555271 -0.049826 2.647292
v -7.567442 0.017074 2.658302
v -7.415188 0.016161 3.241143
v -7.479995 0.001161 3.259030
v -7.516277 -0.056921 3.266438
v -7.502782 -0.124062 3.259030
v -7.447413 -0.160931 3.241143
v -7.382607 -0.145930 3.223256
v -7.346324 -0.087848 3.215847
v -7.359819 -0.020707 3.223256
v -7.291625 -0.006324 3.823769
v -7.357550 -0.021121 3.837179
v -7.394295 -0.079118 3.842734
v -7.380337 -0.146343 3.837179
v -7.323851 -0.183415 3.823769
v -7.257926 -0.168618 3.810359
v -7.221180 -0.110620 3.804804
v -7.235139 -0.043396 3.810359
v -14.122694 1.145245 4.799916
v -7.307737 -0.094869 3.823769
vn 0.1810 0.7562 0.6288
vn 0.6792 0.4344 0.5916
vn 0.8041 -0.1463 0.5761
vn 0.4826 -0.6458 0.5916
vn -0.0970 -0.7715 0.6288
vn -0.5953 -0.4497 0.6659
vn -0.7203 0.1311 0.6812
vn -0.3988 0.6306 0.6659
vn 0.1616 0.9868 -0.0001
vn 0.8149 0.5795 0.0033
vn 0.9838 -0.1790 0.0047
vn 0.5585 -0.8295 0.0033
vn -0.1964 -0.9805 -0.0001
vn -0.8292 -0.5590 -0.0036
vn -0.9838 0.1790 -0.0051
vn -0.5791 0.8152 -0.0036
vn 0.1616 0.9868 -0.0027
vn 0.8071 0.5810 0.1049
vn 0.9727 -0.1770 0.1503
vn 0.5507 -0.8281 0.1049
vn -0.1964 -0.9805 -0.0027
vn -0.8213 -0.5603 -0.1076
vn -0.9727 0.1770 -0.1503
vn -0.5712 0.8137 -0.1076
vn 0.1619 0.9868 -0.0054
vn 0.7843 0.5854 0.2055
vn 0.9402 -0.1711 0.2945
vn 0.5278 -0.8241 0.2055
vn -0.1961 -0.9806 -0.0054
vn -0.7982 -0.5644 -0.2108
vn -0.9402 0.1711 -0.2945
vn -0.5482 0.8093 -0.2108
vn 0.1625 0.9867 -0.0081
vn 0.7463 0.5925 0.3033
vn 0.8860 -0.1612 0.4348
vn 0.4897 -0.8174 0.3033
vn -0.1955 -0.9807 -0.0081
vn -0.7594 -0.5712 -0.3114
vn -0.8859 0.1612 -0.4349
vn -0.5095 0.8021 -0.3115
vn 0.1636 0.9865 -0.0108
vn 0.6928 0.6025 0.3963
vn 0.8095 -0.1473 0.5683
vn 0.4362 -0.8079 0.3963
vn -0.1944 -0.9809 -0.0108
vn -0.7048 -0.5809 -0.4072
vn -0.8095 0.1473 -0.5684
vn -0.4550 0.7920 -0.4072
vn 0.1651 0.9862 -0.0135
vn 0.6240 0.6152 0.4818
vn 0.7110 -0.1294 0.6911
vn 0.3673 -0.7956 0.4818
vn -0.1929 -0.9811 -0.0135
vn -0.6344 -0.5935 -0.4953
vn -0.7110 0.1294 -0.6912
vn -0.3847 0.7789 -0.4953
vn 0.1672 0.9858 -0.0160
vn 0.5406 0.6307 0.5568
vn 0.5916 -0.1076 0.7990
vn 0.2838 -0.7807 0.5568
vn -0.1908 -0.9815 -0.0160
vn -0.5489 -0.6088 -0.5728
vn -0.5916 0.1077 -0.7990
vn -0.2992 0.7631 -0.5728
vn 0.1697 0.9853 -0.0181
vn 0.4443 0.6484 0.6182
vn 0.4535 -0.0825 0.8874
vn 0.1874 -0.7633 0.6182
vn -0.1882 -0.9820 -0.0181
vn -0.4499 -0.6266 -0.6363
vn -0.4534 0.0825 -0.8875
vn -0.2003 0.7449 -0.6363
vn 0.1728 0.9848 -0.0197
vn 0.3376 0.6679 0.6632
vn 0.3003 -0.0547 0.9523
vn 0.0807 -0.7441 0.6632
vn -0.1852 -0.9825 -0.0197
vn -0.3402 -0.6465 -0.6829
vn -0.3003 0.0546 -0.9523
vn -0.0906 0.7249 -0.6829
vn 0.1761 0.9842 -0.0206
vn 0.2241 0.6886 0.6896
vn 0.1373 -0.0250 0.9902
vn -0.0329 -0.7234 0.6896
vn -0.1818 -0.9831 -0.0206
vn -0.2232 -0.6677 -0.7102
vn -0.1373 0.0250 -0.9902
vn 0.0263 0.7035 -0.7102
vn 0.1796 0.9835 -0.0207
vn 0.1078 0.7098 0.6961
vn -0.0297 0.0054 0.9995
vn -0.1492 -0.7022 0.6961
vn -0.1784 -0.9837 -0.0207
vn -0.1035 -0.6895 -0.7168
vn 0.0297 -0.0054 -0.9995
vn 0.1461 0.6818 -0.7168
vn 0.1830 0.9829 -0.0200
vn -0.0071 0.7305 0.6829
vn -0.1945 0.0354 0.9803
vn -0.2639 -0.6812 0.6829
vn -0.1750 -0.9844 -0.0200
vn 0.0147 -0.7112 -0.7029
vn 0.1945 -0.0354 -0.9803
vn 0.2642 0.6604 -0.7029
vn 0.1860 0.9824 -0.0187
vn -0.1164 0.7502 0.6509
vn -0.3513 0.0639 0.9341
vn -0.3732 -0.6611 0.6509
vn -0.1720 -0.9849 -0.0187
vn 0.1270 -0.7318 -0.6696
vn 0.3513 -0.0639 -0.9341
vn 0.3766 0.6401 -0.6696
vn 0.1887 0.9819 -0.0169
vn -0.2170 0.7683 0.6022
vn -0.4954 0.0902 0.8640
vn -0.4737 -0.6426 0.6022
vn -0.1693 -0.9854 -0.0169
vn 0.2302 -0.7508 -0.6191
vn 0.4954 -0.0901 -0.8640
vn 0.4799 0.6216 -0.6191
vn 0.1909 0.9815 -0.0147
vn -0.3064 0.7843 0.5394
vn -0.6235 0.1134 0.7736
vn -0.5631 -0.6261 0.5394
vn -0.1671 -0.9858 -0.0147
vn 0.3217 -0.7677 -0.5542
vn 0.6234 -0.1134 -0.7736
vn 0.5715 0.6052 -0.5542
vn 0.1926 0.9812 -0.0124
vn -0.3832 0.7980 0.4651
vn -0.7332 0.1334 0.6668
vn -0.6397 -0.6119 0.4651
vn -0.1654 -0.9862 -0.0124
vn 0.4001 -0.7822 -0.4775
vn 0.7332 -0.1334 -0.6668
vn 0.6500 0.5911 -0.4775
vn 0.1940 0.9810 -0.0099
vn -0.4464 0.8093 0.3818
vn -0.8235 0.1499 0.5471
vn -0.7029 -0.6002 0.3818
vn -0.1640 -0.9864 -0.0099
vn 0.4646 -0.7941 -0.3917
vn 0.8235 -0.1499 -0.5471
vn 0.7146 0.5796 -0.3917
vn 0.1950 0.9808 -0.0075
vn -0.4957 0.8181 0.2915
vn -0.8939 0.1627 0.4176
vn -0.7521 -0.5910 0.2915
vn -0.1630 -0.9866 -0.0075
vn 0.5149 -0.8034 -0.2990
vn 0.8939 -0.1627 -0.4177
vn 0.7649 0.5706 -0.2990
vn 0.1957 0.9807 -0.0050
vn -0.5309 0.8244 0.1961
vn -0.9442 0.1718 0.2809
vn -0.7873 -0.5846 0.1961
vn -0.1623 -0.9867 -0.0050
vn 0.5507 -0.8101 -0.2013
vn 0.9441 -0.1718 -0.2812
vn 0.8008 0.5642 -0.2013
vn 0.2696 0.7401 0.6161
vn -0.2992 0.6125 0.7317
vn -0.6162 0.1121 0.7796
vn -0.4957 -0.4678 0.7317
vn -0.0084 -0.7876 0.6161
vn 0.5604 -0.6600 0.5003
vn 0.8774 -0.1597 0.4524
vn 0.7570 0.4202 0.5003
vn 0.0665 -0.0121 0.9977
vn 0.2073 -0.0377 0.9775
v -13.849272 2.660780 4.800243
v -13.791523 2.623478 4.795942
v -13.777041 2.556158 4.794161
v -13.814310 2.498255 4.795942
v -13.881497 2.483688 4.800243
v -13.939246 2.520990 4.804544
v -13.953729 2.588310 4.806326
v -13.916460 2.646213 4.804544
v -13.888904 2.667992 4.205595
v -13.831013 2.630664 4.205914
v -13.816472 2.563333 4.206045
v -13.853800 2.505441 4.205914
v -13.921129 2.490900 4.205595
v -13.979021 2.528227 4.205278
v -13.993562 2.595558 4.205146
v -13.956234 2.653450 4.205278
v -13.843599 2.659748 3.613564
v -13.786421 2.622550 3.623140
v -13.772175 2.555273 3.627106
v -13.809208 2.497327 3.623140
v -13.875825 2.482656 3.613564
v -13.933004 2.519854 3.603988
v -13.947250 2.587131 3.600021
v -13.910217 2.645077 3.603988
v -13.714476 2.636251 3.038726
v -13.659365 2.599429 3.057482
v -13.645975 2.532308 3.065250
v -13.682152 2.474206 3.057482
v -13.746701 2.459159 3.038726
v -13.801812 2.495981 3.019971
v -13.815202 2.563102 3.012202
v -13.779026 2.621204 3.019971
v -13.504711 2.598080 2.495237
v -13.453058 2.561888 2.522929
v -13.441101 2.495027 2.534400
v -13.475844 2.436665 2.522929
v -13.536937 2.420988 2.495237
v -13.588591 2.457181 2.467544
v -13.600548 2.524041 2.456074
v -13.565804 2.582404 2.467544
v -13.219471 2.546175 1.996478
v -13.172687 2.510869 2.032665
v -13.162746 2.444375 2.047654
v -13.195473 2.385646 2.032665
v -13.251697 2.369083 1.996478
v -13.298481 2.404390 1.960291
v -13.308422 2.470884 1.945302
v -13.275695 2.529613 1.960291
v -12.865780 2.481814 1.554731
v -12.825263 2.447648 1.598731
v -12.817920 2.381627 1.616957
v -12.848050 2.322425 1.598731
v -12.898005 2.304722 1.554731
v -12.938521 2.338888 1.510731
v -12.945866 2.404909 1.492506
v -12.915734 2.464111 1.510731
v -12.452345 2.406582 1.180874
v -12.419430 2.373799 1.231734
v -12.415236 2.308351 1.252801
v -12.442217 2.248576 1.231734
v -12.484571 2.229490 1.180874
v -12.517486 2.262273 1.130014
v -12.521681 2.327721 1.108947
v -12.494699 2.387496 1.130014
v -11.989347 2.322330 0.884111
v -11.965221 2.291147 0.940595
v -11.964666 2.226361 0.963991
v -11.988008 2.165924 0.940595
v -12.021573 2.145238 0.884111
v -12.045700 2.176422 0.827628
v -12.046255 2.241208 0.804232
v -12.022913 2.301645 0.827628
v -11.488189 2.231134 0.671751
v -11.473801 2.201723 0.732355
v -11.477280 2.137671 0.757458
v -11.496588 2.076500 0.732355
v -11.520413 2.054043 0.671751
v -11.534801 2.083454 0.611147
v -11.531322 2.147506 0.586044
v -11.512014 2.208677 0.611147
v -10.961207 2.135240 0.549022
v -10.957190 2.107716 0.612039
v -10.964964 2.044446 0.638141
v -10.979976 1.982493 0.612039
v -10.993432 1.958148 0.549022
v -10.997450 1.985672 0.486005
v -10.989676 2.048942 0.459902
v -10.974664 2.110895 0.486005
v -10.421380 2.037008 0.518945
v -10.427984 2.011416 0.582556
v -10.440158 1.948947 0.608905
v -10.450770 1.886193 0.582556
v -10.453605 1.859916 0.518945
v -10.447001 1.885507 0.455335
v -10.434827 1.947977 0.428986
v -10.424213 2.010730 0.455335
v -9.881999 1.938857 0.582263
v -9.899084 1.915172 0.644649
v -9.915599 1.853493 0.670490
v -9.921870 1.789950 0.644649
v -9.914225 1.761765 0.582263
v -9.897140 1.785449 0.519877
v -9.880625 1.847129 0.494036
v -9.874352 1.910672 0.519877
v -9.356346 1.843204 0.737415
v -9.383406 1.821335 0.796866
v -9.404053 1.760407 0.821491
v -9.406192 1.696112 0.796866
v -9.388571 1.666112 0.737415
v -9.361511 1.687981 0.677964
v -9.340865 1.748909 0.653339
v -9.338725 1.813204 0.677964
v -8.857364 1.752404 0.980582
v -8.893594 1.732204 1.035574
v -8.918039 1.671968 1.058353
v -8.916381 1.606981 1.035574
v -8.889589 1.575313 0.980582
v -8.853359 1.595513 0.925589
v -8.828914 1.655750 0.902810
v -8.830572 1.720736 0.925589
v -8.397340 1.668694 1.305775
v -8.441718 1.649976 1.355019
v -8.469540 1.590354 1.375417
v -8.464505 1.524754 1.355019
v -8.429565 1.491602 1.305775
v -8.385186 1.510320 1.256530
v -8.357366 1.569942 1.236132
v -8.362400 1.635543 1.256530
v -7.987600 1.594134 1.704987
v -8.038968 1.576688 1.747436
v -8.069683 1.517593 1.765019
v -8.061754 1.451465 1.747436
v -8.019826 1.417042 1.704987
v -7.968458 1.434488 1.662539
v -7.937743 1.493583 1.644956
v -7.945671 1.559711 1.662539
v -7.638235 1.530560 2.168389
v -7.695355 1.514161 2.203220
v -7.728455 1.455499 2.217648
v -7.718143 1.388938 2.203220
v -7.670461 1.353468 2.168389
v -7.613340 1.369868 2.133558
v -7.580242 1.428529 2.119131
v -7.590554 1.495090 2.133558
v -7.357847 1.479538 2.684570
v -7.419451 1.463955 2.711160
v -7.454406 1.405631 2.722174
v -7.442237 1.338732 2.711160
v -7.390072 1.302446 2.684570
v -7.328469 1.318030 2.657980
v -7.293513 1.376353 2.646966
v -7.305682 1.443252 2.657980
v -7.153339 1.442324 3.240820
v -7.218144 1.427323 3.258712
v -7.254426 1.369241 3.266123
v -7.240931 1.302100 3.258712
v -7.185565 1.265232 3.240820
v -7.120759 1.280233 3.222928
v -7.084477 1.338315 3.215516
v -7.097973 1.405456 3.222928
v -7.029748 1.419834 3.823442
v -7.095672 1.405037 3.836855
v -7.132418 1.347039 3.842411
v -7.118459 1.279814 3.836855
v -7.061974 1.242742 3.823442
v -6.996049 1.257539 3.810029
v -6.959304 1.315537 3.804472
v -6.973263 1.382762 3.810029
v -13.865385 2.572234 4.800243
v -7.045861 1.331288 3.823442
vn 0.1809 0.7562 0.6288
vn 0.6792 0.4344 0.5916
vn 0.8041 -0.1463 0.5762
vn 0.4826 -0.6458 0.5916
vn -0.0971 -0.7715 0.6288
vn -0.5953 -0.4497 0.6659
vn -0.7203 0.1311 0.6812
vn -0.3988 0.6306 0.6659
vn 0.1616 0.9869 -0.0001
vn 0.8149 0.5795 0.0034
vn 0.9838 -0.1790 0.0048
vn 0.5585 -0.8295 0.0034
vn -0.1964 -0.9805 -0.0001
vn -0.8292 -0.5590 -0.0037
vn -0.9838 0.1790 -0.0052
vn -0.5791 0.8152 -0.0037
vn 0.1616 0.9868 -0.0027
vn 0.8071 0.5810 0.1050
vn 0.9726 -0.1770 0.1505
vn 0.5506 -0.8281 0.1050
vn -0.1964 -0.9805 -0.0027
vn -0.8213 -0.5603 -0.1077
vn -0.9726 0.1770 -0.1505
vn -0.5712 0.8137 -0.1077
vn 0.1619 0.9868 -0.0054
vn 0.7843 0.5854 0.2056
vn 0.9402 -0.1711 0.2947
vn 0.5278 -0.8241 0.2056
vn -0.1961 -0.9806 -0.0054
vn -0.7981 -0.5644 -0.2110
vn -0.9401 0.1711 -0.2947
vn -0.5481 0.8093 -0.2110
vn 0.1625 0.9867 -0.0081
vn 0.7462 0.5925 0.3035
vn 0.8858 -0.1612 0.4351
vn 0.4896 -0.8174 0.3035
vn -0.1955 -0.9807 -0.0081
vn -0.7593 -0.5712 -0.3116
vn -0.8858 0.1612 -0.4352
vn -0.5094 0.8021 -0.3116
vn 0.1636 0.9865 -0.0108
vn 0.6927 0.6025 0.3965
vn 0.8093 -0.1473 0.5686
vn 0.4360 -0.8079 0.3965
vn -0.1944 -0.9809 -0.0108
vn -0.7047 -0.5809 -0.4074
vn -0.8093 0.1473 -0.5686
vn -0.4549 0.7919 -0.4074
vn 0.1651 0.9862 -0.0135
vn 0.6238 0.6153 0.4819
vn 0.7108 -0.1293 0.6914
vn 0.3671 -0.7956 0.4819
vn -0.1929 -0.9811 -0.0135
vn -0.6342 -0.5935 -0.4955
vn -0.7108 0.1293 -0.6914
vn -0.3845 0.7789 -0.4955
vn 0.1672 0.9858 -0.0160
vn 0.5405 0.6307 0.5569
vn 0.5914 -0.1076 0.7992
vn 0.2837 -0.7806 0.5569
vn -0.1908 -0.9815 -0.0160
vn -0.5487 -0.6088 -0.5729
vn -0.5913 0.1076 -0.7992
vn -0.2991 0.7631 -0.5729
vn 0.1697 0.9853 -0.0181
vn 0.4442 0.6484 0.6183
vn 0.4533 -0.0825 0.8875
vn 0.1873 -0.7633 0.6183
vn -0.1882 -0.9820 -0.0181
vn -0.4498 -0.6266 -0.6364
vn -0.4533 0.0825 -0.8876
vn -0.2002 0.7449 -0.6364
vn 0.1728 0.9848 -0.0197
vn 0.3376 0.6679 0.6633
vn 0.3002 -0.0546 0.9523
vn 0.0806 -0.7440 0.6632
vn -0.1852 -0.9825 -0.0197
vn -0.3401 -0.6465 -0.6829
vn -0.3002 0.0546 -0.9523
vn -0.0905 0.7248 -0.6829
vn 0.1761 0.9842 -0.0206
vn 0.2241 0.6886 0.6896
vn 0.1373 -0.0250 0.9902
vn -0.0329 -0.7234 0.6896
vn -0.1818 -0.9831 -0.0205
vn -0.2232 -0.6677 -0.7102
vn -0.1373 0.0250 -0.9902
vn 0.0263 0.7035 -0.7102
vn 0.1796 0.9835 -0.0207
vn 0.1078 0.7097 0.6962
vn -0.0296 0.0054 0.9995
vn -0.1491 -0.7022 0.6962
vn -0.1784 -0.9837 -0.0207
vn -0.1035 -0.6895 -0.7168
vn 0.0296 -0.0054 -0.9995
vn 0.1460 0.6818 -0.7168
vn 0.1830 0.9829 -0.0200
vn -0.0069 0.7305 0.6829
vn -0.1943 0.0354 0.9803
vn -0.2638 -0.6812 0.6829
vn -0.1750 -0.9844 -0.0200
vn 0.0145 -0.7111 -0.7029
vn 0.1943 -0.0354 -0.9803
vn 0.2641 0.6604 -0.7029
vn 0.1860 0.9824 -0.0187
vn -0.1162 0.7502 0.6509
vn -0.3511 0.0639 0.9342
vn -0.3730 -0.6612 0.6509
vn -0.1720 -0.9849 -0.0187
vn 0.1268 -0.7318 -0.6697
vn 0.3510 -0.0639 -0.9342
vn 0.3765 0.6402 -0.6697
vn 0.1887 0.9819 -0.0169
vn -0.2168 0.7682 0.6023
vn -0.4952 0.0901 0.8641
vn -0.4735 -0.6426 0.6023
vn -0.1693 -0.9854 -0.0169
vn 0.2300 -0.7508 -0.6193
vn 0.4951 -0.0901 -0.8641
vn 0.4797 0.6216 -0.6193
vn 0.1909 0.9815 -0.0147
vn -0.3063 0.7843 0.5396
vn -0.6232 0.1134 0.7738
vn -0.5629 -0.6261 0.5396
vn -0.1671 -0.9858 -0.0148
vn 0.3215 -0.7677 -0.5544
vn 0.6232 -0.1134 -0.7738
vn 0.5713 0.6052 -0.5544
vn 0.1926 0.9812 -0.0124
vn -0.3831 0.7980 0.4653
vn -0.7330 0.1334 0.6670
vn -0.6396 -0.6119 0.4653
vn -0.1654 -0.9862 -0.0124
vn 0.4000 -0.7822 -0.4777
vn 0.7330 -0.1334 -0.6670
vn 0.6499 0.5911 -0.4777
vn 0.1940 0.9810 -0.0100
vn -0.4463 0.8093 0.3819
vn -0.8234 0.1498 0.5473
vn -0.7028 -0.6002 0.3819
vn -0.1640 -0.9864 -0.0100
vn 0.4645 -0.7941 -0.3919
vn 0.8234 -0.1498 -0.5473
vn 0.7145 0.5796 -0.3919
vn 0.1950 0.9808 -0.0075
vn -0.4957 0.8181 0.2916
vn -0.8939 0.1627 0.4178
vn -0.7521 -0.5911 0.2916
vn -0.1630 -0.9866 -0.0075
vn 0.5148 -0.8034 -0.2991
vn 0.8938 -0.1627 -0.4178
vn 0.7649 0.5706 -0.2991
vn 0.1957 0.9807 -0.0050
vn -0.5309 0.8244 0.1962
vn -0.9442 0.1718 0.2810
vn -0.7873 -0.5846 0.1962
vn -0.1623 -0.9867 -0.0050
vn 0.5507 -0.8101 -0.2013
vn 0.9441 -0.1718 -0.2813
vn 0.8007 0.5642 -0.2013
vn 0.2697 0.7401 0.6161
vn -0.2991 0.6124 0.7317
vn -0.6162 0.1121 0.7796
vn -0.4957 -0.4678 0.7317
vn -0.0083 -0.7876 0.6161
vn 0.5605 -0.6600 0.5003
vn 0.8774 -0.1597 0.4523
vn 0.7570 0.4202 0.5003
vn 0.0665 -0.0121 0.9977
vn 0.2074 -0.0377 0.9775
v -13.586870 4.086842 4.799841
v -13.529121 4.049540 4.795536
v -13.514639 3.982220 4.793753
v -13.551908 3.924317 4.795536
v -13.619095 3.909750 4.799841
v -13.676844 3.947052 4.804146
v -13.691326 4.014372 4.805929
v -13.654057 4.072275 4.804146
v -13.626536 4.094060 4.205198
v -13.568645 4.056732 4.205508
v -13.554104 3.989401 4.205637
v -13.591431 3.931509 4.205508
v -13.658762 3.916968 4.205198
v -13.716653 3.954296 4.204888
v -13.731194 4.021626 4.204759
v -13.693866 4.079519 4.204888
v -13.581335 4.085835 3.613181
v -13.524154 4.048636 3.622743
v -13.509907 3.981359 3.626704
v -13.546941 3.923413 3.622743
v -13.613561 3.908743 3.613181
v -13.670742 3.945941 3.603619
v -13.684988 4.013218 3.599658
v -13.647955 4.071164 3.603619
v -13.452379 4.062369 3.038368
v -13.397263 4.025546 3.057104
v -13.383871 3.958424 3.064865
v -13.420050 3.900323 3.057104
v -13.484605 3.885277 3.038368
v -13.539722 3.922100 3.019631
v -13.553114 3.989221 3.011870
v -13.516935 4.047322 3.019631
v -13.242846 4.024240 2.494911
v -13.191181 3.988045 2.522582
v -13.179220 3.921184 2.534044
v -13.213968 3.862823 2.522582
v -13.275071 3.847148 2.494911
v -13.326735 3.883343 2.467240
v -13.338696 3.950204 2.455778
v -13.303947 4.008565 2.467240
v -12.957891 3.972387 1.996193
v -12.911093 3.937078 2.032359
v -12.901146 3.870583 2.047339
v -12.933880 3.811855 2.032359
v -12.990117 3.795295 1.996193
v -13.036917 3.830605 1.960028
v -13.046863 3.897099 1.945048
v -13.014130 3.955827 1.960028
v -12.604535 3.908087 1.554495
v -12.564002 3.873918 1.598477
v -12.556651 3.807895 1.616694
v -12.586789 3.748695 1.598477
v -12.636761 3.730995 1.554495
v -12.677294 3.765164 1.510513
v -12.684645 3.831186 1.492295
v -12.654507 3.890387 1.510513
v -12.191477 3.832923 1.180691
v -12.158545 3.800137 1.231538
v -12.154342 3.734687 1.252600
v -12.181332 3.674914 1.231538
v -12.223701 3.655831 1.180691
v -12.256634 3.688617 1.129844
v -12.260837 3.754066 1.108783
v -12.233848 3.813840 1.129844
v -11.728887 3.748745 0.883987
v -11.704746 3.717559 0.940463
v -11.704185 3.652773 0.963856
v -11.727532 3.592337 0.940463
v -11.761112 3.571654 0.883987
v -11.785254 3.602840 0.827511
v -11.785813 3.667626 0.804118
v -11.762466 3.728063 0.827511
v -11.228156 3.657628 0.671688
v -11.213760 3.628215 0.732289
v -11.217237 3.564163 0.757391
v -11.236547 3.502992 0.732289
v -11.260382 3.480536 0.671688
v -11.274776 3.509949 0.611087
v -11.271301 3.574001 0.585985
v -11.251990 3.635172 0.611087
v -10.701614 3.561813 0.549022
v -10.697597 3.534289 0.612039
v -10.705371 3.471019 0.638141
v -10.720383 3.409066 0.612039
v -10.733839 3.384721 0.549022
v -10.737857 3.412246 0.486005
v -10.730083 3.475516 0.459902
v -10.715071 3.537468 0.486005
v -10.162227 3.463661 0.519008
v -10.168839 3.438071 0.582619
v -10.181017 3.375602 0.608967
v -10.191626 3.312848 0.582619
v -10.194451 3.286569 0.519008
v -10.187839 3.312159 0.455398
v -10.175661 3.374628 0.429050
v -10.165052 3.437382 0.455398
v -9.623274 3.365588 0.582387
v -9.640374 3.341907 0.644770
v -9.656897 3.280228 0.670610
v -9.663161 3.216684 0.644770
v -9.655499 3.188496 0.582387
v -9.638399 3.212178 0.520004
v -9.621878 3.273856 0.494164
v -9.615612 3.337401 0.520004
v -9.098028 3.270010 0.737598
v -9.125108 3.248144 0.797041
v -9.145763 3.187218 0.821663
v -9.147895 3.122921 0.797041
v -9.130254 3.092917 0.737598
v -9.103174 3.114783 0.678155
v -9.082519 3.175709 0.653533
v -9.080387 3.240006 0.678155
v -8.599422 3.179278 0.980818
v -8.635674 3.159082 1.035798
v -8.660128 3.098847 1.058572
v -8.658461 3.033859 1.035798
v -8.631648 3.002186 0.980818
v -8.595397 3.022383 0.925838
v -8.570942 3.082618 0.903064
v -8.572610 3.147606 0.925838
v -8.139733 3.095629 1.306059
v -8.184132 3.076915 1.355288
v -8.211961 3.017294 1.375679
v -8.206919 2.951692 1.355288
v -8.171959 2.918537 1.306059
v -8.127560 2.937251 1.256831
v -8.099731 2.996872 1.236440
v -8.104774 3.062474 1.256831
v -7.730280 3.021121 1.705313
v -7.781663 3.003678 1.747744
v -7.812386 2.944584 1.765319
v -7.804450 2.878455 1.747744
v -7.762506 2.844029 1.705313
v -7.711123 2.861472 1.662882
v -7.680400 2.920566 1.645306
v -7.688336 2.986695 1.662882
v -7.381146 2.957589 2.168748
v -7.438277 2.941192 2.203562
v -7.471380 2.882531 2.217983
v -7.461063 2.815969 2.203562
v -7.413371 2.780497 2.168748
v -7.356240 2.796895 2.133933
v -7.323137 2.855555 2.119513
v -7.333453 2.922117 2.133933
v -7.100926 2.906598 2.684953
v -7.162535 2.891015 2.711530
v -7.197494 2.832692 2.722538
v -7.185322 2.765792 2.711530
v -7.133151 2.729506 2.684953
v -7.071542 2.745088 2.658376
v -7.036584 2.803411 2.647367
v -7.048755 2.870311 2.658376
v -6.896521 2.869402 3.241217
v -6.961329 2.854402 3.259103
v -6.997611 2.796319 3.266511
v -6.984115 2.729179 3.259103
v -6.928747 2.692310 3.241217
v -6.863939 2.707311 3.223332
v -6.827656 2.765393 3.215924
v -6.841153 2.832533 3.223332
v -6.772964 2.846919 3.823844
v -6.838890 2.832122 3.837254
v -6.875635 2.774124 3.842808
v -6.861676 2.706899 3.837254
v -6.805190 2.669827 3.823844
v -6.739265 2.684624 3.810435
v -6.702519 2.742622 3.804880
v -6.716478 2.809847 3.810435
v -13.602983 3.998296 4.799841
v -6.789077 2.758373 3.823844
vn 0.1810 0.7562 0.6288
vn 0.6792 0.4344 0.5916
vn 0.8042 -0.1463 0.5761
vn 0.4826 -0.6458 0.5916
vn -0.0970 -0.7715 0.6288
vn -0.5953 -0.4497 0.6659
vn -0.7203 0.1311 0.6812
vn -0.3987 0.6306 0.6659
vn 0.1616 0.9869 -0.0001
vn 0.8149 0.5795 0.0033
vn 0.9838 -0.1790 0.0047
vn 0.5585 -0.8295 0.0033
vn -0.1964 -0.9805 -0.0001
vn -0.8292 -0.5590 -0.0036
vn -0.9838 0.1790 -0.0051
vn -0.5791 0.8152 -0.0036
vn 0.1616 0.9868 -0.0027
vn 0.8071 0.5810 0.1049
vn 0.9727 -0.1770 0.1502
vn 0.5507 -0.8281 0.1049
vn -0.1964 -0.9805 -0.0027
vn -0.8213 -0.5603 -0.1076
vn -0.9727 0.1770 -0.1503
vn -0.5713 0.8137 -0.1076
vn 0.1619 0.9868 -0.0054
vn 0.7843 0.5853 0.2054
vn 0.9402 -0.1711 0.2944
vn 0.5278 -0.8241 0.2054
vn -0.1961 -0.9806 -0.0054
vn -0.7982 -0.5643 -0.2108
vn -0.9402 0.1711 -0.2944
vn -0.5482 0.8093 -0.2108
vn 0.1625 0.9867 -0.0081
vn 0.7463 0.5925 0.3033
vn 0.8860 -0.1612 0.4348
vn 0.4898 -0.8174 0.3033
vn -0.1955 -0.9807 -0.0081
vn -0.7595 -0.5712 -0.3114
vn -0.8860 0.1612 -0.4348
vn -0.5095 0.8021 -0.3114
vn 0.1636 0.9865 -0.0108
vn 0.6928 0.6025 0.3963
vn 0.8095 -0.1473 0.5683
vn 0.4362 -0.8079 0.3963
vn -0.1944 -0.9809 -0.0108
vn -0.7048 -0.5809 -0.4071
vn -0.8095 0.1473 -0.5683
vn -0.4550 0.7920 -0.4071
vn 0.1651 0.9862 -0.0135
vn 0.6240 0.6152 0.4817
vn 0.7111 -0.1294 0.6911
vn 0.3673 -0.7956 0.4817
vn -0.1929 -0.9811 -0.0135
vn -0.6344 -0.5935 -0.4953
vn -0.7111 0.1294 -0.6911
vn -0.3847 0.7789 -0.4953
vn 0.1671 0.9858 -0.0160
vn 0.5407 0.6307 0.5567
vn 0.5917 -0.1077 0.7990
vn 0.2839 -0.7807 0.5567
vn -0.1908 -0.9815 -0.0160
vn -0.5489 -0.6088 -0.5728
vn -0.5916 0.1077 -0.7990
vn -0.2993 0.7631 -0.5728
vn 0.1697 0.9853 -0.0181
vn 0.4444 0.6484 0.6182
vn 0.4535 -0.0825 0.8874
vn 0.1875 -0.7634 0.6182
vn -0.1883 -0.9820 -0.0181
vn -0.4500 -0.6266 -0.6363
vn -0.4535 0.0825 -0.8874
vn -0.2004 0.7449 -0.6363
vn 0.1728 0.9848 -0.0197
vn 0.3377 0.6679 0.6632
vn 0.3004 -0.0547 0.9523
vn 0.0807 -0.7441 0.6632
vn -0.1852 -0.9825 -0.0197
vn -0.3402 -0.6465 -0.6829
vn -0.3004 0.0547 -0.9523
vn -0.0906 0.7249 -0.6829
vn 0.1761 0.9842 -0.0206
vn 0.2241 0.6886 0.6896
vn 0.1373 -0.0250 0.9902
vn -0.0329 -0.7234 0.6896
vn -0.1818 -0.9831 -0.0206
vn -0.2232 -0.6677 -0.7102
vn -0.1373 0.0250 -0.9902
vn 0.0263 0.7035 -0.7102
vn 0.1796 0.9835 -0.0207
vn 0.1077 0.7098 0.6961
vn -0.0298 0.0054 0.9995
vn -0.1492 -0.7022 0.6961
vn -0.1784 -0.9837 -0.0207
vn -0.1034 -0.6895 -0.7168
vn 0.0297 -0.0054 -0.9995
vn 0.1461 0.6818 -0.7168
vn 0.1830 0.9829 -0.0200
vn -0.0071 0.7305 0.6828
vn -0.1946 0.0354 0.9803
vn -0.2640 -0.6812 0.6828
vn -0.1750 -0.9844 -0.0200
vn 0.0147 -0.7112 -0.7029
vn 0.1945 -0.0354 -0.9803
vn 0.2643 0.6604 -0.7029
vn 0.1860 0.9824 -0.0187
vn -0.1164 0.7502 0.6509
vn -0.3514 0.0639 0.9340
vn -0.3732 -0.6611 0.6509
vn -0.1720 -0.9849 -0.0187
vn 0.1270 -0.7318 -0.6696
vn 0.3513 -0.0639 -0.9341
vn 0.3767 0.6401 -0.6696
vn 0.1887 0.9819 -0.0169
vn -0.2170 0.7683 0.6022
vn -0.4955 0.0902 0.8639
vn -0.4738 -0.6426 0.6022
vn -0.1693 -0.9854 -0.0169
vn 0.2302 -0.7508 -0.6191
vn 0.4955 -0.0902 -0.8639
vn 0.4799 0.6216 -0.6191
vn 0.1909 0.9815 -0.0147
vn -0.3065 0.7843 0.5394
vn -0.6235 0.1135 0.7735
vn -0.5631 -0.6261 0.5394
vn -0.1671 -0.9858 -0.0147
vn 0.3217 -0.7677 -0.5542
vn 0.6235 -0.1135 -0.7736
vn 0.5716 0.6052 -0.5542
vn 0.1926 0.9812 -0.0124
vn -0.3832 0.7980 0.4651
vn -0.7333 0.1334 0.6667
vn -0.6398 -0.6119 0.4651
vn -0.1654 -0.9862 -0.0124
vn 0.4002 -0.7822 -0.4775
vn 0.7332 -0.1334 -0.6667
vn 0.6501 0.5911 -0.4775
vn 0.1940 0.9810 -0.0099
vn -0.4464 0.8093 0.3817
vn -0.8236 0.1499 0.5470
vn -0.7029 -0.6002 0.3817
vn -0.1640 -0.9864 -0.0099
vn 0.4647 -0.7941 -0.3917
vn 0.8236 -0.1499 -0.5471
vn 0.7146 0.5796 -0.3917
vn 0.1950 0.9808 -0.0075
vn -0.4957 0.8181 0.2915
vn -0.8939 0.1627 0.4176
vn -0.7521 -0.5910 0.2915
vn -0.1630 -0.9866 -0.0075
vn 0.5149 -0.8034 -0.2989
vn 0.8939 -0.1627 -0.4176
vn 0.7649 0.5706 -0.2989
vn 0.1957 0.9807 -0.0050
vn -0.5309 0.8244 0.1961
vn -0.9442 0.1718 0.2809
vn -0.7873 -0.5846 0.1961
vn -0.1623 -0.9867 -0.0050
vn 0.5507 -0.8101 -0.2013
vn 0.9441 -0.1718 -0.2812
vn 0.8008 0.5642 -0.2013
vn 0.2696 0.7401 0.6161
vn -0.2992 0.6125 0.7317
vn -0.6162 0.1121 0.7796
vn -0.4957 -0.4678 0.7317
vn -0.0084 -0.7876 0.6161
vn 0.5604 -0.6600 0.5003
vn 0.8774 -0.1597 0.4524
vn 0.7570 0.4202 0.5003
vn 0.0666 -0.0121 0.9977
vn 0.2073 -0.0377 0.9775
v -13.308715 5.510037 4.797182
v -13.250968 5.472736 4.792852
v -13.236486 5.405416 4.791059
v -13.273755 5.347513 4.792852
v -13.340940 5.332946 4.797182
v -13.398687 5.370247 4.801512
v -13.413169 5.437567 4.803306
v -13.375900 5.495470 4.801512
v -13.348610 5.517297 4.202572
v -13.290718 5.479970 4.202833
v -13.276177 5.412639 4.202941
v -13.313505 5.354747 4.202833
v -13.380836 5.340206 4.202572
v -13.438726 5.377533 4.202311
v -13.453268 5.444864 4.202203
v -13.415939 5.502756 4.202311
v -13.304089 5.509196 3.610652
v -13.246894 5.471994 3.620121
v -13.232641 5.404716 3.624043
v -13.269680 5.346772 3.620121
v -13.336314 5.332104 3.610652
v -13.393509 5.369305 3.601184
v -13.407763 5.436583 3.597262
v -13.370723 5.494528 3.601184
v -13.176249 5.485932 3.035999
v -13.121093 5.449103 3.054609
v -13.107685 5.381979 3.062318
v -13.143880 5.323880 3.054609
v -13.208473 5.308841 3.035999
v -13.263628 5.345671 3.017388
v -13.277036 5.412795 3.009680
v -13.240842 5.470893 3.017388
v -12.968236 5.448081 2.492760
v -12.916504 5.411874 2.520288
v -12.904515 5.345008 2.531690
v -12.939291 5.286651 2.520288
v -13.000462 5.270989 2.492760
v -13.052193 5.307196 2.465232
v -13.064182 5.374063 2.453830
v -13.029406 5.432419 2.465232
v -12.685174 5.396572 1.994313
v -12.638279 5.361245 2.030338
v -12.628293 5.294744 2.045260
v -12.661066 5.236022 2.030338
v -12.717400 5.219481 1.994313
v -12.764294 5.254807 1.958289
v -12.774281 5.321309 1.943367
v -12.741507 5.380030 1.958289
v -12.334032 5.332675 1.552932
v -12.293386 5.298485 1.596793
v -12.285988 5.232454 1.614961
v -12.316172 5.173263 1.596793
v -12.366258 5.155583 1.552932
v -12.406904 5.189773 1.509071
v -12.414302 5.255804 1.490903
v -12.384117 5.314996 1.509071
v -11.923457 5.257963 1.179484
v -11.890410 5.225156 1.230244
v -11.886161 5.159698 1.251269
v -11.913198 5.099933 1.230244
v -11.955682 5.080871 1.179484
v -11.988729 5.113678 1.128725
v -11.992978 5.179136 1.107699
v -11.965941 5.238900 1.128725
v -11.463558 5.174275 0.883165
v -11.439322 5.143072 0.939591
v -11.438723 5.078278 0.962964
v -11.462110 5.017849 0.939591
v -11.495783 4.997183 0.883165
v -11.520018 5.028386 0.826739
v -11.520618 5.093181 0.803367
v -11.497231 5.153609 0.826739
v -10.965659 5.083673 0.671272
v -10.951210 5.054250 0.731856
v -10.954663 4.990194 0.756950
v -10.973997 4.929027 0.731856
v -10.997885 4.906581 0.671272
v -11.012334 4.936004 0.610688
v -11.008881 5.000060 0.585594
v -10.989548 5.061226 0.610688
v -10.442021 4.988387 0.549022
v -10.438004 4.960862 0.612039
v -10.445778 4.897593 0.638141
v -10.460791 4.835639 0.612039
v -10.474246 4.811295 0.549022
v -10.478264 4.838819 0.486005
v -10.470490 4.902089 0.459902
v -10.455478 4.964042 0.486005
v -9.905537 4.890762 0.519424
v -9.912207 4.865183 0.583033
v -9.924407 4.802719 0.609381
v -9.934993 4.739960 0.583033
v -9.937762 4.713671 0.519424
v -9.931093 4.739250 0.455816
v -9.918892 4.801715 0.429468
v -9.908306 4.864473 0.455816
v -9.369417 4.793205 0.583209
v -9.386621 4.769543 0.645570
v -9.403186 4.707872 0.671402
v -9.409409 4.644320 0.645570
v -9.401642 4.616114 0.583209
v -9.384439 4.639776 0.520847
v -9.367873 4.701447 0.495016
v -9.361651 4.764999 0.520847
v -8.846863 4.698116 0.738805
v -8.874075 4.676275 0.798196
v -8.894786 4.615359 0.822796
v -8.896862 4.551052 0.798196
v -8.879087 4.521025 0.738805
v -8.851874 4.542866 0.679414
v -8.831163 4.603782 0.654814
v -8.829088 4.668089 0.679414
v -8.350740 4.607837 0.982381
v -8.387133 4.587667 1.037277
v -8.411646 4.527442 1.060015
v -8.409920 4.462443 1.037277
v -8.382965 4.430746 0.982381
v -8.346572 4.450916 0.927485
v -8.322059 4.511140 0.904746
v -8.323785 4.576139 0.927485
v -7.893266 4.524590 1.307939
v -7.937794 4.505900 1.357059
v -7.965677 4.446290 1.377405
v -7.960581 4.380677 1.357059
v -7.925491 4.347499 1.307939
v -7.880962 4.366189 1.258819
v -7.853079 4.425800 1.238473
v -7.858176 4.491412 1.258819
v -7.485704 4.450427 1.707464
v -7.537191 4.433002 1.749776
v -7.567957 4.373917 1.767303
v -7.559978 4.307780 1.749776
v -7.517929 4.273335 1.707464
v -7.466442 4.290759 1.665151
v -7.435677 4.349846 1.647625
v -7.443655 4.415982 1.665151
v -7.138092 4.387172 2.171117
v -7.195293 4.370788 2.205821
v -7.228426 4.312132 2.220196
v -7.218081 4.245565 2.205821
v -7.170317 4.210080 2.171117
v -7.113115 4.226464 2.136413
v -7.079982 4.285120 2.122038
v -7.090328 4.351687 2.136413
v -6.858986 4.336383 2.687481
v -6.920634 4.320808 2.713973
v -6.955608 4.262487 2.724946
v -6.943421 4.195585 2.713973
v -6.891212 4.159292 2.687481
v -6.829564 4.174867 2.660990
v -6.794590 4.233187 2.650017
v -6.806777 4.300089 2.660990
v -6.655262 4.299312 3.243843
v -6.720082 4.284314 3.261681
v -6.756371 4.226233 3.269070
v -6.742869 4.159091 3.261681
v -6.687487 4.122220 3.243843
v -6.622666 4.137218 3.226005
v -6.586378 4.195299 3.218616
v -6.599879 4.262441 3.226005
v -6.531934 4.276870 3.826503
v -6.597863 4.262074 3.839888
v -6.634611 4.204076 3.845432
v -6.620650 4.136851 3.839888
v -6.564159 4.099778 3.826503
v -6.498229 4.114573 3.813118
v -6.461481 4.172572 3.807573
v -6.475442 4.239797 3.813118
v -13.324827 5.421492 4.797182
v -6.548046 4.188324 3.826503
vn 0.1812 0.7562 0.6288
vn 0.6794 0.4344 0.5913
vn 0.8044 -0.1464 0.5758
vn 0.4829 -0.6459 0.5913
vn -0.0968 -0.7715 0.6288
vn -0.5950 -0.4497 0.6661
vn -0.7200 0.1310 0.6815
vn -0.3985 0.6305 0.6661
vn 0.1617 0.9868 -0.0001
vn 0.8150 0.5795 0.0028
vn 0.9838 -0.1790 0.0040
vn 0.5586 -0.8294 0.0028
vn -0.1963 -0.9805 -0.0001
vn -0.8291 -0.5590 -0.0031
vn -0.9838 0.1790 -0.0043
vn -0.5791 0.8153 -0.0031
vn 0.1617 0.9868 -0.0026
vn 0.8073 0.5810 0.1038
vn 0.9729 -0.1770 0.1488
vn 0.5509 -0.8281 0.1038
vn -0.1963 -0.9805 -0.0026
vn -0.8214 -0.5603 -0.1065
vn -0.9729 0.1770 -0.1488
vn -0.5713 0.8138 -0.1065
vn 0.1620 0.9868 -0.0053
vn 0.7848 0.5852 0.2041
vn 0.9408 -0.1712 0.2924
vn 0.5283 -0.8242 0.2041
vn -0.1960 -0.9806 -0.0053
vn -0.7986 -0.5643 -0.2094
vn -0.9408 0.1712 -0.2924
vn -0.5486 0.8095 -0.2094
vn 0.1625 0.9867 -0.0080
vn 0.7471 0.5923 0.3017
vn 0.8870 -0.1614 0.4325
vn 0.4905 -0.8175 0.3017
vn -0.1954 -0.9807 -0.0080
vn -0.7602 -0.5711 -0.3098
vn -0.8870 0.1614 -0.4326
vn -0.5103 0.8023 -0.3098
vn 0.1635 0.9865 -0.0108
vn 0.6939 0.6023 0.3947
vn 0.8111 -0.1476 0.5661
vn 0.4372 -0.8081 0.3947
vn -0.1944 -0.9809 -0.0108
vn -0.7059 -0.5807 -0.4055
vn -0.8110 0.1476 -0.5661
vn -0.4561 0.7922 -0.4055
vn 0.1650 0.9862 -0.0135
vn 0.6253 0.6150 0.4804
vn 0.7129 -0.1297 0.6892
vn 0.3685 -0.7959 0.4804
vn -0.1929 -0.9811 -0.0135
vn -0.6357 -0.5932 -0.4939
vn -0.7128 0.1297 -0.6892
vn -0.3860 0.7791 -0.4939
vn 0.1671 0.9858 -0.0160
vn 0.5419 0.6305 0.5558
vn 0.5934 -0.1080 0.7976
vn 0.2851 -0.7809 0.5557
vn -0.1909 -0.9815 -0.0160
vn -0.5502 -0.6085 -0.5718
vn -0.5934 0.1080 -0.7976
vn -0.3006 0.7634 -0.5718
vn 0.1697 0.9853 -0.0182
vn 0.4454 0.6482 0.6176
vn 0.4550 -0.0828 0.8866
vn 0.1885 -0.7636 0.6176
vn -0.1883 -0.9819 -0.0182
vn -0.4510 -0.6264 -0.6358
vn -0.4550 0.0828 -0.8867
vn -0.2015 0.7451 -0.6358
vn 0.1727 0.9848 -0.0198
vn 0.3382 0.6679 0.6630
vn 0.3012 -0.0548 0.9520
vn 0.0813 -0.7442 0.6630
vn -0.1853 -0.9825 -0.0198
vn -0.3408 -0.6463 -0.6828
vn -0.3012 0.0548 -0.9520
vn -0.0913 0.7249 -0.6828
vn 0.1761 0.9842 -0.0207
vn 0.2241 0.6887 0.6895
vn 0.1373 -0.0250 0.9902
vn -0.0329 -0.7235 0.6895
vn -0.1819 -0.9831 -0.0207
vn -0.2232 -0.6676 -0.7102
vn -0.1373 0.0250 -0.9902
vn 0.0263 0.7035 -0.7102
vn 0.1796 0.9835 -0.0208
vn 0.1071 0.7099 0.6961
vn -0.0306 0.0056 0.9995
vn -0.1498 -0.7022 0.6961
vn -0.1784 -0.9837 -0.0208
vn -0.1028 -0.6896 -0.7169
vn 0.0306 -0.0056 -0.9995
vn 0.1467 0.6816 -0.7169
vn 0.1830 0.9829 -0.0201
vn -0.0082 0.7308 0.6826
vn -0.1962 0.0357 0.9799
vn -0.2651 -0.6810 0.6826
vn -0.1750 -0.9844 -0.0201
vn 0.0159 -0.7113 -0.7027
vn 0.1962 -0.0357 -0.9799
vn 0.2655 0.6601 -0.7027
vn 0.1861 0.9824 -0.0187
vn -0.1179 0.7505 0.6503
vn -0.3535 0.0643 0.9332
vn -0.3747 -0.6609 0.6503
vn -0.1719 -0.9849 -0.0187
vn 0.1286 -0.7320 -0.6690
vn 0.3534 -0.0643 -0.9332
vn 0.3782 0.6398 -0.6690
vn 0.1887 0.9819 -0.0169
vn -0.2186 0.7686 0.6013
vn -0.4977 0.0906 0.8626
vn -0.4753 -0.6423 0.6013
vn -0.1693 -0.9854 -0.0169
vn 0.2318 -0.7511 -0.6182
vn 0.4977 -0.0906 -0.8626
vn 0.4815 0.6213 -0.6182
vn 0.1909 0.9815 -0.0147
vn -0.3079 0.7846 0.5382
vn -0.6256 0.1138 0.7718
vn -0.5645 -0.6258 0.5382
vn -0.1671 -0.9858 -0.0147
vn 0.3232 -0.7680 -0.5529
vn 0.6255 -0.1138 -0.7719
vn 0.5730 0.6049 -0.5529
vn 0.1926 0.9812 -0.0123
vn -0.3844 0.7982 0.4638
vn -0.7349 0.1337 0.6649
vn -0.6409 -0.6116 0.4638
vn -0.1654 -0.9862 -0.0123
vn 0.4013 -0.7824 -0.4762
vn 0.7349 -0.1337 -0.6649
vn 0.6512 0.5909 -0.4762
vn 0.1939 0.9810 -0.0099
vn -0.4473 0.8094 0.3805
vn -0.8247 0.1501 0.5453
vn -0.7037 -0.6000 0.3805
vn -0.1641 -0.9864 -0.0099
vn 0.4654 -0.7943 -0.3904
vn 0.8247 -0.1501 -0.5453
vn 0.7154 0.5794 -0.3904
vn 0.1949 0.9808 -0.0074
vn -0.4962 0.8182 0.2905
vn -0.8946 0.1628 0.4163
vn -0.7526 -0.5909 0.2905
vn -0.1631 -0.9866 -0.0074
vn 0.5153 -0.8036 -0.2980
vn 0.8945 -0.1628 -0.4163
vn 0.7653 0.5705 -0.2980
vn 0.1956 0.9807 -0.0050
vn -0.5311 0.8244 0.1956
vn -0.9444 0.1719 0.2802
vn -0.7875 -0.5845 0.1956
vn -0.1624 -0.9867 -0.0050
vn 0.5508 -0.8102 -0.2007
vn 0.9444 -0.1718 -0.2805
vn 0.8009 0.5642 -0.2007
vn 0.2694 0.7401 0.6161
vn -0.2995 0.6125 0.7315
vn -0.6165 0.1122 0.7793
vn -0.4960 -0.4678 0.7315
vn -0.0086 -0.7876 0.6161
vn 0.5602 -0.6599 0.5006
vn 0.8772 -0.1596 0.4527
vn 0.7568 0.4203 0.5006
vn 0.0669 -0.0122 0.9977
vn 0.2069 -0.0377 0.9776
v -12.999581 6.927596 4.790086
v -12.941838 6.890296 4.785690
v -12.927360 6.822976 4.783869
v -12.964625 6.765072 4.785690
v -13.031807 6.750504 4.790086
v -13.089549 6.787805 4.794483
v -13.104029 6.855124 4.796304
v -13.066763 6.913028 4.794483
v -13.040086 6.934967 4.195563
v -12.982194 6.897639 4.195693
v -12.967653 6.830308 4.195747
v -13.004980 6.772416 4.195693
v -13.072311 6.757874 4.195563
v -13.130203 6.795202 4.195433
v -13.144744 6.862534 4.195379
v -13.107416 6.920425 4.195433
v -12.997379 6.927196 3.603904
v -12.940147 6.889987 3.613123
v -12.925880 6.822707 3.616942
v -12.962934 6.764764 3.613123
v -13.029605 6.750103 3.603904
v -13.086836 6.787311 3.594684
v -13.101104 6.854592 3.590866
v -13.064050 6.912534 3.594684
v -12.872514 6.904474 3.029676
v -12.817258 6.867626 3.047948
v -12.803808 6.800494 3.055516
v -12.840044 6.742403 3.047948
v -12.904739 6.727382 3.029676
v -12.959995 6.764230 3.011404
v -12.973444 6.831362 3.003836
v -12.937208 6.889453 3.011404
v -12.668563 6.867361 2.487019
v -12.616652 6.831121 2.514162
v -12.604588 6.764241 2.525405
v -12.639439 6.705898 2.514162
v -12.700788 6.690269 2.487019
v -12.752700 6.726508 2.459876
v -12.764765 6.793388 2.448633
v -12.729914 6.851731 2.459876
v -12.390550 6.816771 1.989296
v -12.343400 6.781398 2.024940
v -12.333308 6.714877 2.039704
v -12.366186 6.656175 2.024940
v -12.422775 6.639679 1.989296
v -12.469925 6.675052 1.953652
v -12.480017 6.741573 1.938888
v -12.447139 6.800275 1.953652
v -12.045320 6.753950 1.548761
v -12.004368 6.719704 1.592294
v -11.996844 6.653650 1.610326
v -12.027155 6.594481 1.592294
v -12.077545 6.576858 1.548761
v -12.118496 6.611103 1.505228
v -12.126020 6.677156 1.487196
v -12.095710 6.736326 1.505228
v -11.641373 6.680444 1.176263
v -11.608018 6.647581 1.226783
v -11.603641 6.582099 1.247710
v -11.630804 6.522358 1.226783
v -11.673598 6.503352 1.176263
v -11.706953 6.536214 1.125742
v -11.711330 6.601696 1.104815
v -11.684166 6.661438 1.125742
v -11.188656 6.598063 0.880973
v -11.164166 6.566813 0.937263
v -11.163461 6.502000 0.960579
v -11.186953 6.441590 0.937263
v -11.220881 6.420971 0.880973
v -11.245371 6.452220 0.824683
v -11.246077 6.517034 0.801366
v -11.222585 6.577444 0.824683
v -10.698317 6.508836 0.670162
v -10.683721 6.479387 0.730698
v -10.687114 6.415319 0.755773
v -10.706508 6.354164 0.730698
v -10.730542 6.331744 0.670162
v -10.745137 6.361193 0.609626
v -10.741744 6.425261 0.584551
v -10.722350 6.486416 0.609626
v -10.182428 6.414960 0.549022
v -10.178411 6.387436 0.612039
v -10.186185 6.324166 0.638141
v -10.201198 6.262213 0.612039
v -10.214654 6.237868 0.549022
v -10.218671 6.265392 0.486005
v -10.210896 6.328662 0.459902
v -10.195885 6.390615 0.486005
v -9.653694 6.318747 0.520534
v -9.660517 6.293195 0.584138
v -9.672781 6.230742 0.610484
v -9.683304 6.167972 0.584138
v -9.685920 6.141655 0.520534
v -9.679097 6.167206 0.456931
v -9.666832 6.229659 0.430585
v -9.656310 6.292429 0.456931
v -9.125134 6.222565 0.585402
v -9.142619 6.198953 0.647704
v -9.159301 6.137304 0.673511
v -9.165406 6.073730 0.647704
v -9.157358 6.045473 0.585402
v -9.139873 6.069084 0.523099
v -9.123191 6.130733 0.497293
v -9.117085 6.194307 0.523099
v -8.609760 6.128782 0.742026
v -8.637335 6.107007 0.801275
v -8.658195 6.046118 0.825816
v -8.660122 5.981784 0.801275
v -8.641986 5.951691 0.742026
v -8.614411 5.973466 0.682778
v -8.593551 6.034355 0.658237
v -8.591624 6.098689 0.682778
v -8.120266 6.039710 0.986552
v -8.157042 6.019608 1.041218
v -8.181713 5.959413 1.063862
v -8.179829 5.894385 1.041218
v -8.152492 5.862617 0.986552
v -8.115717 5.882719 0.931886
v -8.091045 5.942914 0.909242
v -8.092930 6.007942 0.931886
v -7.668703 5.957539 1.312957
v -7.713581 5.938912 1.361782
v -7.741609 5.879327 1.382007
v -7.736368 5.813689 1.361782
v -7.700929 5.780447 1.312957
v -7.656052 5.799073 1.264132
v -7.628024 5.858658 1.243907
v -7.633265 5.924296 1.264132
v -7.266191 5.884294 1.713205
v -7.317956 5.866920 1.755198
v -7.348836 5.807855 1.772592
v -7.340742 5.741697 1.755198
v -7.298416 5.707202 1.713205
v -7.246652 5.724575 1.671211
v -7.215771 5.783641 1.653817
v -7.223865 5.849798 1.671211
v -6.922640 5.821778 2.177439
v -6.980031 5.805428 2.211846
v -7.013241 5.746786 2.226098
v -7.002818 5.680205 2.211846
v -6.954865 5.644686 2.177439
v -6.897474 5.661036 2.143032
v -6.864264 5.719677 2.128781
v -6.874687 5.786259 2.143032
v -6.646510 5.771531 2.694230
v -6.708261 5.755974 2.720492
v -6.743278 5.697661 2.731370
v -6.731048 5.630751 2.720492
v -6.678735 5.594439 2.694230
v -6.616984 5.609995 2.667968
v -6.581967 5.668308 2.657090
v -6.594198 5.735218 2.667968
v -6.444600 5.734789 3.250852
v -6.509456 5.719798 3.268564
v -6.545760 5.661719 3.275901
v -6.532243 5.594575 3.268564
v -6.476825 5.557697 3.250852
v -6.411968 5.572688 3.233140
v -6.375665 5.630767 3.225803
v -6.389182 5.697911 3.233140
v -6.321881 5.712459 3.833599
v -6.387825 5.697665 3.846919
v -6.424579 5.639668 3.852436
v -6.410613 5.572442 3.846919
v -6.354107 5.535366 3.833599
v -6.288163 5.550159 3.820279
v -6.251410 5.608156 3.814762
v -6.265376 5.675383 3.820279
v -13.015694 6.839050 4.790086
v -6.337994 5.623912 3.833599
vn 0.1819 0.7561 0.6287
vn 0.6800 0.4343 0.5907
vn 0.8050 -0.1465 0.5750
vn 0.4835 -0.6460 0.5907
vn -0.0961 -0.7717 0.6287
vn -0.5944 -0.4498 0.6666
vn -0.7193 0.1309 0.6823
vn -0.3978 0.6304 0.6666
vn 0.1620 0.9868 -0.0001
vn 0.8151 0.5793 0.0014
vn 0.9838 -0.1790 0.0019
vn 0.5588 -0.8293 0.0014
vn -0.1960 -0.9806 -0.0001
vn -0.8290 -0.5592 -0.0016
vn -0.9838 0.1790 -0.0022
vn -0.5789 0.8154 -0.0016
vn 0.1619 0.9868 -0.0025
vn 0.8078 0.5808 0.1011
vn 0.9735 -0.1771 0.1449
vn 0.5514 -0.8281 0.1011
vn -0.1961 -0.9806 -0.0026
vn -0.8217 -0.5604 -0.1037
vn -0.9735 0.1771 -0.1449
vn -0.5716 0.8139 -0.1037
vn 0.1621 0.9868 -0.0052
vn 0.7859 0.5849 0.2004
vn 0.9424 -0.1715 0.2871
vn 0.5295 -0.8243 0.2004
vn -0.1959 -0.9806 -0.0052
vn -0.7996 -0.5642 -0.2055
vn -0.9424 0.1715 -0.2871
vn -0.5496 0.8097 -0.2055
vn 0.1626 0.9867 -0.0079
vn 0.7491 0.5919 0.2975
vn 0.8899 -0.1619 0.4265
vn 0.4926 -0.8178 0.2975
vn -0.1954 -0.9807 -0.0079
vn -0.7622 -0.5708 -0.3054
vn -0.8899 0.1619 -0.4265
vn -0.5123 0.8027 -0.3054
vn 0.1635 0.9865 -0.0107
vn 0.6967 0.6017 0.3906
vn 0.8151 -0.1483 0.5601
vn 0.4401 -0.8086 0.3906
vn -0.1945 -0.9808 -0.0107
vn -0.7088 -0.5802 -0.4012
vn -0.8150 0.1483 -0.5601
vn -0.4590 0.7927 -0.4012
vn 0.1649 0.9862 -0.0134
vn 0.6286 0.6145 0.4768
vn 0.7177 -0.1306 0.6840
vn 0.3718 -0.7965 0.4768
vn -0.1931 -0.9811 -0.0134
vn -0.6392 -0.5926 -0.4902
vn -0.7176 0.1306 -0.6841
vn -0.3894 0.7797 -0.4903
vn 0.1669 0.9858 -0.0161
vn 0.5453 0.6299 0.5531
vn 0.5983 -0.1089 0.7938
vn 0.2884 -0.7816 0.5531
vn -0.1911 -0.9814 -0.0161
vn -0.5537 -0.6078 -0.5692
vn -0.5983 0.1089 -0.7939
vn -0.3041 0.7639 -0.5692
vn 0.1695 0.9854 -0.0183
vn 0.4481 0.6479 0.6160
vn 0.4590 -0.0835 0.8845
vn 0.1912 -0.7642 0.6160
vn -0.1885 -0.9819 -0.0183
vn -0.4539 -0.6257 -0.6344
vn -0.4590 0.0835 -0.8845
vn -0.2044 0.7455 -0.6344
vn 0.1726 0.9848 -0.0201
vn 0.3398 0.6677 0.6623
vn 0.3035 -0.0552 0.9512
vn 0.0828 -0.7447 0.6623
vn -0.1854 -0.9825 -0.0201
vn -0.3424 -0.6458 -0.6824
vn -0.3035 0.0552 -0.9512
vn -0.0930 0.7251 -0.6824
vn 0.1761 0.9842 -0.0210
vn 0.2241 0.6889 0.6894
vn 0.1373 -0.0250 0.9902
vn -0.0329 -0.7237 0.6894
vn -0.1819 -0.9831 -0.0210
vn -0.2232 -0.6675 -0.7104
vn -0.1373 0.0250 -0.9902
vn 0.0262 0.7033 -0.7104
vn 0.1797 0.9835 -0.0211
vn 0.1055 0.7104 0.6959
vn -0.0331 0.0060 0.9994
vn -0.1515 -0.7020 0.6959
vn -0.1783 -0.9838 -0.0211
vn -0.1010 -0.6898 -0.7169
vn 0.0330 -0.0060 -0.9994
vn 0.1484 0.6812 -0.7169
vn 0.1831 0.9829 -0.0203
vn -0.0112 0.7315 0.6818
vn -0.2006 0.0365 0.9790
vn -0.2682 -0.6806 0.6818
vn -0.1748 -0.9844 -0.0203
vn 0.0191 -0.7118 -0.7021
vn 0.2006 -0.0365 -0.9790
vn 0.2686 0.6594 -0.7021
vn 0.1863 0.9823 -0.0188
vn -0.1218 0.7513 0.6486
vn -0.3592 0.0654 0.9310
vn -0.3787 -0.6602 0.6486
vn -0.1717 -0.9850 -0.0188
vn 0.1327 -0.7327 -0.6675
vn 0.3591 -0.0653 -0.9310
vn 0.3823 0.6390 -0.6675
vn 0.1889 0.9819 -0.0169
vn -0.2227 0.7694 0.5987
vn -0.5037 0.0917 0.8590
vn -0.4795 -0.6416 0.5987
vn -0.1691 -0.9855 -0.0169
vn 0.2361 -0.7518 -0.6156
vn 0.5037 -0.0917 -0.8590
vn 0.4858 0.6205 -0.6156
vn 0.1910 0.9815 -0.0146
vn -0.3117 0.7852 0.5350
vn -0.6310 0.1148 0.7672
vn -0.5684 -0.6251 0.5350
vn -0.1670 -0.9858 -0.0146
vn 0.3271 -0.7687 -0.5496
vn 0.6310 -0.1148 -0.7672
vn 0.5770 0.6042 -0.5496
vn 0.1926 0.9812 -0.0122
vn -0.3875 0.7987 0.4603
vn -0.7393 0.1345 0.6598
vn -0.6440 -0.6110 0.4603
vn -0.1654 -0.9862 -0.0122
vn 0.4044 -0.7831 -0.4725
vn 0.7392 -0.1345 -0.6599
vn 0.6543 0.5904 -0.4725
vn 0.1938 0.9810 -0.0097
vn -0.4494 0.8097 0.3773
vn -0.8277 0.1506 0.5406
vn -0.7059 -0.5995 0.3773
vn -0.1642 -0.9864 -0.0097
vn 0.4675 -0.7948 -0.3870
vn 0.8276 -0.1506 -0.5407
vn 0.7175 0.5792 -0.3870
vn 0.1947 0.9808 -0.0073
vn -0.4974 0.8183 0.2881
vn -0.8962 0.1631 0.4127
vn -0.7538 -0.5906 0.2881
vn -0.1633 -0.9866 -0.0073
vn 0.5163 -0.8039 -0.2953
vn 0.8962 -0.1631 -0.4127
vn 0.7664 0.5704 -0.2953
vn 0.1954 0.9807 -0.0048
vn -0.5316 0.8244 0.1943
vn -0.9450 0.1720 0.2782
vn -0.7880 -0.5843 0.1943
vn -0.1626 -0.9867 -0.0048
vn 0.5511 -0.8103 -0.1993
vn 0.9449 -0.1720 -0.2785
vn 0.8012 0.5642 -0.1993
vn 0.2688 0.7403 0.6163
vn -0.3002 0.6126 0.7311
vn -0.6173 0.1123 0.7787
vn -0.4968 -0.4676 0.7311
vn -0.0093 -0.7875 0.6163
vn 0.5597 -0.6598 0.5013
vn 0.8768 -0.1595 0.4537
vn 0.7563 0.4204 0.5013
vn 0.0680 -0.0124 0.9976
vn 0.2059 -0.0375 0.9779
v -12.644240 8.336746 4.776371
v -12.586507 8.299448 4.771847
v -12.572031 8.232128 4.769972
v -12.609293 8.174225 4.771847
v -12.676466 8.159654 4.776371
v -12.734200 8.196953 4.780896
v -12.748675 8.264272 4.782771
v -12.711412 8.322176 4.780896
v -12.685925 8.344331 4.182018
v -12.628032 8.307004 4.181895
v -12.613491 8.239672 4.181844
v -12.650819 8.181781 4.181895
v -12.718149 8.167238 4.182018
v -12.776041 8.204567 4.182141
v -12.790583 8.271898 4.182191
v -12.753254 8.329790 4.182141
v -12.646725 8.337198 3.590860
v -12.589426 8.299978 3.599596
v -12.575130 8.232693 3.603214
v -12.612212 8.174755 3.599596
v -12.678950 8.160107 3.590860
v -12.736250 8.197327 3.582125
v -12.750546 8.264612 3.578507
v -12.713463 8.322550 3.582125
v -12.527609 8.315522 3.017456
v -12.472162 8.278640 3.035067
v -12.458633 8.211493 3.042361
v -12.494948 8.153417 3.035067
v -12.559834 8.138430 3.017456
v -12.615281 8.175314 2.999846
v -12.628810 8.242460 2.992551
v -12.592495 8.300537 2.999846
v -12.331509 8.279839 2.475924
v -12.279252 8.243536 2.502310
v -12.267045 8.176630 2.513239
v -12.302038 8.118313 2.502310
v -12.363734 8.102746 2.475924
v -12.415991 8.139050 2.449538
v -12.428198 8.205956 2.438609
v -12.393205 8.264273 2.449538
v -12.063253 8.231024 1.979598
v -12.015608 8.195560 2.014486
v -12.005311 8.129003 2.028937
v -12.038395 8.070337 2.014486
v -12.095479 8.053932 1.979598
v -12.143124 8.089396 1.944710
v -12.153420 8.155954 1.930259
v -12.120337 8.214619 1.944710
v -11.729447 8.170281 1.540700
v -11.687899 8.135927 1.583576
v -11.680126 8.069828 1.601335
v -11.710685 8.010704 1.583576
v -11.761673 7.993189 1.540700
v -11.803223 8.027544 1.497824
v -11.810994 8.093643 1.480064
v -11.780436 8.152767 1.497824
v -11.338311 8.099106 1.170036
v -11.304344 8.066133 1.220075
v -11.299714 8.000606 1.240801
v -11.327131 7.940909 1.220075
v -11.370537 7.922014 1.170036
v -11.404504 7.954989 1.119998
v -11.409134 8.020516 1.099272
v -11.381717 8.080212 1.119998
v -10.899475 8.019252 0.876735
v -10.874475 7.987910 0.932748
v -10.873559 7.923058 0.955950
v -10.897262 7.862687 0.932748
v -10.931701 7.842160 0.876735
v -10.956700 7.873503 0.820721
v -10.957618 7.938354 0.797519
v -10.933914 7.998726 0.820721
v -10.423745 7.932683 0.668017
v -10.408855 7.903181 0.728455
v -10.412127 7.839091 0.753489
v -10.431643 7.777958 0.728455
v -10.455971 7.755591 0.668017
v -10.470860 7.785094 0.607578
v -10.467589 7.849184 0.582544
v -10.448073 7.910317 0.607578
v -9.922835 7.841533 0.549022
v -9.918818 7.814009 0.612039
v -9.926592 7.750739 0.638141
v -9.941605 7.688786 0.612039
v -9.955061 7.664441 0.549022
v -9.959078 7.691966 0.486005
v -9.951303 7.755236 0.459902
v -9.936292 7.817189 0.486005
v -9.409080 7.748045 0.522680
v -9.416211 7.722550 0.586272
v -9.428604 7.660120 0.612613
v -9.438998 7.597327 0.586272
v -9.441305 7.570953 0.522680
v -9.434173 7.596449 0.459087
v -9.421781 7.658878 0.432747
v -9.411386 7.721672 0.459087
v -8.895128 7.654522 0.589640
v -8.913179 7.631013 0.651820
v -8.930096 7.569407 0.677576
v -8.935966 7.505790 0.651820
v -8.927353 7.477430 0.589640
v -8.909302 7.500938 0.527460
v -8.892385 7.562545 0.501704
v -8.886515 7.626162 0.527460
v -8.393637 7.563265 0.748253
v -8.421930 7.541621 0.807209
v -8.443089 7.480786 0.831629
v -8.444716 7.416398 0.807209
v -8.425861 7.386173 0.748253
v -8.397568 7.407818 0.689296
v -8.376410 7.468653 0.664876
v -8.374781 7.533041 0.689296
v -7.916953 7.476523 0.994613
v -7.954481 7.456560 1.048815
v -7.979465 7.396421 1.071267
v -7.977268 7.331336 1.048815
v -7.949178 7.299431 0.994613
v -7.911650 7.319396 0.940410
v -7.886666 7.379534 0.917959
v -7.888863 7.444619 0.940410
v -7.476814 7.396432 1.322654
v -7.522373 7.377929 1.370893
v -7.550683 7.318396 1.390873
v -7.545160 7.252706 1.370893
v -7.509040 7.219340 1.322654
v -7.463481 7.237843 1.274417
v -7.435171 7.297376 1.254436
v -7.440694 7.363066 1.274417
v -7.084060 7.324962 1.724300
v -7.136362 7.307687 1.765662
v -7.167465 7.248662 1.782795
v -7.159149 7.182464 1.765662
v -7.116285 7.147870 1.724300
v -7.063982 7.165146 1.682937
v -7.032879 7.224171 1.665805
v -7.041195 7.290370 1.682937
v -6.748359 7.263875 2.189659
v -6.806113 7.247592 2.223484
v -6.839475 7.188977 2.237495
v -6.828900 7.122369 2.223484
v -6.780584 7.086783 2.189659
v -6.722830 7.103067 2.155834
v -6.689469 7.161681 2.141823
v -6.700044 7.228290 2.155834
v -6.477979 7.214674 2.707273
v -6.539926 7.199154 2.733089
v -6.575025 7.140855 2.743782
v -6.562713 7.073931 2.733089
v -6.510204 7.037582 2.707273
v -6.448256 7.053103 2.681458
v -6.413157 7.111401 2.670765
v -6.425469 7.178326 2.681458
v -6.279575 7.178571 3.264398
v -6.344502 7.163592 3.281867
v -6.380833 7.105519 3.289102
v -6.367289 7.038369 3.281867
v -6.311801 7.001479 3.264398
v -6.246875 7.016458 3.246929
v -6.210544 7.074531 3.239693
v -6.224089 7.141681 3.246929
v -6.158037 7.156454 3.847313
v -6.224007 7.141666 3.860507
v -6.260771 7.083671 3.865972
v -6.246794 7.016443 3.860507
v -6.190262 6.979362 3.847313
v -6.124291 6.994151 3.834119
v -6.087527 7.052146 3.828655
v -6.101505 7.119374 3.834119
v -12.660353 8.248200 4.776371
v -6.174149 7.067908 3.847313
vn 0.1831 0.7558 0.6286
vn 0.6812 0.4341 0.5895
vn 0.8061 -0.1467 0.5733
vn 0.4846 -0.6462 0.5895
vn -0.0949 -0.7719 0.6286
vn -0.5930 -0.4501 0.6676
vn -0.7179 0.1306 0.6838
vn -0.3965 0.6301 0.6676
vn 0.1624 0.9867 -0.0000
vn 0.8153 0.5791 -0.0014
vn 0.9838 -0.1790 -0.0021
vn 0.5590 -0.8291 -0.0014
vn -0.1956 -0.9807 -0.0000
vn -0.8289 -0.5594 0.0013
vn -0.9838 0.1790 0.0018
vn -0.5786 0.8156 0.0013
vn 0.1623 0.9867 -0.0024
vn 0.8087 0.5804 0.0958
vn 0.9745 -0.1773 0.1372
vn 0.5524 -0.8281 0.0958
vn -0.1957 -0.9807 -0.0024
vn -0.8223 -0.5605 -0.0982
vn -0.9745 0.1773 -0.1373
vn -0.5722 0.8142 -0.0982
vn 0.1624 0.9867 -0.0049
vn 0.7882 0.5844 0.1932
vn 0.9454 -0.1720 0.2767
vn 0.5318 -0.8245 0.1932
vn -0.1956 -0.9807 -0.0049
vn -0.8017 -0.5640 -0.1981
vn -0.9454 0.1720 -0.2767
vn -0.5516 0.8103 -0.1981
vn 0.1627 0.9866 -0.0076
vn 0.7530 0.5911 0.2893
vn 0.8953 -0.1629 0.4146
vn 0.4965 -0.8184 0.2893
vn -0.1953 -0.9807 -0.0076
vn -0.7660 -0.5702 -0.2969
vn -0.8953 0.1629 -0.4146
vn -0.5160 0.8035 -0.2969
vn 0.1634 0.9865 -0.0104
vn 0.7021 0.6007 0.3823
vn 0.8229 -0.1497 0.5482
vn 0.4455 -0.8095 0.3823
vn -0.1946 -0.9808 -0.0104
vn -0.7143 -0.5792 -0.3927
vn -0.8228 0.1497 -0.5482
vn -0.4645 0.7937 -0.3927
vn 0.1646 0.9863 -0.0133
vn 0.6351 0.6133 0.4695
vn 0.7271 -0.1323 0.6737
vn 0.3783 -0.7977 0.4695
vn -0.1934 -0.9810 -0.0133
vn -0.6459 -0.5913 -0.4829
vn -0.7270 0.1323 -0.6738
vn -0.3962 0.7809 -0.4829
vn 0.1665 0.9859 -0.0162
vn 0.5519 0.6289 0.5477
vn 0.6079 -0.1106 0.7863
vn 0.2950 -0.7830 0.5477
vn -0.1915 -0.9814 -0.0162
vn -0.5607 -0.6064 -0.5639
vn -0.6079 0.1106 -0.7863
vn -0.3111 0.7650 -0.5638
vn 0.1691 0.9854 -0.0187
vn 0.4536 0.6471 0.6128
vn 0.4670 -0.0850 0.8802
vn 0.1966 -0.7654 0.6128
vn -0.1889 -0.9818 -0.0187
vn -0.4597 -0.6244 -0.6314
vn -0.4670 0.0850 -0.8802
vn -0.2103 0.7464 -0.6314
vn 0.1723 0.9848 -0.0206
vn 0.3430 0.6675 0.6609
vn 0.3081 -0.0561 0.9497
vn 0.0859 -0.7455 0.6609
vn -0.1857 -0.9824 -0.0206
vn -0.3458 -0.6450 -0.6815
vn -0.3081 0.0561 -0.9497
vn -0.0964 0.7254 -0.6815
vn 0.1760 0.9842 -0.0216
vn 0.2241 0.6892 0.6891
vn 0.1373 -0.0250 0.9902
vn -0.0330 -0.7240 0.6891
vn -0.1820 -0.9831 -0.0216
vn -0.2232 -0.6672 -0.7107
vn -0.1373 0.0250 -0.9902
vn 0.0261 0.7030 -0.7107
vn 0.1798 0.9835 -0.0216
vn 0.1022 0.7113 0.6954
vn -0.0379 0.0069 0.9993
vn -0.1550 -0.7017 0.6954
vn -0.1782 -0.9838 -0.0216
vn -0.0975 -0.6901 -0.7171
vn 0.0379 -0.0069 -0.9993
vn 0.1519 0.6802 -0.7171
vn 0.1834 0.9828 -0.0207
vn -0.0173 0.7328 0.6802
vn -0.2095 0.0381 0.9771
vn -0.2744 -0.6797 0.6802
vn -0.1746 -0.9844 -0.0207
vn 0.0256 -0.7127 -0.7010
vn 0.2095 -0.0381 -0.9771
vn 0.2750 0.6581 -0.7009
vn 0.1866 0.9823 -0.0190
vn -0.1296 0.7529 0.6453
vn -0.3705 0.0674 0.9264
vn -0.3865 -0.6590 0.6453
vn -0.1714 -0.9850 -0.0190
vn 0.1408 -0.7341 -0.6643
vn 0.3704 -0.0674 -0.9264
vn 0.3904 0.6374 -0.6643
vn 0.1892 0.9818 -0.0168
vn -0.2309 0.7709 0.5936
vn -0.5156 0.0938 0.8517
vn -0.4877 -0.6401 0.5936
vn -0.1688 -0.9855 -0.0168
vn 0.2446 -0.7533 -0.6104
vn 0.5155 -0.0938 -0.8517
vn 0.4943 0.6189 -0.6104
vn 0.1912 0.9815 -0.0144
vn -0.3192 0.7866 0.5286
vn -0.6418 0.1168 0.7580
vn -0.5759 -0.6237 0.5286
vn -0.1668 -0.9859 -0.0144
vn 0.3348 -0.7701 -0.5430
vn 0.6417 -0.1168 -0.7580
vn 0.5846 0.6028 -0.5430
vn 0.1926 0.9812 -0.0118
vn -0.3935 0.7997 0.4535
vn -0.7477 0.1361 0.6499
vn -0.6500 -0.6098 0.4535
vn -0.1654 -0.9862 -0.0119
vn 0.4104 -0.7842 -0.4654
vn 0.7477 -0.1361 -0.6500
vn 0.6603 0.5894 -0.4654
vn 0.1937 0.9810 -0.0094
vn -0.4536 0.8103 0.3710
vn -0.8334 0.1516 0.5315
vn -0.7100 -0.5986 0.3710
vn -0.1643 -0.9864 -0.0094
vn 0.4714 -0.7957 -0.3804
vn 0.8334 -0.1516 -0.5315
vn 0.7215 0.5786 -0.3804
vn 0.1944 0.9809 -0.0070
vn -0.4998 0.8185 0.2833
vn -0.8993 0.1636 0.4056
vn -0.7561 -0.5899 0.2833
vn -0.1636 -0.9865 -0.0070
vn 0.5183 -0.8044 -0.2902
vn 0.8993 -0.1636 -0.4057
vn 0.7685 0.5703 -0.2902
vn 0.1949 0.9808 -0.0047
vn -0.5327 0.8243 0.1917
vn -0.9461 0.1722 0.2744
vn -0.7889 -0.5838 0.1917
vn -0.1631 -0.9866 -0.0046
vn 0.5516 -0.8106 -0.1965
vn 0.9460 -0.1721 -0.2747
vn 0.8018 0.5644 -0.1965
vn 0.2675 0.7405 0.6165
vn -0.3017 0.6129 0.7303
vn -0.6188 0.1126 0.7774
vn -0.4982 -0.4674 0.7303
vn -0.0105 -0.7873 0.6165
vn 0.5587 -0.6597 0.5027
vn 0.8759 -0.1594 0.4555
vn 0.7553 0.4206 0.5027
vn 0.0700 -0.0127 0.9975
vn 0.2040 -0.0371 0.9783
v -12.227467 9.734717 4.753858
v -12.169747 9.697421 4.749122
v -12.155278 9.630104 4.747160
v -12.192534 9.572199 4.749122
v -12.259691 9.557625 4.753858
v -12.317410 9.594921 4.758594
v -12.331879 9.662239 4.760555
v -12.294623 9.720144 4.758594
v -12.271085 9.742655 4.159781
v -12.213195 9.705327 4.159241
v -12.198654 9.637997 4.159017
v -12.235981 9.580105 4.159241
v -12.303310 9.565562 4.159781
v -12.361200 9.602890 4.160321
v -12.375740 9.670221 4.160545
v -12.338413 9.728113 4.160321
v -12.237643 9.736569 3.569448
v -12.180240 9.699330 3.577382
v -12.165901 9.632036 3.580668
v -12.203027 9.574108 3.577382
v -12.269869 9.559477 3.569448
v -12.327272 9.596716 3.561515
v -12.341611 9.664011 3.558228
v -12.304485 9.721939 3.561515
v -12.127966 9.716612 2.997396
v -12.072217 9.679674 3.013902
v -12.058563 9.612505 3.020739
v -12.095003 9.554451 3.013902
v -12.160192 9.539519 2.997396
v -12.215941 9.576458 2.980890
v -12.229595 9.643627 2.974053
v -12.193154 9.701680 2.980890
v -11.944754 9.683272 2.457710
v -11.891938 9.646868 2.482813
v -11.879500 9.579920 2.493211
v -11.914725 9.521646 2.482813
v -11.976979 9.506180 2.457710
v -12.029795 9.542584 2.432606
v -12.042233 9.609533 2.422208
v -12.007008 9.667807 2.432606
v -11.692516 9.637373 1.963678
v -11.644054 9.601761 1.997265
v -11.633419 9.535141 2.011178
v -11.666841 9.476538 1.997265
v -11.724742 9.460281 1.963678
v -11.773204 9.495893 1.930091
v -11.783838 9.562513 1.916179
v -11.750417 9.621116 1.930091
v -11.377465 9.580044 1.527467
v -11.334910 9.545506 1.569192
v -11.326721 9.479332 1.586476
v -11.357697 9.420283 1.569192
v -11.409691 9.402951 1.527467
v -11.452247 9.437489 1.485740
v -11.460436 9.503663 1.468457
v -11.429461 9.562712 1.485740
v -11.007360 9.512695 1.159815
v -10.972342 9.479530 1.208996
v -10.967277 9.413923 1.229367
v -10.995130 9.354307 1.208996
v -11.039585 9.335603 1.159815
v -11.074601 9.368769 1.110634
v -11.079667 9.434376 1.090263
v -11.051815 9.493992 1.110634
v -10.591311 9.436987 0.869777
v -10.565421 9.405482 0.925294
v -10.564136 9.340565 0.948289
v -10.588207 9.280260 0.925294
v -10.623536 9.259895 0.869777
v -10.649426 9.291399 0.814261
v -10.650711 9.356318 0.791265
v -10.626639 9.416622 0.814261
v -10.139564 9.354783 0.664495
v -10.124156 9.325186 0.724756
v -10.127212 9.261057 0.749717
v -10.146942 9.199963 0.724756
v -10.171789 9.177691 0.664495
v -10.187198 9.207289 0.604233
v -10.184141 9.271418 0.579272
v -10.164411 9.332511 0.604233
v -9.663242 9.268106 0.549022
v -9.659225 9.240582 0.612039
v -9.666999 9.177313 0.638141
v -9.682012 9.115360 0.612039
v -9.695468 9.091015 0.549022
v -9.699486 9.118540 0.486005
v -9.691711 9.181809 0.459902
v -9.676699 9.243762 0.486005
v -9.174075 9.179093 0.526202
v -9.181753 9.153697 0.589770
v -9.194372 9.091309 0.616101
v -9.204540 9.028475 0.589770
v -9.206301 9.002001 0.526202
v -9.198622 9.027397 0.462633
v -9.186003 9.089787 0.436302
v -9.175836 9.152620 0.462633
v -8.684107 9.089934 0.596597
v -8.703149 9.066606 0.658549
v -8.720474 9.005074 0.684211
v -8.725935 8.941383 0.658549
v -8.716332 8.912842 0.596597
v -8.697290 8.936171 0.534645
v -8.679964 8.997703 0.508983
v -8.674503 9.061393 0.534645
v -8.205402 9.002825 0.758474
v -8.234938 8.981405 0.816901
v -8.256611 8.920666 0.841102
v -8.257725 8.856183 0.816901
v -8.237627 8.825732 0.758474
v -8.208092 8.847151 0.700047
v -8.186419 8.907892 0.675845
v -8.185305 8.972374 0.700047
v -7.749749 8.919909 1.007846
v -7.788557 8.900177 1.061227
v -7.814071 8.840136 1.083338
v -7.811343 8.774955 1.061227
v -7.781974 8.742817 1.007846
v -7.743166 8.762548 0.954466
v -7.717652 8.822591 0.932355
v -7.720379 8.887772 0.954466
v -7.328365 8.843230 1.338574
v -7.375064 8.824934 1.385792
v -7.403845 8.765488 1.405350
v -7.397850 8.699712 1.385792
v -7.360591 8.666138 1.338574
v -7.313893 8.684435 1.291357
v -7.285112 8.743881 1.271799
v -7.291107 8.809657 1.291357
v -6.951629 8.774675 1.742514
v -7.004817 8.757561 1.782801
v -7.036286 8.698603 1.799488
v -7.027604 8.632339 1.782801
v -6.983854 8.597584 1.742514
v -6.930666 8.614698 1.702227
v -6.899197 8.673656 1.685540
v -6.907880 8.739922 1.702227
v -6.628816 8.715933 2.209719
v -6.687161 8.699757 2.242568
v -6.720767 8.641188 2.256174
v -6.709948 8.574534 2.242568
v -6.661041 8.538841 2.209719
v -6.602695 8.555017 2.176871
v -6.569089 8.613587 2.163265
v -6.579909 8.680241 2.176871
v -6.367874 8.668450 2.728686
v -6.430140 8.652987 2.753760
v -6.465370 8.594713 2.764146
v -6.452927 8.527765 2.753760
v -6.400100 8.491358 2.728686
v -6.337833 8.506821 2.703611
v -6.302604 8.565096 2.693225
v -6.315047 8.632044 2.703611
v -6.175229 8.633394 3.286634
v -6.240267 8.618436 3.303702
v -6.276644 8.560371 3.310771
v -6.263053 8.493214 3.303702
v -6.207455 8.456303 3.286634
v -6.142417 8.471262 3.269567
v -6.106040 8.529326 3.262497
v -6.119631 8.596484 3.269567
v -6.055625 8.611630 3.869828
v -6.121638 8.596849 3.882814
v -6.158421 8.538858 3.888194
v -6.144425 8.471626 3.882814
v -6.087850 8.434538 3.869828
v -6.021837 8.449320 3.856841
v -5.985055 8.507311 3.851461
v -5.999050 8.574542 3.856841
v -12.243579 9.646172 4.753858
v -6.071738 8.523085 3.869828
vn 0.1852 0.7555 0.6285
vn 0.6831 0.4337 0.5876
vn 0.8080 -0.1470 0.5706
vn 0.4866 -0.6466 0.5876
vn -0.0928 -0.7723 0.6285
vn -0.5908 -0.4505 0.6693
vn -0.7157 0.1302 0.6862
vn -0.3943 0.6297 0.6693
vn 0.1632 0.9866 0.0001
vn 0.8156 0.5786 -0.0060
vn 0.9838 -0.1790 -0.0086
vn 0.5595 -0.8288 -0.0060
vn -0.1948 -0.9808 0.0001
vn -0.8285 -0.5599 0.0060
vn -0.9838 0.1790 0.0083
vn -0.5782 0.8159 0.0060
vn 0.1630 0.9866 -0.0021
vn 0.8101 0.5797 0.0871
vn 0.9762 -0.1776 0.1246
vn 0.5540 -0.8280 0.0871
vn -0.1950 -0.9808 -0.0020
vn -0.8232 -0.5607 -0.0892
vn -0.9762 0.1776 -0.1247
vn -0.5730 0.8147 -0.0892
vn 0.1628 0.9866 -0.0044
vn 0.7917 0.5834 0.1811
vn 0.9502 -0.1729 0.2593
vn 0.5355 -0.8249 0.1811
vn -0.1952 -0.9808 -0.0044
vn -0.8049 -0.5637 -0.1856
vn -0.9502 0.1729 -0.2594
vn -0.5547 0.8111 -0.1856
vn 0.1629 0.9866 -0.0070
vn 0.7592 0.5897 0.2753
vn 0.9041 -0.1645 0.3944
vn 0.5028 -0.8194 0.2753
vn -0.1951 -0.9808 -0.0070
vn -0.7721 -0.5693 -0.2824
vn -0.9041 0.1645 -0.3945
vn -0.5221 0.8048 -0.2824
vn 0.1633 0.9865 -0.0099
vn 0.7111 0.5990 0.3681
vn 0.8357 -0.1521 0.5277
vn 0.4546 -0.8111 0.3681
vn -0.1947 -0.9808 -0.0100
vn -0.7235 -0.5776 -0.3781
vn -0.8356 0.1521 -0.5278
vn -0.4736 0.7955 -0.3780
vn 0.1642 0.9863 -0.0131
vn 0.6461 0.6114 0.4569
vn 0.7429 -0.1352 0.6556
vn 0.3893 -0.7998 0.4569
vn -0.1938 -0.9810 -0.0131
vn -0.6573 -0.5891 -0.4700
vn -0.7428 0.1352 -0.6557
vn -0.4076 0.7829 -0.4700
vn 0.1659 0.9860 -0.0163
vn 0.5633 0.6271 0.5381
vn 0.6244 -0.1136 0.7728
vn 0.3063 -0.7853 0.5381
vn -0.1921 -0.9812 -0.0163
vn -0.5726 -0.6040 -0.5544
vn -0.6244 0.1136 -0.7728
vn -0.3231 0.7670 -0.5544
vn 0.1684 0.9855 -0.0192
vn 0.4633 0.6458 0.6069
vn 0.4810 -0.0875 0.8723
vn 0.2061 -0.7676 0.6069
vn -0.1896 -0.9817 -0.0192
vn -0.4699 -0.6222 -0.6262
vn -0.4809 0.0875 -0.8724
vn -0.2206 0.7478 -0.6262
vn 0.1718 0.9849 -0.0215
vn 0.3486 0.6670 0.6585
vn 0.3163 -0.0576 0.9469
vn 0.0913 -0.7470 0.6585
vn -0.1862 -0.9823 -0.0215
vn -0.3517 -0.6434 -0.6800
vn -0.3162 0.0575 -0.9469
vn -0.1025 0.7260 -0.6800
vn 0.1758 0.9842 -0.0227
vn 0.2241 0.6898 0.6885
vn 0.1373 -0.0250 0.9902
vn -0.0332 -0.7245 0.6885
vn -0.1821 -0.9830 -0.0227
vn -0.2232 -0.6666 -0.7112
vn -0.1373 0.0250 -0.9902
vn 0.0260 0.7025 -0.7112
vn 0.1800 0.9834 -0.0227
vn 0.0963 0.7129 0.6946
vn -0.0465 0.0085 0.9989
vn -0.1610 -0.7011 0.6946
vn -0.1779 -0.9838 -0.0226
vn -0.0912 -0.6908 -0.7173
vn 0.0465 -0.0084 -0.9989
vn 0.1580 0.6786 -0.7173
vn 0.1839 0.9827 -0.0214
vn -0.0280 0.7352 0.6773
vn -0.2251 0.0410 0.9735
vn -0.2852 -0.6782 0.6773
vn -0.1740 -0.9845 -0.0214
vn 0.0369 -0.7144 -0.6988
vn 0.2250 -0.0409 -0.9735
vn 0.2862 0.6556 -0.6988
vn 0.1872 0.9821 -0.0193
vn -0.1430 0.7556 0.6392
vn -0.3900 0.0710 0.9181
vn -0.4001 -0.6568 0.6392
vn -0.1708 -0.9851 -0.0193
vn 0.1550 -0.7364 -0.6586
vn 0.3899 -0.0710 -0.9181
vn 0.4044 0.6346 -0.6586
vn 0.1897 0.9817 -0.0167
vn -0.2449 0.7735 0.5845
vn -0.5357 0.0975 0.8388
vn -0.5017 -0.6377 0.5845
vn -0.1683 -0.9856 -0.0167
vn 0.2591 -0.7559 -0.6013
vn 0.5356 -0.0975 -0.8388
vn 0.5088 0.6162 -0.6013
vn 0.1914 0.9814 -0.0140
vn -0.3318 0.7888 0.5175
vn -0.6597 0.1200 0.7419
vn -0.5884 -0.6213 0.5175
vn -0.1666 -0.9859 -0.0140
vn 0.3475 -0.7725 -0.5315
vn 0.6596 -0.1200 -0.7420
vn 0.5974 0.6006 -0.5315
vn 0.1926 0.9812 -0.0113
vn -0.4034 0.8013 0.4418
vn -0.7616 0.1386 0.6330
vn -0.6598 -0.6078 0.4418
vn -0.1654 -0.9862 -0.0113
vn 0.4201 -0.7862 -0.4532
vn 0.7616 -0.1386 -0.6331
vn 0.6702 0.5878 -0.4531
vn 0.1933 0.9811 -0.0088
vn -0.4604 0.8112 0.3605
vn -0.8427 0.1533 0.5161
vn -0.7166 -0.5971 0.3605
vn -0.1647 -0.9863 -0.0088
vn 0.4778 -0.7971 -0.3693
vn 0.8426 -0.1533 -0.5162
vn 0.7279 0.5777 -0.3693
vn 0.1939 0.9810 -0.0065
vn -0.5037 0.8188 0.2753
vn -0.9043 0.1646 0.3940
vn -0.7599 -0.5889 0.2753
vn -0.1642 -0.9864 -0.0065
vn 0.5215 -0.8054 -0.2818
vn 0.9043 -0.1645 -0.3940
vn 0.7718 0.5700 -0.2818
vn 0.1942 0.9809 -0.0043
vn -0.5344 0.8242 0.1874
vn -0.9478 0.1725 0.2681
vn -0.7905 -0.5832 0.1874
vn -0.1638 -0.9865 -0.0043
vn 0.5524 -0.8112 -0.1918
vn 0.9478 -0.1725 -0.2683
vn 0.8028 0.5646 -0.1918
vn 0.2655 0.7408 0.6170
vn -0.3040 0.6133 0.7290
vn -0.6214 0.1131 0.7753
vn -0.5006 -0.4669 0.7290
vn -0.0125 -0.7869 0.6170
vn 0.5571 -0.6594 0.5049
vn 0.8744 -0.1591 0.4584
vn 0.7536 0.4209 0.5049
vn 0.0732 -0.0133 0.9972
vn 0.2008 -0.0365 0.9790
v -11.734031 11.118738 4.720363
v -11.676336 11.081447 4.715312
v -11.661877 11.014131 4.713221
v -11.699122 10.956223 4.715312
v -11.766256 10.941647 4.720363
v -11.823951 10.978938 4.725413
v -11.838410 11.046254 4.727505
v -11.801164 11.104161 4.725413
v -11.780528 11.127199 4.126698
v -11.722647 11.089873 4.125535
v -11.708110 11.022544 4.125054
v -11.745433 10.964650 4.125535
v -11.812754 10.950108 4.126698
v -11.870635 10.987433 4.127861
v -11.885172 11.054763 4.128343
v -11.847849 11.112657 4.127861
v -11.755653 11.122673 3.537593
v -11.698112 11.085409 3.544319
v -11.683716 11.018105 3.547106
v -11.720899 10.960186 3.544319
v -11.787879 10.945581 3.537593
v -11.845420 10.982845 3.530866
v -11.859816 11.050150 3.528080
v -11.822634 11.108068 3.530866
v -11.660018 11.105269 2.967552
v -11.603847 11.068256 2.982370
v -11.590018 11.001055 2.988508
v -11.626634 10.943033 2.982370
v -11.692244 10.928178 2.967552
v -11.748415 10.965193 2.952734
v -11.762243 11.032394 2.946597
v -11.725628 11.090416 2.952734
v -11.495977 11.075420 2.430612
v -11.442357 11.038870 2.453716
v -11.429585 10.971861 2.463286
v -11.465144 10.913647 2.453716
v -11.528203 10.898329 2.430612
v -11.581823 10.934878 2.407508
v -11.594595 11.001887 2.397938
v -11.559037 11.060102 2.407508
v -11.267571 11.033857 1.939994
v -11.217892 10.998023 1.971502
v -11.206753 10.931312 1.984553
v -11.240679 10.872800 1.971502
v -11.299797 10.856766 1.939994
v -11.349477 10.892598 1.908486
v -11.360616 10.959310 1.895435
v -11.326690 11.017821 1.908486
v -10.980424 10.981605 1.507779
v -10.936316 10.946785 1.547616
v -10.927485 10.880493 1.564117
v -10.959104 10.821562 1.547616
v -11.012649 10.804513 1.507779
v -11.056756 10.839333 1.467941
v -11.065587 10.905623 1.451440
v -11.033970 10.964556 1.467941
v -10.641604 10.919950 1.144609
v -10.604915 10.886480 1.192343
v -10.599156 10.820747 1.212115
v -10.627702 10.761257 1.192343
v -10.673830 10.742858 1.144609
v -10.710519 10.776328 1.096875
v -10.716278 10.842060 1.077103
v -10.687733 10.901551 1.096875
v -10.259457 10.850410 0.859427
v -10.232108 10.818641 0.914086
v -10.230219 10.753613 0.936727
v -10.254895 10.693418 0.914086
v -10.291681 10.673319 0.859427
v -10.319030 10.705088 0.804768
v -10.320919 10.770117 0.782127
v -10.296243 10.830311 0.804768
v -9.843390 10.774699 0.659255
v -9.827114 10.744945 0.719210
v -9.829811 10.680750 0.744044
v -9.849901 10.619721 0.719210
v -9.875615 10.597608 0.659255
v -9.891891 10.627362 0.599300
v -9.889194 10.691557 0.574465
v -9.869104 10.752585 0.599300
v -9.403649 10.694679 0.549022
v -9.399632 10.667155 0.612039
v -9.407406 10.603886 0.638141
v -9.422419 10.541932 0.612039
v -9.435875 10.517588 0.549022
v -9.439893 10.545113 0.486005
v -9.432118 10.608382 0.459902
v -9.417106 10.670336 0.486005
v -8.951063 10.612323 0.531441
v -8.959659 10.587094 0.594959
v -8.972657 10.524775 0.621269
v -8.982445 10.461871 0.594959
v -8.983289 10.435231 0.531441
v -8.974693 10.460460 0.467924
v -8.961695 10.522779 0.441614
v -8.951906 10.585683 0.467924
v -8.496775 10.529655 0.606947
v -8.517451 10.506625 0.668486
v -8.535455 10.445217 0.693975
v -8.540238 10.381402 0.668486
v -8.529000 10.352564 0.606947
v -8.508325 10.375595 0.545409
v -8.490321 10.437004 0.519919
v -8.485538 10.500818 0.545409
v -8.051971 10.448716 0.773680
v -8.083508 10.427662 0.831187
v -8.106010 10.367071 0.855007
v -8.106296 10.302439 0.831187
v -8.084197 10.271625 0.773680
v -8.052660 10.292678 0.716174
v -8.030159 10.353268 0.692353
v -8.029873 10.417901 0.716174
v -7.627605 10.371493 1.027534
v -7.668418 10.352127 1.079535
v -7.694761 10.292236 1.101075
v -7.691205 10.226904 1.079535
v -7.659830 10.194402 1.027534
v -7.619018 10.213768 0.975533
v -7.592673 10.273660 0.953993
v -7.596231 10.338991 0.975533
v -7.234124 10.299892 1.362259
v -7.282557 10.281913 1.407820
v -7.312057 10.222596 1.426692
v -7.305344 10.156690 1.407820
v -7.266350 10.122801 1.362259
v -7.217917 10.140780 1.316697
v -7.188416 10.200097 1.297825
v -7.195130 10.266004 1.316697
v -6.881219 10.235674 1.769612
v -6.935724 10.218800 1.808203
v -6.967740 10.159941 1.824188
v -6.958511 10.093576 1.808203
v -6.913445 10.058582 1.769612
v -6.858939 10.075458 1.731020
v -6.826924 10.134316 1.715035
v -6.836152 10.200681 1.731020
v -6.577578 10.180421 2.239563
v -6.636788 10.164402 2.270908
v -6.670752 10.105898 2.283891
v -6.659575 10.039179 2.270908
v -6.609803 10.003329 2.239563
v -6.550594 10.019348 2.208219
v -6.516630 10.077852 2.195235
v -6.527807 10.144571 2.208219
v -6.330678 10.135492 2.760541
v -6.393404 10.120113 2.784494
v -6.428825 10.061874 2.794416
v -6.416192 9.994890 2.784494
v -6.362904 9.958401 2.760541
v -6.300178 9.973780 2.736588
v -6.264757 10.032019 2.726666
v -6.277390 10.099003 2.736588
v -6.146600 10.101995 3.319717
v -6.211799 10.087068 3.336183
v -6.248243 10.029014 3.343004
v -6.234585 9.961844 3.336183
v -6.178825 9.924904 3.319717
v -6.113626 9.939833 3.303250
v -6.077182 9.997887 3.296430
v -6.090840 10.065057 3.303250
v -6.029875 10.080755 3.903322
v -6.095950 10.065986 3.916000
v -6.132759 10.007998 3.921252
v -6.118737 9.940763 3.916000
v -6.062100 9.903664 3.903322
v -5.996024 9.918433 3.890644
v -5.959216 9.976419 3.885393
v -5.973238 10.043656 3.890644
v -11.750143 11.030192 4.720363
v -6.045988 9.992209 3.903322
vn 0.1882 0.7549 0.6282
vn 0.6860 0.4332 0.5846
vn 0.8107 -0.1475 0.5665
vn 0.4894 -0.6471 0.5846
vn -0.0898 -0.7728 0.6282
vn -0.5875 -0.4511 0.6718
vn -0.7123 0.1296 0.6898
vn -0.3910 0.6292 0.6718
vn 0.1644 0.9864 0.0003
vn 0.8160 0.5779 -0.0128
vn 0.9837 -0.1790 -0.0184
vn 0.5601 -0.8283 -0.0128
vn -0.1937 -0.9811 0.0003
vn -0.8280 -0.5606 0.0130
vn -0.9837 0.1790 0.0181
vn -0.5775 0.8163 0.0130
vn 0.1640 0.9865 -0.0016
vn 0.8121 0.5788 0.0739
vn 0.9783 -0.1780 0.1057
vn 0.5561 -0.8278 0.0739
vn -0.1940 -0.9810 -0.0016
vn -0.8244 -0.5610 -0.0755
vn -0.9783 0.1780 -0.1057
vn -0.5739 0.8154 -0.0755
vn 0.1636 0.9865 -0.0037
vn 0.7967 0.5820 0.1627
vn 0.9568 -0.1741 0.2328
vn 0.5407 -0.8254 0.1627
vn -0.1944 -0.9809 -0.0037
vn -0.8093 -0.5634 -0.1665
vn -0.9568 0.1741 -0.2329
vn -0.5589 0.8123 -0.1665
vn 0.1633 0.9866 -0.0062
vn 0.7683 0.5877 0.2535
vn 0.9167 -0.1668 0.3630
vn 0.5120 -0.8207 0.2535
vn -0.1947 -0.9808 -0.0062
vn -0.7810 -0.5680 -0.2598
vn -0.9167 0.1668 -0.3631
vn -0.5308 0.8067 -0.2598
vn 0.1632 0.9866 -0.0092
vn 0.7246 0.5964 0.3454
vn 0.8548 -0.1555 0.4950
vn 0.4681 -0.8134 0.3454
vn -0.1948 -0.9808 -0.0092
vn -0.7371 -0.5753 -0.3546
vn -0.8548 0.1555 -0.4952
vn -0.4872 0.7981 -0.3546
vn 0.1636 0.9864 -0.0126
vn 0.6630 0.6084 0.4361
vn 0.7673 -0.1396 0.6259
vn 0.4062 -0.8030 0.4361
vn -0.1944 -0.9808 -0.0126
vn -0.6748 -0.5859 -0.4488
vn -0.7672 0.1396 -0.6260
vn -0.4252 0.7860 -0.4488
vn 0.1649 0.9862 -0.0163
vn 0.5814 0.6241 0.5219
vn 0.6507 -0.1184 0.7500
vn 0.3243 -0.7889 0.5219
vn -0.1931 -0.9810 -0.0163
vn -0.5916 -0.6002 -0.5383
vn -0.6506 0.1184 -0.7501
vn -0.3422 0.7701 -0.5383
vn 0.1673 0.9857 -0.0200
vn 0.4790 0.6436 0.5970
vn 0.5040 -0.0917 0.8588
vn 0.2216 -0.7711 0.5970
vn -0.1907 -0.9814 -0.0200
vn -0.4865 -0.6186 -0.6170
vn -0.5038 0.0917 -0.8589
vn -0.2374 0.7503 -0.6170
vn 0.1709 0.9850 -0.0230
vn 0.3579 0.6662 0.6543
vn 0.3299 -0.0600 0.9421
vn 0.1003 -0.7496 0.6543
vn -0.1870 -0.9821 -0.0230
vn -0.3616 -0.6407 -0.6773
vn -0.3299 0.0600 -0.9421
vn -0.1127 0.7271 -0.6773
vn 0.1756 0.9842 -0.0245
vn 0.2242 0.6907 0.6875
vn 0.1373 -0.0250 0.9902
vn -0.0335 -0.7254 0.6875
vn -0.1824 -0.9829 -0.0245
vn -0.2231 -0.6657 -0.7120
vn -0.1373 0.0250 -0.9902
vn 0.0257 0.7017 -0.7120
vn 0.1805 0.9833 -0.0243
vn 0.0865 0.7156 0.6932
vn -0.0610 0.0111 0.9981
vn -0.1711 -0.7002 0.6932
vn -0.1775 -0.9838 -0.0243
vn -0.0807 -0.6919 -0.7175
vn 0.0609 -0.0111 -0.9981
vn 0.1682 0.6759 -0.7175
vn 0.1848 0.9825 -0.0225
vn -0.0456 0.7390 0.6721
vn -0.2508 0.0456 0.9670
vn -0.3030 -0.6756 0.6721
vn -0.1732 -0.9846 -0.0225
vn 0.0555 -0.7172 -0.6947
vn 0.2507 -0.0456 -0.9670
vn 0.3046 0.6517 -0.6947
vn 0.1881 0.9819 -0.0197
vn -0.1647 0.7599 0.6288
vn -0.4215 0.0767 0.9036
vn -0.4219 -0.6532 0.6288
vn -0.1698 -0.9853 -0.0196
vn 0.1777 -0.7402 -0.6485
vn 0.4213 -0.0767 -0.9037
vn 0.4270 0.6301 -0.6485
vn 0.1904 0.9816 -0.0164
vn -0.2668 0.7776 0.5693
vn -0.5672 0.1032 0.8171
vn -0.5236 -0.6338 0.5693
vn -0.1676 -0.9857 -0.0164
vn 0.2817 -0.7599 -0.5858
vn 0.5671 -0.1032 -0.8172
vn 0.5314 0.6120 -0.5858
vn 0.1917 0.9814 -0.0132
vn -0.3509 0.7921 0.4994
vn -0.6869 0.1250 0.7159
vn -0.6075 -0.6177 0.4994
vn -0.1663 -0.9860 -0.0133
vn 0.3669 -0.7762 -0.5127
vn 0.6868 -0.1250 -0.7160
vn 0.6168 0.5972 -0.5127
vn 0.1924 0.9813 -0.0104
vn -0.4182 0.8036 0.4234
vn -0.7823 0.1424 0.6064
vn -0.6745 -0.6048 0.4234
vn -0.1656 -0.9861 -0.0104
vn 0.4346 -0.7892 -0.4339
vn 0.7823 -0.1424 -0.6064
vn 0.6848 0.5855 -0.4339
vn 0.1928 0.9812 -0.0079
vn -0.4704 0.8126 0.3442
vn -0.8563 0.1558 0.4925
vn -0.7265 -0.5948 0.3442
vn -0.1652 -0.9862 -0.0079
vn 0.4870 -0.7993 -0.3522
vn 0.8562 -0.1558 -0.4926
vn 0.7373 0.5765 -0.3522
vn 0.1930 0.9812 -0.0058
vn -0.5094 0.8193 0.2632
vn -0.9115 0.1659 0.3764
vn -0.7654 -0.5873 0.2632
vn -0.1650 -0.9863 -0.0058
vn 0.5261 -0.8067 -0.2690
vn 0.9115 -0.1659 -0.3764
vn 0.7766 0.5697 -0.2690
vn 0.1932 0.9812 -0.0039
vn -0.5368 0.8241 0.1809
vn -0.9504 0.1729 0.2586
vn -0.7927 -0.5821 0.1809
vn -0.1649 -0.9863 -0.0039
vn 0.5536 -0.8120 -0.1849
vn 0.9503 -0.1729 -0.2589
vn 0.8042 0.5649 -0.1849
vn 0.2625 0.7414 0.6176
vn -0.3076 0.6140 0.7269
vn -0.6251 0.1138 0.7722
vn -0.5041 -0.4663 0.7269
vn -0.0155 -0.7863 0.6176
vn 0.5546 -0.6589 0.5082
vn 0.8721 -0.1587 0.4629
vn 0.7512 0.4213 0.5082
vn 0.0781 -0.0142 0.9968
vn 0.1960 -0.0357 0.9800
v -11.148707 12.486039 4.673707
v -11.091048 12.448753 4.668219
v -11.076604 12.381441 4.665945
v -11.113835 12.323531 4.668219
v -11.180933 12.308947 4.673707
v -11.238592 12.346232 4.679194
v -11.253036 12.413546 4.681468
v -11.215805 12.471454 4.679194
v -11.199215 12.495230 4.080616
v -11.141355 12.457907 4.078582
v -11.126827 12.390579 4.077739
v -11.164142 12.332685 4.078582
v -11.231441 12.318137 4.080616
v -11.289300 12.355460 4.082651
v -11.303828 12.422788 4.083494
v -11.266514 12.480682 4.082651
v -11.186273 12.492874 3.493220
v -11.128575 12.455582 3.498239
v -11.114115 12.388267 3.500317
v -11.151361 12.330359 3.498239
v -11.218497 12.315782 3.493220
v -11.276195 12.353075 3.488202
v -11.290655 12.420391 3.486123
v -11.253407 12.478297 3.488202
v -11.110197 12.479031 2.925981
v -11.053501 12.441920 2.938361
v -11.039455 12.374681 2.943489
v -11.076288 12.316698 2.938361
v -11.142423 12.301938 2.925981
v -11.199119 12.339050 2.913601
v -11.213164 12.406290 2.908473
v -11.176332 12.464272 2.913601
v -10.972863 12.454041 2.392866
v -10.918187 12.417297 2.413000
v -10.904978 12.350209 2.421339
v -10.940974 12.292075 2.413000
v -11.005089 12.276948 2.392866
v -11.059765 12.313692 2.372732
v -11.072974 12.380779 2.364393
v -11.036978 12.438914 2.372732
v -10.777653 12.418519 1.907003
v -10.726295 12.382379 1.935308
v -10.714459 12.315541 1.947033
v -10.749082 12.257156 1.935308
v -10.809878 12.241426 1.907003
v -10.861236 12.277565 1.878697
v -10.873071 12.344404 1.866973
v -10.838449 12.402787 1.878697
v -10.529371 12.373339 1.480355
v -10.483009 12.338108 1.517156
v -10.473245 12.271647 1.532400
v -10.505796 12.212886 1.517156
v -10.561596 12.196246 1.480355
v -10.607958 12.231477 1.443553
v -10.617723 12.297938 1.428310
v -10.585171 12.356699 1.443553
v -10.234133 12.319614 1.123427
v -10.194880 12.285677 1.168732
v -10.188060 12.219752 1.187497
v -10.217668 12.160455 1.168732
v -10.266358 12.142522 1.123427
v -10.305611 12.176458 1.078123
v -10.312430 12.242384 1.059358
v -10.282824 12.301681 1.078123
v -9.899207 12.258668 0.845009
v -9.869514 12.226470 0.898175
v -9.866653 12.161266 0.920197
v -9.892301 12.101248 0.898175
v -9.931433 12.081575 0.845009
v -9.961125 12.113772 0.791844
v -9.963986 12.178978 0.769822
v -9.938339 12.238995 0.791844
v -9.532842 12.192000 0.651956
v -9.515121 12.161982 0.711368
v -9.517220 12.097679 0.735977
v -9.537908 12.036759 0.711368
v -9.565066 12.014908 0.651956
v -9.582788 12.044926 0.592544
v -9.580688 12.109229 0.567935
v -9.560000 12.170148 0.592544
v -9.144056 12.121253 0.549022
v -9.140039 12.093728 0.612039
v -9.147814 12.030459 0.638141
v -9.162826 11.968506 0.612039
v -9.176282 11.944160 0.549022
v -9.180300 11.971686 0.486005
v -9.172525 12.034956 0.459902
v -9.157513 12.096909 0.486005
v -8.742426 12.048169 0.538740
v -8.752558 12.023218 0.602141
v -8.766192 11.961016 0.628403
v -8.775344 11.897996 0.602141
v -8.774651 11.871077 0.538740
v -8.764520 11.896027 0.475339
v -8.750885 11.958230 0.449077
v -8.741733 12.021249 0.475339
v -8.337839 11.974545 0.621365
v -8.361176 11.951999 0.682126
v -8.380280 11.890791 0.707294
v -8.383962 11.826777 0.682126
v -8.370064 11.797453 0.621365
v -8.346727 11.820001 0.560604
v -8.327623 11.881210 0.535436
v -8.323940 11.945223 0.560604
v -7.940257 11.902199 0.794862
v -7.974918 11.881712 0.850753
v -7.998713 11.821359 0.873904
v -7.997705 11.756490 0.850753
v -7.972483 11.725106 0.794862
v -7.937822 11.745592 0.738970
v -7.914027 11.805948 0.715820
v -7.915035 11.870814 0.738970
v -7.559472 11.832907 1.054958
v -7.603276 11.814085 1.104675
v -7.630859 11.754420 1.125268
v -7.626063 11.688863 1.104675
v -7.591697 11.655814 1.054958
v -7.547893 11.674638 1.005241
v -7.520309 11.734303 0.984648
v -7.525105 11.799860 1.005241
v -7.204858 11.768378 1.395250
v -7.255774 11.750850 1.438205
v -7.286304 11.691722 1.455997
v -7.278562 11.625628 1.438205
v -7.237083 11.591286 1.395250
v -7.186166 11.608814 1.352295
v -7.155637 11.667944 1.334502
v -7.163380 11.734036 1.352295
v -6.885148 11.710201 1.807358
v -6.941475 11.693657 1.843391
v -6.974245 11.634936 1.858316
v -6.964262 11.568435 1.843391
v -6.917373 11.533109 1.807358
v -6.861045 11.549652 1.771324
v -6.828275 11.608374 1.756399
v -6.838259 11.674874 1.771324
v -6.608213 11.659807 2.281134
v -6.668590 11.644000 2.310284
v -6.703037 11.585584 2.322357
v -6.691377 11.518778 2.310284
v -6.640439 11.482715 2.281134
v -6.580061 11.498522 2.251985
v -6.545614 11.556938 2.239911
v -6.557275 11.623744 2.251985
v -6.380874 11.618439 2.804914
v -6.444214 11.603170 2.827269
v -6.479889 11.544978 2.836529
v -6.467001 11.477948 2.827269
v -6.413099 11.441346 2.804914
v -6.349759 11.456614 2.782558
v -6.314084 11.514807 2.773299
v -6.326972 11.581836 2.782558
v -6.208727 11.587112 3.365799
v -6.274142 11.572222 3.381422
v -6.310677 11.514187 3.387893
v -6.296929 11.447000 3.381422
v -6.240952 11.410020 3.365799
v -6.175538 11.424911 3.350176
v -6.139004 11.482947 3.343704
v -6.152751 11.550133 3.350176
v -6.096012 11.566602 3.949979
v -6.162172 11.551847 3.962226
v -6.199016 11.493868 3.967299
v -6.184959 11.426625 3.962226
v -6.128237 11.389509 3.949979
v -6.062078 11.404263 3.937731
v -6.025234 11.462244 3.932658
v -6.039290 11.529487 3.937731
v -11.164820 12.397493 4.673707
v -6.112125 11.478056 3.949979
vn 0.1925 0.7541 0.6279
vn 0.6899 0.4325 0.5805
vn 0.8145 -0.1482 0.5609
vn 0.4933 -0.6478 0.5805
vn -0.0855 -0.7736 0.6279
vn -0.5830 -0.4519 0.6752
vn -0.7076 0.1288 0.6948
vn -0.3864 0.6283 0.6752
vn 0.1660 0.9861 0.0004
vn 0.8165 0.5769 -0.0224
vn 0.9833 -0.1789 -0.0321
vn 0.5609 -0.8276 -0.0224
vn -0.1920 -0.9814 0.0004
vn -0.8271 -0.5616 0.0227
vn -0.9833 0.1789 0.0319
vn -0.5763 0.8169 0.0227
vn 0.1655 0.9862 -0.0011
vn 0.8145 0.5776 0.0552
vn 0.9808 -0.1785 0.0788
vn 0.5588 -0.8275 0.0552
vn -0.1925 -0.9813 -0.0011
vn -0.8255 -0.5616 -0.0563
vn -0.9808 0.1785 -0.0789
vn -0.5748 0.8164 -0.0563
vn 0.1648 0.9863 -0.0029
vn 0.8031 0.5801 0.1361
vn 0.9651 -0.1756 0.1945
vn 0.5473 -0.8258 0.1361
vn -0.1932 -0.9812 -0.0029
vn -0.8146 -0.5631 -0.1390
vn -0.9650 0.1756 -0.1946
vn -0.5640 0.8140 -0.1390
vn 0.1641 0.9864 -0.0051
vn 0.7804 0.5849 0.2211
vn 0.9333 -0.1698 0.3163
vn 0.5243 -0.8223 0.2211
vn -0.1940 -0.9810 -0.0051
vn -0.7924 -0.5665 -0.2262
vn -0.9333 0.1698 -0.3164
vn -0.5421 0.8093 -0.2262
vn 0.1633 0.9865 -0.0079
vn 0.7433 0.5926 0.3104
vn 0.8812 -0.1604 0.4447
vn 0.4869 -0.8165 0.3104
vn -0.1947 -0.9808 -0.0079
vn -0.7557 -0.5722 -0.3184
vn -0.8811 0.1603 -0.4449
vn -0.5057 0.8018 -0.3184
vn 0.1629 0.9866 -0.0116
vn 0.6877 0.6039 0.4029
vn 0.8027 -0.1461 0.5782
vn 0.4309 -0.8075 0.4029
vn -0.1951 -0.9807 -0.0116
vn -0.7002 -0.5812 -0.4146
vn -0.8026 0.1461 -0.5784
vn -0.4505 0.7906 -0.4146
vn 0.1634 0.9864 -0.0161
vn 0.6092 0.6195 0.4950
vn 0.6911 -0.1257 0.7118
vn 0.3519 -0.7944 0.4950
vn -0.1946 -0.9807 -0.0161
vn -0.6207 -0.5944 -0.5113
vn -0.6908 0.1257 -0.7120
vn -0.3715 0.7750 -0.5113
vn 0.1654 0.9860 -0.0211
vn 0.5043 0.6400 0.5798
vn 0.5409 -0.0984 0.8353
vn 0.2465 -0.7766 0.5798
vn -0.1926 -0.9811 -0.0211
vn -0.5132 -0.6127 -0.6010
vn -0.5406 0.0984 -0.8355
vn -0.2645 0.7542 -0.6010
vn 0.1694 0.9852 -0.0254
vn 0.3735 0.6648 0.6469
vn 0.3527 -0.0642 0.9335
vn 0.1153 -0.7538 0.6469
vn -0.1885 -0.9817 -0.0254
vn -0.3781 -0.6364 -0.6724
vn -0.3525 0.0642 -0.9336
vn -0.1297 0.7288 -0.6724
vn 0.1751 0.9842 -0.0277
vn 0.2242 0.6924 0.6858
vn 0.1373 -0.0250 0.9902
vn -0.0341 -0.7270 0.6858
vn -0.1828 -0.9828 -0.0277
vn -0.2231 -0.6642 -0.7135
vn -0.1373 0.0250 -0.9902
vn 0.0252 0.7002 -0.7135
vn 0.1813 0.9831 -0.0271
vn 0.0701 0.7201 0.6904
vn -0.0852 0.0155 0.9962
vn -0.1881 -0.6986 0.6904
vn -0.1767 -0.9839 -0.0271
vn -0.0630 -0.6937 -0.7175
vn 0.0849 -0.0155 -0.9963
vn 0.1854 0.6714 -0.7175
vn 0.1863 0.9822 -0.0241
vn -0.0742 0.7453 0.6626
vn -0.2927 0.0533 0.9547
vn -0.3320 -0.6713 0.6626
vn -0.1716 -0.9849 -0.0241
vn 0.0860 -0.7217 -0.6868
vn 0.2924 -0.0532 -0.9548
vn 0.3347 0.6452 -0.6868
vn 0.1896 0.9817 -0.0199
vn -0.1986 0.7666 0.6107
vn -0.4706 0.0856 0.8782
vn -0.4559 -0.6474 0.6107
vn -0.1684 -0.9855 -0.0199
vn 0.2132 -0.7462 -0.6307
vn 0.4704 -0.0856 -0.8783
vn 0.4624 0.6232 -0.6307
vn 0.1913 0.9814 -0.0157
vn -0.2996 0.7836 0.5443
vn -0.6143 0.1118 0.7811
vn -0.5564 -0.6278 0.5443
vn -0.1667 -0.9859 -0.0157
vn 0.3154 -0.7660 -0.5601
vn 0.6141 -0.1117 -0.7813
vn 0.5650 0.6058 -0.5601
vn 0.1919 0.9813 -0.0120
vn -0.3785 0.7968 0.4711
vn -0.7260 0.1321 0.6749
vn -0.6349 -0.6123 0.4711
vn -0.1661 -0.9860 -0.0120
vn 0.3946 -0.7816 -0.4832
vn 0.7259 -0.1321 -0.6750
vn 0.6446 0.5925 -0.4832
vn 0.1920 0.9814 -0.0091
vn -0.4388 0.8068 0.3957
vn -0.8110 0.1476 0.5662
vn -0.6949 -0.6005 0.3957
vn -0.1660 -0.9861 -0.0091
vn 0.4546 -0.7934 -0.4048
vn 0.8109 -0.1476 -0.5663
vn 0.7049 0.5824 -0.4048
vn 0.1918 0.9814 -0.0067
vn -0.4840 0.8143 0.3204
vn -0.8746 0.1592 0.4580
vn -0.7398 -0.5916 0.3204
vn -0.1662 -0.9861 -0.0067
vn 0.4994 -0.8022 -0.3272
vn 0.8746 -0.1591 -0.4581
vn 0.7500 0.5749 -0.3272
vn 0.1917 0.9814 -0.0048
vn -0.5171 0.8199 0.2459
vn -0.9212 0.1676 0.3513
vn -0.7727 -0.5852 0.2459
vn -0.1663 -0.9861 -0.0048
vn 0.5322 -0.8086 -0.2508
vn 0.9211 -0.1676 -0.3513
vn 0.7829 0.5693 -0.2508
vn 0.1916 0.9815 -0.0033
vn -0.5402 0.8238 0.1719
vn -0.9538 0.1736 0.2454
vn -0.7958 -0.5807 0.1719
vn -0.1664 -0.9861 -0.0033
vn 0.5551 -0.8131 -0.1753
vn 0.9537 -0.1735 -0.2456
vn 0.8060 0.5654 -0.1753
vn 0.2583 0.7421 0.6185
vn -0.3125 0.6149 0.7241
vn -0.6303 0.1147 0.7678
vn -0.5091 -0.4654 0.7241
vn -0.0197 -0.7856 0.6185
vn 0.5511 -0.6583 0.5128
vn 0.8689 -0.1581 0.4690
vn 0.7477 0.4219 0.5128
vn 0.0848 -0.0154 0.9963
vn 0.1893 -0.0345 0.9813
v -10.560523 13.761340 4.620291
v -10.523314 13.819254 4.617777
v -10.456268 13.833847 4.611707
v -10.398662 13.796571 4.605638
v -10.384238 13.729261 4.603123
v -10.421449 13.671348 4.605638
v -10.488494 13.656755 4.611707
v -10.546101 13.694031 4.617777
v -10.616652 13.771553 4.023905
v -10.579357 13.829453 4.022580
v -10.512105 13.844007 4.019381
v -10.454292 13.806694 4.016181
v -10.439784 13.739369 4.014856
v -10.477079 13.681471 4.016181
v -10.544331 13.666916 4.019381
v -10.602143 13.704229 4.022580
v -10.619596 13.772090 3.430430
v -10.582293 13.829987 3.431551
v -10.515018 13.844538 3.434255
v -10.457183 13.807220 3.436960
v -10.442665 13.739894 3.438081
v -10.479969 13.681996 3.436960
v -10.547244 13.667446 3.434255
v -10.605079 13.704763 3.431551
v -10.568706 13.762829 2.858016
v -10.531638 13.820769 2.861743
v -10.464936 13.835423 2.870739
v -10.407673 13.798211 2.879736
v -10.393392 13.730927 2.883462
v -10.430459 13.672988 2.879736
v -10.497161 13.658332 2.870739
v -10.554424 13.695546 2.861743
v -10.464958 13.743950 2.320287
v -10.428448 13.801991 2.326854
v -10.363091 13.816892 2.342708
v -10.307173 13.779922 2.358561
v -10.293449 13.712741 2.365128
v -10.329959 13.654699 2.358561
v -10.395316 13.639800 2.342708
v -10.451234 13.676768 2.326854
v -10.310419 13.715829 1.829998
v -10.274916 13.774053 1.839712
v -10.211991 13.789396 1.863163
v -10.158505 13.752870 1.886614
v -10.145789 13.685871 1.896328
v -10.181292 13.627646 1.886614
v -10.244217 13.612305 1.863163
v -10.297703 13.648829 1.839712
v -10.108088 13.679010 1.398799
v -10.074254 13.737539 1.412012
v -10.015358 13.753614 1.443913
v -9.965900 13.717821 1.475813
v -9.954852 13.651126 1.489027
v -9.988687 13.592598 1.475813
v -10.047584 13.576523 1.443913
v -10.097041 13.612316 1.412012
v -9.861757 13.634186 1.037167
v -9.830561 13.693193 1.054188
v -9.778032 13.710428 1.095280
v -9.734941 13.675795 1.136373
v -9.726532 13.609579 1.153394
v -9.757729 13.550571 1.136373
v -9.810257 13.533337 1.095280
v -9.853348 13.567970 1.054188
v -9.576037 13.582193 0.754577
v -9.548808 13.641924 0.775452
v -9.505857 13.660901 0.825850
v -9.472345 13.628010 0.876248
v -9.467903 13.562517 0.897124
v -9.495132 13.502787 0.876248
v -9.538083 13.483809 0.825850
v -9.571595 13.516701 0.775452
v -9.256935 13.524127 0.559712
v -9.235207 13.584858 0.583889
v -9.205537 13.606252 0.642257
v -9.185305 13.575777 0.700626
v -9.186363 13.511286 0.724802
v -9.208092 13.450554 0.700626
v -9.237762 13.429160 0.642257
v -9.257994 13.459635 0.583889
v -8.912932 13.461529 0.459902
v -8.897921 13.523482 0.486005
v -8.884464 13.547826 0.549022
v -8.880445 13.520302 0.612039
v -8.888220 13.457032 0.638141
v -8.903233 13.395079 0.612039
v -8.916689 13.370734 0.549022
v -8.920707 13.398259 0.486005
v -8.555189 13.396430 0.459197
v -8.547155 13.459654 0.485335
v -8.550545 13.487063 0.548439
v -8.563374 13.462605 0.611543
v -8.578126 13.400604 0.637681
v -8.586161 13.337381 0.611543
v -8.582770 13.309972 0.548439
v -8.569942 13.334431 0.485335
v -8.195532 13.330984 0.556839
v -8.193682 13.395332 0.581349
v -8.212003 13.425458 0.640524
v -8.239761 13.403717 0.699698
v -8.260698 13.342842 0.724209
v -8.262548 13.278494 0.699698
v -8.244228 13.248366 0.640524
v -8.216469 13.270109 0.581349
v -7.844106 13.267035 0.748167
v -7.847117 13.332268 0.770087
v -7.877172 13.364531 0.823009
v -7.916667 13.344923 0.875930
v -7.942464 13.284933 0.897851
v -7.939453 13.219700 0.875930
v -7.909398 13.187439 0.823009
v -7.869904 13.207045 0.770087
v -7.509044 13.206064 1.026522
v -7.515625 13.271946 1.045524
v -7.554299 13.305777 1.091400
v -7.602412 13.287739 1.137276
v -7.631780 13.228398 1.156279
v -7.625199 13.162516 1.137276
v -7.586525 13.128685 1.091400
v -7.538411 13.146723 1.045524
v -7.197354 13.149346 1.384095
v -7.206490 13.215693 1.400202
v -7.251333 13.250647 1.439090
v -7.305615 13.233731 1.477977
v -7.337538 13.174854 1.494085
v -7.328402 13.108508 1.477977
v -7.283559 13.073555 1.439090
v -7.229277 13.090470 1.400202
v -6.915528 13.098063 1.811881
v -6.926488 13.164741 1.825247
v -6.975735 13.200496 1.857516
v -7.034419 13.184381 1.889785
v -7.068166 13.125838 1.903151
v -7.057206 13.059158 1.889785
v -7.007959 13.023404 1.857516
v -6.949275 13.039517 1.825247
v -6.669618 13.053314 2.299526
v -6.681886 13.120231 2.310319
v -6.734289 13.156560 2.336376
v -6.796131 13.141021 2.362433
v -6.831185 13.082715 2.373225
v -6.818917 13.015798 2.362433
v -6.766514 12.979468 2.336376
v -6.704672 12.995008 2.310319
v -6.465074 13.016093 2.835353
v -6.478278 13.083181 2.843708
v -6.532942 13.119921 2.863878
v -6.597044 13.104793 2.884049
v -6.633035 13.046657 2.892404
v -6.619831 12.979569 2.884049
v -6.565167 12.942829 2.863878
v -6.501065 12.957958 2.843708
v -6.306544 12.987245 3.406542
v -6.320404 13.054453 3.412544
v -6.376651 13.091480 3.427035
v -6.442338 13.076641 3.441525
v -6.478984 13.018624 3.447527
v -6.465124 12.951418 3.441525
v -6.408876 12.914389 3.427035
v -6.343190 12.929230 3.412544
v -6.198334 12.967555 3.995469
v -6.212436 13.034805 4.000304
v -6.269266 13.071939 4.011978
v -6.335534 13.057206 4.023651
v -6.372422 12.999233 4.028486
v -6.358320 12.931983 4.023651
v -6.301491 12.894848 4.011978
v -6.235222 12.909582 4.000304
v -10.472382 13.745301 4.611707
v -6.285378 12.983394 4.011978
vn -0.7013 0.1276 0.7014
vn -0.3803 0.6272 0.6797
vn 0.1982 0.7531 0.6274
vn 0.6951 0.4315 0.5750
vn 0.8195 -0.1491 0.5533
vn 0.4985 -0.6487 0.5750
vn -0.0798 -0.7746 0.6274
vn -0.5768 -0.4530 0.6797
vn -0.9826 0.1788 0.0502
vn -0.5745 0.8177 0.0358
vn 0.1682 0.9858 0.0005
vn 0.8169 0.5757 -0.0353
vn 0.9826 -0.1788 -0.0503
vn 0.5617 -0.8266 -0.0353
vn -0.1898 -0.9818 0.0005
vn -0.8257 -0.5629 0.0358
vn -0.9830 0.1789 -0.0425
vn -0.5751 0.8175 -0.0303
vn 0.1676 0.9858 -0.0005
vn 0.8169 0.5760 0.0298
vn 0.9830 -0.1788 0.0425
vn 0.5616 -0.8269 0.0298
vn -0.1904 -0.9817 -0.0005
vn -0.8262 -0.5625 -0.0303
vn -0.9740 0.1772 -0.1414
vn -0.5692 0.8160 -0.1009
vn 0.1668 0.9860 -0.0018
vn 0.8102 0.5778 0.0990
vn 0.9740 -0.1772 0.1413
vn 0.5547 -0.8261 0.0990
vn -0.1913 -0.9815 -0.0018
vn -0.8202 -0.5631 -0.1009
vn -0.9528 0.1734 -0.2492
vn -0.5550 0.8126 -0.1779
vn 0.1655 0.9862 -0.0035
vn 0.7948 0.5814 0.1743
vn 0.9528 -0.1734 0.2490
vn 0.5390 -0.8241 0.1743
vn -0.1925 -0.9813 -0.0035
vn -0.8057 -0.5650 -0.1779
vn -0.9146 0.1664 -0.3686
vn -0.5289 0.8067 -0.2636
vn 0.1640 0.9864 -0.0061
vn 0.7671 0.5876 0.2574
vn 0.9147 -0.1664 0.3684
vn 0.5110 -0.8201 0.2574
vn -0.1940 -0.9810 -0.0061
vn -0.7792 -0.5687 -0.2636
vn -0.8512 0.1549 -0.5014
vn -0.4851 0.7972 -0.3593
vn 0.1624 0.9867 -0.0098
vn 0.7219 0.5974 0.3493
vn 0.8514 -0.1549 0.5011
vn 0.4651 -0.8134 0.3493
vn -0.1956 -0.9806 -0.0098
vn -0.7349 -0.5752 -0.3593
vn -0.7511 0.1367 -0.6459
vn -0.4151 0.7825 -0.4641
vn 0.1614 0.9868 -0.0152
vn 0.6509 0.6124 0.4486
vn 0.7515 -0.1367 0.6454
vn 0.3935 -0.8025 0.4486
vn -0.1966 -0.9804 -0.0152
vn -0.6642 -0.5861 -0.4641
vn -0.6004 0.1093 -0.7922
vn -0.3086 0.7609 -0.5708
vn 0.1622 0.9865 -0.0222
vn 0.5454 0.6340 0.5483
vn 0.6011 -0.1094 0.7916
vn 0.2871 -0.7855 0.5483
vn -0.1958 -0.9804 -0.0223
vn -0.5569 -0.6034 -0.5708
vn -0.3918 0.0713 -0.9173
vn -0.1593 0.7318 -0.6626
vn 0.1664 0.9856 -0.0294
vn 0.4003 0.6625 0.6331
vn 0.3924 -0.0714 0.9170
vn 0.1413 -0.7611 0.6331
vn -0.1914 -0.9811 -0.0293
vn -0.4068 -0.6288 -0.6626
vn -0.1373 0.0250 -0.9902
vn 0.0244 0.6976 -0.7160
vn 0.1743 0.9841 -0.0333
vn 0.2243 0.6954 0.6827
vn 0.1373 -0.0250 0.9902
vn -0.0350 -0.7299 0.6827
vn -0.1835 -0.9824 -0.0333
vn -0.2229 -0.6615 -0.7161
vn 0.1271 -0.0231 -0.9916
vn 0.2157 0.6636 -0.7163
vn 0.1830 0.9826 -0.0317
vn 0.0414 0.7278 0.6845
vn -0.1278 0.0232 0.9915
vn -0.2177 -0.6958 0.6845
vn -0.1749 -0.9841 -0.0317
vn -0.0319 -0.6970 -0.7163
vn 0.3617 -0.0658 -0.9300
vn 0.3848 0.6347 -0.6701
vn 0.1891 0.9816 -0.0261
vn -0.1218 0.7554 0.6438
vn -0.3625 0.0660 0.9297
vn -0.3801 -0.6641 0.6438
vn -0.1689 -0.9853 -0.0261
vn 0.1365 -0.7296 -0.6702
vn 0.5462 -0.0994 -0.8317
vn 0.5170 0.6129 -0.5976
vn 0.1918 0.9812 -0.0196
vn -0.2512 0.7766 0.5778
vn -0.5467 0.0995 0.8314
vn -0.5086 -0.6383 0.5778
vn -0.1662 -0.9859 -0.0196
vn 0.2679 -0.7557 -0.5976
vn 0.6817 -0.1240 -0.7210
vn 0.6134 0.5973 -0.5167
vn 0.1923 0.9812 -0.0141
vn -0.3470 0.7919 0.5024
vn -0.6820 0.1241 0.7207
vn -0.6038 -0.6189 0.5024
vn -0.1657 -0.9861 -0.0141
vn 0.3637 -0.7751 -0.5167
vn 0.7787 -0.1417 -0.6111
vn 0.6820 0.5863 -0.4370
vn 0.1918 0.9814 -0.0101
vn -0.4161 0.8029 0.4269
vn -0.7789 0.1417 0.6109
vn -0.6723 -0.6048 0.4269
vn -0.1662 -0.9860 -0.0100
vn 0.4318 -0.7890 -0.4370
vn 0.8480 -0.1543 -0.5071
vn 0.7308 0.5786 -0.3621
vn 0.1910 0.9816 -0.0072
vn -0.4656 0.8107 0.3548
vn -0.8480 0.1543 0.5070
vn -0.7214 -0.5947 0.3548
vn -0.1670 -0.9859 -0.0072
vn 0.4802 -0.7990 -0.3621
vn 0.8976 -0.1633 -0.4095
vn 0.7657 0.5730 -0.2921
vn 0.1903 0.9817 -0.0052
vn -0.5012 0.8164 0.2869
vn -0.8976 0.1633 0.4094
vn -0.7567 -0.5875 0.2869
vn -0.1677 -0.9858 -0.0052
vn 0.5148 -0.8060 -0.2921
vn 0.9331 -0.1698 -0.3170
vn 0.7907 0.5690 -0.2259
vn 0.1898 0.9818 -0.0037
vn -0.5267 0.8205 0.2222
vn -0.9331 0.1698 0.3169
vn -0.7820 -0.5824 0.2222
vn -0.1682 -0.9857 -0.0037
vn 0.5396 -0.8111 -0.2259
vn 0.9580 -0.1743 -0.2278
vn 0.8082 0.5661 -0.1623
vn 0.1896 0.9819 -0.0025
vn -0.5445 0.8234 0.1597
vn -0.9580 0.1743 0.2276
vn -0.7996 -0.5789 0.1597
vn -0.1685 -0.9857 -0.0025
vn 0.5570 -0.8145 -0.1623
vn 0.8647 -0.1573 0.4771
vn 0.7430 0.4228 0.5188
vn 0.2527 0.7432 0.6195
vn -0.3190 0.6161 0.7202
vn -0.6372 0.1160 0.7619
vn -0.5156 -0.4642 0.7202
vn -0.0253 -0.7846 0.6195
vn 0.5464 -0.6574 0.5188
vn 0.0938 -0.0171 0.9954
vn 0.1805 -0.0328 0.9830
v -9.745636 15.086867 4.541823
v -9.708458 15.144787 4.539000
v -9.641487 15.159394 4.532185
v -9.583955 15.122131 4.525368
v -9.569563 15.054828 4.522545
v -9.606742 14.996908 4.525368
v -9.673712 14.982302 4.532185
v -9.731244 15.019564 4.539000
v -9.808576 15.098321 3.947485
v -9.771318 15.156225 3.945538
v -9.704159 15.170798 3.940837
v -9.646439 15.133501 3.936136
v -9.631968 15.066184 3.934188
v -9.669225 15.008278 3.936136
v -9.736384 14.993706 3.940837
v -9.794106 15.031002 3.945538
v -9.832067 15.102595 3.359080
v -9.794740 15.160487 3.358946
v -9.727409 15.175030 3.358624
v -9.669518 15.137701 3.358303
v -9.654978 15.070371 3.358169
v -9.692305 15.012478 3.358303
v -9.759635 14.997937 3.358624
v -9.817526 15.035264 3.358946
v -9.815108 15.099509 2.793598
v -9.777844 15.157413 2.795439
v -9.710666 15.171983 2.799884
v -9.652927 15.134682 2.804328
v -9.638449 15.067363 2.806169
v -9.675714 15.009459 2.804328
v -9.742891 14.994890 2.799884
v -9.800631 15.032190 2.795439
v -9.757936 15.089106 2.264461
v -9.720920 15.147055 2.268536
v -9.654341 15.161734 2.278372
v -9.597201 15.124542 2.288208
v -9.582972 15.057267 2.292283
v -9.619987 14.999319 2.288208
v -9.686566 14.984641 2.278372
v -9.743706 15.021832 2.268536
v -9.661573 15.071570 1.784062
v -9.625096 15.129618 1.790761
v -9.559820 15.144534 1.806931
v -9.503983 15.107578 1.823103
v -9.490294 15.040402 1.829801
v -9.526771 14.982355 1.823103
v -9.592046 14.967442 1.806931
v -9.647883 15.004395 1.790761
v -9.527632 15.047196 1.363425
v -9.492196 15.105434 1.373309
v -9.429433 15.120807 1.397170
v -9.376109 15.084310 1.421032
v -9.363460 15.017323 1.430915
v -9.398895 14.959086 1.421032
v -9.461658 14.943714 1.397170
v -9.514983 14.980211 1.373309
v -9.357923 15.016315 1.012026
v -9.324439 15.074907 1.025837
v -9.266389 15.091138 1.059178
v -9.217777 15.055498 1.092519
v -9.207080 14.988866 1.106329
v -9.240563 14.930275 1.092519
v -9.298614 14.914045 1.059178
v -9.347225 14.949684 1.025837
v -9.153954 14.979199 0.738178
v -9.124067 15.038445 0.756659
v -9.074701 15.056256 0.801277
v -9.034776 15.022197 0.845894
v -9.027676 14.956221 0.864375
v -9.057562 14.896974 0.845894
v -9.106927 14.879164 0.801277
v -9.146853 14.913222 0.756659
v -8.917311 14.936137 0.550643
v -8.893585 14.996505 0.573833
v -8.859093 15.017022 0.629817
v -8.834040 14.985669 0.685802
v -8.833101 14.920814 0.708991
v -8.856827 14.860446 0.685802
v -8.891318 14.839930 0.629817
v -8.916371 14.871282 0.573833
v -8.653339 14.888103 0.459902
v -8.638327 14.950056 0.486005
v -8.624870 14.974401 0.549022
v -8.620853 14.946876 0.612039
v -8.628628 14.883606 0.638141
v -8.643640 14.821652 0.612039
v -8.657096 14.797308 0.549022
v -8.661114 14.824833 0.486005
v -8.374977 14.837449 0.472962
v -8.369131 14.901071 0.498712
v -8.377802 14.929442 0.560879
v -8.395913 14.905944 0.623046
v -8.412853 14.844342 0.648796
v -8.418699 14.780721 0.623046
v -8.410028 14.752350 0.560879
v -8.391917 14.775847 0.498712
v -8.096561 14.786786 0.586721
v -8.097916 14.851718 0.609677
v -8.123972 14.883252 0.665098
v -8.159468 14.862918 0.720519
v -8.183609 14.802626 0.743475
v -8.182255 14.737695 0.720519
v -8.156198 14.706160 0.665098
v -8.120702 14.726495 0.609677
v -7.826078 14.737566 0.792611
v -7.832160 14.803358 0.812088
v -7.869629 14.836970 0.859111
v -7.916538 14.818712 0.906134
v -7.945406 14.759280 0.925612
v -7.939324 14.693489 0.906134
v -7.901855 14.659878 0.859111
v -7.854947 14.678135 0.812088
v -7.567436 14.690501 1.082654
v -7.576462 14.756828 1.098906
v -7.621037 14.791734 1.138143
v -7.675053 14.774770 1.177379
v -7.706864 14.715873 1.193631
v -7.697839 14.649547 1.177379
v -7.653263 14.614641 1.138143
v -7.599248 14.631605 1.098906
v -7.324344 14.646266 1.449287
v -7.335236 14.712933 1.462770
v -7.384317 14.748658 1.495321
v -7.442839 14.732513 1.527872
v -7.476517 14.673957 1.541355
v -7.465625 14.607290 1.527872
v -7.416543 14.571566 1.495321
v -7.358023 14.587709 1.462770
v -7.101118 14.605646 1.883909
v -7.113242 14.672537 1.895022
v -7.165298 14.708803 1.921852
v -7.226793 14.693199 1.948681
v -7.261703 14.634868 1.959794
v -7.249579 14.567976 1.948681
v -7.197523 14.531711 1.921852
v -7.136028 14.547314 1.895022
v -6.902304 14.569467 2.376380
v -6.915274 14.636513 2.385416
v -6.969372 14.673150 2.407231
v -7.032909 14.657919 2.429047
v -7.068666 14.599740 2.438083
v -7.055696 14.532696 2.429047
v -7.001597 14.496058 2.407231
v -6.938060 14.511290 2.385416
v -6.732257 14.538524 2.915075
v -6.745824 14.605678 2.922232
v -6.801364 14.642578 2.939509
v -6.866343 14.627609 2.956787
v -6.902698 14.569539 2.963943
v -6.889130 14.502386 2.956787
v -6.833590 14.465486 2.939509
v -6.768610 14.480454 2.922232
v -6.594851 14.513520 3.487164
v -6.608844 14.580751 3.492558
v -6.665411 14.617839 3.505579
v -6.731418 14.603056 3.518600
v -6.768197 14.545064 3.523993
v -6.754204 14.477833 3.518600
v -6.697637 14.440746 3.505579
v -6.631630 14.455528 3.492558
v -6.493744 14.495122 4.076035
v -6.507900 14.562384 4.080565
v -6.564861 14.599542 4.091501
v -6.631260 14.584831 4.102436
v -6.668202 14.526868 4.106966
v -6.654047 14.459608 4.102436
v -6.597086 14.422449 4.091501
v -6.530686 14.437160 4.080565
v -9.657599 15.070848 4.532185
v -6.580974 14.510995 4.091501
vn -0.6931 0.1261 0.7098
vn -0.3723 0.6258 0.6854
vn 0.2054 0.7518 0.6266
vn 0.7017 0.4303 0.5678
vn 0.8259 -0.1503 0.5434
vn 0.5052 -0.6499 0.5678
vn -0.0726 -0.7759 0.6266
vn -0.5689 -0.4545 0.6854
vn -0.9812 0.1785 0.0738
vn -0.5719 0.8187 0.0525
vn 0.1711 0.9853 0.0006
vn 0.8171 0.5742 -0.0519
vn 0.9812 -0.1785 -0.0739
vn 0.5624 -0.8252 -0.0519
vn -0.1870 -0.9824 0.0006
vn -0.8236 -0.5647 0.0525
vn -0.9838 0.1790 0.0050
vn -0.5741 0.8188 0.0036
vn 0.1705 0.9854 -0.0000
vn 0.8187 0.5741 -0.0036
vn 0.9838 -0.1790 -0.0051
vn 0.5640 -0.8258 -0.0036
vn -0.1875 -0.9823 -0.0000
vn -0.8257 -0.5641 0.0036
vn -0.9814 0.1786 -0.0699
vn -0.5729 0.8181 -0.0497
vn 0.1696 0.9855 -0.0007
vn 0.8167 0.5750 0.0490
vn 0.9814 -0.1786 0.0698
vn 0.5617 -0.8259 0.0490
vn -0.1884 -0.9821 -0.0007
vn -0.8244 -0.5639 -0.0497
vn -0.9720 0.1769 -0.1546
vn -0.5671 0.8163 -0.1102
vn 0.1682 0.9858 -0.0017
vn 0.8094 0.5771 0.1084
vn 0.9720 -0.1769 0.1545
vn 0.5542 -0.8253 0.1084
vn -0.1899 -0.9818 -0.0017
vn -0.8183 -0.5642 -0.1102
vn -0.9515 0.1732 -0.2542
vn -0.5538 0.8126 -0.1814
vn 0.1661 0.9861 -0.0035
vn 0.7941 0.5812 0.1778
vn 0.9516 -0.1732 0.2540
vn 0.5384 -0.8237 0.1778
vn -0.1919 -0.9814 -0.0035
vn -0.8046 -0.5655 -0.1814
vn -0.9120 0.1659 -0.3752
vn -0.5276 0.8060 -0.2685
vn 0.1632 0.9866 -0.0066
vn 0.7651 0.5884 0.2616
vn 0.9122 -0.1660 0.3746
vn 0.5087 -0.8202 0.2616
vn -0.1949 -0.9808 -0.0066
vn -0.7777 -0.5684 -0.2685
vn -0.8377 0.1524 -0.5244
vn -0.4773 0.7939 -0.3767
vn 0.1596 0.9871 -0.0122
vn 0.7115 0.6012 0.3638
vn 0.8384 -0.1526 0.5232
vn 0.4541 -0.8133 0.3638
vn -0.1984 -0.9800 -0.0122
vn -0.7264 -0.5749 -0.3767
vn -0.7008 0.1275 -0.7019
vn -0.3824 0.7725 -0.5069
vn 0.1570 0.9874 -0.0222
vn 0.6145 0.6232 0.4836
vn 0.7026 -0.1278 0.7000
vn 0.3556 -0.7998 0.4836
vn -0.2009 -0.9794 -0.0222
vn -0.6301 -0.5883 -0.5069
vn -0.4668 0.0849 -0.8803
vn -0.2161 0.7379 -0.6394
vn 0.1600 0.9865 -0.0360
vn 0.4516 0.6580 0.6026
vn 0.4691 -0.0854 0.8790
vn 0.1909 -0.7749 0.6026
vn -0.1978 -0.9796 -0.0360
vn -0.4622 -0.6144 -0.6394
vn -0.1373 0.0250 -0.9902
vn 0.0227 0.6924 -0.7212
vn 0.1726 0.9840 -0.0450
vn 0.2245 0.7019 0.6760
vn 0.1373 -0.0250 0.9902
vn -0.0371 -0.7360 0.6760
vn -0.1851 -0.9817 -0.0450
vn -0.2227 -0.6560 -0.7212
vn 0.2093 -0.0381 -0.9771
vn 0.2751 0.6485 -0.7098
vn 0.1873 0.9815 -0.0399
vn -0.0146 0.7428 0.6694
vn -0.2119 0.0386 0.9765
vn -0.2753 -0.6900 0.6694
vn -0.1705 -0.9846 -0.0399
vn 0.0291 -0.7038 -0.7098
vn 0.4827 -0.0878 -0.8714
vn 0.4725 0.6170 -0.6293
vn 0.1940 0.9806 -0.0275
vn -0.2052 0.7724 0.6011
vn -0.4849 0.0882 0.8701
vn -0.4642 -0.6506 0.6011
vn -0.1639 -0.9861 -0.0275
vn 0.2249 -0.7439 -0.6293
vn 0.6625 -0.1206 -0.7393
vn 0.6005 0.5978 -0.5311
vn 0.1943 0.9808 -0.0172
vn -0.3325 0.7912 0.5133
vn -0.6635 0.1207 0.7384
vn -0.5898 -0.6233 0.5133
vn -0.1637 -0.9864 -0.0172
vn 0.3515 -0.7710 -0.5311
vn 0.7744 -0.1409 -0.6168
vn 0.6793 0.5863 -0.4413
vn 0.1925 0.9812 -0.0108
vn -0.4128 0.8028 0.4303
vn -0.7748 0.1410 0.6163
vn -0.6691 -0.6059 0.4303
vn -0.1656 -0.9861 -0.0107
vn 0.4292 -0.7881 -0.4413
vn 0.8453 -0.1538 -0.5116
vn 0.7288 0.5792 -0.3652
vn 0.1905 0.9817 -0.0070
vn -0.4642 0.8102 0.3581
vn -0.8455 0.1538 0.5114
vn -0.7198 -0.5947 0.3581
vn -0.1675 -0.9858 -0.0070
vn 0.4780 -0.7988 -0.3652
vn 0.8921 -0.1623 -0.4216
vn 0.7613 0.5745 -0.3004
vn 0.1890 0.9820 -0.0047
vn -0.4982 0.8151 0.2957
vn -0.8922 0.1623 0.4215
vn -0.7534 -0.5873 0.2957
vn -0.1691 -0.9856 -0.0047
vn 0.5101 -0.8059 -0.3005
vn 0.9242 -0.1682 -0.3428
vn 0.7836 0.5713 -0.2440
vn 0.1879 0.9822 -0.0033
vn -0.5216 0.8185 0.2407
vn -0.9242 0.1682 0.3428
vn -0.7765 -0.5823 0.2407
vn -0.1701 -0.9854 -0.0033
vn 0.5322 -0.8107 -0.2440
vn 0.9469 -0.1723 -0.2715
vn 0.7994 0.5689 -0.1931
vn 0.1872 0.9823 -0.0024
vn -0.5380 0.8210 0.1908
vn -0.9469 0.1723 0.2715
vn -0.7928 -0.5789 0.1908
vn -0.1708 -0.9853 -0.0023
vn 0.5478 -0.8140 -0.1931
vn 0.9630 -0.1752 -0.2047
vn 0.8107 0.5671 -0.1455
vn 0.1868 0.9824 -0.0017
vn -0.5497 0.8229 0.1438
vn -0.9630 0.1752 0.2046
vn -0.8043 -0.5765 0.1438
vn -0.1712 -0.9852 -0.0017
vn 0.5589 -0.8163 -0.1455
vn 0.8590 -0.1563 0.4874
vn 0.7369 0.4239 0.5265
vn 0.2455 0.7445 0.6209
vn -0.3273 0.6176 0.7152
vn -0.6460 0.1175 0.7543
vn -0.5239 -0.4627 0.7152
vn -0.0325 -0.7832 0.6209
vn 0.5404 -0.6563 0.5265
vn 0.1054 -0.0192 0.9942
vn 0.1691 -0.0308 0.9851
v -15.431997 -9.390571 1.786981
v -15.399492 -9.396485 1.843023
v -15.337520 -9.407763 1.859288
v -15.282383 -9.417795 1.826249
v -15.266380 -9.420708 1.763258
v -15.298886 -9.414792 1.707217
v -15.360859 -9.403515 1.690951
v -15.415996 -9.393482 1.723991
v -10.956258 15.205521 1.786981
v -10.923752 15.199606 1.843023
v -10.861780 15.188329 1.859288
v -10.806643 15.178296 1.826248
v -10.790641 15.175384 1.763258
v -10.823147 15.181299 1.707217
v -10.885119 15.192576 1.690951
v -10.940255 15.202609 1.723991
v -15.349190 -9.405639 1.775120
v -10.873449 15.190453 1.775120
vn -0.8692 -0.4824 0.1083
vn -0.5723 -0.5365 0.6202
vn -0.0062 -0.6395 0.7688
vn 0.4974 -0.7311 0.4670
vn 0.6435 -0.7577 -0.1083
vn 0.3466 -0.7037 -0.6202
vn -0.2194 -0.6007 -0.7688
vn -0.7230 -0.5090 -0.4670
vn -0.6435 0.7577 0.1084
vn -0.3466 0.7037 0.6202
vn 0.2194 0.6007 0.7688
vn 0.7230 0.5090 0.4670
vn 0.8692 0.4824 -0.1084
vn 0.5723 0.5365 -0.6202
vn 0.0062 0.6395 -0.7688
vn -0.4974 0.7311 -0.4670
vn -0.1790 -0.9838 -0.0000
vn 0.1790 0.9838 -0.0000
v -13.093875 -9.816037 1.452077
v -13.061369 -9.821952 1.508119
v -12.999397 -9.833230 1.524384
v -12.944261 -9.843263 1.491345
v -12.928258 -9.846175 1.428355
v -12.960764 -9.840260 1.372313
v -13.022736 -9.828982 1.356048
v -13.077873 -9.818949 1.389087
v -8.618135 14.780054 1.452077
v -8.585629 14.774139 1.508119
v -8.523657 14.762861 1.524384
v -8.468521 14.752829 1.491345
v -8.452518 14.749916 1.428355
v -8.485023 14.755832 1.372313
v -8.546996 14.767109 1.356048
v -8.602133 14.777143 1.389087
v -13.011066 -9.831106 1.440216
v -8.535327 14.764985 1.440216
vn -0.8692 -0.4824 0.1083
vn -0.5723 -0.5364 0.6202
vn -0.0062 -0.6395 0.7688
vn 0.4974 -0.7311 0.4670
vn 0.6435 -0.7577 -0.1083
vn 0.3466 -0.7037 -0.6202
vn -0.2194 -0.6007 -0.7688
vn -0.7230 -0.5090 -0.4670
vn -0.6435 0.7577 0.1083
vn -0.3466 0.7037 0.6202
vn 0.2194 0.6007 0.7688
vn 0.7230 0.5090 0.4670
vn 0.8692 0.4824 -0.1083
vn 0.5723 0.5365 -0.6202
vn 0.0062 0.6395 -0.7688
vn -0.4974 0.7311 -0.4670
vn -0.1790 -0.9838 -0.0000
vn 0.1790 0.9838 -0.0000
v -10.755753 -10.241505 1.117174
v -10.723247 -10.247419 1.173216
v -10.661274 -10.258698 1.189481
v -10.606138 -10.268729 1.156441
v -10.590136 -10.271642 1.093451
v -10.622641 -10.265726 1.037409
v -10.684613 -10.254450 1.021144
v -10.739750 -10.244416 1.054184
v -6.280013 14.354587 1.117174
v -6.247507 14.348672 1.173216
v -6.185534 14.337394 1.189481
v -6.130398 14.327362 1.156441
v -6.114396 14.324450 1.093451
v -6.146901 14.330365 1.037409
v -6.208874 14.341641 1.021144
v -6.264010 14.351675 1.054183
v -10.672944 -10.256574 1.105313
v -6.197204 14.339518 1.105312
vn -0.8692 -0.4824 0.1083
vn -0.5723 -0.5365 0.6202
vn -0.0062 -0.6395 0.7688
vn 0.4974 -0.7311 0.4670
vn 0.6435 -0.7577 -0.1083
vn 0.3466 -0.7037 -0.6202
vn -0.2194 -0.6007 -0.7688
vn -0.7230 -0.5090 -0.4670
vn -0.6435 0.7577 0.1083
vn -0.3466 0.7037 0.6202
vn 0.2194 0.6007 0.7688
vn 0.7230 0.5090 0.4670
vn 0.8692 0.4824 -0.1083
vn 0.5723 0.5365 -0.6202
vn 0.0062 0.6395 -0.7688
vn -0.4974 0.7311 -0.4670
vn -0.1790 -0.9838 -0.0000
vn 0.1790 0.9838 -0.0000
v -13.302761 2.956305 3.940520
v -7.652298 1.928093 3.131170
v -13.126377 3.888602 3.987535
v -7.475914 2.860390 3.178185
v -13.287380 2.947410 4.059197
v -7.636917 1.919198 3.249847
v -13.110996 3.879708 4.106213
v -7.460533 2.851495 3.296863
vn 0.1282 -0.0741 0.9890
vn -0.1282 0.0741 -0.9890
vn 0.1857 0.9814 0.0495
vn -0.1857 -0.9814 -0.0495
vn 0.9742 -0.1773 -0.1395
vn -0.9742 0.1773 0.1395
v -13.079562 4.112683 3.938749
v -7.404908 3.227435 3.129652
v -12.926338 5.048894 3.989074
v -7.251684 4.163645 3.179977
v -13.064035 4.103764 4.057405
v -7.389381 3.218516 3.248308
v -12.910811 5.039974 4.107731
v -7.236157 4.154726 3.298634
vn 0.1294 -0.0743 0.9888
vn -0.1294 0.0743 -0.9888
vn 0.1613 0.9855 0.0530
vn -0.1613 -0.9855 -0.0530
vn 0.9784 -0.1526 -0.1395
vn -0.9784 0.1526 0.1395
v -12.854546 5.269076 3.936727
v -7.159246 4.527345 3.128388
v -12.724572 6.208614 3.990359
v -7.029273 5.466882 3.182021
v -12.838872 5.260136 4.055362
v -7.143573 4.518404 3.247024
v -12.708899 6.199673 4.108995
v -7.013599 5.457942 3.300656
vn 0.1306 -0.0745 0.9886
vn -0.1306 0.0745 -0.9886
vn 0.1368 0.9890 0.0565
vn -0.1368 -0.9890 -0.0565
vn 0.9819 -0.1279 -0.1394
vn -0.9819 0.1279 0.1394
v -12.627711 6.425529 3.934453
v -6.915327 5.827779 3.127378
v -12.521066 7.367806 3.991390
v -6.808682 6.770055 3.184315
v -12.611890 6.416572 4.053068
v -6.899507 5.818821 3.245993
v -12.505245 7.358849 4.110004
v -6.792861 6.761098 3.302930
vn 0.1318 -0.0746 0.9885
vn -0.1318 0.0746 -0.9885
vn 0.1123 0.9919 0.0599
vn -0.1123 -0.9919 -0.0599
vn 0.9849 -0.1031 -0.1392
vn -0.9849 0.1031 0.1391
vn 0.9849 -0.1031 -0.1391
vn -0.9849 0.1031 0.1392
v -12.399059 7.582089 3.931931
v -6.673161 7.128693 3.126624
v -12.315805 8.526515 3.992165
v -6.589907 8.073118 3.186858
v -12.383091 7.573118 4.050525
v -6.657192 7.119721 3.245218
v -12.299837 8.517544 4.110758
v -6.573938 8.064147 3.305452
vn 0.1331 -0.0748 0.9883
vn -0.1331 0.0748 -0.9883
vn 0.0876 0.9941 0.0634
vn -0.0876 -0.9941 -0.0634
vn 0.9872 -0.0782 -0.1388
vn -0.9872 0.0782 0.1388
v -12.168595 8.738801 3.929161
v -6.432760 8.430042 3.126126
v -12.108780 9.684786 3.992684
v -6.372945 9.376026 3.189649
v -12.152478 8.729820 4.047734
v -6.416643 8.421061 3.244699
v -12.092663 9.675804 4.111257
v -6.356828 9.367045 3.308222
vn 0.1343 -0.0748 0.9881
vn -0.1343 0.0748 -0.9881
vn 0.0630 0.9958 0.0669
vn -0.0630 -0.9958 -0.0669
vn 0.9889 -0.0532 -0.1385
vn -0.9889 0.0532 0.1385
v -11.936323 9.895710 3.926146
v -6.194136 9.731781 3.125884
v -11.899980 10.842661 3.992947
v -6.157793 10.678732 3.192685
v -11.920057 9.886723 4.044698
v -6.177871 9.722794 3.244436
v -11.883715 10.833673 4.111499
v -6.141527 10.669744 3.311237
vn 0.1355 -0.0749 0.9879
vn -0.1355 0.0749 -0.9879
vn 0.0383 0.9968 0.0703
vn -0.0383 -0.9968 -0.0703
vn 0.9900 -0.0283 -0.1380
vn -0.9900 0.0283 0.1380
v -11.702247 11.052862 3.922886
v -5.957296 11.033867 3.125898
v -11.689394 12.000188 3.992954
v -5.944444 11.981192 3.195965
v -11.685832 11.043873 4.041418
v -5.940882 11.024877 3.244429
v -11.672979 11.991198 4.111485
v -5.928029 11.972202 3.314497
vn 0.1368 -0.0749 0.9878
vn -0.1368 0.0749 -0.9878
vn 0.0135 0.9972 0.0738
vn -0.0135 -0.9972 -0.0738
vn 0.9905 -0.0033 -0.1374
vn -0.9905 0.0033 0.1374
v -11.466372 12.210303 3.919385
v -5.722250 12.336252 3.126168
v -11.477015 13.157410 3.992704
v -5.732892 13.283360 3.199487
v -11.449810 12.201315 4.037896
v -5.705687 12.327265 3.244679
v -11.460451 13.148422 4.111215
v -5.716329 13.274371 3.317998
vn 0.1380 -0.0749 0.9876
vn -0.1380 0.0749 -0.9876
vn -0.0112 0.9970 0.0772
vn 0.0112 -0.9970 -0.0772
vn 0.9904 0.0217 -0.1368
vn -0.9904 -0.0217 0.1368
v -12.108569 5.238062 3.860950
v -11.952695 5.209698 3.838623
v -12.061213 5.482738 3.880733
v -11.905337 5.454373 3.858406
v -11.765450 4.948189 6.624687
v -11.609575 4.919825 6.602360
v -11.718093 5.192864 6.644470
v -11.562219 5.164500 6.622143
vn 0.1225 -0.1035 0.9870
vn -0.1225 0.1035 -0.9870
vn 0.1894 0.9787 0.0791
vn -0.1894 -0.9787 -0.0791
vn 0.9742 -0.1773 -0.1395
vn -0.9742 0.1773 0.1395
vn -0.1226 0.1035 -0.9870
v -12.119612 5.125947 3.890465
v -11.973479 5.099356 3.869534
v -11.824213 6.749289 3.890465
v -11.678081 6.722697 3.869534
v -12.030374 5.109709 4.534105
v -11.884241 5.083117 4.513174
v -11.734975 6.733050 4.534105
v -11.588842 6.706459 4.513174
vn 0.1373 -0.0250 0.9902
vn -0.1373 0.0250 -0.9902
vn 0.1790 0.9838 -0.0000
vn -0.1790 -0.9838 -0.0000
vn 0.9742 -0.1773 -0.1395
vn -0.9742 0.1773 0.1395
v -11.788125 5.065627 6.317193
v -11.632250 5.037262 6.294866
v -11.492726 6.688969 6.317193
v -11.336851 6.660604 6.294866
v -11.740074 5.056883 6.663768
v -11.584199 5.028519 6.641441
v -11.444675 6.680225 6.663768
v -11.288800 6.651861 6.641441
vn 0.1373 -0.0250 0.9902
vn -0.1373 0.0250 -0.9902
vn 0.1790 0.9838 -0.0000
vn -0.1790 -0.9838 -0.0000
vn 0.9742 -0.1773 -0.1395
vn -0.9742 0.1773 0.1395
v -11.813170 6.861404 3.860950
v -11.657296 6.833040 3.838623
v -11.765814 7.106080 3.880733
v -11.609939 7.077715 3.858406
v -11.470052 6.571532 6.624687
v -11.314177 6.543167 6.602360
v -11.422694 6.816207 6.644470
v -11.266820 6.787843 6.622143
vn 0.1225 -0.1035 0.9870
vn -0.1225 0.1035 -0.9870
vn 0.1894 0.9787 0.0791
vn -0.1894 -0.9787 -0.0791
vn 0.9742 -0.1773 -0.1395
vn -0.9742 0.1773 0.1395
vn -0.1226 0.1035 -0.9870
v -11.824213 6.749289 3.890465
v -11.678081 6.722697 3.869534
v -11.528814 8.372631 3.890465
v -11.382682 8.346040 3.869534
v -11.734975 6.733050 4.534105
v -11.588842 6.706459 4.513174
v -11.439576 8.356393 4.534105
v -11.293444 8.329801 4.513174
vn 0.1373 -0.0250 0.9902
vn -0.1373 0.0250 -0.9902
vn 0.1790 0.9838 -0.0000
vn -0.1790 -0.9838 -0.0000
vn 0.9742 -0.1773 -0.1395
vn -0.9742 0.1773 0.1395
v -11.492726 6.688969 6.317193
v -11.336851 6.660604 6.294866
v -11.197328 8.312311 6.317193
v -11.041452 8.283946 6.294866
v -11.444675 6.680225 6.663768
v -11.288800 6.651861 6.641441
v -11.149277 8.303567 6.663768
v -10.993402 8.275203 6.641441
vn 0.1373 -0.0250 0.9902
vn -0.1373 0.0250 -0.9902
vn 0.1790 0.9838 -0.0000
vn -0.1790 -0.9838 -0.0000
vn 0.9742 -0.1773 -0.1395
vn -0.9742 0.1773 0.1395
v -11.517772 8.484747 3.860950
v -11.361897 8.456382 3.838623
v -11.470415 8.729422 3.880733
v -11.314540 8.701057 3.858406
v -11.174653 8.194874 6.624687
v -11.018778 8.166510 6.602360
v -11.127295 8.439549 6.644470
v -10.971421 8.411184 6.622143
vn 0.1225 -0.1035 0.9870
vn -0.1225 0.1035 -0.9870
vn 0.1894 0.9787 0.0791
vn -0.1894 -0.9787 -0.0791
vn 0.9742 -0.1773 -0.1395
vn -0.9742 0.1773 0.1395
v -11.528813 8.372632 3.890465
v -11.382681 8.346040 3.869534
v -11.233415 9.995974 3.890465
v -11.087282 9.969382 3.869534
v -11.439575 8.356393 4.534105
v -11.293443 8.329802 4.513174
v -11.144176 9.979735 4.534105
v -10.998044 9.953143 4.513174
vn 0.1373 -0.0250 0.9902
vn -0.1373 0.0250 -0.9902
vn 0.1790 0.9838 -0.0000
vn -0.1790 -0.9838 -0.0000
vn 0.9742 -0.1773 -0.1395
vn -0.9742 0.1773 0.1395
v -11.197328 8.312311 6.317193
v -11.041452 8.283946 6.294866
v -10.901929 9.935653 6.317193
v -10.746054 9.907289 6.294866
v -11.149277 8.303567 6.663768
v -10.993402 8.275203 6.641441
v -10.853878 9.926909 6.663768
v -10.698003 9.898544 6.641441
vn 0.1373 -0.0250 0.9902
vn -0.1373 0.0250 -0.9902
vn 0.1790 0.9838 -0.0000
vn -0.1790 -0.9838 -0.0000
vn 0.9742 -0.1773 -0.1395
vn -0.9742 0.1773 0.1395
v -11.222373 10.108088 3.860950
v -11.066499 10.079723 3.838623
v -11.175016 10.352763 3.880733
v -11.019141 10.324399 3.858406
v -10.879254 9.818215 6.624687
v -10.723379 9.789851 6.602360
v -10.831897 10.062891 6.644470
v -10.676023 10.034526 6.622143
vn 0.1225 -0.1035 0.9870
vn -0.1225 0.1035 -0.9870
vn 0.1894 0.9787 0.0791
vn -0.1894 -0.9787 -0.0791
vn 0.9742 -0.1773 -0.1395
vn -0.9742 0.1773 0.1395
v -11.233415 9.995974 3.890465
v -11.087282 9.969381 3.869534
v -10.938016 11.619315 3.890465
v -10.791883 11.592724 3.869534
v -11.144176 9.979734 4.534105
v -10.998044 9.953143 4.513174
v -10.848778 11.603077 4.534105
v -10.702645 11.576485 4.513174
vn 0.1373 -0.0250 0.9902
vn -0.1373 0.0250 -0.9902
vn 0.1790 0.9838 -0.0000
vn -0.1790 -0.9838 -0.0000
vn 0.9742 -0.1773 -0.1395
vn -0.9742 0.1773 0.1395
v -10.901929 9.935653 6.317193
v -10.746054 9.907288 6.294866
v -10.606530 11.558994 6.317193
v -10.450655 11.530630 6.294866
v -10.853878 9.926908 6.663768
v -10.698003 9.898544 6.641441
v -10.558479 11.550251 6.663768
v -10.402604 11.521886 6.641441
vn 0.1373 -0.0250 0.9902
vn -0.1373 0.0250 -0.9902
vn 0.1790 0.9838 -0.0000
vn -0.1790 -0.9838 -0.0000
vn 0.9742 -0.1773 -0.1395
vn -0.9742 0.1773 0.1395
v -8.114277 4.511223 3.288823
v -7.958402 4.482858 3.266496
v -8.066920 4.755898 3.308606
v -7.911045 4.727533 3.286279
v -7.771158 4.221350 6.052560
v -7.615283 4.192986 6.030233
v -7.723801 4.466025 6.072343
v -7.567926 4.437660 6.050016
vn 0.1225 -0.1035 0.9870
vn -0.1225 0.1035 -0.9870
vn 0.1894 0.9787 0.0791
vn -0.1894 -0.9787 -0.0791
vn 0.9742 -0.1773 -0.1395
vn -0.9742 0.1773 0.1395
v -8.125319 4.399107 3.318338
v -7.979186 4.372516 3.297407
v -7.829920 6.022449 3.318338
v -7.683787 5.995858 3.297407
v -8.036080 4.382869 3.961978
v -7.889948 4.356277 3.941047
v -7.740682 6.006211 3.961978
v -7.594549 5.979620 3.941047
vn 0.1373 -0.0250 0.9902
vn -0.1373 0.0250 -0.9902
vn 0.1790 0.9838 -0.0000
vn -0.1790 -0.9838 -0.0000
vn 0.9742 -0.1773 -0.1395
vn -0.9742 0.1773 0.1395
v -7.793833 4.338787 5.745066
v -7.637958 4.310423 5.722739
v -7.498434 5.962129 5.745066
v -7.342559 5.933765 5.722739
v -7.745782 4.330043 6.091641
v -7.589907 4.301679 6.069314
v -7.450383 5.953385 6.091641
v -7.294508 5.925021 6.069314
vn 0.1373 -0.0250 0.9902
vn -0.1373 0.0250 -0.9902
vn 0.1790 0.9838 -0.0000
vn -0.1790 -0.9838 -0.0000
vn 0.9742 -0.1773 -0.1395
vn -0.9742 0.1773 0.1395
v -7.818878 6.134565 3.288823
v -7.663003 6.106201 3.266496
v -7.771521 6.379240 3.308606
v -7.615646 6.350876 3.286279
v -7.475760 5.844692 6.052560
v -7.319885 5.816328 6.030233
v -7.428402 6.089367 6.072343
v -7.272528 6.061003 6.050016
vn 0.1225 -0.1035 0.9870
vn -0.1225 0.1035 -0.9870
vn 0.1894 0.9787 0.0791
vn -0.1894 -0.9787 -0.0791
vn 0.9742 -0.1773 -0.1395
vn -0.9742 0.1773 0.1395
v -7.829920 6.022449 3.318338
v -7.683787 5.995858 3.297407
v -7.534521 7.645792 3.318338
v -7.388388 7.619200 3.297407
v -7.740682 6.006211 3.961978
v -7.594549 5.979620 3.941047
v -7.445283 7.629553 3.961978
v -7.299150 7.602962 3.941047
vn 0.1373 -0.0250 0.9902
vn -0.1373 0.0250 -0.9902
vn 0.1790 0.9838 -0.0000
vn -0.1790 -0.9838 -0.0000
vn 0.9742 -0.1773 -0.1395
vn -0.9742 0.1773 0.1395
v -7.498434 5.962129 5.745066
v -7.342559 5.933765 5.722739
v -7.203035 7.585471 5.745066
v -7.047160 7.557107 5.722739
v -7.450383 5.953385 6.091641
v -7.294508 5.925021 6.069314
v -7.154984 7.576727 6.091641
v -6.999109 7.548363 6.069314
vn 0.1373 -0.0250 0.9902
vn -0.1373 0.0250 -0.9902
vn 0.1790 0.9838 -0.0000
vn -0.1790 -0.9838 -0.0000
vn 0.9742 -0.1773 -0.1395
vn -0.9742 0.1773 0.1395
v -7.523479 7.757907 3.288823
v -7.367605 7.729543 3.266496
v -7.476122 8.002583 3.308606
v -7.320248 7.974218 3.286279
v -7.180361 7.468034 6.052560
v -7.024486 7.439670 6.030233
v -7.133004 7.712709 6.072343
v -6.977129 7.684345 6.050016
vn 0.1225 -0.1035 0.9870
vn -0.1225 0.1035 -0.9870
vn 0.1894 0.9787 0.0791
vn -0.1894 -0.9787 -0.0791
vn 0.9742 -0.1773 -0.1395
vn -0.9742 0.1773 0.1395
v -7.534521 7.645792 3.318338
v -7.388388 7.619200 3.297407
v -7.239122 9.269134 3.318338
v -7.092989 9.242542 3.297407
v -7.445283 7.629553 3.961978
v -7.299150 7.602962 3.941047
v -7.149885 9.252895 3.961978
v -7.003752 9.226303 3.941047
vn 0.1373 -0.0250 0.9902
vn -0.1373 0.0250 -0.9902
vn 0.1790 0.9838 -0.0000
vn -0.1790 -0.9838 -0.0000
vn 0.9742 -0.1773 -0.1395
vn -0.9742 0.1773 0.1395
v -7.203035 7.585472 5.745066
v -7.047160 7.557107 5.722739
v -6.907636 9.208814 5.745066
v -6.751761 9.180449 5.722739
v -7.154984 7.576728 6.091641
v -6.999109 7.548364 6.069314
v -6.859585 9.200070 6.091641
v -6.703710 9.171705 6.069314
vn 0.1373 -0.0250 0.9902
vn -0.1373 0.0250 -0.9902
vn 0.1790 0.9838 -0.0000
vn -0.1790 -0.9838 -0.0000
vn 0.9742 -0.1773 -0.1395
vn -0.9742 0.1773 0.1395
v -7.228081 9.381248 3.288823
v -7.072206 9.352883 3.266496
v -7.180724 9.625923 3.308606
v -7.024849 9.597559 3.286279
v -6.884962 9.091375 6.052560
v -6.729087 9.063011 6.030233
v -6.837605 9.336051 6.072343
v -6.681730 9.307686 6.050016
vn 0.1225 -0.1035 0.9870
vn -0.1225 0.1035 -0.9870
vn 0.1894 0.9787 0.0791
vn -0.1894 -0.9787 -0.0791
vn 0.9742 -0.1773 -0.1395
vn -0.9742 0.1773 0.1395
v -7.239122 9.269134 3.318338
v -7.092989 9.242541 3.297407
v -6.943724 10.892475 3.318338
v -6.797591 10.865884 3.297407
v -7.149885 9.252894 3.961978
v -7.003752 9.226303 3.941047
v -6.854486 10.876237 3.961978
v -6.708353 10.849645 3.941047
vn 0.1373 -0.0250 0.9902
vn -0.1373 0.0250 -0.9902
vn 0.1790 0.9838 -0.0000
vn -0.1790 -0.9838 -0.0000
vn 0.9742 -0.1773 -0.1395
vn -0.9742 0.1773 0.1395
v -6.907636 9.208814 5.745066
v -6.751761 9.180449 5.722739
v -6.612237 10.832155 5.745066
v -6.456362 10.803791 5.722739
v -6.859585 9.200069 6.091641
v -6.703710 9.171705 6.069314
v -6.564186 10.823412 6.091641
v -6.408311 10.795047 6.069314
vn 0.1373 -0.0250 0.9902
vn -0.1373 0.0250 -0.9902
vn 0.1790 0.9838 -0.0000
vn -0.1790 -0.9838 -0.0000
vn 0.9742 -0.1773 -0.1395
vn -0.9742 0.1773 0.1395
v -11.895603 4.551563 6.726130
v -7.636630 3.776560 5.938400
v -11.662865 5.830560 6.726130
v -7.403892 5.055556 5.938400
v -11.874467 4.547717 6.844192
v -7.615494 3.772714 6.056461
v -11.641728 5.826714 6.844192
v -7.382755 5.051710 6.056461
vn 0.1761 -0.0321 0.9838
vn -0.1761 0.0321 -0.9838
vn 0.1790 0.9838 -0.0000
vn -0.1790 -0.9838 -0.0000
vn 0.9679 -0.1761 -0.1790
vn -0.9679 0.1761 0.1790
v -11.664843 5.963419 6.703576
v -7.436036 5.037533 5.916222
v -11.379007 7.230814 6.748380
v -7.150201 6.304928 5.961025
v -11.644778 5.954723 6.821567
v -7.415971 5.028837 6.034212
v -11.358944 7.222118 6.866370
v -7.130136 6.296232 6.079016
vn 0.1672 -0.0725 0.9833
vn -0.1672 0.0725 -0.9833
vn 0.2199 0.9749 0.0345
vn -0.2199 -0.9749 -0.0345
vn 0.9611 -0.2104 -0.1789
vn -0.9611 0.2104 0.1789
v -11.430812 7.376504 6.680738
v -7.237380 6.300876 5.894510
v -11.092851 8.628607 6.770303
v -6.899420 7.552978 5.984075
v -11.412180 7.363051 6.798517
v -7.218749 6.287422 6.012289
v -11.074220 8.615153 6.888082
v -6.880788 7.539525 6.101854
vn 0.1553 -0.1121 0.9815
vn -0.1553 0.1121 -0.9815
vn 0.2600 0.9632 0.0689
vn -0.2600 -0.9632 -0.0689
vn 0.9531 -0.2445 -0.1787
vn -0.9531 0.2445 0.1787
v -11.193396 8.790675 6.657639
v -7.040505 7.566626 5.873287
v -10.804560 10.023876 6.791879
v -6.651670 8.799828 6.007527
v -11.176550 8.772581 6.775064
v -7.023661 7.548532 5.990713
v -10.787715 10.005783 6.909305
v -6.634825 8.781734 6.124953
vn 0.1404 -0.1508 0.9785
vn -0.1404 0.1508 -0.9785
vn 0.2991 0.9486 0.1033
vn -0.2991 -0.9486 -0.1033
vn 0.9438 -0.2782 -0.1783
vn -0.9438 0.2782 0.1783
vn -0.1404 0.1508 -0.9786
v -10.952485 10.205772 6.634300
v -6.845253 8.834808 5.852572
v -10.514301 11.416570 6.813088
v -6.407069 10.045606 6.031360
v -10.937771 10.183181 6.751232
v -6.830538 8.812217 5.969504
v -10.499586 11.393978 6.930020
v -6.392354 10.023014 6.148292
vn 0.1226 -0.1883 0.9744
vn -0.1226 0.1883 -0.9744
vn 0.3371 0.9314 0.1375
vn -0.3371 -0.9314 -0.1375
vn 0.9335 -0.3116 -0.1777
vn -0.9335 0.3116 0.1777
v -13.013227 3.337029 4.044969
v -12.979658 3.344317 4.047469
v -12.961034 3.373270 4.048505
v -12.968265 3.406928 4.047469
v -12.997114 3.425574 4.044969
v -13.030683 3.418286 4.042468
v -13.049307 3.389333 4.041432
v -13.042076 3.355675 4.042468
v -13.084511 3.350000 4.964071
v -13.050941 3.357288 4.966572
v -13.032318 3.386242 4.967608
v -13.039549 3.419900 4.966572
v -13.068398 3.438546 4.964071
v -13.101967 3.431258 4.961571
v -13.120590 3.402304 4.960535
v -13.113359 3.368646 4.961571
v -13.005171 3.381301 4.044969
v -13.076454 3.394273 4.964071
vn -0.0903 -0.7727 -0.6283
vn 0.4889 -0.6470 -0.5852
vn 0.8102 -0.1474 -0.5673
vn 0.6855 0.4333 -0.5852
vn 0.1877 0.7550 -0.6283
vn -0.3914 0.6293 -0.6714
vn -0.7127 0.1297 -0.6893
vn -0.5880 -0.4510 -0.6714
vn -0.1877 -0.7550 0.6283
vn 0.3914 -0.6292 0.6714
vn 0.7128 -0.1297 0.6893
vn 0.5880 0.4510 0.6715
vn 0.0903 0.7727 0.6283
vn -0.4889 0.6470 0.5852
vn -0.8102 0.1474 0.5673
vn -0.6855 -0.4333 0.5852
vn 0.0773 -0.0141 -0.9969
vn -0.0773 0.0141 0.9969
v -12.852100 4.222488 4.044969
v -12.818531 4.229776 4.047469
v -12.799908 4.258730 4.048505
v -12.807138 4.292387 4.047469
v -12.835987 4.311034 4.044969
v -12.869556 4.303746 4.042468
v -12.888180 4.274792 4.041432
v -12.880949 4.241134 4.042468
v -12.923384 4.235459 4.964071
v -12.889815 4.242747 4.966572
v -12.871191 4.271701 4.967608
v -12.878422 4.305359 4.966572
v -12.907271 4.324005 4.964071
v -12.940840 4.316717 4.961571
v -12.959463 4.287764 4.960535
v -12.952233 4.254106 4.961571
v -12.844044 4.266761 4.044969
v -12.915327 4.279732 4.964071
vn -0.0903 -0.7727 -0.6283
vn 0.4889 -0.6470 -0.5851
vn 0.8102 -0.1474 -0.5673
vn 0.6855 0.4333 -0.5852
vn 0.1877 0.7550 -0.6283
vn -0.3914 0.6292 -0.6714
vn -0.7128 0.1297 -0.6893
vn -0.5880 -0.4510 -0.6715
vn -0.1877 -0.7550 0.6283
vn 0.3914 -0.6292 0.6714
vn 0.7128 -0.1297 0.6893
vn 0.5880 0.4510 0.6714
vn 0.0903 0.7727 0.6283
vn -0.4889 0.6470 0.5851
vn -0.8102 0.1474 0.5673
vn -0.6855 -0.4333 0.5851
vn 0.0773 -0.0141 -0.9969
vn -0.0773 0.0141 0.9969
v -12.690973 5.107947 4.044969
v -12.657405 5.115235 4.047469
v -12.638781 5.144189 4.048505
v -12.646011 5.177847 4.047469
v -12.674861 5.196493 4.044969
v -12.708429 5.189205 4.042468
v -12.727053 5.160252 4.041432
v -12.719823 5.126594 4.042468
v -12.762258 5.120918 4.964071
v -12.728689 5.128207 4.966572
v -12.710065 5.157160 4.967608
v -12.717295 5.190818 4.966572
v -12.746144 5.209465 4.964071
v -12.779713 5.202177 4.961571
v -12.798337 5.173223 4.960535
v -12.791106 5.139565 4.961571
v -12.682917 5.152220 4.044969
v -12.754201 5.165192 4.964071
vn -0.0903 -0.7727 -0.6283
vn 0.4889 -0.6470 -0.5852
vn 0.8102 -0.1474 -0.5673
vn 0.6855 0.4333 -0.5852
vn 0.1877 0.7550 -0.6283
vn -0.3914 0.6292 -0.6714
vn -0.7128 0.1297 -0.6893
vn -0.5880 -0.4510 -0.6714
vn -0.1877 -0.7550 0.6283
vn 0.3914 -0.6292 0.6715
vn 0.7128 -0.1297 0.6893
vn 0.5880 0.4510 0.6714
vn 0.0903 0.7727 0.6283
vn -0.4889 0.6470 0.5851
vn -0.8102 0.1474 0.5673
vn -0.6855 -0.4333 0.5852
vn 0.0773 -0.0141 -0.9969
vn -0.0773 0.0141 0.9969
v -12.529847 5.993406 4.044969
v -12.496279 6.000695 4.047469
v -12.477654 6.029648 4.048505
v -12.484885 6.063306 4.047469
v -12.513734 6.081953 4.044969
v -12.547302 6.074664 4.042468
v -12.565927 6.045711 4.041432
v -12.558696 6.012053 4.042468
v -12.601130 6.006378 4.964071
v -12.567562 6.013666 4.966572
v -12.548939 6.042620 4.967608
v -12.556169 6.076278 4.966572
v -12.585018 6.094924 4.964071
v -12.618587 6.087636 4.961571
v -12.637210 6.058682 4.960535
v -12.629980 6.025024 4.961571
v -12.521791 6.037680 4.044969
v -12.593074 6.050651 4.964071
vn -0.0903 -0.7727 -0.6283
vn 0.4889 -0.6470 -0.5852
vn 0.8102 -0.1475 -0.5673
vn 0.6855 0.4333 -0.5852
vn 0.1877 0.7550 -0.6283
vn -0.3914 0.6292 -0.6714
vn -0.7128 0.1297 -0.6893
vn -0.5880 -0.4510 -0.6714
vn -0.1877 -0.7550 0.6283
vn 0.3915 -0.6292 0.6714
vn 0.7128 -0.1297 0.6893
vn 0.5880 0.4510 0.6714
vn 0.0903 0.7727 0.6283
vn -0.4889 0.6470 0.5852
vn -0.8102 0.1474 0.5673
vn -0.6855 -0.4333 0.5852
vn 0.0773 -0.0141 -0.9969
vn -0.0773 0.0141 0.9969
v -12.368720 6.878866 4.044969
v -12.335152 6.886154 4.047469
v -12.316527 6.915107 4.048505
v -12.323758 6.948766 4.047469
v -12.352608 6.967412 4.044969
v -12.386176 6.960124 4.042468
v -12.404800 6.931170 4.041432
v -12.397570 6.897512 4.042468
v -12.440004 6.891837 4.964071
v -12.406435 6.899125 4.966572
v -12.387812 6.928079 4.967608
v -12.395042 6.961737 4.966572
v -12.423891 6.980383 4.964071
v -12.457459 6.973095 4.961571
v -12.476084 6.944142 4.960535
v -12.468853 6.910484 4.961571
v -12.360664 6.923139 4.044969
v -12.431948 6.936110 4.964071
vn -0.0903 -0.7727 -0.6283
vn 0.4889 -0.6470 -0.5852
vn 0.8102 -0.1475 -0.5673
vn 0.6855 0.4333 -0.5852
vn 0.1877 0.7550 -0.6283
vn -0.3915 0.6292 -0.6715
vn -0.7128 0.1297 -0.6893
vn -0.5880 -0.4510 -0.6714
vn -0.1877 -0.7550 0.6283
vn 0.3915 -0.6292 0.6714
vn 0.7128 -0.1297 0.6893
vn 0.5880 0.4510 0.6715
vn 0.0903 0.7727 0.6283
vn -0.4889 0.6470 0.5852
vn -0.8102 0.1474 0.5673
vn -0.6855 -0.4333 0.5852
vn 0.0773 -0.0141 -0.9969
vn -0.0773 0.0141 0.9969
v -12.207594 7.764325 4.044969
v -12.174025 7.771614 4.047469
v -12.155401 7.800567 4.048505
v -12.162632 7.834225 4.047469
v -12.191481 7.852871 4.044969
v -12.225049 7.845582 4.042468
v -12.243673 7.816630 4.041432
v -12.236443 7.782971 4.042468
v -12.278877 7.777297 4.964071
v -12.245309 7.784585 4.966572
v -12.226685 7.813539 4.967608
v -12.233915 7.847196 4.966572
v -12.262765 7.865843 4.964071
v -12.296333 7.858554 4.961571
v -12.314957 7.829601 4.960535
v -12.307727 7.795943 4.961571
v -12.199537 7.808599 4.044969
v -12.270821 7.821570 4.964071
vn -0.0903 -0.7727 -0.6283
vn 0.4889 -0.6470 -0.5851
vn 0.8102 -0.1474 -0.5673
vn 0.6855 0.4333 -0.5852
vn 0.1877 0.7550 -0.6283
vn -0.3914 0.6292 -0.6715
vn -0.7128 0.1297 -0.6893
vn -0.5880 -0.4510 -0.6715
vn -0.1877 -0.7550 0.6283
vn 0.3914 -0.6292 0.6714
vn 0.7128 -0.1297 0.6893
vn 0.5880 0.4510 0.6714
vn 0.0903 0.7727 0.6283
vn -0.4889 0.6470 0.5851
vn -0.8102 0.1474 0.5673
vn -0.6855 -0.4333 0.5851
vn 0.0773 -0.0141 -0.9969
vn -0.0773 0.0141 0.9969
v -12.046467 8.649784 4.044969
v -12.012898 8.657073 4.047469
v -11.994274 8.686026 4.048505
v -12.001505 8.719685 4.047469
v -12.030354 8.738331 4.044969
v -12.063923 8.731042 4.042468
v -12.082546 8.702089 4.041432
v -12.075316 8.668430 4.042468
v -12.117750 8.662756 4.964071
v -12.084182 8.670044 4.966572
v -12.065558 8.698997 4.967608
v -12.072788 8.732656 4.966572
v -12.101638 8.751303 4.964071
v -12.135206 8.744014 4.961571
v -12.153831 8.715061 4.960535
v -12.146600 8.681402 4.961571
v -12.038410 8.694057 4.044969
v -12.109694 8.707029 4.964071
vn -0.0903 -0.7727 -0.6283
vn 0.4889 -0.6470 -0.5852
vn 0.8102 -0.1474 -0.5673
vn 0.6855 0.4333 -0.5852
vn 0.1877 0.7550 -0.6283
vn -0.3914 0.6292 -0.6714
vn -0.7128 0.1297 -0.6893
vn -0.5880 -0.4510 -0.6714
vn -0.1877 -0.7550 0.6283
vn 0.3914 -0.6292 0.6714
vn 0.7127 -0.1297 0.6893
vn 0.5880 0.4510 0.6714
vn 0.0903 0.7727 0.6283
vn -0.4889 0.6470 0.5852
vn -0.8102 0.1474 0.5673
vn -0.6855 -0.4333 0.5852
vn 0.0773 -0.0141 -0.9969
vn -0.0773 0.0141 0.9969
v -11.885341 9.535244 4.044969
v -11.851771 9.542532 4.047469
v -11.833148 9.571486 4.048505
v -11.840378 9.605144 4.047469
v -11.869227 9.623791 4.044969
v -11.902796 9.616501 4.042468
v -11.921420 9.587549 4.041432
v -11.914189 9.553890 4.042468
v -11.956624 9.548216 4.964071
v -11.923056 9.555504 4.966572
v -11.904431 9.584457 4.967608
v -11.911662 9.618114 4.966572
v -11.940512 9.636762 4.964071
v -11.974080 9.629473 4.961571
v -11.992703 9.600520 4.960535
v -11.985474 9.566862 4.961571
v -11.877284 9.579517 4.044969
v -11.948567 9.592489 4.964071
vn -0.0903 -0.7727 -0.6283
vn 0.4889 -0.6470 -0.5852
vn 0.8102 -0.1474 -0.5673
vn 0.6855 0.4333 -0.5852
vn 0.1877 0.7550 -0.6283
vn -0.3914 0.6292 -0.6715
vn -0.7128 0.1297 -0.6893
vn -0.5880 -0.4510 -0.6714
vn -0.1877 -0.7550 0.6283
vn 0.3914 -0.6292 0.6714
vn 0.7128 -0.1297 0.6893
vn 0.5880 0.4510 0.6714
vn 0.0903 0.7727 0.6283
vn -0.4889 0.6470 0.5851
vn -0.8102 0.1474 0.5673
vn -0.6855 -0.4333 0.5852
vn 0.0773 -0.0141 -0.9969
vn -0.0773 0.0141 0.9969
v -11.724214 10.420702 4.044969
v -11.690645 10.427992 4.047469
v -11.672021 10.456945 4.048505
v -11.679252 10.490602 4.047469
v -11.708101 10.509248 4.044969
v -11.741670 10.501961 4.042468
v -11.760293 10.473007 4.041432
v -11.753063 10.439350 4.042468
v -11.795498 10.433674 4.964071
v -11.761929 10.440963 4.966572
v -11.743305 10.469916 4.967608
v -11.750536 10.503573 4.966572
v -11.779385 10.522220 4.964071
v -11.812953 10.514932 4.961571
v -11.831577 10.485979 4.960535
v -11.824347 10.452321 4.961571
v -11.716157 10.464975 4.044969
v -11.787441 10.477947 4.964071
vn -0.0903 -0.7727 -0.6283
vn 0.4889 -0.6470 -0.5852
vn 0.8102 -0.1474 -0.5673
vn 0.6855 0.4333 -0.5851
vn 0.1877 0.7550 -0.6283
vn -0.3914 0.6292 -0.6714
vn -0.7128 0.1297 -0.6893
vn -0.5880 -0.4510 -0.6714
vn -0.1877 -0.7550 0.6283
vn 0.3915 -0.6292 0.6714
vn 0.7128 -0.1297 0.6893
vn 0.5880 0.4510 0.6715
vn 0.0903 0.7727 0.6283
vn -0.4889 0.6470 0.5852
vn -0.8102 0.1474 0.5673
vn -0.6855 -0.4333 0.5852
vn 0.0773 -0.0141 -0.9969
vn -0.0773 0.0141 0.9969
v -11.563087 11.306162 4.044969
v -11.529518 11.313452 4.047469
v -11.510895 11.342405 4.048505
v -11.518126 11.376062 4.047469
v -11.546974 11.394708 4.044969
v -11.580543 11.387421 4.042468
v -11.599167 11.358467 4.041432
v -11.591936 11.324810 4.042468
v -11.634371 11.319134 4.964071
v -11.600802 11.326423 4.966572
v -11.582178 11.355376 4.967608
v -11.589409 11.389033 4.966572
v -11.618258 11.407680 4.964071
v -11.651827 11.400392 4.961571
v -11.670450 11.371439 4.960535
v -11.663219 11.337781 4.961571
v -11.555031 11.350435 4.044969
v -11.626314 11.363407 4.964071
vn -0.0903 -0.7727 -0.6283
vn 0.4889 -0.6470 -0.5852
vn 0.8102 -0.1474 -0.5673
vn 0.6855 0.4333 -0.5852
vn 0.1877 0.7550 -0.6283
vn -0.3914 0.6292 -0.6714
vn -0.7128 0.1297 -0.6893
vn -0.5880 -0.4510 -0.6714
vn -0.1877 -0.7550 0.6283
vn 0.3914 -0.6292 0.6714
vn 0.7128 -0.1297 0.6893
vn 0.5880 0.4510 0.6715
vn 0.0903 0.7727 0.6283
vn -0.4889 0.6470 0.5852
vn -0.8102 0.1474 0.5673
vn -0.6855 -0.4333 0.5852
vn 0.0773 -0.0141 -0.9969
vn -0.0773 0.0141 0.9969
v -11.401960 12.191621 4.044969
v -11.368392 12.198911 4.047469
v -11.349768 12.227864 4.048505
v -11.356998 12.261521 4.047469
v -11.385848 12.280167 4.044969
v -11.419416 12.272880 4.042468
v -11.438040 12.243926 4.041432
v -11.430809 12.210269 4.042468
v -11.473244 12.204593 4.964071
v -11.439675 12.211882 4.966572
v -11.421052 12.240834 4.967608
v -11.428282 12.274492 4.966572
v -11.457131 12.293139 4.964071
v -11.490700 12.285851 4.961571
v -11.509324 12.256898 4.960535
v -11.502093 12.223240 4.961571
v -11.393904 12.235894 4.044969
v -11.465188 12.248866 4.964071
vn -0.0903 -0.7727 -0.6283
vn 0.4889 -0.6470 -0.5852
vn 0.8102 -0.1474 -0.5673
vn 0.6855 0.4333 -0.5852
vn 0.1877 0.7550 -0.6283
vn -0.3914 0.6292 -0.6714
vn -0.7128 0.1297 -0.6893
vn -0.5880 -0.4510 -0.6715
vn -0.1877 -0.7550 0.6283
vn 0.3914 -0.6292 0.6714
vn 0.7127 -0.1297 0.6893
vn 0.5880 0.4510 0.6714
vn 0.0903 0.7727 0.6283
vn -0.4889 0.6470 0.5852
vn -0.8102 0.1474 0.5673
vn -0.6855 -0.4333 0.5851
vn 0.0773 -0.0141 -0.9969
vn -0.0773 0.0141 0.9969
v -11.240834 13.077080 4.044969
v -11.207265 13.084370 4.047469
v -11.188642 13.113323 4.048505
v -11.195872 13.146980 4.047469
v -11.224721 13.165626 4.044969
v -11.258289 13.158339 4.042468
v -11.276914 13.129385 4.041432
v -11.269683 13.095728 4.042468
v -11.312118 13.090052 4.964071
v -11.278549 13.097341 4.966572
v -11.259925 13.126294 4.967608
v -11.267156 13.159951 4.966572
v -11.296005 13.178597 4.964071
v -11.329574 13.171309 4.961571
v -11.348197 13.142357 4.960535
v -11.340967 13.108699 4.961571
v -11.232778 13.121353 4.044969
v -11.304061 13.134325 4.964071
vn -0.0903 -0.7727 -0.6283
vn 0.4889 -0.6470 -0.5852
vn 0.8102 -0.1474 -0.5673
vn 0.6855 0.4333 -0.5851
vn 0.1877 0.7550 -0.6283
vn -0.3914 0.6292 -0.6714
vn -0.7128 0.1297 -0.6893
vn -0.5880 -0.4510 -0.6715
vn -0.1877 -0.7550 0.6283
vn 0.3914 -0.6292 0.6714
vn 0.7128 -0.1297 0.6893
vn 0.5880 0.4510 0.6714
vn 0.0903 0.7727 0.6283
vn -0.4889 0.6470 0.5852
vn -0.8102 0.1474 0.5673
vn -0.6855 -0.4333 0.5852
vn 0.0773 -0.0141 -0.9969
vn -0.0773 0.0141 0.9969
v -13.120295 3.402251 4.970351
v -13.103085 3.399119 5.000020
v -13.070276 3.393149 5.008631
v -13.041086 3.387837 4.991139
v -13.032614 3.386296 4.957792
v -13.049823 3.389427 4.928123
v -13.082632 3.395397 4.919512
v -13.111822 3.400709 4.937003
v -12.404571 7.334717 4.970601
v -12.386750 7.335263 5.000068
v -12.353456 7.332520 5.008450
v -12.324193 7.328094 4.990835
v -12.316101 7.324578 4.957542
v -12.333921 7.324033 4.928074
v -12.367215 7.326776 4.919693
v -12.396479 7.331202 4.937308
v -12.332741 10.370168 4.481893
v -12.314747 10.372499 4.511168
v -12.281343 10.370924 4.519413
v -12.252100 10.366364 4.501801
v -12.244144 10.361492 4.468647
v -12.262139 10.359161 4.439372
v -12.295542 10.360737 4.431126
v -12.324786 10.365294 4.448739
v -11.934023 13.349094 4.198585
v -11.916203 13.349511 4.228055
v -11.883011 13.345871 4.236497
v -11.853891 13.340304 4.218968
v -11.845901 13.336075 4.185734
v -11.863722 13.335657 4.156264
v -11.896914 13.339297 4.147821
v -11.926033 13.344863 4.165351
v -13.076454 3.394273 4.964071
v -11.889962 13.342585 4.192159
vn -0.8692 -0.4824 0.1083
vn -0.5723 -0.5365 0.6202
vn -0.0062 -0.6395 0.7688
vn 0.4974 -0.7311 0.4670
vn 0.6436 -0.7577 -0.1083
vn 0.3466 -0.7037 -0.6203
vn -0.2194 -0.6006 -0.7688
vn -0.7230 -0.5090 -0.4670
vn -0.9793 0.1141 0.1672
vn -0.5654 0.1238 0.8155
vn 0.1680 0.0621 0.9838
vn 0.8007 -0.0340 0.5980
vn 0.9860 -0.1113 -0.1239
vn 0.6084 -0.1257 -0.7836
vn -0.1367 -0.0657 -0.9884
vn -0.8058 0.0351 -0.5911
vn -0.9859 0.0952 0.1377
vn -0.5968 0.1480 0.7886
vn 0.1459 0.1143 0.9827
vn 0.8068 0.0121 0.5908
vn 0.9828 -0.0975 -0.1570
vn 0.5720 -0.1484 -0.8067
vn -0.1693 -0.1121 -0.9792
vn -0.8084 -0.0117 -0.5885
vn -0.6769 0.7342 0.0517
vn -0.3695 0.7414 0.5602
vn 0.2032 0.6786 0.7058
vn 0.7056 0.5826 0.4034
vn 0.8434 0.5096 -0.1700
vn 0.5360 0.5024 -0.6785
vn -0.0367 0.5652 -0.8241
vn -0.5391 0.6612 -0.5217
vn -0.1790 -0.9838 -0.0000
vn 0.1321 0.9868 -0.0939
usemtl rust
s 0
f 1//1 4//1 3//1
f 5//2 8//2 6//2
f 3//3 5//3 1//3
f 2//4 5//4 6//4
f 2//5 8//5 4//5
f 3//6 8//6 7//6
f 1//7 2//7 4//7
f 5//8 7//8 8//8
f 3//3 7//3 5//3
f 2//9 1//9 5//9
f 2//5 6//5 8//5
f 3//10 4//10 8//10
f 9//11 12//11 11//11
f 13//12 16//12 14//12
f 11//13 13//13 9//13
f 10//14 13//14 14//14
f 10//15 16//15 12//15
f 11//16 16//16 15//16
f 9//17 10//17 12//17
f 13//18 15//18 16//18
f 11//13 15//13 13//13
f 10//14 9//14 13//14
f 10//15 14//15 16//15
f 11//16 12//16 16//16
f 17//19 20//19 19//19
f 21//20 24//20 22//20
f 19//21 21//21 17//21
f 18//22 21//22 22//22
f 18//23 24//23 20//23
f 19//24 24//24 23//24
f 17//25 18//25 20//25
f 21//26 23//26 24//26
f 19//27 23//27 21//27
f 18//22 17//22 21//22
f 18//23 22//23 24//23
f 19//24 20//24 24//24
f 25//28 28//28 27//28
f 29//29 32//29 30//29
f 25//30 31//30 29//30
f 25//31 30//31 26//31
f 28//32 30//32 32//32
f 28//33 31//33 27//33
f 25//34 26//34 28//34
f 29//35 31//35 32//35
f 25//30 27//30 31//30
f 25//31 29//31 30//31
f 28//32 26//32 30//32
f 28//33 32//33 31//33
f 33//36 36//36 35//36
f 37//37 40//37 38//37
f 35//38 37//38 33//38
f 34//39 37//39 38//39
f 34//40 40//40 36//40
f 35//41 40//41 39//41
f 33//42 34//42 36//42
f 37//43 39//43 40//43
f 35//38 39//38 37//38
f 34//39 33//39 37//39
f 34//40 38//40 40//40
f 35//41 36//41 40//41
f 41//44 44//44 43//44
f 45//45 48//45 46//45
f 43//46 45//46 41//46
f 42//47 45//47 46//47
f 42//48 48//48 44//48
f 43//49 48//49 47//49
f 41//50 42//50 44//50
f 45//51 47//51 48//51
f 43//46 47//46 45//46
f 42//47 41//47 45//47
f 42//48 46//48 48//48
f 43//49 44//49 48//49
f 50//52 51//52 49//52
f 55//53 54//53 53//53
f 51//54 53//54 49//54
f 50//55 53//55 54//55
f 50//56 56//56 52//56
f 51//57 56//57 55//57
f 50//58 52//58 51//58
f 55//59 56//59 54//59
f 51//54 55//54 53//54
f 50//55 49//55 53//55
f 50//60 54//60 56//60
f 51//57 52//57 56//57
f 58//61 59//61 57//61
f 63//62 62//62 61//62
f 57//63 63//63 61//63
f 57//64 62//64 58//64
f 60//65 62//65 64//65
f 60//66 63//66 59//66
f 58//67 60//67 59//67
f 63//68 64//68 62//68
f 57//63 59//63 63//63
f 57//64 61//64 62//64
f 60//65 58//65 62//65
f 60//66 64//66 63//66
f 66//69 67//69 65//69
f 71//70 70//70 69//70
f 65//71 71//71 69//71
f 65//72 70//72 66//72
f 68//73 70//73 72//73
f 68//74 71//74 67//74
f 66//75 68//75 67//75
f 71//76 72//76 70//76
f 65//71 67//71 71//71
f 65//77 69//77 70//77
f 68//73 66//73 70//73
f 68//74 72//74 71//74
f 74//78 75//78 73//78
f 79//79 78//79 77//79
f 73//80 79//80 77//80
f 73//81 78//81 74//81
f 76//82 78//82 80//82
f 76//83 79//83 75//83
f 74//84 76//84 75//84
f 79//85 80//85 78//85
f 73//86 75//86 79//86
f 73//81 77//81 78//81
f 76//82 74//82 78//82
f 76//87 80//87 79//87
f 82//88 83//88 81//88
f 87//89 86//89 85//89
f 81//90 87//90 85//90
f 81//91 86//91 82//91
f 84//92 86//92 88//92
f 84//93 87//93 83//93
f 82//94 84//94 83//94
f 87//95 88//95 86//95
f 81//90 83//90 87//90
f 81//91 85//91 86//91
f 84//92 82//92 86//92
f 84//93 88//93 87//93
f 89//96 92//96 91//96
f 93//97 96//97 94//97
f 89//98 95//98 93//98
f 89//99 94//99 90//99
f 92//100 94//100 96//100
f 92//101 95//101 91//101
f 89//102 90//102 92//102
f 93//103 95//103 96//103
f 89//98 91//98 95//98
f 89//104 93//104 94//104
f 92//105 90//105 94//105
f 92//101 96//101 95//101
f 97//106 100//106 99//106
f 101//107 104//107 102//107
f 99//108 101//108 97//108
f 98//109 101//109 102//109
f 98//110 104//110 100//110
f 99//111 104//111 103//111
f 97//112 98//112 100//112
f 101//113 103//113 104//113
f 99//108 103//108 101//108
f 98//109 97//109 101//109
f 98//110 102//110 104//110
f 99//114 100//114 104//114
f 105//115 108//115 107//115
f 109//116 112//116 110//116
f 107//117 109//117 105//117
f 106//118 109//118 110//118
f 106//119 112//119 108//119
f 107//120 112//120 111//120
f 105//121 106//121 108//121
f 109//122 111//122 112//122
f 107//117 111//117 109//117
f 106//123 105//123 109//123
f 106//119 110//119 112//119
f 107//120 108//120 112//120
f 113//124 116//124 115//124
f 117//125 120//125 118//125
f 115//126 117//126 113//126
f 114//127 117//127 118//127
f 114//128 120//128 116//128
f 115//129 120//129 119//129
f 113//130 114//130 116//130
f 117//131 119//131 120//131
f 115//132 119//132 117//132
f 114//127 113//127 117//127
f 114//128 118//128 120//128
f 115//129 116//129 120//129
f 121//133 124//133 123//133
f 125//134 128//134 126//134
f 123//135 125//135 121//135
f 122//136 125//136 126//136
f 122//137 128//137 124//137
f 123//138 128//138 127//138
f 121//139 122//139 124//139
f 125//140 127//140 128//140
f 123//135 127//135 125//135
f 122//136 121//136 125//136
f 122//141 126//141 128//141
f 123//138 124//138 128//138
f 130//142 131//142 129//142
f 135//143 134//143 133//143
f 131//144 133//144 129//144
f 130//145 133//145 134//145
f 130//146 136//146 132//146
f 131//147 136//147 135//147
f 130//148 132//148 131//148
f 135//149 136//149 134//149
f 131//144 135//144 133//144
f 130//150 129//150 133//150
f 130//151 134//151 136//151
f 131//147 132//147 136//147
f 138//152 139//152 137//152
f 143//153 142//153 141//153
f 137//154 143//154 141//154
f 137//155 142//155 138//155
f 140//156 142//156 144//156
f 140//157 143//157 139//157
f 138//158 140//158 139//158
f 143//159 144//159 142//159
f 137//154 139//154 143//154
f 137//155 141//155 142//155
f 140//156 138//156 142//156
f 140//160 144//160 143//160
f 146//161 147//161 145//161
f 151//162 150//162 149//162
f 145//163 151//163 149//163
f 145//164 150//164 146//164
f 148//165 150//165 152//165
f 148//166 151//166 147//166
f 146//167 148//167 147//167
f 151//168 152//168 150//168
f 145//163 147//163 151//163
f 145//164 149//164 150//164
f 148//165 146//165 150//165
f 148//166 152//166 151//166
f 154//169 155//169 153//169
f 159//170 158//170 157//170
f 153//171 159//171 157//171
f 153//172 158//172 154//172
f 156//173 158//173 160//173
f 156//174 159//174 155//174
f 154//175 156//175 155//175
f 159//176 160//176 158//176
f 153//171 155//171 159//171
f 153//172 157//172 158//172
f 156//173 154//173 158//173
f 156//174 160//174 159//174
f 161//177 164//177 163//177
f 165//178 168//178 166//178
f 163//179 165//179 161//179
f 162//180 165//180 166//180
f 162//181 168//181 164//181
f 163//182 168//182 167//182
f 161//183 162//183 164//183
f 165//184 167//184 168//184
f 163//179 167//179 165//179
f 162//180 161//180 165//180
f 162//181 166//181 168//181
f 163//182 164//182 168//182
f 169//185 172//185 171//185
f 173//186 176//186 174//186
f 171//187 173//187 169//187
f 170//188 173//188 174//188
f 170//189 176//189 172//189
f 171//190 176//190 175//190
f 169//191 170//191 172//191
f 173//192 175//192 176//192
f 171//187 175//187 173//187
f 170//188 169//188 173//188
f 170//189 174//189 176//189
f 171//190 172//190 176//190
f 177//193 180//193 179//193
f 181//194 184//194 182//194
f 179//195 181//195 177//195
f 178//196 181//196 182//196
f 178//197 184//197 180//197
f 179//198 184//198 183//198
f 177//199 178//199 180//199
f 181//200 183//200 184//200
f 179//195 183//195 181//195
f 178//201 177//201 181//201
f 178//197 182//197 184//197
f 179//198 180//198 184//198
f 185//202 188//202 187//202
f 189//203 192//203 190//203
f 187//204 189//204 185//204
f 186//205 189//205 190//205
f 186//206 192//206 188//206
f 187//207 192//207 191//207
f 185//208 186//208 188//208
f 189//209 191//209 192//209
f 187//204 191//204 189//204
f 186//210 185//210 189//210
f 186//206 190//206 192//206
f 187//207 188//207 192//207
f 193//211 196//211 195//211
f 197//212 200//212 198//212
f 193//213 199//213 197//213
f 193//214 198//214 194//214
f 196//215 198//215 200//215
f 196//216 199//216 195//216
f 193//217 194//217 196//217
f 197//218 199//218 200//218
f 193//213 195//213 199//213
f 193//219 197//219 198//219
f 196//215 194//215 198//215
f 196//216 200//216 199//216
f 201//220 204//220 203//220
f 205//221 208//221 206//221
f 201//222 207//222 205//222
f 201//223 206//223 202//223
f 204//224 206//224 208//224
f 204//225 207//225 203//225
f 201//226 202//226 204//226
f 205//227 207//227 208//227
f 201//222 203//222 207//222
f 201//223 205//223 206//223
f 204//224 202//224 206//224
f 204//228 208//228 207//228
f 210//229 211//229 209//229
f 215//230 214//230 213//230
f 211//231 213//231 209//231
f 210//232 213//232 214//232
f 210//233 216//233 212//233
f 211//234 216//234 215//234
f 210//235 212//235 211//235
f 215//236 216//236 214//236
f 211//231 215//231 213//231
f 210//232 209//232 213//232
f 210//233 214//233 216//233
f 211//234 212//234 216//234
f 218//237 219//237 217//237
f 223//238 222//238 221//238
f 217//239 223//239 221//239
f 217//240 222//240 218//240
f 220//241 222//241 224//241
f 220//242 223//242 219//242
f 218//243 220//243 219//243
f 223//244 224//244 222//244
f 217//239 219//239 223//239
f 217//240 221//240 222//240
f 220//241 218//241 222//241
f 220//242 224//242 223//242
f 226//245 227//245 225//245
f 231//246 230//246 229//246
f 225//247 231//247 229//247
f 225//248 230//248 226//248
f 228//249 230//249 232//249
f 228//250 231//250 227//250
f 226//251 228//251 227//251
f 231//252 232//252 230//252
f 225//247 227//247 231//247
f 225//253 229//253 230//253
f 228//249 226//249 230//249
f 228//250 232//250 231//250
f 234//254 235//254 233//254
f 239//255 238//255 237//255
f 233//256 239//256 237//256
f 233//257 238//257 234//257
f 236//258 238//258 240//258
f 236//259 239//259 235//259
f 234//260 236//260 235//260
f 239//261 240//261 238//261
f 233//256 235//256 239//256
f 233//257 237//257 238//257
f 236//258 234//258 238//258
f 236//262 240//262 239//262
f 241//263 244//263 243//263
f 245//264 248//264 246//264
f 243//265 245//265 241//265
f 242//266 245//266 246//266
f 242//267 248//267 244//267
f 243//268 248//268 247//268
f 241//269 242//269 244//269
f 245//270 247//270 248//270
f 243//265 247//265 245//265
f 242//266 241//266 245//266
f 242//267 246//267 248//267
f 243//268 244//268 248//268
f 250//271 251//271 249//271
f 255//272 254//272 253//272
f 251//273 253//273 249//273
f 250//274 253//274 254//274
f 250//275 256//275 252//275
f 251//276 256//276 255//276
f 250//277 252//277 251//277
f 255//278 256//278 254//278
f 251//279 255//279 253//279
f 250//274 249//274 253//274
f 250//275 254//275 256//275
f 251//276 252//276 256//276
f 257//280 260//280 259//280
f 261//281 264//281 262//281
f 259//282 261//282 257//282
f 258//283 261//283 262//283
f 258//284 264//284 260//284
f 259//285 264//285 263//285
f 257//286 258//286 260//286
f 261//287 263//287 264//287
f 259//282 263//282 261//282
f 258//283 257//283 261//283
f 258//284 262//284 264//284
f 259//285 260//285 264//285
f 265//288 268//288 267//288
f 269//289 272//289 270//289
f 267//290 269//290 265//290
f 266//291 269//291 270//291
f 266//292 272//292 268//292
f 267//293 272//293 271//293
f 265//294 266//294 268//294
f 269//295 271//295 272//295
f 267//290 271//290 269//290
f 266//291 265//291 269//291
f 266//292 270//292 272//292
f 267//293 268//293 272//293
f 274//296 275//296 273//296
f 279//297 278//297 277//297
f 275//298 277//298 273//298
f 274//299 277//299 278//299
f 274//300 280//300 276//300
f 275//301 280//301 279//301
f 274//302 276//302 275//302
f 279//303 280//303 278//303
f 275//298 279//298 277//298
f 274//299 273//299 277//299
f 274//300 278//300 280//300
f 275//301 276//301 280//301
f 282//304 283//304 281//304
f 287//305 286//305 285//305
f 281//306 287//306 285//306
f 281//307 286//307 282//307
f 284//308 286//308 288//308
f 284//309 287//309 283//309
f 282//310 284//310 283//310
f 287//311 288//311 286//311
f 281//312 283//312 287//312
f 281//307 285//307 286//307
f 284//308 282//308 286//308
f 284//313 288//313 287//313
f 290//314 291//314 289//314
f 295//315 294//315 293//315
f 289//316 295//316 293//316
f 289//317 294//317 290//317
f 292//318 294//318 296//318
f 292//319 295//319 291//319
f 290//320 292//320 291//320
f 295//321 296//321 294//321
f 289//316 291//316 295//316
f 289//322 293//322 294//322
f 292//323 290//323 294//323
f 292//324 296//324 295//324
f 298//325 299//325 297//325
f 303//326 302//326 301//326
f 299//327 301//327 297//327
f 298//328 301//328 302//328
f 298//329 304//329 300//329
f 299//330 304//330 303//330
f 298//331 300//331 299//331
f 303//332 304//332 302//332
f 299//327 303//327 301//327
f 298//328 297//328 301//328
f 298//329 302//329 304//329
f 299//330 300//330 304//330
f 305//333 308//333 307//333
f 309//334 312//334 310//334
f 307//335 309//335 305//335
f 306//336 309//336 310//336
f 306//337 312//337 308//337
f 307//338 312//338 311//338
f 305//339 306//339 308//339
f 309//340 311//340 312//340
f 307//335 311//335 309//335
f 306//341 305//341 309//341
f 306//337 310//337 312//337
f 307//338 308//338 312//338
f 313//342 316//342 315//342
f 317//343 320//343 318//343
f 315//344 317//344 313//344
f 314//345 317//345 318//345
f 314//346 320//346 316//346
f 315//347 320//347 319//347
f 313//348 314//348 316//348
f 317//349 319//349 320//349
f 315//344 319//344 317//344
f 314//345 313//345 317//345
f 314//346 318//346 320//346
f 315//347 316//347 320//347
f 321//350 324//350 323//350
f 325//351 328//351 326//351
f 323//352 325//352 321//352
f 322//353 325//353 326//353
f 322//354 328//354 324//354
f 323//355 328//355 327//355
f 321//356 322//356 324//356
f 325//357 327//357 328//357
f 323//352 327//352 325//352
f 322//353 321//353 325//353
f 322//354 326//354 328//354
f 323//358 324//358 328//358
f 329//359 332//359 331//359
f 333//360 336//360 334//360
f 331//361 333//361 329//361
f 330//362 333//362 334//362
f 330//363 336//363 332//363
f 331//364 336//364 335//364
f 329//365 330//365 332//365
f 333//366 335//366 336//366
f 331//361 335//361 333//361
f 330//362 329//362 333//362
f 330//363 334//363 336//363
f 331//364 332//364 336//364
f 337//367 340//367 339//367
f 341//368 344//368 342//368
f 339//369 341//369 337//369
f 338//370 341//370 342//370
f 338//371 344//371 340//371
f 339//372 344//372 343//372
f 337//373 338//373 340//373
f 341//374 343//374 344//374
f 339//369 343//369 341//369
f 338//370 337//370 341//370
f 338//371 342//371 344//371
f 339//372 340//372 344//372
f 345//375 348//375 347//375
f 349//376 352//376 350//376
f 345//377 351//377 349//377
f 345//378 350//378 346//378
f 348//379 350//379 352//379
f 348//380 351//380 347//380
f 345//381 346//381 348//381
f 349//382 351//382 352//382
f 345//377 347//377 351//377
f 345//378 349//378 350//378
f 348//379 346//379 350//379
f 348//383 352//383 351//383
f 354//384 355//384 353//384
f 359//385 358//385 357//385
f 353//386 359//386 357//386
f 353//387 358//387 354//387
f 356//388 358//388 360//388
f 356//389 359//389 355//389
f 354//390 356//390 355//390
f 359//391 360//391 358//391
f 353//386 355//386 359//386
f 353//387 357//387 358//387
f 356//388 354//388 358//388
f 356//389 360//389 359//389
f 362//392 363//392 361//392
f 367//393 366//393 365//393
f 363//394 365//394 361//394
f 362//395 365//395 366//395
f 362//396 368//396 364//396
f 363//397 368//397 367//397
f 362//398 364//398 363//398
f 367//399 368//399 366//399
f 363//394 367//394 365//394
f 362//395 361//395 365//395
f 362//396 366//396 368//396
f 363//397 364//397 368//397
f 370//400 371//400 369//400
f 375//401 374//401 373//401
f 369//402 375//402 373//402
f 369//403 374//403 370//403
f 372//404 374//404 376//404
f 372//405 375//405 371//405
f 370//406 372//406 371//406
f 375//407 376//407 374//407
f 369//408 371//408 375//408
f 369//409 373//409 374//409
f 372//404 370//404 374//404
f 372//405 376//405 375//405
f 378//410 379//410 377//410
f 383//411 382//411 381//411
f 377//412 383//412 381//412
f 377//413 382//413 378//413
f 380//414 382//414 384//414
f 380//415 383//415 379//415
f 378//416 380//416 379//416
f 383//417 384//417 382//417
f 377//418 379//418 383//418
f 377//413 381//413 382//413
f 380//414 378//414 382//414
f 380//415 384//415 383//415
f 386//419 387//419 385//419
f 391//420 390//420 389//420
f 385//421 391//421 389//421
f 385//422 390//422 386//422
f 388//423 390//423 392//423
f 388//424 391//424 387//424
f 386//425 388//425 387//425
f 391//426 392//426 390//426
f 385//421 387//421 391//421
f 385//422 389//422 390//422
f 388//423 386//423 390//423
f 388//424 392//424 391//424
f 393//427 396//427 395//427
f 397//428 400//428 398//428
f 393//429 399//429 397//429
f 393//430 398//430 394//430
f 396//431 398//431 400//431
f 396//432 399//432 395//432
f 393//433 394//433 396//433
f 397//434 399//434 400//434
f 393//435 395//435 399//435
f 393//436 397//436 398//436
f 396//437 394//437 398//437
f 396//432 400//432 399//432
f 401//438 404//438 403//438
f 405//439 408//439 406//439
f 403//440 405//440 401//440
f 402//441 405//441 406//441
f 402//442 408//442 404//442
f 403//443 408//443 407//443
f 401//444 402//444 404//444
f 405//445 407//445 408//445
f 403//440 407//440 405//440
f 402//441 401//441 405//441
f 402//446 406//446 408//446
f 403//443 404//443 408//443
f 409//447 412//447 411//447
f 413//448 416//448 414//448
f 409//449 415//449 413//449
f 409//450 414//450 410//450
f 412//451 414//451 416//451
f 412//452 415//452 411//452
f 409//453 410//453 412//453
f 413//454 415//454 416//454
f 409//449 411//449 415//449
f 409//450 413//450 414//450
f 412//451 410//451 414//451
f 412//452 416//452 415//452
f 418//455 419//455 417//455
f 423//456 422//456 421//456
f 417//457 423//457 421//457
f 417//458 422//458 418//458
f 420//459 422//459 424//459
f 420//460 423//460 419//460
f 418//461 420//461 419//461
f 423//462 424//462 422//462
f 417//463 419//463 423//463
f 417//458 421//458 422//458
f 420//464 418//464 422//464
f 420//465 424//465 423//465
f 426//466 427//466 425//466
f 431//467 430//467 429//467
f 427//468 429//468 425//468
f 426//469 429//469 430//469
f 426//470 432//470 428//470
f 427//471 432//471 431//471
f 426//472 428//472 427//472
f 431//473 432//473 430//473
f 427//468 431//468 429//468
f 426//469 425//469 429//469
f 426//474 430//474 432//474
f 427//471 428//471 432//471
f 434//475 435//475 433//475
f 439//476 438//476 437//476
f 433//477 439//477 437//477
f 433//478 438//478 434//478
f 436//479 438//479 440//479
f 436//480 439//480 435//480
f 434//481 436//481 435//481
f 439//482 440//482 438//482
f 433//477 435//477 439//477
f 433//478 437//478 438//478
f 436//479 434//479 438//479
f 436//480 440//480 439//480
f 441//483 444//483 443//483
f 445//484 448//484 446//484
f 441//485 447//485 445//485
f 441//486 446//486 442//486
f 444//487 446//487 448//487
f 444//488 447//488 443//488
f 441//489 442//489 444//489
f 445//490 447//490 448//490
f 441//485 443//485 447//485
f 441//486 445//486 446//486
f 444//487 442//487 446//487
f 444//488 448//488 447//488
f 450//491 451//491 449//491
f 455//492 454//492 453//492
f 451//493 453//493 449//493
f 450//494 453//494 454//494
f 450//495 456//495 452//495
f 451//496 456//496 455//496
f 450//497 452//497 451//497
f 455//498 456//498 454//498
f 451//499 455//499 453//499
f 450//494 449//494 453//494
f 450//495 454//495 456//495
f 451//500 452//500 456//500
f 457//501 460//501 459//501
f 461//502 464//502 462//502
f 459//503 461//503 457//503
f 458//504 461//504 462//504
f 458//505 464//505 460//505
f 459//506 464//506 463//506
f 457//507 458//507 460//507
f 461//508 463//508 464//508
f 459//503 463//503 461//503
f 458//504 457//504 461//504
f 458//505 462//505 464//505
f 459//506 460//506 464//506
f 465//509 468//509 467//509
f 469//510 472//510 470//510
f 467//511 469//511 465//511
f 466//512 469//512 470//512
f 466//513 472//513 468//513
f 467//514 472//514 471//514
f 465//515 466//515 468//515
f 469//516 471//516 472//516
f 467//511 471//511 469//511
f 466//512 465//512 469//512
f 466//513 470//513 472//513
f 467//517 468//517 472//517
f 473//518 476//518 475//518
f 477//519 480//519 478//519
f 475//520 477//520 473//520
f 474//521 477//521 478//521
f 474//522 480//522 476//522
f 475//523 480//523 479//523
f 473//524 474//524 476//524
f 477//525 479//525 480//525
f 475//520 479//520 477//520
f 474//521 473//521 477//521
f 474//522 478//522 480//522
f 475//523 476//523 480//523
f 481//526 484//526 483//526
f 485//527 488//527 486//527
f 483//528 485//528 481//528
f 482//529 485//529 486//529
f 482//530 488//530 484//530
f 483//531 488//531 487//531
f 481//532 482//532 484//532
f 485//533 487//533 488//533
f 483//528 487//528 485//528
f 482//529 481//529 485//529
f 482//530 486//530 488//530
f 483//531 484//531 488//531
f 490//534 491//534 489//534
f 495//535 494//535 493//535
f 489//536 495//536 493//536
f 489//537 494//537 490//537
f 492//538 494//538 496//538
f 492//539 495//539 491//539
f 490//540 492//540 491//540
f 495//541 496//541 494//541
f 489//536 491//536 495//536
f 489//537 493//537 494//537
f 492//538 490//538 494//538
f 492//539 496//539 495//539
f 498//542 499//542 497//542
f 503//543 502//543 501//543
f 499//544 501//544 497//544
f 498//545 501//545 502//545
f 498//546 504//546 500//546
f 499//547 504//547 503//547
f 498//548 500//548 499//548
f 503//549 504//549 502//549
f 499//544 503//544 501//544
f 498//545 497//545 501//545
f 498//546 502//546 504//546
f 499//547 500//547 504//547
f 506//550 507//550 505//550
f 511//551 510//551 509//551
f 505//552 511//552 509//552
f 505//553 510//553 506//553
f 508//554 510//554 512//554
f 508//555 511//555 507//555
f 506//556 508//556 507//556
f 511//557 512//557 510//557
f 505//552 507//552 511//552
f 505//553 509//553 510//553
f 508//554 506//554 510//554
f 508//555 512//555 511//555
f 514//558 515//558 513//558
f 519//559 518//559 517//559
f 513//560 519//560 517//560
f 513//561 518//561 514//561
f 516//562 518//562 520//562
f 516//563 519//563 515//563
f 514//564 516//564 515//564
f 519//565 520//565 518//565
f 513//560 515//560 519//560
f 513//561 517//561 518//561
f 516//562 514//562 518//562
f 516//563 520//563 519//563
f 522//566 523//566 521//566
f 527//567 526//567 525//567
f 521//568 527//568 525//568
f 521//569 526//569 522//569
f 524//570 526//570 528//570
f 524//571 527//571 523//571
f 522//572 524//572 523//572
f 527//573 528//573 526//573
f 521//568 523//568 527//568
f 521//569 525//569 526//569
f 524//570 522//570 526//570
f 524//571 528//571 527//571
f 529//574 532//574 531//574
f 533//575 536//575 534//575
f 531//576 533//576 529//576
f 530//577 533//577 534//577
f 530//578 536//578 532//578
f 531//579 536//579 535//579
f 529//580 530//580 532//580
f 533//581 535//581 536//581
f 531//576 535//576 533//576
f 530//577 529//577 533//577
f 530//582 534//582 536//582
f 531//579 532//579 536//579
f 537//583 540//583 539//583
f 541//584 544//584 542//584
f 539//585 541//585 537//585
f 538//586 541//586 542//586
f 538//587 544//587 540//587
f 539//588 544//588 543//588
f 537//589 538//589 540//589
f 541//590 543//590 544//590
f 539//585 543//585 541//585
f 538//586 537//586 541//586
f 538//587 542//587 544//587
f 539//588 540//588 544//588
f 545//591 548//591 547//591
f 549//592 552//592 550//592
f 547//593 549//593 545//593
f 546//594 549//594 550//594
f 546//595 552//595 548//595
f 547//596 552//596 551//596
f 545//597 546//597 548//597
f 549//598 551//598 552//598
f 547//593 551//593 549//593
f 546//594 545//594 549//594
f 546//595 550//595 552//595
f 547//596 548//596 552//596
f 553//599 556//599 555//599
f 557//600 560//600 558//600
f 553//601 559//601 557//601
f 553//602 558//602 554//602
f 556//603 558//603 560//603
f 556//604 559//604 555//604
f 553//605 554//605 556//605
f 557//606 559//606 560//606
f 553//601 555//601 559//601
f 553//607 557//607 558//607
f 556//603 554//603 558//603
f 556//604 560//604 559//604
f 562//608 563//608 561//608
f 567//609 566//609 565//609
f 561//610 567//610 565//610
f 561//611 566//611 562//611
f 564//612 566//612 568//612
f 564//613 567//613 563//613
f 562//614 564//614 563//614
f 567//615 568//615 566//615
f 561//610 563//610 567//610
f 561//611 565//611 566//611
f 564//612 562//612 566//612
f 564//616 568//616 567//616
f 570//617 571//617 569//617
f 575//618 574//618 573//618
f 571//619 573//619 569//619
f 570//620 573//620 574//620
f 570//621 576//621 572//621
f 571//622 576//622 575//622
f 570//623 572//623 571//623
f 575//624 576//624 574//624
f 571//619 575//619 573//619
f 570//620 569//620 573//620
f 570//621 574//621 576//621
f 571//622 572//622 576//622
f 578//625 579//625 577//625
f 583//626 582//626 581//626
f 577//627 583//627 581//627
f 577//628 582//628 578//628
f 580//629 582//629 584//629
f 580//630 583//630 579//630
f 578//631 580//631 579//631
f 583//632 584//632 582//632
f 577//627 579//627 583//627
f 577//633 581//633 582//633
f 580//629 578//629 582//629
f 580//630 584//630 583//630
f 586//634 587//634 585//634
f 591//635 590//635 589//635
f 585//636 591//636 589//636
f 585//637 590//637 586//637
f 588//638 590//638 592//638
f 588//639 591//639 587//639
f 586//640 588//640 587//640
f 591//641 592//641 590//641
f 585//636 587//636 591//636
f 585//637 589//637 590//637
f 588//638 586//638 590//638
f 588//639 592//639 591//639
f 594//642 595//642 593//642
f 599//643 598//643 597//643
f 595//644 597//644 593//644
f 594//645 597//645 598//645
f 594//646 600//646 596//646
f 595//647 600//647 599//647
f 594//648 596//648 595//648
f 599//649 600//649 598//649
f 595//644 599//644 597//644
f 594//650 593//650 597//650
f 594//646 598//646 600//646
f 595//647 596//647 600//647
f 602//651 603//651 601//651
f 607//652 606//652 605//652
f 603//653 605//653 601//653
f 602//654 605//654 606//654
f 602//655 608//655 604//655
f 603//656 608//656 607//656
f 602//657 604//657 603//657
f 607//658 608//658 606//658
f 603//653 607//653 605//653
f 602//654 601//654 605//654
f 602//655 606//655 608//655
f 603//659 604//659 608//659
f 609//660 612//660 611//660
f 613//661 616//661 614//661
f 609//662 615//662 613//662
f 609//663 614//663 610//663
f 612//664 614//664 616//664
f 612//665 615//665 611//665
f 609//666 610//666 612//666
f 613//667 615//667 616//667
f 609//662 611//662 615//662
f 609//663 613//663 614//663
f 612//664 610//664 614//664
f 612//665 616//665 615//665
f 617//668 620//668 619//668
f 621//669 624//669 622//669
f 617//670 623//670 621//670
f 617//671 622//671 618//671
f 620//672 622//672 624//672
f 620//673 623//673 619//673
f 617//674 618//674 620//674
f 621//675 623//675 624//675
f 617//670 619//670 623//670
f 617//671 621//671 622//671
f 620//672 618//672 622//672
f 620//673 624//673 623//673
f 625//676 628//676 627//676
f 629//677 632//677 630//677
f 625//678 631//678 629//678
f 625//679 630//679 626//679
f 628//680 630//680 632//680
f 628//681 631//681 627//681
f 625//682 626//682 628//682
f 629//683 631//683 632//683
f 625//678 627//678 631//678
f 625//679 629//679 630//679
f 628//680 626//680 630//680
f 628//681 632//681 631//681
f 633//684 636//684 635//684
f 637//685 640//685 638//685
f 635//686 637//686 633//686
f 634//687 637//687 638//687
f 634//688 640//688 636//688
f 635//689 640//689 639//689
f 633//690 634//690 636//690
f 637//691 639//691 640//691
f 635//686 639//686 637//686
f 634//687 633//687 637//687
f 634//688 638//688 640//688
f 635//689 636//689 640//689
f 641//692 644//692 643//692
f 645//693 648//693 646//693
f 641//694 647//694 645//694
f 641//695 646//695 642//695
f 644//696 646//696 648//696
f 644//697 647//697 643//697
f 641//698 642//698 644//698
f 645//699 647//699 648//699
f 641//694 643//694 647//694
f 641//695 645//695 646//695
f 644//696 642//696 646//696
f 644//697 648//697 647//697
f 649//700 652//700 651//700
f 653//701 656//701 654//701
f 651//702 653//702 649//702
f 650//703 653//703 654//703
f 650//704 656//704 652//704
f 651//705 656//705 655//705
f 649//706 650//706 652//706
f 653//707 655//707 656//707
f 651//702 655//702 653//702
f 650//703 649//703 653//703
f 650//704 654//704 656//704
f 651//705 652//705 656//705
f 657//708 660//708 659//708
f 661//709 664//709 662//709
f 659//710 661//710 657//710
f 658//711 661//711 662//711
f 658//712 664//712 660//712
f 659//713 664//713 663//713
f 657//714 658//714 660//714
f 661//715 663//715 664//715
f 659//710 663//710 661//710
f 658//711 657//711 661//711
f 658//712 662//712 664//712
f 659//713 660//713 664//713
f 666//716 667//716 665//716
f 671//717 670//717 669//717
f 667//718 669//718 665//718
f 666//719 669//719 670//719
f 666//720 672//720 668//720
f 667//721 672//721 671//721
f 666//722 668//722 667//722
f 671//723 672//723 670//723
f 667//724 671//724 669//724
f 666//719 665//719 669//719
f 666//725 670//725 672//725
f 667//721 668//721 672//721
f 674//726 675//726 673//726
f 679//727 678//727 677//727
f 673//728 679//728 677//728
f 673//729 678//729 674//729
f 676//730 678//730 680//730
f 676//731 679//731 675//731
f 674//732 676//732 675//732
f 679//733 680//733 678//733
f 673//728 675//728 679//728
f 673//729 677//729 678//729
f 676//730 674//730 678//730
f 676//731 680//731 679//731
f 682//734 683//734 681//734
f 687//735 686//735 685//735
f 683//736 685//736 681//736
f 682//737 685//737 686//737
f 682//738 688//738 684//738
f 683//739 688//739 687//739
f 682//740 684//740 683//740
f 687//741 688//741 686//741
f 683//736 687//736 685//736
f 682//737 681//737 685//737
f 682//738 686//738 688//738
f 683//739 684//739 688//739
f 689//742 692//742 691//742
f 693//743 696//743 694//743
f 689//744 695//744 693//744
f 689//745 694//745 690//745
f 692//746 694//746 696//746
f 692//747 695//747 691//747
f 689//748 690//748 692//748
f 693//749 695//749 696//749
f 689//750 691//750 695//750
f 689//745 693//745 694//745
f 692//746 690//746 694//746
f 692//747 696//747 695//747
f 697//751 700//751 699//751
f 701//752 704//752 702//752
f 699//753 701//753 697//753
f 698//754 701//754 702//754
f 698//755 704//755 700//755
f 699//756 704//756 703//756
f 697//757 698//757 700//757
f 701//758 703//758 704//758
f 699//753 703//753 701//753
f 698//754 697//754 701//754
f 698//755 702//755 704//755
f 699//756 700//756 704//756
f 705//759 708//759 707//759
f 709//760 712//760 710//760
f 705//761 711//761 709//761
f 705//762 710//762 706//762
f 708//763 710//763 712//763
f 708//764 711//764 707//764
f 705//765 706//765 708//765
f 709//766 711//766 712//766
f 705//767 707//767 711//767
f 705//762 709//762 710//762
f 708//763 706//763 710//763
f 708//764 712//764 711//764
f 714//768 715//768 713//768
f 719//769 718//769 717//769
f 713//770 719//770 717//770
f 713//771 718//771 714//771
f 716//772 718//772 720//772
f 716//773 719//773 715//773
f 714//774 716//774 715//774
f 719//775 720//775 718//775
f 713//770 715//770 719//770
f 713//776 717//776 718//776
f 716//772 714//772 718//772
f 716//773 720//773 719//773
f 721//777 724//777 723//777
f 725//778 728//778 726//778
f 723//779 725//779 721//779
f 722//780 725//780 726//780
f 722//781 728//781 724//781
f 723//782 728//782 727//782
f 721//783 722//783 724//783
f 725//784 727//784 728//784
f 723//779 727//779 725//779
f 722//780 721//780 725//780
f 722//781 726//781 728//781
f 723//782 724//782 728//782
f 730//785 731//785 729//785
f 735//786 734//786 733//786
f 729//787 735//787 733//787
f 729//788 734//788 730//788
f 732//789 734//789 736//789
f 732//790 735//790 731//790
f 730//791 732//791 731//791
f 735//792 736//792 734//792
f 729//787 731//787 735//787
f 729//788 733//788 734//788
f 732//789 730//789 734//789
f 732//790 736//790 735//790
f 737//793 740//793 739//793
f 741//794 744//794 742//794
f 739//795 741//795 737//795
f 738//796 741//796 742//796
f 738//797 744//797 740//797
f 739//798 744//798 743//798
f 737//799 738//799 740//799
f 741//800 743//800 744//800
f 739//795 743//795 741//795
f 738//796 737//796 741//796
f 738//797 742//797 744//797
f 739//798 740//798 744//798
f 746//801 747//801 745//801
f 751//802 750//802 749//802
f 747//803 749//803 745//803
f 746//804 749//804 750//804
f 746//805 752//805 748//805
f 747//806 752//806 751//806
f 746//807 748//807 747//807
f 751//808 752//808 750//808
f 747//809 751//809 749//809
f 746//804 745//804 749//804
f 746//805 750//805 752//805
f 747//806 748//806 752//806
f 753//810 756//810 755//810
f 757//811 760//811 758//811
f 755//812 757//812 753//812
f 754//813 757//813 758//813
f 754//814 760//814 756//814
f 755//815 760//815 759//815
f 753//816 754//816 756//816
f 757//817 759//817 760//817
f 755//812 759//812 757//812
f 754//813 753//813 757//813
f 754//814 758//814 760//814
f 755//815 756//815 760//815
f 761//818 764//818 763//818
f 765//819 768//819 766//819
f 761//820 767//820 765//820
f 761//821 766//821 762//821
f 764//822 766//822 768//822
f 764//823 767//823 763//823
f 761//824 762//824 764//824
f 765//825 767//825 768//825
f 761//826 763//826 767//826
f 761//821 765//821 766//821
f 764//822 762//822 766//822
f 764//823 768//823 767//823
f 770//827 771//827 769//827
f 775//828 774//828 773//828
f 769//829 775//829 773//829
f 769//830 774//830 770//830
f 772//831 774//831 776//831
f 772//832 775//832 771//832
f 770//833 772//833 771//833
f 775//834 776//834 774//834
f 769//829 771//829 775//829
f 769//830 773//830 774//830
f 772//831 770//831 774//831
f 772//835 776//835 775//835
f 777//836 780//836 779//836
f 781//837 784//837 782//837
f 777//838 783//838 781//838
f 777//839 782//839 778//839
f 780//840 782//840 784//840
f 780//841 783//841 779//841
f 777//842 778//842 780//842
f 781//843 783//843 784//843
f 777//838 779//838 783//838
f 777//839 781//839 782//839
f 780//840 778//840 782//840
f 780//844 784//844 783//844
f 785//845 788//845 787//845
f 789//846 792//846 790//846
f 787//847 789//847 785//847
f 786//848 789//848 790//848
f 786//849 792//849 788//849
f 787//850 792//850 791//850
f 785//851 786//851 788//851
f 789//852 791//852 792//852
f 787//847 791//847 789//847
f 786//848 785//848 789//848
f 786//849 790//849 792//849
f 787//850 788//850 792//850
f 793//853 796//853 795//853
f 797//854 800//854 798//854
f 795//855 797//855 793//855
f 794//856 797//856 798//856
f 794//857 800//857 796//857
f 795//858 800//858 799//858
f 793//859 794//859 796//859
f 797//860 799//860 800//860
f 795//855 799//855 797//855
f 794//856 793//856 797//856
f 794//857 798//857 800//857
f 795//858 796//858 800//858
f 801//861 804//861 803//861
f 805//862 808//862 806//862
f 803//863 805//863 801//863
f 802//864 805//864 806//864
f 802//865 808//865 804//865
f 803//866 808//866 807//866
f 801//867 802//867 804//867
f 805//868 807//868 808//868
f 803//863 807//863 805//863
f 802//864 801//864 805//864
f 802//869 806//869 808//869
f 803//866 804//866 808//866
f 810//870 811//870 809//870
f 815//871 814//871 813//871
f 811//872 813//872 809//872
f 810//873 813//873 814//873
f 810//874 816//874 812//874
f 811//875 816//875 815//875
f 810//876 812//876 811//876
f 815//877 816//877 814//877
f 811//872 815//872 813//872
f 810//873 809//873 813//873
f 810//874 814//874 816//874
f 811//875 812//875 816//875
f 817//878 820//878 819//878
f 821//879 824//879 822//879
f 817//880 823//880 821//880
f 817//881 822//881 818//881
f 820//882 822//882 824//882
f 820//883 823//883 819//883
f 817//884 818//884 820//884
f 821//885 823//885 824//885
f 817//880 819//880 823//880
f 817//881 821//881 822//881
f 820//882 818//882 822//882
f 820//883 824//883 823//883
f 826//886 827//886 825//886
f 831//887 830//887 829//887
f 825//888 831//888 829//888
f 825//889 830//889 826//889
f 828//890 830//890 832//890
f 828//891 831//891 827//891
f 826//892 828//892 827//892
f 831//893 832//893 830//893
f 825//894 827//894 831//894
f 825//889 829//889 830//889
f 828//890 826//890 830//890
f 828//891 832//891 831//891
f 833//895 836//895 835//895
f 837//896 840//896 838//896
f 833//897 839//897 837//897
f 833//898 838//898 834//898
f 836//899 838//899 840//899
f 836//900 839//900 835//900
f 833//901 834//901 836//901
f 837//902 839//902 840//902
f 833//897 835//897 839//897
f 833//898 837//898 838//898
f 836//899 834//899 838//899
f 836//900 840//900 839//900
f 841//903 844//903 843//903
f 845//904 848//904 846//904
f 843//905 845//905 841//905
f 842//906 845//906 846//906
f 842//907 848//907 844//907
f 843//908 848//908 847//908
f 841//909 842//909 844//909
f 845//910 847//910 848//910
f 843//911 847//911 845//911
f 842//906 841//906 845//906
f 842//907 846//907 848//907
f 843//908 844//908 848//908
f 849//912 852//912 851//912
f 853//913 856//913 854//913
f 849//914 855//914 853//914
f 849//915 854//915 850//915
f 852//916 854//916 856//916
f 852//917 855//917 851//917
f 849//918 850//918 852//918
f 853//919 855//919 856//919
f 849//920 851//920 855//920
f 849//915 853//915 854//915
f 852//916 850//916 854//916
f 852//921 856//921 855//921
f 858//922 859//922 857//922
f 863//923 862//923 861//923
f 857//924 863//924 861//924
f 857//925 862//925 858//925
f 860//926 862//926 864//926
f 860//927 863//927 859//927
f 858//928 860//928 859//928
f 863//929 864//929 862//929
f 857//924 859//924 863//924
f 857//925 861//925 862//925
f 860//926 858//926 862//926
f 860//927 864//927 863//927
f 866//930 867//930 865//930
f 871//931 870//931 869//931
f 865//932 871//932 869//932
f 865//933 870//933 866//933
f 868//934 870//934 872//934
f 868//935 871//935 867//935
f 866//936 868//936 867//936
f 871//937 872//937 870//937
f 865//932 867//932 871//932
f 865//933 869//933 870//933
f 868//934 866//934 870//934
f 868//935 872//935 871//935
f 873//938 876//938 875//938
f 877//939 880//939 878//939
f 875//940 877//940 873//940
f 874//941 877//941 878//941
f 874//942 880//942 876//942
f 875//943 880//943 879//943
f 873//944 874//944 876//944
f 877//945 879//945 880//945
f 875//940 879//940 877//940
f 874//941 873//941 877//941
f 874//942 878//942 880//942
f 875//943 876//943 880//943
f 881//946 884//946 883//946
f 885//947 888//947 886//947
f 881//948 887//948 885//948
f 881//949 886//949 882//949
f 884//950 886//950 888//950
f 884//951 887//951 883//951
f 881//952 882//952 884//952
f 885//953 887//953 888//953
f 881//948 883//948 887//948
f 881//949 885//949 886//949
f 884//950 882//950 886//950
f 884//951 888//951 887//951
f 890//954 891//954 889//954
f 895//955 894//955 893//955
f 891//956 893//956 889//956
f 890//957 893//957 894//957
f 890//958 896//958 892//958
f 891//959 896//959 895//959
f 890//960 892//960 891//960
f 895//961 896//961 894//961
f 891//956 895//956 893//956
f 890//957 889//957 893//957
f 890//958 894//958 896//958
f 891//959 892//959 896//959
f 898//962 899//962 897//962
f 903//963 902//963 901//963
f 897//964 903//964 901//964
f 897//965 902//965 898//965
f 900//966 902//966 904//966
f 900//967 903//967 899//967
f 898//968 900//968 899//968
f 903//969 904//969 902//969
f 897//964 899//964 903//964
f 897//965 901//965 902//965
f 900//966 898//966 902//966
f 900//967 904//967 903//967
f 905//970 908//970 907//970
f 909//971 912//971 910//971
f 907//972 909//972 905//972
f 906//973 909//973 910//973
f 906//974 912//974 908//974
f 907//975 912//975 911//975
f 905//976 906//976 908//976
f 909//977 911//977 912//977
f 907//972 911//972 909//972
f 906//973 905//973 909//973
f 906//974 910//974 912//974
f 907//975 908//975 912//975
f 914//978 915//978 913//978
f 919//979 918//979 917//979
f 915//980 917//980 913//980
f 914//981 917//981 918//981
f 914//982 920//982 916//982
f 915//983 920//983 919//983
f 914//984 916//984 915//984
f 919//985 920//985 918//985
f 915//980 919//980 917//980
f 914//981 913//981 917//981
f 914//982 918//982 920//982
f 915//983 916//983 920//983
f 922//986 923//986 921//986
f 927//987 926//987 925//987
f 921//988 927//988 925//988
f 921//989 926//989 922//989
f 924//990 926//990 928//990
f 924//991 927//991 923//991
f 922//992 924//992 923//992
f 927//993 928//993 926//993
f 921//988 923//988 927//988
f 921//989 925//989 926//989
f 924//994 922//994 926//994
f 924//991 928//991 927//991
f 930//995 931//995 929//995
f 935//996 934//996 933//996
f 929//997 935//997 933//997
f 929//998 934//998 930//998
f 932//999 934//999 936//999
f 932//1000 935//1000 931//1000
f 930//1001 932//1001 931//1001
f 935//1002 936//1002 934//1002
f 929//997 931//997 935//997
f 929//998 933//998 934//998
f 932//999 930//999 934//999
f 932//1000 936//1000 935//1000
f 938//1003 939//1003 937//1003
f 943//1004 942//1004 941//1004
f 937//1005 943//1005 941//1005
f 937//1006 942//1006 938//1006
f 940//1007 942//1007 944//1007
f 940//1008 943//1008 939//1008
f 938//1009 940//1009 939//1009
f 943//1010 944//1010 942//1010
f 937//1005 939//1005 943//1005
f 937//1006 941//1006 942//1006
f 940//1007 938//1007 942//1007
f 940//1008 944//1008 943//1008
f 946//1011 947//1011 945//1011
f 951//1012 950//1012 949//1012
f 945//1013 951//1013 949//1013
f 945//1014 950//1014 946//1014
f 948//1015 950//1015 952//1015
f 948//1016 951//1016 947//1016
f 946//1017 948//1017 947//1017
f 951//1018 952//1018 950//1018
f 945//1013 947//1013 951//1013
f 945//1014 949//1014 950//1014
f 948//1015 946//1015 950//1015
f 948//1016 952//1016 951//1016
f 954//1019 955//1019 953//1019
f 959//1020 958//1020 957//1020
f 953//1021 959//1021 957//1021
f 953//1022 958//1022 954//1022
f 956//1023 958//1023 960//1023
f 956//1024 959//1024 955//1024
f 954//1025 956//1025 955//1025
f 959//1026 960//1026 958//1026
f 953//1021 955//1021 959//1021
f 953//1022 957//1022 958//1022
f 956//1023 954//1023 958//1023
f 956//1024 960//1024 959//1024
f 961//1027 964//1027 963//1027
f 965//1028 968//1028 966//1028
f 961//1029 967//1029 965//1029
f 961//1030 966//1030 962//1030
f 964//1031 966//1031 968//1031
f 964//1032 967//1032 963//1032
f 961//1033 962//1033 964//1033
f 965//1034 967//1034 968//1034
f 961//1029 963//1029 967//1029
f 961//1030 965//1030 966//1030
f 964//1031 962//1031 966//1031
f 964//1035 968//1035 967//1035
f 970//1036 971//1036 969//1036
f 975//1037 974//1037 973//1037
f 969//1038 975//1038 973//1038
f 969//1039 974//1039 970//1039
f 972//1040 974//1040 976//1040
f 972//1041 975//1041 971//1041
f 970//1042 972//1042 971//1042
f 975//1043 976//1043 974//1043
f 969//1038 971//1038 975//1038
f 969//1039 973//1039 974//1039
f 972//1040 970//1040 974//1040
f 972//1041 976//1041 975//1041
f 977//1044 980//1044 979//1044
f 981//1045 984//1045 982//1045
f 977//1046 983//1046 981//1046
f 977//1047 982//1047 978//1047
f 980//1048 982//1048 984//1048
f 980//1049 983//1049 979//1049
f 977//1050 978//1050 980//1050
f 981//1051 983//1051 984//1051
f 977//1046 979//1046 983//1046
f 977//1047 981//1047 982//1047
f 980//1052 978//1052 982//1052
f 980//1049 984//1049 983//1049
f 985//1053 988//1053 987//1053
f 989//1054 992//1054 990//1054
f 985//1055 991//1055 989//1055
f 985//1056 990//1056 986//1056
f 988//1057 990//1057 992//1057
f 988//1058 991//1058 987//1058
f 985//1059 986//1059 988//1059
f 989//1060 991//1060 992//1060
f 985//1055 987//1055 991//1055
f 985//1056 989//1056 990//1056
f 988//1057 986//1057 990//1057
f 988//1058 992//1058 991//1058
f 994//1061 995//1061 993//1061
f 999//1062 998//1062 997//1062
f 993//1063 999//1063 997//1063
f 993//1064 998//1064 994//1064
f 996//1065 998//1065 1000//1065
f 996//1066 999//1066 995//1066
f 994//1067 996//1067 995//1067
f 999//1068 1000//1068 998//1068
f 993//1069 995//1069 999//1069
f 993//1064 997//1064 998//1064
f 996//1065 994//1065 998//1065
f 996//1066 1000//1066 999//1066
f 1001//1070 1004//1070 1003//1070
f 1005//1071 1008//1071 1006//1071
f 1003//1072 1005//1072 1001//1072
f 1002//1073 1005//1073 1006//1073
f 1002//1074 1008//1074 1004//1074
f 1003//1075 1008//1075 1007//1075
f 1001//1076 1002//1076 1004//1076
f 1005//1077 1007//1077 1008//1077
f 1003//1072 1007//1072 1005//1072
f 1002//1073 1001//1073 1005//1073
f 1002//1078 1006//1078 1008//1078
f 1003//1075 1004//1075 1008//1075
f 1010//1079 1011//1079 1009//1079
f 1015//1080 1014//1080 1013//1080
f 1011//1081 1013//1081 1009//1081
f 1010//1082 1013//1082 1014//1082
f 1010//1083 1016//1083 1012//1083
f 1011//1084 1016//1084 1015//1084
f 1010//1085 1012//1085 1011//1085
f 1015//1086 1016//1086 1014//1086
f 1011//1081 1015//1081 1013//1081
f 1010//1082 1009//1082 1013//1082
f 1010//1083 1014//1083 1016//1083
f 1011//1084 1012//1084 1016//1084
f 1018//1087 1019//1087 1017//1087
f 1023//1088 1022//1088 1021//1088
f 1019//1089 1021//1089 1017//1089
f 1018//1090 1021//1090 1022//1090
f 1018//1091 1024//1091 1020//1091
f 1019//1092 1024//1092 1023//1092
f 1018//1093 1020//1093 1019//1093
f 1023//1094 1024//1094 1022//1094
f 1019//1089 1023//1089 1021//1089
f 1018//1090 1017//1090 1021//1090
f 1018//1091 1022//1091 1024//1091
f 1019//1092 1020//1092 1024//1092
f 1025//1095 1028//1095 1027//1095
f 1029//1096 1032//1096 1030//1096
f 1027//1097 1029//1097 1025//1097
f 1026//1098 1029//1098 1030//1098
f 1026//1099 1032//1099 1028//1099
f 1027//1100 1032//1100 1031//1100
f 1025//1101 1026//1101 1028//1101
f 1029//1102 1031//1102 1032//1102
f 1027//1097 1031//1097 1029//1097
f 1026//1098 1025//1098 1029//1098
f 1026//1103 1030//1103 1032//1103
f 1027//1100 1028//1100 1032//1100
f 1033//1104 1036//1104 1035//1104
f 1037//1105 1040//1105 1038//1105
f 1035//1106 1037//1106 1033//1106
f 1034//1107 1037//1107 1038//1107
f 1034//1108 1040//1108 1036//1108
f 1035//1109 1040//1109 1039//1109
f 1033//1110 1034//1110 1036//1110
f 1037//1111 1039//1111 1040//1111
f 1035//1106 1039//1106 1037//1106
f 1034//1112 1033//1112 1037//1112
f 1034//1108 1038//1108 1040//1108
f 1035//1109 1036//1109 1040//1109
f 1042//1113 1043//1113 1041//1113
f 1047//1114 1046//1114 1045//1114
f 1043//1115 1045//1115 1041//1115
f 1042//1116 1045//1116 1046//1116
f 1042//1117 1048//1117 1044//1117
f 1043//1118 1048//1118 1047//1118
f 1042//1119 1044//1119 1043//1119
f 1047//1120 1048//1120 1046//1120
f 1043//1115 1047//1115 1045//1115
f 1042//1116 1041//1116 1045//1116
f 1042//1117 1046//1117 1048//1117
f 1043//1118 1044//1118 1048//1118
f 1049//1121 1052//1121 1051//1121
f 1053//1122 1056//1122 1054//1122
f 1049//1123 1055//1123 1053//1123
f 1049//1124 1054//1124 1050//1124
f 1052//1125 1054//1125 1056//1125
f 1052//1126 1055//1126 1051//1126
f 1049//1127 1050//1127 1052//1127
f 1053//1128 1055//1128 1056//1128
f 1049//1123 1051//1123 1055//1123
f 1049//1124 1053//1124 1054//1124
f 1052//1125 1050//1125 1054//1125
f 1052//1126 1056//1126 1055//1126
f 1057//1129 1060//1129 1059//1129
f 1061//1130 1064//1130 1062//1130
f 1059//1131 1061//1131 1057//1131
f 1058//1132 1061//1132 1062//1132
f 1058//1133 1064//1133 1060//1133
f 1059//1134 1064//1134 1063//1134
f 1057//1135 1058//1135 1060//1135
f 1061//1136 1063//1136 1064//1136
f 1059//1137 1063//1137 1061//1137
f 1058//1132 1057//1132 1061//1132
f 1058//1133 1062//1133 1064//1133
f 1059//1134 1060//1134 1064//1134
f 1065//1138 1068//1138 1067//1138
f 1069//1139 1072//1139 1070//1139
f 1067//1140 1069//1140 1065//1140
f 1066//1141 1069//1141 1070//1141
f 1066//1142 1072//1142 1068//1142
f 1067//1143 1072//1143 1071//1143
f 1065//1144 1066//1144 1068//1144
f 1069//1145 1071//1145 1072//1145
f 1067//1140 1071//1140 1069//1140
f 1066//1141 1065//1141 1069//1141
f 1066//1142 1070//1142 1072//1142
f 1067//1143 1068//1143 1072//1143
f 1073//1146 1076//1146 1075//1146
f 1077//1147 1080//1147 1078//1147
f 1073//1148 1079//1148 1077//1148
f 1073//1149 1078//1149 1074//1149
f 1076//1150 1078//1150 1080//1150
f 1076//1151 1079//1151 1075//1151
f 1073//1152 1074//1152 1076//1152
f 1077//1153 1079//1153 1080//1153
f 1073//1148 1075//1148 1079//1148
f 1073//1149 1077//1149 1078//1149
f 1076//1150 1074//1150 1078//1150
f 1076//1151 1080//1151 1079//1151
f 1082//1154 1083//1154 1081//1154
f 1087//1155 1086//1155 1085//1155
f 1083//1156 1085//1156 1081//1156
f 1082//1157 1085//1157 1086//1157
f 1082//1158 1088//1158 1084//1158
f 1083//1159 1088//1159 1087//1159
f 1082//1160 1084//1160 1083//1160
f 1087//1161 1088//1161 1086//1161
f 1083//1156 1087//1156 1085//1156
f 1082//1157 1081//1157 1085//1157
f 1082//1158 1086//1158 1088//1158
f 1083//1159 1084//1159 1088//1159
f 1090//1162 1091//1162 1089//1162
f 1095//1163 1094//1163 1093//1163
f 1089//1164 1095//1164 1093//1164
f 1089//1165 1094//1165 1090//1165
f 1092//1166 1094//1166 1096//1166
f 1092//1167 1095//1167 1091//1167
f 1090//1168 1092//1168 1091//1168
f 1095//1169 1096//1169 1094//1169
f 1089//1164 1091//1164 1095//1164
f 1089//1165 1093//1165 1094//1165
f 1092//1166 1090//1166 1094//1166
f 1092//1167 1096//1167 1095//1167
f 1098//1170 1099//1170 1097//1170
f 1103//1171 1102//1171 1101//1171
f 1099//1172 1101//1172 1097//1172
f 1098//1173 1101//1173 1102//1173
f 1098//1174 1104//1174 1100//1174
f 1099//1175 1104//1175 1103//1175
f 1098//1176 1100//1176 1099//1176
f 1103//1177 1104//1177 1102//1177
f 1099//1172 1103//1172 1101//1172
f 1098//1173 1097//1173 1101//1173
f 1098//1174 1102//1174 1104//1174
f 1099//1175 1100//1175 1104//1175
f 1105//1178 1108//1178 1107//1178
f 1109//1179 1112//1179 1110//1179
f 1105//1180 1111//1180 1109//1180
f 1105//1181 1110//1181 1106//1181
f 1108//1182 1110//1182 1112//1182
f 1108//1183 1111//1183 1107//1183
f 1105//1184 1106//1184 1108//1184
f 1109//1185 1111//1185 1112//1185
f 1105//1180 1107//1180 1111//1180
f 1105//1181 1109//1181 1110//1181
f 1108//1182 1106//1182 1110//1182
f 1108//1183 1112//1183 1111//1183
f 1114//1186 1115//1186 1113//1186
f 1119//1187 1118//1187 1117//1187
f 1115//1188 1117//1188 1113//1188
f 1114//1189 1117//1189 1118//1189
f 1114//1190 1120//1190 1116//1190
f 1115//1191 1120//1191 1119//1191
f 1114//1192 1116//1192 1115//1192
f 1119//1193 1120//1193 1118//1193
f 1115//1188 1119//1188 1117//1188
f 1114//1189 1113//1189 1117//1189
f 1114//1190 1118//1190 1120//1190
f 1115//1191 1116//1191 1120//1191
f 1121//1194 1124//1194 1123//1194
f 1125//1195 1128//1195 1126//1195
f 1123//1196 1125//1196 1121//1196
f 1122//1197 1125//1197 1126//1197
f 1122//1198 1128//1198 1124//1198
f 1123//1199 1128//1199 1127//1199
f 1121//1200 1122//1200 1124//1200
f 1125//1201 1127//1201 1128//1201
f 1123//1196 1127//1196 1125//1196
f 1122//1197 1121//1197 1125//1197
f 1122//1198 1126//1198 1128//1198
f 1123//1199 1124//1199 1128//1199
f 1129//1202 1132//1202 1131//1202
f 1133//1203 1136//1203 1134//1203
f 1131//1204 1133//1204 1129//1204
f 1130//1205 1133//1205 1134//1205
f 1130//1206 1136//1206 1132//1206
f 1131//1207 1136//1207 1135//1207
f 1129//1208 1130//1208 1132//1208
f 1133//1209 1135//1209 1136//1209
f 1131//1204 1135//1204 1133//1204
f 1130//1205 1129//1205 1133//1205
f 1130//1206 1134//1206 1136//1206
f 1131//1210 1132//1210 1136//1210
f 1137//1211 1140//1211 1139//1211
f 1141//1212 1144//1212 1142//1212
f 1137//1213 1143//1213 1141//1213
f 1137//1214 1142//1214 1138//1214
f 1140//1215 1142//1215 1144//1215
f 1140//1216 1143//1216 1139//1216
f 1137//1217 1138//1217 1140//1217
f 1141//1218 1143//1218 1144//1218
f 1137//1213 1139//1213 1143//1213
f 1137//1214 1141//1214 1142//1214
f 1140//1215 1138//1215 1142//1215
f 1140//1216 1144//1216 1143//1216
f 1145//1219 1148//1219 1147//1219
f 1149//1220 1152//1220 1150//1220
f 1147//1221 1149//1221 1145//1221
f 1146//1222 1149//1222 1150//1222
f 1146//1223 1152//1223 1148//1223
f 1147//1224 1152//1224 1151//1224
f 1145//1225 1146//1225 1148//1225
f 1149//1226 1151//1226 1152//1226
f 1147//1221 1151//1221 1149//1221
f 1146//1222 1145//1222 1149//1222
f 1146//1223 1150//1223 1152//1223
f 1147//1224 1148//1224 1152//1224
f 1153//1227 1156//1227 1155//1227
f 1157//1228 1160//1228 1158//1228
f 1153//1229 1159//1229 1157//1229
f 1153//1230 1158//1230 1154//1230
f 1156//1231 1158//1231 1160//1231
f 1156//1232 1159//1232 1155//1232
f 1153//1233 1154//1233 1156//1233
f 1157//1234 1159//1234 1160//1234
f 1153//1229 1155//1229 1159//1229
f 1153//1235 1157//1235 1158//1235
f 1156//1231 1154//1231 1158//1231
f 1156//1232 1160//1232 1159//1232
f 1161//1236 1164//1236 1163//1236
f 1165//1237 1168//1237 1166//1237
f 1163//1238 1165//1238 1161//1238
f 1162//1239 1165//1239 1166//1239
f 1162//1240 1168//1240 1164//1240
f 1163//1241 1168//1241 1167//1241
f 1161//1242 1162//1242 1164//1242
f 1165//1243 1167//1243 1168//1243
f 1163//1238 1167//1238 1165//1238
f 1162//1239 1161//1239 1165//1239
f 1162//1240 1166//1240 1168//1240
f 1163//1244 1164//1244 1168//1244
f 1170//1245 1171//1245 1169//1245
f 1175//1246 1174//1246 1173//1246
f 1169//1247 1175//1247 1173//1247
f 1169//1248 1174//1248 1170//1248
f 1172//1249 1174//1249 1176//1249
f 1172//1250 1175//1250 1171//1250
f 1170//1251 1172//1251 1171//1251
f 1175//1252 1176//1252 1174//1252
f 1169//1247 1171//1247 1175//1247
f 1169//1248 1173//1248 1174//1248
f 1172//1249 1170//1249 1174//1249
f 1172//1250 1176//1250 1175//1250
f 1178//1253 1179//1253 1177//1253
f 1183//1254 1182//1254 1181//1254
f 1177//1255 1183//1255 1181//1255
f 1177//1256 1182//1256 1178//1256
f 1180//1257 1182//1257 1184//1257
f 1180//1258 1183//1258 1179//1258
f 1178//1259 1180//1259 1179//1259
f 1183//1260 1184//1260 1182//1260
f 1177//1255 1179//1255 1183//1255
f 1177//1256 1181//1256 1182//1256
f 1180//1257 1178//1257 1182//1257
f 1180//1258 1184//1258 1183//1258
f 1186//1261 1187//1261 1185//1261
f 1191//1262 1190//1262 1189//1262
f 1185//1263 1191//1263 1189//1263
f 1185//1264 1190//1264 1186//1264
f 1188//1265 1190//1265 1192//1265
f 1188//1266 1191//1266 1187//1266
f 1186//1267 1188//1267 1187//1267
f 1191//1268 1192//1268 1190//1268
f 1185//1263 1187//1263 1191//1263
f 1185//1264 1189//1264 1190//1264
f 1188//1265 1186//1265 1190//1265
f 1188//1266 1192//1266 1191//1266
f 1193//1269 1196//1269 1195//1269
f 1197//1270 1200//1270 1198//1270
f 1195//1271 1197//1271 1193//1271
f 1194//1272 1197//1272 1198//1272
f 1194//1273 1200//1273 1196//1273
f 1195//1274 1200//1274 1199//1274
f 1193//1275 1194//1275 1196//1275
f 1197//1276 1199//1276 1200//1276
f 1195//1271 1199//1271 1197//1271
f 1194//1272 1193//1272 1197//1272
f 1194//1273 1198//1273 1200//1273
f 1195//1274 1196//1274 1200//1274
f 1202//1277 1203//1277 1201//1277
f 1207//1278 1206//1278 1205//1278
f 1203//1279 1205//1279 1201//1279
f 1202//1280 1205//1280 1206//1280
f 1202//1281 1208//1281 1204//1281
f 1203//1282 1208//1282 1207//1282
f 1202//1283 1204//1283 1203//1283
f 1207//1284 1208//1284 1206//1284
f 1203//1279 1207//1279 1205//1279
f 1202//1280 1201//1280 1205//1280
f 1202//1281 1206//1281 1208//1281
f 1203//1282 1204//1282 1208//1282
f 1209//1285 1212//1285 1211//1285
f 1213//1286 1216//1286 1214//1286
f 1211//1287 1213//1287 1209//1287
f 1210//1288 1213//1288 1214//1288
f 1210//1289 1216//1289 1212//1289
f 1211//1290 1216//1290 1215//1290
f 1209//1291 1210//1291 1212//1291
f 1213//1292 1215//1292 1216//1292
f 1211//1287 1215//1287 1213//1287
f 1210//1288 1209//1288 1213//1288
f 1210//1289 1214//1289 1216//1289
f 1211//1290 1212//1290 1216//1290
f 1218//1293 1219//1293 1217//1293
f 1223//1294 1222//1294 1221//1294
f 1217//1295 1223//1295 1221//1295
f 1217//1296 1222//1296 1218//1296
f 1220//1297 1222//1297 1224//1297
f 1220//1298 1223//1298 1219//1298
f 1218//1299 1220//1299 1219//1299
f 1223//1300 1224//1300 1222//1300
f 1217//1301 1219//1301 1223//1301
f 1217//1302 1221//1302 1222//1302
f 1220//1297 1218//1297 1222//1297
f 1220//1298 1224//1298 1223//1298
f 1226//1303 1227//1303 1225//1303
f 1231//1304 1230//1304 1229//1304
f 1227//1305 1229//1305 1225//1305
f 1226//1306 1229//1306 1230//1306
f 1226//1307 1232//1307 1228//1307
f 1227//1308 1232//1308 1231//1308
f 1226//1309 1228//1309 1227//1309
f 1231//1310 1232//1310 1230//1310
f 1227//1305 1231//1305 1229//1305
f 1226//1311 1225//1311 1229//1311
f 1226//1307 1230//1307 1232//1307
f 1227//1308 1228//1308 1232//1308
f 1234//1312 1235//1312 1233//1312
f 1239//1313 1238//1313 1237//1313
f 1233//1314 1239//1314 1237//1314
f 1233//1315 1238//1315 1234//1315
f 1236//1316 1238//1316 1240//1316
f 1236//1317 1239//1317 1235//1317
f 1234//1318 1236//1318 1235//1318
f 1239//1319 1240//1319 1238//1319
f 1233//1314 1235//1314 1239//1314
f 1233//1320 1237//1320 1238//1320
f 1236//1316 1234//1316 1238//1316
f 1236//1317 1240//1317 1239//1317
f 1242//1321 1243//1321 1241//1321
f 1247//1322 1246//1322 1245//1322
f 1241//1323 1247//1323 1245//1323
f 1241//1324 1246//1324 1242//1324
f 1244//1325 1246//1325 1248//1325
f 1244//1326 1247//1326 1243//1326
f 1242//1327 1244//1327 1243//1327
f 1247//1328 1248//1328 1246//1328
f 1241//1323 1243//1323 1247//1323
f 1241//1324 1245//1324 1246//1324
f 1244//1325 1242//1325 1246//1325
f 1244//1326 1248//1326 1247//1326
f 1249//1329 1252//1329 1251//1329
f 1253//1330 1256//1330 1254//1330
f 1251//1331 1253//1331 1249//1331
f 1250//1332 1253//1332 1254//1332
f 1250//1333 1256//1333 1252//1333
f 1251//1334 1256//1334 1255//1334
f 1249//1335 1250//1335 1252//1335
f 1253//1336 1255//1336 1256//1336
f 1251//1337 1255//1337 1253//1337
f 1250//1332 1249//1332 1253//1332
f 1250//1333 1254//1333 1256//1333
f 1251//1334 1252//1334 1256//1334
f 1257//1338 1260//1338 1259//1338
f 1261//1339 1264//1339 1262//1339
f 1257//1340 1263//1340 1261//1340
f 1257//1341 1262//1341 1258//1341
f 1260//1342 1262//1342 1264//1342
f 1260//1343 1263//1343 1259//1343
f 1257//1344 1258//1344 1260//1344
f 1261//1345 1263//1345 1264//1345
f 1257//1340 1259//1340 1263//1340
f 1257//1341 1261//1341 1262//1341
f 1260//1342 1258//1342 1262//1342
f 1260//1343 1264//1343 1263//1343
f 1266//1346 1267//1346 1265//1346
f 1271//1347 1270//1347 1269//1347
f 1267//1348 1269//1348 1265//1348
f 1266//1349 1269//1349 1270//1349
f 1266//1350 1272//1350 1268//1350
f 1267//1351 1272//1351 1271//1351
f 1266//1352 1268//1352 1267//1352
f 1271//1353 1272//1353 1270//1353
f 1267//1348 1271//1348 1269//1348
f 1266//1349 1265//1349 1269//1349
f 1266//1350 1270//1350 1272//1350
f 1267//1351 1268//1351 1272//1351
f 1274//1354 1275//1354 1273//1354
f 1279//1355 1278//1355 1277//1355
f 1275//1356 1277//1356 1273//1356
f 1274//1357 1277//1357 1278//1357
f 1274//1358 1280//1358 1276//1358
f 1275//1359 1280//1359 1279//1359
f 1274//1360 1276//1360 1275//1360
f 1279//1361 1280//1361 1278//1361
f 1275//1362 1279//1362 1277//1362
f 1274//1357 1273//1357 1277//1357
f 1274//1363 1278//1363 1280//1363
f 1275//1364 1276//1364 1280//1364
f 1281//1365 1284//1365 1283//1365
f 1285//1366 1288//1366 1286//1366
f 1283//1367 1285//1367 1281//1367
f 1282//1368 1285//1368 1286//1368
f 1282//1369 1288//1369 1284//1369
f 1283//1370 1288//1370 1287//1370
f 1281//1371 1282//1371 1284//1371
f 1285//1372 1287//1372 1288//1372
f 1283//1367 1287//1367 1285//1367
f 1282//1368 1281//1368 1285//1368
f 1282//1369 1286//1369 1288//1369
f 1283//1370 1284//1370 1288//1370
f 1290//1373 1291//1373 1289//1373
f 1295//1374 1294//1374 1293//1374
f 1291//1375 1293//1375 1289//1375
f 1290//1376 1293//1376 1294//1376
f 1290//1377 1296//1377 1292//1377
f 1291//1378 1296//1378 1295//1378
f 1290//1379 1292//1379 1291//1379
f 1295//1380 1296//1380 1294//1380
f 1291//1375 1295//1375 1293//1375
f 1290//1376 1289//1376 1293//1376
f 1290//1377 1294//1377 1296//1377
f 1291//1378 1292//1378 1296//1378
f 1298//1381 1299//1381 1297//1381
f 1303//1382 1302//1382 1301//1382
f 1299//1383 1301//1383 1297//1383
f 1298//1384 1301//1384 1302//1384
f 1298//1385 1304//1385 1300//1385
f 1299//1386 1304//1386 1303//1386
f 1298//1387 1300//1387 1299//1387
f 1303//1388 1304//1388 1302//1388
f 1299//1383 1303//1383 1301//1383
f 1298//1384 1297//1384 1301//1384
f 1298//1385 1302//1385 1304//1385
f 1299//1386 1300//1386 1304//1386
f 1305//1389 1308//1389 1307//1389
f 1309//1390 1312//1390 1310//1390
f 1305//1391 1311//1391 1309//1391
f 1305//1392 1310//1392 1306//1392
f 1308//1393 1310//1393 1312//1393
f 1308//1394 1311//1394 1307//1394
f 1305//1395 1306//1395 1308//1395
f 1309//1396 1311//1396 1312//1396
f 1305//1391 1307//1391 1311//1391
f 1305//1392 1309//1392 1310//1392
f 1308//1393 1306//1393 1310//1393
f 1308//1394 1312//1394 1311//1394
f 1313//1397 1316//1397 1315//1397
f 1317//1398 1320//1398 1318//1398
f 1313//1399 1319//1399 1317//1399
f 1313//1400 1318//1400 1314//1400
f 1316//1401 1318//1401 1320//1401
f 1316//1402 1319//1402 1315//1402
f 1313//1403 1314//1403 1316//1403
f 1317//1404 1319//1404 1320//1404
f 1313//1399 1315//1399 1319//1399
f 1313//1400 1317//1400 1318//1400
f 1316//1401 1314//1401 1318//1401
f 1316//1402 1320//1402 1319//1402
f 1321//1405 1324//1405 1323//1405
f 1325//1406 1328//1406 1326//1406
f 1323//1407 1325//1407 1321//1407
f 1322//1408 1325//1408 1326//1408
f 1322//1409 1328//1409 1324//1409
f 1323//1410 1328//1410 1327//1410
f 1321//1411 1322//1411 1324//1411
f 1325//1412 1327//1412 1328//1412
f 1323//1413 1327//1413 1325//1413
f 1322//1414 1321//1414 1325//1414
f 1322//1409 1326//1409 1328//1409
f 1323//1410 1324//1410 1328//1410
f 1329//1415 1332//1415 1331//1415
f 1333//1416 1336//1416 1334//1416
f 1331//1417 1333//1417 1329//1417
f 1330//1418 1333//1418 1334//1418
f 1330//1419 1336//1419 1332//1419
f 1331//1420 1336//1420 1335//1420
f 1329//1421 1330//1421 1332//1421
f 1333//1422 1335//1422 1336//1422
f 1331//1417 1335//1417 1333//1417
f 1330//1418 1329//1418 1333//1418
f 1330//1419 1334//1419 1336//1419
f 1331//1420 1332//1420 1336//1420
f 1337//1423 1340//1423 1339//1423
f 1341//1424 1344//1424 1342//1424
f 1339//1425 1341//1425 1337//1425
f 1338//1426 1341//1426 1342//1426
f 1338//1427 1344//1427 1340//1427
f 1339//1428 1344//1428 1343//1428
f 1337//1429 1338//1429 1340//1429
f 1341//1430 1343//1430 1344//1430
f 1339//1425 1343//1425 1341//1425
f 1338//1426 1337//1426 1341//1426
f 1338//1427 1342//1427 1344//1427
f 1339//1428 1340//1428 1344//1428
f 1345//1431 1348//1431 1347//1431
f 1349//1432 1352//1432 1350//1432
f 1347//1433 1349//1433 1345//1433
f 1346//1434 1349//1434 1350//1434
f 1346//1435 1352//1435 1348//1435
f 1347//1436 1352//1436 1351//1436
f 1345//1437 1346//1437 1348//1437
f 1349//1438 1351//1438 1352//1438
f 1347//1433 1351//1433 1349//1433
f 1346//1434 1345//1434 1349//1434
f 1346//1435 1350//1435 1352//1435
f 1347//1436 1348//1436 1352//1436
f 1354//1439 1355//1439 1353//1439
f 1359//1440 1358//1440 1357//1440
f 1355//1441 1357//1441 1353//1441
f 1354//1442 1357//1442 1358//1442
f 1354//1443 1360//1443 1356//1443
f 1355//1444 1360//1444 1359//1444
f 1354//1445 1356//1445 1355//1445
f 1359//1446 1360//1446 1358//1446
f 1355//1441 1359//1441 1357//1441
f 1354//1442 1353//1442 1357//1442
f 1354//1443 1358//1443 1360//1443
f 1355//1444 1356//1444 1360//1444
f 1361//1447 1364//1447 1363//1447
f 1365//1448 1368//1448 1366//1448
f 1363//1449 1365//1449 1361//1449
f 1362//1450 1365//1450 1366//1450
f 1362//1451 1368//1451 1364//1451
f 1363//1452 1368//1452 1367//1452
f 1361//1453 1362//1453 1364//1453
f 1365//1454 1367//1454 1368//1454
f 1363//1449 1367//1449 1365//1449
f 1362//1450 1361//1450 1365//1450
f 1362//1451 1366//1451 1368//1451
f 1363//1455 1364//1455 1368//1455
f 1369//1456 1372//1456 1371//1456
f 1373//1457 1376//1457 1374//1457
f 1369//1458 1375//1458 1373//1458
f 1369//1459 1374//1459 1370//1459
f 1372//1460 1374//1460 1376//1460
f 1372//1461 1375//1461 1371//1461
f 1369//1462 1370//1462 1372//1462
f 1373//1463 1375//1463 1376//1463
f 1369//1458 1371//1458 1375//1458
f 1369//1459 1373//1459 1374//1459
f 1372//1464 1370//1464 1374//1464
f 1372//1461 1376//1461 1375//1461
f 1378//1465 1379//1465 1377//1465
f 1383//1466 1382//1466 1381//1466
f 1377//1467 1383//1467 1381//1467
f 1377//1468 1382//1468 1378//1468
f 1380//1469 1382//1469 1384//1469
f 1380//1470 1383//1470 1379//1470
f 1378//1471 1380//1471 1379//1471
f 1383//1472 1384//1472 1382//1472
f 1377//1467 1379//1467 1383//1467
f 1377//1468 1381//1468 1382//1468
f 1380//1473 1378//1473 1382//1473
f 1380//1470 1384//1470 1383//1470
f 1386//1474 1387//1474 1385//1474
f 1391//1475 1390//1475 1389//1475
f 1385//1476 1391//1476 1389//1476
f 1385//1477 1390//1477 1386//1477
f 1388//1478 1390//1478 1392//1478
f 1388//1479 1391//1479 1387//1479
f 1386//1480 1388//1480 1387//1480
f 1391//1481 1392//1481 1390//1481
f 1385//1482 1387//1482 1391//1482
f 1385//1477 1389//1477 1390//1477
f 1388//1483 1386//1483 1390//1483
f 1388//1479 1392//1479 1391//1479
f 1393//1484 1396//1484 1395//1484
f 1397//1485 1400//1485 1398//1485
f 1395//1486 1397//1486 1393//1486
f 1394//1487 1397//1487 1398//1487
f 1394//1488 1400//1488 1396//1488
f 1395//1489 1400//1489 1399//1489
f 1393//1490 1394//1490 1396//1490
f 1397//1491 1399//1491 1400//1491
f 1395//1486 1399//1486 1397//1486
f 1394//1487 1393//1487 1397//1487
f 1394//1488 1398//1488 1400//1488
f 1395//1489 1396//1489 1400//1489
f 1401//1492 1404//1492 1403//1492
f 1405//1493 1408//1493 1406//1493
f 1401//1494 1407//1494 1405//1494
f 1401//1495 1406//1495 1402//1495
f 1404//1496 1406//1496 1408//1496
f 1404//1497 1407//1497 1403//1497
f 1401//1498 1402//1498 1404//1498
f 1405//1499 1407//1499 1408//1499
f 1401//1494 1403//1494 1407//1494
f 1401//1495 1405//1495 1406//1495
f 1404//1496 1402//1496 1406//1496
f 1404//1497 1408//1497 1407//1497
f 1409//1500 1412//1500 1411//1500
f 1413//1501 1416//1501 1414//1501
f 1409//1502 1415//1502 1413//1502
f 1409//1503 1414//1503 1410//1503
f 1412//1504 1414//1504 1416//1504
f 1412//1505 1415//1505 1411//1505
f 1409//1506 1410//1506 1412//1506
f 1413//1507 1415//1507 1416//1507
f 1409//1502 1411//1502 1415//1502
f 1409//1503 1413//1503 1414//1503
f 1412//1504 1410//1504 1414//1504
f 1412//1505 1416//1505 1415//1505
f 1417//1508 1420//1508 1419//1508
f 1421//1509 1424//1509 1422//1509
f 1417//1510 1423//1510 1421//1510
f 1417//1511 1422//1511 1418//1511
f 1420//1512 1422//1512 1424//1512
f 1420//1513 1423//1513 1419//1513
f 1417//1514 1418//1514 1420//1514
f 1421//1515 1423//1515 1424//1515
f 1417//1510 1419//1510 1423//1510
f 1417//1511 1421//1511 1422//1511
f 1420//1516 1418//1516 1422//1516
f 1420//1513 1424//1513 1423//1513
f 1425//1517 1428//1517 1427//1517
f 1429//1518 1432//1518 1430//1518
f 1427//1519 1429//1519 1425//1519
f 1426//1520 1429//1520 1430//1520
f 1426//1521 1432//1521 1428//1521
f 1427//1522 1432//1522 1431//1522
f 1425//1523 1426//1523 1428//1523
f 1429//1524 1431//1524 1432//1524
f 1427//1519 1431//1519 1429//1519
f 1426//1520 1425//1520 1429//1520
f 1426//1521 1430//1521 1432//1521
f 1427//1522 1428//1522 1432//1522
f 1433//1525 1436//1525 1435//1525
f 1437//1526 1440//1526 1438//1526
f 1435//1527 1437//1527 1433//1527
f 1434//1528 1437//1528 1438//1528
f 1434//1529 1440//1529 1436//1529
f 1435//1530 1440//1530 1439//1530
f 1433//1531 1434//1531 1436//1531
f 1437//1532 1439//1532 1440//1532
f 1435//1533 1439//1533 1437//1533
f 1434//1528 1433//1528 1437//1528
f 1434//1529 1438//1529 1440//1529
f 1435//1530 1436//1530 1440//1530
f 1442//1534 1443//1534 1441//1534
f 1447//1535 1446//1535 1445//1535
f 1443//1536 1445//1536 1441//1536
f 1442//1537 1445//1537 1446//1537
f 1442//1538 1448//1538 1444//1538
f 1443//1539 1448//1539 1447//1539
f 1442//1540 1444//1540 1443//1540
f 1447//1541 1448//1541 1446//1541
f 1443//1536 1447//1536 1445//1536
f 1442//1537 1441//1537 1445//1537
f 1442//1538 1446//1538 1448//1538
f 1443//1539 1444//1539 1448//1539
f 1449//1542 1452//1542 1451//1542
f 1453//1543 1456//1543 1454//1543
f 1451//1544 1453//1544 1449//1544
f 1450//1545 1453//1545 1454//1545
f 1450//1546 1456//1546 1452//1546
f 1451//1547 1456//1547 1455//1547
f 1449//1548 1450//1548 1452//1548
f 1453//1549 1455//1549 1456//1549
f 1451//1550 1455//1550 1453//1550
f 1450//1551 1449//1551 1453//1551
f 1450//1546 1454//1546 1456//1546
f 1451//1547 1452//1547 1456//1547
f 1457//1552 1460//1552 1459//1552
f 1461//1553 1464//1553 1462//1553
f 1457//1554 1463//1554 1461//1554
f 1457//1555 1462//1555 1458//1555
f 1460//1556 1462//1556 1464//1556
f 1460//1557 1463//1557 1459//1557
f 1457//1558 1458//1558 1460//1558
f 1461//1559 1463//1559 1464//1559
f 1457//1554 1459//1554 1463//1554
f 1457//1555 1461//1555 1462//1555
f 1460//1556 1458//1556 1462//1556
f 1460//1557 1464//1557 1463//1557
f 1465//1560 1468//1560 1467//1560
f 1469//1561 1472//1561 1470//1561
f 1465//1562 1471//1562 1469//1562
f 1465//1563 1470//1563 1466//1563
f 1468//1564 1470//1564 1472//1564
f 1468//1565 1471//1565 1467//1565
f 1465//1566 1466//1566 1468//1566
f 1469//1567 1471//1567 1472//1567
f 1465//1562 1467//1562 1471//1562
f 1465//1563 1469//1563 1470//1563
f 1468//1564 1466//1564 1470//1564
f 1468//1565 1472//1565 1471//1565
f 1473//1568 1476//1568 1475//1568
f 1477//1569 1480//1569 1478//1569
f 1473//1570 1479//1570 1477//1570
f 1473//1571 1478//1571 1474//1571
f 1476//1572 1478//1572 1480//1572
f 1476//1573 1479//1573 1475//1573
f 1473//1574 1474//1574 1476//1574
f 1477//1575 1479//1575 1480//1575
f 1473//1570 1475//1570 1479//1570
f 1473//1571 1477//1571 1478//1571
f 1476//1572 1474//1572 1478//1572
f 1476//1576 1480//1576 1479//1576
f 1482//1577 1483//1577 1481//1577
f 1487//1578 1486//1578 1485//1578
f 1481//1579 1487//1579 1485//1579
f 1481//1580 1486//1580 1482//1580
f 1484//1581 1486//1581 1488//1581
f 1484//1582 1487//1582 1483//1582
f 1482//1583 1484//1583 1483//1583
f 1487//1584 1488//1584 1486//1584
f 1481//1579 1483//1579 1487//1579
f 1481//1580 1485//1580 1486//1580
f 1484//1581 1482//1581 1486//1581
f 1484//1585 1488//1585 1487//1585
f 1490//1586 1491//1586 1489//1586
f 1495//1587 1494//1587 1493//1587
f 1489//1588 1495//1588 1493//1588
f 1489//1589 1494//1589 1490//1589
f 1492//1590 1494//1590 1496//1590
f 1492//1591 1495//1591 1491//1591
f 1490//1592 1492//1592 1491//1592
f 1495//1593 1496//1593 1494//1593
f 1489//1588 1491//1588 1495//1588
f 1489//1589 1493//1589 1494//1589
f 1492//1594 1490//1594 1494//1594
f 1492//1595 1496//1595 1495//1595
f 1497//1596 1500//1596 1499//1596
f 1501//1597 1504//1597 1502//1597
f 1497//1598 1503//1598 1501//1598
f 1497//1599 1502//1599 1498//1599
f 1500//1600 1502//1600 1504//1600
f 1500//1601 1503//1601 1499//1601
f 1497//1602 1498//1602 1500//1602
f 1501//1603 1503//1603 1504//1603
f 1497//1598 1499//1598 1503//1598
f 1497//1599 1501//1599 1502//1599
f 1500//1600 1498//1600 1502//1600
f 1500//1601 1504//1601 1503//1601
f 1505//1604 1508//1604 1507//1604
f 1509//1605 1512//1605 1510//1605
f 1505//1606 1511//1606 1509//1606
f 1505//1607 1510//1607 1506//1607
f 1508//1608 1510//1608 1512//1608
f 1508//1609 1511//1609 1507//1609
f 1505//1610 1506//1610 1508//1610
f 1509//1611 1511//1611 1512//1611
f 1505//1606 1507//1606 1511//1606
f 1505//1607 1509//1607 1510//1607
f 1508//1608 1506//1608 1510//1608
f 1508//1609 1512//1609 1511//1609
f 1513//1612 1516//1612 1515//1612
f 1517//1613 1520//1613 1518//1613
f 1515//1614 1517//1614 1513//1614
f 1514//1615 1517//1615 1518//1615
f 1514//1616 1520//1616 1516//1616
f 1515//1617 1520//1617 1519//1617
f 1513//1618 1514//1618 1516//1618
f 1517//1619 1519//1619 1520//1619
f 1515//1620 1519//1620 1517//1620
f 1514//1615 1513//1615 1517//1615
f 1514//1616 1518//1616 1520//1616
f 1515//1617 1516//1617 1520//1617
f 1521//1621 1524//1621 1523//1621
f 1525//1622 1528//1622 1526//1622
f 1523//1623 1525//1623 1521//1623
f 1522//1624 1525//1624 1526//1624
f 1522//1625 1528//1625 1524//1625
f 1523//1626 1528//1626 1527//1626
f 1521//1627 1522//1627 1524//1627
f 1525//1628 1527//1628 1528//1628
f 1523//1623 1527//1623 1525//1623
f 1522//1624 1521//1624 1525//1624
f 1522//1625 1526//1625 1528//1625
f 1523//1629 1524//1629 1528//1629
f 1530//1630 1531//1630 1529//1630
f 1535//1631 1534//1631 1533//1631
f 1531//1632 1533//1632 1529//1632
f 1530//1633 1533//1633 1534//1633
f 1530//1634 1536//1634 1532//1634
f 1531//1635 1536//1635 1535//1635
f 1530//1636 1532//1636 1531//1636
f 1535//1637 1536//1637 1534//1637
f 1531//1632 1535//1632 1533//1632
f 1530//1633 1529//1633 1533//1633
f 1530//1634 1534//1634 1536//1634
f 1531//1635 1532//1635 1536//1635
f 1537//1638 1540//1638 1539//1638
f 1541//1639 1544//1639 1542//1639
f 1537//1640 1543//1640 1541//1640
f 1537//1641 1542//1641 1538//1641
f 1540//1642 1542//1642 1544//1642
f 1540//1643 1543//1643 1539//1643
f 1537//1644 1538//1644 1540//1644
f 1541//1645 1543//1645 1544//1645
f 1537//1640 1539//1640 1543//1640
f 1537//1641 1541//1641 1542//1641
f 1540//1642 1538//1642 1542//1642
f 1540//1643 1544//1643 1543//1643
f 1545//1646 1548//1646 1547//1646
f 1549//1647 1552//1647 1550//1647
f 1545//1648 1551//1648 1549//1648
f 1545//1649 1550//1649 1546//1649
f 1548//1650 1550//1650 1552//1650
f 1548//1651 1551//1651 1547//1651
f 1545//1652 1546//1652 1548//1652
f 1549//1653 1551//1653 1552//1653
f 1545//1648 1547//1648 1551//1648
f 1545//1649 1549//1649 1550//1649
f 1548//1650 1546//1650 1550//1650
f 1548//1651 1552//1651 1551//1651
f 1554//1654 1555//1654 1553//1654
f 1559//1655 1558//1655 1557//1655
f 1553//1656 1559//1656 1557//1656
f 1553//1657 1558//1657 1554//1657
f 1556//1658 1558//1658 1560//1658
f 1556//1659 1559//1659 1555//1659
f 1554//1660 1556//1660 1555//1660
f 1559//1661 1560//1661 1558//1661
f 1553//1656 1555//1656 1559//1656
f 1553//1657 1557//1657 1558//1657
f 1556//1658 1554//1658 1558//1658
f 1556//1662 1560//1662 1559//1662
f 1562//1663 1563//1663 1561//1663
f 1567//1664 1566//1664 1565//1664
f 1563//1665 1565//1665 1561//1665
f 1562//1666 1565//1666 1566//1666
f 1562//1667 1568//1667 1564//1667
f 1563//1668 1568//1668 1567//1668
f 1562//1669 1564//1669 1563//1669
f 1567//1670 1568//1670 1566//1670
f 1563//1665 1567//1665 1565//1665
f 1562//1666 1561//1666 1565//1666
f 1562//1667 1566//1667 1568//1667
f 1563//1668 1564//1668 1568//1668
f 1570//1671 1571//1671 1569//1671
f 1575//1672 1574//1672 1573//1672
f 1569//1673 1575//1673 1573//1673
f 1569//1674 1574//1674 1570//1674
f 1572//1675 1574//1675 1576//1675
f 1572//1676 1575//1676 1571//1676
f 1570//1677 1572//1677 1571//1677
f 1575//1678 1576//1678 1574//1678
f 1569//1673 1571//1673 1575//1673
f 1569//1674 1573//1674 1574//1674
f 1572//1675 1570//1675 1574//1675
f 1572//1676 1576//1676 1575//1676
f 1578//1679 1579//1679 1577//1679
f 1583//1680 1582//1680 1581//1680
f 1579//1681 1581//1681 1577//1681
f 1578//1682 1581//1682 1582//1682
f 1578//1683 1584//1683 1580//1683
f 1579//1684 1584//1684 1583//1684
f 1578//1685 1580//1685 1579//1685
f 1583//1686 1584//1686 1582//1686
f 1579//1681 1583//1681 1581//1681
f 1578//1682 1577//1682 1581//1682
f 1578//1683 1582//1683 1584//1683
f 1579//1684 1580//1684 1584//1684
f 1586//1687 1587//1687 1585//1687
f 1591//1688 1590//1688 1589//1688
f 1585//1689 1591//1689 1589//1689
f 1585//1690 1590//1690 1586//1690
f 1588//1691 1590//1691 1592//1691
f 1588//1692 1591//1692 1587//1692
f 1586//1693 1588//1693 1587//1693
f 1591//1694 1592//1694 1590//1694
f 1585//1689 1587//1689 1591//1689
f 1585//1690 1589//1690 1590//1690
f 1588//1695 1586//1695 1590//1695
f 1588//1692 1592//1692 1591//1692
f 1593//1696 1596//1696 1595//1696
f 1597//1697 1600//1697 1598//1697
f 1595//1698 1597//1698 1593//1698
f 1594//1699 1597//1699 1598//1699
f 1594//1700 1600//1700 1596//1700
f 1595//1701 1600//1701 1599//1701
f 1593//1702 1594//1702 1596//1702
f 1597//1703 1599//1703 1600//1703
f 1595//1698 1599//1698 1597//1698
f 1594//1699 1593//1699 1597//1699
f 1594//1700 1598//1700 1600//1700
f 1595//1704 1596//1704 1600//1704
f 1601//1705 1604//1705 1603//1705
f 1605//1706 1608//1706 1606//1706
f 1603//1707 1605//1707 1601//1707
f 1602//1708 1605//1708 1606//1708
f 1602//1709 1608//1709 1604//1709
f 1603//1710 1608//1710 1607//1710
f 1601//1711 1602//1711 1604//1711
f 1605//1712 1607//1712 1608//1712
f 1603//1707 1607//1707 1605//1707
f 1602//1708 1601//1708 1605//1708
f 1602//1709 1606//1709 1608//1709
f 1603//1713 1604//1713 1608//1713
f 1609//1714 1612//1714 1611//1714
f 1613//1715 1616//1715 1614//1715
f 1611//1716 1613//1716 1609//1716
f 1610//1717 1613//1717 1614//1717
f 1610//1718 1616//1718 1612//1718
f 1611//1719 1616//1719 1615//1719
f 1609//1720 1610//1720 1612//1720
f 1613//1721 1615//1721 1616//1721
f 1611//1716 1615//1716 1613//1716
f 1610//1717 1609//1717 1613//1717
f 1610//1718 1614//1718 1616//1718
f 1611//1722 1612//1722 1616//1722
f 1618//1723 1619//1723 1617//1723
f 1623//1724 1622//1724 1621//1724
f 1619//1725 1621//1725 1617//1725
f 1618//1726 1621//1726 1622//1726
f 1618//1727 1624//1727 1620//1727
f 1619//1728 1624//1728 1623//1728
f 1618//1729 1620//1729 1619//1729
f 1623//1730 1624//1730 1622//1730
f 1619//1731 1623//1731 1621//1731
f 1618//1726 1617//1726 1621//1726
f 1618//1727 1622//1727 1624//1727
f 1619//1728 1620//1728 1624//1728
f 1626//1732 1627//1732 1625//1732
f 1631//1733 1630//1733 1629//1733
f 1625//1734 1631//1734 1629//1734
f 1625//1735 1630//1735 1626//1735
f 1628//1736 1630//1736 1632//1736
f 1628//1737 1631//1737 1627//1737
f 1626//1738 1628//1738 1627//1738
f 1631//1739 1632//1739 1630//1739
f 1625//1734 1627//1734 1631//1734
f 1625//1735 1629//1735 1630//1735
f 1628//1736 1626//1736 1630//1736
f 1628//1737 1632//1737 1631//1737
f 1634//1740 1635//1740 1633//1740
f 1639//1741 1638//1741 1637//1741
f 1633//1742 1639//1742 1637//1742
f 1633//1743 1638//1743 1634//1743
f 1636//1744 1638//1744 1640//1744
f 1636//1745 1639//1745 1635//1745
f 1634//1746 1636//1746 1635//1746
f 1639//1747 1640//1747 1638//1747
f 1633//1742 1635//1742 1639//1742
f 1633//1743 1637//1743 1638//1743
f 1636//1744 1634//1744 1638//1744
f 1636//1745 1640//1745 1639//1745
f 1642//1748 1643//1748 1641//1748
f 1647//1749 1646//1749 1645//1749
f 1641//1750 1647//1750 1645//1750
f 1641//1751 1646//1751 1642//1751
f 1644//1752 1646//1752 1648//1752
f 1644//1753 1647//1753 1643//1753
f 1642//1754 1644//1754 1643//1754
f 1647//1755 1648//1755 1646//1755
f 1641//1750 1643//1750 1647//1750
f 1641//1751 1645//1751 1646//1751
f 1644//1756 1642//1756 1646//1756
f 1644//1753 1648//1753 1647//1753
f 1650//1757 1651//1757 1649//1757
f 1655//1758 1654//1758 1653//1758
f 1649//1759 1655//1759 1653//1759
f 1649//1760 1654//1760 1650//1760
f 1652//1761 1654//1761 1656//1761
f 1652//1762 1655//1762 1651//1762
f 1650//1763 1652//1763 1651//1763
f 1655//1764 1656//1764 1654//1764
f 1649//1765 1651//1765 1655//1765
f 1649//1760 1653//1760 1654//1760
f 1652//1761 1650//1761 1654//1761
f 1652//1762 1656//1762 1655//1762
f 1658//1766 1659//1766 1657//1766
f 1663//1767 1662//1767 1661//1767
f 1657//1768 1663//1768 1661//1768
f 1657//1769 1662//1769 1658//1769
f 1660//1770 1662//1770 1664//1770
f 1660//1771 1663//1771 1659//1771
f 1658//1772 1660//1772 1659//1772
f 1663//1773 1664//1773 1662//1773
f 1657//1768 1659//1768 1663//1768
f 1657//1769 1661//1769 1662//1769
f 1660//1770 1658//1770 1662//1770
f 1660//1771 1664//1771 1663//1771
f 1665//1774 1668//1774 1667//1774
f 1669//1775 1672//1775 1670//1775
f 1667//1776 1669//1776 1665//1776
f 1666//1777 1669//1777 1670//1777
f 1666//1778 1672//1778 1668//1778
f 1667//1779 1672//1779 1671//1779
f 1665//1780 1666//1780 1668//1780
f 1669//1781 1671//1781 1672//1781
f 1667//1776 1671//1776 1669//1776
f 1666//1777 1665//1777 1669//1777
f 1666//1778 1670//1778 1672//1778
f 1667//1779 1668//1779 1672//1779
f 1673//1782 1676//1782 1675//1782
f 1677//1783 1680//1783 1678//1783
f 1673//1784 1679//1784 1677//1784
f 1673//1785 1678//1785 1674//1785
f 1676//1786 1678//1786 1680//1786
f 1676//1787 1679//1787 1675//1787
f 1673//1788 1674//1788 1676//1788
f 1677//1789 1679//1789 1680//1789
f 1673//1784 1675//1784 1679//1784
f 1673//1785 1677//1785 1678//1785
f 1676//1786 1674//1786 1678//1786
f 1676//1787 1680//1787 1679//1787
f 1681//1790 1684//1790 1683//1790
f 1685//1791 1688//1791 1686//1791
f 1681//1792 1687//1792 1685//1792
f 1681//1793 1686//1793 1682//1793
f 1684//1794 1686//1794 1688//1794
f 1684//1795 1687//1795 1683//1795
f 1681//1796 1682//1796 1684//1796
f 1685//1797 1687//1797 1688//1797
f 1681//1798 1683//1798 1687//1798
f 1681//1793 1685//1793 1686//1793
f 1684//1794 1682//1794 1686//1794
f 1684//1795 1688//1795 1687//1795
f 1689//1799 1692//1799 1691//1799
f 1693//1800 1696//1800 1694//1800
f 1689//1801 1695//1801 1693//1801
f 1689//1802 1694//1802 1690//1802
f 1692//1803 1694//1803 1696//1803
f 1692//1804 1695//1804 1691//1804
f 1689//1805 1690//1805 1692//1805
f 1693//1806 1695//1806 1696//1806
f 1689//1801 1691//1801 1695//1801
f 1689//1802 1693//1802 1694//1802
f 1692//1803 1690//1803 1694//1803
f 1692//1804 1696//1804 1695//1804
f 1698//1807 1699//1807 1697//1807
f 1703//1808 1702//1808 1701//1808
f 1699//1809 1701//1809 1697//1809
f 1698//1810 1701//1810 1702//1810
f 1698//1811 1704//1811 1700//1811
f 1699//1812 1704//1812 1703//1812
f 1698//1813 1700//1813 1699//1813
f 1703//1814 1704//1814 1702//1814
f 1699//1809 1703//1809 1701//1809
f 1698//1810 1697//1810 1701//1810
f 1698//1811 1702//1811 1704//1811
f 1699//1812 1700//1812 1704//1812
f 1706//1815 1707//1815 1705//1815
f 1711//1816 1710//1816 1709//1816
f 1705//1817 1711//1817 1709//1817
f 1705//1818 1710//1818 1706//1818
f 1708//1819 1710//1819 1712//1819
f 1708//1820 1711//1820 1707//1820
f 1706//1821 1708//1821 1707//1821
f 1711//1822 1712//1822 1710//1822
f 1705//1817 1707//1817 1711//1817
f 1705//1818 1709//1818 1710//1818
f 1708//1823 1706//1823 1710//1823
f 1708//1820 1712//1820 1711//1820
f 1714//1824 1715//1824 1713//1824
f 1719//1825 1718//1825 1717//1825
f 1715//1826 1717//1826 1713//1826
f 1714//1827 1717//1827 1718//1827
f 1714//1828 1720//1828 1716//1828
f 1715//1829 1720//1829 1719//1829
f 1714//1830 1716//1830 1715//1830
f 1719//1831 1720//1831 1718//1831
f 1715//1826 1719//1826 1717//1826
f 1714//1827 1713//1827 1717//1827
f 1714//1828 1718//1828 1720//1828
f 1715//1829 1716//1829 1720//1829
f 1722//1832 1723//1832 1721//1832
f 1727//1833 1726//1833 1725//1833
f 1721//1834 1727//1834 1725//1834
f 1721//1835 1726//1835 1722//1835
f 1724//1836 1726//1836 1728//1836
f 1724//1837 1727//1837 1723//1837
f 1722//1838 1724//1838 1723//1838
f 1727//1839 1728//1839 1726//1839
f 1721//1834 1723//1834 1727//1834
f 1721//1835 1725//1835 1726//1835
f 1724//1836 1722//1836 1726//1836
f 1724//1837 1728//1837 1727//1837
f 1730//1840 1731//1840 1729//1840
f 1735//1841 1734//1841 1733//1841
f 1731//1842 1733//1842 1729//1842
f 1730//1843 1733//1843 1734//1843
f 1730//1844 1736//1844 1732//1844
f 1731//1845 1736//1845 1735//1845
f 1730//1846 1732//1846 1731//1846
f 1735//1847 1736//1847 1734//1847
f 1731//1842 1735//1842 1733//1842
f 1730//1843 1729//1843 1733//1843
f 1730//1844 1734//1844 1736//1844
f 1731//1848 1732//1848 1736//1848
f 1738//1849 1739//1849 1737//1849
f 1743//1850 1742//1850 1741//1850
f 1739//1851 1741//1851 1737//1851
f 1738//1852 1741//1852 1742//1852
f 1738//1853 1744//1853 1740//1853
f 1739//1854 1744//1854 1743//1854
f 1738//1855 1740//1855 1739//1855
f 1743//1856 1744//1856 1742//1856
f 1739//1851 1743//1851 1741//1851
f 1738//1852 1737//1852 1741//1852
f 1738//1853 1742//1853 1744//1853
f 1739//1854 1740//1854 1744//1854
f 1745//1857 1748//1857 1747//1857
f 1749//1858 1752//1858 1750//1858
f 1745//1859 1751//1859 1749//1859
f 1745//1860 1750//1860 1746//1860
f 1748//1861 1750//1861 1752//1861
f 1748//1862 1751//1862 1747//1862
f 1745//1863 1746//1863 1748//1863
f 1749//1864 1751//1864 1752//1864
f 1745//1859 1747//1859 1751//1859
f 1745//1860 1749//1860 1750//1860
f 1748//1861 1746//1861 1750//1861
f 1748//1862 1752//1862 1751//1862
f 1753//1865 1756//1865 1755//1865
f 1757//1866 1760//1866 1758//1866
f 1755//1867 1757//1867 1753//1867
f 1754//1868 1757//1868 1758//1868
f 1754//1869 1760//1869 1756//1869
f 1755//1870 1760//1870 1759//1870
f 1753//1871 1754//1871 1756//1871
f 1757//1872 1759//1872 1760//1872
f 1755//1867 1759//1867 1757//1867
f 1754//1873 1753//1873 1757//1873
f 1754//1869 1758//1869 1760//1869
f 1755//1874 1756//1874 1760//1874
f 1761//1875 1764//1875 1763//1875
f 1765//1876 1768//1876 1766//1876
f 1761//1877 1767//1877 1765//1877
f 1761//1878 1766//1878 1762//1878
f 1764//1879 1766//1879 1768//1879
f 1764//1880 1767//1880 1763//1880
f 1761//1881 1762//1881 1764//1881
f 1765//1882 1767//1882 1768//1882
f 1761//1877 1763//1877 1767//1877
f 1761//1883 1765//1883 1766//1883
f 1764//1879 1762//1879 1766//1879
f 1764//1880 1768//1880 1767//1880
f 1769//1884 1772//1884 1771//1884
f 1773//1885 1776//1885 1774//1885
f 1769//1886 1775//1886 1773//1886
f 1769//1887 1774//1887 1770//1887
f 1772//1888 1774//1888 1776//1888
f 1772//1889 1775//1889 1771//1889
f 1769//1890 1770//1890 1772//1890
f 1773//1891 1775//1891 1776//1891
f 1769//1886 1771//1886 1775//1886
f 1769//1887 1773//1887 1774//1887
f 1772//1888 1770//1888 1774//1888
f 1772//1892 1776//1892 1775//1892
f 1777//1893 1780//1893 1779//1893
f 1781//1894 1784//1894 1782//1894
f 1779//1895 1781//1895 1777//1895
f 1778//1896 1781//1896 1782//1896
f 1778//1897 1784//1897 1780//1897
f 1779//1898 1784//1898 1783//1898
f 1777//1899 1778//1899 1780//1899
f 1781//1900 1783//1900 1784//1900
f 1779//1901 1783//1901 1781//1901
f 1778//1896 1777//1896 1781//1896
f 1778//1897 1782//1897 1784//1897
f 1779//1902 1780//1902 1784//1902
f 1786//1903 1787//1903 1785//1903
f 1791//1904 1790//1904 1789//1904
f 1787//1905 1789//1905 1785//1905
f 1786//1906 1789//1906 1790//1906
f 1786//1907 1792//1907 1788//1907
f 1787//1908 1792//1908 1791//1908
f 1786//1909 1788//1909 1787//1909
f 1791//1910 1792//1910 1790//1910
f 1787//1905 1791//1905 1789//1905
f 1786//1911 1785//1911 1789//1911
f 1786//1907 1790//1907 1792//1907
f 1787//1908 1788//1908 1792//1908
f 1793//1912 1796//1912 1795//1912
f 1797//1913 1800//1913 1798//1913
f 1793//1914 1799//1914 1797//1914
f 1793//1915 1798//1915 1794//1915
f 1796//1916 1798//1916 1800//1916
f 1796//1917 1799//1917 1795//1917
f 1793//1918 1794//1918 1796//1918
f 1797//1919 1799//1919 1800//1919
f 1793//1914 1795//1914 1799//1914
f 1793//1920 1797//1920 1798//1920
f 1796//1916 1794//1916 1798//1916
f 1796//1917 1800//1917 1799//1917
f 1802//1921 1803//1921 1801//1921
f 1807//1922 1806//1922 1805//1922
f 1803//1923 1805//1923 1801//1923
f 1802//1924 1805//1924 1806//1924
f 1802//1925 1808//1925 1804//1925
f 1803//1926 1808//1926 1807//1926
f 1802//1927 1804//1927 1803//1927
f 1807//1928 1808//1928 1806//1928
f 1803//1929 1807//1929 1805//1929
f 1802//1924 1801//1924 1805//1924
f 1802//1925 1806//1925 1808//1925
f 1803//1926 1804//1926 1808//1926
f 1810//1930 1811//1930 1809//1930
f 1815//1931 1814//1931 1813//1931
f 1811//1932 1813//1932 1809//1932
f 1810//1933 1813//1933 1814//1933
f 1810//1934 1816//1934 1812//1934
f 1811//1935 1816//1935 1815//1935
f 1810//1936 1812//1936 1811//1936
f 1815//1937 1816//1937 1814//1937
f 1811//1932 1815//1932 1813//1932
f 1810//1938 1809//1938 1813//1938
f 1810//1939 1814//1939 1816//1939
f 1811//1940 1812//1940 1816//1940
f 1818//1941 1819//1941 1817//1941
f 1823//1942 1822//1942 1821//1942
f 1817//1943 1823//1943 1821//1943
f 1817//1944 1822//1944 1818//1944
f 1820//1945 1822//1945 1824//1945
f 1820//1946 1823//1946 1819//1946
f 1818//1947 1820//1947 1819//1947
f 1823//1948 1824//1948 1822//1948
f 1817//1949 1819//1949 1823//1949
f 1817//1950 1821//1950 1822//1950
f 1820//1945 1818//1945 1822//1945
f 1820//1946 1824//1946 1823//1946
f 1825//1951 1828//1951 1827//1951
f 1829//1952 1832//1952 1830//1952
f 1827//1953 1829//1953 1825//1953
f 1826//1954 1829//1954 1830//1954
f 1826//1955 1832//1955 1828//1955
f 1827//1956 1832//1956 1831//1956
f 1825//1957 1826//1957 1828//1957
f 1829//1958 1831//1958 1832//1958
f 1827//1953 1831//1953 1829//1953
f 1826//1959 1825//1959 1829//1959
f 1826//1955 1830//1955 1832//1955
f 1827//1960 1828//1960 1832//1960
f 1833//1961 1836//1961 1835//1961
f 1837//1962 1840//1962 1838//1962
f 1833//1963 1839//1963 1837//1963
f 1833//1964 1838//1964 1834//1964
f 1836//1965 1838//1965 1840//1965
f 1836//1966 1839//1966 1835//1966
f 1833//1967 1834//1967 1836//1967
f 1837//1968 1839//1968 1840//1968
f 1833//1963 1835//1963 1839//1963
f 1833//1964 1837//1964 1838//1964
f 1836//1965 1834//1965 1838//1965
f 1836//1966 1840//1966 1839//1966
f 1841//1969 1844//1969 1843//1969
f 1845//1970 1848//1970 1846//1970
f 1841//1971 1847//1971 1845//1971
f 1841//1972 1846//1972 1842//1972
f 1844//1973 1846//1973 1848//1973
f 1844//1974 1847//1974 1843//1974
f 1841//1975 1842//1975 1844//1975
f 1845//1976 1847//1976 1848//1976
f 1841//1971 1843//1971 1847//1971
f 1841//1972 1845//1972 1846//1972
f 1844//1973 1842//1973 1846//1973
f 1844//1974 1848//1974 1847//1974
f 1850//1977 1851//1977 1849//1977
f 1855//1978 1854//1978 1853//1978
f 1851//1979 1853//1979 1849//1979
f 1850//1980 1853//1980 1854//1980
f 1850//1981 1856//1981 1852//1981
f 1851//1982 1856//1982 1855//1982
f 1850//1983 1852//1983 1851//1983
f 1855//1984 1856//1984 1854//1984
f 1851//1979 1855//1979 1853//1979
f 1850//1985 1849//1985 1853//1985
f 1850//1981 1854//1981 1856//1981
f 1851//1986 1852//1986 1856//1986
f 1858//1987 1859//1987 1857//1987
f 1863//1988 1862//1988 1861//1988
f 1857//1989 1863//1989 1861//1989
f 1857//1990 1862//1990 1858//1990
f 1860//1991 1862//1991 1864//1991
f 1860//1992 1863//1992 1859//1992
f 1858//1993 1860//1993 1859//1993
f 1863//1994 1864//1994 1862//1994
f 1857//1989 1859//1989 1863//1989
f 1857//1990 1861//1990 1862//1990
f 1860//1991 1858//1991 1862//1991
f 1860//1995 1864//1995 1863//1995
f 1866//1996 1867//1996 1865//1996
f 1871//1997 1870//1997 1869//1997
f 1865//1998 1871//1998 1869//1998
f 1865//1999 1870//1999 1866//1999
f 1868//2000 1870//2000 1872//2000
f 1868//2001 1871//2001 1867//2001
f 1866//2002 1868//2002 1867//2002
f 1871//2003 1872//2003 1870//2003
f 1865//1998 1867//1998 1871//1998
f 1865//1999 1869//1999 1870//1999
f 1868//2000 1866//2000 1870//2000
f 1868//2001 1872//2001 1871//2001
f 1874//2004 1875//2004 1873//2004
f 1879//2005 1878//2005 1877//2005
f 1875//2006 1877//2006 1873//2006
f 1874//2007 1877//2007 1878//2007
f 1874//2008 1880//2008 1876//2008
f 1875//2009 1880//2009 1879//2009
f 1874//2010 1876//2010 1875//2010
f 1879//2011 1880//2011 1878//2011
f 1875//2006 1879//2006 1877//2006
f 1874//2007 1873//2007 1877//2007
f 1874//2008 1878//2008 1880//2008
f 1875//2009 1876//2009 1880//2009
f 1882//2012 1883//2012 1881//2012
f 1887//2013 1886//2013 1885//2013
f 1881//2014 1887//2014 1885//2014
f 1881//2015 1886//2015 1882//2015
f 1884//2016 1886//2016 1888//2016
f 1884//2017 1887//2017 1883//2017
f 1882//2018 1884//2018 1883//2018
f 1887//2019 1888//2019 1886//2019
f 1881//2020 1883//2020 1887//2020
f 1881//2021 1885//2021 1886//2021
f 1884//2016 1882//2016 1886//2016
f 1884//2017 1888//2017 1887//2017
f 1890//2022 1891//2022 1889//2022
f 1895//2023 1894//2023 1893//2023
f 1889//2024 1895//2024 1893//2024
f 1889//2025 1894//2025 1890//2025
f 1892//2026 1894//2026 1896//2026
f 1892//2027 1895//2027 1891//2027
f 1890//2028 1892//2028 1891//2028
f 1895//2029 1896//2029 1894//2029
f 1889//2024 1891//2024 1895//2024
f 1889//2025 1893//2025 1894//2025
f 1892//2026 1890//2026 1894//2026
f 1892//2030 1896//2030 1895//2030
f 1898//2031 1899//2031 1897//2031
f 1903//2032 1902//2032 1901//2032
f 1897//2033 1903//2033 1901//2033
f 1897//2034 1902//2034 1898//2034
f 1900//2035 1902//2035 1904//2035
f 1900//2036 1903//2036 1899//2036
f 1898//2037 1900//2037 1899//2037
f 1903//2038 1904//2038 1902//2038
f 1897//2033 1899//2033 1903//2033
f 1897//2034 1901//2034 1902//2034
f 1900//2035 1898//2035 1902//2035
f 1900//2036 1904//2036 1903//2036
f 1905//2039 1908//2039 1907//2039
f 1909//2040 1912//2040 1910//2040
f 1905//2041 1911//2041 1909//2041
f 1905//2042 1910//2042 1906//2042
f 1908//2043 1910//2043 1912//2043
f 1908//2044 1911//2044 1907//2044
f 1905//2045 1906//2045 1908//2045
f 1909//2046 1911//2046 1912//2046
f 1905//2041 1907//2041 1911//2041
f 1905//2047 1909//2047 1910//2047
f 1908//2043 1906//2043 1910//2043
f 1908//2044 1912//2044 1911//2044
f 1913//2048 1916//2048 1915//2048
f 1917//2049 1920//2049 1918//2049
f 1915//2050 1917//2050 1913//2050
f 1914//2051 1917//2051 1918//2051
f 1914//2052 1920//2052 1916//2052
f 1915//2053 1920//2053 1919//2053
f 1913//2054 1914//2054 1916//2054
f 1917//2055 1919//2055 1920//2055
f 1915//2050 1919//2050 1917//2050
f 1914//2051 1913//2051 1917//2051
f 1914//2052 1918//2052 1920//2052
f 1915//2053 1916//2053 1920//2053
f 1921//2056 1924//2056 1923//2056
f 1925//2057 1928//2057 1926//2057
f 1921//2058 1927//2058 1925//2058
f 1921//2059 1926//2059 1922//2059
f 1924//2060 1926//2060 1928//2060
f 1924//2061 1927//2061 1923//2061
f 1921//2062 1922//2062 1924//2062
f 1925//2063 1927//2063 1928//2063
f 1921//2058 1923//2058 1927//2058
f 1921//2059 1925//2059 1926//2059
f 1924//2060 1922//2060 1926//2060
f 1924//2064 1928//2064 1927//2064
f 1929//2065 1932//2065 1931//2065
f 1933//2066 1936//2066 1934//2066
f 1931//2067 1933//2067 1929//2067
f 1930//2068 1933//2068 1934//2068
f 1930//2069 1936//2069 1932//2069
f 1931//2070 1936//2070 1935//2070
f 1929//2071 1930//2071 1932//2071
f 1933//2072 1935//2072 1936//2072
f 1931//2067 1935//2067 1933//2067
f 1930//2068 1929//2068 1933//2068
f 1930//2069 1934//2069 1936//2069
f 1931//2070 1932//2070 1936//2070
f 1937//2073 1940//2073 1939//2073
f 1941//2074 1944//2074 1942//2074
f 1939//2075 1941//2075 1937//2075
f 1938//2076 1941//2076 1942//2076
f 1938//2077 1944//2077 1940//2077
f 1939//2078 1944//2078 1943//2078
f 1937//2079 1938//2079 1940//2079
f 1941//2080 1943//2080 1944//2080
f 1939//2075 1943//2075 1941//2075
f 1938//2076 1937//2076 1941//2076
f 1938//2077 1942//2077 1944//2077
f 1939//2078 1940//2078 1944//2078
f 1946//2081 1947//2081 1945//2081
f 1951//2082 1950//2082 1949//2082
f 1945//2083 1951//2083 1949//2083
f 1945//2084 1950//2084 1946//2084
f 1948//2085 1950//2085 1952//2085
f 1948//2086 1951//2086 1947//2086
f 1946//2087 1948//2087 1947//2087
f 1951//2088 1952//2088 1950//2088
f 1945//2083 1947//2083 1951//2083
f 1945//2084 1949//2084 1950//2084
f 1948//2085 1946//2085 1950//2085
f 1948//2089 1952//2089 1951//2089
f 1954//2090 1955//2090 1953//2090
f 1959//2091 1958//2091 1957//2091
f 1953//2092 1959//2092 1957//2092
f 1953//2093 1958//2093 1954//2093
f 1956//2094 1958//2094 1960//2094
f 1956//2095 1959//2095 1955//2095
f 1954//2096 1956//2096 1955//2096
f 1959//2097 1960//2097 1958//2097
f 1953//2092 1955//2092 1959//2092
f 1953//2098 1957//2098 1958//2098
f 1956//2094 1954//2094 1958//2094
f 1956//2095 1960//2095 1959//2095
f 1962//2099 1963//2099 1961//2099
f 1967//2100 1966//2100 1965//2100
f 1961//2101 1967//2101 1965//2101
f 1961//2102 1966//2102 1962//2102
f 1964//2103 1966//2103 1968//2103
f 1964//2104 1967//2104 1963//2104
f 1962//2105 1964//2105 1963//2105
f 1967//2106 1968//2106 1966//2106
f 1961//2101 1963//2101 1967//2101
f 1961//2107 1965//2107 1966//2107
f 1964//2103 1962//2103 1966//2103
f 1964//2104 1968//2104 1967//2104
f 1970//2108 1971//2108 1969//2108
f 1975//2109 1974//2109 1973//2109
f 1969//2110 1975//2110 1973//2110
f 1969//2111 1974//2111 1970//2111
f 1972//2112 1974//2112 1976//2112
f 1972//2113 1975//2113 1971//2113
f 1970//2114 1972//2114 1971//2114
f 1975//2115 1976//2115 1974//2115
f 1969//2110 1971//2110 1975//2110
f 1969//2111 1973//2111 1974//2111
f 1972//2112 1970//2112 1974//2112
f 1972//2113 1976//2113 1975//2113
f 1978//2116 1979//2116 1977//2116
f 1983//2117 1982//2117 1981//2117
f 1977//2118 1983//2118 1981//2118
f 1977//2119 1982//2119 1978//2119
f 1980//2120 1982//2120 1984//2120
f 1980//2121 1983//2121 1979//2121
f 1978//2122 1980//2122 1979//2122
f 1983//2123 1984//2123 1982//2123
f 1977//2118 1979//2118 1983//2118
f 1977//2119 1981//2119 1982//2119
f 1980//2120 1978//2120 1982//2120
f 1980//2124 1984//2124 1983//2124
f 1985//2125 1988//2125 1987//2125
f 1989//2126 1992//2126 1990//2126
f 1987//2127 1989//2127 1985//2127
f 1986//2128 1989//2128 1990//2128
f 1986//2129 1992//2129 1988//2129
f 1987//2130 1992//2130 1991//2130
f 1985//2131 1986//2131 1988//2131
f 1989//2132 1991//2132 1992//2132
f 1987//2127 1991//2127 1989//2127
f 1986//2128 1985//2128 1989//2128
f 1986//2133 1990//2133 1992//2133
f 1987//2130 1988//2130 1992//2130
f 1993//2134 1996//2134 1995//2134
f 1997//2135 2000//2135 1998//2135
f 1995//2136 1997//2136 1993//2136
f 1994//2137 1997//2137 1998//2137
f 1994//2138 2000//2138 1996//2138
f 1995//2139 2000//2139 1999//2139
f 1993//2140 1994//2140 1996//2140
f 1997//2141 1999//2141 2000//2141
f 1995//2136 1999//2136 1997//2136
f 1994//2137 1993//2137 1997//2137
f 1994//2138 1998//2138 2000//2138
f 1995//2142 1996//2142 2000//2142
f 2001//2143 2004//2143 2003//2143
f 2005//2144 2008//2144 2006//2144
f 2001//2145 2007//2145 2005//2145
f 2001//2146 2006//2146 2002//2146
f 2004//2147 2006//2147 2008//2147
f 2004//2148 2007//2148 2003//2148
f 2001//2149 2002//2149 2004//2149
f 2005//2150 2007//2150 2008//2150
f 2001//2145 2003//2145 2007//2145
f 2001//2146 2005//2146 2006//2146
f 2004//2147 2002//2147 2006//2147
f 2004//2148 2008//2148 2007//2148
f 2009//2151 2012//2151 2011//2151
f 2013//2152 2016//2152 2014//2152
f 2011//2153 2013//2153 2009//2153
f 2010//2154 2013//2154 2014//2154
f 2010//2155 2016//2155 2012//2155
f 2011//2156 2016//2156 2015//2156
f 2009//2157 2010//2157 2012//2157
f 2013//2158 2015//2158 2016//2158
f 2011//2159 2015//2159 2013//2159
f 2010//2154 2009//2154 2013//2154
f 2010//2155 2014//2155 2016//2155
f 2011//2156 2012//2156 2016//2156
f 2017//2160 2020//2160 2019//2160
f 2021//2161 2024//2161 2022//2161
f 2019//2162 2021//2162 2017//2162
f 2018//2163 2021//2163 2022//2163
f 2018//2164 2024//2164 2020//2164
f 2019//2165 2024//2165 2023//2165
f 2017//2166 2018//2166 2020//2166
f 2021//2167 2023//2167 2024//2167
f 2019//2162 2023//2162 2021//2162
f 2018//2168 2017//2168 2021//2168
f 2018//2164 2022//2164 2024//2164
f 2019//2165 2020//2165 2024//2165
f 2025//2169 2028//2169 2027//2169
f 2029//2170 2032//2170 2030//2170
f 2027//2171 2029//2171 2025//2171
f 2026//2172 2029//2172 2030//2172
f 2026//2173 2032//2173 2028//2173
f 2027//2174 2032//2174 2031//2174
f 2025//2175 2026//2175 2028//2175
f 2029//2176 2031//2176 2032//2176
f 2027//2171 2031//2171 2029//2171
f 2026//2172 2025//2172 2029//2172
f 2026//2173 2030//2173 2032//2173
f 2027//2174 2028//2174 2032//2174
f 2034//2177 2035//2177 2033//2177
f 2039//2178 2038//2178 2037//2178
f 2033//2179 2039//2179 2037//2179
f 2033//2180 2038//2180 2034//2180
f 2036//2181 2038//2181 2040//2181
f 2036//2182 2039//2182 2035//2182
f 2034//2183 2036//2183 2035//2183
f 2039//2184 2040//2184 2038//2184
f 2033//2179 2035//2179 2039//2179
f 2033//2180 2037//2180 2038//2180
f 2036//2181 2034//2181 2038//2181
f 2036//2182 2040//2182 2039//2182
f 2042//2185 2043//2185 2041//2185
f 2047//2186 2046//2186 2045//2186
f 2041//2187 2047//2187 2045//2187
f 2041//2188 2046//2188 2042//2188
f 2044//2189 2046//2189 2048//2189
f 2044//2190 2047//2190 2043//2190
f 2042//2191 2044//2191 2043//2191
f 2047//2192 2048//2192 2046//2192
f 2041//2187 2043//2187 2047//2187
f 2041//2188 2045//2188 2046//2188
f 2044//2189 2042//2189 2046//2189
f 2044//2190 2048//2190 2047//2190
f 2050//2193 2051//2193 2049//2193
f 2055//2194 2054//2194 2053//2194
f 2051//2195 2053//2195 2049//2195
f 2050//2196 2053//2196 2054//2196
f 2050//2197 2056//2197 2052//2197
f 2051//2198 2056//2198 2055//2198
f 2050//2199 2052//2199 2051//2199
f 2055//2200 2056//2200 2054//2200
f 2051//2195 2055//2195 2053//2195
f 2050//2196 2049//2196 2053//2196
f 2050//2201 2054//2201 2056//2201
f 2051//2202 2052//2202 2056//2202
f 2058//2203 2059//2203 2057//2203
f 2063//2204 2062//2204 2061//2204
f 2057//2205 2063//2205 2061//2205
f 2057//2206 2062//2206 2058//2206
f 2060//2207 2062//2207 2064//2207
f 2060//2208 2063//2208 2059//2208
f 2058//2209 2060//2209 2059//2209
f 2063//2210 2064//2210 2062//2210
f 2057//2205 2059//2205 2063//2205
f 2057//2206 2061//2206 2062//2206
f 2060//2211 2058//2211 2062//2211
f 2060//2208 2064//2208 2063//2208
f 2065//2212 2068//2212 2067//2212
f 2069//2213 2072//2213 2070//2213
f 2067//2214 2069//2214 2065//2214
f 2066//2215 2069//2215 2070//2215
f 2066//2216 2072//2216 2068//2216
f 2067//2217 2072//2217 2071//2217
f 2065//2218 2066//2218 2068//2218
f 2069//2219 2071//2219 2072//2219
f 2067//2214 2071//2214 2069//2214
f 2066//2215 2065//2215 2069//2215
f 2066//2216 2070//2216 2072//2216
f 2067//2217 2068//2217 2072//2217
f 2073//2220 2076//2220 2075//2220
f 2077//2221 2080//2221 2078//2221
f 2075//2222 2077//2222 2073//2222
f 2074//2223 2077//2223 2078//2223
f 2074//2224 2080//2224 2076//2224
f 2075//2225 2080//2225 2079//2225
f 2073//2226 2074//2226 2076//2226
f 2077//2227 2079//2227 2080//2227
f 2075//2222 2079//2222 2077//2222
f 2074//2228 2073//2228 2077//2228
f 2074//2224 2078//2224 2080//2224
f 2075//2225 2076//2225 2080//2225
f 2081//2229 2084//2229 2083//2229
f 2085//2230 2088//2230 2086//2230
f 2083//2231 2085//2231 2081//2231
f 2082//2232 2085//2232 2086//2232
f 2082//2233 2088//2233 2084//2233
f 2083//2234 2088//2234 2087//2234
f 2081//2235 2082//2235 2084//2235
f 2085//2236 2087//2236 2088//2236
f 2083//2231 2087//2231 2085//2231
f 2082//2232 2081//2232 2085//2232
f 2082//2233 2086//2233 2088//2233
f 2083//2234 2084//2234 2088//2234
f 2089//2237 2092//2237 2091//2237
f 2093//2238 2096//2238 2094//2238
f 2091//2239 2093//2239 2089//2239
f 2090//2240 2093//2240 2094//2240
f 2090//2241 2096//2241 2092//2241
f 2091//2242 2096//2242 2095//2242
f 2089//2243 2090//2243 2092//2243
f 2093//2244 2095//2244 2096//2244
f 2091//2239 2095//2239 2093//2239
f 2090//2240 2089//2240 2093//2240
f 2090//2245 2094//2245 2096//2245
f 2091//2242 2092//2242 2096//2242
f 2097//2246 2100//2246 2099//2246
f 2101//2247 2104//2247 2102//2247
f 2097//2248 2103//2248 2101//2248
f 2097//2249 2102//2249 2098//2249
f 2100//2250 2102//2250 2104//2250
f 2100//2251 2103//2251 2099//2251
f 2097//2252 2098//2252 2100//2252
f 2101//2253 2103//2253 2104//2253
f 2097//2248 2099//2248 2103//2248
f 2097//2254 2101//2254 2102//2254
f 2100//2250 2098//2250 2102//2250
f 2100//2251 2104//2251 2103//2251
f 2105//2255 2108//2255 2107//2255
f 2109//2256 2112//2256 2110//2256
f 2105//2257 2111//2257 2109//2257
f 2105//2258 2110//2258 2106//2258
f 2108//2259 2110//2259 2112//2259
f 2108//2260 2111//2260 2107//2260
f 2105//2261 2106//2261 2108//2261
f 2109//2262 2111//2262 2112//2262
f 2105//2257 2107//2257 2111//2257
f 2105//2258 2109//2258 2110//2258
f 2108//2259 2106//2259 2110//2259
f 2108//2260 2112//2260 2111//2260
f 2114//2263 2115//2263 2113//2263
f 2119//2264 2118//2264 2117//2264
f 2113//2265 2119//2265 2117//2265
f 2113//2266 2118//2266 2114//2266
f 2116//2267 2118//2267 2120//2267
f 2116//2268 2119//2268 2115//2268
f 2114//2269 2116//2269 2115//2269
f 2119//2270 2120//2270 2118//2270
f 2113//2265 2115//2265 2119//2265
f 2113//2271 2117//2271 2118//2271
f 2116//2267 2114//2267 2118//2267
f 2116//2268 2120//2268 2119//2268
f 2122//2272 2123//2272 2121//2272
f 2127//2273 2126//2273 2125//2273
f 2121//2274 2127//2274 2125//2274
f 2121//2275 2126//2275 2122//2275
f 2124//2276 2126//2276 2128//2276
f 2124//2277 2127//2277 2123//2277
f 2122//2278 2124//2278 2123//2278
f 2127//2279 2128//2279 2126//2279
f 2121//2274 2123//2274 2127//2274
f 2121//2280 2125//2280 2126//2280
f 2124//2276 2122//2276 2126//2276
f 2124//2277 2128//2277 2127//2277
f 2130//2281 2131//2281 2129//2281
f 2135//2282 2134//2282 2133//2282
f 2129//2283 2135//2283 2133//2283
f 2129//2284 2134//2284 2130//2284
f 2132//2285 2134//2285 2136//2285
f 2132//2286 2135//2286 2131//2286
f 2130//2287 2132//2287 2131//2287
f 2135//2288 2136//2288 2134//2288
f 2129//2283 2131//2283 2135//2283
f 2129//2284 2133//2284 2134//2284
f 2132//2285 2130//2285 2134//2285
f 2132//2289 2136//2289 2135//2289
f 2138//2290 2139//2290 2137//2290
f 2143//2291 2142//2291 2141//2291
f 2137//2292 2143//2292 2141//2292
f 2137//2293 2142//2293 2138//2293
f 2140//2294 2142//2294 2144//2294
f 2140//2295 2143//2295 2139//2295
f 2138//2296 2140//2296 2139//2296
f 2143//2297 2144//2297 2142//2297
f 2137//2292 2139//2292 2143//2292
f 2137//2293 2141//2293 2142//2293
f 2140//2298 2138//2298 2142//2298
f 2140//2295 2144//2295 2143//2295
f 2146//2299 2147//2299 2145//2299
f 2151//2300 2150//2300 2149//2300
f 2145//2301 2151//2301 2149//2301
f 2145//2302 2150//2302 2146//2302
f 2148//2303 2150//2303 2152//2303
f 2148//2304 2151//2304 2147//2304
f 2146//2305 2148//2305 2147//2305
f 2151//2306 2152//2306 2150//2306
f 2145//2307 2147//2307 2151//2307
f 2145//2308 2149//2308 2150//2308
f 2148//2303 2146//2303 2150//2303
f 2148//2304 2152//2304 2151//2304
f 2153//2309 2156//2309 2155//2309
f 2157//2310 2160//2310 2158//2310
f 2155//2311 2157//2311 2153//2311
f 2154//2312 2157//2312 2158//2312
f 2154//2313 2160//2313 2156//2313
f 2155//2314 2160//2314 2159//2314
f 2153//2315 2154//2315 2156//2315
f 2157//2316 2159//2316 2160//2316
f 2155//2317 2159//2317 2157//2317
f 2154//2318 2153//2318 2157//2318
f 2154//2313 2158//2313 2160//2313
f 2155//2319 2156//2319 2160//2319
f 2161//2320 2164//2320 2163//2320
f 2165//2321 2168//2321 2166//2321
f 2163//2322 2165//2322 2161//2322
f 2162//2323 2165//2323 2166//2323
f 2162//2324 2168//2324 2164//2324
f 2163//2325 2168//2325 2167//2325
f 2161//2326 2162//2326 2164//2326
f 2165//2327 2167//2327 2168//2327
f 2163//2322 2167//2322 2165//2322
f 2162//2328 2161//2328 2165//2328
f 2162//2324 2166//2324 2168//2324
f 2163//2325 2164//2325 2168//2325
f 2169//2329 2172//2329 2171//2329
f 2173//2330 2176//2330 2174//2330
f 2171//2331 2173//2331 2169//2331
f 2170//2332 2173//2332 2174//2332
f 2170//2333 2176//2333 2172//2333
f 2171//2334 2176//2334 2175//2334
f 2169//2335 2170//2335 2172//2335
f 2173//2336 2175//2336 2176//2336
f 2171//2331 2175//2331 2173//2331
f 2170//2332 2169//2332 2173//2332
f 2170//2333 2174//2333 2176//2333
f 2171//2334 2172//2334 2176//2334
f 2177//2337 2180//2337 2179//2337
f 2181//2338 2184//2338 2182//2338
f 2179//2339 2181//2339 2177//2339
f 2178//2340 2181//2340 2182//2340
f 2178//2341 2184//2341 2180//2341
f 2179//2342 2184//2342 2183//2342
f 2177//2343 2178//2343 2180//2343
f 2181//2344 2183//2344 2184//2344
f 2179//2339 2183//2339 2181//2339
f 2178//2340 2177//2340 2181//2340
f 2178//2341 2182//2341 2184//2341
f 2179//2342 2180//2342 2184//2342
f 2186//2345 2187//2345 2185//2345
f 2191//2346 2190//2346 2189//2346
f 2185//2347 2191//2347 2189//2347
f 2185//2348 2190//2348 2186//2348
f 2188//2349 2190//2349 2192//2349
f 2188//2350 2191//2350 2187//2350
f 2186//2351 2188//2351 2187//2351
f 2191//2352 2192//2352 2190//2352
f 2185//2347 2187//2347 2191//2347
f 2185//2348 2189//2348 2190//2348
f 2188//2349 2186//2349 2190//2349
f 2188//2350 2192//2350 2191//2350
f 2194//2353 2195//2353 2193//2353
f 2199//2354 2198//2354 2197//2354
f 2193//2355 2199//2355 2197//2355
f 2193//2356 2198//2356 2194//2356
f 2196//2357 2198//2357 2200//2357
f 2196//2358 2199//2358 2195//2358
f 2194//2359 2196//2359 2195//2359
f 2199//2360 2200//2360 2198//2360
f 2193//2355 2195//2355 2199//2355
f 2193//2356 2197//2356 2198//2356
f 2196//2361 2194//2361 2198//2361
f 2196//2362 2200//2362 2199//2362
f 2202//2363 2203//2363 2201//2363
f 2207//2364 2206//2364 2205//2364
f 2201//2365 2207//2365 2205//2365
f 2201//2366 2206//2366 2202//2366
f 2204//2367 2206//2367 2208//2367
f 2204//2368 2207//2368 2203//2368
f 2202//2369 2204//2369 2203//2369
f 2207//2370 2208//2370 2206//2370
f 2201//2371 2203//2371 2207//2371
f 2201//2366 2205//2366 2206//2366
f 2204//2367 2202//2367 2206//2367
f 2204//2372 2208//2372 2207//2372
f 2210//2373 2211//2373 2209//2373
f 2215//2374 2214//2374 2213//2374
f 2209//2375 2215//2375 2213//2375
f 2209//2376 2214//2376 2210//2376
f 2212//2377 2214//2377 2216//2377
f 2212//2378 2215//2378 2211//2378
f 2210//2379 2212//2379 2211//2379
f 2215//2380 2216//2380 2214//2380
f 2209//2375 2211//2375 2215//2375
f 2209//2376 2213//2376 2214//2376
f 2212//2377 2210//2377 2214//2377
f 2212//2378 2216//2378 2215//2378
f 2217//2381 2220//2381 2219//2381
f 2221//2382 2224//2382 2222//2382
f 2217//2383 2223//2383 2221//2383
f 2217//2384 2222//2384 2218//2384
f 2220//2385 2222//2385 2224//2385
f 2220//2386 2223//2386 2219//2386
f 2217//2387 2218//2387 2220//2387
f 2221//2388 2223//2388 2224//2388
f 2217//2383 2219//2383 2223//2383
f 2217//2389 2221//2389 2222//2389
f 2220//2385 2218//2385 2222//2385
f 2220//2386 2224//2386 2223//2386
f 2225//2390 2228//2390 2227//2390
f 2229//2391 2232//2391 2230//2391
f 2225//2392 2231//2392 2229//2392
f 2225//2393 2230//2393 2226//2393
f 2228//2394 2230//2394 2232//2394
f 2228//2395 2231//2395 2227//2395
f 2225//2396 2226//2396 2228//2396
f 2229//2397 2231//2397 2232//2397
f 2225//2392 2227//2392 2231//2392
f 2225//2393 2229//2393 2230//2393
f 2228//2394 2226//2394 2230//2394
f 2228//2395 2232//2395 2231//2395
f 2233//2398 2236//2398 2235//2398
f 2237//2399 2240//2399 2238//2399
f 2235//2400 2237//2400 2233//2400
f 2234//2401 2237//2401 2238//2401
f 2234//2402 2240//2402 2236//2402
f 2235//2403 2240//2403 2239//2403
f 2233//2404 2234//2404 2236//2404
f 2237//2405 2239//2405 2240//2405
f 2235//2400 2239//2400 2237//2400
f 2234//2401 2233//2401 2237//2401
f 2234//2402 2238//2402 2240//2402
f 2235//2403 2236//2403 2240//2403
f 2241//2406 2244//2406 2243//2406
f 2245//2407 2248//2407 2246//2407
f 2243//2408 2245//2408 2241//2408
f 2242//2409 2245//2409 2246//2409
f 2242//2410 2248//2410 2244//2410
f 2243//2411 2248//2411 2247//2411
f 2241//2412 2242//2412 2244//2412
f 2245//2413 2247//2413 2248//2413
f 2243//2408 2247//2408 2245//2408
f 2242//2414 2241//2414 2245//2414
f 2242//2410 2246//2410 2248//2410
f 2243//2415 2244//2415 2248//2415
f 2249//2416 2252//2416 2251//2416
f 2253//2417 2256//2417 2254//2417
f 2251//2418 2253//2418 2249//2418
f 2250//2419 2253//2419 2254//2419
f 2250//2420 2256//2420 2252//2420
f 2251//2421 2256//2421 2255//2421
f 2249//2422 2250//2422 2252//2422
f 2253//2423 2255//2423 2256//2423
f 2251//2418 2255//2418 2253//2418
f 2250//2419 2249//2419 2253//2419
f 2250//2420 2254//2420 2256//2420
f 2251//2421 2252//2421 2256//2421
f 2257//2424 2260//2424 2259//2424
f 2261//2425 2264//2425 2262//2425
f 2259//2426 2261//2426 2257//2426
f 2258//2427 2261//2427 2262//2427
f 2258//2428 2264//2428 2260//2428
f 2259//2429 2264//2429 2263//2429
f 2257//2430 2258//2430 2260//2430
f 2261//2431 2263//2431 2264//2431
f 2259//2426 2263//2426 2261//2426
f 2258//2427 2257//2427 2261//2427
f 2258//2432 2262//2432 2264//2432
f 2259//2429 2260//2429 2264//2429
f 5550//5717 5551//5717 5549//5717
f 5553//5718 5556//5718 5554//5718
f 5549//5719 5554//5719 5550//5719
f 5551//5720 5556//5720 5555//5720
f 5551//5721 5553//5721 5549//5721
f 5554//5722 5552//5722 5550//5722
f 5550//5717 5552//5717 5551//5717
f 5553//5718 5555//5718 5556//5718
f 5549//5719 5553//5719 5554//5719
f 5551//5720 5552//5720 5556//5720
f 5551//5721 5555//5721 5553//5721
f 5554//5722 5556//5722 5552//5722
f 5557//5723 5560//5723 5559//5723
f 5561//5724 5564//5724 5562//5724
f 5557//5725 5562//5725 5558//5725
f 5560//5726 5563//5726 5559//5726
f 5559//5727 5561//5727 5557//5727
f 5562//5728 5560//5728 5558//5728
f 5557//5723 5558//5723 5560//5723
f 5561//5724 5563//5724 5564//5724
f 5557//5725 5561//5725 5562//5725
f 5560//5726 5564//5726 5563//5726
f 5559//5727 5563//5727 5561//5727
f 5562//5728 5564//5728 5560//5728
f 5566//5729 5567//5729 5565//5729
f 5571//5730 5570//5730 5569//5730
f 5565//5731 5570//5731 5566//5731
f 5568//5732 5571//5732 5567//5732
f 5565//5733 5571//5733 5569//5733
f 5570//5734 5568//5734 5566//5734
f 5566//5729 5568//5729 5567//5729
f 5571//5730 5572//5730 5570//5730
f 5565//5731 5569//5731 5570//5731
f 5568//5732 5572//5732 5571//5732
f 5565//5733 5567//5733 5571//5733
f 5570//5734 5572//5734 5568//5734
f 5574//5735 5575//5735 5573//5735
f 5579//5736 5578//5736 5577//5736
f 5573//5737 5578//5737 5574//5737
f 5576//5738 5579//5738 5575//5738
f 5575//5739 5577//5739 5573//5739
f 5578//5740 5576//5740 5574//5740
f 5574//5735 5576//5735 5575//5735
f 5579//5736 5580//5736 5578//5736
f 5573//5737 5577//5737 5578//5737
f 5576//5738 5580//5738 5579//5738
f 5575//5741 5579//5741 5577//5741
f 5578//5742 5580//5742 5576//5742
f 5581//5743 5584//5743 5583//5743
f 5587//5744 5586//5744 5585//5744
f 5581//5745 5586//5745 5582//5745
f 5583//5746 5588//5746 5587//5746
f 5583//5747 5585//5747 5581//5747
f 5586//5748 5584//5748 5582//5748
f 5581//5743 5582//5743 5584//5743
f 5587//5744 5588//5744 5586//5744
f 5581//5745 5585//5745 5586//5745
f 5583//5746 5584//5746 5588//5746
f 5583//5747 5587//5747 5585//5747
f 5586//5748 5588//5748 5584//5748
f 5590//5749 5591//5749 5589//5749
f 5595//5750 5594//5750 5593//5750
f 5589//5751 5594//5751 5590//5751
f 5592//5752 5595//5752 5591//5752
f 5589//5753 5595//5753 5593//5753
f 5590//5754 5596//5754 5592//5754
f 5590//5749 5592//5749 5591//5749
f 5595//5750 5596//5750 5594//5750
f 5589//5751 5593//5751 5594//5751
f 5592//5752 5596//5752 5595//5752
f 5589//5753 5591//5753 5595//5753
f 5590//5754 5594//5754 5596//5754
f 5598//5755 5599//5755 5597//5755
f 5601//5756 5604//5756 5602//5756
f 5601//5757 5598//5757 5597//5757
f 5599//5758 5604//5758 5603//5758
f 5597//5759 5603//5759 5601//5759
f 5598//5760 5604//5760 5600//5760
f 5598//5755 5600//5755 5599//5755
f 5601//5756 5603//5756 5604//5756
f 5601//5757 5602//5757 5598//5757
f 5599//5758 5600//5758 5604//5758
f 5597//5759 5599//5759 5603//5759
f 5598//5760 5602//5760 5604//5760
f 5606//5761 5607//5761 5605//5761
f 5611//5762 5610//5762 5609//5762
f 5609//5763 5606//5763 5605//5763
f 5608//5764 5611//5764 5607//5764
f 5605//5765 5611//5765 5609//5765
f 5610//5766 5608//5766 5606//5766
f 5606//5761 5608//5761 5607//5761
f 5611//5762 5612//5762 5610//5762
f 5609//5763 5610//5763 5606//5763
f 5608//5764 5612//5764 5611//5764
f 5605//5765 5607//5765 5611//5765
f 5610//5766 5612//5766 5608//5766
f 5614//5767 5615//5767 5613//5767
f 5619//5768 5618//5768 5617//5768
f 5613//5769 5618//5769 5614//5769
f 5615//5770 5620//5770 5619//5770
f 5615//5771 5617//5771 5613//5771
f 5618//5772 5616//5772 5614//5772
f 5614//5767 5616//5767 5615//5767
f 5619//5768 5620//5768 5618//5768
f 5613//5769 5617//5769 5618//5769
f 5615//5770 5616//5770 5620//5770
f 5615//5771 5619//5771 5617//5771
f 5618//5772 5620//5772 5616//5772
f 5622//5773 5623//5773 5621//5773
f 5625//5774 5628//5774 5626//5774
f 5625//5775 5622//5775 5621//5775
f 5623//5776 5628//5776 5627//5776
f 5621//5777 5627//5777 5625//5777
f 5626//5778 5624//5778 5622//5778
f 5622//5773 5624//5773 5623//5773
f 5625//5779 5627//5779 5628//5779
f 5625//5775 5626//5775 5622//5775
f 5623//5776 5624//5776 5628//5776
f 5621//5777 5623//5777 5627//5777
f 5626//5778 5628//5778 5624//5778
f 5630//5780 5631//5780 5629//5780
f 5635//5781 5634//5781 5633//5781
f 5629//5782 5634//5782 5630//5782
f 5632//5783 5635//5783 5631//5783
f 5631//5784 5633//5784 5629//5784
f 5634//5785 5632//5785 5630//5785
f 5630//5780 5632//5780 5631//5780
f 5635//5781 5636//5781 5634//5781
f 5629//5782 5633//5782 5634//5782
f 5632//5783 5636//5783 5635//5783
f 5631//5784 5635//5784 5633//5784
f 5634//5785 5636//5785 5632//5785
f 5638//5786 5639//5786 5637//5786
f 5643//5787 5642//5787 5641//5787
f 5637//5788 5642//5788 5638//5788
f 5639//5789 5644//5789 5643//5789
f 5639//5790 5641//5790 5637//5790
f 5642//5791 5640//5791 5638//5791
f 5638//5786 5640//5786 5639//5786
f 5643//5787 5644//5787 5642//5787
f 5637//5788 5641//5788 5642//5788
f 5639//5789 5640//5789 5644//5789
f 5639//5790 5643//5790 5641//5790
f 5642//5791 5644//5791 5640//5791
f 5646//5792 5647//5792 5645//5792
f 5649//5793 5652//5793 5650//5793
f 5649//5794 5646//5794 5645//5794
f 5647//5795 5652//5795 5651//5795
f 5647//5796 5649//5796 5645//5796
f 5650//5797 5648//5797 5646//5797
f 5646//5792 5648//5792 5647//5792
f 5649//5798 5651//5798 5652//5798
f 5649//5794 5650//5794 5646//5794
f 5647//5795 5648//5795 5652//5795
f 5647//5796 5651//5796 5649//5796
f 5650//5797 5652//5797 5648//5797
f 5653//5799 5656//5799 5655//5799
f 5659//5800 5658//5800 5657//5800
f 5657//5801 5654//5801 5653//5801
f 5656//5802 5659//5802 5655//5802
f 5655//5803 5657//5803 5653//5803
f 5658//5804 5656//5804 5654//5804
f 5653//5799 5654//5799 5656//5799
f 5659//5800 5660//5800 5658//5800
f 5657//5801 5658//5801 5654//5801
f 5656//5802 5660//5802 5659//5802
f 5655//5803 5659//5803 5657//5803
f 5658//5804 5660//5804 5656//5804
f 5662//5805 5663//5805 5661//5805
f 5667//5806 5666//5806 5665//5806
f 5661//5807 5666//5807 5662//5807
f 5663//5808 5668//5808 5667//5808
f 5661//5809 5667//5809 5665//5809
f 5666//5810 5664//5810 5662//5810
f 5662//5805 5664//5805 5663//5805
f 5667//5806 5668//5806 5666//5806
f 5661//5807 5665//5807 5666//5807
f 5663//5808 5664//5808 5668//5808
f 5661//5809 5663//5809 5667//5809
f 5666//5810 5668//5810 5664//5810
f 5669//5811 5672//5811 5671//5811
f 5673//5812 5676//5812 5674//5812
f 5669//5813 5674//5813 5670//5813
f 5672//5814 5675//5814 5671//5814
f 5669//5815 5675//5815 5673//5815
f 5674//5816 5672//5816 5670//5816
f 5669//5811 5670//5811 5672//5811
f 5673//5812 5675//5812 5676//5812
f 5669//5813 5673//5813 5674//5813
f 5672//5814 5676//5814 5675//5814
f 5669//5815 5671//5815 5675//5815
f 5674//5816 5676//5816 5672//5816
f 5678//5817 5679//5817 5677//5817
f 5683//5818 5682//5818 5681//5818
f 5677//5819 5682//5819 5678//5819
f 5680//5820 5683//5820 5679//5820
f 5679//5821 5681//5821 5677//5821
f 5682//5822 5680//5822 5678//5822
f 5678//5817 5680//5817 5679//5817
f 5683//5818 5684//5818 5682//5818
f 5677//5819 5681//5819 5682//5819
f 5680//5820 5684//5820 5683//5820
f 5679//5821 5683//5821 5681//5821
f 5682//5822 5684//5822 5680//5822
f 5685//5823 5688//5823 5687//5823
f 5691//5824 5690//5824 5689//5824
f 5685//5825 5690//5825 5686//5825
f 5688//5826 5691//5826 5687//5826
f 5687//5827 5689//5827 5685//5827
f 5690//5828 5688//5828 5686//5828
f 5685//5823 5686//5823 5688//5823
f 5691//5824 5692//5824 5690//5824
f 5685//5825 5689//5825 5690//5825
f 5688//5826 5692//5826 5691//5826
f 5687//5827 5691//5827 5689//5827
f 5690//5828 5692//5828 5688//5828
f 5693//5829 5696//5829 5695//5829
f 5699//5830 5698//5830 5697//5830
f 5693//5831 5698//5831 5694//5831
f 5695//5832 5700//5832 5699//5832
f 5693//5833 5699//5833 5697//5833
f 5698//5834 5696//5834 5694//5834
f 5693//5829 5694//5829 5696//5829
f 5699//5830 5700//5830 5698//5830
f 5693//5831 5697//5831 5698//5831
f 5695//5832 5696//5832 5700//5832
f 5693//5833 5695//5833 5699//5833
f 5698//5834 5700//5834 5696//5834
f 5701//5835 5704//5835 5703//5835
f 5707//5836 5706//5836 5705//5836
f 5705//5837 5702//5837 5701//5837
f 5704//5838 5707//5838 5703//5838
f 5703//5839 5705//5839 5701//5839
f 5702//5840 5708//5840 5704//5840
f 5701//5835 5702//5835 5704//5835
f 5707//5836 5708//5836 5706//5836
f 5705//5837 5706//5837 5702//5837
f 5704//5838 5708//5838 5707//5838
f 5703//5839 5707//5839 5705//5839
f 5702//5840 5706//5840 5708//5840
f 5709//5841 5712//5841 5711//5841
f 5715//5842 5714//5842 5713//5842
f 5713//5843 5710//5843 5709//5843
f 5711//5844 5716//5844 5715//5844
f 5711//5845 5713//5845 5709//5845
f 5714//5846 5712//5846 5710//5846
f 5709//5841 5710//5841 5712//5841
f 5715//5842 5716//5842 5714//5842
f 5713//5843 5714//5843 5710//5843
f 5711//5844 5712//5844 5716//5844
f 5711//5845 5715//5845 5713//5845
f 5714//5846 5716//5846 5712//5846
f 5717//5847 5720//5847 5719//5847
f 5723//5848 5722//5848 5721//5848
f 5717//5849 5722//5849 5718//5849
f 5720//5850 5723//5850 5719//5850
f 5719//5851 5721//5851 5717//5851
f 5718//5852 5724//5852 5720//5852
f 5717//5847 5718//5847 5720//5847
f 5723//5848 5724//5848 5722//5848
f 5717//5849 5721//5849 5722//5849
f 5720//5850 5724//5850 5723//5850
f 5719//5851 5723//5851 5721//5851
f 5718//5852 5722//5852 5724//5852
f 5726//5853 5727//5853 5725//5853
f 5731//5854 5730//5854 5729//5854
f 5725//5855 5730//5855 5726//5855
f 5728//5856 5731//5856 5727//5856
f 5727//5857 5729//5857 5725//5857
f 5730//5858 5728//5858 5726//5858
f 5726//5853 5728//5853 5727//5853
f 5731//5854 5732//5854 5730//5854
f 5725//5855 5729//5855 5730//5855
f 5728//5856 5732//5856 5731//5856
f 5727//5857 5731//5857 5729//5857
f 5730//5858 5732//5858 5728//5858
f 5734//5859 5735//5859 5733//5859
f 5739//5860 5738//5860 5737//5860
f 5737//5861 5734//5861 5733//5861
f 5736//5862 5739//5862 5735//5862
f 5735//5863 5737//5863 5733//5863
f 5734//5864 5740//5864 5736//5864
f 5734//5859 5736//5859 5735//5859
f 5739//5860 5740//5860 5738//5860
f 5737//5861 5738//5861 5734//5861
f 5736//5862 5740//5862 5739//5862
f 5735//5863 5739//5863 5737//5863
f 5734//5864 5738//5864 5740//5864
f 5742//5865 5743//5865 5741//5865
f 5747//5866 5746//5866 5745//5866
f 5745//5867 5742//5867 5741//5867
f 5744//5868 5747//5868 5743//5868
f 5741//5869 5747//5869 5745//5869
f 5742//5870 5748//5870 5744//5870
f 5742//5865 5744//5865 5743//5865
f 5747//5866 5748//5866 5746//5866
f 5745//5867 5746//5867 5742//5867
f 5744//5868 5748//5868 5747//5868
f 5741//5869 5743//5869 5747//5869
f 5742//5870 5746//5870 5748//5870
f 5750//5871 5751//5871 5749//5871
f 5755//5872 5754//5872 5753//5872
f 5753//5873 5750//5873 5749//5873
f 5752//5874 5755//5874 5751//5874
f 5749//5875 5755//5875 5753//5875
f 5754//5876 5752//5876 5750//5876
f 5750//5871 5752//5871 5751//5871
f 5755//5872 5756//5872 5754//5872
f 5753//5873 5754//5873 5750//5873
f 5752//5874 5756//5874 5755//5874
f 5749//5875 5751//5875 5755//5875
f 5754//5876 5756//5876 5752//5876
f 5758//5877 5759//5877 5757//5877
f 5763//5878 5762//5878 5761//5878
f 5761//5879 5758//5879 5757//5879
f 5759//5880 5764//5880 5763//5880
f 5759//5881 5761//5881 5757//5881
f 5762//5882 5760//5882 5758//5882
f 5758//5877 5760//5877 5759//5877
f 5763//5878 5764//5878 5762//5878
f 5761//5879 5762//5879 5758//5879
f 5759//5880 5760//5880 5764//5880
f 5759//5881 5763//5881 5761//5881
f 5762//5882 5764//5882 5760//5882
f 5765//5883 5768//5883 5767//5883
f 5769//5884 5772//5884 5770//5884
f 5765//5885 5770//5885 5766//5885
f 5768//5886 5771//5886 5767//5886
f 5767//5887 5769//5887 5765//5887
f 5766//5888 5772//5888 5768//5888
f 5765//5883 5766//5883 5768//5883
f 5769//5884 5771//5884 5772//5884
f 5765//5885 5769//5885 5770//5885
f 5768//5886 5772//5886 5771//5886
f 5767//5887 5771//5887 5769//5887
f 5766//5888 5770//5888 5772//5888
f 5774//5889 5775//5889 5773//5889
f 5779//5890 5778//5890 5777//5890
f 5777//5891 5774//5891 5773//5891
f 5775//5892 5780//5892 5779//5892
f 5775//5893 5777//5893 5773//5893
f 5778//5894 5776//5894 5774//5894
f 5774//5889 5776//5889 5775//5889
f 5779//5890 5780//5890 5778//5890
f 5777//5891 5778//5891 5774//5891
f 5775//5892 5776//5892 5780//5892
f 5775//5893 5779//5893 5777//5893
f 5778//5894 5780//5894 5776//5894
f 5782//5895 5783//5895 5781//5895
f 5787//5896 5786//5896 5785//5896
f 5781//5897 5786//5897 5782//5897
f 5784//5898 5787//5898 5783//5898
f 5783//5899 5785//5899 5781//5899
f 5786//5900 5784//5900 5782//5900
f 5782//5895 5784//5895 5783//5895
f 5787//5896 5788//5896 5786//5896
f 5781//5897 5785//5897 5786//5897
f 5784//5898 5788//5898 5787//5898
f 5783//5899 5787//5899 5785//5899
f 5786//5900 5788//5900 5784//5900
f 5789//5901 5792//5901 5791//5901
f 5793//5902 5796//5902 5794//5902
f 5789//5903 5794//5903 5790//5903
f 5792//5904 5795//5904 5791//5904
f 5789//5905 5795//5905 5793//5905
f 5790//5906 5796//5906 5792//5906
f 5789//5901 5790//5901 5792//5901
f 5793//5902 5795//5902 5796//5902
f 5789//5903 5793//5903 5794//5903
f 5792//5904 5796//5904 5795//5904
f 5789//5905 5791//5905 5795//5905
f 5790//5906 5794//5906 5796//5906
f 5798//5907 5799//5907 5797//5907
f 5803//5908 5802//5908 5801//5908
f 5797//5909 5802//5909 5798//5909
f 5800//5910 5803//5910 5799//5910
f 5799//5911 5801//5911 5797//5911
f 5798//5912 5804//5912 5800//5912
f 5798//5907 5800//5907 5799//5907
f 5803//5908 5804//5908 5802//5908
f 5797//5909 5801//5909 5802//5909
f 5800//5910 5804//5910 5803//5910
f 5799//5911 5803//5911 5801//5911
f 5798//5912 5802//5912 5804//5912
f 5805//5913 5808//5913 5807//5913
f 5809//5914 5812//5914 5810//5914
f 5809//5915 5806//5915 5805//5915
f 5808//5916 5811//5916 5807//5916
f 5807//5917 5809//5917 5805//5917
f 5810//5918 5808//5918 5806//5918
f 5805//5913 5806//5913 5808//5913
f 5809//5914 5811//5914 5812//5914
f 5809//5915 5810//5915 5806//5915
f 5808//5916 5812//5916 5811//5916
f 5807//5917 5811//5917 5809//5917
f 5810//5918 5812//5918 5808//5918
f 5814//5919 5815//5919 5813//5919
f 5819//5920 5818//5920 5817//5920
f 5817//5921 5814//5921 5813//5921
f 5815//5922 5820//5922 5819//5922
f 5815//5923 5817//5923 5813//5923
f 5818//5924 5816//5924 5814//5924
f 5814//5919 5816//5919 5815//5919
f 5819//5920 5820//5920 5818//5920
f 5817//5921 5818//5921 5814//5921
f 5815//5922 5816//5922 5820//5922
f 5815//5923 5819//5923 5817//5923
f 5818//5924 5820//5924 5816//5924
f 5822//5925 5823//5925 5821//5925
f 5827//5926 5826//5926 5825//5926
f 5825//5927 5822//5927 5821//5927
f 5823//5928 5828//5928 5827//5928
f 5823//5929 5825//5929 5821//5929
f 5826//5930 5824//5930 5822//5930
f 5822//5925 5824//5925 5823//5925
f 5827//5926 5828//5926 5826//5926
f 5825//5927 5826//5927 5822//5927
f 5823//5928 5824//5928 5828//5928
f 5823//5929 5827//5929 5825//5929
f 5826//5930 5828//5930 5824//5930
f 5829//5931 5832//5931 5831//5931
f 5833//5932 5836//5932 5834//5932
f 5833//5933 5830//5933 5829//5933
f 5832//5934 5835//5934 5831//5934
f 5829//5935 5835//5935 5833//5935
f 5834//5936 5832//5936 5830//5936
f 5829//5931 5830//5931 5832//5931
f 5833//5932 5835//5932 5836//5932
f 5833//5933 5834//5933 5830//5933
f 5832//5934 5836//5934 5835//5934
f 5829//5935 5831//5935 5835//5935
f 5834//5936 5836//5936 5832//5936
f 5838//5937 5839//5937 5837//5937
f 5843//5938 5842//5938 5841//5938
f 5841//5939 5838//5939 5837//5939
f 5840//5940 5843//5940 5839//5940
f 5837//5941 5843//5941 5841//5941
f 5838//5942 5844//5942 5840//5942
f 5838//5937 5840//5937 5839//5937
f 5843//5943 5844//5943 5842//5943
f 5841//5939 5842//5939 5838//5939
f 5840//5940 5844//5940 5843//5940
f 5837//5941 5839//5941 5843//5941
f 5838//5942 5842//5942 5844//5942
f 5846//5944 5847//5944 5845//5944
f 5851//5945 5850//5945 5849//5945
f 5849//5946 5846//5946 5845//5946
f 5848//5947 5851//5947 5847//5947
f 5847//5948 5849//5948 5845//5948
f 5850//5949 5848//5949 5846//5949
f 5846//5944 5848//5944 5847//5944
f 5851//5945 5852//5945 5850//5945
f 5849//5946 5850//5946 5846//5946
f 5848//5947 5852//5947 5851//5947
f 5847//5948 5851//5948 5849//5948
f 5850//5949 5852//5949 5848//5949
usemtl steel
s 1
f 2265//2433 2274//2442 2273//2441
f 2266//2434 2275//2443 2274//2442
f 2267//2435 2276//2444 2275//2443
f 2268//2436 2277//2445 2276//2444
f 2270//2438 2277//2445 2269//2437
f 2271//2439 2278//2446 2270//2438
f 2272//2440 2279//2447 2271//2439
f 2265//2433 2280//2448 2272//2440
f 2273//2441 2282//2450 2281//2449
f 2274//2442 2283//2451 2282//2450
f 2275//2443 2284//2452 2283//2451
f 2276//2444 2285//2453 2284//2452
f 2278//2446 2285//2453 2277//2445
f 2279//2447 2286//2454 2278//2446
f 2280//2448 2287//2455 2279//2447
f 2273//2441 2288//2456 2280//2448
f 2281//2449 2290//2458 2289//2457
f 2282//2450 2291//2459 2290//2458
f 2283//2451 2292//2460 2291//2459
f 2284//2452 2293//2461 2292//2460
f 2286//2454 2293//2461 2285//2453
f 2287//2455 2294//2462 2286//2454
f 2288//2456 2295//2463 2287//2455
f 2281//2449 2296//2464 2288//2456
f 2289//2457 2298//2466 2297//2465
f 2290//2458 2299//2467 2298//2466
f 2291//2459 2300//2468 2299//2467
f 2292//2460 2301//2469 2300//2468
f 2294//2462 2301//2469 2293//2461
f 2295//2463 2302//2470 2294//2462
f 2296//2464 2303//2471 2295//2463
f 2289//2457 2304//2472 2296//2464
f 2297//2465 2306//2474 2305//2473
f 2298//2466 2307//2475 2306//2474
f 2299//2467 2308//2476 2307//2475
f 2300//2468 2309//2477 2308//2476
f 2302//2470 2309//2477 2301//2469
f 2303//2471 2310//2478 2302//2470
f 2304//2472 2311//2479 2303//2471
f 2297//2465 2312//2480 2304//2472
f 2305//2473 2314//2482 2313//2481
f 2306//2474 2315//2483 2314//2482
f 2307//2475 2316//2484 2315//2483
f 2308//2476 2317//2485 2316//2484
f 2310//2478 2317//2485 2309//2477
f 2311//2479 2318//2486 2310//2478
f 2312//2480 2319//2487 2311//2479
f 2305//2473 2320//2488 2312//2480
f 2313//2481 2322//2490 2321//2489
f 2314//2482 2323//2491 2322//2490
f 2315//2483 2324//2492 2323//2491
f 2316//2484 2325//2493 2324//2492
f 2318//2486 2325//2493 2317//2485
f 2319//2487 2326//2494 2318//2486
f 2320//2488 2327//2495 2319//2487
f 2313//2481 2328//2496 2320//2488
f 2321//2489 2330//2498 2329//2497
f 2322//2490 2331//2499 2330//2498
f 2323//2491 2332//2500 2331//2499
f 2324//2492 2333//2501 2332//2500
f 2326//2494 2333//2501 2325//2493
f 2327//2495 2334//2502 2326//2494
f 2328//2496 2335//2503 2327//2495
f 2321//2489 2336//2504 2328//2496
f 2329//2497 2338//2506 2337//2505
f 2330//2498 2339//2507 2338//2506
f 2331//2499 2340//2508 2339//2507
f 2332//2500 2341//2509 2340//2508
f 2334//2502 2341//2509 2333//2501
f 2335//2503 2342//2510 2334//2502
f 2336//2504 2343//2511 2335//2503
f 2329//2497 2344//2512 2336//2504
f 2337//2505 2346//2514 2345//2513
f 2338//2506 2347//2515 2346//2514
f 2339//2507 2348//2516 2347//2515
f 2340//2508 2349//2517 2348//2516
f 2342//2510 2349//2517 2341//2509
f 2343//2511 2350//2518 2342//2510
f 2344//2512 2351//2519 2343//2511
f 2337//2505 2352//2520 2344//2512
f 2346//2514 2353//2521 2345//2513
f 2347//2515 2354//2522 2346//2514
f 2348//2516 2355//2523 2347//2515
f 2349//2517 2356//2524 2348//2516
f 2349//2517 2358//2526 2357//2525
f 2350//2518 2359//2527 2358//2526
f 2351//2519 2360//2528 2359//2527
f 2352//2520 2353//2521 2360//2528
f 2354//2522 2361//2529 2353//2521
f 2355//2523 2362//2530 2354//2522
f 2356//2524 2363//2531 2355//2523
f 2357//2525 2364//2532 2356//2524
f 2357//2525 2366//2534 2365//2533
f 2358//2526 2367//2535 2366//2534
f 2359//2527 2368//2536 2367//2535
f 2360//2528 2361//2529 2368//2536
f 2362//2530 2369//2537 2361//2529
f 2363//2531 2370//2538 2362//2530
f 2364//2532 2371//2539 2363//2531
f 2365//2533 2372//2540 2364//2532
f 2365//2533 2374//2542 2373//2541
f 2366//2534 2375//2543 2374//2542
f 2367//2535 2376//2544 2375//2543
f 2368//2536 2369//2537 2376//2544
f 2370//2538 2377//2545 2369//2537
f 2371//2539 2378//2546 2370//2538
f 2372//2540 2379//2547 2371//2539
f 2373//2541 2380//2548 2372//2540
f 2373//2541 2382//2550 2381//2549
f 2374//2542 2383//2551 2382//2550
f 2375//2543 2384//2552 2383//2551
f 2376//2544 2377//2545 2384//2552
f 2378//2546 2385//2553 2377//2545
f 2379//2547 2386//2554 2378//2546
f 2380//2548 2387//2555 2379//2547
f 2381//2549 2388//2556 2380//2548
f 2381//2549 2390//2558 2389//2557
f 2382//2550 2391//2559 2390//2558
f 2383//2551 2392//2560 2391//2559
f 2384//2552 2385//2553 2392//2560
f 2386//2554 2393//2561 2385//2553
f 2387//2555 2394//2562 2386//2554
f 2388//2556 2395//2563 2387//2555
f 2389//2557 2396//2564 2388//2556
f 2389//2557 2398//2566 2397//2565
f 2390//2558 2399//2567 2398//2566
f 2391//2559 2400//2568 2399//2567
f 2392//2560 2393//2561 2400//2568
f 2394//2562 2401//2569 2393//2561
f 2395//2563 2402//2570 2394//2562
f 2396//2564 2403//2571 2395//2563
f 2397//2565 2404//2572 2396//2564
f 2397//2565 2406//2574 2405//2573
f 2398//2566 2407//2575 2406//2574
f 2399//2567 2408//2576 2407//2575
f 2400//2568 2401//2569 2408//2576
f 2402//2570 2409//2577 2401//2569
f 2403//2571 2410//2578 2402//2570
f 2404//2572 2411//2579 2403//2571
f 2405//2573 2412//2580 2404//2572
f 2405//2573 2414//2582 2413//2581
f 2406//2574 2415//2583 2414//2582
f 2407//2575 2416//2584 2415//2583
f 2408//2576 2409//2577 2416//2584
f 2410//2578 2417//2585 2409//2577
f 2411//2579 2418//2586 2410//2578
f 2412//2580 2419//2587 2411//2579
f 2413//2581 2420//2588 2412//2580
f 2413//2581 2422//2590 2421//2589
f 2414//2582 2423//2591 2422//2590
f 2415//2583 2424//2592 2423//2591
f 2416//2584 2417//2585 2424//2592
f 2418//2586 2425//2593 2417//2585
f 2419//2587 2426//2594 2418//2586
f 2420//2588 2427//2595 2419//2587
f 2421//2589 2428//2596 2420//2588
f 2421//2589 2430//2598 2429//2597
f 2422//2590 2431//2599 2430//2598
f 2423//2591 2432//2600 2431//2599
f 2424//2592 2425//2593 2432//2600
f 2433//2601 2266//2434 2265//2433
f 2434//2602 2425//2593 2426//2594
f 2433//2601 2267//2435 2266//2434
f 2434//2602 2426//2594 2427//2595
f 2433//2601 2268//2436 2267//2435
f 2434//2602 2427//2595 2428//2596
f 2433//2601 2269//2437 2268//2436
f 2434//2602 2428//2596 2429//2597
f 2433//2601 2270//2438 2269//2437
f 2434//2602 2429//2597 2430//2598
f 2433//2601 2271//2439 2270//2438
f 2434//2602 2430//2598 2431//2599
f 2433//2601 2272//2440 2271//2439
f 2434//2602 2431//2599 2432//2600
f 2433//2601 2265//2433 2272//2440
f 2434//2602 2432//2600 2425//2593
f 2265//2433 2266//2434 2274//2442
f 2266//2434 2267//2435 2275//2443
f 2267//2435 2268//2436 2276//2444
f 2268//2436 2269//2437 2277//2445
f 2270//2438 2278//2446 2277//2445
f 2271//2439 2279//2447 2278//2446
f 2272//2440 2280//2448 2279//2447
f 2265//2433 2273//2441 2280//2448
f 2273//2441 2274//2442 2282//2450
f 2274//2442 2275//2443 2283//2451
f 2275//2443 2276//2444 2284//2452
f 2276//2444 2277//2445 2285//2453
f 2278//2446 2286//2454 2285//2453
f 2279//2447 2287//2455 2286//2454
f 2280//2448 2288//2456 2287//2455
f 2273//2441 2281//2449 2288//2456
f 2281//2449 2282//2450 2290//2458
f 2282//2450 2283//2451 2291//2459
f 2283//2451 2284//2452 2292//2460
f 2284//2452 2285//2453 2293//2461
f 2286//2454 2294//2462 2293//2461
f 2287//2455 2295//2463 2294//2462
f 2288//2456 2296//2464 2295//2463
f 2281//2449 2289//2457 2296//2464
f 2289//2457 2290//2458 2298//2466
f 2290//2458 2291//2459 2299//2467
f 2291//2459 2292//2460 2300//2468
f 2292//2460 2293//2461 2301//2469
f 2294//2462 2302//2470 2301//2469
f 2295//2463 2303//2471 2302//2470
f 2296//2464 2304//2472 2303//2471
f 2289//2457 2297//2465 2304//2472
f 2297//2465 2298//2466 2306//2474
f 2298//2466 2299//2467 2307//2475
f 2299//2467 2300//2468 2308//2476
f 2300//2468 2301//2469 2309//2477
f 2302//2470 2310//2478 2309//2477
f 2303//2471 2311//2479 2310//2478
f 2304//2472 2312//2480 2311//2479
f 2297//2465 2305//2473 2312//2480
f 2305//2473 2306//2474 2314//2482
f 2306//2474 2307//2475 2315//2483
f 2307//2475 2308//2476 2316//2484
f 2308//2476 2309//2477 2317//2485
f 2310//2478 2318//2486 2317//2485
f 2311//2479 2319//2487 2318//2486
f 2312//2480 2320//2488 2319//2487
f 2305//2473 2313//2481 2320//2488
f 2313//2481 2314//2482 2322//2490
f 2314//2482 2315//2483 2323//2491
f 2315//2483 2316//2484 2324//2492
f 2316//2484 2317//2485 2325//2493
f 2318//2486 2326//2494 2325//2493
f 2319//2487 2327//2495 2326//2494
f 2320//2488 2328//2496 2327//2495
f 2313//2481 2321//2489 2328//2496
f 2321//2489 2322//2490 2330//2498
f 2322//2490 2323//2491 2331//2499
f 2323//2491 2324//2492 2332//2500
f 2324//2492 2325//2493 2333//2501
f 2326//2494 2334//2502 2333//2501
f 2327//2495 2335//2503 2334//2502
f 2328//2496 2336//2504 2335//2503
f 2321//2489 2329//2497 2336//2504
f 2329//2497 2330//2498 2338//2506
f 2330//2498 2331//2499 2339//2507
f 2331//2499 2332//2500 2340//2508
f 2332//2500 2333//2501 2341//2509
f 2334//2502 2342//2510 2341//2509
f 2335//2503 2343//2511 2342//2510
f 2336//2504 2344//2512 2343//2511
f 2329//2497 2337//2505 2344//2512
f 2337//2505 2338//2506 2346//2514
f 2338//2506 2339//2507 2347//2515
f 2339//2507 2340//2508 2348//2516
f 2340//2508 2341//2509 2349//2517
f 2342//2510 2350//2518 2349//2517
f 2343//2511 2351//2519 2350//2518
f 2344//2512 2352//2520 2351//2519
f 2337//2505 2345//2513 2352//2520
f 2346//2514 2354//2522 2353//2521
f 2347//2515 2355//2523 2354//2522
f 2348//2516 2356//2524 2355//2523
f 2349//2517 2357//2525 2356//2524
f 2349//2517 2350//2518 2358//2526
f 2350//2518 2351//2519 2359//2527
f 2351//2519 2352//2520 2360//2528
f 2352//2520 2345//2513 2353//2521
f 2354//2522 2362//2530 2361//2529
f 2355//2523 2363//2531 2362//2530
f 2356//2524 2364//2532 2363//2531
f 2357//2525 2365//2533 2364//2532
f 2357//2525 2358//2526 2366//2534
f 2358//2526 2359//2527 2367//2535
f 2359//2527 2360//2528 2368//2536
f 2360//2528 2353//2521 2361//2529
f 2362//2530 2370//2538 2369//2537
f 2363//2531 2371//2539 2370//2538
f 2364//2532 2372//2540 2371//2539
f 2365//2533 2373//2541 2372//2540
f 2365//2533 2366//2534 2374//2542
f 2366//2534 2367//2535 2375//2543
f 2367//2535 2368//2536 2376//2544
f 2368//2536 2361//2529 2369//2537
f 2370//2538 2378//2546 2377//2545
f 2371//2539 2379//2547 2378//2546
f 2372//2540 2380//2548 2379//2547
f 2373//2541 2381//2549 2380//2548
f 2373//2541 2374//2542 2382//2550
f 2374//2542 2375//2543 2383//2551
f 2375//2543 2376//2544 2384//2552
f 2376//2544 2369//2537 2377//2545
f 2378//2546 2386//2554 2385//2553
f 2379//2547 2387//2555 2386//2554
f 2380//2548 2388//2556 2387//2555
f 2381//2549 2389//2557 2388//2556
f 2381//2549 2382//2550 2390//2558
f 2382//2550 2383//2551 2391//2559
f 2383//2551 2384//2552 2392//2560
f 2384//2552 2377//2545 2385//2553
f 2386//2554 2394//2562 2393//2561
f 2387//2555 2395//2563 2394//2562
f 2388//2556 2396//2564 2395//2563
f 2389//2557 2397//2565 2396//2564
f 2389//2557 2390//2558 2398//2566
f 2390//2558 2391//2559 2399//2567
f 2391//2559 2392//2560 2400//2568
f 2392//2560 2385//2553 2393//2561
f 2394//2562 2402//2570 2401//2569
f 2395//2563 2403//2571 2402//2570
f 2396//2564 2404//2572 2403//2571
f 2397//2565 2405//2573 2404//2572
f 2397//2565 2398//2566 2406//2574
f 2398//2566 2399//2567 2407//2575
f 2399//2567 2400//2568 2408//2576
f 2400//2568 2393//2561 2401//2569
f 2402//2570 2410//2578 2409//2577
f 2403//2571 2411//2579 2410//2578
f 2404//2572 2412//2580 2411//2579
f 2405//2573 2413//2581 2412//2580
f 2405//2573 2406//2574 2414//2582
f 2406//2574 2407//2575 2415//2583
f 2407//2575 2408//2576 2416//2584
f 2408//2576 2401//2569 2409//2577
f 2410//2578 2418//2586 2417//2585
f 2411//2579 2419//2587 2418//2586
f 2412//2580 2420//2588 2419//2587
f 2413//2581 2421//2589 2420//2588
f 2413//2581 2414//2582 2422//2590
f 2414//2582 2415//2583 2423//2591
f 2415//2583 2416//2584 2424//2592
f 2416//2584 2409//2577 2417//2585
f 2418//2586 2426//2594 2425//2593
f 2419//2587 2427//2595 2426//2594
f 2420//2588 2428//2596 2427//2595
f 2421//2589 2429//2597 2428//2596
f 2421//2589 2422//2590 2430//2598
f 2422//2590 2423//2591 2431//2599
f 2423//2591 2424//2592 2432//2600
f 2424//2592 2417//2585 2425//2593
f 2435//2603 2444//2612 2443//2611
f 2436//2604 2445//2613 2444//2612
f 2438//2606 2445//2613 2437//2605
f 2439//2607 2446//2614 2438//2606
f 2440//2608 2447//2615 2439//2607
f 2441//2609 2448//2616 2440//2608
f 2441//2609 2450//2618 2449//2617
f 2442//2610 2443//2611 2450//2618
f 2443//2611 2452//2620 2451//2619
f 2444//2612 2453//2621 2452//2620
f 2446//2614 2453//2621 2445//2613
f 2447//2615 2454//2622 2446//2614
f 2448//2616 2455//2623 2447//2615
f 2449//2617 2456//2624 2448//2616
f 2449//2617 2458//2626 2457//2625
f 2450//2618 2451//2619 2458//2626
f 2451//2619 2460//2628 2459//2627
f 2452//2620 2461//2629 2460//2628
f 2454//2622 2461//2629 2453//2621
f 2455//2623 2462//2630 2454//2622
f 2456//2624 2463//2631 2455//2623
f 2457//2625 2464//2632 2456//2624
f 2457//2625 2466//2634 2465//2633
f 2458//2626 2459//2627 2466//2634
f 2459//2627 2468//2636 2467//2635
f 2460//2628 2469//2637 2468//2636
f 2462//2630 2469//2637 2461//2629
f 2463//2631 2470//2638 2462//2630
f 2464//2632 2471//2639 2463//2631
f 2465//2633 2472//2640 2464//2632
f 2465//2633 2474//2642 2473//2641
f 2466//2634 2467//2635 2474//2642
f 2467//2635 2476//2644 2475//2643
f 2468//2636 2477//2645 2476//2644
f 2470//2638 2477//2645 2469//2637
f 2471//2639 2478//2646 2470//2638
f 2472//2640 2479//2647 2471//2639
f 2473//2641 2480//2648 2472//2640
f 2473//2641 2482//2650 2481//2649
f 2474//2642 2475//2643 2482//2650
f 2475//2643 2484//2652 2483//2651
f 2476//2644 2485//2653 2484//2652
f 2478//2646 2485//2653 2477//2645
f 2479//2647 2486//2654 2478//2646
f 2480//2648 2487//2655 2479//2647
f 2481//2649 2488//2656 2480//2648
f 2481//2649 2490//2658 2489//2657
f 2482//2650 2483//2651 2490//2658
f 2483//2651 2492//2660 2491//2659
f 2484//2652 2493//2661 2492//2660
f 2486//2654 2493//2661 2485//2653
f 2487//2655 2494//2662 2486//2654
f 2488//2656 2495//2663 2487//2655
f 2489//2657 2496//2664 2488//2656
f 2489//2657 2498//2666 2497//2665
f 2490//2658 2491//2659 2498//2666
f 2491//2659 2500//2668 2499//2667
f 2492//2660 2501//2669 2500//2668
f 2494//2662 2501//2669 2493//2661
f 2495//2663 2502//2670 2494//2662
f 2496//2664 2503//2671 2495//2663
f 2497//2665 2504//2672 2496//2664
f 2497//2665 2506//2674 2505//2673
f 2498//2666 2499//2667 2506//2674
f 2499//2667 2508//2676 2507//2675
f 2500//2668 2509//2677 2508//2676
f 2502//2670 2509//2677 2501//2669
f 2503//2671 2510//2678 2502//2670
f 2504//2672 2511//2679 2503//2671
f 2505//2673 2512//2680 2504//2672
f 2505//2673 2514//2682 2513//2681
f 2506//2674 2507//2675 2514//2682
f 2507//2675 2516//2684 2515//2683
f 2508//2676 2517//2685 2516//2684
f 2510//2678 2517//2685 2509//2677
f 2511//2679 2518//2686 2510//2678
f 2512//2680 2519//2687 2511//2679
f 2513//2681 2520//2688 2512//2680
f 2513//2681 2522//2690 2521//2689
f 2514//2682 2515//2683 2522//2690
f 2516//2684 2523//2691 2515//2683
f 2517//2685 2524//2692 2516//2684
f 2517//2685 2526//2694 2525//2693
f 2518//2686 2527//2695 2526//2694
f 2519//2687 2528//2696 2527//2695
f 2520//2688 2529//2697 2528//2696
f 2522//2690 2529//2697 2521//2689
f 2515//2683 2530//2698 2522//2690
f 2524//2692 2531//2699 2523//2691
f 2525//2693 2532//2700 2524//2692
f 2525//2693 2534//2702 2533//2701
f 2526//2694 2535//2703 2534//2702
f 2527//2695 2536//2704 2535//2703
f 2528//2696 2537//2705 2536//2704
f 2530//2698 2537//2705 2529//2697
f 2523//2691 2538//2706 2530//2698
f 2532//2700 2539//2707 2531//2699
f 2533//2701 2540//2708 2532//2700
f 2533//2701 2542//2710 2541//2709
f 2534//2702 2543//2711 2542//2710
f 2535//2703 2544//2712 2543//2711
f 2536//2704 2545//2713 2544//2712
f 2538//2706 2545//2713 2537//2705
f 2531//2699 2546//2714 2538//2706
f 2540//2708 2547//2715 2539//2707
f 2541//2709 2548//2716 2540//2708
f 2541//2709 2550//2718 2549//2717
f 2542//2710 2551//2719 2550//2718
f 2543//2711 2552//2720 2551//2719
f 2544//2712 2553//2721 2552//2720
f 2546//2714 2553//2721 2545//2713
f 2539//2707 2554//2722 2546//2714
f 2548//2716 2555//2723 2547//2715
f 2549//2717 2556//2724 2548//2716
f 2549//2717 2558//2726 2557//2725
f 2550//2718 2559//2727 2558//2726
f 2551//2719 2560//2728 2559//2727
f 2552//2720 2561//2729 2560//2728
f 2554//2722 2561//2729 2553//2721
f 2547//2715 2562//2730 2554//2722
f 2556//2724 2563//2731 2555//2723
f 2557//2725 2564//2732 2556//2724
f 2557//2725 2566//2734 2565//2733
f 2558//2726 2567//2735 2566//2734
f 2559//2727 2568//2736 2567//2735
f 2560//2728 2569//2737 2568//2736
f 2562//2730 2569//2737 2561//2729
f 2555//2723 2570//2738 2562//2730
f 2564//2732 2571//2739 2563//2731
f 2565//2733 2572//2740 2564//2732
f 2565//2733 2574//2742 2573//2741
f 2566//2734 2575//2743 2574//2742
f 2567//2735 2576//2744 2575//2743
f 2568//2736 2577//2745 2576//2744
f 2570//2738 2577//2745 2569//2737
f 2563//2731 2578//2746 2570//2738
f 2572//2740 2579//2747 2571//2739
f 2573//2741 2580//2748 2572//2740
f 2573//2741 2582//2750 2581//2749
f 2574//2742 2583//2751 2582//2750
f 2575//2743 2584//2752 2583//2751
f 2576//2744 2585//2753 2584//2752
f 2578//2746 2585//2753 2577//2745
f 2571//2739 2586//2754 2578//2746
f 2580//2748 2587//2755 2579//2747
f 2581//2749 2588//2756 2580//2748
f 2581//2749 2590//2758 2589//2757
f 2582//2750 2591//2759 2590//2758
f 2583//2751 2592//2760 2591//2759
f 2584//2752 2593//2761 2592//2760
f 2586//2754 2593//2761 2585//2753
f 2579//2747 2594//2762 2586//2754
f 2588//2756 2595//2763 2587//2755
f 2589//2757 2596//2764 2588//2756
f 2589//2757 2598//2766 2597//2765
f 2590//2758 2599//2767 2598//2766
f 2591//2759 2600//2768 2599//2767
f 2592//2760 2601//2769 2600//2768
f 2594//2762 2601//2769 2593//2761
f 2587//2755 2602//2770 2594//2762
f 2603//2771 2436//2604 2435//2603
f 2604//2772 2595//2763 2596//2764
f 2603//2771 2437//2605 2436//2604
f 2604//2772 2596//2764 2597//2765
f 2603//2771 2438//2606 2437//2605
f 2604//2772 2597//2765 2598//2766
f 2603//2771 2439//2607 2438//2606
f 2604//2772 2598//2766 2599//2767
f 2603//2771 2440//2608 2439//2607
f 2604//2772 2599//2767 2600//2768
f 2603//2771 2441//2609 2440//2608
f 2604//2772 2600//2768 2601//2769
f 2603//2771 2442//2610 2441//2609
f 2604//2772 2601//2769 2602//2770
f 2603//2771 2435//2603 2442//2610
f 2604//2772 2602//2770 2595//2763
f 2435//2603 2436//2604 2444//2612
f 2436//2604 2437//2605 2445//2613
f 2438//2606 2446//2614 2445//2613
f 2439//2607 2447//2615 2446//2614
f 2440//2608 2448//2616 2447//2615
f 2441//2609 2449//2617 2448//2616
f 2441//2609 2442//2610 2450//2618
f 2442//2610 2435//2603 2443//2611
f 2443//2611 2444//2612 2452//2620
f 2444//2612 2445//2613 2453//2621
f 2446//2614 2454//2622 2453//2621
f 2447//2615 2455//2623 2454//2622
f 2448//2616 2456//2624 2455//2623
f 2449//2617 2457//2625 2456//2624
f 2449//2617 2450//2618 2458//2626
f 2450//2618 2443//2611 2451//2619
f 2451//2619 2452//2620 2460//2628
f 2452//2620 2453//2621 2461//2629
f 2454//2622 2462//2630 2461//2629
f 2455//2623 2463//2631 2462//2630
f 2456//2624 2464//2632 2463//2631
f 2457//2625 2465//2633 2464//2632
f 2457//2625 2458//2626 2466//2634
f 2458//2626 2451//2619 2459//2627
f 2459//2627 2460//2628 2468//2636
f 2460//2628 2461//2629 2469//2637
f 2462//2630 2470//2638 2469//2637
f 2463//2631 2471//2639 2470//2638
f 2464//2632 2472//2640 2471//2639
f 2465//2633 2473//2641 2472//2640
f 2465//2633 2466//2634 2474//2642
f 2466//2634 2459//2627 2467//2635
f 2467//2635 2468//2636 2476//2644
f 2468//2636 2469//2637 2477//2645
f 2470//2638 2478//2646 2477//2645
f 2471//2639 2479//2647 2478//2646
f 2472//2640 2480//2648 2479//2647
f 2473//2641 2481//2649 2480//2648
f 2473//2641 2474//2642 2482//2650
f 2474//2642 2467//2635 2475//2643
f 2475//2643 2476//2644 2484//2652
f 2476//2644 2477//2645 2485//2653
f 2478//2646 2486//2654 2485//2653
f 2479//2647 2487//2655 2486//2654
f 2480//2648 2488//2656 2487//2655
f 2481//2649 2489//2657 2488//2656
f 2481//2649 2482//2650 2490//2658
f 2482//2650 2475//2643 2483//2651
f 2483//2651 2484//2652 2492//2660
f 2484//2652 2485//2653 2493//2661
f 2486//2654 2494//2662 2493//2661
f 2487//2655 2495//2663 2494//2662
f 2488//2656 2496//2664 2495//2663
f 2489//2657 2497//2665 2496//2664
f 2489//2657 2490//2658 2498//2666
f 2490//2658 2483//2651 2491//2659
f 2491//2659 2492//2660 2500//2668
f 2492//2660 2493//2661 2501//2669
f 2494//2662 2502//2670 2501//2669
f 2495//2663 2503//2671 2502//2670
f 2496//2664 2504//2672 2503//2671
f 2497//2665 2505//2673 2504//2672
f 2497//2665 2498//2666 2506//2674
f 2498//2666 2491//2659 2499//2667
f 2499//2667 2500//2668 2508//2676
f 2500//2668 2501//2669 2509//2677
f 2502//2670 2510//2678 2509//2677
f 2503//2671 2511//2679 2510//2678
f 2504//2672 2512//2680 2511//2679
f 2505//2673 2513//2681 2512//2680
f 2505//2673 2506//2674 2514//2682
f 2506//2674 2499//2667 2507//2675
f 2507//2675 2508//2676 2516//2684
f 2508//2676 2509//2677 2517//2685
f 2510//2678 2518//2686 2517//2685
f 2511//2679 2519//2687 2518//2686
f 2512//2680 2520//2688 2519//2687
f 2513//2681 2521//2689 2520//2688
f 2513//2681 2514//2682 2522//2690
f 2514//2682 2507//2675 2515//2683
f 2516//2684 2524//2692 2523//2691
f 2517//2685 2525//2693 2524//2692
f 2517//2685 2518//2686 2526//2694
f 2518//2686 2519//2687 2527//2695
f 2519//2687 2520//2688 2528//2696
f 2520//2688 2521//2689 2529//2697
f 2522//2690 2530//2698 2529//2697
f 2515//2683 2523//2691 2530//2698
f 2524//2692 2532//2700 2531//2699
f 2525//2693 2533//2701 2532//2700
f 2525//2693 2526//2694 2534//2702
f 2526//2694 2527//2695 2535//2703
f 2527//2695 2528//2696 2536//2704
f 2528//2696 2529//2697 2537//2705
f 2530//2698 2538//2706 2537//2705
f 2523//2691 2531//2699 2538//2706
f 2532//2700 2540//2708 2539//2707
f 2533//2701 2541//2709 2540//2708
f 2533//2701 2534//2702 2542//2710
f 2534//2702 2535//2703 2543//2711
f 2535//2703 2536//2704 2544//2712
f 2536//2704 2537//2705 2545//2713
f 2538//2706 2546//2714 2545//2713
f 2531//2699 2539//2707 2546//2714
f 2540//2708 2548//2716 2547//2715
f 2541//2709 2549//2717 2548//2716
f 2541//2709 2542//2710 2550//2718
f 2542//2710 2543//2711 2551//2719
f 2543//2711 2544//2712 2552//2720
f 2544//2712 2545//2713 2553//2721
f 2546//2714 2554//2722 2553//2721
f 2539//2707 2547//2715 2554//2722
f 2548//2716 2556//2724 2555//2723
f 2549//2717 2557//2725 2556//2724
f 2549//2717 2550//2718 2558//2726
f 2550//2718 2551//2719 2559//2727
f 2551//2719 2552//2720 2560//2728
f 2552//2720 2553//2721 2561//2729
f 2554//2722 2562//2730 2561//2729
f 2547//2715 2555//2723 2562//2730
f 2556//2724 2564//2732 2563//2731
f 2557//2725 2565//2733 2564//2732
f 2557//2725 2558//2726 2566//2734
f 2558//2726 2559//2727 2567//2735
f 2559//2727 2560//2728 2568//2736
f 2560//2728 2561//2729 2569//2737
f 2562//2730 2570//2738 2569//2737
f 2555//2723 2563//2731 2570//2738
f 2564//2732 2572//2740 2571//2739
f 2565//2733 2573//2741 2572//2740
f 2565//2733 2566//2734 2574//2742
f 2566//2734 2567//2735 2575//2743
f 2567//2735 2568//2736 2576//2744
f 2568//2736 2569//2737 2577//2745
f 2570//2738 2578//2746 2577//2745
f 2563//2731 2571//2739 2578//2746
f 2572//2740 2580//2748 2579//2747
f 2573//2741 2581//2749 2580//2748
f 2573//2741 2574//2742 2582//2750
f 2574//2742 2575//2743 2583//2751
f 2575//2743 2576//2744 2584//2752
f 2576//2744 2577//2745 2585//2753
f 2578//2746 2586//2754 2585//2753
f 2571//2739 2579//2747 2586//2754
f 2580//2748 2588//2756 2587//2755
f 2581//2749 2589//2757 2588//2756
f 2581//2749 2582//2750 2590//2758
f 2582//2750 2583//2751 2591//2759
f 2583//2751 2584//2752 2592//2760
f 2584//2752 2585//2753 2593//2761
f 2586//2754 2594//2762 2593//2761
f 2579//2747 2587//2755 2594//2762
f 2588//2756 2596//2764 2595//2763
f 2589//2757 2597//2765 2596//2764
f 2589//2757 2590//2758 2598//2766
f 2590//2758 2591//2759 2599//2767
f 2591//2759 2592//2760 2600//2768
f 2592//2760 2593//2761 2601//2769
f 2594//2762 2602//2770 2601//2769
f 2587//2755 2595//2763 2602//2770
f 2605//2773 2614//2782 2613//2781
f 2606//2774 2615//2783 2614//2782
f 2608//2776 2615//2783 2607//2775
f 2609//2777 2616//2784 2608//2776
f 2610//2778 2617//2785 2609//2777
f 2611//2779 2618//2786 2610//2778
f 2611//2779 2620//2788 2619//2787
f 2612//2780 2613//2781 2620//2788
f 2613//2781 2622//2790 2621//2789
f 2614//2782 2623//2791 2622//2790
f 2616//2784 2623//2791 2615//2783
f 2617//2785 2624//2792 2616//2784
f 2618//2786 2625//2793 2617//2785
f 2619//2787 2626//2794 2618//2786
f 2619//2787 2628//2796 2627//2795
f 2620//2788 2621//2789 2628//2796
f 2621//2789 2630//2798 2629//2797
f 2622//2790 2631//2799 2630//2798
f 2624//2792 2631//2799 2623//2791
f 2625//2793 2632//2800 2624//2792
f 2626//2794 2633//2801 2625//2793
f 2627//2795 2634//2802 2626//2794
f 2627//2795 2636//2804 2635//2803
f 2628//2796 2629//2797 2636//2804
f 2629//2797 2638//2806 2637//2805
f 2630//2798 2639//2807 2638//2806
f 2632//2800 2639//2807 2631//2799
f 2633//2801 2640//2808 2632//2800
f 2634//2802 2641//2809 2633//2801
f 2635//2803 2642//2810 2634//2802
f 2635//2803 2644//2812 2643//2811
f 2636//2804 2637//2805 2644//2812
f 2637//2805 2646//2814 2645//2813
f 2638//2806 2647//2815 2646//2814
f 2640//2808 2647//2815 2639//2807
f 2641//2809 2648//2816 2640//2808
f 2642//2810 2649//2817 2641//2809
f 2643//2811 2650//2818 2642//2810
f 2643//2811 2652//2820 2651//2819
f 2644//2812 2645//2813 2652//2820
f 2645//2813 2654//2822 2653//2821
f 2646//2814 2655//2823 2654//2822
f 2648//2816 2655//2823 2647//2815
f 2649//2817 2656//2824 2648//2816
f 2650//2818 2657//2825 2649//2817
f 2651//2819 2658//2826 2650//2818
f 2651//2819 2660//2828 2659//2827
f 2652//2820 2653//2821 2660//2828
f 2653//2821 2662//2830 2661//2829
f 2654//2822 2663//2831 2662//2830
f 2656//2824 2663//2831 2655//2823
f 2657//2825 2664//2832 2656//2824
f 2658//2826 2665//2833 2657//2825
f 2659//2827 2666//2834 2658//2826
f 2659//2827 2668//2836 2667//2835
f 2660//2828 2661//2829 2668//2836
f 2661//2829 2670//2838 2669//2837
f 2662//2830 2671//2839 2670//2838
f 2664//2832 2671//2839 2663//2831
f 2665//2833 2672//2840 2664//2832
f 2666//2834 2673//2841 2665//2833
f 2667//2835 2674//2842 2666//2834
f 2667//2835 2676//2844 2675//2843
f 2668//2836 2669//2837 2676//2844
f 2669//2837 2678//2846 2677//2845
f 2670//2838 2679//2847 2678//2846
f 2672//2840 2679//2847 2671//2839
f 2673//2841 2680//2848 2672//2840
f 2674//2842 2681//2849 2673//2841
f 2675//2843 2682//2850 2674//2842
f 2675//2843 2684//2852 2683//2851
f 2676//2844 2677//2845 2684//2852
f 2677//2845 2686//2854 2685//2853
f 2678//2846 2687//2855 2686//2854
f 2680//2848 2687//2855 2679//2847
f 2681//2849 2688//2856 2680//2848
f 2682//2850 2689//2857 2681//2849
f 2683//2851 2690//2858 2682//2850
f 2683//2851 2692//2860 2691//2859
f 2684//2852 2685//2853 2692//2860
f 2686//2854 2693//2861 2685//2853
f 2687//2855 2694//2862 2686//2854
f 2687//2855 2696//2864 2695//2863
f 2688//2856 2697//2865 2696//2864
f 2689//2857 2698//2866 2697//2865
f 2690//2858 2699//2867 2698//2866
f 2692//2860 2699//2867 2691//2859
f 2685//2853 2700//2868 2692//2860
f 2694//2862 2701//2869 2693//2861
f 2695//2863 2702//2870 2694//2862
f 2695//2863 2704//2872 2703//2871
f 2696//2864 2705//2873 2704//2872
f 2697//2865 2706//2874 2705//2873
f 2698//2866 2707//2875 2706//2874
f 2700//2868 2707//2875 2699//2867
f 2693//2861 2708//2876 2700//2868
f 2702//2870 2709//2877 2701//2869
f 2703//2871 2710//2878 2702//2870
f 2703//2871 2712//2880 2711//2879
f 2704//2872 2713//2881 2712//2880
f 2705//2873 2714//2882 2713//2881
f 2706//2874 2715//2883 2714//2882
f 2708//2876 2715//2883 2707//2875
f 2701//2869 2716//2884 2708//2876
f 2710//2878 2717//2885 2709//2877
f 2711//2879 2718//2886 2710//2878
f 2711//2879 2720//2888 2719//2887
f 2712//2880 2721//2889 2720//2888
f 2713//2881 2722//2890 2721//2889
f 2714//2882 2723//2891 2722//2890
f 2716//2884 2723//2891 2715//2883
f 2709//2877 2724//2892 2716//2884
f 2718//2886 2725//2893 2717//2885
f 2719//2887 2726//2894 2718//2886
f 2719//2887 2728//2896 2727//2895
f 2720//2888 2729//2897 2728//2896
f 2721//2889 2730//2898 2729//2897
f 2722//2890 2731//2899 2730//2898
f 2724//2892 2731//2899 2723//2891
f 2717//2885 2732//2900 2724//2892
f 2726//2894 2733//2901 2725//2893
f 2727//2895 2734//2902 2726//2894
f 2727//2895 2736//2904 2735//2903
f 2728//2896 2737//2905 2736//2904
f 2729//2897 2738//2906 2737//2905
f 2730//2898 2739//2907 2738//2906
f 2732//2900 2739//2907 2731//2899
f 2725//2893 2740//2908 2732//2900
f 2734//2902 2741//2909 2733//2901
f 2735//2903 2742//2910 2734//2902
f 2735//2903 2744//2912 2743//2911
f 2736//2904 2745//2913 2744//2912
f 2737//2905 2746//2914 2745//2913
f 2738//2906 2747//2915 2746//2914
f 2740//2908 2747//2915 2739//2907
f 2733//2901 2748//2916 2740//2908
f 2742//2910 2749//2917 2741//2909
f 2743//2911 2750//2918 2742//2910
f 2743//2911 2752//2920 2751//2919
f 2744//2912 2753//2921 2752//2920
f 2745//2913 2754//2922 2753//2921
f 2746//2914 2755//2923 2754//2922
f 2748//2916 2755//2923 2747//2915
f 2741//2909 2756//2924 2748//2916
f 2750//2918 2757//2925 2749//2917
f 2751//2919 2758//2926 2750//2918
f 2751//2919 2760//2928 2759//2927
f 2752//2920 2761//2929 2760//2928
f 2753//2921 2762//2930 2761//2929
f 2754//2922 2763//2931 2762//2930
f 2756//2924 2763//2931 2755//2923
f 2749//2917 2764//2932 2756//2924
f 2758//2926 2765//2933 2757//2925
f 2759//2927 2766//2934 2758//2926
f 2759//2927 2768//2936 2767//2935
f 2760//2928 2769//2937 2768//2936
f 2761//2929 2770//2938 2769//2937
f 2762//2930 2771//2939 2770//2938
f 2764//2932 2771//2939 2763//2931
f 2757//2925 2772//2940 2764//2932
f 2773//2941 2606//2774 2605//2773
f 2774//2942 2765//2933 2766//2934
f 2773//2941 2607//2775 2606//2774
f 2774//2942 2766//2934 2767//2935
f 2773//2941 2608//2776 2607//2775
f 2774//2942 2767//2935 2768//2936
f 2773//2941 2609//2777 2608//2776
f 2774//2942 2768//2936 2769//2937
f 2773//2941 2610//2778 2609//2777
f 2774//2942 2769//2937 2770//2938
f 2773//2941 2611//2779 2610//2778
f 2774//2942 2770//2938 2771//2939
f 2773//2941 2612//2780 2611//2779
f 2774//2942 2771//2939 2772//2940
f 2773//2941 2605//2773 2612//2780
f 2774//2942 2772//2940 2765//2933
f 2605//2773 2606//2774 2614//2782
f 2606//2774 2607//2775 2615//2783
f 2608//2776 2616//2784 2615//2783
f 2609//2777 2617//2785 2616//2784
f 2610//2778 2618//2786 2617//2785
f 2611//2779 2619//2787 2618//2786
f 2611//2779 2612//2780 2620//2788
f 2612//2780 2605//2773 2613//2781
f 2613//2781 2614//2782 2622//2790
f 2614//2782 2615//2783 2623//2791
f 2616//2784 2624//2792 2623//2791
f 2617//2785 2625//2793 2624//2792
f 2618//2786 2626//2794 2625//2793
f 2619//2787 2627//2795 2626//2794
f 2619//2787 2620//2788 2628//2796
f 2620//2788 2613//2781 2621//2789
f 2621//2789 2622//2790 2630//2798
f 2622//2790 2623//2791 2631//2799
f 2624//2792 2632//2800 2631//2799
f 2625//2793 2633//2801 2632//2800
f 2626//2794 2634//2802 2633//2801
f 2627//2795 2635//2803 2634//2802
f 2627//2795 2628//2796 2636//2804
f 2628//2796 2621//2789 2629//2797
f 2629//2797 2630//2798 2638//2806
f 2630//2798 2631//2799 2639//2807
f 2632//2800 2640//2808 2639//2807
f 2633//2801 2641//2809 2640//2808
f 2634//2802 2642//2810 2641//2809
f 2635//2803 2643//2811 2642//2810
f 2635//2803 2636//2804 2644//2812
f 2636//2804 2629//2797 2637//2805
f 2637//2805 2638//2806 2646//2814
f 2638//2806 2639//2807 2647//2815
f 2640//2808 2648//2816 2647//2815
f 2641//2809 2649//2817 2648//2816
f 2642//2810 2650//2818 2649//2817
f 2643//2811 2651//2819 2650//2818
f 2643//2811 2644//2812 2652//2820
f 2644//2812 2637//2805 2645//2813
f 2645//2813 2646//2814 2654//2822
f 2646//2814 2647//2815 2655//2823
f 2648//2816 2656//2824 2655//2823
f 2649//2817 2657//2825 2656//2824
f 2650//2818 2658//2826 2657//2825
f 2651//2819 2659//2827 2658//2826
f 2651//2819 2652//2820 2660//2828
f 2652//2820 2645//2813 2653//2821
f 2653//2821 2654//2822 2662//2830
f 2654//2822 2655//2823 2663//2831
f 2656//2824 2664//2832 2663//2831
f 2657//2825 2665//2833 2664//2832
f 2658//2826 2666//2834 2665//2833
f 2659//2827 2667//2835 2666//2834
f 2659//2827 2660//2828 2668//2836
f 2660//2828 2653//2821 2661//2829
f 2661//2829 2662//2830 2670//2838
f 2662//2830 2663//2831 2671//2839
f 2664//2832 2672//2840 2671//2839
f 2665//2833 2673//2841 2672//2840
f 2666//2834 2674//2842 2673//2841
f 2667//2835 2675//2843 2674//2842
f 2667//2835 2668//2836 2676//2844
f 2668//2836 2661//2829 2669//2837
f 2669//2837 2670//2838 2678//2846
f 2670//2838 2671//2839 2679//2847
f 2672//2840 2680//2848 2679//2847
f 2673//2841 2681//2849 2680//2848
f 2674//2842 2682//2850 2681//2849
f 2675//2843 2683//2851 2682//2850
f 2675//2843 2676//2844 2684//2852
f 2676//2844 2669//2837 2677//2845
f 2677//2845 2678//2846 2686//2854
f 2678//2846 2679//2847 2687//2855
f 2680//2848 2688//2856 2687//2855
f 2681//2849 2689//2857 2688//2856
f 2682//2850 2690//2858 2689//2857
f 2683//2851 2691//2859 2690//2858
f 2683//2851 2684//2852 2692//2860
f 2684//2852 2677//2845 2685//2853
f 2686//2854 2694//2862 2693//2861
f 2687//2855 2695//2863 2694//2862
f 2687//2855 2688//2856 2696//2864
f 2688//2856 2689//2857 2697//2865
f 2689//2857 2690//2858 2698//2866
f 2690//2858 2691//2859 2699//2867
f 2692//2860 2700//2868 2699//2867
f 2685//2853 2693//2861 2700//2868
f 2694//2862 2702//2870 2701//2869
f 2695//2863 2703//2871 2702//2870
f 2695//2863 2696//2864 2704//2872
f 2696//2864 2697//2865 2705//2873
f 2697//2865 2698//2866 2706//2874
f 2698//2866 2699//2867 2707//2875
f 2700//2868 2708//2876 2707//2875
f 2693//2861 2701//2869 2708//2876
f 2702//2870 2710//2878 2709//2877
f 2703//2871 2711//2879 2710//2878
f 2703//2871 2704//2872 2712//2880
f 2704//2872 2705//2873 2713//2881
f 2705//2873 2706//2874 2714//2882
f 2706//2874 2707//2875 2715//2883
f 2708//2876 2716//2884 2715//2883
f 2701//2869 2709//2877 2716//2884
f 2710//2878 2718//2886 2717//2885
f 2711//2879 2719//2887 2718//2886
f 2711//2879 2712//2880 2720//2888
f 2712//2880 2713//2881 2721//2889
f 2713//2881 2714//2882 2722//2890
f 2714//2882 2715//2883 2723//2891
f 2716//2884 2724//2892 2723//2891
f 2709//2877 2717//2885 2724//2892
f 2718//2886 2726//2894 2725//2893
f 2719//2887 2727//2895 2726//2894
f 2719//2887 2720//2888 2728//2896
f 2720//2888 2721//2889 2729//2897
f 2721//2889 2722//2890 2730//2898
f 2722//2890 2723//2891 2731//2899
f 2724//2892 2732//2900 2731//2899
f 2717//2885 2725//2893 2732//2900
f 2726//2894 2734//2902 2733//2901
f 2727//2895 2735//2903 2734//2902
f 2727//2895 2728//2896 2736//2904
f 2728//2896 2729//2897 2737//2905
f 2729//2897 2730//2898 2738//2906
f 2730//2898 2731//2899 2739//2907
f 2732//2900 2740//2908 2739//2907
f 2725//2893 2733//2901 2740//2908
f 2734//2902 2742//2910 2741//2909
f 2735//2903 2743//2911 2742//2910
f 2735//2903 2736//2904 2744//2912
f 2736//2904 2737//2905 2745//2913
f 2737//2905 2738//2906 2746//2914
f 2738//2906 2739//2907 2747//2915
f 2740//2908 2748//2916 2747//2915
f 2733//2901 2741//2909 2748//2916
f 2742//2910 2750//2918 2749//2917
f 2743//2911 2751//2919 2750//2918
f 2743//2911 2744//2912 2752//2920
f 2744//2912 2745//2913 2753//2921
f 2745//2913 2746//2914 2754//2922
f 2746//2914 2747//2915 2755//2923
f 2748//2916 2756//2924 2755//2923
f 2741//2909 2749//2917 2756//2924
f 2750//2918 2758//2926 2757//2925
f 2751//2919 2759//2927 2758//2926
f 2751//2919 2752//2920 2760//2928
f 2752//2920 2753//2921 2761//2929
f 2753//2921 2754//2922 2762//2930
f 2754//2922 2755//2923 2763//2931
f 2756//2924 2764//2932 2763//2931
f 2749//2917 2757//2925 2764//2932
f 2758//2926 2766//2934 2765//2933
f 2759//2927 2767//2935 2766//2934
f 2759//2927 2760//2928 2768//2936
f 2760//2928 2761//2929 2769//2937
f 2761//2929 2762//2930 2770//2938
f 2762//2930 2763//2931 2771//2939
f 2764//2932 2772//2940 2771//2939
f 2757//2925 2765//2933 2772//2940
f 2775//2943 2784//2952 2783//2951
f 2776//2944 2785//2953 2784//2952
f 2778//2946 2785//2953 2777//2945
f 2779//2947 2786//2954 2778//2946
f 2780//2948 2787//2955 2779//2947
f 2781//2949 2788//2956 2780//2948
f 2781//2949 2790//2958 2789//2957
f 2782//2950 2783//2951 2790//2958
f 2783//2951 2792//2960 2791//2959
f 2784//2952 2793//2961 2792//2960
f 2786//2954 2793//2961 2785//2953
f 2787//2955 2794//2962 2786//2954
f 2788//2956 2795//2963 2787//2955
f 2789//2957 2796//2964 2788//2956
f 2789//2957 2798//2966 2797//2965
f 2790//2958 2791//2959 2798//2966
f 2791//2959 2800//2968 2799//2967
f 2792//2960 2801//2969 2800//2968
f 2794//2962 2801//2969 2793//2961
f 2795//2963 2802//2970 2794//2962
f 2796//2964 2803//2971 2795//2963
f 2797//2965 2804//2972 2796//2964
f 2797//2965 2806//2974 2805//2973
f 2798//2966 2799//2967 2806//2974
f 2799//2967 2808//2976 2807//2975
f 2800//2968 2809//2977 2808//2976
f 2802//2970 2809//2977 2801//2969
f 2803//2971 2810//2978 2802//2970
f 2804//2972 2811//2979 2803//2971
f 2805//2973 2812//2980 2804//2972
f 2805//2973 2814//2982 2813//2981
f 2806//2974 2807//2975 2814//2982
f 2807//2975 2816//2984 2815//2983
f 2808//2976 2817//2985 2816//2984
f 2810//2978 2817//2985 2809//2977
f 2811//2979 2818//2986 2810//2978
f 2812//2980 2819//2987 2811//2979
f 2813//2981 2820//2988 2812//2980
f 2813//2981 2822//2990 2821//2989
f 2814//2982 2815//2983 2822//2990
f 2815//2983 2824//2992 2823//2991
f 2816//2984 2825//2993 2824//2992
f 2818//2986 2825//2993 2817//2985
f 2819//2987 2826//2994 2818//2986
f 2820//2988 2827//2995 2819//2987
f 2821//2989 2828//2996 2820//2988
f 2821//2989 2830//2998 2829//2997
f 2822//2990 2823//2991 2830//2998
f 2823//2991 2832//3000 2831//2999
f 2824//2992 2833//3001 2832//3000
f 2826//2994 2833//3001 2825//2993
f 2827//2995 2834//3002 2826//2994
f 2828//2996 2835//3003 2827//2995
f 2829//2997 2836//3004 2828//2996
f 2829//2997 2838//3006 2837//3005
f 2830//2998 2831//2999 2838//3006
f 2831//2999 2840//3008 2839//3007
f 2832//3000 2841//3009 2840//3008
f 2834//3002 2841//3009 2833//3001
f 2835//3003 2842//3010 2834//3002
f 2836//3004 2843//3011 2835//3003
f 2837//3005 2844//3012 2836//3004
f 2837//3005 2846//3014 2845//3013
f 2838//3006 2839//3007 2846//3014
f 2839//3007 2848//3016 2847//3015
f 2840//3008 2849//3017 2848//3016
f 2842//3010 2849//3017 2841//3009
f 2843//3011 2850//3018 2842//3010
f 2844//3012 2851//3019 2843//3011
f 2845//3013 2852//3020 2844//3012
f 2845//3013 2854//3022 2853//3021
f 2846//3014 2847//3015 2854//3022
f 2847//3015 2856//3024 2855//3023
f 2848//3016 2857//3025 2856//3024
f 2850//3018 2857//3025 2849//3017
f 2851//3019 2858//3026 2850//3018
f 2852//3020 2859//3027 2851//3019
f 2853//3021 2860//3028 2852//3020
f 2853//3021 2862//3030 2861//3029
f 2854//3022 2855//3023 2862//3030
f 2856//3024 2863//3031 2855//3023
f 2857//3025 2864//3032 2856//3024
f 2857//3025 2866//3034 2865//3033
f 2858//3026 2867//3035 2866//3034
f 2859//3027 2868//3036 2867//3035
f 2860//3028 2869//3037 2868//3036
f 2862//3030 2869//3037 2861//3029
f 2855//3023 2870//3038 2862//3030
f 2864//3032 2871//3039 2863//3031
f 2865//3033 2872//3040 2864//3032
f 2865//3033 2874//3042 2873//3041
f 2866//3034 2875//3043 2874//3042
f 2867//3035 2876//3044 2875//3043
f 2868//3036 2877//3045 2876//3044
f 2870//3038 2877//3045 2869//3037
f 2863//3031 2878//3046 2870//3038
f 2872//3040 2879//3047 2871//3039
f 2873//3041 2880//3048 2872//3040
f 2873//3041 2882//3050 2881//3049
f 2874//3042 2883//3051 2882//3050
f 2875//3043 2884//3052 2883//3051
f 2876//3044 2885//3053 2884//3052
f 2878//3046 2885//3053 2877//3045
f 2871//3039 2886//3054 2878//3046
f 2880//3048 2887//3055 2879//3047
f 2881//3049 2888//3056 2880//3048
f 2881//3049 2890//3058 2889//3057
f 2882//3050 2891//3059 2890//3058
f 2883//3051 2892//3060 2891//3059
f 2884//3052 2893//3061 2892//3060
f 2886//3054 2893//3061 2885//3053
f 2879//3047 2894//3062 2886//3054
f 2888//3056 2895//3063 2887//3055
f 2889//3057 2896//3064 2888//3056
f 2889//3057 2898//3066 2897//3065
f 2890//3058 2899//3067 2898//3066
f 2891//3059 2900//3068 2899//3067
f 2892//3060 2901//3069 2900//3068
f 2894//3062 2901//3069 2893//3061
f 2887//3055 2902//3070 2894//3062
f 2896//3064 2903//3071 2895//3063
f 2897//3065 2904//3072 2896//3064
f 2897//3065 2906//3074 2905//3073
f 2898//3066 2907//3075 2906//3074
f 2899//3067 2908//3076 2907//3075
f 2900//3068 2909//3077 2908//3076
f 2902//3070 2909//3077 2901//3069
f 2895//3063 2910//3078 2902//3070
f 2904//3072 2911//3079 2903//3071
f 2905//3073 2912//3080 2904//3072
f 2905//3073 2914//3082 2913//3081
f 2906//3074 2915//3083 2914//3082
f 2907//3075 2916//3084 2915//3083
f 2908//3076 2917//3085 2916//3084
f 2910//3078 2917//3085 2909//3077
f 2903//3071 2918//3086 2910//3078
f 2912//3080 2919//3087 2911//3079
f 2913//3081 2920//3088 2912//3080
f 2913//3081 2922//3090 2921//3089
f 2914//3082 2923//3091 2922//3090
f 2915//3083 2924//3092 2923//3091
f 2916//3084 2925//3093 2924//3092
f 2918//3086 2925//3093 2917//3085
f 2911//3079 2926//3094 2918//3086
f 2920//3088 2927//3095 2919//3087
f 2921//3089 2928//3096 2920//3088
f 2921//3089 2930//3098 2929//3097
f 2922//3090 2931//3099 2930//3098
f 2923//3091 2932//3100 2931//3099
f 2924//3092 2933//3101 2932//3100
f 2926//3094 2933//3101 2925//3093
f 2919//3087 2934//3102 2926//3094
f 2928//3096 2935//3103 2927//3095
f 2929//3097 2936//3104 2928//3096
f 2929//3097 2938//3106 2937//3105
f 2930//3098 2939//3107 2938//3106
f 2931//3099 2940//3108 2939//3107
f 2932//3100 2941//3109 2940//3108
f 2934//3102 2941//3109 2933//3101
f 2927//3095 2942//3110 2934//3102
f 2943//3111 2776//2944 2775//2943
f 2944//3112 2935//3103 2936//3104
f 2943//3111 2777//2945 2776//2944
f 2944//3112 2936//3104 2937//3105
f 2943//3111 2778//2946 2777//2945
f 2944//3112 2937//3105 2938//3106
f 2943//3111 2779//2947 2778//2946
f 2944//3112 2938//3106 2939//3107
f 2943//3111 2780//2948 2779//2947
f 2944//3112 2939//3107 2940//3108
f 2943//3111 2781//2949 2780//2948
f 2944//3112 2940//3108 2941//3109
f 2943//3111 2782//2950 2781//2949
f 2944//3112 2941//3109 2942//3110
f 2943//3111 2775//2943 2782//2950
f 2944//3112 2942//3110 2935//3103
f 2775//2943 2776//2944 2784//2952
f 2776//2944 2777//2945 2785//2953
f 2778//2946 2786//2954 2785//2953
f 2779//2947 2787//2955 2786//2954
f 2780//2948 2788//2956 2787//2955
f 2781//2949 2789//2957 2788//2956
f 2781//2949 2782//2950 2790//2958
f 2782//2950 2775//2943 2783//2951
f 2783//2951 2784//2952 2792//2960
f 2784//2952 2785//2953 2793//2961
f 2786//2954 2794//2962 2793//2961
f 2787//2955 2795//2963 2794//2962
f 2788//2956 2796//2964 2795//2963
f 2789//2957 2797//2965 2796//2964
f 2789//2957 2790//2958 2798//2966
f 2790//2958 2783//2951 2791//2959
f 2791//2959 2792//2960 2800//2968
f 2792//2960 2793//2961 2801//2969
f 2794//2962 2802//2970 2801//2969
f 2795//2963 2803//2971 2802//2970
f 2796//2964 2804//2972 2803//2971
f 2797//2965 2805//2973 2804//2972
f 2797//2965 2798//2966 2806//2974
f 2798//2966 2791//2959 2799//2967
f 2799//2967 2800//2968 2808//2976
f 2800//2968 2801//2969 2809//2977
f 2802//2970 2810//2978 2809//2977
f 2803//2971 2811//2979 2810//2978
f 2804//2972 2812//2980 2811//2979
f 2805//2973 2813//2981 2812//2980
f 2805//2973 2806//2974 2814//2982
f 2806//2974 2799//2967 2807//2975
f 2807//2975 2808//2976 2816//2984
f 2808//2976 2809//2977 2817//2985
f 2810//2978 2818//2986 2817//2985
f 2811//2979 2819//2987 2818//2986
f 2812//2980 2820//2988 2819//2987
f 2813//2981 2821//2989 2820//2988
f 2813//2981 2814//2982 2822//2990
f 2814//2982 2807//2975 2815//2983
f 2815//2983 2816//2984 2824//2992
f 2816//2984 2817//2985 2825//2993
f 2818//2986 2826//2994 2825//2993
f 2819//2987 2827//2995 2826//2994
f 2820//2988 2828//2996 2827//2995
f 2821//2989 2829//2997 2828//2996
f 2821//2989 2822//2990 2830//2998
f 2822//2990 2815//2983 2823//2991
f 2823//2991 2824//2992 2832//3000
f 2824//2992 2825//2993 2833//3001
f 2826//2994 2834//3002 2833//3001
f 2827//2995 2835//3003 2834//3002
f 2828//2996 2836//3004 2835//3003
f 2829//2997 2837//3005 2836//3004
f 2829//2997 2830//2998 2838//3006
f 2830//2998 2823//2991 2831//2999
f 2831//2999 2832//3000 2840//3008
f 2832//3000 2833//3001 2841//3009
f 2834//3002 2842//3010 2841//3009
f 2835//3003 2843//3011 2842//3010
f 2836//3004 2844//3012 2843//3011
f 2837//3005 2845//3013 2844//3012
f 2837//3005 2838//3006 2846//3014
f 2838//3006 2831//2999 2839//3007
f 2839//3007 2840//3008 2848//3016
f 2840//3008 2841//3009 2849//3017
f 2842//3010 2850//3018 2849//3017
f 2843//3011 2851//3019 2850//3018
f 2844//3012 2852//3020 2851//3019
f 2845//3013 2853//3021 2852//3020
f 2845//3013 2846//3014 2854//3022
f 2846//3014 2839//3007 2847//3015
f 2847//3015 2848//3016 2856//3024
f 2848//3016 2849//3017 2857//3025
f 2850//3018 2858//3026 2857//3025
f 2851//3019 2859//3027 2858//3026
f 2852//3020 2860//3028 2859//3027
f 2853//3021 2861//3029 2860//3028
f 2853//3021 2854//3022 2862//3030
f 2854//3022 2847//3015 2855//3023
f 2856//3024 2864//3032 2863//3031
f 2857//3025 2865//3033 2864//3032
f 2857//3025 2858//3026 2866//3034
f 2858//3026 2859//3027 2867//3035
f 2859//3027 2860//3028 2868//3036
f 2860//3028 2861//3029 2869//3037
f 2862//3030 2870//3038 2869//3037
f 2855//3023 2863//3031 2870//3038
f 2864//3032 2872//3040 2871//3039
f 2865//3033 2873//3041 2872//3040
f 2865//3033 2866//3034 2874//3042
f 2866//3034 2867//3035 2875//3043
f 2867//3035 2868//3036 2876//3044
f 2868//3036 2869//3037 2877//3045
f 2870//3038 2878//3046 2877//3045
f 2863//3031 2871//3039 2878//3046
f 2872//3040 2880//3048 2879//3047
f 2873//3041 2881//3049 2880//3048
f 2873//3041 2874//3042 2882//3050
f 2874//3042 2875//3043 2883//3051
f 2875//3043 2876//3044 2884//3052
f 2876//3044 2877//3045 2885//3053
f 2878//3046 2886//3054 2885//3053
f 2871//3039 2879//3047 2886//3054
f 2880//3048 2888//3056 2887//3055
f 2881//3049 2889//3057 2888//3056
f 2881//3049 2882//3050 2890//3058
f 2882//3050 2883//3051 2891//3059
f 2883//3051 2884//3052 2892//3060
f 2884//3052 2885//3053 2893//3061
f 2886//3054 2894//3062 2893//3061
f 2879//3047 2887//3055 2894//3062
f 2888//3056 2896//3064 2895//3063
f 2889//3057 2897//3065 2896//3064
f 2889//3057 2890//3058 2898//3066
f 2890//3058 2891//3059 2899//3067
f 2891//3059 2892//3060 2900//3068
f 2892//3060 2893//3061 2901//3069
f 2894//3062 2902//3070 2901//3069
f 2887//3055 2895//3063 2902//3070
f 2896//3064 2904//3072 2903//3071
f 2897//3065 2905//3073 2904//3072
f 2897//3065 2898//3066 2906//3074
f 2898//3066 2899//3067 2907//3075
f 2899//3067 2900//3068 2908//3076
f 2900//3068 2901//3069 2909//3077
f 2902//3070 2910//3078 2909//3077
f 2895//3063 2903//3071 2910//3078
f 2904//3072 2912//3080 2911//3079
f 2905//3073 2913//3081 2912//3080
f 2905//3073 2906//3074 2914//3082
f 2906//3074 2907//3075 2915//3083
f 2907//3075 2908//3076 2916//3084
f 2908//3076 2909//3077 2917//3085
f 2910//3078 2918//3086 2917//3085
f 2903//3071 2911//3079 2918//3086
f 2912//3080 2920//3088 2919//3087
f 2913//3081 2921//3089 2920//3088
f 2913//3081 2914//3082 2922//3090
f 2914//3082 2915//3083 2923//3091
f 2915//3083 2916//3084 2924//3092
f 2916//3084 2917//3085 2925//3093
f 2918//3086 2926//3094 2925//3093
f 2911//3079 2919//3087 2926//3094
f 2920//3088 2928//3096 2927//3095
f 2921//3089 2929//3097 2928//3096
f 2921//3089 2922//3090 2930//3098
f 2922//3090 2923//3091 2931//3099
f 2923//3091 2924//3092 2932//3100
f 2924//3092 2925//3093 2933//3101
f 2926//3094 2934//3102 2933//3101
f 2919//3087 2927//3095 2934//3102
f 2928//3096 2936//3104 2935//3103
f 2929//3097 2937//3105 2936//3104
f 2929//3097 2930//3098 2938//3106
f 2930//3098 2931//3099 2939//3107
f 2931//3099 2932//3100 2940//3108
f 2932//3100 2933//3101 2941//3109
f 2934//3102 2942//3110 2941//3109
f 2927//3095 2935//3103 2942//3110
f 2945//3113 2954//3122 2953//3121
f 2946//3114 2955//3123 2954//3122
f 2948//3116 2955//3123 2947//3115
f 2949//3117 2956//3124 2948//3116
f 2950//3118 2957//3125 2949//3117
f 2951//3119 2958//3126 2950//3118
f 2951//3119 2960//3128 2959//3127
f 2952//3120 2953//3121 2960//3128
f 2953//3121 2962//3130 2961//3129
f 2954//3122 2963//3131 2962//3130
f 2956//3124 2963//3131 2955//3123
f 2957//3125 2964//3132 2956//3124
f 2958//3126 2965//3133 2957//3125
f 2959//3127 2966//3134 2958//3126
f 2959//3127 2968//3136 2967//3135
f 2960//3128 2961//3129 2968//3136
f 2961//3129 2970//3138 2969//3137
f 2962//3130 2971//3139 2970//3138
f 2964//3132 2971//3139 2963//3131
f 2965//3133 2972//3140 2964//3132
f 2966//3134 2973//3141 2965//3133
f 2967//3135 2974//3142 2966//3134
f 2967//3135 2976//3144 2975//3143
f 2968//3136 2969//3137 2976//3144
f 2969//3137 2978//3146 2977//3145
f 2970//3138 2979//3147 2978//3146
f 2972//3140 2979//3147 2971//3139
f 2973//3141 2980//3148 2972//3140
f 2974//3142 2981//3149 2973//3141
f 2975//3143 2982//3150 2974//3142
f 2975//3143 2984//3152 2983//3151
f 2976//3144 2977//3145 2984//3152
f 2977//3145 2986//3154 2985//3153
f 2978//3146 2987//3155 2986//3154
f 2980//3148 2987//3155 2979//3147
f 2981//3149 2988//3156 2980//3148
f 2982//3150 2989//3157 2981//3149
f 2983//3151 2990//3158 2982//3150
f 2983//3151 2992//3160 2991//3159
f 2984//3152 2985//3153 2992//3160
f 2985//3153 2994//3162 2993//3161
f 2986//3154 2995//3163 2994//3162
f 2988//3156 2995//3163 2987//3155
f 2989//3157 2996//3164 2988//3156
f 2990//3158 2997//3165 2989//3157
f 2991//3159 2998//3166 2990//3158
f 2991//3159 3000//3168 2999//3167
f 2992//3160 2993//3161 3000//3168
f 2993//3161 3002//3170 3001//3169
f 2994//3162 3003//3171 3002//3170
f 2996//3164 3003//3171 2995//3163
f 2997//3165 3004//3172 2996//3164
f 2998//3166 3005//3173 2997//3165
f 2999//3167 3006//3174 2998//3166
f 2999//3167 3008//3176 3007//3175
f 3000//3168 3001//3169 3008//3176
f 3001//3169 3010//3178 3009//3177
f 3002//3170 3011//3179 3010//3178
f 3004//3172 3011//3179 3003//3171
f 3005//3173 3012//3180 3004//3172
f 3006//3174 3013//3181 3005//3173
f 3007//3175 3014//3182 3006//3174
f 3007//3175 3016//3184 3015//3183
f 3008//3176 3009//3177 3016//3184
f 3009//3177 3018//3186 3017//3185
f 3010//3178 3019//3187 3018//3186
f 3012//3180 3019//3187 3011//3179
f 3013//3181 3020//3188 3012//3180
f 3014//3182 3021//3189 3013//3181
f 3015//3183 3022//3190 3014//3182
f 3015//3183 3024//3192 3023//3191
f 3016//3184 3017//3185 3024//3192
f 3017//3185 3026//3194 3025//3193
f 3018//3186 3027//3195 3026//3194
f 3020//3188 3027//3195 3019//3187
f 3021//3189 3028//3196 3020//3188
f 3022//3190 3029//3197 3021//3189
f 3023//3191 3030//3198 3022//3190
f 3023//3191 3032//3200 3031//3199
f 3024//3192 3025//3193 3032//3200
f 3026//3194 3033//3201 3025//3193
f 3027//3195 3034//3202 3026//3194
f 3027//3195 3036//3204 3035//3203
f 3028//3196 3037//3205 3036//3204
f 3029//3197 3038//3206 3037//3205
f 3030//3198 3039//3207 3038//3206
f 3032//3200 3039//3207 3031//3199
f 3025//3193 3040//3208 3032//3200
f 3034//3202 3041//3209 3033//3201
f 3035//3203 3042//3210 3034//3202
f 3035//3203 3044//3212 3043//3211
f 3036//3204 3045//3213 3044//3212
f 3037//3205 3046//3214 3045//3213
f 3038//3206 3047//3215 3046//3214
f 3040//3208 3047//3215 3039//3207
f 3033//3201 3048//3216 3040//3208
f 3042//3210 3049//3217 3041//3209
f 3043//3211 3050//3218 3042//3210
f 3043//3211 3052//3220 3051//3219
f 3044//3212 3053//3221 3052//3220
f 3045//3213 3054//3222 3053//3221
f 3046//3214 3055//3223 3054//3222
f 3048//3216 3055//3223 3047//3215
f 3041//3209 3056//3224 3048//3216
f 3050//3218 3057//3225 3049//3217
f 3051//3219 3058//3226 3050//3218
f 3051//3219 3060//3228 3059//3227
f 3052//3220 3061//3229 3060//3228
f 3053//3221 3062//3230 3061//3229
f 3054//3222 3063//3231 3062//3230
f 3056//3224 3063//3231 3055//3223
f 3049//3217 3064//3232 3056//3224
f 3058//3226 3065//3233 3057//3225
f 3059//3227 3066//3234 3058//3226
f 3059//3227 3068//3236 3067//3235
f 3060//3228 3069//3237 3068//3236
f 3061//3229 3070//3238 3069//3237
f 3062//3230 3071//3239 3070//3238
f 3064//3232 3071//3239 3063//3231
f 3057//3225 3072//3240 3064//3232
f 3066//3234 3073//3241 3065//3233
f 3067//3235 3074//3242 3066//3234
f 3067//3235 3076//3244 3075//3243
f 3068//3236 3077//3245 3076//3244
f 3069//3237 3078//3246 3077//3245
f 3070//3238 3079//3247 3078//3246
f 3072//3240 3079//3247 3071//3239
f 3065//3233 3080//3248 3072//3240
f 3074//3242 3081//3249 3073//3241
f 3075//3243 3082//3250 3074//3242
f 3075//3243 3084//3252 3083//3251
f 3076//3244 3085//3253 3084//3252
f 3077//3245 3086//3254 3085//3253
f 3078//3246 3087//3255 3086//3254
f 3080//3248 3087//3255 3079//3247
f 3073//3241 3088//3256 3080//3248
f 3082//3250 3089//3257 3081//3249
f 3083//3251 3090//3258 3082//3250
f 3083//3251 3092//3260 3091//3259
f 3084//3252 3093//3261 3092//3260
f 3085//3253 3094//3262 3093//3261
f 3086//3254 3095//3263 3094//3262
f 3088//3256 3095//3263 3087//3255
f 3081//3249 3096//3264 3088//3256
f 3090//3258 3097//3265 3089//3257
f 3091//3259 3098//3266 3090//3258
f 3091//3259 3100//3268 3099//3267
f 3092//3260 3101//3269 3100//3268
f 3093//3261 3102//3270 3101//3269
f 3094//3262 3103//3271 3102//3270
f 3096//3264 3103//3271 3095//3263
f 3089//3257 3104//3272 3096//3264
f 3098//3266 3105//3273 3097//3265
f 3099//3267 3106//3274 3098//3266
f 3099//3267 3108//3276 3107//3275
f 3100//3268 3109//3277 3108//3276
f 3101//3269 3110//3278 3109//3277
f 3102//3270 3111//3279 3110//3278
f 3104//3272 3111//3279 3103//3271
f 3097//3265 3112//3280 3104//3272
f 3113//3281 2946//3114 2945//3113
f 3114//3282 3105//3273 3106//3274
f 3113//3281 2947//3115 2946//3114
f 3114//3282 3106//3274 3107//3275
f 3113//3281 2948//3116 2947//3115
f 3114//3282 3107//3275 3108//3276
f 3113//3281 2949//3117 2948//3116
f 3114//3282 3108//3276 3109//3277
f 3113//3281 2950//3118 2949//3117
f 3114//3282 3109//3277 3110//3278
f 3113//3281 2951//3119 2950//3118
f 3114//3282 3110//3278 3111//3279
f 3113//3281 2952//3120 2951//3119
f 3114//3282 3111//3279 3112//3280
f 3113//3281 2945//3113 2952//3120
f 3114//3282 3112//3280 3105//3273
f 2945//3113 2946//3114 2954//3122
f 2946//3114 2947//3115 2955//3123
f 2948//3116 2956//3124 2955//3123
f 2949//3117 2957//3125 2956//3124
f 2950//3118 2958//3126 2957//3125
f 2951//3119 2959//3127 2958//3126
f 2951//3119 2952//3120 2960//3128
f 2952//3120 2945//3113 2953//3121
f 2953//3121 2954//3122 2962//3130
f 2954//3122 2955//3123 2963//3131
f 2956//3124 2964//3132 2963//3131
f 2957//3125 2965//3133 2964//3132
f 2958//3126 2966//3134 2965//3133
f 2959//3127 2967//3135 2966//3134
f 2959//3127 2960//3128 2968//3136
f 2960//3128 2953//3121 2961//3129
f 2961//3129 2962//3130 2970//3138
f 2962//3130 2963//3131 2971//3139
f 2964//3132 2972//3140 2971//3139
f 2965//3133 2973//3141 2972//3140
f 2966//3134 2974//3142 2973//3141
f 2967//3135 2975//3143 2974//3142
f 2967//3135 2968//3136 2976//3144
f 2968//3136 2961//3129 2969//3137
f 2969//3137 2970//3138 2978//3146
f 2970//3138 2971//3139 2979//3147
f 2972//3140 2980//3148 2979//3147
f 2973//3141 2981//3149 2980//3148
f 2974//3142 2982//3150 2981//3149
f 2975//3143 2983//3151 2982//3150
f 2975//3143 2976//3144 2984//3152
f 2976//3144 2969//3137 2977//3145
f 2977//3145 2978//3146 2986//3154
f 2978//3146 2979//3147 2987//3155
f 2980//3148 2988//3156 2987//3155
f 2981//3149 2989//3157 2988//3156
f 2982//3150 2990//3158 2989//3157
f 2983//3151 2991//3159 2990//3158
f 2983//3151 2984//3152 2992//3160
f 2984//3152 2977//3145 2985//3153
f 2985//3153 2986//3154 2994//3162
f 2986//3154 2987//3155 2995//3163
f 2988//3156 2996//3164 2995//3163
f 2989//3157 2997//3165 2996//3164
f 2990//3158 2998//3166 2997//3165
f 2991//3159 2999//3167 2998//3166
f 2991//3159 2992//3160 3000//3168
f 2992//3160 2985//3153 2993//3161
f 2993//3161 2994//3162 3002//3170
f 2994//3162 2995//3163 3003//3171
f 2996//3164 3004//3172 3003//3171
f 2997//3165 3005//3173 3004//3172
f 2998//3166 3006//3174 3005//3173
f 2999//3167 3007//3175 3006//3174
f 2999//3167 3000//3168 3008//3176
f 3000//3168 2993//3161 3001//3169
f 3001//3169 3002//3170 3010//3178
f 3002//3170 3003//3171 3011//3179
f 3004//3172 3012//3180 3011//3179
f 3005//3173 3013//3181 3012//3180
f 3006//3174 3014//3182 3013//3181
f 3007//3175 3015//3183 3014//3182
f 3007//3175 3008//3176 3016//3184
f 3008//3176 3001//3169 3009//3177
f 3009//3177 3010//3178 3018//3186
f 3010//3178 3011//3179 3019//3187
f 3012//3180 3020//3188 3019//3187
f 3013//3181 3021//3189 3020//3188
f 3014//3182 3022//3190 3021//3189
f 3015//3183 3023//3191 3022//3190
f 3015//3183 3016//3184 3024//3192
f 3016//3184 3009//3177 3017//3185
f 3017//3185 3018//3186 3026//3194
f 3018//3186 3019//3187 3027//3195
f 3020//3188 3028//3196 3027//3195
f 3021//3189 3029//3197 3028//3196
f 3022//3190 3030//3198 3029//3197
f 3023//3191 3031//3199 3030//3198
f 3023//3191 3024//3192 3032//3200
f 3024//3192 3017//3185 3025//3193
f 3026//3194 3034//3202 3033//3201
f 3027//3195 3035//3203 3034//3202
f 3027//3195 3028//3196 3036//3204
f 3028//3196 3029//3197 3037//3205
f 3029//3197 3030//3198 3038//3206
f 3030//3198 3031//3199 3039//3207
f 3032//3200 3040//3208 3039//3207
f 3025//3193 3033//3201 3040//3208
f 3034//3202 3042//3210 3041//3209
f 3035//3203 3043//3211 3042//3210
f 3035//3203 3036//3204 3044//3212
f 3036//3204 3037//3205 3045//3213
f 3037//3205 3038//3206 3046//3214
f 3038//3206 3039//3207 3047//3215
f 3040//3208 3048//3216 3047//3215
f 3033//3201 3041//3209 3048//3216
f 3042//3210 3050//3218 3049//3217
f 3043//3211 3051//3219 3050//3218
f 3043//3211 3044//3212 3052//3220
f 3044//3212 3045//3213 3053//3221
f 3045//3213 3046//3214 3054//3222
f 3046//3214 3047//3215 3055//3223
f 3048//3216 3056//3224 3055//3223
f 3041//3209 3049//3217 3056//3224
f 3050//3218 3058//3226 3057//3225
f 3051//3219 3059//3227 3058//3226
f 3051//3219 3052//3220 3060//3228
f 3052//3220 3053//3221 3061//3229
f 3053//3221 3054//3222 3062//3230
f 3054//3222 3055//3223 3063//3231
f 3056//3224 3064//3232 3063//3231
f 3049//3217 3057//3225 3064//3232
f 3058//3226 3066//3234 3065//3233
f 3059//3227 3067//3235 3066//3234
f 3059//3227 3060//3228 3068//3236
f 3060//3228 3061//3229 3069//3237
f 3061//3229 3062//3230 3070//3238
f 3062//3230 3063//3231 3071//3239
f 3064//3232 3072//3240 3071//3239
f 3057//3225 3065//3233 3072//3240
f 3066//3234 3074//3242 3073//3241
f 3067//3235 3075//3243 3074//3242
f 3067//3235 3068//3236 3076//3244
f 3068//3236 3069//3237 3077//3245
f 3069//3237 3070//3238 3078//3246
f 3070//3238 3071//3239 3079//3247
f 3072//3240 3080//3248 3079//3247
f 3065//3233 3073//3241 3080//3248
f 3074//3242 3082//3250 3081//3249
f 3075//3243 3083//3251 3082//3250
f 3075//3243 3076//3244 3084//3252
f 3076//3244 3077//3245 3085//3253
f 3077//3245 3078//3246 3086//3254
f 3078//3246 3079//3247 3087//3255
f 3080//3248 3088//3256 3087//3255
f 3073//3241 3081//3249 3088//3256
f 3082//3250 3090//3258 3089//3257
f 3083//3251 3091//3259 3090//3258
f 3083//3251 3084//3252 3092//3260
f 3084//3252 3085//3253 3093//3261
f 3085//3253 3086//3254 3094//3262
f 3086//3254 3087//3255 3095//3263
f 3088//3256 3096//3264 3095//3263
f 3081//3249 3089//3257 3096//3264
f 3090//3258 3098//3266 3097//3265
f 3091//3259 3099//3267 3098//3266
f 3091//3259 3092//3260 3100//3268
f 3092//3260 3093//3261 3101//3269
f 3093//3261 3094//3262 3102//3270
f 3094//3262 3095//3263 3103//3271
f 3096//3264 3104//3272 3103//3271
f 3089//3257 3097//3265 3104//3272
f 3098//3266 3106//3274 3105//3273
f 3099//3267 3107//3275 3106//3274
f 3099//3267 3100//3268 3108//3276
f 3100//3268 3101//3269 3109//3277
f 3101//3269 3102//3270 3110//3278
f 3102//3270 3103//3271 3111//3279
f 3104//3272 3112//3280 3111//3279
f 3097//3265 3105//3273 3112//3280
f 3115//3283 3124//3292 3123//3291
f 3116//3284 3125//3293 3124//3292
f 3118//3286 3125//3293 3117//3285
f 3119//3287 3126//3294 3118//3286
f 3120//3288 3127//3295 3119//3287
f 3121//3289 3128//3296 3120//3288
f 3121//3289 3130//3298 3129//3297
f 3122//3290 3123//3291 3130//3298
f 3123//3291 3132//3300 3131//3299
f 3124//3292 3133//3301 3132//3300
f 3126//3294 3133//3301 3125//3293
f 3127//3295 3134//3302 3126//3294
f 3128//3296 3135//3303 3127//3295
f 3129//3297 3136//3304 3128//3296
f 3129//3297 3138//3306 3137//3305
f 3130//3298 3131//3299 3138//3306
f 3131//3299 3140//3308 3139//3307
f 3132//3300 3141//3309 3140//3308
f 3134//3302 3141//3309 3133//3301
f 3135//3303 3142//3310 3134//3302
f 3136//3304 3143//3311 3135//3303
f 3137//3305 3144//3312 3136//3304
f 3137//3305 3146//3314 3145//3313
f 3138//3306 3139//3307 3146//3314
f 3139//3307 3148//3316 3147//3315
f 3140//3308 3149//3317 3148//3316
f 3142//3310 3149//3317 3141//3309
f 3143//3311 3150//3318 3142//3310
f 3144//3312 3151//3319 3143//3311
f 3145//3313 3152//3320 3144//3312
f 3145//3313 3154//3322 3153//3321
f 3146//3314 3147//3315 3154//3322
f 3147//3315 3156//3324 3155//3323
f 3148//3316 3157//3325 3156//3324
f 3150//3318 3157//3325 3149//3317
f 3151//3319 3158//3326 3150//3318
f 3152//3320 3159//3327 3151//3319
f 3153//3321 3160//3328 3152//3320
f 3153//3321 3162//3330 3161//3329
f 3154//3322 3155//3323 3162//3330
f 3155//3323 3164//3332 3163//3331
f 3156//3324 3165//3333 3164//3332
f 3158//3326 3165//3333 3157//3325
f 3159//3327 3166//3334 3158//3326
f 3160//3328 3167//3335 3159//3327
f 3161//3329 3168//3336 3160//3328
f 3161//3329 3170//3338 3169//3337
f 3162//3330 3163//3331 3170//3338
f 3163//3331 3172//3340 3171//3339
f 3164//3332 3173//3341 3172//3340
f 3166//3334 3173//3341 3165//3333
f 3167//3335 3174//3342 3166//3334
f 3168//3336 3175//3343 3167//3335
f 3169//3337 3176//3344 3168//3336
f 3169//3337 3178//3346 3177//3345
f 3170//3338 3171//3339 3178//3346
f 3171//3339 3180//3348 3179//3347
f 3172//3340 3181//3349 3180//3348
f 3174//3342 3181//3349 3173//3341
f 3175//3343 3182//3350 3174//3342
f 3176//3344 3183//3351 3175//3343
f 3177//3345 3184//3352 3176//3344
f 3177//3345 3186//3354 3185//3353
f 3178//3346 3179//3347 3186//3354
f 3179//3347 3188//3356 3187//3355
f 3180//3348 3189//3357 3188//3356
f 3182//3350 3189//3357 3181//3349
f 3183//3351 3190//3358 3182//3350
f 3184//3352 3191//3359 3183//3351
f 3185//3353 3192//3360 3184//3352
f 3185//3353 3194//3362 3193//3361
f 3186//3354 3187//3355 3194//3362
f 3187//3355 3196//3364 3195//3363
f 3188//3356 3197//3365 3196//3364
f 3190//3358 3197//3365 3189//3357
f 3191//3359 3198//3366 3190//3358
f 3192//3360 3199//3367 3191//3359
f 3193//3361 3200//3368 3192//3360
f 3193//3361 3202//3370 3201//3369
f 3194//3362 3195//3363 3202//3370
f 3196//3364 3203//3371 3195//3363
f 3197//3365 3204//3372 3196//3364
f 3197//3365 3206//3374 3205//3373
f 3198//3366 3207//3375 3206//3374
f 3199//3367 3208//3376 3207//3375
f 3200//3368 3209//3377 3208//3376
f 3202//3370 3209//3377 3201//3369
f 3195//3363 3210//3378 3202//3370
f 3204//3372 3211//3379 3203//3371
f 3205//3373 3212//3380 3204//3372
f 3205//3373 3214//3382 3213//3381
f 3206//3374 3215//3383 3214//3382
f 3207//3375 3216//3384 3215//3383
f 3208//3376 3217//3385 3216//3384
f 3210//3378 3217//3385 3209//3377
f 3203//3371 3218//3386 3210//3378
f 3212//3380 3219//3387 3211//3379
f 3213//3381 3220//3388 3212//3380
f 3213//3381 3222//3390 3221//3389
f 3214//3382 3223//3391 3222//3390
f 3215//3383 3224//3392 3223//3391
f 3216//3384 3225//3393 3224//3392
f 3218//3386 3225//3393 3217//3385
f 3211//3379 3226//3394 3218//3386
f 3220//3388 3227//3395 3219//3387
f 3221//3389 3228//3396 3220//3388
f 3221//3389 3230//3398 3229//3397
f 3222//3390 3231//3399 3230//3398
f 3223//3391 3232//3400 3231//3399
f 3224//3392 3233//3401 3232//3400
f 3226//3394 3233//3401 3225//3393
f 3219//3387 3234//3402 3226//3394
f 3228//3396 3235//3403 3227//3395
f 3229//3397 3236//3404 3228//3396
f 3229//3397 3238//3406 3237//3405
f 3230//3398 3239//3407 3238//3406
f 3231//3399 3240//3408 3239//3407
f 3232//3400 3241//3409 3240//3408
f 3234//3402 3241//3409 3233//3401
f 3227//3395 3242//3410 3234//3402
f 3236//3404 3243//3411 3235//3403
f 3237//3405 3244//3412 3236//3404
f 3237//3405 3246//3414 3245//3413
f 3238//3406 3247//3415 3246//3414
f 3239//3407 3248//3416 3247//3415
f 3240//3408 3249//3417 3248//3416
f 3242//3410 3249//3417 3241//3409
f 3235//3403 3250//3418 3242//3410
f 3244//3412 3251//3419 3243//3411
f 3245//3413 3252//3420 3244//3412
f 3245//3413 3254//3422 3253//3421
f 3246//3414 3255//3423 3254//3422
f 3247//3415 3256//3424 3255//3423
f 3248//3416 3257//3425 3256//3424
f 3250//3418 3257//3425 3249//3417
f 3243//3411 3258//3426 3250//3418
f 3252//3420 3259//3427 3251//3419
f 3253//3421 3260//3428 3252//3420
f 3253//3421 3262//3430 3261//3429
f 3254//3422 3263//3431 3262//3430
f 3255//3423 3264//3432 3263//3431
f 3256//3424 3265//3433 3264//3432
f 3258//3426 3265//3433 3257//3425
f 3251//3419 3266//3434 3258//3426
f 3260//3428 3267//3435 3259//3427
f 3261//3429 3268//3436 3260//3428
f 3261//3429 3270//3438 3269//3437
f 3262//3430 3271//3439 3270//3438
f 3263//3431 3272//3440 3271//3439
f 3264//3432 3273//3441 3272//3440
f 3266//3434 3273//3441 3265//3433
f 3259//3427 3274//3442 3266//3434
f 3268//3436 3275//3443 3267//3435
f 3269//3437 3276//3444 3268//3436
f 3269//3437 3278//3446 3277//3445
f 3270//3438 3279//3447 3278//3446
f 3271//3439 3280//3448 3279//3447
f 3272//3440 3281//3449 3280//3448
f 3274//3442 3281//3449 3273//3441
f 3267//3435 3282//3450 3274//3442
f 3283//3451 3116//3284 3115//3283
f 3284//3452 3275//3443 3276//3444
f 3283//3451 3117//3285 3116//3284
f 3284//3452 3276//3444 3277//3445
f 3283//3451 3118//3286 3117//3285
f 3284//3452 3277//3445 3278//3446
f 3283//3451 3119//3287 3118//3286
f 3284//3452 3278//3446 3279//3447
f 3283//3451 3120//3288 3119//3287
f 3284//3452 3279//3447 3280//3448
f 3283//3451 3121//3289 3120//3288
f 3284//3452 3280//3448 3281//3449
f 3283//3451 3122//3290 3121//3289
f 3284//3452 3281//3449 3282//3450
f 3283//3451 3115//3283 3122//3290
f 3284//3452 3282//3450 3275//3443
f 3115//3283 3116//3284 3124//3292
f 3116//3284 3117//3285 3125//3293
f 3118//3286 3126//3294 3125//3293
f 3119//3287 3127//3295 3126//3294
f 3120//3288 3128//3296 3127//3295
f 3121//3289 3129//3297 3128//3296
f 3121//3289 3122//3290 3130//3298
f 3122//3290 3115//3283 3123//3291
f 3123//3291 3124//3292 3132//3300
f 3124//3292 3125//3293 3133//3301
f 3126//3294 3134//3302 3133//3301
f 3127//3295 3135//3303 3134//3302
f 3128//3296 3136//3304 3135//3303
f 3129//3297 3137//3305 3136//3304
f 3129//3297 3130//3298 3138//3306
f 3130//3298 3123//3291 3131//3299
f 3131//3299 3132//3300 3140//3308
f 3132//3300 3133//3301 3141//3309
f 3134//3302 3142//3310 3141//3309
f 3135//3303 3143//3311 3142//3310
f 3136//3304 3144//3312 3143//3311
f 3137//3305 3145//3313 3144//3312
f 3137//3305 3138//3306 3146//3314
f 3138//3306 3131//3299 3139//3307
f 3139//3307 3140//3308 3148//3316
f 3140//3308 3141//3309 3149//3317
f 3142//3310 3150//3318 3149//3317
f 3143//3311 3151//3319 3150//3318
f 3144//3312 3152//3320 3151//3319
f 3145//3313 3153//3321 3152//3320
f 3145//3313 3146//3314 3154//3322
f 3146//3314 3139//3307 3147//3315
f 3147//3315 3148//3316 3156//3324
f 3148//3316 3149//3317 3157//3325
f 3150//3318 3158//3326 3157//3325
f 3151//3319 3159//3327 3158//3326
f 3152//3320 3160//3328 3159//3327
f 3153//3321 3161//3329 3160//3328
f 3153//3321 3154//3322 3162//3330
f 3154//3322 3147//3315 3155//3323
f 3155//3323 3156//3324 3164//3332
f 3156//3324 3157//3325 3165//3333
f 3158//3326 3166//3334 3165//3333
f 3159//3327 3167//3335 3166//3334
f 3160//3328 3168//3336 3167//3335
f 3161//3329 3169//3337 3168//3336
f 3161//3329 3162//3330 3170//3338
f 3162//3330 3155//3323 3163//3331
f 3163//3331 3164//3332 3172//3340
f 3164//3332 3165//3333 3173//3341
f 3166//3334 3174//3342 3173//3341
f 3167//3335 3175//3343 3174//3342
f 3168//3336 3176//3344 3175//3343
f 3169//3337 3177//3345 3176//3344
f 3169//3337 3170//3338 3178//3346
f 3170//3338 3163//3331 3171//3339
f 3171//3339 3172//3340 3180//3348
f 3172//3340 3173//3341 3181//3349
f 3174//3342 3182//3350 3181//3349
f 3175//3343 3183//3351 3182//3350
f 3176//3344 3184//3352 3183//3351
f 3177//3345 3185//3353 3184//3352
f 3177//3345 3178//3346 3186//3354
f 3178//3346 3171//3339 3179//3347
f 3179//3347 3180//3348 3188//3356
f 3180//3348 3181//3349 3189//3357
f 3182//3350 3190//3358 3189//3357
f 3183//3351 3191//3359 3190//3358
f 3184//3352 3192//3360 3191//3359
f 3185//3353 3193//3361 3192//3360
f 3185//3353 3186//3354 3194//3362
f 3186//3354 3179//3347 3187//3355
f 3187//3355 3188//3356 3196//3364
f 3188//3356 3189//3357 3197//3365
f 3190//3358 3198//3366 3197//3365
f 3191//3359 3199//3367 3198//3366
f 3192//3360 3200//3368 3199//3367
f 3193//3361 3201//3369 3200//3368
f 3193//3361 3194//3362 3202//3370
f 3194//3362 3187//3355 3195//3363
f 3196//3364 3204//3372 3203//3371
f 3197//3365 3205//3373 3204//3372
f 3197//3365 3198//3366 3206//3374
f 3198//3366 3199//3367 3207//3375
f 3199//3367 3200//3368 3208//3376
f 3200//3368 3201//3369 3209//3377
f 3202//3370 3210//3378 3209//3377
f 3195//3363 3203//3371 3210//3378
f 3204//3372 3212//3380 3211//3379
f 3205//3373 3213//3381 3212//3380
f 3205//3373 3206//3374 3214//3382
f 3206//3374 3207//3375 3215//3383
f 3207//3375 3208//3376 3216//3384
f 3208//3376 3209//3377 3217//3385
f 3210//3378 3218//3386 3217//3385
f 3203//3371 3211//3379 3218//3386
f 3212//3380 3220//3388 3219//3387
f 3213//3381 3221//3389 3220//3388
f 3213//3381 3214//3382 3222//3390
f 3214//3382 3215//3383 3223//3391
f 3215//3383 3216//3384 3224//3392
f 3216//3384 3217//3385 3225//3393
f 3218//3386 3226//3394 3225//3393
f 3211//3379 3219//3387 3226//3394
f 3220//3388 3228//3396 3227//3395
f 3221//3389 3229//3397 3228//3396
f 3221//3389 3222//3390 3230//3398
f 3222//3390 3223//3391 3231//3399
f 3223//3391 3224//3392 3232//3400
f 3224//3392 3225//3393 3233//3401
f 3226//3394 3234//3402 3233//3401
f 3219//3387 3227//3395 3234//3402
f 3228//3396 3236//3404 3235//3403
f 3229//3397 3237//3405 3236//3404
f 3229//3397 3230//3398 3238//3406
f 3230//3398 3231//3399 3239//3407
f 3231//3399 3232//3400 3240//3408
f 3232//3400 3233//3401 3241//3409
f 3234//3402 3242//3410 3241//3409
f 3227//3395 3235//3403 3242//3410
f 3236//3404 3244//3412 3243//3411
f 3237//3405 3245//3413 3244//3412
f 3237//3405 3238//3406 3246//3414
f 3238//3406 3239//3407 3247//3415
f 3239//3407 3240//3408 3248//3416
f 3240//3408 3241//3409 3249//3417
f 3242//3410 3250//3418 3249//3417
f 3235//3403 3243//3411 3250//3418
f 3244//3412 3252//3420 3251//3419
f 3245//3413 3253//3421 3252//3420
f 3245//3413 3246//3414 3254//3422
f 3246//3414 3247//3415 3255//3423
f 3247//3415 3248//3416 3256//3424
f 3248//3416 3249//3417 3257//3425
f 3250//3418 3258//3426 3257//3425
f 3243//3411 3251//3419 3258//3426
f 3252//3420 3260//3428 3259//3427
f 3253//3421 3261//3429 3260//3428
f 3253//3421 3254//3422 3262//3430
f 3254//3422 3255//3423 3263//3431
f 3255//3423 3256//3424 3264//3432
f 3256//3424 3257//3425 3265//3433
f 3258//3426 3266//3434 3265//3433
f 3251//3419 3259//3427 3266//3434
f 3260//3428 3268//3436 3267//3435
f 3261//3429 3269//3437 3268//3436
f 3261//3429 3262//3430 3270//3438
f 3262//3430 3263//3431 3271//3439
f 3263//3431 3264//3432 3272//3440
f 3264//3432 3265//3433 3273//3441
f 3266//3434 3274//3442 3273//3441
f 3259//3427 3267//3435 3274//3442
f 3268//3436 3276//3444 3275//3443
f 3269//3437 3277//3445 3276//3444
f 3269//3437 3270//3438 3278//3446
f 3270//3438 3271//3439 3279//3447
f 3271//3439 3272//3440 3280//3448
f 3272//3440 3273//3441 3281//3449
f 3274//3442 3282//3450 3281//3449
f 3267//3435 3275//3443 3282//3450
f 3285//3453 3294//3462 3293//3461
f 3286//3454 3295//3463 3294//3462
f 3288//3456 3295//3463 3287//3455
f 3289//3457 3296//3464 3288//3456
f 3290//3458 3297//3465 3289//3457
f 3291//3459 3298//3466 3290//3458
f 3291//3459 3300//3468 3299//3467
f 3292//3460 3293//3461 3300//3468
f 3293//3461 3302//3470 3301//3469
f 3294//3462 3303//3471 3302//3470
f 3296//3464 3303//3471 3295//3463
f 3297//3465 3304//3472 3296//3464
f 3298//3466 3305//3473 3297//3465
f 3299//3467 3306//3474 3298//3466
f 3299//3467 3308//3476 3307//3475
f 3300//3468 3301//3469 3308//3476
f 3301//3469 3310//3478 3309//3477
f 3302//3470 3311//3479 3310//3478
f 3304//3472 3311//3479 3303//3471
f 3305//3473 3312//3480 3304//3472
f 3306//3474 3313//3481 3305//3473
f 3307//3475 3314//3482 3306//3474
f 3307//3475 3316//3484 3315//3483
f 3308//3476 3309//3477 3316//3484
f 3309//3477 3318//3486 3317//3485
f 3310//3478 3319//3487 3318//3486
f 3312//3480 3319//3487 3311//3479
f 3313//3481 3320//3488 3312//3480
f 3314//3482 3321//3489 3313//3481
f 3315//3483 3322//3490 3314//3482
f 3315//3483 3324//3492 3323//3491
f 3316//3484 3317//3485 3324//3492
f 3317//3485 3326//3494 3325//3493
f 3318//3486 3327//3495 3326//3494
f 3320//3488 3327//3495 3319//3487
f 3321//3489 3328//3496 3320//3488
f 3322//3490 3329//3497 3321//3489
f 3323//3491 3330//3498 3322//3490
f 3323//3491 3332//3500 3331//3499
f 3324//3492 3325//3493 3332//3500
f 3325//3493 3334//3502 3333//3501
f 3326//3494 3335//3503 3334//3502
f 3328//3496 3335//3503 3327//3495
f 3329//3497 3336//3504 3328//3496
f 3330//3498 3337//3505 3329//3497
f 3331//3499 3338//3506 3330//3498
f 3331//3499 3340//3508 3339//3507
f 3332//3500 3333//3501 3340//3508
f 3333//3501 3342//3510 3341//3509
f 3334//3502 3343//3511 3342//3510
f 3336//3504 3343//3511 3335//3503
f 3337//3505 3344//3512 3336//3504
f 3338//3506 3345//3513 3337//3505
f 3339//3507 3346//3514 3338//3506
f 3339//3507 3348//3516 3347//3515
f 3340//3508 3341//3509 3348//3516
f 3341//3509 3350//3518 3349//3517
f 3342//3510 3351//3519 3350//3518
f 3344//3512 3351//3519 3343//3511
f 3345//3513 3352//3520 3344//3512
f 3346//3514 3353//3521 3345//3513
f 3347//3515 3354//3522 3346//3514
f 3347//3515 3356//3524 3355//3523
f 3348//3516 3349//3517 3356//3524
f 3349//3517 3358//3526 3357//3525
f 3350//3518 3359//3527 3358//3526
f 3352//3520 3359//3527 3351//3519
f 3353//3521 3360//3528 3352//3520
f 3354//3522 3361//3529 3353//3521
f 3355//3523 3362//3530 3354//3522
f 3355//3523 3364//3532 3363//3531
f 3356//3524 3357//3525 3364//3532
f 3357//3525 3366//3534 3365//3533
f 3358//3526 3367//3535 3366//3534
f 3360//3528 3367//3535 3359//3527
f 3361//3529 3368//3536 3360//3528
f 3362//3530 3369//3537 3361//3529
f 3363//3531 3370//3538 3362//3530
f 3363//3531 3372//3540 3371//3539
f 3364//3532 3365//3533 3372//3540
f 3366//3534 3373//3541 3365//3533
f 3367//3535 3374//3542 3366//3534
f 3367//3535 3376//3544 3375//3543
f 3368//3536 3377//3545 3376//3544
f 3369//3537 3378//3546 3377//3545
f 3370//3538 3379//3547 3378//3546
f 3372//3540 3379//3547 3371//3539
f 3365//3533 3380//3548 3372//3540
f 3374//3542 3381//3549 3373//3541
f 3375//3543 3382//3550 3374//3542
f 3375//3543 3384//3552 3383//3551
f 3376//3544 3385//3553 3384//3552
f 3377//3545 3386//3554 3385//3553
f 3378//3546 3387//3555 3386//3554
f 3380//3548 3387//3555 3379//3547
f 3373//3541 3388//3556 3380//3548
f 3382//3550 3389//3557 3381//3549
f 3383//3551 3390//3558 3382//3550
f 3383//3551 3392//3560 3391//3559
f 3384//3552 3393//3561 3392//3560
f 3385//3553 3394//3562 3393//3561
f 3386//3554 3395//3563 3394//3562
f 3388//3556 3395//3563 3387//3555
f 3381//3549 3396//3564 3388//3556
f 3390//3558 3397//3565 3389//3557
f 3391//3559 3398//3566 3390//3558
f 3391//3559 3400//3568 3399//3567
f 3392//3560 3401//3569 3400//3568
f 3393//3561 3402//3570 3401//3569
f 3394//3562 3403//3571 3402//3570
f 3396//3564 3403//3571 3395//3563
f 3389//3557 3404//3572 3396//3564
f 3398//3566 3405//3573 3397//3565
f 3399//3567 3406//3574 3398//3566
f 3399//3567 3408//3576 3407//3575
f 3400//3568 3409//3577 3408//3576
f 3401//3569 3410//3578 3409//3577
f 3402//3570 3411//3579 3410//3578
f 3404//3572 3411//3579 3403//3571
f 3397//3565 3412//3580 3404//3572
f 3406//3574 3413//3581 3405//3573
f 3407//3575 3414//3582 3406//3574
f 3407//3575 3416//3584 3415//3583
f 3408//3576 3417//3585 3416//3584
f 3409//3577 3418//3586 3417//3585
f 3410//3578 3419//3587 3418//3586
f 3412//3580 3419//3587 3411//3579
f 3405//3573 3420//3588 3412//3580
f 3414//3582 3421//3589 3413//3581
f 3415//3583 3422//3590 3414//3582
f 3415//3583 3424//3592 3423//3591
f 3416//3584 3425//3593 3424//3592
f 3417//3585 3426//3594 3425//3593
f 3418//3586 3427//3595 3426//3594
f 3420//3588 3427//3595 3419//3587
f 3413//3581 3428//3596 3420//3588
f 3422//3590 3429//3597 3421//3589
f 3423//3591 3430//3598 3422//3590
f 3423//3591 3432//3600 3431//3599
f 3424//3592 3433//3601 3432//3600
f 3425//3593 3434//3602 3433//3601
f 3426//3594 3435//3603 3434//3602
f 3428//3596 3435//3603 3427//3595
f 3421//3589 3436//3604 3428//3596
f 3430//3598 3437//3605 3429//3597
f 3431//3599 3438//3606 3430//3598
f 3431//3599 3440//3608 3439//3607
f 3432//3600 3441//3609 3440//3608
f 3433//3601 3442//3610 3441//3609
f 3434//3602 3443//3611 3442//3610
f 3436//3604 3443//3611 3435//3603
f 3429//3597 3444//3612 3436//3604
f 3438//3606 3445//3613 3437//3605
f 3439//3607 3446//3614 3438//3606
f 3439//3607 3448//3616 3447//3615
f 3440//3608 3449//3617 3448//3616
f 3441//3609 3450//3618 3449//3617
f 3442//3610 3451//3619 3450//3618
f 3444//3612 3451//3619 3443//3611
f 3437//3605 3452//3620 3444//3612
f 3453//3621 3286//3454 3285//3453
f 3454//3622 3445//3613 3446//3614
f 3453//3621 3287//3455 3286//3454
f 3454//3622 3446//3614 3447//3615
f 3453//3621 3288//3456 3287//3455
f 3454//3622 3447//3615 3448//3616
f 3453//3621 3289//3457 3288//3456
f 3454//3622 3448//3616 3449//3617
f 3453//3621 3290//3458 3289//3457
f 3454//3622 3449//3617 3450//3618
f 3453//3621 3291//3459 3290//3458
f 3454//3622 3450//3618 3451//3619
f 3453//3621 3292//3460 3291//3459
f 3454//3622 3451//3619 3452//3620
f 3453//3621 3285//3453 3292//3460
f 3454//3622 3452//3620 3445//3613
f 3285//3453 3286//3454 3294//3462
f 3286//3454 3287//3455 3295//3463
f 3288//3456 3296//3464 3295//3463
f 3289//3457 3297//3465 3296//3464
f 3290//3458 3298//3466 3297//3465
f 3291//3459 3299//3467 3298//3466
f 3291//3459 3292//3460 3300//3468
f 3292//3460 3285//3453 3293//3461
f 3293//3461 3294//3462 3302//3470
f 3294//3462 3295//3463 3303//3471
f 3296//3464 3304//3472 3303//3471
f 3297//3465 3305//3473 3304//3472
f 3298//3466 3306//3474 3305//3473
f 3299//3467 3307//3475 3306//3474
f 3299//3467 3300//3468 3308//3476
f 3300//3468 3293//3461 3301//3469
f 3301//3469 3302//3470 3310//3478
f 3302//3470 3303//3471 3311//3479
f 3304//3472 3312//3480 3311//3479
f 3305//3473 3313//3481 3312//3480
f 3306//3474 3314//3482 3313//3481
f 3307//3475 3315//3483 3314//3482
f 3307//3475 3308//3476 3316//3484
f 3308//3476 3301//3469 3309//3477
f 3309//3477 3310//3478 3318//3486
f 3310//3478 3311//3479 3319//3487
f 3312//3480 3320//3488 3319//3487
f 3313//3481 3321//3489 3320//3488
f 3314//3482 3322//3490 3321//3489
f 3315//3483 3323//3491 3322//3490
f 3315//3483 3316//3484 3324//3492
f 3316//3484 3309//3477 3317//3485
f 3317//3485 3318//3486 3326//3494
f 3318//3486 3319//3487 3327//3495
f 3320//3488 3328//3496 3327//3495
f 3321//3489 3329//3497 3328//3496
f 3322//3490 3330//3498 3329//3497
f 3323//3491 3331//3499 3330//3498
f 3323//3491 3324//3492 3332//3500
f 3324//3492 3317//3485 3325//3493
f 3325//3493 3326//3494 3334//3502
f 3326//3494 3327//3495 3335//3503
f 3328//3496 3336//3504 3335//3503
f 3329//3497 3337//3505 3336//3504
f 3330//3498 3338//3506 3337//3505
f 3331//3499 3339//3507 3338//3506
f 3331//3499 3332//3500 3340//3508
f 3332//3500 3325//3493 3333//3501
f 3333//3501 3334//3502 3342//3510
f 3334//3502 3335//3503 3343//3511
f 3336//3504 3344//3512 3343//3511
f 3337//3505 3345//3513 3344//3512
f 3338//3506 3346//3514 3345//3513
f 3339//3507 3347//3515 3346//3514
f 3339//3507 3340//3508 3348//3516
f 3340//3508 3333//3501 3341//3509
f 3341//3509 3342//3510 3350//3518
f 3342//3510 3343//3511 3351//3519
f 3344//3512 3352//3520 3351//3519
f 3345//3513 3353//3521 3352//3520
f 3346//3514 3354//3522 3353//3521
f 3347//3515 3355//3523 3354//3522
f 3347//3515 3348//3516 3356//3524
f 3348//3516 3341//3509 3349//3517
f 3349//3517 3350//3518 3358//3526
f 3350//3518 3351//3519 3359//3527
f 3352//3520 3360//3528 3359//3527
f 3353//3521 3361//3529 3360//3528
f 3354//3522 3362//3530 3361//3529
f 3355//3523 3363//3531 3362//3530
f 3355//3523 3356//3524 3364//3532
f 3356//3524 3349//3517 3357//3525
f 3357//3525 3358//3526 3366//3534
f 3358//3526 3359//3527 3367//3535
f 3360//3528 3368//3536 3367//3535
f 3361//3529 3369//3537 3368//3536
f 3362//3530 3370//3538 3369//3537
f 3363//3531 3371//3539 3370//3538
f 3363//3531 3364//3532 3372//3540
f 3364//3532 3357//3525 3365//3533
f 3366//3534 3374//3542 3373//3541
f 3367//3535 3375//3543 3374//3542
f 3367//3535 3368//3536 3376//3544
f 3368//3536 3369//3537 3377//3545
f 3369//3537 3370//3538 3378//3546
f 3370//3538 3371//3539 3379//3547
f 3372//3540 3380//3548 3379//3547
f 3365//3533 3373//3541 3380//3548
f 3374//3542 3382//3550 3381//3549
f 3375//3543 3383//3551 3382//3550
f 3375//3543 3376//3544 3384//3552
f 3376//3544 3377//3545 3385//3553
f 3377//3545 3378//3546 3386//3554
f 3378//3546 3379//3547 3387//3555
f 3380//3548 3388//3556 3387//3555
f 3373//3541 3381//3549 3388//3556
f 3382//3550 3390//3558 3389//3557
f 3383//3551 3391//3559 3390//3558
f 3383//3551 3384//3552 3392//3560
f 3384//3552 3385//3553 3393//3561
f 3385//3553 3386//3554 3394//3562
f 3386//3554 3387//3555 3395//3563
f 3388//3556 3396//3564 3395//3563
f 3381//3549 3389//3557 3396//3564
f 3390//3558 3398//3566 3397//3565
f 3391//3559 3399//3567 3398//3566
f 3391//3559 3392//3560 3400//3568
f 3392//3560 3393//3561 3401//3569
f 3393//3561 3394//3562 3402//3570
f 3394//3562 3395//3563 3403//3571
f 3396//3564 3404//3572 3403//3571
f 3389//3557 3397//3565 3404//3572
f 3398//3566 3406//3574 3405//3573
f 3399//3567 3407//3575 3406//3574
f 3399//3567 3400//3568 3408//3576
f 3400//3568 3401//3569 3409//3577
f 3401//3569 3402//3570 3410//3578
f 3402//3570 3403//3571 3411//3579
f 3404//3572 3412//3580 3411//3579
f 3397//3565 3405//3573 3412//3580
f 3406//3574 3414//3582 3413//3581
f 3407//3575 3415//3583 3414//3582
f 3407//3575 3408//3576 3416//3584
f 3408//3576 3409//3577 3417//3585
f 3409//3577 3410//3578 3418//3586
f 3410//3578 3411//3579 3419//3587
f 3412//3580 3420//3588 3419//3587
f 3405//3573 3413//3581 3420//3588
f 3414//3582 3422//3590 3421//3589
f 3415//3583 3423//3591 3422//3590
f 3415//3583 3416//3584 3424//3592
f 3416//3584 3417//3585 3425//3593
f 3417//3585 3418//3586 3426//3594
f 3418//3586 3419//3587 3427//3595
f 3420//3588 3428//3596 3427//3595
f 3413//3581 3421//3589 3428//3596
f 3422//3590 3430//3598 3429//3597
f 3423//3591 3431//3599 3430//3598
f 3423//3591 3424//3592 3432//3600
f 3424//3592 3425//3593 3433//3601
f 3425//3593 3426//3594 3434//3602
f 3426//3594 3427//3595 3435//3603
f 3428//3596 3436//3604 3435//3603
f 3421//3589 3429//3597 3436//3604
f 3430//3598 3438//3606 3437//3605
f 3431//3599 3439//3607 3438//3606
f 3431//3599 3432//3600 3440//3608
f 3432//3600 3433//3601 3441//3609
f 3433//3601 3434//3602 3442//3610
f 3434//3602 3435//3603 3443//3611
f 3436//3604 3444//3612 3443//3611
f 3429//3597 3437//3605 3444//3612
f 3438//3606 3446//3614 3445//3613
f 3439//3607 3447//3615 3446//3614
f 3439//3607 3440//3608 3448//3616
f 3440//3608 3441//3609 3449//3617
f 3441//3609 3442//3610 3450//3618
f 3442//3610 3443//3611 3451//3619
f 3444//3612 3452//3620 3451//3619
f 3437//3605 3445//3613 3452//3620
f 3455//3623 3464//3632 3463//3631
f 3456//3624 3465//3633 3464//3632
f 3458//3626 3465//3633 3457//3625
f 3459//3627 3466//3634 3458//3626
f 3460//3628 3467//3635 3459//3627
f 3461//3629 3468//3636 3460//3628
f 3461//3629 3470//3638 3469//3637
f 3462//3630 3463//3631 3470//3638
f 3463//3631 3472//3640 3471//3639
f 3464//3632 3473//3641 3472//3640
f 3466//3634 3473//3641 3465//3633
f 3467//3635 3474//3642 3466//3634
f 3468//3636 3475//3643 3467//3635
f 3469//3637 3476//3644 3468//3636
f 3469//3637 3478//3646 3477//3645
f 3470//3638 3471//3639 3478//3646
f 3471//3639 3480//3648 3479//3647
f 3472//3640 3481//3649 3480//3648
f 3474//3642 3481//3649 3473//3641
f 3475//3643 3482//3650 3474//3642
f 3476//3644 3483//3651 3475//3643
f 3477//3645 3484//3652 3476//3644
f 3477//3645 3486//3654 3485//3653
f 3478//3646 3479//3647 3486//3654
f 3479//3647 3488//3656 3487//3655
f 3480//3648 3489//3657 3488//3656
f 3482//3650 3489//3657 3481//3649
f 3483//3651 3490//3658 3482//3650
f 3484//3652 3491//3659 3483//3651
f 3485//3653 3492//3660 3484//3652
f 3485//3653 3494//3662 3493//3661
f 3486//3654 3487//3655 3494//3662
f 3487//3655 3496//3664 3495//3663
f 3488//3656 3497//3665 3496//3664
f 3490//3658 3497//3665 3489//3657
f 3491//3659 3498//3666 3490//3658
f 3492//3660 3499//3667 3491//3659
f 3493//3661 3500//3668 3492//3660
f 3493//3661 3502//3670 3501//3669
f 3494//3662 3495//3663 3502//3670
f 3495//3663 3504//3672 3503//3671
f 3496//3664 3505//3673 3504//3672
f 3498//3666 3505//3673 3497//3665
f 3499//3667 3506//3674 3498//3666
f 3500//3668 3507//3675 3499//3667
f 3501//3669 3508//3676 3500//3668
f 3501//3669 3510//3678 3509//3677
f 3502//3670 3503//3671 3510//3678
f 3503//3671 3512//3680 3511//3679
f 3504//3672 3513//3681 3512//3680
f 3506//3674 3513//3681 3505//3673
f 3507//3675 3514//3682 3506//3674
f 3508//3676 3515//3683 3507//3675
f 3509//3677 3516//3684 3508//3676
f 3509//3677 3518//3686 3517//3685
f 3510//3678 3511//3679 3518//3686
f 3511//3679 3520//3688 3519//3687
f 3512//3680 3521//3689 3520//3688
f 3514//3682 3521//3689 3513//3681
f 3515//3683 3522//3690 3514//3682
f 3516//3684 3523//3691 3515//3683
f 3517//3685 3524//3692 3516//3684
f 3517//3685 3526//3694 3525//3693
f 3518//3686 3519//3687 3526//3694
f 3519//3687 3528//3696 3527//3695
f 3520//3688 3529//3697 3528//3696
f 3522//3690 3529//3697 3521//3689
f 3523//3691 3530//3698 3522//3690
f 3524//3692 3531//3699 3523//3691
f 3525//3693 3532//3700 3524//3692
f 3525//3693 3534//3702 3533//3701
f 3526//3694 3527//3695 3534//3702
f 3527//3695 3536//3704 3535//3703
f 3528//3696 3537//3705 3536//3704
f 3530//3698 3537//3705 3529//3697
f 3531//3699 3538//3706 3530//3698
f 3532//3700 3539//3707 3531//3699
f 3533//3701 3540//3708 3532//3700
f 3533//3701 3542//3710 3541//3709
f 3534//3702 3535//3703 3542//3710
f 3536//3704 3543//3711 3535//3703
f 3537//3705 3544//3712 3536//3704
f 3537//3705 3546//3714 3545//3713
f 3538//3706 3547//3715 3546//3714
f 3539//3707 3548//3716 3547//3715
f 3540//3708 3549//3717 3548//3716
f 3542//3710 3549//3717 3541//3709
f 3535//3703 3550//3718 3542//3710
f 3544//3712 3551//3719 3543//3711
f 3545//3713 3552//3720 3544//3712
f 3545//3713 3554//3722 3553//3721
f 3546//3714 3555//3723 3554//3722
f 3547//3715 3556//3724 3555//3723
f 3548//3716 3557//3725 3556//3724
f 3550//3718 3557//3725 3549//3717
f 3543//3711 3558//3726 3550//3718
f 3552//3720 3559//3727 3551//3719
f 3553//3721 3560//3728 3552//3720
f 3553//3721 3562//3730 3561//3729
f 3554//3722 3563//3731 3562//3730
f 3555//3723 3564//3732 3563//3731
f 3556//3724 3565//3733 3564//3732
f 3558//3726 3565//3733 3557//3725
f 3551//3719 3566//3734 3558//3726
f 3560//3728 3567//3735 3559//3727
f 3561//3729 3568//3736 3560//3728
f 3561//3729 3570//3738 3569//3737
f 3562//3730 3571//3739 3570//3738
f 3563//3731 3572//3740 3571//3739
f 3564//3732 3573//3741 3572//3740
f 3566//3734 3573//3741 3565//3733
f 3559//3727 3574//3742 3566//3734
f 3568//3736 3575//3743 3567//3735
f 3569//3737 3576//3744 3568//3736
f 3569//3737 3578//3746 3577//3745
f 3570//3738 3579//3747 3578//3746
f 3571//3739 3580//3748 3579//3747
f 3572//3740 3581//3749 3580//3748
f 3574//3742 3581//3749 3573//3741
f 3567//3735 3582//3750 3574//3742
f 3576//3744 3583//3751 3575//3743
f 3577//3745 3584//3752 3576//3744
f 3577//3745 3586//3754 3585//3753
f 3578//3746 3587//3755 3586//3754
f 3579//3747 3588//3756 3587//3755
f 3580//3748 3589//3757 3588//3756
f 3582//3750 3589//3757 3581//3749
f 3575//3743 3590//3758 3582//3750
f 3584//3752 3591//3759 3583//3751
f 3585//3753 3592//3760 3584//3752
f 3585//3753 3594//3762 3593//3761
f 3586//3754 3595//3763 3594//3762
f 3587//3755 3596//3764 3595//3763
f 3588//3756 3597//3765 3596//3764
f 3590//3758 3597//3765 3589//3757
f 3583//3751 3598//3766 3590//3758
f 3592//3760 3599//3767 3591//3759
f 3593//3761 3600//3768 3592//3760
f 3593//3761 3602//3770 3601//3769
f 3594//3762 3603//3771 3602//3770
f 3595//3763 3604//3772 3603//3771
f 3596//3764 3605//3773 3604//3772
f 3598//3766 3605//3773 3597//3765
f 3591//3759 3606//3774 3598//3766
f 3600//3768 3607//3775 3599//3767
f 3601//3769 3608//3776 3600//3768
f 3601//3769 3610//3778 3609//3777
f 3602//3770 3611//3779 3610//3778
f 3603//3771 3612//3780 3611//3779
f 3604//3772 3613//3781 3612//3780
f 3606//3774 3613//3781 3605//3773
f 3599//3767 3614//3782 3606//3774
f 3608//3776 3615//3783 3607//3775
f 3609//3777 3616//3784 3608//3776
f 3609//3777 3618//3786 3617//3785
f 3610//3778 3619//3787 3618//3786
f 3611//3779 3620//3788 3619//3787
f 3612//3780 3621//3789 3620//3788
f 3614//3782 3621//3789 3613//3781
f 3607//3775 3622//3790 3614//3782
f 3623//3791 3456//3624 3455//3623
f 3624//3792 3615//3783 3616//3784
f 3623//3791 3457//3625 3456//3624
f 3624//3792 3616//3784 3617//3785
f 3623//3791 3458//3626 3457//3625
f 3624//3792 3617//3785 3618//3786
f 3623//3791 3459//3627 3458//3626
f 3624//3792 3618//3786 3619//3787
f 3623//3791 3460//3628 3459//3627
f 3624//3792 3619//3787 3620//3788
f 3623//3791 3461//3629 3460//3628
f 3624//3792 3620//3788 3621//3789
f 3623//3791 3462//3630 3461//3629
f 3624//3792 3621//3789 3622//3790
f 3623//3791 3455//3623 3462//3630
f 3624//3792 3622//3790 3615//3783
f 3455//3623 3456//3624 3464//3632
f 3456//3624 3457//3625 3465//3633
f 3458//3626 3466//3634 3465//3633
f 3459//3627 3467//3635 3466//3634
f 3460//3628 3468//3636 3467//3635
f 3461//3629 3469//3637 3468//3636
f 3461//3629 3462//3630 3470//3638
f 3462//3630 3455//3623 3463//3631
f 3463//3631 3464//3632 3472//3640
f 3464//3632 3465//3633 3473//3641
f 3466//3634 3474//3642 3473//3641
f 3467//3635 3475//3643 3474//3642
f 3468//3636 3476//3644 3475//3643
f 3469//3637 3477//3645 3476//3644
f 3469//3637 3470//3638 3478//3646
f 3470//3638 3463//3631 3471//3639
f 3471//3639 3472//3640 3480//3648
f 3472//3640 3473//3641 3481//3649
f 3474//3642 3482//3650 3481//3649
f 3475//3643 3483//3651 3482//3650
f 3476//3644 3484//3652 3483//3651
f 3477//3645 3485//3653 3484//3652
f 3477//3645 3478//3646 3486//3654
f 3478//3646 3471//3639 3479//3647
f 3479//3647 3480//3648 3488//3656
f 3480//3648 3481//3649 3489//3657
f 3482//3650 3490//3658 3489//3657
f 3483//3651 3491//3659 3490//3658
f 3484//3652 3492//3660 3491//3659
f 3485//3653 3493//3661 3492//3660
f 3485//3653 3486//3654 3494//3662
f 3486//3654 3479//3647 3487//3655
f 3487//3655 3488//3656 3496//3664
f 3488//3656 3489//3657 3497//3665
f 3490//3658 3498//3666 3497//3665
f 3491//3659 3499//3667 3498//3666
f 3492//3660 3500//3668 3499//3667
f 3493//3661 3501//3669 3500//3668
f 3493//3661 3494//3662 3502//3670
f 3494//3662 3487//3655 3495//3663
f 3495//3663 3496//3664 3504//3672
f 3496//3664 3497//3665 3505//3673
f 3498//3666 3506//3674 3505//3673
f 3499//3667 3507//3675 3506//3674
f 3500//3668 3508//3676 3507//3675
f 3501//3669 3509//3677 3508//3676
f 3501//3669 3502//3670 3510//3678
f 3502//3670 3495//3663 3503//3671
f 3503//3671 3504//3672 3512//3680
f 3504//3672 3505//3673 3513//3681
f 3506//3674 3514//3682 3513//3681
f 3507//3675 3515//3683 3514//3682
f 3508//3676 3516//3684 3515//3683
f 3509//3677 3517//3685 3516//3684
f 3509//3677 3510//3678 3518//3686
f 3510//3678 3503//3671 3511//3679
f 3511//3679 3512//3680 3520//3688
f 3512//3680 3513//3681 3521//3689
f 3514//3682 3522//3690 3521//3689
f 3515//3683 3523//3691 3522//3690
f 3516//3684 3524//3692 3523//3691
f 3517//3685 3525//3693 3524//3692
f 3517//3685 3518//3686 3526//3694
f 3518//3686 3511//3679 3519//3687
f 3519//3687 3520//3688 3528//3696
f 3520//3688 3521//3689 3529//3697
f 3522//3690 3530//3698 3529//3697
f 3523//3691 3531//3699 3530//3698
f 3524//3692 3532//3700 3531//3699
f 3525//3693 3533//3701 3532//3700
f 3525//3693 3526//3694 3534//3702
f 3526//3694 3519//3687 3527//3695
f 3527//3695 3528//3696 3536//3704
f 3528//3696 3529//3697 3537//3705
f 3530//3698 3538//3706 3537//3705
f 3531//3699 3539//3707 3538//3706
f 3532//3700 3540//3708 3539//3707
f 3533//3701 3541//3709 3540//3708
f 3533//3701 3534//3702 3542//3710
f 3534//3702 3527//3695 3535//3703
f 3536//3704 3544//3712 3543//3711
f 3537//3705 3545//3713 3544//3712
f 3537//3705 3538//3706 3546//3714
f 3538//3706 3539//3707 3547//3715
f 3539//3707 3540//3708 3548//3716
f 3540//3708 3541//3709 3549//3717
f 3542//3710 3550//3718 3549//3717
f 3535//3703 3543//3711 3550//3718
f 3544//3712 3552//3720 3551//3719
f 3545//3713 3553//3721 3552//3720
f 3545//3713 3546//3714 3554//3722
f 3546//3714 3547//3715 3555//3723
f 3547//3715 3548//3716 3556//3724
f 3548//3716 3549//3717 3557//3725
f 3550//3718 3558//3726 3557//3725
f 3543//3711 3551//3719 3558//3726
f 3552//3720 3560//3728 3559//3727
f 3553//3721 3561//3729 3560//3728
f 3553//3721 3554//3722 3562//3730
f 3554//3722 3555//3723 3563//3731
f 3555//3723 3556//3724 3564//3732
f 3556//3724 3557//3725 3565//3733
f 3558//3726 3566//3734 3565//3733
f 3551//3719 3559//3727 3566//3734
f 3560//3728 3568//3736 3567//3735
f 3561//3729 3569//3737 3568//3736
f 3561//3729 3562//3730 3570//3738
f 3562//3730 3563//3731 3571//3739
f 3563//3731 3564//3732 3572//3740
f 3564//3732 3565//3733 3573//3741
f 3566//3734 3574//3742 3573//3741
f 3559//3727 3567//3735 3574//3742
f 3568//3736 3576//3744 3575//3743
f 3569//3737 3577//3745 3576//3744
f 3569//3737 3570//3738 3578//3746
f 3570//3738 3571//3739 3579//3747
f 3571//3739 3572//3740 3580//3748
f 3572//3740 3573//3741 3581//3749
f 3574//3742 3582//3750 3581//3749
f 3567//3735 3575//3743 3582//3750
f 3576//3744 3584//3752 3583//3751
f 3577//3745 3585//3753 3584//3752
f 3577//3745 3578//3746 3586//3754
f 3578//3746 3579//3747 3587//3755
f 3579//3747 3580//3748 3588//3756
f 3580//3748 3581//3749 3589//3757
f 3582//3750 3590//3758 3589//3757
f 3575//3743 3583//3751 3590//3758
f 3584//3752 3592//3760 3591//3759
f 3585//3753 3593//3761 3592//3760
f 3585//3753 3586//3754 3594//3762
f 3586//3754 3587//3755 3595//3763
f 3587//3755 3588//3756 3596//3764
f 3588//3756 3589//3757 3597//3765
f 3590//3758 3598//3766 3597//3765
f 3583//3751 3591//3759 3598//3766
f 3592//3760 3600//3768 3599//3767
f 3593//3761 3601//3769 3600//3768
f 3593//3761 3594//3762 3602//3770
f 3594//3762 3595//3763 3603//3771
f 3595//3763 3596//3764 3604//3772
f 3596//3764 3597//3765 3605//3773
f 3598//3766 3606//3774 3605//3773
f 3591//3759 3599//3767 3606//3774
f 3600//3768 3608//3776 3607//3775
f 3601//3769 3609//3777 3608//3776
f 3601//3769 3602//3770 3610//3778
f 3602//3770 3603//3771 3611//3779
f 3603//3771 3604//3772 3612//3780
f 3604//3772 3605//3773 3613//3781
f 3606//3774 3614//3782 3613//3781
f 3599//3767 3607//3775 3614//3782
f 3608//3776 3616//3784 3615//3783
f 3609//3777 3617//3785 3616//3784
f 3609//3777 3610//3778 3618//3786
f 3610//3778 3611//3779 3619//3787
f 3611//3779 3612//3780 3620//3788
f 3612//3780 3613//3781 3621//3789
f 3614//3782 3622//3790 3621//3789
f 3607//3775 3615//3783 3622//3790
f 3625//3793 3634//3802 3633//3801
f 3626//3794 3635//3803 3634//3802
f 3628//3796 3635//3803 3627//3795
f 3629//3797 3636//3804 3628//3796
f 3630//3798 3637//3805 3629//3797
f 3631//3799 3638//3806 3630//3798
f 3631//3799 3640//3808 3639//3807
f 3632//3800 3633//3801 3640//3808
f 3633//3801 3642//3810 3641//3809
f 3634//3802 3643//3811 3642//3810
f 3636//3804 3643//3811 3635//3803
f 3637//3805 3644//3812 3636//3804
f 3638//3806 3645//3813 3637//3805
f 3639//3807 3646//3814 3638//3806
f 3639//3807 3648//3816 3647//3815
f 3640//3808 3641//3809 3648//3816
f 3641//3809 3650//3818 3649//3817
f 3642//3810 3651//3819 3650//3818
f 3644//3812 3651//3819 3643//3811
f 3645//3813 3652//3820 3644//3812
f 3646//3814 3653//3821 3645//3813
f 3647//3815 3654//3822 3646//3814
f 3647//3815 3656//3824 3655//3823
f 3648//3816 3649//3817 3656//3824
f 3649//3817 3658//3826 3657//3825
f 3650//3818 3659//3827 3658//3826
f 3652//3820 3659//3827 3651//3819
f 3653//3821 3660//3828 3652//3820
f 3654//3822 3661//3829 3653//3821
f 3655//3823 3662//3830 3654//3822
f 3655//3823 3664//3832 3663//3831
f 3656//3824 3657//3825 3664//3832
f 3657//3825 3666//3834 3665//3833
f 3658//3826 3667//3835 3666//3834
f 3660//3828 3667//3835 3659//3827
f 3661//3829 3668//3836 3660//3828
f 3662//3830 3669//3837 3661//3829
f 3663//3831 3670//3838 3662//3830
f 3663//3831 3672//3840 3671//3839
f 3664//3832 3665//3833 3672//3840
f 3665//3833 3674//3842 3673//3841
f 3666//3834 3675//3843 3674//3842
f 3668//3836 3675//3843 3667//3835
f 3669//3837 3676//3844 3668//3836
f 3670//3838 3677//3845 3669//3837
f 3671//3839 3678//3846 3670//3838
f 3671//3839 3680//3848 3679//3847
f 3672//3840 3673//3841 3680//3848
f 3673//3841 3682//3850 3681//3849
f 3674//3842 3683//3851 3682//3850
f 3676//3844 3683//3851 3675//3843
f 3677//3845 3684//3852 3676//3844
f 3678//3846 3685//3853 3677//3845
f 3679//3847 3686//3854 3678//3846
f 3679//3847 3688//3856 3687//3855
f 3680//3848 3681//3849 3688//3856
f 3681//3849 3690//3858 3689//3857
f 3682//3850 3691//3859 3690//3858
f 3684//3852 3691//3859 3683//3851
f 3685//3853 3692//3860 3684//3852
f 3686//3854 3693//3861 3685//3853
f 3687//3855 3694//3862 3686//3854
f 3687//3855 3696//3864 3695//3863
f 3688//3856 3689//3857 3696//3864
f 3689//3857 3698//3866 3697//3865
f 3690//3858 3699//3867 3698//3866
f 3692//3860 3699//3867 3691//3859
f 3693//3861 3700//3868 3692//3860
f 3694//3862 3701//3869 3693//3861
f 3695//3863 3702//3870 3694//3862
f 3695//3863 3704//3872 3703//3871
f 3696//3864 3697//3865 3704//3872
f 3697//3865 3706//3874 3705//3873
f 3698//3866 3707//3875 3706//3874
f 3700//3868 3707//3875 3699//3867
f 3701//3869 3708//3876 3700//3868
f 3702//3870 3709//3877 3701//3869
f 3703//3871 3710//3878 3702//3870
f 3703//3871 3712//3880 3711//3879
f 3704//3872 3705//3873 3712//3880
f 3706//3874 3713//3881 3705//3873
f 3707//3875 3714//3882 3706//3874
f 3707//3875 3716//3884 3715//3883
f 3708//3876 3717//3885 3716//3884
f 3709//3877 3718//3886 3717//3885
f 3710//3878 3719//3887 3718//3886
f 3712//3880 3719//3887 3711//3879
f 3705//3873 3720//3888 3712//3880
f 3714//3882 3721//3889 3713//3881
f 3715//3883 3722//3890 3714//3882
f 3715//3883 3724//3892 3723//3891
f 3716//3884 3725//3893 3724//3892
f 3717//3885 3726//3894 3725//3893
f 3718//3886 3727//3895 3726//3894
f 3720//3888 3727//3895 3719//3887
f 3713//3881 3728//3896 3720//3888
f 3722//3890 3729//3897 3721//3889
f 3723//3891 3730//3898 3722//3890
f 3723//3891 3732//3900 3731//3899
f 3724//3892 3733//3901 3732//3900
f 3725//3893 3734//3902 3733//3901
f 3726//3894 3735//3903 3734//3902
f 3728//3896 3735//3903 3727//3895
f 3721//3889 3736//3904 3728//3896
f 3730//3898 3737//3905 3729//3897
f 3731//3899 3738//3906 3730//3898
f 3731//3899 3740//3908 3739//3907
f 3732//3900 3741//3909 3740//3908
f 3733//3901 3742//3910 3741//3909
f 3734//3902 3743//3911 3742//3910
f 3736//3904 3743//3911 3735//3903
f 3729//3897 3744//3912 3736//3904
f 3738//3906 3745//3913 3737//3905
f 3739//3907 3746//3914 3738//3906
f 3739//3907 3748//3916 3747//3915
f 3740//3908 3749//3917 3748//3916
f 3741//3909 3750//3918 3749//3917
f 3742//3910 3751//3919 3750//3918
f 3744//3912 3751//3919 3743//3911
f 3737//3905 3752//3920 3744//3912
f 3746//3914 3753//3921 3745//3913
f 3747//3915 3754//3922 3746//3914
f 3747//3915 3756//3924 3755//3923
f 3748//3916 3757//3925 3756//3924
f 3749//3917 3758//3926 3757//3925
f 3750//3918 3759//3927 3758//3926
f 3752//3920 3759//3927 3751//3919
f 3745//3913 3760//3928 3752//3920
f 3754//3922 3761//3929 3753//3921
f 3755//3923 3762//3930 3754//3922
f 3755//3923 3764//3932 3763//3931
f 3756//3924 3765//3933 3764//3932
f 3757//3925 3766//3934 3765//3933
f 3758//3926 3767//3935 3766//3934
f 3760//3928 3767//3935 3759//3927
f 3753//3921 3768//3936 3760//3928
f 3762//3930 3769//3937 3761//3929
f 3763//3931 3770//3938 3762//3930
f 3763//3931 3772//3940 3771//3939
f 3764//3932 3773//3941 3772//3940
f 3765//3933 3774//3942 3773//3941
f 3766//3934 3775//3943 3774//3942
f 3768//3936 3775//3943 3767//3935
f 3761//3929 3776//3944 3768//3936
f 3770//3938 3777//3945 3769//3937
f 3771//3939 3778//3946 3770//3938
f 3771//3939 3780//3948 3779//3947
f 3772//3940 3781//3949 3780//3948
f 3773//3941 3782//3950 3781//3949
f 3774//3942 3783//3951 3782//3950
f 3776//3944 3783//3951 3775//3943
f 3769//3937 3784//3952 3776//3944
f 3778//3946 3785//3953 3777//3945
f 3779//3947 3786//3954 3778//3946
f 3779//3947 3788//3956 3787//3955
f 3780//3948 3789//3957 3788//3956
f 3781//3949 3790//3958 3789//3957
f 3782//3950 3791//3959 3790//3958
f 3784//3952 3791//3959 3783//3951
f 3777//3945 3792//3960 3784//3952
f 3793//3961 3626//3794 3625//3793
f 3794//3962 3785//3953 3786//3954
f 3793//3961 3627//3795 3626//3794
f 3794//3962 3786//3954 3787//3955
f 3793//3961 3628//3796 3627//3795
f 3794//3962 3787//3955 3788//3956
f 3793//3961 3629//3797 3628//3796
f 3794//3962 3788//3956 3789//3957
f 3793//3961 3630//3798 3629//3797
f 3794//3962 3789//3957 3790//3958
f 3793//3961 3631//3799 3630//3798
f 3794//3962 3790//3958 3791//3959
f 3793//3961 3632//3800 3631//3799
f 3794//3962 3791//3959 3792//3960
f 3793//3961 3625//3793 3632//3800
f 3794//3962 3792//3960 3785//3953
f 3625//3793 3626//3794 3634//3802
f 3626//3794 3627//3795 3635//3803
f 3628//3796 3636//3804 3635//3803
f 3629//3797 3637//3805 3636//3804
f 3630//3798 3638//3806 3637//3805
f 3631//3799 3639//3807 3638//3806
f 3631//3799 3632//3800 3640//3808
f 3632//3800 3625//3793 3633//3801
f 3633//3801 3634//3802 3642//3810
f 3634//3802 3635//3803 3643//3811
f 3636//3804 3644//3812 3643//3811
f 3637//3805 3645//3813 3644//3812
f 3638//3806 3646//3814 3645//3813
f 3639//3807 3647//3815 3646//3814
f 3639//3807 3640//3808 3648//3816
f 3640//3808 3633//3801 3641//3809
f 3641//3809 3642//3810 3650//3818
f 3642//3810 3643//3811 3651//3819
f 3644//3812 3652//3820 3651//3819
f 3645//3813 3653//3821 3652//3820
f 3646//3814 3654//3822 3653//3821
f 3647//3815 3655//3823 3654//3822
f 3647//3815 3648//3816 3656//3824
f 3648//3816 3641//3809 3649//3817
f 3649//3817 3650//3818 3658//3826
f 3650//3818 3651//3819 3659//3827
f 3652//3820 3660//3828 3659//3827
f 3653//3821 3661//3829 3660//3828
f 3654//3822 3662//3830 3661//3829
f 3655//3823 3663//3831 3662//3830
f 3655//3823 3656//3824 3664//3832
f 3656//3824 3649//3817 3657//3825
f 3657//3825 3658//3826 3666//3834
f 3658//3826 3659//3827 3667//3835
f 3660//3828 3668//3836 3667//3835
f 3661//3829 3669//3837 3668//3836
f 3662//3830 3670//3838 3669//3837
f 3663//3831 3671//3839 3670//3838
f 3663//3831 3664//3832 3672//3840
f 3664//3832 3657//3825 3665//3833
f 3665//3833 3666//3834 3674//3842
f 3666//3834 3667//3835 3675//3843
f 3668//3836 3676//3844 3675//3843
f 3669//3837 3677//3845 3676//3844
f 3670//3838 3678//3846 3677//3845
f 3671//3839 3679//3847 3678//3846
f 3671//3839 3672//3840 3680//3848
f 3672//3840 3665//3833 3673//3841
f 3673//3841 3674//3842 3682//3850
f 3674//3842 3675//3843 3683//3851
f 3676//3844 3684//3852 3683//3851
f 3677//3845 3685//3853 3684//3852
f 3678//3846 3686//3854 3685//3853
f 3679//3847 3687//3855 3686//3854
f 3679//3847 3680//3848 3688//3856
f 3680//3848 3673//3841 3681//3849
f 3681//3849 3682//3850 3690//3858
f 3682//3850 3683//3851 3691//3859
f 3684//3852 3692//3860 3691//3859
f 3685//3853 3693//3861 3692//3860
f 3686//3854 3694//3862 3693//3861
f 3687//3855 3695//3863 3694//3862
f 3687//3855 3688//3856 3696//3864
f 3688//3856 3681//3849 3689//3857
f 3689//3857 3690//3858 3698//3866
f 3690//3858 3691//3859 3699//3867
f 3692//3860 3700//3868 3699//3867
f 3693//3861 3701//3869 3700//3868
f 3694//3862 3702//3870 3701//3869
f 3695//3863 3703//3871 3702//3870
f 3695//3863 3696//3864 3704//3872
f 3696//3864 3689//3857 3697//3865
f 3697//3865 3698//3866 3706//3874
f 3698//3866 3699//3867 3707//3875
f 3700//3868 3708//3876 3707//3875
f 3701//3869 3709//3877 3708//3876
f 3702//3870 3710//3878 3709//3877
f 3703//3871 3711//3879 3710//3878
f 3703//3871 3704//3872 3712//3880
f 3704//3872 3697//3865 3705//3873
f 3706//3874 3714//3882 3713//3881
f 3707//3875 3715//3883 3714//3882
f 3707//3875 3708//3876 3716//3884
f 3708//3876 3709//3877 3717//3885
f 3709//3877 3710//3878 3718//3886
f 3710//3878 3711//3879 3719//3887
f 3712//3880 3720//3888 3719//3887
f 3705//3873 3713//3881 3720//3888
f 3714//3882 3722//3890 3721//3889
f 3715//3883 3723//3891 3722//3890
f 3715//3883 3716//3884 3724//3892
f 3716//3884 3717//3885 3725//3893
f 3717//3885 3718//3886 3726//3894
f 3718//3886 3719//3887 3727//3895
f 3720//3888 3728//3896 3727//3895
f 3713//3881 3721//3889 3728//3896
f 3722//3890 3730//3898 3729//3897
f 3723//3891 3731//3899 3730//3898
f 3723//3891 3724//3892 3732//3900
f 3724//3892 3725//3893 3733//3901
f 3725//3893 3726//3894 3734//3902
f 3726//3894 3727//3895 3735//3903
f 3728//3896 3736//3904 3735//3903
f 3721//3889 3729//3897 3736//3904
f 3730//3898 3738//3906 3737//3905
f 3731//3899 3739//3907 3738//3906
f 3731//3899 3732//3900 3740//3908
f 3732//3900 3733//3901 3741//3909
f 3733//3901 3734//3902 3742//3910
f 3734//3902 3735//3903 3743//3911
f 3736//3904 3744//3912 3743//3911
f 3729//3897 3737//3905 3744//3912
f 3738//3906 3746//3914 3745//3913
f 3739//3907 3747//3915 3746//3914
f 3739//3907 3740//3908 3748//3916
f 3740//3908 3741//3909 3749//3917
f 3741//3909 3742//3910 3750//3918
f 3742//3910 3743//3911 3751//3919
f 3744//3912 3752//3920 3751//3919
f 3737//3905 3745//3913 3752//3920
f 3746//3914 3754//3922 3753//3921
f 3747//3915 3755//3923 3754//3922
f 3747//3915 3748//3916 3756//3924
f 3748//3916 3749//3917 3757//3925
f 3749//3917 3750//3918 3758//3926
f 3750//3918 3751//3919 3759//3927
f 3752//3920 3760//3928 3759//3927
f 3745//3913 3753//3921 3760//3928
f 3754//3922 3762//3930 3761//3929
f 3755//3923 3763//3931 3762//3930
f 3755//3923 3756//3924 3764//3932
f 3756//3924 3757//3925 3765//3933
f 3757//3925 3758//3926 3766//3934
f 3758//3926 3759//3927 3767//3935
f 3760//3928 3768//3936 3767//3935
f 3753//3921 3761//3929 3768//3936
f 3762//3930 3770//3938 3769//3937
f 3763//3931 3771//3939 3770//3938
f 3763//3931 3764//3932 3772//3940
f 3764//3932 3765//3933 3773//3941
f 3765//3933 3766//3934 3774//3942
f 3766//3934 3767//3935 3775//3943
f 3768//3936 3776//3944 3775//3943
f 3761//3929 3769//3937 3776//3944
f 3770//3938 3778//3946 3777//3945
f 3771//3939 3779//3947 3778//3946
f 3771//3939 3772//3940 3780//3948
f 3772//3940 3773//3941 3781//3949
f 3773//3941 3774//3942 3782//3950
f 3774//3942 3775//3943 3783//3951
f 3776//3944 3784//3952 3783//3951
f 3769//3937 3777//3945 3784//3952
f 3778//3946 3786//3954 3785//3953
f 3779//3947 3787//3955 3786//3954
f 3779//3947 3780//3948 3788//3956
f 3780//3948 3781//3949 3789//3957
f 3781//3949 3782//3950 3790//3958
f 3782//3950 3783//3951 3791//3959
f 3784//3952 3792//3960 3791//3959
f 3777//3945 3785//3953 3792//3960
f 3795//3963 3804//3972 3803//3971
f 3796//3964 3805//3973 3804//3972
f 3798//3966 3805//3973 3797//3965
f 3799//3967 3806//3974 3798//3966
f 3800//3968 3807//3975 3799//3967
f 3801//3969 3808//3976 3800//3968
f 3801//3969 3810//3978 3809//3977
f 3802//3970 3803//3971 3810//3978
f 3803//3971 3812//3980 3811//3979
f 3804//3972 3813//3981 3812//3980
f 3806//3974 3813//3981 3805//3973
f 3807//3975 3814//3982 3806//3974
f 3808//3976 3815//3983 3807//3975
f 3809//3977 3816//3984 3808//3976
f 3809//3977 3818//3986 3817//3985
f 3810//3978 3811//3979 3818//3986
f 3811//3979 3820//3988 3819//3987
f 3812//3980 3821//3989 3820//3988
f 3814//3982 3821//3989 3813//3981
f 3815//3983 3822//3990 3814//3982
f 3816//3984 3823//3991 3815//3983
f 3817//3985 3824//3992 3816//3984
f 3817//3985 3826//3994 3825//3993
f 3818//3986 3819//3987 3826//3994
f 3819//3987 3828//3996 3827//3995
f 3820//3988 3829//3997 3828//3996
f 3822//3990 3829//3997 3821//3989
f 3823//3991 3830//3998 3822//3990
f 3824//3992 3831//3999 3823//3991
f 3825//3993 3832//4000 3824//3992
f 3825//3993 3834//4002 3833//4001
f 3826//3994 3827//3995 3834//4002
f 3827//3995 3836//4004 3835//4003
f 3828//3996 3837//4005 3836//4004
f 3830//3998 3837//4005 3829//3997
f 3831//3999 3838//4006 3830//3998
f 3832//4000 3839//4007 3831//3999
f 3833//4001 3840//4008 3832//4000
f 3833//4001 3842//4010 3841//4009
f 3834//4002 3835//4003 3842//4010
f 3835//4003 3844//4012 3843//4011
f 3836//4004 3845//4013 3844//4012
f 3838//4006 3845//4013 3837//4005
f 3839//4007 3846//4014 3838//4006
f 3840//4008 3847//4015 3839//4007
f 3841//4009 3848//4016 3840//4008
f 3841//4009 3850//4018 3849//4017
f 3842//4010 3843//4011 3850//4018
f 3843//4011 3852//4020 3851//4019
f 3844//4012 3853//4021 3852//4020
f 3846//4014 3853//4021 3845//4013
f 3847//4015 3854//4022 3846//4014
f 3848//4016 3855//4023 3847//4015
f 3849//4017 3856//4024 3848//4016
f 3849//4017 3858//4026 3857//4025
f 3850//4018 3851//4019 3858//4026
f 3851//4019 3860//4028 3859//4027
f 3852//4020 3861//4029 3860//4028
f 3854//4022 3861//4029 3853//4021
f 3855//4023 3862//4030 3854//4022
f 3856//4024 3863//4031 3855//4023
f 3857//4025 3864//4032 3856//4024
f 3857//4025 3866//4034 3865//4033
f 3858//4026 3859//4027 3866//4034
f 3859//4027 3868//4036 3867//4035
f 3860//4028 3869//4037 3868//4036
f 3862//4030 3869//4037 3861//4029
f 3863//4031 3870//4038 3862//4030
f 3864//4032 3871//4039 3863//4031
f 3865//4033 3872//4040 3864//4032
f 3865//4033 3874//4042 3873//4041
f 3866//4034 3867//4035 3874//4042
f 3867//4035 3876//4044 3875//4043
f 3868//4036 3877//4045 3876//4044
f 3870//4038 3877//4045 3869//4037
f 3871//4039 3878//4046 3870//4038
f 3872//4040 3879//4047 3871//4039
f 3873//4041 3880//4048 3872//4040
f 3873//4041 3882//4050 3881//4049
f 3874//4042 3875//4043 3882//4050
f 3876//4044 3883//4051 3875//4043
f 3877//4045 3884//4052 3876//4044
f 3877//4045 3886//4054 3885//4053
f 3878//4046 3887//4055 3886//4054
f 3879//4047 3888//4056 3887//4055
f 3880//4048 3889//4057 3888//4056
f 3882//4050 3889//4057 3881//4049
f 3875//4043 3890//4058 3882//4050
f 3884//4052 3891//4059 3883//4051
f 3885//4053 3892//4060 3884//4052
f 3885//4053 3894//4062 3893//4061
f 3886//4054 3895//4063 3894//4062
f 3887//4055 3896//4064 3895//4063
f 3888//4056 3897//4065 3896//4064
f 3890//4058 3897//4065 3889//4057
f 3883//4051 3898//4066 3890//4058
f 3892//4060 3899//4067 3891//4059
f 3893//4061 3900//4068 3892//4060
f 3893//4061 3902//4070 3901//4069
f 3894//4062 3903//4071 3902//4070
f 3895//4063 3904//4072 3903//4071
f 3896//4064 3905//4073 3904//4072
f 3898//4066 3905//4073 3897//4065
f 3891//4059 3906//4074 3898//4066
f 3900//4068 3907//4075 3899//4067
f 3901//4069 3908//4076 3900//4068
f 3901//4069 3910//4078 3909//4077
f 3902//4070 3911//4079 3910//4078
f 3903//4071 3912//4080 3911//4079
f 3904//4072 3913//4081 3912//4080
f 3906//4074 3913//4081 3905//4073
f 3899//4067 3914//4082 3906//4074
f 3908//4076 3915//4083 3907//4075
f 3909//4077 3916//4084 3908//4076
f 3909//4077 3918//4086 3917//4085
f 3910//4078 3919//4087 3918//4086
f 3911//4079 3920//4088 3919//4087
f 3912//4080 3921//4089 3920//4088
f 3914//4082 3921//4089 3913//4081
f 3907//4075 3922//4090 3914//4082
f 3916//4084 3923//4091 3915//4083
f 3917//4085 3924//4092 3916//4084
f 3917//4085 3926//4094 3925//4093
f 3918//4086 3927//4095 3926//4094
f 3919//4087 3928//4096 3927//4095
f 3920//4088 3929//4097 3928//4096
f 3922//4090 3929//4097 3921//4089
f 3915//4083 3930//4098 3922//4090
f 3924//4092 3931//4099 3923//4091
f 3925//4093 3932//4100 3924//4092
f 3925//4093 3934//4102 3933//4101
f 3926//4094 3935//4103 3934//4102
f 3927//4095 3936//4104 3935//4103
f 3928//4096 3937//4105 3936//4104
f 3930//4098 3937//4105 3929//4097
f 3923//4091 3938//4106 3930//4098
f 3932//4100 3939//4107 3931//4099
f 3933//4101 3940//4108 3932//4100
f 3933//4101 3942//4110 3941//4109
f 3934//4102 3943//4111 3942//4110
f 3935//4103 3944//4112 3943//4111
f 3936//4104 3945//4113 3944//4112
f 3938//4106 3945//4113 3937//4105
f 3931//4099 3946//4114 3938//4106
f 3940//4108 3947//4115 3939//4107
f 3941//4109 3948//4116 3940//4108
f 3941//4109 3950//4118 3949//4117
f 3942//4110 3951//4119 3950//4118
f 3943//4111 3952//4120 3951//4119
f 3944//4112 3953//4121 3952//4120
f 3946//4114 3953//4121 3945//4113
f 3939//4107 3954//4122 3946//4114
f 3948//4116 3955//4123 3947//4115
f 3949//4117 3956//4124 3948//4116
f 3949//4117 3958//4126 3957//4125
f 3950//4118 3959//4127 3958//4126
f 3951//4119 3960//4128 3959//4127
f 3952//4120 3961//4129 3960//4128
f 3954//4122 3961//4129 3953//4121
f 3947//4115 3962//4130 3954//4122
f 3963//4131 3796//3964 3795//3963
f 3964//4132 3955//4123 3956//4124
f 3963//4131 3797//3965 3796//3964
f 3964//4132 3956//4124 3957//4125
f 3963//4131 3798//3966 3797//3965
f 3964//4132 3957//4125 3958//4126
f 3963//4131 3799//3967 3798//3966
f 3964//4132 3958//4126 3959//4127
f 3963//4131 3800//3968 3799//3967
f 3964//4132 3959//4127 3960//4128
f 3963//4131 3801//3969 3800//3968
f 3964//4132 3960//4128 3961//4129
f 3963//4131 3802//3970 3801//3969
f 3964//4132 3961//4129 3962//4130
f 3963//4131 3795//3963 3802//3970
f 3964//4132 3962//4130 3955//4123
f 3795//3963 3796//3964 3804//3972
f 3796//3964 3797//3965 3805//3973
f 3798//3966 3806//3974 3805//3973
f 3799//3967 3807//3975 3806//3974
f 3800//3968 3808//3976 3807//3975
f 3801//3969 3809//3977 3808//3976
f 3801//3969 3802//3970 3810//3978
f 3802//3970 3795//3963 3803//3971
f 3803//3971 3804//3972 3812//3980
f 3804//3972 3805//3973 3813//3981
f 3806//3974 3814//3982 3813//3981
f 3807//3975 3815//3983 3814//3982
f 3808//3976 3816//3984 3815//3983
f 3809//3977 3817//3985 3816//3984
f 3809//3977 3810//3978 3818//3986
f 3810//3978 3803//3971 3811//3979
f 3811//3979 3812//3980 3820//3988
f 3812//3980 3813//3981 3821//3989
f 3814//3982 3822//3990 3821//3989
f 3815//3983 3823//3991 3822//3990
f 3816//3984 3824//3992 3823//3991
f 3817//3985 3825//3993 3824//3992
f 3817//3985 3818//3986 3826//3994
f 3818//3986 3811//3979 3819//3987
f 3819//3987 3820//3988 3828//3996
f 3820//3988 3821//3989 3829//3997
f 3822//3990 3830//3998 3829//3997
f 3823//3991 3831//3999 3830//3998
f 3824//3992 3832//4000 3831//3999
f 3825//3993 3833//4001 3832//4000
f 3825//3993 3826//3994 3834//4002
f 3826//3994 3819//3987 3827//3995
f 3827//3995 3828//3996 3836//4004
f 3828//3996 3829//3997 3837//4005
f 3830//3998 3838//4006 3837//4005
f 3831//3999 3839//4007 3838//4006
f 3832//4000 3840//4008 3839//4007
f 3833//4001 3841//4009 3840//4008
f 3833//4001 3834//4002 3842//4010
f 3834//4002 3827//3995 3835//4003
f 3835//4003 3836//4004 3844//4012
f 3836//4004 3837//4005 3845//4013
f 3838//4006 3846//4014 3845//4013
f 3839//4007 3847//4015 3846//4014
f 3840//4008 3848//4016 3847//4015
f 3841//4009 3849//4017 3848//4016
f 3841//4009 3842//4010 3850//4018
f 3842//4010 3835//4003 3843//4011
f 3843//4011 3844//4012 3852//4020
f 3844//4012 3845//4013 3853//4021
f 3846//4014 3854//4022 3853//4021
f 3847//4015 3855//4023 3854//4022
f 3848//4016 3856//4024 3855//4023
f 3849//4017 3857//4025 3856//4024
f 3849//4017 3850//4018 3858//4026
f 3850//4018 3843//4011 3851//4019
f 3851//4019 3852//4020 3860//4028
f 3852//4020 3853//4021 3861//4029
f 3854//4022 3862//4030 3861//4029
f 3855//4023 3863//4031 3862//4030
f 3856//4024 3864//4032 3863//4031
f 3857//4025 3865//4033 3864//4032
f 3857//4025 3858//4026 3866//4034
f 3858//4026 3851//4019 3859//4027
f 3859//4027 3860//4028 3868//4036
f 3860//4028 3861//4029 3869//4037
f 3862//4030 3870//4038 3869//4037
f 3863//4031 3871//4039 3870//4038
f 3864//4032 3872//4040 3871//4039
f 3865//4033 3873//4041 3872//4040
f 3865//4033 3866//4034 3874//4042
f 3866//4034 3859//4027 3867//4035
f 3867//4035 3868//4036 3876//4044
f 3868//4036 3869//4037 3877//4045
f 3870//4038 3878//4046 3877//4045
f 3871//4039 3879//4047 3878//4046
f 3872//4040 3880//4048 3879//4047
f 3873//4041 3881//4049 3880//4048
f 3873//4041 3874//4042 3882//4050
f 3874//4042 3867//4035 3875//4043
f 3876//4044 3884//4052 3883//4051
f 3877//4045 3885//4053 3884//4052
f 3877//4045 3878//4046 3886//4054
f 3878//4046 3879//4047 3887//4055
f 3879//4047 3880//4048 3888//4056
f 3880//4048 3881//4049 3889//4057
f 3882//4050 3890//4058 3889//4057
f 3875//4043 3883//4051 3890//4058
f 3884//4052 3892//4060 3891//4059
f 3885//4053 3893//4061 3892//4060
f 3885//4053 3886//4054 3894//4062
f 3886//4054 3887//4055 3895//4063
f 3887//4055 3888//4056 3896//4064
f 3888//4056 3889//4057 3897//4065
f 3890//4058 3898//4066 3897//4065
f 3883//4051 3891//4059 3898//4066
f 3892//4060 3900//4068 3899//4067
f 3893//4061 3901//4069 3900//4068
f 3893//4061 3894//4062 3902//4070
f 3894//4062 3895//4063 3903//4071
f 3895//4063 3896//4064 3904//4072
f 3896//4064 3897//4065 3905//4073
f 3898//4066 3906//4074 3905//4073
f 3891//4059 3899//4067 3906//4074
f 3900//4068 3908//4076 3907//4075
f 3901//4069 3909//4077 3908//4076
f 3901//4069 3902//4070 3910//4078
f 3902//4070 3903//4071 3911//4079
f 3903//4071 3904//4072 3912//4080
f 3904//4072 3905//4073 3913//4081
f 3906//4074 3914//4082 3913//4081
f 3899//4067 3907//4075 3914//4082
f 3908//4076 3916//4084 3915//4083
f 3909//4077 3917//4085 3916//4084
f 3909//4077 3910//4078 3918//4086
f 3910//4078 3911//4079 3919//4087
f 3911//4079 3912//4080 3920//4088
f 3912//4080 3913//4081 3921//4089
f 3914//4082 3922//4090 3921//4089
f 3907//4075 3915//4083 3922//4090
f 3916//4084 3924//4092 3923//4091
f 3917//4085 3925//4093 3924//4092
f 3917//4085 3918//4086 3926//4094
f 3918//4086 3919//4087 3927//4095
f 3919//4087 3920//4088 3928//4096
f 3920//4088 3921//4089 3929//4097
f 3922//4090 3930//4098 3929//4097
f 3915//4083 3923//4091 3930//4098
f 3924//4092 3932//4100 3931//4099
f 3925//4093 3933//4101 3932//4100
f 3925//4093 3926//4094 3934//4102
f 3926//4094 3927//4095 3935//4103
f 3927//4095 3928//4096 3936//4104
f 3928//4096 3929//4097 3937//4105
f 3930//4098 3938//4106 3937//4105
f 3923//4091 3931//4099 3938//4106
f 3932//4100 3940//4108 3939//4107
f 3933//4101 3941//4109 3940//4108
f 3933//4101 3934//4102 3942//4110
f 3934//4102 3935//4103 3943//4111
f 3935//4103 3936//4104 3944//4112
f 3936//4104 3937//4105 3945//4113
f 3938//4106 3946//4114 3945//4113
f 3931//4099 3939//4107 3946//4114
f 3940//4108 3948//4116 3947//4115
f 3941//4109 3949//4117 3948//4116
f 3941//4109 3942//4110 3950//4118
f 3942//4110 3943//4111 3951//4119
f 3943//4111 3944//4112 3952//4120
f 3944//4112 3945//4113 3953//4121
f 3946//4114 3954//4122 3953//4121
f 3939//4107 3947//4115 3954//4122
f 3948//4116 3956//4124 3955//4123
f 3949//4117 3957//4125 3956//4124
f 3949//4117 3950//4118 3958//4126
f 3950//4118 3951//4119 3959//4127
f 3951//4119 3952//4120 3960//4128
f 3952//4120 3953//4121 3961//4129
f 3954//4122 3962//4130 3961//4129
f 3947//4115 3955//4123 3962//4130
f 3965//4133 3974//4142 3973//4141
f 3966//4134 3975//4143 3974//4142
f 3968//4136 3975//4143 3967//4135
f 3969//4137 3976//4144 3968//4136
f 3970//4138 3977//4145 3969//4137
f 3971//4139 3978//4146 3970//4138
f 3971//4139 3980//4148 3979//4147
f 3972//4140 3973//4141 3980//4148
f 3973//4141 3982//4150 3981//4149
f 3974//4142 3983//4151 3982//4150
f 3976//4144 3983//4151 3975//4143
f 3977//4145 3984//4152 3976//4144
f 3978//4146 3985//4153 3977//4145
f 3979//4147 3986//4154 3978//4146
f 3979//4147 3988//4156 3987//4155
f 3980//4148 3981//4149 3988//4156
f 3981//4149 3990//4158 3989//4157
f 3982//4150 3991//4159 3990//4158
f 3984//4152 3991//4159 3983//4151
f 3985//4153 3992//4160 3984//4152
f 3986//4154 3993//4161 3985//4153
f 3987//4155 3994//4162 3986//4154
f 3987//4155 3996//4164 3995//4163
f 3988//4156 3989//4157 3996//4164
f 3989//4157 3998//4166 3997//4165
f 3990//4158 3999//4167 3998//4166
f 3992//4160 3999//4167 3991//4159
f 3993//4161 4000//4168 3992//4160
f 3994//4162 4001//4169 3993//4161
f 3995//4163 4002//4170 3994//4162
f 3995//4163 4004//4172 4003//4171
f 3996//4164 3997//4165 4004//4172
f 3997//4165 4006//4174 4005//4173
f 3998//4166 4007//4175 4006//4174
f 4000//4168 4007//4175 3999//4167
f 4001//4169 4008//4176 4000//4168
f 4002//4170 4009//4177 4001//4169
f 4003//4171 4010//4178 4002//4170
f 4003//4171 4012//4180 4011//4179
f 4004//4172 4005//4173 4012//4180
f 4005//4173 4014//4182 4013//4181
f 4006//4174 4015//4183 4014//4182
f 4008//4176 4015//4183 4007//4175
f 4009//4177 4016//4184 4008//4176
f 4010//4178 4017//4185 4009//4177
f 4011//4179 4018//4186 4010//4178
f 4011//4179 4020//4188 4019//4187
f 4012//4180 4013//4181 4020//4188
f 4013//4181 4022//4190 4021//4189
f 4014//4182 4023//4191 4022//4190
f 4016//4184 4023//4191 4015//4183
f 4017//4185 4024//4192 4016//4184
f 4018//4186 4025//4193 4017//4185
f 4019//4187 4026//4194 4018//4186
f 4019//4187 4028//4196 4027//4195
f 4020//4188 4021//4189 4028//4196
f 4021//4189 4030//4198 4029//4197
f 4022//4190 4031//4199 4030//4198
f 4024//4192 4031//4199 4023//4191
f 4025//4193 4032//4200 4024//4192
f 4026//4194 4033//4201 4025//4193
f 4027//4195 4034//4202 4026//4194
f 4027//4195 4036//4204 4035//4203
f 4028//4196 4029//4197 4036//4204
f 4029//4197 4038//4206 4037//4205
f 4030//4198 4039//4207 4038//4206
f 4032//4200 4039//4207 4031//4199
f 4033//4201 4040//4208 4032//4200
f 4034//4202 4041//4209 4033//4201
f 4035//4203 4042//4210 4034//4202
f 4035//4203 4044//4212 4043//4211
f 4036//4204 4037//4205 4044//4212
f 4037//4205 4046//4214 4045//4213
f 4038//4206 4047//4215 4046//4214
f 4040//4208 4047//4215 4039//4207
f 4041//4209 4048//4216 4040//4208
f 4042//4210 4049//4217 4041//4209
f 4043//4211 4050//4218 4042//4210
f 4043//4211 4052//4220 4051//4219
f 4044//4212 4045//4213 4052//4220
f 4046//4214 4053//4221 4045//4213
f 4047//4215 4054//4222 4046//4214
f 4047//4215 4056//4224 4055//4223
f 4048//4216 4057//4225 4056//4224
f 4049//4217 4058//4226 4057//4225
f 4050//4218 4059//4227 4058//4226
f 4052//4220 4059//4227 4051//4219
f 4045//4213 4060//4228 4052//4220
f 4054//4222 4061//4229 4053//4221
f 4055//4223 4062//4230 4054//4222
f 4055//4223 4064//4232 4063//4231
f 4056//4224 4065//4233 4064//4232
f 4057//4225 4066//4234 4065//4233
f 4058//4226 4067//4235 4066//4234
f 4060//4228 4067//4235 4059//4227
f 4053//4221 4068//4236 4060//4228
f 4062//4230 4069//4237 4061//4229
f 4063//4231 4070//4238 4062//4230
f 4063//4231 4072//4240 4071//4239
f 4064//4232 4073//4241 4072//4240
f 4065//4233 4074//4242 4073//4241
f 4066//4234 4075//4243 4074//4242
f 4068//4236 4075//4243 4067//4235
f 4061//4229 4076//4244 4068//4236
f 4070//4238 4077//4245 4069//4237
f 4071//4239 4078//4246 4070//4238
f 4071//4239 4080//4248 4079//4247
f 4072//4240 4081//4249 4080//4248
f 4073//4241 4082//4250 4081//4249
f 4074//4242 4083//4251 4082//4250
f 4076//4244 4083//4251 4075//4243
f 4069//4237 4084//4252 4076//4244
f 4078//4246 4085//4253 4077//4245
f 4079//4247 4086//4254 4078//4246
f 4079//4247 4088//4256 4087//4255
f 4080//4248 4089//4257 4088//4256
f 4081//4249 4090//4258 4089//4257
f 4082//4250 4091//4259 4090//4258
f 4084//4252 4091//4259 4083//4251
f 4077//4245 4092//4260 4084//4252
f 4086//4254 4093//4261 4085//4253
f 4087//4255 4094//4262 4086//4254
f 4087//4255 4096//4264 4095//4263
f 4088//4256 4097//4265 4096//4264
f 4089//4257 4098//4266 4097//4265
f 4090//4258 4099//4267 4098//4266
f 4092//4260 4099//4267 4091//4259
f 4085//4253 4100//4268 4092//4260
f 4094//4262 4101//4269 4093//4261
f 4095//4263 4102//4270 4094//4262
f 4095//4263 4104//4272 4103//4271
f 4096//4264 4105//4273 4104//4272
f 4097//4265 4106//4274 4105//4273
f 4098//4266 4107//4275 4106//4274
f 4100//4268 4107//4275 4099//4267
f 4093//4261 4108//4276 4100//4268
f 4102//4270 4109//4277 4101//4269
f 4103//4271 4110//4278 4102//4270
f 4103//4271 4112//4280 4111//4279
f 4104//4272 4113//4281 4112//4280
f 4105//4273 4114//4282 4113//4281
f 4106//4274 4115//4283 4114//4282
f 4108//4276 4115//4283 4107//4275
f 4101//4269 4116//4284 4108//4276
f 4110//4278 4117//4285 4109//4277
f 4111//4279 4118//4286 4110//4278
f 4111//4279 4120//4288 4119//4287
f 4112//4280 4121//4289 4120//4288
f 4113//4281 4122//4290 4121//4289
f 4114//4282 4123//4291 4122//4290
f 4116//4284 4123//4291 4115//4283
f 4109//4277 4124//4292 4116//4284
f 4118//4286 4125//4293 4117//4285
f 4119//4287 4126//4294 4118//4286
f 4119//4287 4128//4296 4127//4295
f 4120//4288 4129//4297 4128//4296
f 4121//4289 4130//4298 4129//4297
f 4122//4290 4131//4299 4130//4298
f 4124//4292 4131//4299 4123//4291
f 4117//4285 4132//4300 4124//4292
f 4133//4301 3966//4134 3965//4133
f 4134//4302 4125//4293 4126//4294
f 4133//4301 3967//4135 3966//4134
f 4134//4302 4126//4294 4127//4295
f 4133//4301 3968//4136 3967//4135
f 4134//4302 4127//4295 4128//4296
f 4133//4301 3969//4137 3968//4136
f 4134//4302 4128//4296 4129//4297
f 4133//4301 3970//4138 3969//4137
f 4134//4302 4129//4297 4130//4298
f 4133//4301 3971//4139 3970//4138
f 4134//4302 4130//4298 4131//4299
f 4133//4301 3972//4140 3971//4139
f 4134//4302 4131//4299 4132//4300
f 4133//4301 3965//4133 3972//4140
f 4134//4302 4132//4300 4125//4293
f 3965//4133 3966//4134 3974//4142
f 3966//4134 3967//4135 3975//4143
f 3968//4136 3976//4144 3975//4143
f 3969//4137 3977//4145 3976//4144
f 3970//4138 3978//4146 3977//4145
f 3971//4139 3979//4147 3978//4146
f 3971//4139 3972//4140 3980//4148
f 3972//4140 3965//4133 3973//4141
f 3973//4141 3974//4142 3982//4150
f 3974//4142 3975//4143 3983//4151
f 3976//4144 3984//4152 3983//4151
f 3977//4145 3985//4153 3984//4152
f 3978//4146 3986//4154 3985//4153
f 3979//4147 3987//4155 3986//4154
f 3979//4147 3980//4148 3988//4156
f 3980//4148 3973//4141 3981//4149
f 3981//4149 3982//4150 3990//4158
f 3982//4150 3983//4151 3991//4159
f 3984//4152 3992//4160 3991//4159
f 3985//4153 3993//4161 3992//4160
f 3986//4154 3994//4162 3993//4161
f 3987//4155 3995//4163 3994//4162
f 3987//4155 3988//4156 3996//4164
f 3988//4156 3981//4149 3989//4157
f 3989//4157 3990//4158 3998//4166
f 3990//4158 3991//4159 3999//4167
f 3992//4160 4000//4168 3999//4167
f 3993//4161 4001//4169 4000//4168
f 3994//4162 4002//4170 4001//4169
f 3995//4163 4003//4171 4002//4170
f 3995//4163 3996//4164 4004//4172
f 3996//4164 3989//4157 3997//4165
f 3997//4165 3998//4166 4006//4174
f 3998//4166 3999//4167 4007//4175
f 4000//4168 4008//4176 4007//4175
f 4001//4169 4009//4177 4008//4176
f 4002//4170 4010//4178 4009//4177
f 4003//4171 4011//4179 4010//4178
f 4003//4171 4004//4172 4012//4180
f 4004//4172 3997//4165 4005//4173
f 4005//4173 4006//4174 4014//4182
f 4006//4174 4007//4175 4015//4183
f 4008//4176 4016//4184 4015//4183
f 4009//4177 4017//4185 4016//4184
f 4010//4178 4018//4186 4017//4185
f 4011//4179 4019//4187 4018//4186
f 4011//4179 4012//4180 4020//4188
f 4012//4180 4005//4173 4013//4181
f 4013//4181 4014//4182 4022//4190
f 4014//4182 4015//4183 4023//4191
f 4016//4184 4024//4192 4023//4191
f 4017//4185 4025//4193 4024//4192
f 4018//4186 4026//4194 4025//4193
f 4019//4187 4027//4195 4026//4194
f 4019//4187 4020//4188 4028//4196
f 4020//4188 4013//4181 4021//4189
f 4021//4189 4022//4190 4030//4198
f 4022//4190 4023//4191 4031//4199
f 4024//4192 4032//4200 4031//4199
f 4025//4193 4033//4201 4032//4200
f 4026//4194 4034//4202 4033//4201
f 4027//4195 4035//4203 4034//4202
f 4027//4195 4028//4196 4036//4204
f 4028//4196 4021//4189 4029//4197
f 4029//4197 4030//4198 4038//4206
f 4030//4198 4031//4199 4039//4207
f 4032//4200 4040//4208 4039//4207
f 4033//4201 4041//4209 4040//4208
f 4034//4202 4042//4210 4041//4209
f 4035//4203 4043//4211 4042//4210
f 4035//4203 4036//4204 4044//4212
f 4036//4204 4029//4197 4037//4205
f 4037//4205 4038//4206 4046//4214
f 4038//4206 4039//4207 4047//4215
f 4040//4208 4048//4216 4047//4215
f 4041//4209 4049//4217 4048//4216
f 4042//4210 4050//4218 4049//4217
f 4043//4211 4051//4219 4050//4218
f 4043//4211 4044//4212 4052//4220
f 4044//4212 4037//4205 4045//4213
f 4046//4214 4054//4222 4053//4221
f 4047//4215 4055//4223 4054//4222
f 4047//4215 4048//4216 4056//4224
f 4048//4216 4049//4217 4057//4225
f 4049//4217 4050//4218 4058//4226
f 4050//4218 4051//4219 4059//4227
f 4052//4220 4060//4228 4059//4227
f 4045//4213 4053//4221 4060//4228
f 4054//4222 4062//4230 4061//4229
f 4055//4223 4063//4231 4062//4230
f 4055//4223 4056//4224 4064//4232
f 4056//4224 4057//4225 4065//4233
f 4057//4225 4058//4226 4066//4234
f 4058//4226 4059//4227 4067//4235
f 4060//4228 4068//4236 4067//4235
f 4053//4221 4061//4229 4068//4236
f 4062//4230 4070//4238 4069//4237
f 4063//4231 4071//4239 4070//4238
f 4063//4231 4064//4232 4072//4240
f 4064//4232 4065//4233 4073//4241
f 4065//4233 4066//4234 4074//4242
f 4066//4234 4067//4235 4075//4243
f 4068//4236 4076//4244 4075//4243
f 4061//4229 4069//4237 4076//4244
f 4070//4238 4078//4246 4077//4245
f 4071//4239 4079//4247 4078//4246
f 4071//4239 4072//4240 4080//4248
f 4072//4240 4073//4241 4081//4249
f 4073//4241 4074//4242 4082//4250
f 4074//4242 4075//4243 4083//4251
f 4076//4244 4084//4252 4083//4251
f 4069//4237 4077//4245 4084//4252
f 4078//4246 4086//4254 4085//4253
f 4079//4247 4087//4255 4086//4254
f 4079//4247 4080//4248 4088//4256
f 4080//4248 4081//4249 4089//4257
f 4081//4249 4082//4250 4090//4258
f 4082//4250 4083//4251 4091//4259
f 4084//4252 4092//4260 4091//4259
f 4077//4245 4085//4253 4092//4260
f 4086//4254 4094//4262 4093//4261
f 4087//4255 4095//4263 4094//4262
f 4087//4255 4088//4256 4096//4264
f 4088//4256 4089//4257 4097//4265
f 4089//4257 4090//4258 4098//4266
f 4090//4258 4091//4259 4099//4267
f 4092//4260 4100//4268 4099//4267
f 4085//4253 4093//4261 4100//4268
f 4094//4262 4102//4270 4101//4269
f 4095//4263 4103//4271 4102//4270
f 4095//4263 4096//4264 4104//4272
f 4096//4264 4097//4265 4105//4273
f 4097//4265 4098//4266 4106//4274
f 4098//4266 4099//4267 4107//4275
f 4100//4268 4108//4276 4107//4275
f 4093//4261 4101//4269 4108//4276
f 4102//4270 4110//4278 4109//4277
f 4103//4271 4111//4279 4110//4278
f 4103//4271 4104//4272 4112//4280
f 4104//4272 4105//4273 4113//4281
f 4105//4273 4106//4274 4114//4282
f 4106//4274 4107//4275 4115//4283
f 4108//4276 4116//4284 4115//4283
f 4101//4269 4109//4277 4116//4284
f 4110//4278 4118//4286 4117//4285
f 4111//4279 4119//4287 4118//4286
f 4111//4279 4112//4280 4120//4288
f 4112//4280 4113//4281 4121//4289
f 4113//4281 4114//4282 4122//4290
f 4114//4282 4115//4283 4123//4291
f 4116//4284 4124//4292 4123//4291
f 4109//4277 4117//4285 4124//4292
f 4118//4286 4126//4294 4125//4293
f 4119//4287 4127//4295 4126//4294
f 4119//4287 4120//4288 4128//4296
f 4120//4288 4121//4289 4129//4297
f 4121//4289 4122//4290 4130//4298
f 4122//4290 4123//4291 4131//4299
f 4124//4292 4132//4300 4131//4299
f 4117//4285 4125//4293 4132//4300
f 4135//4303 4144//4312 4143//4311
f 4136//4304 4145//4313 4144//4312
f 4138//4306 4145//4313 4137//4305
f 4139//4307 4146//4314 4138//4306
f 4140//4308 4147//4315 4139//4307
f 4141//4309 4148//4316 4140//4308
f 4141//4309 4150//4318 4149//4317
f 4142//4310 4143//4311 4150//4318
f 4143//4311 4152//4320 4151//4319
f 4144//4312 4153//4321 4152//4320
f 4146//4314 4153//4321 4145//4313
f 4147//4315 4154//4322 4146//4314
f 4148//4316 4155//4323 4147//4315
f 4149//4317 4156//4324 4148//4316
f 4149//4317 4158//4326 4157//4325
f 4150//4318 4151//4319 4158//4326
f 4151//4319 4160//4328 4159//4327
f 4152//4320 4161//4329 4160//4328
f 4154//4322 4161//4329 4153//4321
f 4155//4323 4162//4330 4154//4322
f 4156//4324 4163//4331 4155//4323
f 4157//4325 4164//4332 4156//4324
f 4157//4325 4166//4334 4165//4333
f 4158//4326 4159//4327 4166//4334
f 4159//4327 4168//4336 4167//4335
f 4160//4328 4169//4337 4168//4336
f 4162//4330 4169//4337 4161//4329
f 4163//4331 4170//4338 4162//4330
f 4164//4332 4171//4339 4163//4331
f 4165//4333 4172//4340 4164//4332
f 4165//4333 4174//4342 4173//4341
f 4166//4334 4167//4335 4174//4342
f 4167//4335 4176//4344 4175//4343
f 4168//4336 4177//4345 4176//4344
f 4170//4338 4177//4345 4169//4337
f 4171//4339 4178//4346 4170//4338
f 4172//4340 4179//4347 4171//4339
f 4173//4341 4180//4348 4172//4340
f 4173//4341 4182//4350 4181//4349
f 4174//4342 4175//4343 4182//4350
f 4175//4343 4184//4352 4183//4351
f 4176//4344 4185//4353 4184//4352
f 4178//4346 4185//4353 4177//4345
f 4179//4347 4186//4354 4178//4346
f 4180//4348 4187//4355 4179//4347
f 4181//4349 4188//4356 4180//4348
f 4181//4349 4190//4358 4189//4357
f 4182//4350 4183//4351 4190//4358
f 4183//4351 4192//4360 4191//4359
f 4184//4352 4193//4361 4192//4360
f 4186//4354 4193//4361 4185//4353
f 4187//4355 4194//4362 4186//4354
f 4188//4356 4195//4363 4187//4355
f 4189//4357 4196//4364 4188//4356
f 4189//4357 4198//4366 4197//4365
f 4190//4358 4191//4359 4198//4366
f 4191//4359 4200//4368 4199//4367
f 4192//4360 4201//4369 4200//4368
f 4194//4362 4201//4369 4193//4361
f 4195//4363 4202//4370 4194//4362
f 4196//4364 4203//4371 4195//4363
f 4197//4365 4204//4372 4196//4364
f 4197//4365 4206//4374 4205//4373
f 4198//4366 4199//4367 4206//4374
f 4199//4367 4208//4376 4207//4375
f 4200//4368 4209//4377 4208//4376
f 4202//4370 4209//4377 4201//4369
f 4203//4371 4210//4378 4202//4370
f 4204//4372 4211//4379 4203//4371
f 4205//4373 4212//4380 4204//4372
f 4205//4373 4214//4382 4213//4381
f 4206//4374 4207//4375 4214//4382
f 4207//4375 4216//4384 4215//4383
f 4208//4376 4217//4385 4216//4384
f 4210//4378 4217//4385 4209//4377
f 4211//4379 4218//4386 4210//4378
f 4212//4380 4219//4387 4211//4379
f 4213//4381 4220//4388 4212//4380
f 4213//4381 4222//4390 4221//4389
f 4214//4382 4215//4383 4222//4390
f 4216//4384 4223//4391 4215//4383
f 4217//4385 4224//4392 4216//4384
f 4217//4385 4226//4394 4225//4393
f 4218//4386 4227//4395 4226//4394
f 4219//4387 4228//4396 4227//4395
f 4220//4388 4229//4397 4228//4396
f 4222//4390 4229//4397 4221//4389
f 4215//4383 4230//4398 4222//4390
f 4224//4392 4231//4399 4223//4391
f 4225//4393 4232//4400 4224//4392
f 4225//4393 4234//4402 4233//4401
f 4226//4394 4235//4403 4234//4402
f 4227//4395 4236//4404 4235//4403
f 4228//4396 4237//4405 4236//4404
f 4230//4398 4237//4405 4229//4397
f 4223//4391 4238//4406 4230//4398
f 4232//4400 4239//4407 4231//4399
f 4233//4401 4240//4408 4232//4400
f 4233//4401 4242//4410 4241//4409
f 4234//4402 4243//4411 4242//4410
f 4235//4403 4244//4412 4243//4411
f 4236//4404 4245//4413 4244//4412
f 4238//4406 4245//4413 4237//4405
f 4231//4399 4246//4414 4238//4406
f 4240//4408 4247//4415 4239//4407
f 4241//4409 4248//4416 4240//4408
f 4241//4409 4250//4418 4249//4417
f 4242//4410 4251//4419 4250//4418
f 4243//4411 4252//4420 4251//4419
f 4244//4412 4253//4421 4252//4420
f 4246//4414 4253//4421 4245//4413
f 4239//4407 4254//4422 4246//4414
f 4248//4416 4255//4423 4247//4415
f 4249//4417 4256//4424 4248//4416
f 4249//4417 4258//4426 4257//4425
f 4250//4418 4259//4427 4258//4426
f 4251//4419 4260//4428 4259//4427
f 4252//4420 4261//4429 4260//4428
f 4254//4422 4261//4429 4253//4421
f 4247//4415 4262//4430 4254//4422
f 4256//4424 4263//4431 4255//4423
f 4257//4425 4264//4432 4256//4424
f 4257//4425 4266//4434 4265//4433
f 4258//4426 4267//4435 4266//4434
f 4259//4427 4268//4436 4267//4435
f 4260//4428 4269//4437 4268//4436
f 4262//4430 4269//4437 4261//4429
f 4255//4423 4270//4438 4262//4430
f 4264//4432 4271//4439 4263//4431
f 4265//4433 4272//4440 4264//4432
f 4265//4433 4274//4442 4273//4441
f 4266//4434 4275//4443 4274//4442
f 4267//4435 4276//4444 4275//4443
f 4268//4436 4277//4445 4276//4444
f 4270//4438 4277//4445 4269//4437
f 4263//4431 4278//4446 4270//4438
f 4272//4440 4279//4447 4271//4439
f 4273//4441 4280//4448 4272//4440
f 4273//4441 4282//4450 4281//4449
f 4274//4442 4283//4451 4282//4450
f 4275//4443 4284//4452 4283//4451
f 4276//4444 4285//4453 4284//4452
f 4278//4446 4285//4453 4277//4445
f 4271//4439 4286//4454 4278//4446
f 4280//4448 4287//4455 4279//4447
f 4281//4449 4288//4456 4280//4448
f 4281//4449 4290//4458 4289//4457
f 4282//4450 4291//4459 4290//4458
f 4283//4451 4292//4460 4291//4459
f 4284//4452 4293//4461 4292//4460
f 4286//4454 4293//4461 4285//4453
f 4279//4447 4294//4462 4286//4454
f 4288//4456 4295//4463 4287//4455
f 4289//4457 4296//4464 4288//4456
f 4289//4457 4298//4466 4297//4465
f 4290//4458 4299//4467 4298//4466
f 4291//4459 4300//4468 4299//4467
f 4292//4460 4301//4469 4300//4468
f 4294//4462 4301//4469 4293//4461
f 4287//4455 4302//4470 4294//4462
f 4303//4471 4136//4304 4135//4303
f 4304//4472 4295//4463 4296//4464
f 4303//4471 4137//4305 4136//4304
f 4304//4472 4296//4464 4297//4465
f 4303//4471 4138//4306 4137//4305
f 4304//4472 4297//4465 4298//4466
f 4303//4471 4139//4307 4138//4306
f 4304//4472 4298//4466 4299//4467
f 4303//4471 4140//4308 4139//4307
f 4304//4472 4299//4467 4300//4468
f 4303//4471 4141//4309 4140//4308
f 4304//4472 4300//4468 4301//4469
f 4303//4471 4142//4310 4141//4309
f 4304//4472 4301//4469 4302//4470
f 4303//4471 4135//4303 4142//4310
f 4304//4472 4302//4470 4295//4463
f 4135//4303 4136//4304 4144//4312
f 4136//4304 4137//4305 4145//4313
f 4138//4306 4146//4314 4145//4313
f 4139//4307 4147//4315 4146//4314
f 4140//4308 4148//4316 4147//4315
f 4141//4309 4149//4317 4148//4316
f 4141//4309 4142//4310 4150//4318
f 4142//4310 4135//4303 4143//4311
f 4143//4311 4144//4312 4152//4320
f 4144//4312 4145//4313 4153//4321
f 4146//4314 4154//4322 4153//4321
f 4147//4315 4155//4323 4154//4322
f 4148//4316 4156//4324 4155//4323
f 4149//4317 4157//4325 4156//4324
f 4149//4317 4150//4318 4158//4326
f 4150//4318 4143//4311 4151//4319
f 4151//4319 4152//4320 4160//4328
f 4152//4320 4153//4321 4161//4329
f 4154//4322 4162//4330 4161//4329
f 4155//4323 4163//4331 4162//4330
f 4156//4324 4164//4332 4163//4331
f 4157//4325 4165//4333 4164//4332
f 4157//4325 4158//4326 4166//4334
f 4158//4326 4151//4319 4159//4327
f 4159//4327 4160//4328 4168//4336
f 4160//4328 4161//4329 4169//4337
f 4162//4330 4170//4338 4169//4337
f 4163//4331 4171//4339 4170//4338
f 4164//4332 4172//4340 4171//4339
f 4165//4333 4173//4341 4172//4340
f 4165//4333 4166//4334 4174//4342
f 4166//4334 4159//4327 4167//4335
f 4167//4335 4168//4336 4176//4344
f 4168//4336 4169//4337 4177//4345
f 4170//4338 4178//4346 4177//4345
f 4171//4339 4179//4347 4178//4346
f 4172//4340 4180//4348 4179//4347
f 4173//4341 4181//4349 4180//4348
f 4173//4341 4174//4342 4182//4350
f 4174//4342 4167//4335 4175//4343
f 4175//4343 4176//4344 4184//4352
f 4176//4344 4177//4345 4185//4353
f 4178//4346 4186//4354 4185//4353
f 4179//4347 4187//4355 4186//4354
f 4180//4348 4188//4356 4187//4355
f 4181//4349 4189//4357 4188//4356
f 4181//4349 4182//4350 4190//4358
f 4182//4350 4175//4343 4183//4351
f 4183//4351 4184//4352 4192//4360
f 4184//4352 4185//4353 4193//4361
f 4186//4354 4194//4362 4193//4361
f 4187//4355 4195//4363 4194//4362
f 4188//4356 4196//4364 4195//4363
f 4189//4357 4197//4365 4196//4364
f 4189//4357 4190//4358 4198//4366
f 4190//4358 4183//4351 4191//4359
f 4191//4359 4192//4360 4200//4368
f 4192//4360 4193//4361 4201//4369
f 4194//4362 4202//4370 4201//4369
f 4195//4363 4203//4371 4202//4370
f 4196//4364 4204//4372 4203//4371
f 4197//4365 4205//4373 4204//4372
f 4197//4365 4198//4366 4206//4374
f 4198//4366 4191//4359 4199//4367
f 4199//4367 4200//4368 4208//4376
f 4200//4368 4201//4369 4209//4377
f 4202//4370 4210//4378 4209//4377
f 4203//4371 4211//4379 4210//4378
f 4204//4372 4212//4380 4211//4379
f 4205//4373 4213//4381 4212//4380
f 4205//4373 4206//4374 4214//4382
f 4206//4374 4199//4367 4207//4375
f 4207//4375 4208//4376 4216//4384
f 4208//4376 4209//4377 4217//4385
f 4210//4378 4218//4386 4217//4385
f 4211//4379 4219//4387 4218//4386
f 4212//4380 4220//4388 4219//4387
f 4213//4381 4221//4389 4220//4388
f 4213//4381 4214//4382 4222//4390
f 4214//4382 4207//4375 4215//4383
f 4216//4384 4224//4392 4223//4391
f 4217//4385 4225//4393 4224//4392
f 4217//4385 4218//4386 4226//4394
f 4218//4386 4219//4387 4227//4395
f 4219//4387 4220//4388 4228//4396
f 4220//4388 4221//4389 4229//4397
f 4222//4390 4230//4398 4229//4397
f 4215//4383 4223//4391 4230//4398
f 4224//4392 4232//4400 4231//4399
f 4225//4393 4233//4401 4232//4400
f 4225//4393 4226//4394 4234//4402
f 4226//4394 4227//4395 4235//4403
f 4227//4395 4228//4396 4236//4404
f 4228//4396 4229//4397 4237//4405
f 4230//4398 4238//4406 4237//4405
f 4223//4391 4231//4399 4238//4406
f 4232//4400 4240//4408 4239//4407
f 4233//4401 4241//4409 4240//4408
f 4233//4401 4234//4402 4242//4410
f 4234//4402 4235//4403 4243//4411
f 4235//4403 4236//4404 4244//4412
f 4236//4404 4237//4405 4245//4413
f 4238//4406 4246//4414 4245//4413
f 4231//4399 4239//4407 4246//4414
f 4240//4408 4248//4416 4247//4415
f 4241//4409 4249//4417 4248//4416
f 4241//4409 4242//4410 4250//4418
f 4242//4410 4243//4411 4251//4419
f 4243//4411 4244//4412 4252//4420
f 4244//4412 4245//4413 4253//4421
f 4246//4414 4254//4422 4253//4421
f 4239//4407 4247//4415 4254//4422
f 4248//4416 4256//4424 4255//4423
f 4249//4417 4257//4425 4256//4424
f 4249//4417 4250//4418 4258//4426
f 4250//4418 4251//4419 4259//4427
f 4251//4419 4252//4420 4260//4428
f 4252//4420 4253//4421 4261//4429
f 4254//4422 4262//4430 4261//4429
f 4247//4415 4255//4423 4262//4430
f 4256//4424 4264//4432 4263//4431
f 4257//4425 4265//4433 4264//4432
f 4257//4425 4258//4426 4266//4434
f 4258//4426 4259//4427 4267//4435
f 4259//4427 4260//4428 4268//4436
f 4260//4428 4261//4429 4269//4437
f 4262//4430 4270//4438 4269//4437
f 4255//4423 4263//4431 4270//4438
f 4264//4432 4272//4440 4271//4439
f 4265//4433 4273//4441 4272//4440
f 4265//4433 4266//4434 4274//4442
f 4266//4434 4267//4435 4275//4443
f 4267//4435 4268//4436 4276//4444
f 4268//4436 4269//4437 4277//4445
f 4270//4438 4278//4446 4277//4445
f 4263//4431 4271//4439 4278//4446
f 4272//4440 4280//4448 4279//4447
f 4273//4441 4281//4449 4280//4448
f 4273//4441 4274//4442 4282//4450
f 4274//4442 4275//4443 4283//4451
f 4275//4443 4276//4444 4284//4452
f 4276//4444 4277//4445 4285//4453
f 4278//4446 4286//4454 4285//4453
f 4271//4439 4279//4447 4286//4454
f 4280//4448 4288//4456 4287//4455
f 4281//4449 4289//4457 4288//4456
f 4281//4449 4282//4450 4290//4458
f 4282//4450 4283//4451 4291//4459
f 4283//4451 4284//4452 4292//4460
f 4284//4452 4285//4453 4293//4461
f 4286//4454 4294//4462 4293//4461
f 4279//4447 4287//4455 4294//4462
f 4288//4456 4296//4464 4295//4463
f 4289//4457 4297//4465 4296//4464
f 4289//4457 4290//4458 4298//4466
f 4290//4458 4291//4459 4299//4467
f 4291//4459 4292//4460 4300//4468
f 4292//4460 4293//4461 4301//4469
f 4294//4462 4302//4470 4301//4469
f 4287//4455 4295//4463 4302//4470
f 4305//4473 4314//4482 4313//4481
f 4306//4474 4315//4483 4314//4482
f 4308//4476 4315//4483 4307//4475
f 4309//4477 4316//4484 4308//4476
f 4310//4478 4317//4485 4309//4477
f 4311//4479 4318//4486 4310//4478
f 4311//4479 4320//4488 4319//4487
f 4312//4480 4313//4481 4320//4488
f 4313//4481 4322//4490 4321//4489
f 4314//4482 4323//4491 4322//4490
f 4316//4484 4323//4491 4315//4483
f 4317//4485 4324//4492 4316//4484
f 4318//4486 4325//4493 4317//4485
f 4319//4487 4326//4494 4318//4486
f 4319//4487 4328//4496 4327//4495
f 4320//4488 4321//4489 4328//4496
f 4321//4489 4330//4498 4329//4497
f 4322//4490 4331//4499 4330//4498
f 4324//4492 4331//4499 4323//4491
f 4325//4493 4332//4500 4324//4492
f 4326//4494 4333//4501 4325//4493
f 4327//4495 4334//4502 4326//4494
f 4327//4495 4336//4504 4335//4503
f 4328//4496 4329//4497 4336//4504
f 4329//4497 4338//4506 4337//4505
f 4330//4498 4339//4507 4338//4506
f 4332//4500 4339//4507 4331//4499
f 4333//4501 4340//4508 4332//4500
f 4334//4502 4341//4509 4333//4501
f 4335//4503 4342//4510 4334//4502
f 4335//4503 4344//4512 4343//4511
f 4336//4504 4337//4505 4344//4512
f 4337//4505 4346//4514 4345//4513
f 4338//4506 4347//4515 4346//4514
f 4340//4508 4347//4515 4339//4507
f 4341//4509 4348//4516 4340//4508
f 4342//4510 4349//4517 4341//4509
f 4343//4511 4350//4518 4342//4510
f 4343//4511 4352//4520 4351//4519
f 4344//4512 4345//4513 4352//4520
f 4345//4513 4354//4522 4353//4521
f 4346//4514 4355//4523 4354//4522
f 4348//4516 4355//4523 4347//4515
f 4349//4517 4356//4524 4348//4516
f 4350//4518 4357//4525 4349//4517
f 4351//4519 4358//4526 4350//4518
f 4351//4519 4360//4528 4359//4527
f 4352//4520 4353//4521 4360//4528
f 4353//4521 4362//4530 4361//4529
f 4354//4522 4363//4531 4362//4530
f 4356//4524 4363//4531 4355//4523
f 4357//4525 4364//4532 4356//4524
f 4358//4526 4365//4533 4357//4525
f 4359//4527 4366//4534 4358//4526
f 4359//4527 4368//4536 4367//4535
f 4360//4528 4361//4529 4368//4536
f 4361//4529 4370//4538 4369//4537
f 4362//4530 4371//4539 4370//4538
f 4364//4532 4371//4539 4363//4531
f 4365//4533 4372//4540 4364//4532
f 4366//4534 4373//4541 4365//4533
f 4367//4535 4374//4542 4366//4534
f 4367//4535 4376//4544 4375//4543
f 4368//4536 4369//4537 4376//4544
f 4369//4537 4378//4546 4377//4545
f 4370//4538 4379//4547 4378//4546
f 4372//4540 4379//4547 4371//4539
f 4373//4541 4380//4548 4372//4540
f 4374//4542 4381//4549 4373//4541
f 4375//4543 4382//4550 4374//4542
f 4375//4543 4384//4552 4383//4551
f 4376//4544 4377//4545 4384//4552
f 4377//4545 4386//4554 4385//4553
f 4378//4546 4387//4555 4386//4554
f 4380//4548 4387//4555 4379//4547
f 4381//4549 4388//4556 4380//4548
f 4382//4550 4389//4557 4381//4549
f 4383//4551 4390//4558 4382//4550
f 4383//4551 4392//4560 4391//4559
f 4384//4552 4385//4553 4392//4560
f 4386//4554 4393//4561 4385//4553
f 4387//4555 4394//4562 4386//4554
f 4387//4555 4396//4564 4395//4563
f 4388//4556 4397//4565 4396//4564
f 4389//4557 4398//4566 4397//4565
f 4390//4558 4399//4567 4398//4566
f 4392//4560 4399//4567 4391//4559
f 4385//4553 4400//4568 4392//4560
f 4394//4562 4401//4569 4393//4561
f 4395//4563 4402//4570 4394//4562
f 4395//4563 4404//4572 4403//4571
f 4396//4564 4405//4573 4404//4572
f 4397//4565 4406//4574 4405//4573
f 4398//4566 4407//4575 4406//4574
f 4400//4568 4407//4575 4399//4567
f 4393//4561 4408//4576 4400//4568
f 4402//4570 4409//4577 4401//4569
f 4403//4571 4410//4578 4402//4570
f 4403//4571 4412//4580 4411//4579
f 4404//4572 4413//4581 4412//4580
f 4405//4573 4414//4582 4413//4581
f 4406//4574 4415//4583 4414//4582
f 4408//4576 4415//4583 4407//4575
f 4401//4569 4416//4584 4408//4576
f 4410//4578 4417//4585 4409//4577
f 4411//4579 4418//4586 4410//4578
f 4411//4579 4420//4588 4419//4587
f 4412//4580 4421//4589 4420//4588
f 4413//4581 4422//4590 4421//4589
f 4414//4582 4423//4591 4422//4590
f 4416//4584 4423//4591 4415//4583
f 4409//4577 4424//4592 4416//4584
f 4418//4586 4425//4593 4417//4585
f 4419//4587 4426//4594 4418//4586
f 4419//4587 4428//4596 4427//4595
f 4420//4588 4429//4597 4428//4596
f 4421//4589 4430//4598 4429//4597
f 4422//4590 4431//4599 4430//4598
f 4424//4592 4431//4599 4423//4591
f 4417//4585 4432//4600 4424//4592
f 4426//4594 4433//4601 4425//4593
f 4427//4595 4434//4602 4426//4594
f 4427//4595 4436//4604 4435//4603
f 4428//4596 4437//4605 4436//4604
f 4429//4597 4438//4606 4437//4605
f 4430//4598 4439//4607 4438//4606
f 4432//4600 4439//4607 4431//4599
f 4425//4593 4440//4608 4432//4600
f 4434//4602 4441//4609 4433//4601
f 4435//4603 4442//4610 4434//4602
f 4435//4603 4444//4612 4443//4611
f 4436//4604 4445//4613 4444//4612
f 4437//4605 4446//4614 4445//4613
f 4438//4606 4447//4615 4446//4614
f 4440//4608 4447//4615 4439//4607
f 4433//4601 4448//4616 4440//4608
f 4442//4610 4449//4617 4441//4609
f 4443//4611 4450//4618 4442//4610
f 4443//4611 4452//4620 4451//4619
f 4444//4612 4453//4621 4452//4620
f 4445//4613 4454//4622 4453//4621
f 4446//4614 4455//4623 4454//4622
f 4448//4616 4455//4623 4447//4615
f 4441//4609 4456//4624 4448//4616
f 4450//4618 4457//4625 4449//4617
f 4451//4619 4458//4626 4450//4618
f 4451//4619 4460//4628 4459//4627
f 4452//4620 4461//4629 4460//4628
f 4453//4621 4462//4630 4461//4629
f 4454//4622 4463//4631 4462//4630
f 4456//4624 4463//4631 4455//4623
f 4449//4617 4464//4632 4456//4624
f 4458//4626 4465//4633 4457//4625
f 4459//4627 4466//4634 4458//4626
f 4459//4627 4468//4636 4467//4635
f 4460//4628 4469//4637 4468//4636
f 4461//4629 4470//4638 4469//4637
f 4462//4630 4471//4639 4470//4638
f 4464//4632 4471//4639 4463//4631
f 4457//4625 4472//4640 4464//4632
f 4473//4641 4306//4474 4305//4473
f 4474//4642 4465//4633 4466//4634
f 4473//4641 4307//4475 4306//4474
f 4474//4642 4466//4634 4467//4635
f 4473//4641 4308//4476 4307//4475
f 4474//4642 4467//4635 4468//4636
f 4473//4641 4309//4477 4308//4476
f 4474//4642 4468//4636 4469//4637
f 4473//4641 4310//4478 4309//4477
f 4474//4642 4469//4637 4470//4638
f 4473//4641 4311//4479 4310//4478
f 4474//4642 4470//4638 4471//4639
f 4473//4641 4312//4480 4311//4479
f 4474//4642 4471//4639 4472//4640
f 4473//4641 4305//4473 4312//4480
f 4474//4642 4472//4640 4465//4633
f 4305//4473 4306//4474 4314//4482
f 4306//4474 4307//4475 4315//4483
f 4308//4476 4316//4484 4315//4483
f 4309//4477 4317//4485 4316//4484
f 4310//4478 4318//4486 4317//4485
f 4311//4479 4319//4487 4318//4486
f 4311//4479 4312//4480 4320//4488
f 4312//4480 4305//4473 4313//4481
f 4313//4481 4314//4482 4322//4490
f 4314//4482 4315//4483 4323//4491
f 4316//4484 4324//4492 4323//4491
f 4317//4485 4325//4493 4324//4492
f 4318//4486 4326//4494 4325//4493
f 4319//4487 4327//4495 4326//4494
f 4319//4487 4320//4488 4328//4496
f 4320//4488 4313//4481 4321//4489
f 4321//4489 4322//4490 4330//4498
f 4322//4490 4323//4491 4331//4499
f 4324//4492 4332//4500 4331//4499
f 4325//4493 4333//4501 4332//4500
f 4326//4494 4334//4502 4333//4501
f 4327//4495 4335//4503 4334//4502
f 4327//4495 4328//4496 4336//4504
f 4328//4496 4321//4489 4329//4497
f 4329//4497 4330//4498 4338//4506
f 4330//4498 4331//4499 4339//4507
f 4332//4500 4340//4508 4339//4507
f 4333//4501 4341//4509 4340//4508
f 4334//4502 4342//4510 4341//4509
f 4335//4503 4343//4511 4342//4510
f 4335//4503 4336//4504 4344//4512
f 4336//4504 4329//4497 4337//4505
f 4337//4505 4338//4506 4346//4514
f 4338//4506 4339//4507 4347//4515
f 4340//4508 4348//4516 4347//4515
f 4341//4509 4349//4517 4348//4516
f 4342//4510 4350//4518 4349//4517
f 4343//4511 4351//4519 4350//4518
f 4343//4511 4344//4512 4352//4520
f 4344//4512 4337//4505 4345//4513
f 4345//4513 4346//4514 4354//4522
f 4346//4514 4347//4515 4355//4523
f 4348//4516 4356//4524 4355//4523
f 4349//4517 4357//4525 4356//4524
f 4350//4518 4358//4526 4357//4525
f 4351//4519 4359//4527 4358//4526
f 4351//4519 4352//4520 4360//4528
f 4352//4520 4345//4513 4353//4521
f 4353//4521 4354//4522 4362//4530
f 4354//4522 4355//4523 4363//4531
f 4356//4524 4364//4532 4363//4531
f 4357//4525 4365//4533 4364//4532
f 4358//4526 4366//4534 4365//4533
f 4359//4527 4367//4535 4366//4534
f 4359//4527 4360//4528 4368//4536
f 4360//4528 4353//4521 4361//4529
f 4361//4529 4362//4530 4370//4538
f 4362//4530 4363//4531 4371//4539
f 4364//4532 4372//4540 4371//4539
f 4365//4533 4373//4541 4372//4540
f 4366//4534 4374//4542 4373//4541
f 4367//4535 4375//4543 4374//4542
f 4367//4535 4368//4536 4376//4544
f 4368//4536 4361//4529 4369//4537
f 4369//4537 4370//4538 4378//4546
f 4370//4538 4371//4539 4379//4547
f 4372//4540 4380//4548 4379//4547
f 4373//4541 4381//4549 4380//4548
f 4374//4542 4382//4550 4381//4549
f 4375//4543 4383//4551 4382//4550
f 4375//4543 4376//4544 4384//4552
f 4376//4544 4369//4537 4377//4545
f 4377//4545 4378//4546 4386//4554
f 4378//4546 4379//4547 4387//4555
f 4380//4548 4388//4556 4387//4555
f 4381//4549 4389//4557 4388//4556
f 4382//4550 4390//4558 4389//4557
f 4383//4551 4391//4559 4390//4558
f 4383//4551 4384//4552 4392//4560
f 4384//4552 4377//4545 4385//4553
f 4386//4554 4394//4562 4393//4561
f 4387//4555 4395//4563 4394//4562
f 4387//4555 4388//4556 4396//4564
f 4388//4556 4389//4557 4397//4565
f 4389//4557 4390//4558 4398//4566
f 4390//4558 4391//4559 4399//4567
f 4392//4560 4400//4568 4399//4567
f 4385//4553 4393//4561 4400//4568
f 4394//4562 4402//4570 4401//4569
f 4395//4563 4403//4571 4402//4570
f 4395//4563 4396//4564 4404//4572
f 4396//4564 4397//4565 4405//4573
f 4397//4565 4398//4566 4406//4574
f 4398//4566 4399//4567 4407//4575
f 4400//4568 4408//4576 4407//4575
f 4393//4561 4401//4569 4408//4576
f 4402//4570 4410//4578 4409//4577
f 4403//4571 4411//4579 4410//4578
f 4403//4571 4404//4572 4412//4580
f 4404//4572 4405//4573 4413//4581
f 4405//4573 4406//4574 4414//4582
f 4406//4574 4407//4575 4415//4583
f 4408//4576 4416//4584 4415//4583
f 4401//4569 4409//4577 4416//4584
f 4410//4578 4418//4586 4417//4585
f 4411//4579 4419//4587 4418//4586
f 4411//4579 4412//4580 4420//4588
f 4412//4580 4413//4581 4421//4589
f 4413//4581 4414//4582 4422//4590
f 4414//4582 4415//4583 4423//4591
f 4416//4584 4424//4592 4423//4591
f 4409//4577 4417//4585 4424//4592
f 4418//4586 4426//4594 4425//4593
f 4419//4587 4427//4595 4426//4594
f 4419//4587 4420//4588 4428//4596
f 4420//4588 4421//4589 4429//4597
f 4421//4589 4422//4590 4430//4598
f 4422//4590 4423//4591 4431//4599
f 4424//4592 4432//4600 4431//4599
f 4417//4585 4425//4593 4432//4600
f 4426//4594 4434//4602 4433//4601
f 4427//4595 4435//4603 4434//4602
f 4427//4595 4428//4596 4436//4604
f 4428//4596 4429//4597 4437//4605
f 4429//4597 4430//4598 4438//4606
f 4430//4598 4431//4599 4439//4607
f 4432//4600 4440//4608 4439//4607
f 4425//4593 4433//4601 4440//4608
f 4434//4602 4442//4610 4441//4609
f 4435//4603 4443//4611 4442//4610
f 4435//4603 4436//4604 4444//4612
f 4436//4604 4437//4605 4445//4613
f 4437//4605 4438//4606 4446//4614
f 4438//4606 4439//4607 4447//4615
f 4440//4608 4448//4616 4447//4615
f 4433//4601 4441//4609 4448//4616
f 4442//4610 4450//4618 4449//4617
f 4443//4611 4451//4619 4450//4618
f 4443//4611 4444//4612 4452//4620
f 4444//4612 4445//4613 4453//4621
f 4445//4613 4446//4614 4454//4622
f 4446//4614 4447//4615 4455//4623
f 4448//4616 4456//4624 4455//4623
f 4441//4609 4449//4617 4456//4624
f 4450//4618 4458//4626 4457//4625
f 4451//4619 4459//4627 4458//4626
f 4451//4619 4452//4620 4460//4628
f 4452//4620 4453//4621 4461//4629
f 4453//4621 4454//4622 4462//4630
f 4454//4622 4455//4623 4463//4631
f 4456//4624 4464//4632 4463//4631
f 4449//4617 4457//4625 4464//4632
f 4458//4626 4466//4634 4465//4633
f 4459//4627 4467//4635 4466//4634
f 4459//4627 4460//4628 4468//4636
f 4460//4628 4461//4629 4469//4637
f 4461//4629 4462//4630 4470//4638
f 4462//4630 4463//4631 4471//4639
f 4464//4632 4472//4640 4471//4639
f 4457//4625 4465//4633 4472//4640
f 4475//4643 4484//4652 4483//4651
f 4476//4644 4485//4653 4484//4652
f 4478//4646 4485//4653 4477//4645
f 4479//4647 4486//4654 4478//4646
f 4480//4648 4487//4655 4479//4647
f 4481//4649 4488//4656 4480//4648
f 4481//4649 4490//4658 4489//4657
f 4482//4650 4483//4651 4490//4658
f 4483//4651 4492//4660 4491//4659
f 4484//4652 4493//4661 4492//4660
f 4486//4654 4493//4661 4485//4653
f 4487//4655 4494//4662 4486//4654
f 4488//4656 4495//4663 4487//4655
f 4489//4657 4496//4664 4488//4656
f 4489//4657 4498//4666 4497//4665
f 4490//4658 4491//4659 4498//4666
f 4491//4659 4500//4668 4499//4667
f 4492//4660 4501//4669 4500//4668
f 4494//4662 4501//4669 4493//4661
f 4495//4663 4502//4670 4494//4662
f 4496//4664 4503//4671 4495//4663
f 4497//4665 4504//4672 4496//4664
f 4497//4665 4506//4674 4505//4673
f 4498//4666 4499//4667 4506//4674
f 4499//4667 4508//4676 4507//4675
f 4500//4668 4509//4677 4508//4676
f 4502//4670 4509//4677 4501//4669
f 4503//4671 4510//4678 4502//4670
f 4504//4672 4511//4679 4503//4671
f 4505//4673 4512//4680 4504//4672
f 4505//4673 4514//4682 4513//4681
f 4506//4674 4507//4675 4514//4682
f 4507//4675 4516//4684 4515//4683
f 4508//4676 4517//4685 4516//4684
f 4510//4678 4517//4685 4509//4677
f 4511//4679 4518//4686 4510//4678
f 4512//4680 4519//4687 4511//4679
f 4513//4681 4520//4688 4512//4680
f 4513//4681 4522//4690 4521//4689
f 4514//4682 4515//4683 4522//4690
f 4515//4683 4524//4692 4523//4691
f 4516//4684 4525//4693 4524//4692
f 4518//4686 4525//4693 4517//4685
f 4519//4687 4526//4694 4518//4686
f 4520//4688 4527//4695 4519//4687
f 4521//4689 4528//4696 4520//4688
f 4521//4689 4530//4698 4529//4697
f 4522//4690 4523//4691 4530//4698
f 4523//4691 4532//4700 4531//4699
f 4524//4692 4533//4701 4532//4700
f 4526//4694 4533//4701 4525//4693
f 4527//4695 4534//4702 4526//4694
f 4528//4696 4535//4703 4527//4695
f 4529//4697 4536//4704 4528//4696
f 4529//4697 4538//4706 4537//4705
f 4530//4698 4531//4699 4538//4706
f 4531//4699 4540//4708 4539//4707
f 4532//4700 4541//4709 4540//4708
f 4534//4702 4541//4709 4533//4701
f 4535//4703 4542//4710 4534//4702
f 4536//4704 4543//4711 4535//4703
f 4537//4705 4544//4712 4536//4704
f 4537//4705 4546//4714 4545//4713
f 4538//4706 4539//4707 4546//4714
f 4539//4707 4548//4716 4547//4715
f 4540//4708 4549//4717 4548//4716
f 4542//4710 4549//4717 4541//4709
f 4543//4711 4550//4718 4542//4710
f 4544//4712 4551//4719 4543//4711
f 4545//4713 4552//4720 4544//4712
f 4545//4713 4554//4722 4553//4721
f 4546//4714 4547//4715 4554//4722
f 4547//4715 4556//4724 4555//4723
f 4548//4716 4557//4725 4556//4724
f 4550//4718 4557//4725 4549//4717
f 4551//4719 4558//4726 4550//4718
f 4552//4720 4559//4727 4551//4719
f 4553//4721 4560//4728 4552//4720
f 4553//4721 4562//4730 4561//4729
f 4554//4722 4555//4723 4562//4730
f 4556//4724 4563//4731 4555//4723
f 4557//4725 4564//4732 4556//4724
f 4557//4725 4566//4734 4565//4733
f 4558//4726 4567//4735 4566//4734
f 4559//4727 4568//4736 4567//4735
f 4560//4728 4569//4737 4568//4736
f 4562//4730 4569//4737 4561//4729
f 4555//4723 4570//4738 4562//4730
f 4564//4732 4571//4739 4563//4731
f 4565//4733 4572//4740 4564//4732
f 4565//4733 4574//4742 4573//4741
f 4566//4734 4575//4743 4574//4742
f 4567//4735 4576//4744 4575//4743
f 4568//4736 4577//4745 4576//4744
f 4570//4738 4577//4745 4569//4737
f 4563//4731 4578//4746 4570//4738
f 4572//4740 4579//4747 4571//4739
f 4573//4741 4580//4748 4572//4740
f 4573//4741 4582//4750 4581//4749
f 4574//4742 4583//4751 4582//4750
f 4575//4743 4584//4752 4583//4751
f 4576//4744 4585//4753 4584//4752
f 4578//4746 4585//4753 4577//4745
f 4571//4739 4586//4754 4578//4746
f 4580//4748 4587//4755 4579//4747
f 4581//4749 4588//4756 4580//4748
f 4581//4749 4590//4758 4589//4757
f 4582//4750 4591//4759 4590//4758
f 4583//4751 4592//4760 4591//4759
f 4584//4752 4593//4761 4592//4760
f 4586//4754 4593//4761 4585//4753
f 4579//4747 4594//4762 4586//4754
f 4588//4756 4595//4763 4587//4755
f 4589//4757 4596//4764 4588//4756
f 4589//4757 4598//4766 4597//4765
f 4590//4758 4599//4767 4598//4766
f 4591//4759 4600//4768 4599//4767
f 4592//4760 4601//4769 4600//4768
f 4594//4762 4601//4769 4593//4761
f 4587//4755 4602//4770 4594//4762
f 4596//4764 4603//4771 4595//4763
f 4597//4765 4604//4772 4596//4764
f 4597//4765 4606//4774 4605//4773
f 4598//4766 4607//4775 4606//4774
f 4599//4767 4608//4776 4607//4775
f 4600//4768 4609//4777 4608//4776
f 4602//4770 4609//4777 4601//4769
f 4595//4763 4610//4778 4602//4770
f 4604//4772 4611//4779 4603//4771
f 4605//4773 4612//4780 4604//4772
f 4605//4773 4614//4782 4613//4781
f 4606//4774 4615//4783 4614//4782
f 4607//4775 4616//4784 4615//4783
f 4608//4776 4617//4785 4616//4784
f 4610//4778 4617//4785 4609//4777
f 4603//4771 4618//4786 4610//4778
f 4612//4780 4619//4787 4611//4779
f 4613//4781 4620//4788 4612//4780
f 4613//4781 4622//4790 4621//4789
f 4614//4782 4623//4791 4622//4790
f 4615//4783 4624//4792 4623//4791
f 4616//4784 4625//4793 4624//4792
f 4618//4786 4625//4793 4617//4785
f 4611//4779 4626//4794 4618//4786
f 4620//4788 4627//4795 4619//4787
f 4621//4789 4628//4796 4620//4788
f 4621//4789 4630//4798 4629//4797
f 4622//4790 4631//4799 4630//4798
f 4623//4791 4632//4800 4631//4799
f 4624//4792 4633//4801 4632//4800
f 4626//4794 4633//4801 4625//4793
f 4619//4787 4634//4802 4626//4794
f 4628//4796 4635//4803 4627//4795
f 4629//4797 4636//4804 4628//4796
f 4629//4797 4638//4806 4637//4805
f 4630//4798 4639//4807 4638//4806
f 4631//4799 4640//4808 4639//4807
f 4632//4800 4641//4809 4640//4808
f 4634//4802 4641//4809 4633//4801
f 4627//4795 4642//4810 4634//4802
f 4643//4811 4476//4644 4475//4643
f 4644//4812 4635//4803 4636//4804
f 4643//4811 4477//4645 4476//4644
f 4644//4812 4636//4804 4637//4805
f 4643//4811 4478//4646 4477//4645
f 4644//4812 4637//4805 4638//4806
f 4643//4811 4479//4647 4478//4646
f 4644//4812 4638//4806 4639//4807
f 4643//4811 4480//4648 4479//4647
f 4644//4812 4639//4807 4640//4808
f 4643//4811 4481//4649 4480//4648
f 4644//4812 4640//4808 4641//4809
f 4643//4811 4482//4650 4481//4649
f 4644//4812 4641//4809 4642//4810
f 4643//4811 4475//4643 4482//4650
f 4644//4812 4642//4810 4635//4803
f 4475//4643 4476//4644 4484//4652
f 4476//4644 4477//4645 4485//4653
f 4478//4646 4486//4654 4485//4653
f 4479//4647 4487//4655 4486//4654
f 4480//4648 4488//4656 4487//4655
f 4481//4649 4489//4657 4488//4656
f 4481//4649 4482//4650 4490//4658
f 4482//4650 4475//4643 4483//4651
f 4483//4651 4484//4652 4492//4660
f 4484//4652 4485//4653 4493//4661
f 4486//4654 4494//4662 4493//4661
f 4487//4655 4495//4663 4494//4662
f 4488//4656 4496//4664 4495//4663
f 4489//4657 4497//4665 4496//4664
f 4489//4657 4490//4658 4498//4666
f 4490//4658 4483//4651 4491//4659
f 4491//4659 4492//4660 4500//4668
f 4492//4660 4493//4661 4501//4669
f 4494//4662 4502//4670 4501//4669
f 4495//4663 4503//4671 4502//4670
f 4496//4664 4504//4672 4503//4671
f 4497//4665 4505//4673 4504//4672
f 4497//4665 4498//4666 4506//4674
f 4498//4666 4491//4659 4499//4667
f 4499//4667 4500//4668 4508//4676
f 4500//4668 4501//4669 4509//4677
f 4502//4670 4510//4678 4509//4677
f 4503//4671 4511//4679 4510//4678
f 4504//4672 4512//4680 4511//4679
f 4505//4673 4513//4681 4512//4680
f 4505//4673 4506//4674 4514//4682
f 4506//4674 4499//4667 4507//4675
f 4507//4675 4508//4676 4516//4684
f 4508//4676 4509//4677 4517//4685
f 4510//4678 4518//4686 4517//4685
f 4511//4679 4519//4687 4518//4686
f 4512//4680 4520//4688 4519//4687
f 4513//4681 4521//4689 4520//4688
f 4513//4681 4514//4682 4522//4690
f 4514//4682 4507//4675 4515//4683
f 4515//4683 4516//4684 4524//4692
f 4516//4684 4517//4685 4525//4693
f 4518//4686 4526//4694 4525//4693
f 4519//4687 4527//4695 4526//4694
f 4520//4688 4528//4696 4527//4695
f 4521//4689 4529//4697 4528//4696
f 4521//4689 4522//4690 4530//4698
f 4522//4690 4515//4683 4523//4691
f 4523//4691 4524//4692 4532//4700
f 4524//4692 4525//4693 4533//4701
f 4526//4694 4534//4702 4533//4701
f 4527//4695 4535//4703 4534//4702
f 4528//4696 4536//4704 4535//4703
f 4529//4697 4537//4705 4536//4704
f 4529//4697 4530//4698 4538//4706
f 4530//4698 4523//4691 4531//4699
f 4531//4699 4532//4700 4540//4708
f 4532//4700 4533//4701 4541//4709
f 4534//4702 4542//4710 4541//4709
f 4535//4703 4543//4711 4542//4710
f 4536//4704 4544//4712 4543//4711
f 4537//4705 4545//4713 4544//4712
f 4537//4705 4538//4706 4546//4714
f 4538//4706 4531//4699 4539//4707
f 4539//4707 4540//4708 4548//4716
f 4540//4708 4541//4709 4549//4717
f 4542//4710 4550//4718 4549//4717
f 4543//4711 4551//4719 4550//4718
f 4544//4712 4552//4720 4551//4719
f 4545//4713 4553//4721 4552//4720
f 4545//4713 4546//4714 4554//4722
f 4546//4714 4539//4707 4547//4715
f 4547//4715 4548//4716 4556//4724
f 4548//4716 4549//4717 4557//4725
f 4550//4718 4558//4726 4557//4725
f 4551//4719 4559//4727 4558//4726
f 4552//4720 4560//4728 4559//4727
f 4553//4721 4561//4729 4560//4728
f 4553//4721 4554//4722 4562//4730
f 4554//4722 4547//4715 4555//4723
f 4556//4724 4564//4732 4563//4731
f 4557//4725 4565//4733 4564//4732
f 4557//4725 4558//4726 4566//4734
f 4558//4726 4559//4727 4567//4735
f 4559//4727 4560//4728 4568//4736
f 4560//4728 4561//4729 4569//4737
f 4562//4730 4570//4738 4569//4737
f 4555//4723 4563//4731 4570//4738
f 4564//4732 4572//4740 4571//4739
f 4565//4733 4573//4741 4572//4740
f 4565//4733 4566//4734 4574//4742
f 4566//4734 4567//4735 4575//4743
f 4567//4735 4568//4736 4576//4744
f 4568//4736 4569//4737 4577//4745
f 4570//4738 4578//4746 4577//4745
f 4563//4731 4571//4739 4578//4746
f 4572//4740 4580//4748 4579//4747
f 4573//4741 4581//4749 4580//4748
f 4573//4741 4574//4742 4582//4750
f 4574//4742 4575//4743 4583//4751
f 4575//4743 4576//4744 4584//4752
f 4576//4744 4577//4745 4585//4753
f 4578//4746 4586//4754 4585//4753
f 4571//4739 4579//4747 4586//4754
f 4580//4748 4588//4756 4587//4755
f 4581//4749 4589//4757 4588//4756
f 4581//4749 4582//4750 4590//4758
f 4582//4750 4583//4751 4591//4759
f 4583//4751 4584//4752 4592//4760
f 4584//4752 4585//4753 4593//4761
f 4586//4754 4594//4762 4593//4761
f 4579//4747 4587//4755 4594//4762
f 4588//4756 4596//4764 4595//4763
f 4589//4757 4597//4765 4596//4764
f 4589//4757 4590//4758 4598//4766
f 4590//4758 4591//4759 4599//4767
f 4591//4759 4592//4760 4600//4768
f 4592//4760 4593//4761 4601//4769
f 4594//4762 4602//4770 4601//4769
f 4587//4755 4595//4763 4602//4770
f 4596//4764 4604//4772 4603//4771
f 4597//4765 4605//4773 4604//4772
f 4597//4765 4598//4766 4606//4774
f 4598//4766 4599//4767 4607//4775
f 4599//4767 4600//4768 4608//4776
f 4600//4768 4601//4769 4609//4777
f 4602//4770 4610//4778 4609//4777
f 4595//4763 4603//4771 4610//4778
f 4604//4772 4612//4780 4611//4779
f 4605//4773 4613//4781 4612//4780
f 4605//4773 4606//4774 4614//4782
f 4606//4774 4607//4775 4615//4783
f 4607//4775 4608//4776 4616//4784
f 4608//4776 4609//4777 4617//4785
f 4610//4778 4618//4786 4617//4785
f 4603//4771 4611//4779 4618//4786
f 4612//4780 4620//4788 4619//4787
f 4613//4781 4621//4789 4620//4788
f 4613//4781 4614//4782 4622//4790
f 4614//4782 4615//4783 4623//4791
f 4615//4783 4616//4784 4624//4792
f 4616//4784 4617//4785 4625//4793
f 4618//4786 4626//4794 4625//4793
f 4611//4779 4619//4787 4626//4794
f 4620//4788 4628//4796 4627//4795
f 4621//4789 4629//4797 4628//4796
f 4621//4789 4622//4790 4630//4798
f 4622//4790 4623//4791 4631//4799
f 4623//4791 4624//4792 4632//4800
f 4624//4792 4625//4793 4633//4801
f 4626//4794 4634//4802 4633//4801
f 4619//4787 4627//4795 4634//4802
f 4628//4796 4636//4804 4635//4803
f 4629//4797 4637//4805 4636//4804
f 4629//4797 4630//4798 4638//4806
f 4630//4798 4631//4799 4639//4807
f 4631//4799 4632//4800 4640//4808
f 4632//4800 4633//4801 4641//4809
f 4634//4802 4642//4810 4641//4809
f 4627//4795 4635//4803 4642//4810
f 4645//4813 4654//4822 4653//4821
f 4646//4814 4655//4823 4654//4822
f 4648//4816 4655//4823 4647//4815
f 4649//4817 4656//4824 4648//4816
f 4650//4818 4657//4825 4649//4817
f 4651//4819 4658//4826 4650//4818
f 4651//4819 4660//4828 4659//4827
f 4652//4820 4653//4821 4660//4828
f 4653//4821 4662//4830 4661//4829
f 4654//4822 4663//4831 4662//4830
f 4656//4824 4663//4831 4655//4823
f 4657//4825 4664//4832 4656//4824
f 4658//4826 4665//4833 4657//4825
f 4659//4827 4666//4834 4658//4826
f 4659//4827 4668//4836 4667//4835
f 4660//4828 4661//4829 4668//4836
f 4661//4829 4670//4838 4669//4837
f 4662//4830 4671//4839 4670//4838
f 4664//4832 4671//4839 4663//4831
f 4665//4833 4672//4840 4664//4832
f 4666//4834 4673//4841 4665//4833
f 4667//4835 4674//4842 4666//4834
f 4667//4835 4676//4844 4675//4843
f 4668//4836 4669//4837 4676//4844
f 4669//4837 4678//4846 4677//4845
f 4670//4838 4679//4847 4678//4846
f 4672//4840 4679//4847 4671//4839
f 4673//4841 4680//4848 4672//4840
f 4674//4842 4681//4849 4673//4841
f 4675//4843 4682//4850 4674//4842
f 4675//4843 4684//4852 4683//4851
f 4676//4844 4677//4845 4684//4852
f 4677//4845 4686//4854 4685//4853
f 4678//4846 4687//4855 4686//4854
f 4680//4848 4687//4855 4679//4847
f 4681//4849 4688//4856 4680//4848
f 4682//4850 4689//4857 4681//4849
f 4683//4851 4690//4858 4682//4850
f 4683//4851 4692//4860 4691//4859
f 4684//4852 4685//4853 4692//4860
f 4685//4853 4694//4862 4693//4861
f 4686//4854 4695//4863 4694//4862
f 4688//4856 4695//4863 4687//4855
f 4689//4857 4696//4864 4688//4856
f 4690//4858 4697//4865 4689//4857
f 4691//4859 4698//4866 4690//4858
f 4691//4859 4700//4868 4699//4867
f 4692//4860 4693//4861 4700//4868
f 4693//4861 4702//4870 4701//4869
f 4694//4862 4703//4871 4702//4870
f 4696//4864 4703//4871 4695//4863
f 4697//4865 4704//4872 4696//4864
f 4698//4866 4705//4873 4697//4865
f 4699//4867 4706//4874 4698//4866
f 4699//4867 4708//4876 4707//4875
f 4700//4868 4701//4869 4708//4876
f 4701//4869 4710//4878 4709//4877
f 4702//4870 4711//4879 4710//4878
f 4704//4872 4711//4879 4703//4871
f 4705//4873 4712//4880 4704//4872
f 4706//4874 4713//4881 4705//4873
f 4707//4875 4714//4882 4706//4874
f 4707//4875 4716//4884 4715//4883
f 4708//4876 4709//4877 4716//4884
f 4709//4877 4718//4886 4717//4885
f 4710//4878 4719//4887 4718//4886
f 4712//4880 4719//4887 4711//4879
f 4713//4881 4720//4888 4712//4880
f 4714//4882 4721//4889 4713//4881
f 4715//4883 4722//4890 4714//4882
f 4715//4883 4724//4892 4723//4891
f 4716//4884 4717//4885 4724//4892
f 4717//4885 4726//4894 4725//4893
f 4718//4886 4727//4895 4726//4894
f 4720//4888 4727//4895 4719//4887
f 4721//4889 4728//4896 4720//4888
f 4722//4890 4729//4897 4721//4889
f 4723//4891 4730//4898 4722//4890
f 4723//4891 4732//4900 4731//4899
f 4724//4892 4725//4893 4732//4900
f 4726//4894 4733//4901 4725//4893
f 4727//4895 4734//4902 4726//4894
f 4727//4895 4736//4904 4735//4903
f 4728//4896 4737//4905 4736//4904
f 4729//4897 4738//4906 4737//4905
f 4730//4898 4739//4907 4738//4906
f 4732//4900 4739//4907 4731//4899
f 4725//4893 4740//4908 4732//4900
f 4734//4902 4741//4909 4733//4901
f 4735//4903 4742//4910 4734//4902
f 4735//4903 4744//4912 4743//4911
f 4736//4904 4745//4913 4744//4912
f 4737//4905 4746//4914 4745//4913
f 4738//4906 4747//4915 4746//4914
f 4740//4908 4747//4915 4739//4907
f 4733//4901 4748//4916 4740//4908
f 4742//4910 4749//4917 4741//4909
f 4743//4911 4750//4918 4742//4910
f 4743//4911 4752//4920 4751//4919
f 4744//4912 4753//4921 4752//4920
f 4745//4913 4754//4922 4753//4921
f 4746//4914 4755//4923 4754//4922
f 4748//4916 4755//4923 4747//4915
f 4741//4909 4756//4924 4748//4916
f 4750//4918 4757//4925 4749//4917
f 4751//4919 4758//4926 4750//4918
f 4751//4919 4760//4928 4759//4927
f 4752//4920 4761//4929 4760//4928
f 4753//4921 4762//4930 4761//4929
f 4754//4922 4763//4931 4762//4930
f 4756//4924 4763//4931 4755//4923
f 4749//4917 4764//4932 4756//4924
f 4758//4926 4765//4933 4757//4925
f 4759//4927 4766//4934 4758//4926
f 4759//4927 4768//4936 4767//4935
f 4760//4928 4769//4937 4768//4936
f 4761//4929 4770//4938 4769//4937
f 4762//4930 4771//4939 4770//4938
f 4764//4932 4771//4939 4763//4931
f 4757//4925 4772//4940 4764//4932
f 4766//4934 4773//4941 4765//4933
f 4767//4935 4774//4942 4766//4934
f 4767//4935 4776//4944 4775//4943
f 4768//4936 4777//4945 4776//4944
f 4769//4937 4778//4946 4777//4945
f 4770//4938 4779//4947 4778//4946
f 4772//4940 4779//4947 4771//4939
f 4765//4933 4780//4948 4772//4940
f 4774//4942 4781//4949 4773//4941
f 4775//4943 4782//4950 4774//4942
f 4775//4943 4784//4952 4783//4951
f 4776//4944 4785//4953 4784//4952
f 4777//4945 4786//4954 4785//4953
f 4778//4946 4787//4955 4786//4954
f 4780//4948 4787//4955 4779//4947
f 4773//4941 4788//4956 4780//4948
f 4782//4950 4789//4957 4781//4949
f 4783//4951 4790//4958 4782//4950
f 4783//4951 4792//4960 4791//4959
f 4784//4952 4793//4961 4792//4960
f 4785//4953 4794//4962 4793//4961
f 4786//4954 4795//4963 4794//4962
f 4788//4956 4795//4963 4787//4955
f 4781//4949 4796//4964 4788//4956
f 4790//4958 4797//4965 4789//4957
f 4791//4959 4798//4966 4790//4958
f 4791//4959 4800//4968 4799//4967
f 4792//4960 4801//4969 4800//4968
f 4793//4961 4802//4970 4801//4969
f 4794//4962 4803//4971 4802//4970
f 4796//4964 4803//4971 4795//4963
f 4789//4957 4804//4972 4796//4964
f 4798//4966 4805//4973 4797//4965
f 4799//4967 4806//4974 4798//4966
f 4799//4967 4808//4976 4807//4975
f 4800//4968 4809//4977 4808//4976
f 4801//4969 4810//4978 4809//4977
f 4802//4970 4811//4979 4810//4978
f 4804//4972 4811//4979 4803//4971
f 4797//4965 4812//4980 4804//4972
f 4813//4981 4646//4814 4645//4813
f 4814//4982 4805//4973 4806//4974
f 4813//4981 4647//4815 4646//4814
f 4814//4982 4806//4974 4807//4975
f 4813//4981 4648//4816 4647//4815
f 4814//4982 4807//4975 4808//4976
f 4813//4981 4649//4817 4648//4816
f 4814//4982 4808//4976 4809//4977
f 4813//4981 4650//4818 4649//4817
f 4814//4982 4809//4977 4810//4978
f 4813//4981 4651//4819 4650//4818
f 4814//4982 4810//4978 4811//4979
f 4813//4981 4652//4820 4651//4819
f 4814//4982 4811//4979 4812//4980
f 4813//4981 4645//4813 4652//4820
f 4814//4982 4812//4980 4805//4973
f 4645//4813 4646//4814 4654//4822
f 4646//4814 4647//4815 4655//4823
f 4648//4816 4656//4824 4655//4823
f 4649//4817 4657//4825 4656//4824
f 4650//4818 4658//4826 4657//4825
f 4651//4819 4659//4827 4658//4826
f 4651//4819 4652//4820 4660//4828
f 4652//4820 4645//4813 4653//4821
f 4653//4821 4654//4822 4662//4830
f 4654//4822 4655//4823 4663//4831
f 4656//4824 4664//4832 4663//4831
f 4657//4825 4665//4833 4664//4832
f 4658//4826 4666//4834 4665//4833
f 4659//4827 4667//4835 4666//4834
f 4659//4827 4660//4828 4668//4836
f 4660//4828 4653//4821 4661//4829
f 4661//4829 4662//4830 4670//4838
f 4662//4830 4663//4831 4671//4839
f 4664//4832 4672//4840 4671//4839
f 4665//4833 4673//4841 4672//4840
f 4666//4834 4674//4842 4673//4841
f 4667//4835 4675//4843 4674//4842
f 4667//4835 4668//4836 4676//4844
f 4668//4836 4661//4829 4669//4837
f 4669//4837 4670//4838 4678//4846
f 4670//4838 4671//4839 4679//4847
f 4672//4840 4680//4848 4679//4847
f 4673//4841 4681//4849 4680//4848
f 4674//4842 4682//4850 4681//4849
f 4675//4843 4683//4851 4682//4850
f 4675//4843 4676//4844 4684//4852
f 4676//4844 4669//4837 4677//4845
f 4677//4845 4678//4846 4686//4854
f 4678//4846 4679//4847 4687//4855
f 4680//4848 4688//4856 4687//4855
f 4681//4849 4689//4857 4688//4856
f 4682//4850 4690//4858 4689//4857
f 4683//4851 4691//4859 4690//4858
f 4683//4851 4684//4852 4692//4860
f 4684//4852 4677//4845 4685//4853
f 4685//4853 4686//4854 4694//4862
f 4686//4854 4687//4855 4695//4863
f 4688//4856 4696//4864 4695//4863
f 4689//4857 4697//4865 4696//4864
f 4690//4858 4698//4866 4697//4865
f 4691//4859 4699//4867 4698//4866
f 4691//4859 4692//4860 4700//4868
f 4692//4860 4685//4853 4693//4861
f 4693//4861 4694//4862 4702//4870
f 4694//4862 4695//4863 4703//4871
f 4696//4864 4704//4872 4703//4871
f 4697//4865 4705//4873 4704//4872
f 4698//4866 4706//4874 4705//4873
f 4699//4867 4707//4875 4706//4874
f 4699//4867 4700//4868 4708//4876
f 4700//4868 4693//4861 4701//4869
f 4701//4869 4702//4870 4710//4878
f 4702//4870 4703//4871 4711//4879
f 4704//4872 4712//4880 4711//4879
f 4705//4873 4713//4881 4712//4880
f 4706//4874 4714//4882 4713//4881
f 4707//4875 4715//4883 4714//4882
f 4707//4875 4708//4876 4716//4884
f 4708//4876 4701//4869 4709//4877
f 4709//4877 4710//4878 4718//4886
f 4710//4878 4711//4879 4719//4887
f 4712//4880 4720//4888 4719//4887
f 4713//4881 4721//4889 4720//4888
f 4714//4882 4722//4890 4721//4889
f 4715//4883 4723//4891 4722//4890
f 4715//4883 4716//4884 4724//4892
f 4716//4884 4709//4877 4717//4885
f 4717//4885 4718//4886 4726//4894
f 4718//4886 4719//4887 4727//4895
f 4720//4888 4728//4896 4727//4895
f 4721//4889 4729//4897 4728//4896
f 4722//4890 4730//4898 4729//4897
f 4723//4891 4731//4899 4730//4898
f 4723//4891 4724//4892 4732//4900
f 4724//4892 4717//4885 4725//4893
f 4726//4894 4734//4902 4733//4901
f 4727//4895 4735//4903 4734//4902
f 4727//4895 4728//4896 4736//4904
f 4728//4896 4729//4897 4737//4905
f 4729//4897 4730//4898 4738//4906
f 4730//4898 4731//4899 4739//4907
f 4732//4900 4740//4908 4739//4907
f 4725//4893 4733//4901 4740//4908
f 4734//4902 4742//4910 4741//4909
f 4735//4903 4743//4911 4742//4910
f 4735//4903 4736//4904 4744//4912
f 4736//4904 4737//4905 4745//4913
f 4737//4905 4738//4906 4746//4914
f 4738//4906 4739//4907 4747//4915
f 4740//4908 4748//4916 4747//4915
f 4733//4901 4741//4909 4748//4916
f 4742//4910 4750//4918 4749//4917
f 4743//4911 4751//4919 4750//4918
f 4743//4911 4744//4912 4752//4920
f 4744//4912 4745//4913 4753//4921
f 4745//4913 4746//4914 4754//4922
f 4746//4914 4747//4915 4755//4923
f 4748//4916 4756//4924 4755//4923
f 4741//4909 4749//4917 4756//4924
f 4750//4918 4758//4926 4757//4925
f 4751//4919 4759//4927 4758//4926
f 4751//4919 4752//4920 4760//4928
f 4752//4920 4753//4921 4761//4929
f 4753//4921 4754//4922 4762//4930
f 4754//4922 4755//4923 4763//4931
f 4756//4924 4764//4932 4763//4931
f 4749//4917 4757//4925 4764//4932
f 4758//4926 4766//4934 4765//4933
f 4759//4927 4767//4935 4766//4934
f 4759//4927 4760//4928 4768//4936
f 4760//4928 4761//4929 4769//4937
f 4761//4929 4762//4930 4770//4938
f 4762//4930 4763//4931 4771//4939
f 4764//4932 4772//4940 4771//4939
f 4757//4925 4765//4933 4772//4940
f 4766//4934 4774//4942 4773//4941
f 4767//4935 4775//4943 4774//4942
f 4767//4935 4768//4936 4776//4944
f 4768//4936 4769//4937 4777//4945
f 4769//4937 4770//4938 4778//4946
f 4770//4938 4771//4939 4779//4947
f 4772//4940 4780//4948 4779//4947
f 4765//4933 4773//4941 4780//4948
f 4774//4942 4782//4950 4781//4949
f 4775//4943 4783//4951 4782//4950
f 4775//4943 4776//4944 4784//4952
f 4776//4944 4777//4945 4785//4953
f 4777//4945 4778//4946 4786//4954
f 4778//4946 4779//4947 4787//4955
f 4780//4948 4788//4956 4787//4955
f 4773//4941 4781//4949 4788//4956
f 4782//4950 4790//4958 4789//4957
f 4783//4951 4791//4959 4790//4958
f 4783//4951 4784//4952 4792//4960
f 4784//4952 4785//4953 4793//4961
f 4785//4953 4786//4954 4794//4962
f 4786//4954 4787//4955 4795//4963
f 4788//4956 4796//4964 4795//4963
f 4781//4949 4789//4957 4796//4964
f 4790//4958 4798//4966 4797//4965
f 4791//4959 4799//4967 4798//4966
f 4791//4959 4792//4960 4800//4968
f 4792//4960 4793//4961 4801//4969
f 4793//4961 4794//4962 4802//4970
f 4794//4962 4795//4963 4803//4971
f 4796//4964 4804//4972 4803//4971
f 4789//4957 4797//4965 4804//4972
f 4798//4966 4806//4974 4805//4973
f 4799//4967 4807//4975 4806//4974
f 4799//4967 4800//4968 4808//4976
f 4800//4968 4801//4969 4809//4977
f 4801//4969 4802//4970 4810//4978
f 4802//4970 4803//4971 4811//4979
f 4804//4972 4812//4980 4811//4979
f 4797//4965 4805//4973 4812//4980
f 4815//4983 4824//4992 4823//4991
f 4816//4984 4825//4993 4824//4992
f 4818//4986 4825//4993 4817//4985
f 4819//4987 4826//4994 4818//4986
f 4820//4988 4827//4995 4819//4987
f 4821//4989 4828//4996 4820//4988
f 4821//4989 4830//4998 4829//4997
f 4822//4990 4823//4991 4830//4998
f 4823//4991 4832//5000 4831//4999
f 4824//4992 4833//5001 4832//5000
f 4826//4994 4833//5001 4825//4993
f 4827//4995 4834//5002 4826//4994
f 4828//4996 4835//5003 4827//4995
f 4829//4997 4836//5004 4828//4996
f 4829//4997 4838//5006 4837//5005
f 4830//4998 4831//4999 4838//5006
f 4831//4999 4840//5008 4839//5007
f 4832//5000 4841//5009 4840//5008
f 4834//5002 4841//5009 4833//5001
f 4835//5003 4842//5010 4834//5002
f 4836//5004 4843//5011 4835//5003
f 4837//5005 4844//5012 4836//5004
f 4837//5005 4846//5014 4845//5013
f 4838//5006 4839//5007 4846//5014
f 4839//5007 4848//5016 4847//5015
f 4840//5008 4849//5017 4848//5016
f 4842//5010 4849//5017 4841//5009
f 4843//5011 4850//5018 4842//5010
f 4844//5012 4851//5019 4843//5011
f 4845//5013 4852//5020 4844//5012
f 4845//5013 4854//5022 4853//5021
f 4846//5014 4847//5015 4854//5022
f 4847//5015 4856//5024 4855//5023
f 4848//5016 4857//5025 4856//5024
f 4850//5018 4857//5025 4849//5017
f 4851//5019 4858//5026 4850//5018
f 4852//5020 4859//5027 4851//5019
f 4853//5021 4860//5028 4852//5020
f 4853//5021 4862//5030 4861//5029
f 4854//5022 4855//5023 4862//5030
f 4855//5023 4864//5032 4863//5031
f 4856//5024 4865//5033 4864//5032
f 4858//5026 4865//5033 4857//5025
f 4859//5027 4866//5034 4858//5026
f 4860//5028 4867//5035 4859//5027
f 4861//5029 4868//5036 4860//5028
f 4861//5029 4870//5038 4869//5037
f 4862//5030 4863//5031 4870//5038
f 4863//5031 4872//5040 4871//5039
f 4864//5032 4873//5041 4872//5040
f 4866//5034 4873//5041 4865//5033
f 4867//5035 4874//5042 4866//5034
f 4868//5036 4875//5043 4867//5035
f 4869//5037 4876//5044 4868//5036
f 4869//5037 4878//5046 4877//5045
f 4870//5038 4871//5039 4878//5046
f 4871//5039 4880//5048 4879//5047
f 4872//5040 4881//5049 4880//5048
f 4874//5042 4881//5049 4873//5041
f 4875//5043 4882//5050 4874//5042
f 4876//5044 4883//5051 4875//5043
f 4877//5045 4884//5052 4876//5044
f 4877//5045 4886//5054 4885//5053
f 4878//5046 4879//5047 4886//5054
f 4879//5047 4888//5056 4887//5055
f 4880//5048 4889//5057 4888//5056
f 4882//5050 4889//5057 4881//5049
f 4883//5051 4890//5058 4882//5050
f 4884//5052 4891//5059 4883//5051
f 4885//5053 4892//5060 4884//5052
f 4885//5053 4894//5062 4893//5061
f 4886//5054 4887//5055 4894//5062
f 4887//5055 4896//5064 4895//5063
f 4888//5056 4897//5065 4896//5064
f 4890//5058 4897//5065 4889//5057
f 4891//5059 4898//5066 4890//5058
f 4892//5060 4899//5067 4891//5059
f 4893//5061 4900//5068 4892//5060
f 4893//5061 4902//5070 4901//5069
f 4894//5062 4895//5063 4902//5070
f 4896//5064 4903//5071 4895//5063
f 4897//5065 4904//5072 4896//5064
f 4897//5065 4906//5074 4905//5073
f 4898//5066 4907//5075 4906//5074
f 4899//5067 4908//5076 4907//5075
f 4900//5068 4909//5077 4908//5076
f 4902//5070 4909//5077 4901//5069
f 4895//5063 4910//5078 4902//5070
f 4904//5072 4911//5079 4903//5071
f 4905//5073 4912//5080 4904//5072
f 4905//5073 4914//5082 4913//5081
f 4906//5074 4915//5083 4914//5082
f 4907//5075 4916//5084 4915//5083
f 4908//5076 4917//5085 4916//5084
f 4910//5078 4917//5085 4909//5077
f 4903//5071 4918//5086 4910//5078
f 4912//5080 4919//5087 4911//5079
f 4913//5081 4920//5088 4912//5080
f 4913//5081 4922//5090 4921//5089
f 4914//5082 4923//5091 4922//5090
f 4915//5083 4924//5092 4923//5091
f 4916//5084 4925//5093 4924//5092
f 4918//5086 4925//5093 4917//5085
f 4911//5079 4926//5094 4918//5086
f 4920//5088 4927//5095 4919//5087
f 4921//5089 4928//5096 4920//5088
f 4921//5089 4930//5098 4929//5097
f 4922//5090 4931//5099 4930//5098
f 4923//5091 4932//5100 4931//5099
f 4924//5092 4933//5101 4932//5100
f 4926//5094 4933//5101 4925//5093
f 4919//5087 4934//5102 4926//5094
f 4928//5096 4935//5103 4927//5095
f 4929//5097 4936//5104 4928//5096
f 4929//5097 4938//5106 4937//5105
f 4930//5098 4939//5107 4938//5106
f 4931//5099 4940//5108 4939//5107
f 4932//5100 4941//5109 4940//5108
f 4934//5102 4941//5109 4933//5101
f 4927//5095 4942//5110 4934//5102
f 4936//5104 4943//5111 4935//5103
f 4937//5105 4944//5112 4936//5104
f 4937//5105 4946//5114 4945//5113
f 4938//5106 4947//5115 4946//5114
f 4939//5107 4948//5116 4947//5115
f 4940//5108 4949//5117 4948//5116
f 4942//5110 4949//5117 4941//5109
f 4935//5103 4950//5118 4942//5110
f 4944//5112 4951//5119 4943//5111
f 4945//5113 4952//5120 4944//5112
f 4945//5113 4954//5122 4953//5121
f 4946//5114 4955//5123 4954//5122
f 4947//5115 4956//5124 4955//5123
f 4948//5116 4957//5125 4956//5124
f 4950//5118 4957//5125 4949//5117
f 4943//5111 4958//5126 4950//5118
f 4952//5120 4959//5127 4951//5119
f 4953//5121 4960//5128 4952//5120
f 4953//5121 4962//5130 4961//5129
f 4954//5122 4963//5131 4962//5130
f 4955//5123 4964//5132 4963//5131
f 4956//5124 4965//5133 4964//5132
f 4958//5126 4965//5133 4957//5125
f 4951//5119 4966//5134 4958//5126
f 4960//5128 4967//5135 4959//5127
f 4961//5129 4968//5136 4960//5128
f 4961//5129 4970//5138 4969//5137
f 4962//5130 4971//5139 4970//5138
f 4963//5131 4972//5140 4971//5139
f 4964//5132 4973//5141 4972//5140
f 4966//5134 4973//5141 4965//5133
f 4959//5127 4974//5142 4966//5134
f 4968//5136 4975//5143 4967//5135
f 4969//5137 4976//5144 4968//5136
f 4969//5137 4978//5146 4977//5145
f 4970//5138 4979//5147 4978//5146
f 4971//5139 4980//5148 4979//5147
f 4972//5140 4981//5149 4980//5148
f 4974//5142 4981//5149 4973//5141
f 4967//5135 4982//5150 4974//5142
f 4983//5151 4816//4984 4815//4983
f 4984//5152 4975//5143 4976//5144
f 4983//5151 4817//4985 4816//4984
f 4984//5152 4976//5144 4977//5145
f 4983//5151 4818//4986 4817//4985
f 4984//5152 4977//5145 4978//5146
f 4983//5151 4819//4987 4818//4986
f 4984//5152 4978//5146 4979//5147
f 4983//5151 4820//4988 4819//4987
f 4984//5152 4979//5147 4980//5148
f 4983//5151 4821//4989 4820//4988
f 4984//5152 4980//5148 4981//5149
f 4983//5151 4822//4990 4821//4989
f 4984//5152 4981//5149 4982//5150
f 4983//5151 4815//4983 4822//4990
f 4984//5152 4982//5150 4975//5143
f 4815//4983 4816//4984 4824//4992
f 4816//4984 4817//4985 4825//4993
f 4818//4986 4826//4994 4825//4993
f 4819//4987 4827//4995 4826//4994
f 4820//4988 4828//4996 4827//4995
f 4821//4989 4829//4997 4828//4996
f 4821//4989 4822//4990 4830//4998
f 4822//4990 4815//4983 4823//4991
f 4823//4991 4824//4992 4832//5000
f 4824//4992 4825//4993 4833//5001
f 4826//4994 4834//5002 4833//5001
f 4827//4995 4835//5003 4834//5002
f 4828//4996 4836//5004 4835//5003
f 4829//4997 4837//5005 4836//5004
f 4829//4997 4830//4998 4838//5006
f 4830//4998 4823//4991 4831//4999
f 4831//4999 4832//5000 4840//5008
f 4832//5000 4833//5001 4841//5009
f 4834//5002 4842//5010 4841//5009
f 4835//5003 4843//5011 4842//5010
f 4836//5004 4844//5012 4843//5011
f 4837//5005 4845//5013 4844//5012
f 4837//5005 4838//5006 4846//5014
f 4838//5006 4831//4999 4839//5007
f 4839//5007 4840//5008 4848//5016
f 4840//5008 4841//5009 4849//5017
f 4842//5010 4850//5018 4849//5017
f 4843//5011 4851//5019 4850//5018
f 4844//5012 4852//5020 4851//5019
f 4845//5013 4853//5021 4852//5020
f 4845//5013 4846//5014 4854//5022
f 4846//5014 4839//5007 4847//5015
f 4847//5015 4848//5016 4856//5024
f 4848//5016 4849//5017 4857//5025
f 4850//5018 4858//5026 4857//5025
f 4851//5019 4859//5027 4858//5026
f 4852//5020 4860//5028 4859//5027
f 4853//5021 4861//5029 4860//5028
f 4853//5021 4854//5022 4862//5030
f 4854//5022 4847//5015 4855//5023
f 4855//5023 4856//5024 4864//5032
f 4856//5024 4857//5025 4865//5033
f 4858//5026 4866//5034 4865//5033
f 4859//5027 4867//5035 4866//5034
f 4860//5028 4868//5036 4867//5035
f 4861//5029 4869//5037 4868//5036
f 4861//5029 4862//5030 4870//5038
f 4862//5030 4855//5023 4863//5031
f 4863//5031 4864//5032 4872//5040
f 4864//5032 4865//5033 4873//5041
f 4866//5034 4874//5042 4873//5041
f 4867//5035 4875//5043 4874//5042
f 4868//5036 4876//5044 4875//5043
f 4869//5037 4877//5045 4876//5044
f 4869//5037 4870//5038 4878//5046
f 4870//5038 4863//5031 4871//5039
f 4871//5039 4872//5040 4880//5048
f 4872//5040 4873//5041 4881//5049
f 4874//5042 4882//5050 4881//5049
f 4875//5043 4883//5051 4882//5050
f 4876//5044 4884//5052 4883//5051
f 4877//5045 4885//5053 4884//5052
f 4877//5045 4878//5046 4886//5054
f 4878//5046 4871//5039 4879//5047
f 4879//5047 4880//5048 4888//5056
f 4880//5048 4881//5049 4889//5057
f 4882//5050 4890//5058 4889//5057
f 4883//5051 4891//5059 4890//5058
f 4884//5052 4892//5060 4891//5059
f 4885//5053 4893//5061 4892//5060
f 4885//5053 4886//5054 4894//5062
f 4886//5054 4879//5047 4887//5055
f 4887//5055 4888//5056 4896//5064
f 4888//5056 4889//5057 4897//5065
f 4890//5058 4898//5066 4897//5065
f 4891//5059 4899//5067 4898//5066
f 4892//5060 4900//5068 4899//5067
f 4893//5061 4901//5069 4900//5068
f 4893//5061 4894//5062 4902//5070
f 4894//5062 4887//5055 4895//5063
f 4896//5064 4904//5072 4903//5071
f 4897//5065 4905//5073 4904//5072
f 4897//5065 4898//5066 4906//5074
f 4898//5066 4899//5067 4907//5075
f 4899//5067 4900//5068 4908//5076
f 4900//5068 4901//5069 4909//5077
f 4902//5070 4910//5078 4909//5077
f 4895//5063 4903//5071 4910//5078
f 4904//5072 4912//5080 4911//5079
f 4905//5073 4913//5081 4912//5080
f 4905//5073 4906//5074 4914//5082
f 4906//5074 4907//5075 4915//5083
f 4907//5075 4908//5076 4916//5084
f 4908//5076 4909//5077 4917//5085
f 4910//5078 4918//5086 4917//5085
f 4903//5071 4911//5079 4918//5086
f 4912//5080 4920//5088 4919//5087
f 4913//5081 4921//5089 4920//5088
f 4913//5081 4914//5082 4922//5090
f 4914//5082 4915//5083 4923//5091
f 4915//5083 4916//5084 4924//5092
f 4916//5084 4917//5085 4925//5093
f 4918//5086 4926//5094 4925//5093
f 4911//5079 4919//5087 4926//5094
f 4920//5088 4928//5096 4927//5095
f 4921//5089 4929//5097 4928//5096
f 4921//5089 4922//5090 4930//5098
f 4922//5090 4923//5091 4931//5099
f 4923//5091 4924//5092 4932//5100
f 4924//5092 4925//5093 4933//5101
f 4926//5094 4934//5102 4933//5101
f 4919//5087 4927//5095 4934//5102
f 4928//5096 4936//5104 4935//5103
f 4929//5097 4937//5105 4936//5104
f 4929//5097 4930//5098 4938//5106
f 4930//5098 4931//5099 4939//5107
f 4931//5099 4932//5100 4940//5108
f 4932//5100 4933//5101 4941//5109
f 4934//5102 4942//5110 4941//5109
f 4927//5095 4935//5103 4942//5110
f 4936//5104 4944//5112 4943//5111
f 4937//5105 4945//5113 4944//5112
f 4937//5105 4938//5106 4946//5114
f 4938//5106 4939//5107 4947//5115
f 4939//5107 4940//5108 4948//5116
f 4940//5108 4941//5109 4949//5117
f 4942//5110 4950//5118 4949//5117
f 4935//5103 4943//5111 4950//5118
f 4944//5112 4952//5120 4951//5119
f 4945//5113 4953//5121 4952//5120
f 4945//5113 4946//5114 4954//5122
f 4946//5114 4947//5115 4955//5123
f 4947//5115 4948//5116 4956//5124
f 4948//5116 4949//5117 4957//5125
f 4950//5118 4958//5126 4957//5125
f 4943//5111 4951//5119 4958//5126
f 4952//5120 4960//5128 4959//5127
f 4953//5121 4961//5129 4960//5128
f 4953//5121 4954//5122 4962//5130
f 4954//5122 4955//5123 4963//5131
f 4955//5123 4956//5124 4964//5132
f 4956//5124 4957//5125 4965//5133
f 4958//5126 4966//5134 4965//5133
f 4951//5119 4959//5127 4966//5134
f 4960//5128 4968//5136 4967//5135
f 4961//5129 4969//5137 4968//5136
f 4961//5129 4962//5130 4970//5138
f 4962//5130 4963//5131 4971//5139
f 4963//5131 4964//5132 4972//5140
f 4964//5132 4965//5133 4973//5141
f 4966//5134 4974//5142 4973//5141
f 4959//5127 4967//5135 4974//5142
f 4968//5136 4976//5144 4975//5143
f 4969//5137 4977//5145 4976//5144
f 4969//5137 4970//5138 4978//5146
f 4970//5138 4971//5139 4979//5147
f 4971//5139 4972//5140 4980//5148
f 4972//5140 4973//5141 4981//5149
f 4974//5142 4982//5150 4981//5149
f 4967//5135 4975//5143 4982//5150
f 4985//5153 4994//5162 4993//5161
f 4986//5154 4995//5163 4994//5162
f 4988//5156 4995//5163 4987//5155
f 4989//5157 4996//5164 4988//5156
f 4990//5158 4997//5165 4989//5157
f 4991//5159 4998//5166 4990//5158
f 4991//5159 5000//5168 4999//5167
f 4992//5160 4993//5161 5000//5168
f 4993//5161 5002//5170 5001//5169
f 4994//5162 5003//5171 5002//5170
f 4996//5164 5003//5171 4995//5163
f 4997//5165 5004//5172 4996//5164
f 4998//5166 5005//5173 4997//5165
f 4999//5167 5006//5174 4998//5166
f 4999//5167 5008//5176 5007//5175
f 5000//5168 5001//5169 5008//5176
f 5001//5169 5010//5178 5009//5177
f 5002//5170 5011//5179 5010//5178
f 5004//5172 5011//5179 5003//5171
f 5005//5173 5012//5180 5004//5172
f 5006//5174 5013//5181 5005//5173
f 5007//5175 5014//5182 5006//5174
f 5007//5175 5016//5184 5015//5183
f 5008//5176 5009//5177 5016//5184
f 5009//5177 5018//5186 5017//5185
f 5010//5178 5019//5187 5018//5186
f 5012//5180 5019//5187 5011//5179
f 5013//5181 5020//5188 5012//5180
f 5014//5182 5021//5189 5013//5181
f 5015//5183 5022//5190 5014//5182
f 5015//5183 5024//5192 5023//5191
f 5016//5184 5017//5185 5024//5192
f 5017//5185 5026//5194 5025//5193
f 5018//5186 5027//5195 5026//5194
f 5020//5188 5027//5195 5019//5187
f 5021//5189 5028//5196 5020//5188
f 5022//5190 5029//5197 5021//5189
f 5023//5191 5030//5198 5022//5190
f 5023//5191 5032//5200 5031//5199
f 5024//5192 5025//5193 5032//5200
f 5025//5193 5034//5202 5033//5201
f 5026//5194 5035//5203 5034//5202
f 5028//5196 5035//5203 5027//5195
f 5029//5197 5036//5204 5028//5196
f 5030//5198 5037//5205 5029//5197
f 5031//5199 5038//5206 5030//5198
f 5031//5199 5040//5208 5039//5207
f 5032//5200 5033//5201 5040//5208
f 5033//5201 5042//5210 5041//5209
f 5034//5202 5043//5211 5042//5210
f 5036//5204 5043//5211 5035//5203
f 5037//5205 5044//5212 5036//5204
f 5038//5206 5045//5213 5037//5205
f 5039//5207 5046//5214 5038//5206
f 5039//5207 5048//5216 5047//5215
f 5040//5208 5041//5209 5048//5216
f 5041//5209 5050//5218 5049//5217
f 5042//5210 5051//5219 5050//5218
f 5044//5212 5051//5219 5043//5211
f 5045//5213 5052//5220 5044//5212
f 5046//5214 5053//5221 5045//5213
f 5047//5215 5054//5222 5046//5214
f 5047//5215 5056//5224 5055//5223
f 5048//5216 5049//5217 5056//5224
f 5049//5217 5058//5226 5057//5225
f 5050//5218 5059//5227 5058//5226
f 5052//5220 5059//5227 5051//5219
f 5053//5221 5060//5228 5052//5220
f 5054//5222 5061//5229 5053//5221
f 5055//5223 5062//5230 5054//5222
f 5055//5223 5064//5232 5063//5231
f 5056//5224 5057//5225 5064//5232
f 5057//5225 5066//5234 5065//5233
f 5058//5226 5067//5235 5066//5234
f 5060//5228 5067//5235 5059//5227
f 5061//5229 5068//5236 5060//5228
f 5062//5230 5069//5237 5061//5229
f 5063//5231 5070//5238 5062//5230
f 5063//5231 5072//5240 5071//5239
f 5064//5232 5065//5233 5072//5240
f 5066//5234 5073//5241 5065//5233
f 5067//5235 5074//5242 5066//5234
f 5067//5235 5076//5244 5075//5243
f 5068//5236 5077//5245 5076//5244
f 5069//5237 5078//5246 5077//5245
f 5070//5238 5079//5247 5078//5246
f 5072//5240 5079//5247 5071//5239
f 5065//5233 5080//5248 5072//5240
f 5074//5242 5081//5249 5073//5241
f 5075//5243 5082//5250 5074//5242
f 5075//5243 5084//5252 5083//5251
f 5076//5244 5085//5253 5084//5252
f 5077//5245 5086//5254 5085//5253
f 5078//5246 5087//5255 5086//5254
f 5080//5248 5087//5255 5079//5247
f 5073//5241 5088//5256 5080//5248
f 5082//5250 5089//5257 5081//5249
f 5083//5251 5090//5258 5082//5250
f 5083//5251 5092//5260 5091//5259
f 5084//5252 5093//5261 5092//5260
f 5085//5253 5094//5262 5093//5261
f 5086//5254 5095//5263 5094//5262
f 5088//5256 5095//5263 5087//5255
f 5081//5249 5096//5264 5088//5256
f 5090//5258 5097//5265 5089//5257
f 5091//5259 5098//5266 5090//5258
f 5091//5259 5100//5268 5099//5267
f 5092//5260 5101//5269 5100//5268
f 5093//5261 5102//5270 5101//5269
f 5094//5262 5103//5271 5102//5270
f 5096//5264 5103//5271 5095//5263
f 5089//5257 5104//5272 5096//5264
f 5098//5266 5105//5273 5097//5265
f 5099//5267 5106//5274 5098//5266
f 5099//5267 5108//5276 5107//5275
f 5100//5268 5109//5277 5108//5276
f 5101//5269 5110//5278 5109//5277
f 5102//5270 5111//5279 5110//5278
f 5104//5272 5111//5279 5103//5271
f 5097//5265 5112//5280 5104//5272
f 5106//5274 5113//5281 5105//5273
f 5107//5275 5114//5282 5106//5274
f 5107//5275 5116//5284 5115//5283
f 5108//5276 5117//5285 5116//5284
f 5109//5277 5118//5286 5117//5285
f 5110//5278 5119//5287 5118//5286
f 5112//5280 5119//5287 5111//5279
f 5105//5273 5120//5288 5112//5280
f 5114//5282 5121//5289 5113//5281
f 5115//5283 5122//5290 5114//5282
f 5115//5283 5124//5292 5123//5291
f 5116//5284 5125//5293 5124//5292
f 5117//5285 5126//5294 5125//5293
f 5118//5286 5127//5295 5126//5294
f 5120//5288 5127//5295 5119//5287
f 5113//5281 5128//5296 5120//5288
f 5122//5290 5129//5297 5121//5289
f 5123//5291 5130//5298 5122//5290
f 5123//5291 5132//5300 5131//5299
f 5124//5292 5133//5301 5132//5300
f 5125//5293 5134//5302 5133//5301
f 5126//5294 5135//5303 5134//5302
f 5128//5296 5135//5303 5127//5295
f 5121//5289 5136//5304 5128//5296
f 5130//5298 5137//5305 5129//5297
f 5131//5299 5138//5306 5130//5298
f 5131//5299 5140//5308 5139//5307
f 5132//5300 5141//5309 5140//5308
f 5133//5301 5142//5310 5141//5309
f 5134//5302 5143//5311 5142//5310
f 5136//5304 5143//5311 5135//5303
f 5129//5297 5144//5312 5136//5304
f 5138//5306 5145//5313 5137//5305
f 5139//5307 5146//5314 5138//5306
f 5139//5307 5148//5316 5147//5315
f 5140//5308 5149//5317 5148//5316
f 5141//5309 5150//5318 5149//5317
f 5142//5310 5151//5319 5150//5318
f 5144//5312 5151//5319 5143//5311
f 5137//5305 5152//5320 5144//5312
f 5153//5321 4986//5154 4985//5153
f 5154//5322 5145//5313 5146//5314
f 5153//5321 4987//5155 4986//5154
f 5154//5322 5146//5314 5147//5315
f 5153//5321 4988//5156 4987//5155
f 5154//5322 5147//5315 5148//5316
f 5153//5321 4989//5157 4988//5156
f 5154//5322 5148//5316 5149//5317
f 5153//5321 4990//5158 4989//5157
f 5154//5322 5149//5317 5150//5318
f 5153//5321 4991//5159 4990//5158
f 5154//5322 5150//5318 5151//5319
f 5153//5321 4992//5160 4991//5159
f 5154//5322 5151//5319 5152//5320
f 5153//5321 4985//5153 4992//5160
f 5154//5322 5152//5320 5145//5313
f 4985//5153 4986//5154 4994//5162
f 4986//5154 4987//5155 4995//5163
f 4988//5156 4996//5164 4995//5163
f 4989//5157 4997//5165 4996//5164
f 4990//5158 4998//5166 4997//5165
f 4991//5159 4999//5167 4998//5166
f 4991//5159 4992//5160 5000//5168
f 4992//5160 4985//5153 4993//5161
f 4993//5161 4994//5162 5002//5170
f 4994//5162 4995//5163 5003//5171
f 4996//5164 5004//5172 5003//5171
f 4997//5165 5005//5173 5004//5172
f 4998//5166 5006//5174 5005//5173
f 4999//5167 5007//5175 5006//5174
f 4999//5167 5000//5168 5008//5176
f 5000//5168 4993//5161 5001//5169
f 5001//5169 5002//5170 5010//5178
f 5002//5170 5003//5171 5011//5179
f 5004//5172 5012//5180 5011//5179
f 5005//5173 5013//5181 5012//5180
f 5006//5174 5014//5182 5013//5181
f 5007//5175 5015//5183 5014//5182
f 5007//5175 5008//5176 5016//5184
f 5008//5176 5001//5169 5009//5177
f 5009//5177 5010//5178 5018//5186
f 5010//5178 5011//5179 5019//5187
f 5012//5180 5020//5188 5019//5187
f 5013//5181 5021//5189 5020//5188
f 5014//5182 5022//5190 5021//5189
f 5015//5183 5023//5191 5022//5190
f 5015//5183 5016//5184 5024//5192
f 5016//5184 5009//5177 5017//5185
f 5017//5185 5018//5186 5026//5194
f 5018//5186 5019//5187 5027//5195
f 5020//5188 5028//5196 5027//5195
f 5021//5189 5029//5197 5028//5196
f 5022//5190 5030//5198 5029//5197
f 5023//5191 5031//5199 5030//5198
f 5023//5191 5024//5192 5032//5200
f 5024//5192 5017//5185 5025//5193
f 5025//5193 5026//5194 5034//5202
f 5026//5194 5027//5195 5035//5203
f 5028//5196 5036//5204 5035//5203
f 5029//5197 5037//5205 5036//5204
f 5030//5198 5038//5206 5037//5205
f 5031//5199 5039//5207 5038//5206
f 5031//5199 5032//5200 5040//5208
f 5032//5200 5025//5193 5033//5201
f 5033//5201 5034//5202 5042//5210
f 5034//5202 5035//5203 5043//5211
f 5036//5204 5044//5212 5043//5211
f 5037//5205 5045//5213 5044//5212
f 5038//5206 5046//5214 5045//5213
f 5039//5207 5047//5215 5046//5214
f 5039//5207 5040//5208 5048//5216
f 5040//5208 5033//5201 5041//5209
f 5041//5209 5042//5210 5050//5218
f 5042//5210 5043//5211 5051//5219
f 5044//5212 5052//5220 5051//5219
f 5045//5213 5053//5221 5052//5220
f 5046//5214 5054//5222 5053//5221
f 5047//5215 5055//5223 5054//5222
f 5047//5215 5048//5216 5056//5224
f 5048//5216 5041//5209 5049//5217
f 5049//5217 5050//5218 5058//5226
f 5050//5218 5051//5219 5059//5227
f 5052//5220 5060//5228 5059//5227
f 5053//5221 5061//5229 5060//5228
f 5054//5222 5062//5230 5061//5229
f 5055//5223 5063//5231 5062//5230
f 5055//5223 5056//5224 5064//5232
f 5056//5224 5049//5217 5057//5225
f 5057//5225 5058//5226 5066//5234
f 5058//5226 5059//5227 5067//5235
f 5060//5228 5068//5236 5067//5235
f 5061//5229 5069//5237 5068//5236
f 5062//5230 5070//5238 5069//5237
f 5063//5231 5071//5239 5070//5238
f 5063//5231 5064//5232 5072//5240
f 5064//5232 5057//5225 5065//5233
f 5066//5234 5074//5242 5073//5241
f 5067//5235 5075//5243 5074//5242
f 5067//5235 5068//5236 5076//5244
f 5068//5236 5069//5237 5077//5245
f 5069//5237 5070//5238 5078//5246
f 5070//5238 5071//5239 5079//5247
f 5072//5240 5080//5248 5079//5247
f 5065//5233 5073//5241 5080//5248
f 5074//5242 5082//5250 5081//5249
f 5075//5243 5083//5251 5082//5250
f 5075//5243 5076//5244 5084//5252
f 5076//5244 5077//5245 5085//5253
f 5077//5245 5078//5246 5086//5254
f 5078//5246 5079//5247 5087//5255
f 5080//5248 5088//5256 5087//5255
f 5073//5241 5081//5249 5088//5256
f 5082//5250 5090//5258 5089//5257
f 5083//5251 5091//5259 5090//5258
f 5083//5251 5084//5252 5092//5260
f 5084//5252 5085//5253 5093//5261
f 5085//5253 5086//5254 5094//5262
f 5086//5254 5087//5255 5095//5263
f 5088//5256 5096//5264 5095//5263
f 5081//5249 5089//5257 5096//5264
f 5090//5258 5098//5266 5097//5265
f 5091//5259 5099//5267 5098//5266
f 5091//5259 5092//5260 5100//5268
f 5092//5260 5093//5261 5101//5269
f 5093//5261 5094//5262 5102//5270
f 5094//5262 5095//5263 5103//5271
f 5096//5264 5104//5272 5103//5271
f 5089//5257 5097//5265 5104//5272
f 5098//5266 5106//5274 5105//5273
f 5099//5267 5107//5275 5106//5274
f 5099//5267 5100//5268 5108//5276
f 5100//5268 5101//5269 5109//5277
f 5101//5269 5102//5270 5110//5278
f 5102//5270 5103//5271 5111//5279
f 5104//5272 5112//5280 5111//5279
f 5097//5265 5105//5273 5112//5280
f 5106//5274 5114//5282 5113//5281
f 5107//5275 5115//5283 5114//5282
f 5107//5275 5108//5276 5116//5284
f 5108//5276 5109//5277 5117//5285
f 5109//5277 5110//5278 5118//5286
f 5110//5278 5111//5279 5119//5287
f 5112//5280 5120//5288 5119//5287
f 5105//5273 5113//5281 5120//5288
f 5114//5282 5122//5290 5121//5289
f 5115//5283 5123//5291 5122//5290
f 5115//5283 5116//5284 5124//5292
f 5116//5284 5117//5285 5125//5293
f 5117//5285 5118//5286 5126//5294
f 5118//5286 5119//5287 5127//5295
f 5120//5288 5128//5296 5127//5295
f 5113//5281 5121//5289 5128//5296
f 5122//5290 5130//5298 5129//5297
f 5123//5291 5131//5299 5130//5298
f 5123//5291 5124//5292 5132//5300
f 5124//5292 5125//5293 5133//5301
f 5125//5293 5126//5294 5134//5302
f 5126//5294 5127//5295 5135//5303
f 5128//5296 5136//5304 5135//5303
f 5121//5289 5129//5297 5136//5304
f 5130//5298 5138//5306 5137//5305
f 5131//5299 5139//5307 5138//5306
f 5131//5299 5132//5300 5140//5308
f 5132//5300 5133//5301 5141//5309
f 5133//5301 5134//5302 5142//5310
f 5134//5302 5135//5303 5143//5311
f 5136//5304 5144//5312 5143//5311
f 5129//5297 5137//5305 5144//5312
f 5138//5306 5146//5314 5145//5313
f 5139//5307 5147//5315 5146//5314
f 5139//5307 5140//5308 5148//5316
f 5140//5308 5141//5309 5149//5317
f 5141//5309 5142//5310 5150//5318
f 5142//5310 5143//5311 5151//5319
f 5144//5312 5152//5320 5151//5319
f 5137//5305 5145//5313 5152//5320
f 5155//5323 5164//5332 5163//5331
f 5156//5324 5165//5333 5164//5332
f 5157//5325 5166//5334 5165//5333
f 5158//5326 5167//5335 5166//5334
f 5160//5328 5167//5335 5159//5327
f 5161//5329 5168//5336 5160//5328
f 5162//5330 5169//5337 5161//5329
f 5155//5323 5170//5338 5162//5330
f 5163//5331 5172//5340 5171//5339
f 5164//5332 5173//5341 5172//5340
f 5165//5333 5174//5342 5173//5341
f 5166//5334 5175//5343 5174//5342
f 5168//5336 5175//5343 5167//5335
f 5169//5337 5176//5344 5168//5336
f 5170//5338 5177//5345 5169//5337
f 5163//5331 5178//5346 5170//5338
f 5171//5339 5180//5348 5179//5347
f 5172//5340 5181//5349 5180//5348
f 5173//5341 5182//5350 5181//5349
f 5174//5342 5183//5351 5182//5350
f 5176//5344 5183//5351 5175//5343
f 5177//5345 5184//5352 5176//5344
f 5178//5346 5185//5353 5177//5345
f 5171//5339 5186//5354 5178//5346
f 5179//5347 5188//5356 5187//5355
f 5180//5348 5189//5357 5188//5356
f 5181//5349 5190//5358 5189//5357
f 5182//5350 5191//5359 5190//5358
f 5184//5352 5191//5359 5183//5351
f 5185//5353 5192//5360 5184//5352
f 5186//5354 5193//5361 5185//5353
f 5179//5347 5194//5362 5186//5354
f 5187//5355 5196//5364 5195//5363
f 5188//5356 5197//5365 5196//5364
f 5189//5357 5198//5366 5197//5365
f 5190//5358 5199//5367 5198//5366
f 5192//5360 5199//5367 5191//5359
f 5193//5361 5200//5368 5192//5360
f 5194//5362 5201//5369 5193//5361
f 5187//5355 5202//5370 5194//5362
f 5195//5363 5204//5372 5203//5371
f 5196//5364 5205//5373 5204//5372
f 5197//5365 5206//5374 5205//5373
f 5198//5366 5207//5375 5206//5374
f 5200//5368 5207//5375 5199//5367
f 5201//5369 5208//5376 5200//5368
f 5202//5370 5209//5377 5201//5369
f 5195//5363 5210//5378 5202//5370
f 5203//5371 5212//5380 5211//5379
f 5204//5372 5213//5381 5212//5380
f 5205//5373 5214//5382 5213//5381
f 5206//5374 5215//5383 5214//5382
f 5208//5376 5215//5383 5207//5375
f 5209//5377 5216//5384 5208//5376
f 5210//5378 5217//5385 5209//5377
f 5203//5371 5218//5386 5210//5378
f 5211//5379 5220//5388 5219//5387
f 5212//5380 5221//5389 5220//5388
f 5213//5381 5222//5390 5221//5389
f 5214//5382 5223//5391 5222//5390
f 5216//5384 5223//5391 5215//5383
f 5217//5385 5224//5392 5216//5384
f 5218//5386 5225//5393 5217//5385
f 5211//5379 5226//5394 5218//5386
f 5219//5387 5228//5396 5227//5395
f 5220//5388 5229//5397 5228//5396
f 5221//5389 5230//5398 5229//5397
f 5222//5390 5231//5399 5230//5398
f 5224//5392 5231//5399 5223//5391
f 5225//5393 5232//5400 5224//5392
f 5226//5394 5233//5401 5225//5393
f 5219//5387 5234//5402 5226//5394
f 5227//5395 5236//5404 5235//5403
f 5228//5396 5237//5405 5236//5404
f 5229//5397 5238//5406 5237//5405
f 5230//5398 5239//5407 5238//5406
f 5232//5400 5239//5407 5231//5399
f 5233//5401 5240//5408 5232//5400
f 5234//5402 5241//5409 5233//5401
f 5227//5395 5242//5410 5234//5402
f 5236//5404 5243//5411 5235//5403
f 5237//5405 5244//5412 5236//5404
f 5238//5406 5245//5413 5237//5405
f 5239//5407 5246//5414 5238//5406
f 5239//5407 5248//5416 5247//5415
f 5240//5408 5249//5417 5248//5416
f 5241//5409 5250//5418 5249//5417
f 5242//5410 5243//5411 5250//5418
f 5244//5412 5251//5419 5243//5411
f 5245//5413 5252//5420 5244//5412
f 5246//5414 5253//5421 5245//5413
f 5247//5415 5254//5422 5246//5414
f 5247//5415 5256//5424 5255//5423
f 5248//5416 5257//5425 5256//5424
f 5249//5417 5258//5426 5257//5425
f 5250//5418 5251//5419 5258//5426
f 5252//5420 5259//5427 5251//5419
f 5253//5421 5260//5428 5252//5420
f 5254//5422 5261//5429 5253//5421
f 5255//5423 5262//5430 5254//5422
f 5255//5423 5264//5432 5263//5431
f 5256//5424 5265//5433 5264//5432
f 5257//5425 5266//5434 5265//5433
f 5258//5426 5259//5427 5266//5434
f 5260//5428 5267//5435 5259//5427
f 5261//5429 5268//5436 5260//5428
f 5262//5430 5269//5437 5261//5429
f 5263//5431 5270//5438 5262//5430
f 5263//5431 5272//5440 5271//5439
f 5264//5432 5273//5441 5272//5440
f 5265//5433 5274//5442 5273//5441
f 5266//5434 5267//5435 5274//5442
f 5268//5436 5275//5443 5267//5435
f 5269//5437 5276//5444 5268//5436
f 5270//5438 5277//5445 5269//5437
f 5271//5439 5278//5446 5270//5438
f 5271//5439 5280//5448 5279//5447
f 5272//5440 5281//5449 5280//5448
f 5273//5441 5282//5450 5281//5449
f 5274//5442 5275//5443 5282//5450
f 5276//5444 5283//5451 5275//5443
f 5277//5445 5284//5452 5276//5444
f 5278//5446 5285//5453 5277//5445
f 5279//5447 5286//5454 5278//5446
f 5279//5447 5288//5456 5287//5455
f 5280//5448 5289//5457 5288//5456
f 5281//5449 5290//5458 5289//5457
f 5282//5450 5283//5451 5290//5458
f 5284//5452 5291//5459 5283//5451
f 5285//5453 5292//5460 5284//5452
f 5286//5454 5293//5461 5285//5453
f 5287//5455 5294//5462 5286//5454
f 5287//5455 5296//5464 5295//5463
f 5288//5456 5297//5465 5296//5464
f 5289//5457 5298//5466 5297//5465
f 5290//5458 5291//5459 5298//5466
f 5292//5460 5299//5467 5291//5459
f 5293//5461 5300//5468 5292//5460
f 5294//5462 5301//5469 5293//5461
f 5295//5463 5302//5470 5294//5462
f 5295//5463 5304//5472 5303//5471
f 5296//5464 5305//5473 5304//5472
f 5297//5465 5306//5474 5305//5473
f 5298//5466 5299//5467 5306//5474
f 5300//5468 5307//5475 5299//5467
f 5301//5469 5308//5476 5300//5468
f 5302//5470 5309//5477 5301//5469
f 5303//5471 5310//5478 5302//5470
f 5303//5471 5312//5480 5311//5479
f 5304//5472 5313//5481 5312//5480
f 5305//5473 5314//5482 5313//5481
f 5306//5474 5307//5475 5314//5482
f 5308//5476 5315//5483 5307//5475
f 5309//5477 5316//5484 5308//5476
f 5310//5478 5317//5485 5309//5477
f 5311//5479 5318//5486 5310//5478
f 5311//5479 5320//5488 5319//5487
f 5312//5480 5321//5489 5320//5488
f 5313//5481 5322//5490 5321//5489
f 5314//5482 5315//5483 5322//5490
f 5323//5491 5156//5324 5155//5323
f 5324//5492 5315//5483 5316//5484
f 5323//5491 5157//5325 5156//5324
f 5324//5492 5316//5484 5317//5485
f 5323//5491 5158//5326 5157//5325
f 5324//5492 5317//5485 5318//5486
f 5323//5491 5159//5327 5158//5326
f 5324//5492 5318//5486 5319//5487
f 5323//5491 5160//5328 5159//5327
f 5324//5492 5319//5487 5320//5488
f 5323//5491 5161//5329 5160//5328
f 5324//5492 5320//5488 5321//5489
f 5323//5491 5162//5330 5161//5329
f 5324//5492 5321//5489 5322//5490
f 5323//5491 5155//5323 5162//5330
f 5324//5492 5322//5490 5315//5483
f 5155//5323 5156//5324 5164//5332
f 5156//5324 5157//5325 5165//5333
f 5157//5325 5158//5326 5166//5334
f 5158//5326 5159//5327 5167//5335
f 5160//5328 5168//5336 5167//5335
f 5161//5329 5169//5337 5168//5336
f 5162//5330 5170//5338 5169//5337
f 5155//5323 5163//5331 5170//5338
f 5163//5331 5164//5332 5172//5340
f 5164//5332 5165//5333 5173//5341
f 5165//5333 5166//5334 5174//5342
f 5166//5334 5167//5335 5175//5343
f 5168//5336 5176//5344 5175//5343
f 5169//5337 5177//5345 5176//5344
f 5170//5338 5178//5346 5177//5345
f 5163//5331 5171//5339 5178//5346
f 5171//5339 5172//5340 5180//5348
f 5172//5340 5173//5341 5181//5349
f 5173//5341 5174//5342 5182//5350
f 5174//5342 5175//5343 5183//5351
f 5176//5344 5184//5352 5183//5351
f 5177//5345 5185//5353 5184//5352
f 5178//5346 5186//5354 5185//5353
f 5171//5339 5179//5347 5186//5354
f 5179//5347 5180//5348 5188//5356
f 5180//5348 5181//5349 5189//5357
f 5181//5349 5182//5350 5190//5358
f 5182//5350 5183//5351 5191//5359
f 5184//5352 5192//5360 5191//5359
f 5185//5353 5193//5361 5192//5360
f 5186//5354 5194//5362 5193//5361
f 5179//5347 5187//5355 5194//5362
f 5187//5355 5188//5356 5196//5364
f 5188//5356 5189//5357 5197//5365
f 5189//5357 5190//5358 5198//5366
f 5190//5358 5191//5359 5199//5367
f 5192//5360 5200//5368 5199//5367
f 5193//5361 5201//5369 5200//5368
f 5194//5362 5202//5370 5201//5369
f 5187//5355 5195//5363 5202//5370
f 5195//5363 5196//5364 5204//5372
f 5196//5364 5197//5365 5205//5373
f 5197//5365 5198//5366 5206//5374
f 5198//5366 5199//5367 5207//5375
f 5200//5368 5208//5376 5207//5375
f 5201//5369 5209//5377 5208//5376
f 5202//5370 5210//5378 5209//5377
f 5195//5363 5203//5371 5210//5378
f 5203//5371 5204//5372 5212//5380
f 5204//5372 5205//5373 5213//5381
f 5205//5373 5206//5374 5214//5382
f 5206//5374 5207//5375 5215//5383
f 5208//5376 5216//5384 5215//5383
f 5209//5377 5217//5385 5216//5384
f 5210//5378 5218//5386 5217//5385
f 5203//5371 5211//5379 5218//5386
f 5211//5379 5212//5380 5220//5388
f 5212//5380 5213//5381 5221//5389
f 5213//5381 5214//5382 5222//5390
f 5214//5382 5215//5383 5223//5391
f 5216//5384 5224//5392 5223//5391
f 5217//5385 5225//5393 5224//5392
f 5218//5386 5226//5394 5225//5393
f 5211//5379 5219//5387 5226//5394
f 5219//5387 5220//5388 5228//5396
f 5220//5388 5221//5389 5229//5397
f 5221//5389 5222//5390 5230//5398
f 5222//5390 5223//5391 5231//5399
f 5224//5392 5232//5400 5231//5399
f 5225//5393 5233//5401 5232//5400
f 5226//5394 5234//5402 5233//5401
f 5219//5387 5227//5395 5234//5402
f 5227//5395 5228//5396 5236//5404
f 5228//5396 5229//5397 5237//5405
f 5229//5397 5230//5398 5238//5406
f 5230//5398 5231//5399 5239//5407
f 5232//5400 5240//5408 5239//5407
f 5233//5401 5241//5409 5240//5408
f 5234//5402 5242//5410 5241//5409
f 5227//5395 5235//5403 5242//5410
f 5236//5404 5244//5412 5243//5411
f 5237//5405 5245//5413 5244//5412
f 5238//5406 5246//5414 5245//5413
f 5239//5407 5247//5415 5246//5414
f 5239//5407 5240//5408 5248//5416
f 5240//5408 5241//5409 5249//5417
f 5241//5409 5242//5410 5250//5418
f 5242//5410 5235//5403 5243//5411
f 5244//5412 5252//5420 5251//5419
f 5245//5413 5253//5421 5252//5420
f 5246//5414 5254//5422 5253//5421
f 5247//5415 5255//5423 5254//5422
f 5247//5415 5248//5416 5256//5424
f 5248//5416 5249//5417 5257//5425
f 5249//5417 5250//5418 5258//5426
f 5250//5418 5243//5411 5251//5419
f 5252//5420 5260//5428 5259//5427
f 5253//5421 5261//5429 5260//5428
f 5254//5422 5262//5430 5261//5429
f 5255//5423 5263//5431 5262//5430
f 5255//5423 5256//5424 5264//5432
f 5256//5424 5257//5425 5265//5433
f 5257//5425 5258//5426 5266//5434
f 5258//5426 5251//5419 5259//5427
f 5260//5428 5268//5436 5267//5435
f 5261//5429 5269//5437 5268//5436
f 5262//5430 5270//5438 5269//5437
f 5263//5431 5271//5439 5270//5438
f 5263//5431 5264//5432 5272//5440
f 5264//5432 5265//5433 5273//5441
f 5265//5433 5266//5434 5274//5442
f 5266//5434 5259//5427 5267//5435
f 5268//5436 5276//5444 5275//5443
f 5269//5437 5277//5445 5276//5444
f 5270//5438 5278//5446 5277//5445
f 5271//5439 5279//5447 5278//5446
f 5271//5439 5272//5440 5280//5448
f 5272//5440 5273//5441 5281//5449
f 5273//5441 5274//5442 5282//5450
f 5274//5442 5267//5435 5275//5443
f 5276//5444 5284//5452 5283//5451
f 5277//5445 5285//5453 5284//5452
f 5278//5446 5286//5454 5285//5453
f 5279//5447 5287//5455 5286//5454
f 5279//5447 5280//5448 5288//5456
f 5280//5448 5281//5449 5289//5457
f 5281//5449 5282//5450 5290//5458
f 5282//5450 5275//5443 5283//5451
f 5284//5452 5292//5460 5291//5459
f 5285//5453 5293//5461 5292//5460
f 5286//5454 5294//5462 5293//5461
f 5287//5455 5295//5463 5294//5462
f 5287//5455 5288//5456 5296//5464
f 5288//5456 5289//5457 5297//5465
f 5289//5457 5290//5458 5298//5466
f 5290//5458 5283//5451 5291//5459
f 5292//5460 5300//5468 5299//5467
f 5293//5461 5301//5469 5300//5468
f 5294//5462 5302//5470 5301//5469
f 5295//5463 5303//5471 5302//5470
f 5295//5463 5296//5464 5304//5472
f 5296//5464 5297//5465 5305//5473
f 5297//5465 5298//5466 5306//5474
f 5298//5466 5291//5459 5299//5467
f 5300//5468 5308//5476 5307//5475
f 5301//5469 5309//5477 5308//5476
f 5302//5470 5310//5478 5309//5477
f 5303//5471 5311//5479 5310//5478
f 5303//5471 5304//5472 5312//5480
f 5304//5472 5305//5473 5313//5481
f 5305//5473 5306//5474 5314//5482
f 5306//5474 5299//5467 5307//5475
f 5308//5476 5316//5484 5315//5483
f 5309//5477 5317//5485 5316//5484
f 5310//5478 5318//5486 5317//5485
f 5311//5479 5319//5487 5318//5486
f 5311//5479 5312//5480 5320//5488
f 5312//5480 5313//5481 5321//5489
f 5313//5481 5314//5482 5322//5490
f 5314//5482 5307//5475 5315//5483
f 5325//5493 5334//5502 5333//5501
f 5326//5494 5335//5503 5334//5502
f 5327//5495 5336//5504 5335//5503
f 5328//5496 5337//5505 5336//5504
f 5330//5498 5337//5505 5329//5497
f 5331//5499 5338//5506 5330//5498
f 5332//5500 5339//5507 5331//5499
f 5325//5493 5340//5508 5332//5500
f 5333//5501 5342//5510 5341//5509
f 5334//5502 5343//5511 5342//5510
f 5335//5503 5344//5512 5343//5511
f 5336//5504 5345//5513 5344//5512
f 5338//5506 5345//5513 5337//5505
f 5339//5507 5346//5514 5338//5506
f 5340//5508 5347//5515 5339//5507
f 5333//5501 5348//5516 5340//5508
f 5341//5509 5350//5518 5349//5517
f 5342//5510 5351//5519 5350//5518
f 5343//5511 5352//5520 5351//5519
f 5344//5512 5353//5521 5352//5520
f 5346//5514 5353//5521 5345//5513
f 5347//5515 5354//5522 5346//5514
f 5348//5516 5355//5523 5347//5515
f 5341//5509 5356//5524 5348//5516
f 5349//5517 5358//5526 5357//5525
f 5350//5518 5359//5527 5358//5526
f 5351//5519 5360//5528 5359//5527
f 5352//5520 5361//5529 5360//5528
f 5354//5522 5361//5529 5353//5521
f 5355//5523 5362//5530 5354//5522
f 5356//5524 5363//5531 5355//5523
f 5349//5517 5364//5532 5356//5524
f 5357//5525 5366//5534 5365//5533
f 5358//5526 5367//5535 5366//5534
f 5359//5527 5368//5536 5367//5535
f 5360//5528 5369//5537 5368//5536
f 5362//5530 5369//5537 5361//5529
f 5363//5531 5370//5538 5362//5530
f 5364//5532 5371//5539 5363//5531
f 5357//5525 5372//5540 5364//5532
f 5365//5533 5374//5542 5373//5541
f 5366//5534 5375//5543 5374//5542
f 5367//5535 5376//5544 5375//5543
f 5368//5536 5377//5545 5376//5544
f 5370//5538 5377//5545 5369//5537
f 5371//5539 5378//5546 5370//5538
f 5372//5540 5379//5547 5371//5539
f 5365//5533 5380//5548 5372//5540
f 5373//5541 5382//5550 5381//5549
f 5374//5542 5383//5551 5382//5550
f 5375//5543 5384//5552 5383//5551
f 5376//5544 5385//5553 5384//5552
f 5378//5546 5385//5553 5377//5545
f 5379//5547 5386//5554 5378//5546
f 5380//5548 5387//5555 5379//5547
f 5373//5541 5388//5556 5380//5548
f 5381//5549 5390//5558 5389//5557
f 5382//5550 5391//5559 5390//5558
f 5383//5551 5392//5560 5391//5559
f 5384//5552 5393//5561 5392//5560
f 5386//5554 5393//5561 5385//5553
f 5387//5555 5394//5562 5386//5554
f 5388//5556 5395//5563 5387//5555
f 5381//5549 5396//5564 5388//5556
f 5389//5557 5398//5566 5397//5565
f 5390//5558 5399//5567 5398//5566
f 5391//5559 5400//5568 5399//5567
f 5392//5560 5401//5569 5400//5568
f 5394//5562 5401//5569 5393//5561
f 5395//5563 5402//5570 5394//5562
f 5396//5564 5403//5571 5395//5563
f 5389//5557 5404//5572 5396//5564
f 5397//5565 5406//5574 5405//5573
f 5398//5566 5407//5575 5406//5574
f 5399//5567 5408//5576 5407//5575
f 5400//5568 5409//5577 5408//5576
f 5402//5570 5409//5577 5401//5569
f 5403//5571 5410//5578 5402//5570
f 5404//5572 5411//5579 5403//5571
f 5397//5565 5412//5580 5404//5572
f 5406//5574 5413//5581 5405//5573
f 5407//5575 5414//5582 5406//5574
f 5408//5576 5415//5583 5407//5575
f 5409//5577 5416//5584 5408//5576
f 5409//5577 5418//5586 5417//5585
f 5410//5578 5419//5587 5418//5586
f 5411//5579 5420//5588 5419//5587
f 5412//5580 5413//5581 5420//5588
f 5414//5582 5421//5589 5413//5581
f 5415//5583 5422//5590 5414//5582
f 5416//5584 5423//5591 5415//5583
f 5417//5585 5424//5592 5416//5584
f 5417//5585 5426//5594 5425//5593
f 5418//5586 5427//5595 5426//5594
f 5419//5587 5428//5596 5427//5595
f 5420//5588 5421//5589 5428//5596
f 5422//5590 5429//5597 5421//5589
f 5423//5591 5430//5598 5422//5590
f 5424//5592 5431//5599 5423//5591
f 5425//5593 5432//5600 5424//5592
f 5425//5593 5434//5602 5433//5601
f 5426//5594 5435//5603 5434//5602
f 5427//5595 5436//5604 5435//5603
f 5428//5596 5429//5597 5436//5604
f 5430//5598 5437//5605 5429//5597
f 5431//5599 5438//5606 5430//5598
f 5432//5600 5439//5607 5431//5599
f 5433//5601 5440//5608 5432//5600
f 5433//5601 5442//5610 5441//5609
f 5434//5602 5443//5611 5442//5610
f 5435//5603 5444//5612 5443//5611
f 5436//5604 5437//5605 5444//5612
f 5438//5606 5445//5613 5437//5605
f 5439//5607 5446//5614 5438//5606
f 5440//5608 5447//5615 5439//5607
f 5441//5609 5448//5616 5440//5608
f 5441//5609 5450//5618 5449//5617
f 5442//5610 5451//5619 5450//5618
f 5443//5611 5452//5620 5451//5619
f 5444//5612 5445//5613 5452//5620
f 5446//5614 5453//5621 5445//5613
f 5447//5615 5454//5622 5446//5614
f 5448//5616 5455//5623 5447//5615
f 5449//5617 5456//5624 5448//5616
f 5449//5617 5458//5626 5457//5625
f 5450//5618 5459//5627 5458//5626
f 5451//5619 5460//5628 5459//5627
f 5452//5620 5453//5621 5460//5628
f 5454//5622 5461//5629 5453//5621
f 5455//5623 5462//5630 5454//5622
f 5456//5624 5463//5631 5455//5623
f 5457//5625 5464//5632 5456//5624
f 5457//5625 5466//5634 5465//5633
f 5458//5626 5467//5635 5466//5634
f 5459//5627 5468//5636 5467//5635
f 5460//5628 5461//5629 5468//5636
f 5462//5630 5469//5637 5461//5629
f 5463//5631 5470//5638 5462//5630
f 5464//5632 5471//5639 5463//5631
f 5465//5633 5472//5640 5464//5632
f 5465//5633 5474//5642 5473//5641
f 5466//5634 5475//5643 5474//5642
f 5467//5635 5476//5644 5475//5643
f 5468//5636 5469//5637 5476//5644
f 5470//5638 5477//5645 5469//5637
f 5471//5639 5478//5646 5470//5638
f 5472//5640 5479//5647 5471//5639
f 5473//5641 5480//5648 5472//5640
f 5473//5641 5482//5650 5481//5649
f 5474//5642 5483//5651 5482//5650
f 5475//5643 5484//5652 5483//5651
f 5476//5644 5477//5645 5484//5652
f 5478//5646 5485//5653 5477//5645
f 5479//5647 5486//5654 5478//5646
f 5480//5648 5487//5655 5479//5647
f 5481//5649 5488//5656 5480//5648
f 5481//5649 5490//5658 5489//5657
f 5482//5650 5491//5659 5490//5658
f 5483//5651 5492//5660 5491//5659
f 5484//5652 5485//5653 5492//5660
f 5493//5661 5326//5494 5325//5493
f 5494//5662 5485//5653 5486//5654
f 5493//5661 5327//5495 5326//5494
f 5494//5662 5486//5654 5487//5655
f 5493//5661 5328//5496 5327//5495
f 5494//5662 5487//5655 5488//5656
f 5493//5661 5329//5497 5328//5496
f 5494//5662 5488//5656 5489//5657
f 5493//5661 5330//5498 5329//5497
f 5494//5662 5489//5657 5490//5658
f 5493//5661 5331//5499 5330//5498
f 5494//5662 5490//5658 5491//5659
f 5493//5661 5332//5500 5331//5499
f 5494//5662 5491//5659 5492//5660
f 5493//5661 5325//5493 5332//5500
f 5494//5662 5492//5660 5485//5653
f 5325//5493 5326//5494 5334//5502
f 5326//5494 5327//5495 5335//5503
f 5327//5495 5328//5496 5336//5504
f 5328//5496 5329//5497 5337//5505
f 5330//5498 5338//5506 5337//5505
f 5331//5499 5339//5507 5338//5506
f 5332//5500 5340//5508 5339//5507
f 5325//5493 5333//5501 5340//5508
f 5333//5501 5334//5502 5342//5510
f 5334//5502 5335//5503 5343//5511
f 5335//5503 5336//5504 5344//5512
f 5336//5504 5337//5505 5345//5513
f 5338//5506 5346//5514 5345//5513
f 5339//5507 5347//5515 5346//5514
f 5340//5508 5348//5516 5347//5515
f 5333//5501 5341//5509 5348//5516
f 5341//5509 5342//5510 5350//5518
f 5342//5510 5343//5511 5351//5519
f 5343//5511 5344//5512 5352//5520
f 5344//5512 5345//5513 5353//5521
f 5346//5514 5354//5522 5353//5521
f 5347//5515 5355//5523 5354//5522
f 5348//5516 5356//5524 5355//5523
f 5341//5509 5349//5517 5356//5524
f 5349//5517 5350//5518 5358//5526
f 5350//5518 5351//5519 5359//5527
f 5351//5519 5352//5520 5360//5528
f 5352//5520 5353//5521 5361//5529
f 5354//5522 5362//5530 5361//5529
f 5355//5523 5363//5531 5362//5530
f 5356//5524 5364//5532 5363//5531
f 5349//5517 5357//5525 5364//5532
f 5357//5525 5358//5526 5366//5534
f 5358//5526 5359//5527 5367//5535
f 5359//5527 5360//5528 5368//5536
f 5360//5528 5361//5529 5369//5537
f 5362//5530 5370//5538 5369//5537
f 5363//5531 5371//5539 5370//5538
f 5364//5532 5372//5540 5371//5539
f 5357//5525 5365//5533 5372//5540
f 5365//5533 5366//5534 5374//5542
f 5366//5534 5367//5535 5375//5543
f 5367//5535 5368//5536 5376//5544
f 5368//5536 5369//5537 5377//5545
f 5370//5538 5378//5546 5377//5545
f 5371//5539 5379//5547 5378//5546
f 5372//5540 5380//5548 5379//5547
f 5365//5533 5373//5541 5380//5548
f 5373//5541 5374//5542 5382//5550
f 5374//5542 5375//5543 5383//5551
f 5375//5543 5376//5544 5384//5552
f 5376//5544 5377//5545 5385//5553
f 5378//5546 5386//5554 5385//5553
f 5379//5547 5387//5555 5386//5554
f 5380//5548 5388//5556 5387//5555
f 5373//5541 5381//5549 5388//5556
f 5381//5549 5382//5550 5390//5558
f 5382//5550 5383//5551 5391//5559
f 5383//5551 5384//5552 5392//5560
f 5384//5552 5385//5553 5393//5561
f 5386//5554 5394//5562 5393//5561
f 5387//5555 5395//5563 5394//5562
f 5388//5556 5396//5564 5395//5563
f 5381//5549 5389//5557 5396//5564
f 5389//5557 5390//5558 5398//5566
f 5390//5558 5391//5559 5399//5567
f 5391//5559 5392//5560 5400//5568
f 5392//5560 5393//5561 5401//5569
f 5394//5562 5402//5570 5401//5569
f 5395//5563 5403//5571 5402//5570
f 5396//5564 5404//5572 5403//5571
f 5389//5557 5397//5565 5404//5572
f 5397//5565 5398//5566 5406//5574
f 5398//5566 5399//5567 5407//5575
f 5399//5567 5400//5568 5408//5576
f 5400//5568 5401//5569 5409//5577
f 5402//5570 5410//5578 5409//5577
f 5403//5571 5411//5579 5410//5578
f 5404//5572 5412//5580 5411//5579
f 5397//5565 5405//5573 5412//5580
f 5406//5574 5414//5582 5413//5581
f 5407//5575 5415//5583 5414//5582
f 5408//5576 5416//5584 5415//5583
f 5409//5577 5417//5585 5416//5584
f 5409//5577 5410//5578 5418//5586
f 5410//5578 5411//5579 5419//5587
f 5411//5579 5412//5580 5420//5588
f 5412//5580 5405//5573 5413//5581
f 5414//5582 5422//5590 5421//5589
f 5415//5583 5423//5591 5422//5590
f 5416//5584 5424//5592 5423//5591
f 5417//5585 5425//5593 5424//5592
f 5417//5585 5418//5586 5426//5594
f 5418//5586 5419//5587 5427//5595
f 5419//5587 5420//5588 5428//5596
f 5420//5588 5413//5581 5421//5589
f 5422//5590 5430//5598 5429//5597
f 5423//5591 5431//5599 5430//5598
f 5424//5592 5432//5600 5431//5599
f 5425//5593 5433//5601 5432//5600
f 5425//5593 5426//5594 5434//5602
f 5426//5594 5427//5595 5435//5603
f 5427//5595 5428//5596 5436//5604
f 5428//5596 5421//5589 5429//5597
f 5430//5598 5438//5606 5437//5605
f 5431//5599 5439//5607 5438//5606
f 5432//5600 5440//5608 5439//5607
f 5433//5601 5441//5609 5440//5608
f 5433//5601 5434//5602 5442//5610
f 5434//5602 5435//5603 5443//5611
f 5435//5603 5436//5604 5444//5612
f 5436//5604 5429//5597 5437//5605
f 5438//5606 5446//5614 5445//5613
f 5439//5607 5447//5615 5446//5614
f 5440//5608 5448//5616 5447//5615
f 5441//5609 5449//5617 5448//5616
f 5441//5609 5442//5610 5450//5618
f 5442//5610 5443//5611 5451//5619
f 5443//5611 5444//5612 5452//5620
f 5444//5612 5437//5605 5445//5613
f 5446//5614 5454//5622 5453//5621
f 5447//5615 5455//5623 5454//5622
f 5448//5616 5456//5624 5455//5623
f 5449//5617 5457//5625 5456//5624
f 5449//5617 5450//5618 5458//5626
f 5450//5618 5451//5619 5459//5627
f 5451//5619 5452//5620 5460//5628
f 5452//5620 5445//5613 5453//5621
f 5454//5622 5462//5630 5461//5629
f 5455//5623 5463//5631 5462//5630
f 5456//5624 5464//5632 5463//5631
f 5457//5625 5465//5633 5464//5632
f 5457//5625 5458//5626 5466//5634
f 5458//5626 5459//5627 5467//5635
f 5459//5627 5460//5628 5468//5636
f 5460//5628 5453//5621 5461//5629
f 5462//5630 5470//5638 5469//5637
f 5463//5631 5471//5639 5470//5638
f 5464//5632 5472//5640 5471//5639
f 5465//5633 5473//5641 5472//5640
f 5465//5633 5466//5634 5474//5642
f 5466//5634 5467//5635 5475//5643
f 5467//5635 5468//5636 5476//5644
f 5468//5636 5461//5629 5469//5637
f 5470//5638 5478//5646 5477//5645
f 5471//5639 5479//5647 5478//5646
f 5472//5640 5480//5648 5479//5647
f 5473//5641 5481//5649 5480//5648
f 5473//5641 5474//5642 5482//5650
f 5474//5642 5475//5643 5483//5651
f 5475//5643 5476//5644 5484//5652
f 5476//5644 5469//5637 5477//5645
f 5478//5646 5486//5654 5485//5653
f 5479//5647 5487//5655 5486//5654
f 5480//5648 5488//5656 5487//5655
f 5481//5649 5489//5657 5488//5656
f 5481//5649 5482//5650 5490//5658
f 5482//5650 5483//5651 5491//5659
f 5483//5651 5484//5652 5492//5660
f 5484//5652 5477//5645 5485//5653
usemtl rust
s 1
f 5496//5664 5503//5671 5495//5663
f 5497//5665 5504//5672 5496//5664
f 5498//5666 5505//5673 5497//5665
f 5498//5666 5507//5675 5506//5674
f 5500//5668 5507//5675 5499//5667
f 5501//5669 5508//5676 5500//5668
f 5501//5669 5510//5678 5509//5677
f 5502//5670 5503//5671 5510//5678
f 5511//5679 5496//5664 5495//5663
f 5512//5680 5503//5671 5504//5672
f 5511//5679 5497//5665 5496//5664
f 5512//5680 5504//5672 5505//5673
f 5511//5679 5498//5666 5497//5665
f 5512//5680 5505//5673 5506//5674
f 5511//5679 5499//5667 5498//5666
f 5512//5680 5506//5674 5507//5675
f 5511//5679 5500//5668 5499//5667
f 5512//5680 5507//5675 5508//5676
f 5511//5679 5501//5669 5500//5668
f 5512//5680 5508//5676 5509//5677
f 5511//5679 5502//5670 5501//5669
f 5512//5680 5509//5677 5510//5678
f 5511//5679 5495//5663 5502//5670
f 5512//5680 5510//5678 5503//5671
f 5496//5664 5504//5672 5503//5671
f 5497//5665 5505//5673 5504//5672
f 5498//5666 5506//5674 5505//5673
f 5498//5666 5499//5667 5507//5675
f 5500//5668 5508//5676 5507//5675
f 5501//5669 5509//5677 5508//5676
f 5501//5669 5502//5670 5510//5678
f 5502//5670 5495//5663 5503//5671
f 5514//5682 5521//5689 5513//5681
f 5514//5682 5523//5691 5522//5690
f 5516//5684 5523//5691 5515//5683
f 5516//5684 5525//5693 5524//5692
f 5518//5686 5525//5693 5517//5685
f 5519//5687 5526//5694 5518//5686
f 5520//5688 5527//5695 5519//5687
f 5513//5681 5528//5696 5520//5688
f 5529//5697 5514//5682 5513//5681
f 5530//5698 5521//5689 5522//5690
f 5529//5697 5515//5683 5514//5682
f 5530//5698 5522//5690 5523//5691
f 5529//5697 5516//5684 5515//5683
f 5530//5698 5523//5691 5524//5692
f 5529//5697 5517//5685 5516//5684
f 5530//5698 5524//5692 5525//5693
f 5529//5697 5518//5686 5517//5685
f 5530//5698 5525//5693 5526//5694
f 5529//5697 5519//5687 5518//5686
f 5530//5698 5526//5694 5527//5695
f 5529//5697 5520//5688 5519//5687
f 5530//5698 5527//5695 5528//5696
f 5529//5697 5513//5681 5520//5688
f 5530//5698 5528//5696 5521//5689
f 5514//5682 5522//5690 5521//5689
f 5514//5682 5515//5683 5523//5691
f 5516//5684 5524//5692 5523//5691
f 5516//5684 5517//5685 5525//5693
f 5518//5686 5526//5694 5525//5693
f 5519//5687 5527//5695 5526//5694
f 5520//5688 5528//5696 5527//5695
f 5513//5681 5521//5689 5528//5696
f 5532//5700 5539//5707 5531//5699
f 5532//5700 5541//5709 5540//5708
f 5534//5702 5541//5709 5533//5701
f 5535//5703 5542//5710 5534//5702
f 5536//5704 5543//5711 5535//5703
f 5536//5704 5545//5713 5544//5712
f 5538//5706 5545//5713 5537//5705
f 5531//5699 5546//5714 5538//5706
f 5547//5715 5532//5700 5531//5699
f 5548//5716 5539//5707 5540//5708
f 5547//5715 5533//5701 5532//5700
f 5548//5716 5540//5708 5541//5709
f 5547//5715 5534//5702 5533//5701
f 5548//5716 5541//5709 5542//5710
f 5547//5715 5535//5703 5534//5702
f 5548//5716 5542//5710 5543//5711
f 5547//5715 5536//5704 5535//5703
f 5548//5716 5543//5711 5544//5712
f 5547//5715 5537//5705 5536//5704
f 5548//5716 5544//5712 5545//5713
f 5547//5715 5538//5706 5537//5705
f 5548//5716 5545//5713 5546//5714
f 5547//5715 5531//5699 5538//5706
f 5548//5716 5546//5714 5539//5707
f 5532//5700 5540//5708 5539//5707
f 5532//5700 5533//5701 5541//5709
f 5534//5702 5542//5710 5541//5709
f 5535//5703 5543//5711 5542//5710
f 5536//5704 5544//5712 5543//5711
f 5536//5704 5537//5705 5545//5713
f 5538//5706 5546//5714 5545//5713
f 5531//5699 5539//5707 5546//5714
f 5853//5950 5862//5959 5861//5958
f 5854//5951 5863//5960 5862//5959
f 5856//5953 5863//5960 5855//5952
f 5857//5954 5864//5961 5856//5953
f 5857//5954 5866//5963 5865//5962
f 5858//5955 5867//5964 5866//5963
f 5859//5956 5868//5965 5867//5964
f 5860//5957 5861//5958 5868//5965
f 5869//5966 5854//5951 5853//5950
f 5870//5967 5861//5958 5862//5959
f 5869//5966 5855//5952 5854//5951
f 5870//5967 5862//5959 5863//5960
f 5869//5966 5856//5953 5855//5952
f 5870//5967 5863//5960 5864//5961
f 5869//5966 5857//5954 5856//5953
f 5870//5967 5864//5961 5865//5962
f 5869//5966 5858//5955 5857//5954
f 5870//5967 5865//5962 5866//5963
f 5869//5966 5859//5956 5858//5955
f 5870//5967 5866//5963 5867//5964
f 5869//5966 5860//5957 5859//5956
f 5870//5967 5867//5964 5868//5965
f 5869//5966 5853//5950 5860//5957
f 5870//5967 5868//5965 5861//5958
f 5853//5950 5854//5951 5862//5959
f 5854//5951 5855//5952 5863//5960
f 5856//5953 5864//5961 5863//5960
f 5857//5954 5865//5962 5864//5961
f 5857//5954 5858//5955 5866//5963
f 5858//5955 5859//5956 5867//5964
f 5859//5956 5860//5957 5868//5965
f 5860//5957 5853//5950 5861//5958
f 5872//5969 5879//5976 5871//5968
f 5872//5969 5881//5978 5880//5977
f 5873//5970 5882//5979 5881//5978
f 5874//5971 5883//5980 5882//5979
f 5875//5972 5884//5981 5883//5980
f 5877//5974 5884//5981 5876//5973
f 5877//5974 5886//5983 5885//5982
f 5871//5968 5886//5983 5878//5975
f 5887//5984 5872//5969 5871//5968
f 5888//5985 5879//5976 5880//5977
f 5887//5984 5873//5970 5872//5969
f 5888//5985 5880//5977 5881//5978
f 5887//5984 5874//5971 5873//5970
f 5888//5985 5881//5978 5882//5979
f 5887//5984 5875//5972 5874//5971
f 5888//5985 5882//5979 5883//5980
f 5887//5984 5876//5973 5875//5972
f 5888//5985 5883//5980 5884//5981
f 5887//5984 5877//5974 5876//5973
f 5888//5985 5884//5981 5885//5982
f 5887//5984 5878//5975 5877//5974
f 5888//5985 5885//5982 5886//5983
f 5887//5984 5871//5968 5878//5975
f 5888//5985 5886//5983 5879//5976
f 5872//5969 5880//5977 5879//5976
f 5872//5969 5873//5970 5881//5978
f 5873//5970 5874//5971 5882//5979
f 5874//5971 5875//5972 5883//5980
f 5875//5972 5876//5973 5884//5981
f 5877//5974 5885//5982 5884//5981
f 5877//5974 5878//5975 5886//5983
f 5871//5968 5879//5976 5886//5983
f 5890//5987 5897//5994 5889//5986
f 5890//5987 5899//5996 5898//5995
f 5891//5988 5900//5997 5899//5996
f 5892//5989 5901//5998 5900//5997
f 5893//5990 5902//5999 5901//5998
f 5895//5992 5902//5999 5894//5991
f 5896//5993 5903//6000 5895//5992
f 5889//5986 5904//6001 5896//5993
f 5905//6002 5890//5987 5889//5986
f 5906//6003 5897//5994 5898//5995
f 5905//6002 5891//5988 5890//5987
f 5906//6003 5898//5995 5899//5996
f 5905//6002 5892//5989 5891//5988
f 5906//6003 5899//5996 5900//5997
f 5905//6002 5893//5990 5892//5989
f 5906//6003 5900//5997 5901//5998
f 5905//6002 5894//5991 5893//5990
f 5906//6003 5901//5998 5902//5999
f 5905//6002 5895//5992 5894//5991
f 5906//6003 5902//5999 5903//6000
f 5905//6002 5896//5993 5895//5992
f 5906//6003 5903//6000 5904//6001
f 5905//6002 5889//5986 5896//5993
f 5906//6003 5904//6001 5897//5994
f 5890//5987 5898//5995 5897//5994
f 5890//5987 5891//5988 5899//5996
f 5891//5988 5892//5989 5900//5997
f 5892//5989 5893//5990 5901//5998
f 5893//5990 5894//5991 5902//5999
f 5895//5992 5903//6000 5902//5999
f 5896//5993 5904//6001 5903//6000
f 5889//5986 5897//5994 5904//6001
f 5908//6005 5915//6012 5907//6004
f 5909//6006 5916//6013 5908//6005
f 5910//6007 5917//6014 5909//6006
f 5911//6008 5918//6015 5910//6007
f 5912//6009 5919//6016 5911//6008
f 5912//6009 5921//6018 5920//6017
f 5913//6010 5922//6019 5921//6018
f 5907//6004 5922//6019 5914//6011
f 5923//6020 5908//6005 5907//6004
f 5924//6021 5915//6012 5916//6013
f 5923//6020 5909//6006 5908//6005
f 5924//6021 5916//6013 5917//6014
f 5923//6020 5910//6007 5909//6006
f 5924//6021 5917//6014 5918//6015
f 5923//6020 5911//6008 5910//6007
f 5924//6021 5918//6015 5919//6016
f 5923//6020 5912//6009 5911//6008
f 5924//6021 5919//6016 5920//6017
f 5923//6020 5913//6010 5912//6009
f 5924//6021 5920//6017 5921//6018
f 5923//6020 5914//6011 5913//6010
f 5924//6021 5921//6018 5922//6019
f 5923//6020 5907//6004 5914//6011
f 5924//6021 5922//6019 5915//6012
f 5908//6005 5916//6013 5915//6012
f 5909//6006 5917//6014 5916//6013
f 5910//6007 5918//6015 5917//6014
f 5911//6008 5919//6016 5918//6015
f 5912//6009 5920//6017 5919//6016
f 5912//6009 5913//6010 5921//6018
f 5913//6010 5914//6011 5922//6019
f 5907//6004 5915//6012 5922//6019
f 5926//6023 5933//6030 5925//6022
f 5927//6024 5934//6031 5926//6023
f 5928//6025 5935//6032 5927//6024
f 5929//6026 5936//6033 5928//6025
f 5930//6027 5937//6034 5929//6026
f 5931//6028 5938//6035 5930//6027
f 5932//6029 5939//6036 5931//6028
f 5925//6022 5940//6037 5932//6029
f 5941//6038 5926//6023 5925//6022
f 5942//6039 5933//6030 5934//6031
f 5941//6038 5927//6024 5926//6023
f 5942//6039 5934//6031 5935//6032
f 5941//6038 5928//6025 5927//6024
f 5942//6039 5935//6032 5936//6033
f 5941//6038 5929//6026 5928//6025
f 5942//6039 5936//6033 5937//6034
f 5941//6038 5930//6027 5929//6026
f 5942//6039 5937//6034 5938//6035
f 5941//6038 5931//6028 5930//6027
f 5942//6039 5938//6035 5939//6036
f 5941//6038 5932//6029 5931//6028
f 5942//6039 5939//6036 5940//6037
f 5941//6038 5925//6022 5932//6029
f 5942//6039 5940//6037 5933//6030
f 5926//6023 5934//6031 5933//6030
f 5927//6024 5935//6032 5934//6031
f 5928//6025 5936//6033 5935//6032
f 5929//6026 5937//6034 5936//6033
f 5930//6027 5938//6035 5937//6034
f 5931//6028 5939//6036 5938//6035
f 5932//6029 5940//6037 5939//6036
f 5925//6022 5933//6030 5940//6037
f 5944//6041 5951//6048 5943//6040
f 5944//6041 5953//6050 5952//6049
f 5946//6043 5953//6050 5945//6042
f 5947//6044 5954//6051 5946//6043
f 5947//6044 5956//6053 5955//6052
f 5949//6046 5956//6053 5948//6045
f 5949//6046 5958//6055 5957//6054
f 5943//6040 5958//6055 5950//6047
f 5959//6056 5944//6041 5943//6040
f 5960//6057 5951//6048 5952//6049
f 5959//6056 5945//6042 5944//6041
f 5960//6057 5952//6049 5953//6050
f 5959//6056 5946//6043 5945//6042
f 5960//6057 5953//6050 5954//6051
f 5959//6056 5947//6044 5946//6043
f 5960//6057 5954//6051 5955//6052
f 5959//6056 5948//6045 5947//6044
f 5960//6057 5955//6052 5956//6053
f 5959//6056 5949//6046 5948//6045
f 5960//6057 5956//6053 5957//6054
f 5959//6056 5950//6047 5949//6046
f 5960//6057 5957//6054 5958//6055
f 5959//6056 5943//6040 5950//6047
f 5960//6057 5958//6055 5951//6048
f 5944//6041 5952//6049 5951//6048
f 5944//6041 5945//6042 5953//6050
f 5946//6043 5954//6051 5953//6050
f 5947//6044 5955//6052 5954//6051
f 5947//6044 5948//6045 5956//6053
f 5949//6046 5957//6054 5956//6053
f 5949//6046 5950//6047 5958//6055
f 5943//6040 5951//6048 5958//6055
f 5961//6058 5970//6067 5969//6066
f 5963//6060 5970//6067 5962//6059
f 5963//6060 5972//6069 5971//6068
f 5965//6062 5972//6069 5964//6061
f 5965//6062 5974//6071 5973//6070
f 5967//6064 5974//6071 5966//6063
f 5968//6065 5975//6072 5967//6064
f 5968//6065 5969//6066 5976//6073
f 5977//6074 5962//6059 5961//6058
f 5978//6075 5969//6066 5970//6067
f 5977//6074 5963//6060 5962//6059
f 5978//6075 5970//6067 5971//6068
f 5977//6074 5964//6061 5963//6060
f 5978//6075 5971//6068 5972//6069
f 5977//6074 5965//6062 5964//6061
f 5978//6075 5972//6069 5973//6070
f 5977//6074 5966//6063 5965//6062
f 5978//6075 5973//6070 5974//6071
f 5977//6074 5967//6064 5966//6063
f 5978//6075 5974//6071 5975//6072
f 5977//6074 5968//6065 5967//6064
f 5978//6075 5975//6072 5976//6073
f 5977//6074 5961//6058 5968//6065
f 5978//6075 5976//6073 5969//6066
f 5961//6058 5962//6059 5970//6067
f 5963//6060 5971//6068 5970//6067
f 5963//6060 5964//6061 5972//6069
f 5965//6062 5973//6070 5972//6069
f 5965//6062 5966//6063 5974//6071
f 5967//6064 5975//6072 5974//6071
f 5968//6065 5976//6073 5975//6072
f 5968//6065 5961//6058 5969//6066
f 5980//6077 5987//6084 5979//6076
f 5981//6078 5988//6085 5980//6077
f 5981//6078 5990//6087 5989//6086
f 5982//6079 5991//6088 5990//6087
f 5983//6080 5992//6089 5991//6088
f 5985//6082 5992//6089 5984//6081
f 5986//6083 5993//6090 5985//6082
f 5986//6083 5987//6084 5994//6091
f 5995//6092 5980//6077 5979//6076
f 5996//6093 5987//6084 5988//6085
f 5995//6092 5981//6078 5980//6077
f 5996//6093 5988//6085 5989//6086
f 5995//6092 5982//6079 5981//6078
f 5996//6093 5989//6086 5990//6087
f 5995//6092 5983//6080 5982//6079
f 5996//6093 5990//6087 5991//6088
f 5995//6092 5984//6081 5983//6080
f 5996//6093 5991//6088 5992//6089
f 5995//6092 5985//6082 5984//6081
f 5996//6093 5992//6089 5993//6090
f 5995//6092 5986//6083 5985//6082
f 5996//6093 5993//6090 5994//6091
f 5995//6092 5979//6076 5986//6083
f 5996//6093 5994//6091 5987//6084
f 5980//6077 5988//6085 5987//6084
f 5981//6078 5989//6086 5988//6085
f 5981//6078 5982//6079 5990//6087
f 5982//6079 5983//6080 5991//6088
f 5983//6080 5984//6081 5992//6089
f 5985//6082 5993//6090 5992//6089
f 5986//6083 5994//6091 5993//6090
f 5986//6083 5979//6076 5987//6084
f 5998//6095 6005//6102 5997//6094
f 5999//6096 6006//6103 5998//6095
f 6000//6097 6007//6104 5999//6096
f 6000//6097 6009//6106 6008//6105
f 6001//6098 6010//6107 6009//6106
f 6003//6100 6010//6107 6002//6099
f 6004//6101 6011//6108 6003//6100
f 5997//6094 6012//6109 6004//6101
f 6013//6110 5998//6095 5997//6094
f 6014//6111 6005//6102 6006//6103
f 6013//6110 5999//6096 5998//6095
f 6014//6111 6006//6103 6007//6104
f 6013//6110 6000//6097 5999//6096
f 6014//6111 6007//6104 6008//6105
f 6013//6110 6001//6098 6000//6097
f 6014//6111 6008//6105 6009//6106
f 6013//6110 6002//6099 6001//6098
f 6014//6111 6009//6106 6010//6107
f 6013//6110 6003//6100 6002//6099
f 6014//6111 6010//6107 6011//6108
f 6013//6110 6004//6101 6003//6100
f 6014//6111 6011//6108 6012//6109
f 6013//6110 5997//6094 6004//6101
f 6014//6111 6012//6109 6005//6102
f 5998//6095 6006//6103 6005//6102
f 5999//6096 6007//6104 6006//6103
f 6000//6097 6008//6105 6007//6104
f 6000//6097 6001//6098 6009//6106
f 6001//6098 6002//6099 6010//6107
f 6003//6100 6011//6108 6010//6107
f 6004//6101 6012//6109 6011//6108
f 5997//6094 6005//6102 6012//6109
f 6016//6113 6023//6120 6015//6112
f 6017//6114 6024//6121 6016//6113
f 6018//6115 6025//6122 6017//6114
f 6018//6115 6027//6124 6026//6123
f 6019//6116 6028//6125 6027//6124
f 6021//6118 6028//6125 6020//6117
f 6022//6119 6029//6126 6021//6118
f 6015//6112 6030//6127 6022//6119
f 6031//6128 6016//6113 6015//6112
f 6032//6129 6023//6120 6024//6121
f 6031//6128 6017//6114 6016//6113
f 6032//6129 6024//6121 6025//6122
f 6031//6128 6018//6115 6017//6114
f 6032//6129 6025//6122 6026//6123
f 6031//6128 6019//6116 6018//6115
f 6032//6129 6026//6123 6027//6124
f 6031//6128 6020//6117 6019//6116
f 6032//6129 6027//6124 6028//6125
f 6031//6128 6021//6118 6020//6117
f 6032//6129 6028//6125 6029//6126
f 6031//6128 6022//6119 6021//6118
f 6032//6129 6029//6126 6030//6127
f 6031//6128 6015//6112 6022//6119
f 6032//6129 6030//6127 6023//6120
f 6016//6113 6024//6121 6023//6120
f 6017//6114 6025//6122 6024//6121
f 6018//6115 6026//6123 6025//6122
f 6018//6115 6019//6116 6027//6124
f 6019//6116 6020//6117 6028//6125
f 6021//6118 6029//6126 6028//6125
f 6022//6119 6030//6127 6029//6126
f 6015//6112 6023//6120 6030//6127
f 6034//6131 6041//6138 6033//6130
f 6035//6132 6042//6139 6034//6131
f 6035//6132 6044//6141 6043//6140
f 6037//6134 6044//6141 6036//6133
f 6037//6134 6046//6143 6045//6142
f 6039//6136 6046//6143 6038//6135
f 6039//6136 6048//6145 6047//6144
f 6033//6130 6048//6145 6040//6137
f 6049//6146 6034//6131 6033//6130
f 6050//6147 6041//6138 6042//6139
f 6049//6146 6035//6132 6034//6131
f 6050//6147 6042//6139 6043//6140
f 6049//6146 6036//6133 6035//6132
f 6050//6147 6043//6140 6044//6141
f 6049//6146 6037//6134 6036//6133
f 6050//6147 6044//6141 6045//6142
f 6049//6146 6038//6135 6037//6134
f 6050//6147 6045//6142 6046//6143
f 6049//6146 6039//6136 6038//6135
f 6050//6147 6046//6143 6047//6144
f 6049//6146 6040//6137 6039//6136
f 6050//6147 6047//6144 6048//6145
f 6049//6146 6033//6130 6040//6137
f 6050//6147 6048//6145 6041//6138
f 6034//6131 6042//6139 6041//6138
f 6035//6132 6043//6140 6042//6139
f 6035//6132 6036//6133 6044//6141
f 6037//6134 6045//6142 6044//6141
f 6037//6134 6038//6135 6046//6143
f 6039//6136 6047//6144 6046//6143
f 6039//6136 6040//6137 6048//6145
f 6033//6130 6041//6138 6048//6145
f 6052//6149 6059//6156 6051//6148
f 6053//6150 6060//6157 6052//6149
f 6054//6151 6061//6158 6053//6150
f 6054//6151 6063//6160 6062//6159
f 6055//6152 6064//6161 6063//6160
f 6057//6154 6064//6161 6056//6153
f 6058//6155 6065//6162 6057//6154
f 6051//6148 6066//6163 6058//6155
f 6067//6164 6052//6149 6051//6148
f 6068//6165 6059//6156 6060//6157
f 6067//6164 6053//6150 6052//6149
f 6068//6165 6060//6157 6061//6158
f 6067//6164 6054//6151 6053//6150
f 6068//6165 6061//6158 6062//6159
f 6067//6164 6055//6152 6054//6151
f 6068//6165 6062//6159 6063//6160
f 6067//6164 6056//6153 6055//6152
f 6068//6165 6063//6160 6064//6161
f 6067//6164 6057//6154 6056//6153
f 6068//6165 6064//6161 6065//6162
f 6067//6164 6058//6155 6057//6154
f 6068//6165 6065//6162 6066//6163
f 6067//6164 6051//6148 6058//6155
f 6068//6165 6066//6163 6059//6156
f 6052//6149 6060//6157 6059//6156
f 6053//6150 6061//6158 6060//6157
f 6054//6151 6062//6159 6061//6158
f 6054//6151 6055//6152 6063//6160
f 6055//6152 6056//6153 6064//6161
f 6057//6154 6065//6162 6064//6161
f 6058//6155 6066//6163 6065//6162
f 6051//6148 6059//6156 6066//6163
f 6070//6167 6077//6174 6069//6166
f 6071//6168 6078//6175 6070//6167
f 6072//6169 6079//6176 6071//6168
f 6072//6169 6081//6178 6080//6177
f 6073//6170 6082//6179 6081//6178
f 6074//6171 6083//6180 6082//6179
f 6075//6172 6084//6181 6083//6180
f 6069//6166 6084//6181 6076//6173
f 6077//6174 6086//6183 6085//6182
f 6078//6175 6087//6184 6086//6183
f 6079//6176 6088//6185 6087//6184
f 6081//6178 6088//6185 6080//6177
f 6082//6179 6089//6186 6081//6178
f 6083//6180 6090//6187 6082//6179
f 6084//6181 6091//6188 6083//6180
f 6084//6181 6085//6182 6092//6189
f 6086//6183 6093//6190 6085//6182
f 6087//6184 6094//6191 6086//6183
f 6088//6185 6095//6192 6087//6184
f 6088//6185 6097//6194 6096//6193
f 6089//6186 6098//6195 6097//6194
f 6090//6187 6099//6196 6098//6195
f 6091//6188 6100//6197 6099//6196
f 6085//6182 6100//6197 6092//6189
f 6101//6198 6070//6167 6069//6166
f 6102//6199 6093//6190 6094//6191
f 6101//6198 6071//6168 6070//6167
f 6102//6199 6094//6191 6095//6192
f 6101//6198 6072//6169 6071//6168
f 6102//6199 6095//6192 6096//6193
f 6101//6198 6073//6170 6072//6169
f 6102//6199 6096//6193 6097//6194
f 6101//6198 6074//6171 6073//6170
f 6102//6199 6097//6194 6098//6195
f 6101//6198 6075//6172 6074//6171
f 6102//6199 6098//6195 6099//6196
f 6101//6198 6076//6173 6075//6172
f 6102//6199 6099//6196 6100//6197
f 6101//6198 6069//6166 6076//6173
f 6102//6199 6100//6197 6093//6190
f 6070//6167 6078//6175 6077//6174
f 6071//6168 6079//6176 6078//6175
f 6072//6169 6080//6177 6079//6176
f 6072//6169 6073//6170 6081//6178
f 6073//6170 6074//6171 6082//6179
f 6074//6171 6075//6172 6083//6180
f 6075//6172 6076//6173 6084//6181
f 6069//6166 6077//6174 6084//6181
f 6077//6174 6078//6175 6086//6183
f 6078//6175 6079//6176 6087//6184
f 6079//6176 6080//6177 6088//6185
f 6081//6178 6089//6186 6088//6185
f 6082//6179 6090//6187 6089//6186
f 6083//6180 6091//6188 6090//6187
f 6084//6181 6092//6189 6091//6188
f 6084//6181 6077//6174 6085//6182
f 6086//6183 6094//6191 6093//6190
f 6087//6184 6095//6192 6094//6191
f 6088//6185 6096//6193 6095//6192
f 6088//6185 6089//6186 6097//6194
f 6089//6186 6090//6187 6098//6195
f 6090//6187 6091//6188 6099//6196
f 6091//6188 6092//6189 6100//6197
f 6085//6182 6093//6190 6100//6197
