# metres; world coordinates; Y forward / Z up
mtllib 07_suspended_particles.mtl
o 07_suspended_particles
v 11.845788956 -9.772193909 4.102783203
v 11.853788376 -9.772193909 4.102783203
v 11.845788956 -9.763193130 4.102783203
v 11.853788376 -9.763193130 4.102783203
v 11.845788956 -9.772193909 4.108782768
v 11.853788376 -9.772193909 4.108782768
v 11.845788956 -9.763193130 4.108782768
v 11.853788376 -9.763193130 4.108782768
v -2.246911526 13.110211372 1.202145815
v -2.238911629 13.110211372 1.202145815
v -2.246911526 13.119212151 1.202145815
v -2.238911629 13.119212151 1.202145815
v -2.246911526 13.110211372 1.208145857
v -2.238911629 13.110211372 1.208145857
v -2.246911526 13.119212151 1.208145857
v -2.238911629 13.119212151 1.208145857
v 14.901538849 12.393637657 5.341461658
v 14.909538269 12.393637657 5.341461658
v 14.901538849 12.402638435 5.341461658
v 14.909538269 12.402638435 5.341461658
v 14.901538849 12.393637657 5.347461224
v 14.909538269 12.393637657 5.347461224
v 14.901538849 12.402638435 5.347461224
v 14.909538269 12.402638435 5.347461224
v -5.244453907 -0.756727993 8.892219543
v -5.236453533 -0.756727993 8.892219543
v -5.244453907 -0.747728050 8.892219543
v -5.236453533 -0.747728050 8.892219543
v -5.244453907 -0.756727993 8.898220062
v -5.236453533 -0.756727993 8.898220062
v -5.244453907 -0.747728050 8.898220062
v -5.236453533 -0.747728050 8.898220062
v 9.820009232 3.709047318 1.704511523
v 9.828008652 3.709047318 1.704511523
v 9.820009232 3.718047142 1.704511523
v 9.828008652 3.718047142 1.704511523
v 9.820009232 3.709047318 1.710511565
v 9.828008652 3.709047318 1.710511565
v 9.820009232 3.718047142 1.710511565
v 9.828008652 3.718047142 1.710511565
v -1.167142987 8.439393044 3.797784805
v -1.159143090 8.439393044 3.797784805
v -1.167142987 8.448393822 3.797784805
v -1.159143090 8.448393822 3.797784805
v -1.167142987 8.439393044 3.803784847
v -1.159143090 8.439393044 3.803784847
v -1.167142987 8.448393822 3.803784847
v -1.159143090 8.448393822 3.803784847
v -0.783008814 -6.491264820 5.006156445
v -0.775008798 -6.491264820 5.006156445
v -0.783008814 -6.482264996 5.006156445
v -0.775008798 -6.482264996 5.006156445
v -0.783008814 -6.491264820 5.012156010
v -0.775008798 -6.491264820 5.012156010
v -0.783008814 -6.482264996 5.012156010
v -0.775008798 -6.482264996 5.012156010
v -13.817109108 2.659667015 7.803483963
v -13.809109688 2.659667015 7.803483963
v -13.817109108 2.668666840 7.803483963
v -13.809109688 2.668666840 7.803483963
v -13.817109108 2.659667015 7.809483528
v -13.809109688 2.659667015 7.809483528
v -13.817109108 2.668666840 7.809483528
v -13.809109688 2.668666840 7.809483528
v 4.305222988 -9.488400459 2.114292383
v 4.313223362 -9.488400459 2.114292383
v 4.305222988 -9.479399681 2.114292383
v 4.313223362 -9.479399681 2.114292383
v 4.305222988 -9.488400459 2.120292425
v 4.313223362 -9.488400459 2.120292425
v 4.305222988 -9.479399681 2.120292425
v 4.313223362 -9.479399681 2.120292425
v -1.881049156 9.217803955 4.612052441
v -1.873049259 9.217803955 4.612052441
v -1.881049156 9.226804733 4.612052441
v -1.873049259 9.226804733 4.612052441
v -1.881049156 9.217803955 4.618052006
v -1.873049259 9.217803955 4.618052006
v -1.881049156 9.226804733 4.618052006
v -1.873049259 9.226804733 4.618052006
v -11.048806190 0.448016495 1.434123635
v -11.040806770 0.448016495 1.434123635
v -11.048806190 0.457016498 1.434123635
v -11.040806770 0.457016498 1.434123635
v -11.048806190 0.448016495 1.440123677
v -11.040806770 0.448016495 1.440123677
v -11.048806190 0.457016498 1.440123677
v -11.040806770 0.457016498 1.440123677
v 9.653779984 -6.368250847 1.622114658
v 9.661779404 -6.368250847 1.622114658
v 9.653779984 -6.359251022 1.622114658
v 9.661779404 -6.359251022 1.622114658
v 9.653779984 -6.368250847 1.628114700
v 9.661779404 -6.368250847 1.628114700
v 9.653779984 -6.359251022 1.628114700
v 9.661779404 -6.359251022 1.628114700
v -4.430589199 19.832496643 6.486121655
v -4.422588825 19.832496643 6.486121655
v -4.430589199 19.841495514 6.486121655
v -4.422588825 19.841495514 6.486121655
v -4.430589199 19.832496643 6.492121220
v -4.422588825 19.832496643 6.492121220
v -4.430589199 19.841495514 6.492121220
v -4.422588825 19.841495514 6.492121220
v -3.062636137 10.181906700 7.188110828
v -3.054636240 10.181906700 7.188110828
v -3.062636137 10.190907478 7.188110828
v -3.054636240 10.190907478 7.188110828
v -3.062636137 10.181906700 7.194110394
v -3.054636240 10.181906700 7.194110394
v -3.062636137 10.190907478 7.194110394
v -3.054636240 10.190907478 7.194110394
v -4.684931755 -2.760424137 6.167167187
v -4.676931381 -2.760424137 6.167167187
v -4.684931755 -2.751424313 6.167167187
v -4.676931381 -2.751424313 6.167167187
v -4.684931755 -2.760424137 6.173166752
v -4.676931381 -2.760424137 6.173166752
v -4.684931755 -2.751424313 6.173166752
v -4.676931381 -2.751424313 6.173166752
v 1.868670821 19.110736847 4.077263832
v 1.876670718 19.110736847 4.077263832
v 1.868670821 19.119735718 4.077263832
v 1.876670718 19.119735718 4.077263832
v 1.868670821 19.110736847 4.083263397
v 1.876670718 19.110736847 4.083263397
v 1.868670821 19.119735718 4.083263397
v 1.876670718 19.119735718 4.083263397
v 1.866356611 21.406642914 1.018621325
v 1.874356508 21.406642914 1.018621325
v 1.866356611 21.415641785 1.018621325
v 1.874356508 21.415641785 1.018621325
v 1.866356611 21.406642914 1.024621367
v 1.874356508 21.406642914 1.024621367
v 1.866356611 21.415641785 1.024621367
v 1.874356508 21.415641785 1.024621367
v 8.773072243 6.060466766 3.478085041
v 8.781071663 6.060466766 3.478085041
v 8.773072243 6.069466591 3.478085041
v 8.781071663 6.069466591 3.478085041
v 8.773072243 6.060466766 3.484085083
v 8.781071663 6.060466766 3.484085083
v 8.773072243 6.069466591 3.484085083
v 8.781071663 6.069466591 3.484085083
v -13.402251244 13.635602951 2.830064535
v -13.394251823 13.635602951 2.830064535
v -13.402251244 13.644603729 2.830064535
v -13.394251823 13.644603729 2.830064535
v -13.402251244 13.635602951 2.836064577
v -13.394251823 13.635602951 2.836064577
v -13.402251244 13.644603729 2.836064577
v -13.394251823 13.644603729 2.836064577
v -8.975873947 20.624475479 3.021355391
v -8.967874527 20.624475479 3.021355391
v -8.975873947 20.633474350 3.021355391
v -8.967874527 20.633474350 3.021355391
v -8.975873947 20.624475479 3.027355433
v -8.967874527 20.624475479 3.027355433
v -8.975873947 20.633474350 3.027355433
v -8.967874527 20.633474350 3.027355433
v -2.262250185 15.239155769 4.242180347
v -2.254250288 15.239155769 4.242180347
v -2.262250185 15.248156548 4.242180347
v -2.254250288 15.248156548 4.242180347
v -2.262250185 15.239155769 4.248179913
v -2.254250288 15.239155769 4.248179913
v -2.262250185 15.248156548 4.248179913
v -2.254250288 15.248156548 4.248179913
v -5.542489052 2.713054895 6.702220440
v -5.534488678 2.713054895 6.702220440
v -5.542489052 2.722054720 6.702220440
v -5.534488678 2.722054720 6.702220440
v -5.542489052 2.713054895 6.708220005
v -5.534488678 2.713054895 6.708220005
v -5.542489052 2.722054720 6.708220005
v -5.534488678 2.722054720 6.708220005
v 12.191521645 0.164001644 6.601346493
v 12.199521065 0.164001644 6.601346493
v 12.191521645 0.173001647 6.601346493
v 12.199521065 0.173001647 6.601346493
v 12.191521645 0.164001644 6.607346058
v 12.199521065 0.164001644 6.607346058
v 12.191521645 0.173001647 6.607346058
v 12.199521065 0.173001647 6.607346058
v 12.397801399 1.279220581 6.189055443
v 12.405800819 1.279220581 6.189055443
v 12.397801399 1.288220644 6.189055443
v 12.405800819 1.288220644 6.189055443
v 12.397801399 1.279220581 6.195055008
v 12.405800819 1.279220581 6.195055008
v 12.397801399 1.288220644 6.195055008
v 12.405800819 1.288220644 6.195055008
v -12.097167969 20.581777573 8.115731239
v -12.089168549 20.581777573 8.115731239
v -12.097167969 20.590776443 8.115731239
v -12.089168549 20.590776443 8.115731239
v -12.097167969 20.581777573 8.121731758
v -12.089168549 20.581777573 8.121731758
v -12.097167969 20.590776443 8.121731758
v -12.089168549 20.590776443 8.121731758
v -9.732045174 -8.632131577 4.949335575
v -9.724045753 -8.632131577 4.949335575
v -9.732045174 -8.623130798 4.949335575
v -9.724045753 -8.623130798 4.949335575
v -9.732045174 -8.632131577 4.955335140
v -9.724045753 -8.632131577 4.955335140
v -9.732045174 -8.623130798 4.955335140
v -9.724045753 -8.623130798 4.955335140
v -11.923068047 12.831792831 4.444767475
v -11.915068626 12.831792831 4.444767475
v -11.923068047 12.840793610 4.444767475
v -11.915068626 12.840793610 4.444767475
v -11.923068047 12.831792831 4.450767040
v -11.915068626 12.831792831 4.450767040
v -11.923068047 12.840793610 4.450767040
v -11.915068626 12.840793610 4.450767040
v -1.617845654 10.322901726 4.703763008
v -1.609845757 10.322901726 4.703763008
v -1.617845654 10.331902504 4.703763008
v -1.609845757 10.331902504 4.703763008
v -1.617845654 10.322901726 4.709762573
v -1.609845757 10.322901726 4.709762573
v -1.617845654 10.331902504 4.709762573
v -1.609845757 10.331902504 4.709762573
v -14.644619942 15.189196587 3.697965622
v -14.636620522 15.189196587 3.697965622
v -14.644619942 15.198197365 3.697965622
v -14.636620522 15.198197365 3.697965622
v -14.644619942 15.189196587 3.703965664
v -14.636620522 15.189196587 3.703965664
v -14.644619942 15.198197365 3.703965664
v -14.636620522 15.198197365 3.703965664
v 9.127025604 6.649828911 1.593956828
v 9.135025024 6.649828911 1.593956828
v 9.127025604 6.658828735 1.593956828
v 9.135025024 6.658828735 1.593956828
v 9.127025604 6.649828911 1.599956870
v 9.135025024 6.649828911 1.599956870
v 9.127025604 6.658828735 1.599956870
v 9.135025024 6.658828735 1.599956870
v -8.921793938 -8.138667107 3.882789373
v -8.913794518 -8.138667107 3.882789373
v -8.921793938 -8.129666328 3.882789373
v -8.913794518 -8.129666328 3.882789373
v -8.921793938 -8.138667107 3.888789415
v -8.913794518 -8.138667107 3.888789415
v -8.921793938 -8.129666328 3.888789415
v -8.913794518 -8.129666328 3.888789415
v 13.665980339 -1.539963722 3.253575802
v 13.673979759 -1.539963722 3.253575802
v 13.665980339 -1.530963659 3.253575802
v 13.673979759 -1.530963659 3.253575802
v 13.665980339 -1.539963722 3.259575844
v 13.673979759 -1.539963722 3.259575844
v 13.665980339 -1.530963659 3.259575844
v 13.673979759 -1.530963659 3.259575844
v 6.466517925 0.944092691 5.376516342
v 6.474518299 0.944092691 5.376516342
v 6.466517925 0.953092635 5.376516342
v 6.474518299 0.953092635 5.376516342
v 6.466517925 0.944092691 5.382515907
v 6.474518299 0.944092691 5.382515907
v 6.466517925 0.953092635 5.382515907
v 6.474518299 0.953092635 5.382515907
v 13.309088707 22.383583069 3.288045883
v 13.317088127 22.383583069 3.288045883
v 13.309088707 22.392581940 3.288045883
v 13.317088127 22.392581940 3.288045883
v 13.309088707 22.383583069 3.294045925
v 13.317088127 22.383583069 3.294045925
v 13.309088707 22.392581940 3.294045925
v 13.317088127 22.392581940 3.294045925
v 5.435260773 21.693410873 5.689333439
v 5.443261147 21.693410873 5.689333439
v 5.435260773 21.702409744 5.689333439
v 5.443261147 21.702409744 5.689333439
v 5.435260773 21.693410873 5.695333004
v 5.443261147 21.693410873 5.695333004
v 5.435260773 21.702409744 5.695333004
v 5.443261147 21.702409744 5.695333004
v 12.842480659 16.882720947 2.081486464
v 12.850480080 16.882720947 2.081486464
v 12.842480659 16.891719818 2.081486464
v 12.850480080 16.891719818 2.081486464
v 12.842480659 16.882720947 2.087486506
v 12.850480080 16.882720947 2.087486506
v 12.842480659 16.891719818 2.087486506
v 12.850480080 16.891719818 2.087486506
v -11.239270210 -6.858074665 3.484165430
v -11.231270790 -6.858074665 3.484165430
v -11.239270210 -6.849074841 3.484165430
v -11.231270790 -6.849074841 3.484165430
v -11.239270210 -6.858074665 3.490165472
v -11.231270790 -6.858074665 3.490165472
v -11.239270210 -6.849074841 3.490165472
v -11.231270790 -6.849074841 3.490165472
v -4.014141083 23.253190994 6.180190563
v -4.006140709 23.253190994 6.180190563
v -4.014141083 23.262189865 6.180190563
v -4.006140709 23.262189865 6.180190563
v -4.014141083 23.253190994 6.186190128
v -4.006140709 23.253190994 6.186190128
v -4.014141083 23.262189865 6.186190128
v -4.006140709 23.262189865 6.186190128
v -7.288579941 -2.508007288 2.574021339
v -7.280579567 -2.508007288 2.574021339
v -7.288579941 -2.499007463 2.574021339
v -7.280579567 -2.499007463 2.574021339
v -7.288579941 -2.508007288 2.580021381
v -7.280579567 -2.508007288 2.580021381
v -7.288579941 -2.499007463 2.580021381
v -7.280579567 -2.499007463 2.580021381
v -13.999658585 12.173139572 8.152804375
v -13.991659164 12.173139572 8.152804375
v -13.999658585 12.182140350 8.152804375
v -13.991659164 12.182140350 8.152804375
v -13.999658585 12.173139572 8.158804893
v -13.991659164 12.173139572 8.158804893
v -13.999658585 12.182140350 8.158804893
v -13.991659164 12.182140350 8.158804893
v 9.647623062 -2.169642210 2.131001472
v 9.655622482 -2.169642210 2.131001472
v 9.647623062 -2.160642385 2.131001472
v 9.655622482 -2.160642385 2.131001472
v 9.647623062 -2.169642210 2.137001514
v 9.655622482 -2.169642210 2.137001514
v 9.647623062 -2.160642385 2.137001514
v 9.655622482 -2.160642385 2.137001514
v 11.893751144 1.554668903 8.078759193
v 11.901750565 1.554668903 8.078759193
v 11.893751144 1.563668966 8.078759193
v 11.901750565 1.563668966 8.078759193
v 11.893751144 1.554668903 8.084759712
v 11.901750565 1.554668903 8.084759712
v 11.893751144 1.563668966 8.084759712
v 11.901750565 1.563668966 8.084759712
v 10.547924042 -2.084321737 2.198228121
v 10.555923462 -2.084321737 2.198228121
v 10.547924042 -2.075321913 2.198228121
v 10.555923462 -2.075321913 2.198228121
v 10.547924042 -2.084321737 2.204228163
v 10.555923462 -2.084321737 2.204228163
v 10.547924042 -2.075321913 2.204228163
v 10.555923462 -2.075321913 2.204228163
v -2.844671965 16.891111374 2.269568682
v -2.836672068 16.891111374 2.269568682
v -2.844671965 16.900110245 2.269568682
v -2.836672068 16.900110245 2.269568682
v -2.844671965 16.891111374 2.275568724
v -2.836672068 16.891111374 2.275568724
v -2.844671965 16.900110245 2.275568724
v -2.836672068 16.900110245 2.275568724
v 9.374842644 7.229421616 6.011135101
v 9.382842064 7.229421616 6.011135101
v 9.374842644 7.238421440 6.011135101
v 9.382842064 7.238421440 6.011135101
v 9.374842644 7.229421616 6.017134666
v 9.382842064 7.229421616 6.017134666
v 9.374842644 7.238421440 6.017134666
v 9.382842064 7.238421440 6.017134666
v -4.694060802 -0.887531638 1.897495866
v -4.686060429 -0.887531638 1.897495866
v -4.694060802 -0.878531694 1.897495866
v -4.686060429 -0.878531694 1.897495866
v -4.694060802 -0.887531638 1.903495908
v -4.686060429 -0.887531638 1.903495908
v -4.694060802 -0.878531694 1.903495908
v -4.686060429 -0.878531694 1.903495908
v -7.265028954 7.474730015 4.096616268
v -7.257028580 7.474730015 4.096616268
v -7.265028954 7.483729839 4.096616268
v -7.257028580 7.483729839 4.096616268
v -7.265028954 7.474730015 4.102615833
v -7.257028580 7.474730015 4.102615833
v -7.265028954 7.483729839 4.102615833
v -7.257028580 7.483729839 4.102615833
v 13.920835495 7.744455814 2.462639093
v 13.928834915 7.744455814 2.462639093
v 13.920835495 7.753455639 2.462639093
v 13.928834915 7.753455639 2.462639093
v 13.920835495 7.744455814 2.468639135
v 13.928834915 7.744455814 2.468639135
v 13.920835495 7.753455639 2.468639135
v 13.928834915 7.753455639 2.468639135
v -2.502665997 9.989111900 8.558356285
v -2.494666100 9.989111900 8.558356285
v -2.502665997 9.998112679 8.558356285
v -2.494666100 9.998112679 8.558356285
v -2.502665997 9.989111900 8.564356804
v -2.494666100 9.989111900 8.564356804
v -2.502665997 9.998112679 8.564356804
v -2.494666100 9.998112679 8.564356804
v 3.640638113 1.281168699 2.283125639
v 3.648638010 1.281168699 2.283125639
v 3.640638113 1.290168762 2.283125639
v 3.648638010 1.290168762 2.283125639
v 3.640638113 1.281168699 2.289125681
v 3.648638010 1.281168699 2.289125681
v 3.640638113 1.290168762 2.289125681
v 3.648638010 1.290168762 2.289125681
v -8.178321838 7.871959686 4.757707596
v -8.170322418 7.871959686 4.757707596
v -8.178321838 7.880959511 4.757707596
v -8.170322418 7.880959511 4.757707596
v -8.178321838 7.871959686 4.763707161
v -8.170322418 7.871959686 4.763707161
v -8.178321838 7.880959511 4.763707161
v -8.170322418 7.880959511 4.763707161
v 9.255131721 -8.288203239 1.431884527
v 9.263131142 -8.288203239 1.431884527
v 9.255131721 -8.279202461 1.431884527
v 9.263131142 -8.279202461 1.431884527
v 9.255131721 -8.288203239 1.437884569
v 9.263131142 -8.288203239 1.437884569
v 9.255131721 -8.279202461 1.437884569
v 9.263131142 -8.279202461 1.437884569
v -4.980760574 19.451745987 1.551028371
v -4.972760201 19.451745987 1.551028371
v -4.980760574 19.460744858 1.551028371
v -4.972760201 19.460744858 1.551028371
v -4.980760574 19.451745987 1.557028413
v -4.972760201 19.451745987 1.557028413
v -4.980760574 19.460744858 1.557028413
v -4.972760201 19.460744858 1.557028413
v 0.560295522 23.933933258 1.568960428
v 0.568295538 23.933933258 1.568960428
v 0.560295522 23.942932129 1.568960428
v 0.568295538 23.942932129 1.568960428
v 0.560295522 23.933933258 1.574960470
v 0.568295538 23.933933258 1.574960470
v 0.560295522 23.942932129 1.574960470
v 0.568295538 23.942932129 1.574960470
v 10.843808174 -8.712295532 1.214564562
v 10.851807594 -8.712295532 1.214564562
v 10.843808174 -8.703294754 1.214564562
v 10.851807594 -8.703294754 1.214564562
v 10.843808174 -8.712295532 1.220564604
v 10.851807594 -8.712295532 1.220564604
v 10.843808174 -8.703294754 1.220564604
v 10.851807594 -8.703294754 1.220564604
v -14.550189018 21.650398254 2.943565130
v -14.542189598 21.650398254 2.943565130
v -14.550189018 21.659397125 2.943565130
v -14.542189598 21.659397125 2.943565130
v -14.550189018 21.650398254 2.949565172
v -14.542189598 21.650398254 2.949565172
v -14.550189018 21.659397125 2.949565172
v -14.542189598 21.659397125 2.949565172
v 2.207307816 20.321674347 1.202841520
v 2.215307713 20.321674347 1.202841520
v 2.207307816 20.330673218 1.202841520
v 2.215307713 20.330673218 1.202841520
v 2.207307816 20.321674347 1.208841562
v 2.215307713 20.321674347 1.208841562
v 2.207307816 20.330673218 1.208841562
v 2.215307713 20.330673218 1.208841562
v 14.581305504 -0.695120275 5.547434807
v 14.589304924 -0.695120275 5.547434807
v 14.581305504 -0.686120331 5.547434807
v 14.589304924 -0.686120331 5.547434807
v 14.581305504 -0.695120275 5.553434372
v 14.589304924 -0.695120275 5.553434372
v 14.581305504 -0.686120331 5.553434372
v 14.589304924 -0.686120331 5.553434372
v -6.392457962 21.688217163 7.572631836
v -6.384457588 21.688217163 7.572631836
v -6.392457962 21.697216034 7.572631836
v -6.384457588 21.697216034 7.572631836
v -6.392457962 21.688217163 7.578631401
v -6.384457588 21.688217163 7.578631401
v -6.392457962 21.697216034 7.578631401
v -6.384457588 21.697216034 7.578631401
v 1.786523700 7.816053391 6.059246063
v 1.794523597 7.816053391 6.059246063
v 1.786523700 7.825053215 6.059246063
v 1.794523597 7.825053215 6.059246063
v 1.786523700 7.816053391 6.065245628
v 1.794523597 7.816053391 6.065245628
v 1.786523700 7.825053215 6.065245628
v 1.794523597 7.825053215 6.065245628
v 8.622897148 17.555196762 5.976164818
v 8.630896568 17.555196762 5.976164818
v 8.622897148 17.564195633 5.976164818
v 8.630896568 17.564195633 5.976164818
v 8.622897148 17.555196762 5.982164383
v 8.630896568 17.555196762 5.982164383
v 8.622897148 17.564195633 5.982164383
v 8.630896568 17.564195633 5.982164383
v -6.844602585 -7.601069450 2.457453966
v -6.836602211 -7.601069450 2.457453966
v -6.844602585 -7.592069626 2.457453966
v -6.836602211 -7.592069626 2.457453966
v -6.844602585 -7.601069450 2.463454008
v -6.836602211 -7.601069450 2.463454008
v -6.844602585 -7.592069626 2.463454008
v -6.836602211 -7.592069626 2.463454008
v 9.573230743 22.836942673 6.118403912
v 9.581230164 22.836942673 6.118403912
v 9.573230743 22.845941544 6.118403912
v 9.581230164 22.845941544 6.118403912
v 9.573230743 22.836942673 6.124403477
v 9.581230164 22.836942673 6.124403477
v 9.573230743 22.845941544 6.124403477
v 9.581230164 22.845941544 6.124403477
v 10.963283539 -7.880250931 4.320946217
v 10.971282959 -7.880250931 4.320946217
v 10.963283539 -7.871251106 4.320946217
v 10.971282959 -7.871251106 4.320946217
v 10.963283539 -7.880250931 4.326945782
v 10.971282959 -7.880250931 4.326945782
v 10.963283539 -7.871251106 4.326945782
v 10.971282959 -7.871251106 4.326945782
v -10.067975998 23.421535492 2.313652277
v -10.059976578 23.421535492 2.313652277
v -10.067975998 23.430534363 2.313652277
v -10.059976578 23.430534363 2.313652277
v -10.067975998 23.421535492 2.319652319
v -10.059976578 23.421535492 2.319652319
v -10.067975998 23.430534363 2.319652319
v -10.059976578 23.430534363 2.319652319
v -1.274047852 12.773647308 5.628157139
v -1.266047955 12.773647308 5.628157139
v -1.274047852 12.782648087 5.628157139
v -1.266047955 12.782648087 5.628157139
v -1.274047852 12.773647308 5.634156704
v -1.266047955 12.773647308 5.634156704
v -1.274047852 12.782648087 5.634156704
v -1.266047955 12.782648087 5.634156704
v -8.463644981 23.411317825 7.895813465
v -8.455645561 23.411317825 7.895813465
v -8.463644981 23.420316696 7.895813465
v -8.455645561 23.420316696 7.895813465
v -8.463644981 23.411317825 7.901813030
v -8.455645561 23.411317825 7.901813030
v -8.463644981 23.420316696 7.901813030
v -8.455645561 23.420316696 7.901813030
v 6.107537270 6.956125736 1.775360107
v 6.115537643 6.956125736 1.775360107
v 6.107537270 6.965125561 1.775360107
v 6.115537643 6.965125561 1.775360107
v 6.107537270 6.956125736 1.781360149
v 6.115537643 6.956125736 1.781360149
v 6.107537270 6.965125561 1.781360149
v 6.115537643 6.965125561 1.781360149
v 9.975050926 22.065643311 4.214129448
v 9.983050346 22.065643311 4.214129448
v 9.975050926 22.074642181 4.214129448
v 9.983050346 22.074642181 4.214129448
v 9.975050926 22.065643311 4.220129013
v 9.983050346 22.065643311 4.220129013
v 9.975050926 22.074642181 4.220129013
v 9.983050346 22.074642181 4.220129013
v -3.111680984 19.082944870 4.939665794
v -3.103681087 19.082944870 4.939665794
v -3.111680984 19.091943741 4.939665794
v -3.103681087 19.091943741 4.939665794
v -3.111680984 19.082944870 4.945665359
v -3.103681087 19.082944870 4.945665359
v -3.111680984 19.091943741 4.945665359
v -3.103681087 19.091943741 4.945665359
v -1.256779194 6.506480694 1.239979029
v -1.248779297 6.506480694 1.239979029
v -1.256779194 6.515480518 1.239979029
v -1.248779297 6.515480518 1.239979029
v -1.256779194 6.506480694 1.245979071
v -1.248779297 6.506480694 1.245979071
v -1.256779194 6.515480518 1.245979071
v -1.248779297 6.515480518 1.245979071
v -11.995292664 20.806900024 5.152183056
v -11.987293243 20.806900024 5.152183056
v -11.995292664 20.815898895 5.152183056
v -11.987293243 20.815898895 5.152183056
v -11.995292664 20.806900024 5.158182621
v -11.987293243 20.806900024 5.158182621
v -11.995292664 20.815898895 5.158182621
v -11.987293243 20.815898895 5.158182621
v -1.093469381 22.964771271 7.497514725
v -1.085469484 22.964771271 7.497514725
v -1.093469381 22.973770142 7.497514725
v -1.085469484 22.973770142 7.497514725
v -1.093469381 22.964771271 7.503514290
v -1.085469484 22.964771271 7.503514290
v -1.093469381 22.973770142 7.503514290
v -1.085469484 22.973770142 7.503514290
v 8.273749352 -7.378488541 7.098449707
v 8.281748772 -7.378488541 7.098449707
v 8.273749352 -7.369488716 7.098449707
v 8.281748772 -7.369488716 7.098449707
v 8.273749352 -7.378488541 7.104449272
v 8.281748772 -7.378488541 7.104449272
v 8.273749352 -7.369488716 7.104449272
v 8.281748772 -7.369488716 7.104449272
v 13.748474121 8.960431099 7.802471161
v 13.756473541 8.960431099 7.802471161
v 13.748474121 8.969431877 7.802471161
v 13.756473541 8.969431877 7.802471161
v 13.748474121 8.960431099 7.808470726
v 13.756473541 8.960431099 7.808470726
v 13.748474121 8.969431877 7.808470726
v 13.756473541 8.969431877 7.808470726
v -0.870206058 10.033766747 3.059479237
v -0.862206042 10.033766747 3.059479237
v -0.870206058 10.042767525 3.059479237
v -0.862206042 10.042767525 3.059479237
v -0.870206058 10.033766747 3.065479279
v -0.862206042 10.033766747 3.065479279
v -0.870206058 10.042767525 3.065479279
v -0.862206042 10.042767525 3.065479279
v -9.385829926 -9.043693542 6.510037422
v -9.377830505 -9.043693542 6.510037422
v -9.385829926 -9.034692764 6.510037422
v -9.377830505 -9.034692764 6.510037422
v -9.385829926 -9.043693542 6.516036987
v -9.377830505 -9.043693542 6.516036987
v -9.385829926 -9.034692764 6.516036987
v -9.377830505 -9.034692764 6.516036987
v -5.406987190 11.954026222 5.500882626
v -5.398986816 11.954026222 5.500882626
v -5.406987190 11.963027000 5.500882626
v -5.398986816 11.963027000 5.500882626
v -5.406987190 11.954026222 5.506882191
v -5.398986816 11.954026222 5.506882191
v -5.406987190 11.963027000 5.506882191
v -5.398986816 11.963027000 5.506882191
v 9.830436707 -1.462288857 2.811856985
v 9.838436127 -1.462288857 2.811856985
v 9.830436707 -1.453288794 2.811856985
v 9.838436127 -1.453288794 2.811856985
v 9.830436707 -1.462288857 2.817857027
v 9.838436127 -1.462288857 2.817857027
v 9.830436707 -1.453288794 2.817857027
v 9.838436127 -1.453288794 2.817857027
v -11.583558083 10.687357903 8.354336739
v -11.575558662 10.687357903 8.354336739
v -11.583558083 10.696358681 8.354336739
v -11.575558662 10.696358681 8.354336739
v -11.583558083 10.687357903 8.360337257
v -11.575558662 10.687357903 8.360337257
v -11.583558083 10.696358681 8.360337257
v -11.575558662 10.696358681 8.360337257
v 12.352723122 2.806237459 3.488940954
v 12.360722542 2.806237459 3.488940954
v 12.352723122 2.815237284 3.488940954
v 12.360722542 2.815237284 3.488940954
v 12.352723122 2.806237459 3.494940996
v 12.360722542 2.806237459 3.494940996
v 12.352723122 2.815237284 3.494940996
v 12.360722542 2.815237284 3.494940996
v 8.737915993 1.019709229 6.832028389
v 8.745915413 1.019709229 6.832028389
v 8.737915993 1.028709292 6.832028389
v 8.745915413 1.028709292 6.832028389
v 8.737915993 1.019709229 6.838027954
v 8.745915413 1.019709229 6.838027954
v 8.737915993 1.028709292 6.838027954
v 8.745915413 1.028709292 6.838027954
v -2.012253761 -8.476443291 2.852680206
v -2.004253864 -8.476443291 2.852680206
v -2.012253761 -8.467442513 2.852680206
v -2.004253864 -8.467442513 2.852680206
v -2.012253761 -8.476443291 2.858680248
v -2.004253864 -8.476443291 2.858680248
v -2.012253761 -8.467442513 2.858680248
v -2.004253864 -8.467442513 2.858680248
v -2.473121643 -5.163496494 2.282181501
v -2.465121746 -5.163496494 2.282181501
v -2.473121643 -5.154496670 2.282181501
v -2.465121746 -5.154496670 2.282181501
v -2.473121643 -5.163496494 2.288181543
v -2.465121746 -5.163496494 2.288181543
v -2.473121643 -5.154496670 2.288181543
v -2.465121746 -5.154496670 2.288181543
v -1.667364478 7.319139004 6.183147907
v -1.659364581 7.319139004 6.183147907
v -1.667364478 7.328138828 6.183147907
v -1.659364581 7.328138828 6.183147907
v -1.667364478 7.319139004 6.189147472
v -1.659364581 7.319139004 6.189147472
v -1.667364478 7.328138828 6.189147472
v -1.659364581 7.328138828 6.189147472
v -9.460364342 21.373804092 4.613038063
v -9.452364922 21.373804092 4.613038063
v -9.460364342 21.382802963 4.613038063
v -9.452364922 21.382802963 4.613038063
v -9.460364342 21.373804092 4.619037628
v -9.452364922 21.373804092 4.619037628
v -9.460364342 21.382802963 4.619037628
v -9.452364922 21.382802963 4.619037628
v -0.522981465 -0.549914300 8.002846718
v -0.514981449 -0.549914300 8.002846718
v -0.522981465 -0.540914357 8.002846718
v -0.514981449 -0.540914357 8.002846718
v -0.522981465 -0.549914300 8.008847237
v -0.514981449 -0.549914300 8.008847237
v -0.522981465 -0.540914357 8.008847237
v -0.514981449 -0.540914357 8.008847237
v -6.850502491 -9.268957138 4.148558140
v -6.842502117 -9.268957138 4.148558140
v -6.850502491 -9.259956360 4.148558140
v -6.842502117 -9.259956360 4.148558140
v -6.850502491 -9.268957138 4.154557705
v -6.842502117 -9.268957138 4.154557705
v -6.850502491 -9.259956360 4.154557705
v -6.842502117 -9.259956360 4.154557705
v -0.747675478 7.365098476 3.089881182
v -0.739675462 7.365098476 3.089881182
v -0.747675478 7.374098301 3.089881182
v -0.739675462 7.374098301 3.089881182
v -0.747675478 7.365098476 3.095881224
v -0.739675462 7.365098476 3.095881224
v -0.747675478 7.374098301 3.095881224
v -0.739675462 7.374098301 3.095881224
v 8.795989037 14.260685921 6.234439850
v 8.803988457 14.260685921 6.234439850
v 8.795989037 14.269686699 6.234439850
v 8.803988457 14.269686699 6.234439850
v 8.795989037 14.260685921 6.240439415
v 8.803988457 14.260685921 6.240439415
v 8.795989037 14.269686699 6.240439415
v 8.803988457 14.269686699 6.240439415
v 12.527972221 3.780887127 3.038954973
v 12.535971642 3.780887127 3.038954973
v 12.527972221 3.789886951 3.038954973
v 12.535971642 3.789886951 3.038954973
v 12.527972221 3.780887127 3.044955015
v 12.535971642 3.780887127 3.044955015
v 12.527972221 3.789886951 3.044955015
v 12.535971642 3.789886951 3.044955015
v -13.393829346 16.615211487 7.190200806
v -13.385829926 16.615211487 7.190200806
v -13.393829346 16.624210358 7.190200806
v -13.385829926 16.624210358 7.190200806
v -13.393829346 16.615211487 7.196200371
v -13.385829926 16.615211487 7.196200371
v -13.393829346 16.624210358 7.196200371
v -13.385829926 16.624210358 7.196200371
v -11.445228577 21.715862274 5.388127327
v -11.437229156 21.715862274 5.388127327
v -11.445228577 21.724861145 5.388127327
v -11.437229156 21.724861145 5.388127327
v -11.445228577 21.715862274 5.394126892
v -11.437229156 21.715862274 5.394126892
v -11.445228577 21.724861145 5.394126892
v -11.437229156 21.724861145 5.394126892
v 14.820964813 10.010807991 5.230994701
v 14.828964233 10.010807991 5.230994701
v 14.820964813 10.019808769 5.230994701
v 14.828964233 10.019808769 5.230994701
v 14.820964813 10.010807991 5.236994267
v 14.828964233 10.010807991 5.236994267
v 14.820964813 10.019808769 5.236994267
v 14.828964233 10.019808769 5.236994267
v 1.414365888 6.430532455 3.549259186
v 1.422365785 6.430532455 3.549259186
v 1.414365888 6.439532280 3.549259186
v 1.422365785 6.439532280 3.549259186
v 1.414365888 6.430532455 3.555259228
v 1.422365785 6.430532455 3.555259228
v 1.414365888 6.439532280 3.555259228
v 1.422365785 6.439532280 3.555259228
v -6.338330269 19.424127579 1.332615256
v -6.330329895 19.424127579 1.332615256
v -6.338330269 19.433126450 1.332615256
v -6.330329895 19.433126450 1.332615256
v -6.338330269 19.424127579 1.338615298
v -6.330329895 19.424127579 1.338615298
v -6.338330269 19.433126450 1.338615298
v -6.330329895 19.433126450 1.338615298
v -2.973047972 21.125299454 8.706306458
v -2.965048075 21.125299454 8.706306458
v -2.973047972 21.134298325 8.706306458
v -2.965048075 21.134298325 8.706306458
v -2.973047972 21.125299454 8.712306976
v -2.965048075 21.125299454 8.712306976
v -2.973047972 21.134298325 8.712306976
v -2.965048075 21.134298325 8.712306976
v -4.969097614 2.060583591 7.791382790
v -4.961097240 2.060583591 7.791382790
v -4.969097614 2.069583416 7.791382790
v -4.961097240 2.069583416 7.791382790
v -4.969097614 2.060583591 7.797382355
v -4.961097240 2.060583591 7.797382355
v -4.969097614 2.069583416 7.797382355
v -4.961097240 2.069583416 7.797382355
v 1.242667079 10.473955154 7.943669319
v 1.250666976 10.473955154 7.943669319
v 1.242667079 10.482955933 7.943669319
v 1.250666976 10.482955933 7.943669319
v 1.242667079 10.473955154 7.949668884
v 1.250666976 10.473955154 7.949668884
v 1.242667079 10.482955933 7.949668884
v 1.250666976 10.482955933 7.949668884
v -1.753616333 19.738821030 2.320287228
v -1.745616436 19.738821030 2.320287228
v -1.753616333 19.747819901 2.320287228
v -1.745616436 19.747819901 2.320287228
v -1.753616333 19.738821030 2.326287270
v -1.745616436 19.738821030 2.326287270
v -1.753616333 19.747819901 2.326287270
v -1.745616436 19.747819901 2.326287270
v -7.395613194 0.764349580 4.775024891
v -7.387612820 0.764349580 4.775024891
v -7.395613194 0.773349524 4.775024891
v -7.387612820 0.773349524 4.775024891
v -7.395613194 0.764349580 4.781024456
v -7.387612820 0.764349580 4.781024456
v -7.395613194 0.773349524 4.781024456
v -7.387612820 0.773349524 4.781024456
v 0.153526247 -9.718351364 4.868330479
v 0.161526233 -9.718351364 4.868330479
v 0.153526247 -9.709350586 4.868330479
v 0.161526233 -9.709350586 4.868330479
v 0.153526247 -9.718351364 4.874330044
v 0.161526233 -9.718351364 4.874330044
v 0.153526247 -9.709350586 4.874330044
v 0.161526233 -9.709350586 4.874330044
v -10.098022461 7.852982044 1.329203486
v -10.090023041 7.852982044 1.329203486
v -10.098022461 7.861981869 1.329203486
v -10.090023041 7.861981869 1.329203486
v -10.098022461 7.852982044 1.335203528
v -10.090023041 7.852982044 1.335203528
v -10.098022461 7.861981869 1.335203528
v -10.090023041 7.861981869 1.335203528
v -9.955798149 -8.212403297 4.956680775
v -9.947798729 -8.212403297 4.956680775
v -9.955798149 -8.203402519 4.956680775
v -9.947798729 -8.203402519 4.956680775
v -9.955798149 -8.212403297 4.962680340
v -9.947798729 -8.212403297 4.962680340
v -9.955798149 -8.203402519 4.962680340
v -9.947798729 -8.203402519 4.962680340
v 8.357385635 -7.665005207 7.677418232
v 8.365385056 -7.665005207 7.677418232
v 8.357385635 -7.656005383 7.677418232
v 8.365385056 -7.656005383 7.677418232
v 8.357385635 -7.665005207 7.683417797
v 8.365385056 -7.665005207 7.683417797
v 8.357385635 -7.656005383 7.683417797
v 8.365385056 -7.656005383 7.683417797
v -0.908106804 12.962674141 7.083866119
v -0.900106788 12.962674141 7.083866119
v -0.908106804 12.971674919 7.083866119
v -0.900106788 12.971674919 7.083866119
v -0.908106804 12.962674141 7.089865685
v -0.900106788 12.962674141 7.089865685
v -0.908106804 12.971674919 7.089865685
v -0.900106788 12.971674919 7.089865685
v 6.076322556 15.108543396 2.663345098
v 6.084322929 15.108543396 2.663345098
v 6.076322556 15.117544174 2.663345098
v 6.084322929 15.117544174 2.663345098
v 6.076322556 15.108543396 2.669345140
v 6.084322929 15.108543396 2.669345140
v 6.076322556 15.117544174 2.669345140
v 6.084322929 15.117544174 2.669345140
v -8.232810974 -7.431498051 8.522198677
v -8.224811554 -7.431498051 8.522198677
v -8.232810974 -7.422498226 8.522198677
v -8.224811554 -7.422498226 8.522198677
v -8.232810974 -7.431498051 8.528199196
v -8.224811554 -7.431498051 8.528199196
v -8.232810974 -7.422498226 8.528199196
v -8.224811554 -7.422498226 8.528199196
v 0.242183924 8.160503387 7.472275734
v 0.250183910 8.160503387 7.472275734
v 0.242183924 8.169504166 7.472275734
v 0.250183910 8.169504166 7.472275734
v 0.242183924 8.160503387 7.478275299
v 0.250183910 8.160503387 7.478275299
v 0.242183924 8.169504166 7.478275299
v 0.250183910 8.169504166 7.478275299
v 12.537192345 11.648296356 3.730913877
v 12.545191765 11.648296356 3.730913877
v 12.537192345 11.657297134 3.730913877
v 12.545191765 11.657297134 3.730913877
v 12.537192345 11.648296356 3.736913919
v 12.545191765 11.648296356 3.736913919
v 12.537192345 11.657297134 3.736913919
v 12.545191765 11.657297134 3.736913919
vn 0.0000000 0.0000000 1.0000000
vn 0.0000000 0.0000000 1.0000000
vn 0.0000000 0.0000000 1.0000000
vn 0.0000000 0.0000000 1.0000000
vn 0.0000000 0.0000000 1.0000000
vn 0.0000000 0.0000000 1.0000000
vn 0.0000000 0.0000000 -1.0000000
vn 0.0000000 0.0000000 -1.0000000
vn 0.0000000 0.0000000 -1.0000000
vn 0.0000000 0.0000000 -1.0000000
vn 0.0000000 0.0000000 -1.0000000
vn 0.0000000 0.0000000 -1.0000000
vn 0.0000000 1.0000000 0.0000000
vn 0.0000000 1.0000000 0.0000000
vn 0.0000000 1.0000000 0.0000000
vn 0.0000000 1.0000000 0.0000000
vn 0.0000000 1.0000000 0.0000000
vn 0.0000000 1.0000000 0.0000000
vn 0.0000000 -1.0000000 0.0000000
vn 0.0000000 -1.0000000 0.0000000
vn 0.0000000 -1.0000000 0.0000000
vn 0.0000000 -1.0000000 0.0000000
vn 0.0000000 -1.0000000 0.0000000
vn 0.0000000 -1.0000000 0.0000000
vn 1.0000000 0.0000000 0.0000000
vn 1.0000000 0.0000000 0.0000000
vn 1.0000000 0.0000000 0.0000000
vn 1.0000000 0.0000000 0.0000000
vn 1.0000000 0.0000000 0.0000000
vn 1.0000000 0.0000000 0.0000000
vn -1.0000000 0.0000000 0.0000000
vn -1.0000000 0.0000000 0.0000000
vn -1.0000000 0.0000000 0.0000000
vn -1.0000000 0.0000000 0.0000000
vn -1.0000000 0.0000000 0.0000000
vn -1.0000000 0.0000000 0.0000000
vn 0.0000000 0.0000000 1.0000000
vn 0.0000000 0.0000000 1.0000000
vn 0.0000000 0.0000000 1.0000000
vn 0.0000000 0.0000000 1.0000000
vn 0.0000000 0.0000000 1.0000000
vn 0.0000000 0.0000000 1.0000000
vn 0.0000000 0.0000000 -1.0000000
vn 0.0000000 0.0000000 -1.0000000
vn 0.0000000 0.0000000 -1.0000000
vn 0.0000000 0.0000000 -1.0000000
vn 0.0000000 0.0000000 -1.0000000
vn 0.0000000 0.0000000 -1.0000000
vn 0.0000000 0.9999999 0.0000000
vn 0.0000000 0.9999999 0.0000000
vn 0.0000000 0.9999999 0.0000000
vn 0.0000000 0.9999999 0.0000000
vn 0.0000000 0.9999999 0.0000000
vn 0.0000000 0.9999999 0.0000000
vn 0.0000000 -0.9999999 0.0000000
vn 0.0000000 -0.9999999 0.0000000
vn 0.0000000 -0.9999999 0.0000000
vn 0.0000000 -0.9999999 0.0000000
vn 0.0000000 -0.9999999 0.0000000
vn 0.0000000 -0.9999999 0.0000000
vn 0.9999999 0.0000000 0.0000000
vn 0.9999999 0.0000000 0.0000000
vn 0.9999999 0.0000000 0.0000000
vn 0.9999999 0.0000000 0.0000000
vn 0.9999999 0.0000000 0.0000000
vn 0.9999999 0.0000000 0.0000000
vn -0.9999999 0.0000000 0.0000000
vn -0.9999999 0.0000000 0.0000000
vn -0.9999999 0.0000000 0.0000000
vn -0.9999999 0.0000000 0.0000000
vn -0.9999999 0.0000000 0.0000000
vn -0.9999999 0.0000000 0.0000000
vn 0.0000000 0.0000000 1.0000000
vn 0.0000000 0.0000000 1.0000000
vn 0.0000000 0.0000000 1.0000000
vn 0.0000000 0.0000000 1.0000000
vn 0.0000000 0.0000000 1.0000000
vn 0.0000000 0.0000000 1.0000000
vn 0.0000000 0.0000000 -1.0000000
vn 0.0000000 0.0000000 -1.0000000
vn 0.0000000 0.0000000 -1.0000000
vn 0.0000000 0.0000000 -1.0000000
vn 0.0000000 0.0000000 -1.0000000
vn 0.0000000 0.0000000 -1.0000000
vn 0.0000000 0.9999999 0.0000000
vn 0.0000000 0.9999999 0.0000000
vn 0.0000000 0.9999999 0.0000000
vn 0.0000000 0.9999999 0.0000000
vn 0.0000000 0.9999999 0.0000000
vn 0.0000000 0.9999999 0.0000000
vn 0.0000000 -0.9999999 0.0000000
vn 0.0000000 -0.9999999 0.0000000
vn 0.0000000 -0.9999999 0.0000000
vn 0.0000000 -0.9999999 0.0000000
vn 0.0000000 -0.9999999 0.0000000
vn 0.0000000 -0.9999999 0.0000000
vn 1.0000000 0.0000000 0.0000000
vn 1.0000000 0.0000000 0.0000000
vn 1.0000000 0.0000000 0.0000000
vn 1.0000000 0.0000000 0.0000000
vn 1.0000000 0.0000000 0.0000000
vn 1.0000000 0.0000000 0.0000000
vn -1.0000000 0.0000000 0.0000000
vn -1.0000000 0.0000000 0.0000000
vn -1.0000000 0.0000000 0.0000000
vn -1.0000000 0.0000000 0.0000000
vn -1.0000000 0.0000000 0.0000000
vn -1.0000000 0.0000000 0.0000000
vn 0.0000000 0.0000000 1.0000000
vn 0.0000000 0.0000000 1.0000000
vn 0.0000000 0.0000000 1.0000000
vn 0.0000000 0.0000000 1.0000000
vn 0.0000000 0.0000000 1.0000000
vn 0.0000000 0.0000000 1.0000000
vn 0.0000000 0.0000000 -1.0000000
vn 0.0000000 0.0000000 -1.0000000
vn 0.0000000 0.0000000 -1.0000000
vn 0.0000000 0.0000000 -1.0000000
vn 0.0000000 0.0000000 -1.0000000
vn 0.0000000 0.0000000 -1.0000000
vn 0.0000000 1.0000000 0.0000000
vn 0.0000000 1.0000000 0.0000000
vn 0.0000000 1.0000000 0.0000000
vn 0.0000000 1.0000000 0.0000000
vn 0.0000000 1.0000000 0.0000000
vn 0.0000000 1.0000000 0.0000000
vn 0.0000000 -1.0000000 0.0000000
vn 0.0000000 -1.0000000 0.0000000
vn 0.0000000 -1.0000000 0.0000000
vn 0.0000000 -1.0000000 0.0000000
vn 0.0000000 -1.0000000 0.0000000
vn 0.0000000 -1.0000000 0.0000000
vn 1.0000000 0.0000000 0.0000000
vn 1.0000000 0.0000000 0.0000000
vn 1.0000000 0.0000000 0.0000000
vn 1.0000000 0.0000000 0.0000000
vn 1.0000000 0.0000000 0.0000000
vn 1.0000000 0.0000000 0.0000000
vn -1.0000000 0.0000000 0.0000000
vn -1.0000000 0.0000000 0.0000000
vn -1.0000000 0.0000000 0.0000000
vn -1.0000000 0.0000000 0.0000000
vn -1.0000000 0.0000000 0.0000000
vn -1.0000000 0.0000000 0.0000000
vn 0.0000000 0.0000000 1.0000000
vn 0.0000000 0.0000000 1.0000000
vn 0.0000000 0.0000000 1.0000000
vn 0.0000000 0.0000000 1.0000000
vn 0.0000000 0.0000000 1.0000000
vn 0.0000000 0.0000000 1.0000000
vn 0.0000000 0.0000000 -1.0000000
vn 0.0000000 0.0000000 -1.0000000
vn 0.0000000 0.0000000 -1.0000000
vn 0.0000000 0.0000000 -1.0000000
vn 0.0000000 0.0000000 -1.0000000
vn 0.0000000 0.0000000 -1.0000000
vn 0.0000000 0.9999999 0.0000000
vn 0.0000000 0.9999999 0.0000000
vn 0.0000000 0.9999999 0.0000000
vn 0.0000000 0.9999999 0.0000000
vn 0.0000000 0.9999999 0.0000000
vn 0.0000000 0.9999999 0.0000000
vn 0.0000000 -0.9999999 0.0000000
vn 0.0000000 -0.9999999 0.0000000
vn 0.0000000 -0.9999999 0.0000000
vn 0.0000000 -0.9999999 0.0000000
vn 0.0000000 -0.9999999 0.0000000
vn 0.0000000 -0.9999999 0.0000000
vn 1.0000000 0.0000000 0.0000000
vn 1.0000000 0.0000000 0.0000000
vn 1.0000000 0.0000000 0.0000000
vn 1.0000000 0.0000000 0.0000000
vn 1.0000000 0.0000000 0.0000000
vn 1.0000000 0.0000000 0.0000000
vn -1.0000000 0.0000000 0.0000000
vn -1.0000000 0.0000000 0.0000000
vn -1.0000000 0.0000000 0.0000000
vn -1.0000000 0.0000000 0.0000000
vn -1.0000000 0.0000000 0.0000000
vn -1.0000000 0.0000000 0.0000000
vn 0.0000000 0.0000000 1.0000000
vn 0.0000000 0.0000000 1.0000000
vn 0.0000000 0.0000000 1.0000000
vn 0.0000000 0.0000000 1.0000000
vn 0.0000000 0.0000000 1.0000000
vn 0.0000000 0.0000000 1.0000000
vn 0.0000000 0.0000000 -1.0000000
vn 0.0000000 0.0000000 -1.0000000
vn 0.0000000 0.0000000 -1.0000000
vn 0.0000000 0.0000000 -1.0000000
vn 0.0000000 0.0000000 -1.0000000
vn 0.0000000 0.0000000 -1.0000000
vn 0.0000000 1.0000000 0.0000000
vn 0.0000000 1.0000000 0.0000000
vn 0.0000000 1.0000000 0.0000000
vn 0.0000000 1.0000000 0.0000000
vn 0.0000000 1.0000000 0.0000000
vn 0.0000000 1.0000000 0.0000000
vn 0.0000000 -1.0000000 0.0000000
vn 0.0000000 -1.0000000 0.0000000
vn 0.0000000 -1.0000000 0.0000000
vn 0.0000000 -1.0000000 0.0000000
vn 0.0000000 -1.0000000 0.0000000
vn 0.0000000 -1.0000000 0.0000000
vn 1.0000000 0.0000000 0.0000000
vn 1.0000000 0.0000000 0.0000000
vn 1.0000000 0.0000000 0.0000000
vn 1.0000000 0.0000000 0.0000000
vn 1.0000000 0.0000000 0.0000000
vn 1.0000000 0.0000000 0.0000000
vn -1.0000000 0.0000000 0.0000000
vn -1.0000000 0.0000000 0.0000000
vn -1.0000000 0.0000000 0.0000000
vn -1.0000000 0.0000000 0.0000000
vn -1.0000000 0.0000000 0.0000000
vn -1.0000000 0.0000000 0.0000000
vn 0.0000000 0.0000000 1.0000000
vn 0.0000000 0.0000000 1.0000000
vn 0.0000000 0.0000000 1.0000000
vn 0.0000000 0.0000000 1.0000000
vn 0.0000000 0.0000000 1.0000000
vn 0.0000000 0.0000000 1.0000000
vn 0.0000000 0.0000000 -1.0000000
vn 0.0000000 0.0000000 -1.0000000
vn 0.0000000 0.0000000 -1.0000000
vn 0.0000000 0.0000000 -1.0000000
vn 0.0000000 0.0000000 -1.0000000
vn 0.0000000 0.0000000 -1.0000000
vn 0.0000000 0.9999999 0.0000000
vn 0.0000000 0.9999999 0.0000000
vn 0.0000000 0.9999999 0.0000000
vn 0.0000000 0.9999999 0.0000000
vn 0.0000000 0.9999999 0.0000000
vn 0.0000000 0.9999999 0.0000000
vn 0.0000000 -0.9999999 0.0000000
vn 0.0000000 -0.9999999 0.0000000
vn 0.0000000 -0.9999999 0.0000000
vn 0.0000000 -0.9999999 0.0000000
vn 0.0000000 -0.9999999 0.0000000
vn 0.0000000 -0.9999999 0.0000000
vn 0.9999999 0.0000000 0.0000000
vn 0.9999999 0.0000000 0.0000000
vn 0.9999999 0.0000000 0.0000000
vn 0.9999999 0.0000000 0.0000000
vn 0.9999999 0.0000000 0.0000000
vn 0.9999999 0.0000000 0.0000000
vn -0.9999999 0.0000000 0.0000000
vn -0.9999999 0.0000000 0.0000000
vn -0.9999999 0.0000000 0.0000000
vn -0.9999999 0.0000000 0.0000000
vn -0.9999999 0.0000000 0.0000000
vn -0.9999999 0.0000000 0.0000000
vn 0.0000000 0.0000000 1.0000000
vn 0.0000000 0.0000000 1.0000000
vn 0.0000000 0.0000000 1.0000000
vn 0.0000000 0.0000000 1.0000000
vn 0.0000000 0.0000000 1.0000000
vn 0.0000000 0.0000000 1.0000000
vn 0.0000000 0.0000000 -1.0000000
vn 0.0000000 0.0000000 -1.0000000
vn 0.0000000 0.0000000 -1.0000000
vn 0.0000000 0.0000000 -1.0000000
vn 0.0000000 0.0000000 -1.0000000
vn 0.0000000 0.0000000 -1.0000000
vn 0.0000000 1.0000000 0.0000000
vn 0.0000000 1.0000000 0.0000000
vn 0.0000000 1.0000000 0.0000000
vn 0.0000000 1.0000000 0.0000000
vn 0.0000000 1.0000000 0.0000000
vn 0.0000000 1.0000000 0.0000000
vn 0.0000000 -1.0000000 0.0000000
vn 0.0000000 -1.0000000 0.0000000
vn 0.0000000 -1.0000000 0.0000000
vn 0.0000000 -1.0000000 0.0000000
vn 0.0000000 -1.0000000 0.0000000
vn 0.0000000 -1.0000000 0.0000000
vn 0.9999999 0.0000000 0.0000000
vn 0.9999999 0.0000000 0.0000000
vn 0.9999999 0.0000000 0.0000000
vn 0.9999999 0.0000000 0.0000000
vn 0.9999999 0.0000000 0.0000000
vn 0.9999999 0.0000000 0.0000000
vn -0.9999999 0.0000000 0.0000000
vn -0.9999999 0.0000000 0.0000000
vn -0.9999999 0.0000000 0.0000000
vn -0.9999999 0.0000000 0.0000000
vn -0.9999999 0.0000000 0.0000000
vn -0.9999999 0.0000000 0.0000000
vn 0.0000000 0.0000000 1.0000000
vn 0.0000000 0.0000000 1.0000000
vn 0.0000000 0.0000000 1.0000000
vn 0.0000000 0.0000000 1.0000000
vn 0.0000000 0.0000000 1.0000000
vn 0.0000000 0.0000000 1.0000000
vn 0.0000000 0.0000000 -1.0000000
vn 0.0000000 0.0000000 -1.0000000
vn 0.0000000 0.0000000 -1.0000000
vn 0.0000000 0.0000000 -1.0000000
vn 0.0000000 0.0000000 -1.0000000
vn 0.0000000 0.0000000 -1.0000000
vn 0.0000000 1.0000000 0.0000000
vn 0.0000000 1.0000000 0.0000000
vn 0.0000000 1.0000000 0.0000000
vn 0.0000000 1.0000000 0.0000000
vn 0.0000000 1.0000000 0.0000000
vn 0.0000000 1.0000000 0.0000000
vn 0.0000000 -1.0000000 0.0000000
vn 0.0000000 -1.0000000 0.0000000
vn 0.0000000 -1.0000000 0.0000000
vn 0.0000000 -1.0000000 0.0000000
vn 0.0000000 -1.0000000 0.0000000
vn 0.0000000 -1.0000000 0.0000000
vn 1.0000000 0.0000000 0.0000000
vn 1.0000000 0.0000000 0.0000000
vn 1.0000000 0.0000000 0.0000000
vn 1.0000000 0.0000000 0.0000000
vn 1.0000000 0.0000000 0.0000000
vn 1.0000000 0.0000000 0.0000000
vn -1.0000000 0.0000000 0.0000000
vn -1.0000000 0.0000000 0.0000000
vn -1.0000000 0.0000000 0.0000000
vn -1.0000000 0.0000000 0.0000000
vn -1.0000000 0.0000000 0.0000000
vn -1.0000000 0.0000000 0.0000000
vn 0.0000000 0.0000000 1.0000000
vn 0.0000000 0.0000000 1.0000000
vn 0.0000000 0.0000000 1.0000000
vn 0.0000000 0.0000000 1.0000000
vn 0.0000000 0.0000000 1.0000000
vn 0.0000000 0.0000000 1.0000000
vn 0.0000000 0.0000000 -1.0000000
vn 0.0000000 0.0000000 -1.0000000
vn 0.0000000 0.0000000 -1.0000000
vn 0.0000000 0.0000000 -1.0000000
vn 0.0000000 0.0000000 -1.0000000
vn 0.0000000 0.0000000 -1.0000000
vn 0.0000000 0.9999999 0.0000000
vn 0.0000000 0.9999999 0.0000000
vn 0.0000000 0.9999999 0.0000000
vn 0.0000000 0.9999999 0.0000000
vn 0.0000000 0.9999999 0.0000000
vn 0.0000000 0.9999999 0.0000000
vn 0.0000000 -0.9999999 0.0000000
vn 0.0000000 -0.9999999 0.0000000
vn 0.0000000 -0.9999999 0.0000000
vn 0.0000000 -0.9999999 0.0000000
vn 0.0000000 -0.9999999 0.0000000
vn 0.0000000 -0.9999999 0.0000000
vn 1.0000000 0.0000000 0.0000000
vn 1.0000000 0.0000000 0.0000000
vn 1.0000000 0.0000000 0.0000000
vn 1.0000000 0.0000000 0.0000000
vn 1.0000000 0.0000000 0.0000000
vn 1.0000000 0.0000000 0.0000000
vn -1.0000000 0.0000000 0.0000000
vn -1.0000000 0.0000000 0.0000000
vn -1.0000000 0.0000000 0.0000000
vn -1.0000000 0.0000000 0.0000000
vn -1.0000000 0.0000000 0.0000000
vn -1.0000000 0.0000000 0.0000000
vn 0.0000000 0.0000000 1.0000000
vn 0.0000000 0.0000000 1.0000000
vn 0.0000000 0.0000000 1.0000000
vn 0.0000000 0.0000000 1.0000000
vn 0.0000000 0.0000000 1.0000000
vn 0.0000000 0.0000000 1.0000000
vn 0.0000000 0.0000000 -1.0000000
vn 0.0000000 0.0000000 -1.0000000
vn 0.0000000 0.0000000 -1.0000000
vn 0.0000000 0.0000000 -1.0000000
vn 0.0000000 0.0000000 -1.0000000
vn 0.0000000 0.0000000 -1.0000000
vn 0.0000000 0.9999999 0.0000000
vn 0.0000000 0.9999999 0.0000000
vn 0.0000000 0.9999999 0.0000000
vn 0.0000000 0.9999999 0.0000000
vn 0.0000000 0.9999999 0.0000000
vn 0.0000000 0.9999999 0.0000000
vn 0.0000000 -0.9999999 0.0000000
vn 0.0000000 -0.9999999 0.0000000
vn 0.0000000 -0.9999999 0.0000000
vn 0.0000000 -0.9999999 0.0000000
vn 0.0000000 -0.9999999 0.0000000
vn 0.0000000 -0.9999999 0.0000000
vn 1.0000000 0.0000000 0.0000000
vn 1.0000000 0.0000000 0.0000000
vn 1.0000000 0.0000000 0.0000000
vn 1.0000000 0.0000000 0.0000000
vn 1.0000000 0.0000000 0.0000000
vn 1.0000000 0.0000000 0.0000000
vn -1.0000000 0.0000000 0.0000000
vn -1.0000000 0.0000000 0.0000000
vn -1.0000000 0.0000000 0.0000000
vn -1.0000000 0.0000000 0.0000000
vn -1.0000000 0.0000000 0.0000000
vn -1.0000000 0.0000000 0.0000000
vn 0.0000000 0.0000000 1.0000000
vn 0.0000000 0.0000000 1.0000000
vn 0.0000000 0.0000000 1.0000000
vn 0.0000000 0.0000000 1.0000000
vn 0.0000000 0.0000000 1.0000000
vn 0.0000000 0.0000000 1.0000000
vn 0.0000000 0.0000000 -1.0000000
vn 0.0000000 0.0000000 -1.0000000
vn 0.0000000 0.0000000 -1.0000000
vn 0.0000000 0.0000000 -1.0000000
vn 0.0000000 0.0000000 -1.0000000
vn 0.0000000 0.0000000 -1.0000000
vn 0.0000000 0.9999999 0.0000000
vn 0.0000000 0.9999999 0.0000000
vn 0.0000000 0.9999999 0.0000000
vn 0.0000000 0.9999999 0.0000000
vn 0.0000000 0.9999999 0.0000000
vn 0.0000000 0.9999999 0.0000000
vn 0.0000000 -0.9999999 0.0000000
vn 0.0000000 -0.9999999 0.0000000
vn 0.0000000 -0.9999999 0.0000000
vn 0.0000000 -0.9999999 0.0000000
vn 0.0000000 -0.9999999 0.0000000
vn 0.0000000 -0.9999999 0.0000000
vn 1.0000000 0.0000000 0.0000000
vn 1.0000000 0.0000000 0.0000000
vn 1.0000000 0.0000000 0.0000000
vn 1.0000000 0.0000000 0.0000000
vn 1.0000000 0.0000000 0.0000000
vn 1.0000000 0.0000000 0.0000000
vn -1.0000000 0.0000000 0.0000000
vn -1.0000000 0.0000000 0.0000000
vn -1.0000000 0.0000000 0.0000000
vn -1.0000000 0.0000000 0.0000000
vn -1.0000000 0.0000000 0.0000000
vn -1.0000000 0.0000000 0.0000000
vn 0.0000000 0.0000000 1.0000000
vn 0.0000000 0.0000000 1.0000000
vn 0.0000000 0.0000000 1.0000000
vn 0.0000000 0.0000000 1.0000000
vn 0.0000000 0.0000000 1.0000000
vn 0.0000000 0.0000000 1.0000000
vn 0.0000000 0.0000000 -1.0000000
vn 0.0000000 0.0000000 -1.0000000
vn 0.0000000 0.0000000 -1.0000000
vn 0.0000000 0.0000000 -1.0000000
vn 0.0000000 0.0000000 -1.0000000
vn 0.0000000 0.0000000 -1.0000000
vn 0.0000000 0.9999999 0.0000000
vn 0.0000000 0.9999999 0.0000000
vn 0.0000000 0.9999999 0.0000000
vn 0.0000000 0.9999999 0.0000000
vn 0.0000000 0.9999999 0.0000000
vn 0.0000000 0.9999999 0.0000000
vn 0.0000000 -0.9999999 0.0000000
vn 0.0000000 -0.9999999 0.0000000
vn 0.0000000 -0.9999999 0.0000000
vn 0.0000000 -0.9999999 0.0000000
vn 0.0000000 -0.9999999 0.0000000
vn 0.0000000 -0.9999999 0.0000000
vn 1.0000000 0.0000000 0.0000000
vn 1.0000000 0.0000000 0.0000000
vn 1.0000000 0.0000000 0.0000000
vn 1.0000000 0.0000000 0.0000000
vn 1.0000000 0.0000000 0.0000000
vn 1.0000000 0.0000000 0.0000000
vn -1.0000000 0.0000000 0.0000000
vn -1.0000000 0.0000000 0.0000000
vn -1.0000000 0.0000000 0.0000000
vn -1.0000000 0.0000000 0.0000000
vn -1.0000000 0.0000000 0.0000000
vn -1.0000000 0.0000000 0.0000000
vn 0.0000000 0.0000000 1.0000000
vn 0.0000000 0.0000000 1.0000000
vn 0.0000000 0.0000000 1.0000000
vn 0.0000000 0.0000000 1.0000000
vn 0.0000000 0.0000000 1.0000000
vn 0.0000000 0.0000000 1.0000000
vn 0.0000000 0.0000000 -1.0000000
vn 0.0000000 0.0000000 -1.0000000
vn 0.0000000 0.0000000 -1.0000000
vn 0.0000000 0.0000000 -1.0000000
vn 0.0000000 0.0000000 -1.0000000
vn 0.0000000 0.0000000 -1.0000000
vn 0.0000000 0.9999999 0.0000000
vn 0.0000000 0.9999999 0.0000000
vn 0.0000000 0.9999999 0.0000000
vn 0.0000000 0.9999999 0.0000000
vn 0.0000000 0.9999999 0.0000000
vn 0.0000000 0.9999999 0.0000000
vn 0.0000000 -0.9999999 0.0000000
vn 0.0000000 -0.9999999 0.0000000
vn 0.0000000 -0.9999999 0.0000000
vn 0.0000000 -0.9999999 0.0000000
vn 0.0000000 -0.9999999 0.0000000
vn 0.0000000 -0.9999999 0.0000000
vn 1.0000000 0.0000000 0.0000000
vn 1.0000000 0.0000000 0.0000000
vn 1.0000000 0.0000000 0.0000000
vn 1.0000000 0.0000000 0.0000000
vn 1.0000000 0.0000000 0.0000000
vn 1.0000000 0.0000000 0.0000000
vn -1.0000000 0.0000000 0.0000000
vn -1.0000000 0.0000000 0.0000000
vn -1.0000000 0.0000000 0.0000000
vn -1.0000000 0.0000000 0.0000000
vn -1.0000000 0.0000000 0.0000000
vn -1.0000000 0.0000000 0.0000000
vn 0.0000000 0.0000000 1.0000000
vn 0.0000000 0.0000000 1.0000000
vn 0.0000000 0.0000000 1.0000000
vn 0.0000000 0.0000000 1.0000000
vn 0.0000000 0.0000000 1.0000000
vn 0.0000000 0.0000000 1.0000000
vn 0.0000000 0.0000000 -1.0000000
vn 0.0000000 0.0000000 -1.0000000
vn 0.0000000 0.0000000 -1.0000000
vn 0.0000000 0.0000000 -1.0000000
vn 0.0000000 0.0000000 -1.0000000
vn 0.0000000 0.0000000 -1.0000000
vn 0.0000000 0.9999999 0.0000000
vn 0.0000000 0.9999999 0.0000000
vn 0.0000000 0.9999999 0.0000000
vn 0.0000000 0.9999999 0.0000000
vn 0.0000000 0.9999999 0.0000000
vn 0.0000000 0.9999999 0.0000000
vn 0.0000000 -0.9999999 0.0000000
vn 0.0000000 -0.9999999 0.0000000
vn 0.0000000 -0.9999999 0.0000000
vn 0.0000000 -0.9999999 0.0000000
vn 0.0000000 -0.9999999 0.0000000
vn 0.0000000 -0.9999999 0.0000000
vn 0.9999999 0.0000000 0.0000000
vn 0.9999999 0.0000000 0.0000000
vn 0.9999999 0.0000000 0.0000000
vn 0.9999999 0.0000000 0.0000000
vn 0.9999999 0.0000000 0.0000000
vn 0.9999999 0.0000000 0.0000000
vn -0.9999999 0.0000000 0.0000000
vn -0.9999999 0.0000000 0.0000000
vn -0.9999999 0.0000000 0.0000000
vn -0.9999999 0.0000000 0.0000000
vn -0.9999999 0.0000000 0.0000000
vn -0.9999999 0.0000000 0.0000000
vn 0.0000000 0.0000000 1.0000000
vn 0.0000000 0.0000000 1.0000000
vn 0.0000000 0.0000000 1.0000000
vn 0.0000000 0.0000000 1.0000000
vn 0.0000000 0.0000000 1.0000000
vn 0.0000000 0.0000000 1.0000000
vn 0.0000000 0.0000000 -1.0000000
vn 0.0000000 0.0000000 -1.0000000
vn 0.0000000 0.0000000 -1.0000000
vn 0.0000000 0.0000000 -1.0000000
vn 0.0000000 0.0000000 -1.0000000
vn 0.0000000 0.0000000 -1.0000000
vn 0.0000000 0.9999999 0.0000000
vn 0.0000000 0.9999999 0.0000000
vn 0.0000000 0.9999999 0.0000000
vn 0.0000000 0.9999999 0.0000000
vn 0.0000000 0.9999999 0.0000000
vn 0.0000000 0.9999999 0.0000000
vn 0.0000000 -0.9999999 0.0000000
vn 0.0000000 -0.9999999 0.0000000
vn 0.0000000 -0.9999999 0.0000000
vn 0.0000000 -0.9999999 0.0000000
vn 0.0000000 -0.9999999 0.0000000
vn 0.0000000 -0.9999999 0.0000000
vn 1.0000000 0.0000000 0.0000000
vn 1.0000000 0.0000000 0.0000000
vn 1.0000000 0.0000000 0.0000000
vn 1.0000000 0.0000000 0.0000000
vn 1.0000000 0.0000000 0.0000000
vn 1.0000000 0.0000000 0.0000000
vn -1.0000000 0.0000000 0.0000000
vn -1.0000000 0.0000000 0.0000000
vn -1.0000000 0.0000000 0.0000000
vn -1.0000000 0.0000000 0.0000000
vn -1.0000000 0.0000000 0.0000000
vn -1.0000000 0.0000000 0.0000000
vn 0.0000000 0.0000000 1.0000000
vn 0.0000000 0.0000000 1.0000000
vn 0.0000000 0.0000000 1.0000000
vn 0.0000000 0.0000000 1.0000000
vn 0.0000000 0.0000000 1.0000000
vn 0.0000000 0.0000000 1.0000000
vn 0.0000000 0.0000000 -1.0000000
vn 0.0000000 0.0000000 -1.0000000
vn 0.0000000 0.0000000 -1.0000000
vn 0.0000000 0.0000000 -1.0000000
vn 0.0000000 0.0000000 -1.0000000
vn 0.0000000 0.0000000 -1.0000000
vn 0.0000000 0.9999999 0.0000000
vn 0.0000000 0.9999999 0.0000000
vn 0.0000000 0.9999999 0.0000000
vn 0.0000000 0.9999999 0.0000000
vn 0.0000000 0.9999999 0.0000000
vn 0.0000000 0.9999999 0.0000000
vn 0.0000000 -0.9999999 0.0000000
vn 0.0000000 -0.9999999 0.0000000
vn 0.0000000 -0.9999999 0.0000000
vn 0.0000000 -0.9999999 0.0000000
vn 0.0000000 -0.9999999 0.0000000
vn 0.0000000 -0.9999999 0.0000000
vn 1.0000000 0.0000000 0.0000000
vn 1.0000000 0.0000000 0.0000000
vn 1.0000000 0.0000000 0.0000000
vn 1.0000000 0.0000000 0.0000000
vn 1.0000000 0.0000000 0.0000000
vn 1.0000000 0.0000000 0.0000000
vn -1.0000000 0.0000000 0.0000000
vn -1.0000000 0.0000000 0.0000000
vn -1.0000000 0.0000000 0.0000000
vn -1.0000000 0.0000000 0.0000000
vn -1.0000000 0.0000000 0.0000000
vn -1.0000000 0.0000000 0.0000000
vn 0.0000000 0.0000000 1.0000000
vn 0.0000000 0.0000000 1.0000000
vn 0.0000000 0.0000000 1.0000000
vn 0.0000000 0.0000000 1.0000000
vn 0.0000000 0.0000000 1.0000000
vn 0.0000000 0.0000000 1.0000000
vn 0.0000000 0.0000000 -1.0000000
vn 0.0000000 0.0000000 -1.0000000
vn 0.0000000 0.0000000 -1.0000000
vn 0.0000000 0.0000000 -1.0000000
vn 0.0000000 0.0000000 -1.0000000
vn 0.0000000 0.0000000 -1.0000000
vn 0.0000000 0.9999999 0.0000000
vn 0.0000000 0.9999999 0.0000000
vn 0.0000000 0.9999999 0.0000000
vn 0.0000000 0.9999999 0.0000000
vn 0.0000000 0.9999999 0.0000000
vn 0.0000000 0.9999999 0.0000000
vn 0.0000000 -0.9999999 0.0000000
vn 0.0000000 -0.9999999 0.0000000
vn 0.0000000 -0.9999999 0.0000000
vn 0.0000000 -0.9999999 0.0000000
vn 0.0000000 -0.9999999 0.0000000
vn 0.0000000 -0.9999999 0.0000000
vn 1.0000000 0.0000000 0.0000000
vn 1.0000000 0.0000000 0.0000000
vn 1.0000000 0.0000000 0.0000000
vn 1.0000000 0.0000000 0.0000000
vn 1.0000000 0.0000000 0.0000000
vn 1.0000000 0.0000000 0.0000000
vn -1.0000000 0.0000000 0.0000000
vn -1.0000000 0.0000000 0.0000000
vn -1.0000000 0.0000000 0.0000000
vn -1.0000000 0.0000000 0.0000000
vn -1.0000000 0.0000000 0.0000000
vn -1.0000000 0.0000000 0.0000000
vn 0.0000000 0.0000000 1.0000000
vn 0.0000000 0.0000000 1.0000000
vn 0.0000000 0.0000000 1.0000000
vn 0.0000000 0.0000000 1.0000000
vn 0.0000000 0.0000000 1.0000000
vn 0.0000000 0.0000000 1.0000000
vn 0.0000000 0.0000000 -1.0000000
vn 0.0000000 0.0000000 -1.0000000
vn 0.0000000 0.0000000 -1.0000000
vn 0.0000000 0.0000000 -1.0000000
vn 0.0000000 0.0000000 -1.0000000
vn 0.0000000 0.0000000 -1.0000000
vn 0.0000000 0.9999999 0.0000000
vn 0.0000000 0.9999999 0.0000000
vn 0.0000000 0.9999999 0.0000000
vn 0.0000000 0.9999999 0.0000000
vn 0.0000000 0.9999999 0.0000000
vn 0.0000000 0.9999999 0.0000000
vn 0.0000000 -0.9999999 0.0000000
vn 0.0000000 -0.9999999 0.0000000
vn 0.0000000 -0.9999999 0.0000000
vn 0.0000000 -0.9999999 0.0000000
vn 0.0000000 -0.9999999 0.0000000
vn 0.0000000 -0.9999999 0.0000000
vn 1.0000000 0.0000000 0.0000000
vn 1.0000000 0.0000000 0.0000000
vn 1.0000000 0.0000000 0.0000000
vn 1.0000000 0.0000000 0.0000000
vn 1.0000000 0.0000000 0.0000000
vn 1.0000000 0.0000000 0.0000000
vn -1.0000000 0.0000000 0.0000000
vn -1.0000000 0.0000000 0.0000000
vn -1.0000000 0.0000000 0.0000000
vn -1.0000000 0.0000000 0.0000000
vn -1.0000000 0.0000000 0.0000000
vn -1.0000000 0.0000000 0.0000000
vn 0.0000000 0.0000000 1.0000000
vn 0.0000000 0.0000000 1.0000000
vn 0.0000000 0.0000000 1.0000000
vn 0.0000000 0.0000000 1.0000000
vn 0.0000000 0.0000000 1.0000000
vn 0.0000000 0.0000000 1.0000000
vn 0.0000000 0.0000000 -1.0000000
vn 0.0000000 0.0000000 -1.0000000
vn 0.0000000 0.0000000 -1.0000000
vn 0.0000000 0.0000000 -1.0000000
vn 0.0000000 0.0000000 -1.0000000
vn 0.0000000 0.0000000 -1.0000000
vn 0.0000000 0.9999999 0.0000000
vn 0.0000000 0.9999999 0.0000000
vn 0.0000000 0.9999999 0.0000000
vn 0.0000000 0.9999999 0.0000000
vn 0.0000000 0.9999999 0.0000000
vn 0.0000000 0.9999999 0.0000000
vn 0.0000000 -0.9999999 0.0000000
vn 0.0000000 -0.9999999 0.0000000
vn 0.0000000 -0.9999999 0.0000000
vn 0.0000000 -0.9999999 0.0000000
vn 0.0000000 -0.9999999 0.0000000
vn 0.0000000 -0.9999999 0.0000000
vn 0.9999999 0.0000000 0.0000000
vn 0.9999999 0.0000000 0.0000000
vn 0.9999999 0.0000000 0.0000000
vn 0.9999999 0.0000000 0.0000000
vn 0.9999999 0.0000000 0.0000000
vn 0.9999999 0.0000000 0.0000000
vn -0.9999999 0.0000000 0.0000000
vn -0.9999999 0.0000000 0.0000000
vn -0.9999999 0.0000000 0.0000000
vn -0.9999999 0.0000000 0.0000000
vn -0.9999999 0.0000000 0.0000000
vn -0.9999999 0.0000000 0.0000000
vn 0.0000000 0.0000000 1.0000000
vn 0.0000000 0.0000000 1.0000000
vn 0.0000000 0.0000000 1.0000000
vn 0.0000000 0.0000000 1.0000000
vn 0.0000000 0.0000000 1.0000000
vn 0.0000000 0.0000000 1.0000000
vn 0.0000000 0.0000000 -1.0000000
vn 0.0000000 0.0000000 -1.0000000
vn 0.0000000 0.0000000 -1.0000000
vn 0.0000000 0.0000000 -1.0000000
vn 0.0000000 0.0000000 -1.0000000
vn 0.0000000 0.0000000 -1.0000000
vn 0.0000000 0.9999999 0.0000000
vn 0.0000000 0.9999999 0.0000000
vn 0.0000000 0.9999999 0.0000000
vn 0.0000000 0.9999999 0.0000000
vn 0.0000000 0.9999999 0.0000000
vn 0.0000000 0.9999999 0.0000000
vn 0.0000000 -0.9999999 0.0000000
vn 0.0000000 -0.9999999 0.0000000
vn 0.0000000 -0.9999999 0.0000000
vn 0.0000000 -0.9999999 0.0000000
vn 0.0000000 -0.9999999 0.0000000
vn 0.0000000 -0.9999999 0.0000000
vn 1.0000000 0.0000000 0.0000000
vn 1.0000000 0.0000000 0.0000000
vn 1.0000000 0.0000000 0.0000000
vn 1.0000000 0.0000000 0.0000000
vn 1.0000000 0.0000000 0.0000000
vn 1.0000000 0.0000000 0.0000000
vn -1.0000000 0.0000000 0.0000000
vn -1.0000000 0.0000000 0.0000000
vn -1.0000000 0.0000000 0.0000000
vn -1.0000000 0.0000000 0.0000000
vn -1.0000000 0.0000000 0.0000000
vn -1.0000000 0.0000000 0.0000000
vn 0.0000000 0.0000000 1.0000000
vn 0.0000000 0.0000000 1.0000000
vn 0.0000000 0.0000000 1.0000000
vn 0.0000000 0.0000000 1.0000000
vn 0.0000000 0.0000000 1.0000000
vn 0.0000000 0.0000000 1.0000000
vn 0.0000000 0.0000000 -1.0000000
vn 0.0000000 0.0000000 -1.0000000
vn 0.0000000 0.0000000 -1.0000000
vn 0.0000000 0.0000000 -1.0000000
vn 0.0000000 0.0000000 -1.0000000
vn 0.0000000 0.0000000 -1.0000000
vn 0.0000000 0.9999999 0.0000000
vn 0.0000000 0.9999999 0.0000000
vn 0.0000000 0.9999999 0.0000000
vn 0.0000000 0.9999999 0.0000000
vn 0.0000000 0.9999999 0.0000000
vn 0.0000000 0.9999999 0.0000000
vn 0.0000000 -0.9999999 0.0000000
vn 0.0000000 -0.9999999 0.0000000
vn 0.0000000 -0.9999999 0.0000000
vn 0.0000000 -0.9999999 0.0000000
vn 0.0000000 -0.9999999 0.0000000
vn 0.0000000 -0.9999999 0.0000000
vn 0.9999999 0.0000000 0.0000000
vn 0.9999999 0.0000000 0.0000000
vn 0.9999999 0.0000000 0.0000000
vn 0.9999999 0.0000000 0.0000000
vn 0.9999999 0.0000000 0.0000000
vn 0.9999999 0.0000000 0.0000000
vn -0.9999999 0.0000000 0.0000000
vn -0.9999999 0.0000000 0.0000000
vn -0.9999999 0.0000000 0.0000000
vn -0.9999999 0.0000000 0.0000000
vn -0.9999999 0.0000000 0.0000000
vn -0.9999999 0.0000000 0.0000000
vn 0.0000000 0.0000000 1.0000000
vn 0.0000000 0.0000000 1.0000000
vn 0.0000000 0.0000000 1.0000000
vn 0.0000000 0.0000000 1.0000000
vn 0.0000000 0.0000000 1.0000000
vn 0.0000000 0.0000000 1.0000000
vn 0.0000000 0.0000000 -1.0000000
vn 0.0000000 0.0000000 -1.0000000
vn 0.0000000 0.0000000 -1.0000000
vn 0.0000000 0.0000000 -1.0000000
vn 0.0000000 0.0000000 -1.0000000
vn 0.0000000 0.0000000 -1.0000000
vn 0.0000000 0.9999999 0.0000000
vn 0.0000000 0.9999999 0.0000000
vn 0.0000000 0.9999999 0.0000000
vn 0.0000000 0.9999999 0.0000000
vn 0.0000000 0.9999999 0.0000000
vn 0.0000000 0.9999999 0.0000000
vn 0.0000000 -0.9999999 0.0000000
vn 0.0000000 -0.9999999 0.0000000
vn 0.0000000 -0.9999999 0.0000000
vn 0.0000000 -0.9999999 0.0000000
vn 0.0000000 -0.9999999 0.0000000
vn 0.0000000 -0.9999999 0.0000000
vn 0.9999999 0.0000000 0.0000000
vn 0.9999999 0.0000000 0.0000000
vn 0.9999999 0.0000000 0.0000000
vn 0.9999999 0.0000000 0.0000000
vn 0.9999999 0.0000000 0.0000000
vn 0.9999999 0.0000000 0.0000000
vn -0.9999999 0.0000000 0.0000000
vn -0.9999999 0.0000000 0.0000000
vn -0.9999999 0.0000000 0.0000000
vn -0.9999999 0.0000000 0.0000000
vn -0.9999999 0.0000000 0.0000000
vn -0.9999999 0.0000000 0.0000000
vn 0.0000000 0.0000000 1.0000000
vn 0.0000000 0.0000000 1.0000000
vn 0.0000000 0.0000000 1.0000000
vn 0.0000000 0.0000000 1.0000000
vn 0.0000000 0.0000000 1.0000000
vn 0.0000000 0.0000000 1.0000000
vn 0.0000000 0.0000000 -1.0000000
vn 0.0000000 0.0000000 -1.0000000
vn 0.0000000 0.0000000 -1.0000000
vn 0.0000000 0.0000000 -1.0000000
vn 0.0000000 0.0000000 -1.0000000
vn 0.0000000 0.0000000 -1.0000000
vn 0.0000000 1.0000000 0.0000000
vn 0.0000000 1.0000000 0.0000000
vn 0.0000000 1.0000000 0.0000000
vn 0.0000000 1.0000000 0.0000000
vn 0.0000000 1.0000000 0.0000000
vn 0.0000000 1.0000000 0.0000000
vn 0.0000000 -1.0000000 0.0000000
vn 0.0000000 -1.0000000 0.0000000
vn 0.0000000 -1.0000000 0.0000000
vn 0.0000000 -1.0000000 0.0000000
vn 0.0000000 -1.0000000 0.0000000
vn 0.0000000 -1.0000000 0.0000000
vn 0.9999999 0.0000000 0.0000000
vn 0.9999999 0.0000000 0.0000000
vn 0.9999999 0.0000000 0.0000000
vn 0.9999999 0.0000000 0.0000000
vn 0.9999999 0.0000000 0.0000000
vn 0.9999999 0.0000000 0.0000000
vn -0.9999999 0.0000000 0.0000000
vn -0.9999999 0.0000000 0.0000000
vn -0.9999999 0.0000000 0.0000000
vn -0.9999999 0.0000000 0.0000000
vn -0.9999999 0.0000000 0.0000000
vn -0.9999999 0.0000000 0.0000000
vn 0.0000000 0.0000000 1.0000000
vn 0.0000000 0.0000000 1.0000000
vn 0.0000000 0.0000000 1.0000000
vn 0.0000000 0.0000000 1.0000000
vn 0.0000000 0.0000000 1.0000000
vn 0.0000000 0.0000000 1.0000000
vn 0.0000000 0.0000000 -1.0000000
vn 0.0000000 0.0000000 -1.0000000
vn 0.0000000 0.0000000 -1.0000000
vn 0.0000000 0.0000000 -1.0000000
vn 0.0000000 0.0000000 -1.0000000
vn 0.0000000 0.0000000 -1.0000000
vn 0.0000000 1.0000000 0.0000000
vn 0.0000000 1.0000000 0.0000000
vn 0.0000000 1.0000000 0.0000000
vn 0.0000000 1.0000000 0.0000000
vn 0.0000000 1.0000000 0.0000000
vn 0.0000000 1.0000000 0.0000000
vn 0.0000000 -1.0000000 0.0000000
vn 0.0000000 -1.0000000 0.0000000
vn 0.0000000 -1.0000000 0.0000000
vn 0.0000000 -1.0000000 0.0000000
vn 0.0000000 -1.0000000 0.0000000
vn 0.0000000 -1.0000000 0.0000000
vn 1.0000000 0.0000000 0.0000000
vn 1.0000000 0.0000000 0.0000000
vn 1.0000000 0.0000000 0.0000000
vn 1.0000000 0.0000000 0.0000000
vn 1.0000000 0.0000000 0.0000000
vn 1.0000000 0.0000000 0.0000000
vn -1.0000000 0.0000000 0.0000000
vn -1.0000000 0.0000000 0.0000000
vn -1.0000000 0.0000000 0.0000000
vn -1.0000000 0.0000000 0.0000000
vn -1.0000000 0.0000000 0.0000000
vn -1.0000000 0.0000000 0.0000000
vn 0.0000000 0.0000000 1.0000000
vn 0.0000000 0.0000000 1.0000000
vn 0.0000000 0.0000000 1.0000000
vn 0.0000000 0.0000000 1.0000000
vn 0.0000000 0.0000000 1.0000000
vn 0.0000000 0.0000000 1.0000000
vn 0.0000000 0.0000000 -1.0000000
vn 0.0000000 0.0000000 -1.0000000
vn 0.0000000 0.0000000 -1.0000000
vn 0.0000000 0.0000000 -1.0000000
vn 0.0000000 0.0000000 -1.0000000
vn 0.0000000 0.0000000 -1.0000000
vn 0.0000000 0.9999999 0.0000000
vn 0.0000000 0.9999999 0.0000000
vn 0.0000000 0.9999999 0.0000000
vn 0.0000000 0.9999999 0.0000000
vn 0.0000000 0.9999999 0.0000000
vn 0.0000000 0.9999999 0.0000000
vn 0.0000000 -0.9999999 0.0000000
vn 0.0000000 -0.9999999 0.0000000
vn 0.0000000 -0.9999999 0.0000000
vn 0.0000000 -0.9999999 0.0000000
vn 0.0000000 -0.9999999 0.0000000
vn 0.0000000 -0.9999999 0.0000000
vn 1.0000000 0.0000000 0.0000000
vn 1.0000000 0.0000000 0.0000000
vn 1.0000000 0.0000000 0.0000000
vn 1.0000000 0.0000000 0.0000000
vn 1.0000000 0.0000000 0.0000000
vn 1.0000000 0.0000000 0.0000000
vn -1.0000000 0.0000000 0.0000000
vn -1.0000000 0.0000000 0.0000000
vn -1.0000000 0.0000000 0.0000000
vn -1.0000000 0.0000000 0.0000000
vn -1.0000000 0.0000000 0.0000000
vn -1.0000000 0.0000000 0.0000000
vn 0.0000000 0.0000000 1.0000000
vn 0.0000000 0.0000000 1.0000000
vn 0.0000000 0.0000000 1.0000000
vn 0.0000000 0.0000000 1.0000000
vn 0.0000000 0.0000000 1.0000000
vn 0.0000000 0.0000000 1.0000000
vn 0.0000000 0.0000000 -1.0000000
vn 0.0000000 0.0000000 -1.0000000
vn 0.0000000 0.0000000 -1.0000000
vn 0.0000000 0.0000000 -1.0000000
vn 0.0000000 0.0000000 -1.0000000
vn 0.0000000 0.0000000 -1.0000000
vn 0.0000000 0.9999999 0.0000000
vn 0.0000000 0.9999999 0.0000000
vn 0.0000000 0.9999999 0.0000000
vn 0.0000000 0.9999999 0.0000000
vn 0.0000000 0.9999999 0.0000000
vn 0.0000000 0.9999999 0.0000000
vn 0.0000000 -0.9999999 0.0000000
vn 0.0000000 -0.9999999 0.0000000
vn 0.0000000 -0.9999999 0.0000000
vn 0.0000000 -0.9999999 0.0000000
vn 0.0000000 -0.9999999 0.0000000
vn 0.0000000 -0.9999999 0.0000000
vn 1.0000000 0.0000000 0.0000000
vn 1.0000000 0.0000000 0.0000000
vn 1.0000000 0.0000000 0.0000000
vn 1.0000000 0.0000000 0.0000000
vn 1.0000000 0.0000000 0.0000000
vn 1.0000000 0.0000000 0.0000000
vn -1.0000000 0.0000000 0.0000000
vn -1.0000000 0.0000000 0.0000000
vn -1.0000000 0.0000000 0.0000000
vn -1.0000000 0.0000000 0.0000000
vn -1.0000000 0.0000000 0.0000000
vn -1.0000000 0.0000000 0.0000000
vn 0.0000000 0.0000000 1.0000000
vn 0.0000000 0.0000000 1.0000000
vn 0.0000000 0.0000000 1.0000000
vn 0.0000000 0.0000000 1.0000000
vn 0.0000000 0.0000000 1.0000000
vn 0.0000000 0.0000000 1.0000000
vn 0.0000000 0.0000000 -1.0000000
vn 0.0000000 0.0000000 -1.0000000
vn 0.0000000 0.0000000 -1.0000000
vn 0.0000000 0.0000000 -1.0000000
vn 0.0000000 0.0000000 -1.0000000
vn 0.0000000 0.0000000 -1.0000000
vn 0.0000000 0.9999999 0.0000000
vn 0.0000000 0.9999999 0.0000000
vn 0.0000000 0.9999999 0.0000000
vn 0.0000000 0.9999999 0.0000000
vn 0.0000000 0.9999999 0.0000000
vn 0.0000000 0.9999999 0.0000000
vn 0.0000000 -0.9999999 0.0000000
vn 0.0000000 -0.9999999 0.0000000
vn 0.0000000 -0.9999999 0.0000000
vn 0.0000000 -0.9999999 0.0000000
vn 0.0000000 -0.9999999 0.0000000
vn 0.0000000 -0.9999999 0.0000000
vn 1.0000000 0.0000000 0.0000000
vn 1.0000000 0.0000000 0.0000000
vn 1.0000000 0.0000000 0.0000000
vn 1.0000000 0.0000000 0.0000000
vn 1.0000000 0.0000000 0.0000000
vn 1.0000000 0.0000000 0.0000000
vn -1.0000000 0.0000000 0.0000000
vn -1.0000000 0.0000000 0.0000000
vn -1.0000000 0.0000000 0.0000000
vn -1.0000000 0.0000000 0.0000000
vn -1.0000000 0.0000000 0.0000000
vn -1.0000000 0.0000000 0.0000000
vn 0.0000000 0.0000000 1.0000000
vn 0.0000000 0.0000000 1.0000000
vn 0.0000000 0.0000000 1.0000000
vn 0.0000000 0.0000000 1.0000000
vn 0.0000000 0.0000000 1.0000000
vn 0.0000000 0.0000000 1.0000000
vn 0.0000000 0.0000000 -1.0000000
vn 0.0000000 0.0000000 -1.0000000
vn 0.0000000 0.0000000 -1.0000000
vn 0.0000000 0.0000000 -1.0000000
vn 0.0000000 0.0000000 -1.0000000
vn 0.0000000 0.0000000 -1.0000000
vn 0.0000000 0.9999999 0.0000000
vn 0.0000000 0.9999999 0.0000000
vn 0.0000000 0.9999999 0.0000000
vn 0.0000000 0.9999999 0.0000000
vn 0.0000000 0.9999999 0.0000000
vn 0.0000000 0.9999999 0.0000000
vn 0.0000000 -0.9999999 0.0000000
vn 0.0000000 -0.9999999 0.0000000
vn 0.0000000 -0.9999999 0.0000000
vn 0.0000000 -0.9999999 0.0000000
vn 0.0000000 -0.9999999 0.0000000
vn 0.0000000 -0.9999999 0.0000000
vn 1.0000000 0.0000000 0.0000000
vn 1.0000000 0.0000000 0.0000000
vn 1.0000000 0.0000000 0.0000000
vn 1.0000000 0.0000000 0.0000000
vn 1.0000000 0.0000000 0.0000000
vn 1.0000000 0.0000000 0.0000000
vn -1.0000000 0.0000000 0.0000000
vn -1.0000000 0.0000000 0.0000000
vn -1.0000000 0.0000000 0.0000000
vn -1.0000000 0.0000000 0.0000000
vn -1.0000000 0.0000000 0.0000000
vn -1.0000000 0.0000000 0.0000000
vn 0.0000000 0.0000000 1.0000000
vn 0.0000000 0.0000000 1.0000000
vn 0.0000000 0.0000000 1.0000000
vn 0.0000000 0.0000000 1.0000000
vn 0.0000000 0.0000000 1.0000000
vn 0.0000000 0.0000000 1.0000000
vn 0.0000000 0.0000000 -1.0000000
vn 0.0000000 0.0000000 -1.0000000
vn 0.0000000 0.0000000 -1.0000000
vn 0.0000000 0.0000000 -1.0000000
vn 0.0000000 0.0000000 -1.0000000
vn 0.0000000 0.0000000 -1.0000000
vn 0.0000000 0.9999999 0.0000000
vn 0.0000000 0.9999999 0.0000000
vn 0.0000000 0.9999999 0.0000000
vn 0.0000000 0.9999999 0.0000000
vn 0.0000000 0.9999999 0.0000000
vn 0.0000000 0.9999999 0.0000000
vn 0.0000000 -0.9999999 0.0000000
vn 0.0000000 -0.9999999 0.0000000
vn 0.0000000 -0.9999999 0.0000000
vn 0.0000000 -0.9999999 0.0000000
vn 0.0000000 -0.9999999 0.0000000
vn 0.0000000 -0.9999999 0.0000000
vn 1.0000000 0.0000000 0.0000000
vn 1.0000000 0.0000000 0.0000000
vn 1.0000000 0.0000000 0.0000000
vn 1.0000000 0.0000000 0.0000000
vn 1.0000000 0.0000000 0.0000000
vn 1.0000000 0.0000000 0.0000000
vn -1.0000000 0.0000000 0.0000000
vn -1.0000000 0.0000000 0.0000000
vn -1.0000000 0.0000000 0.0000000
vn -1.0000000 0.0000000 0.0000000
vn -1.0000000 0.0000000 0.0000000
vn -1.0000000 0.0000000 0.0000000
vn 0.0000000 0.0000000 1.0000000
vn 0.0000000 0.0000000 1.0000000
vn 0.0000000 0.0000000 1.0000000
vn 0.0000000 0.0000000 1.0000000
vn 0.0000000 0.0000000 1.0000000
vn 0.0000000 0.0000000 1.0000000
vn 0.0000000 0.0000000 -1.0000000
vn 0.0000000 0.0000000 -1.0000000
vn 0.0000000 0.0000000 -1.0000000
vn 0.0000000 0.0000000 -1.0000000
vn 0.0000000 0.0000000 -1.0000000
vn 0.0000000 0.0000000 -1.0000000
vn 0.0000000 0.9999999 0.0000000
vn 0.0000000 0.9999999 0.0000000
vn 0.0000000 0.9999999 0.0000000
vn 0.0000000 0.9999999 0.0000000
vn 0.0000000 0.9999999 0.0000000
vn 0.0000000 0.9999999 0.0000000
vn 0.0000000 -0.9999999 0.0000000
vn 0.0000000 -0.9999999 0.0000000
vn 0.0000000 -0.9999999 0.0000000
vn 0.0000000 -0.9999999 0.0000000
vn 0.0000000 -0.9999999 0.0000000
vn 0.0000000 -0.9999999 0.0000000
vn 1.0000000 0.0000000 0.0000000
vn 1.0000000 0.0000000 0.0000000
vn 1.0000000 0.0000000 0.0000000
vn 1.0000000 0.0000000 0.0000000
vn 1.0000000 0.0000000 0.0000000
vn 1.0000000 0.0000000 0.0000000
vn -1.0000000 0.0000000 0.0000000
vn -1.0000000 0.0000000 0.0000000
vn -1.0000000 0.0000000 0.0000000
vn -1.0000000 0.0000000 0.0000000
vn -1.0000000 0.0000000 0.0000000
vn -1.0000000 0.0000000 0.0000000
vn 0.0000000 0.0000000 1.0000000
vn 0.0000000 0.0000000 1.0000000
vn 0.0000000 0.0000000 1.0000000
vn 0.0000000 0.0000000 1.0000000
vn 0.0000000 0.0000000 1.0000000
vn 0.0000000 0.0000000 1.0000000
vn 0.0000000 0.0000000 -1.0000000
vn 0.0000000 0.0000000 -1.0000000
vn 0.0000000 0.0000000 -1.0000000
vn 0.0000000 0.0000000 -1.0000000
vn 0.0000000 0.0000000 -1.0000000
vn 0.0000000 0.0000000 -1.0000000
vn 0.0000000 0.9999999 0.0000000
vn 0.0000000 0.9999999 0.0000000
vn 0.0000000 0.9999999 0.0000000
vn 0.0000000 0.9999999 0.0000000
vn 0.0000000 0.9999999 0.0000000
vn 0.0000000 0.9999999 0.0000000
vn 0.0000000 -0.9999999 0.0000000
vn 0.0000000 -0.9999999 0.0000000
vn 0.0000000 -0.9999999 0.0000000
vn 0.0000000 -0.9999999 0.0000000
vn 0.0000000 -0.9999999 0.0000000
vn 0.0000000 -0.9999999 0.0000000
vn 1.0000000 0.0000000 0.0000000
vn 1.0000000 0.0000000 0.0000000
vn 1.0000000 0.0000000 0.0000000
vn 1.0000000 0.0000000 0.0000000
vn 1.0000000 0.0000000 0.0000000
vn 1.0000000 0.0000000 0.0000000
vn -1.0000000 0.0000000 0.0000000
vn -1.0000000 0.0000000 0.0000000
vn -1.0000000 0.0000000 0.0000000
vn -1.0000000 0.0000000 0.0000000
vn -1.0000000 0.0000000 0.0000000
vn -1.0000000 0.0000000 0.0000000
vn 0.0000000 0.0000000 1.0000000
vn 0.0000000 0.0000000 1.0000000
vn 0.0000000 0.0000000 1.0000000
vn 0.0000000 0.0000000 1.0000000
vn 0.0000000 0.0000000 1.0000000
vn 0.0000000 0.0000000 1.0000000
vn 0.0000000 0.0000000 -1.0000000
vn 0.0000000 0.0000000 -1.0000000
vn 0.0000000 0.0000000 -1.0000000
vn 0.0000000 0.0000000 -1.0000000
vn 0.0000000 0.0000000 -1.0000000
vn 0.0000000 0.0000000 -1.0000000
vn 0.0000000 0.9999999 0.0000000
vn 0.0000000 0.9999999 0.0000000
vn 0.0000000 0.9999999 0.0000000
vn 0.0000000 0.9999999 0.0000000
vn 0.0000000 0.9999999 0.0000000
vn 0.0000000 0.9999999 0.0000000
vn 0.0000000 -0.9999999 0.0000000
vn 0.0000000 -0.9999999 0.0000000
vn 0.0000000 -0.9999999 0.0000000
vn 0.0000000 -0.9999999 0.0000000
vn 0.0000000 -0.9999999 0.0000000
vn 0.0000000 -0.9999999 0.0000000
vn 1.0000000 0.0000000 0.0000000
vn 1.0000000 0.0000000 0.0000000
vn 1.0000000 0.0000000 0.0000000
vn 1.0000000 0.0000000 0.0000000
vn 1.0000000 0.0000000 0.0000000
vn 1.0000000 0.0000000 0.0000000
vn -1.0000000 0.0000000 0.0000000
vn -1.0000000 0.0000000 0.0000000
vn -1.0000000 0.0000000 0.0000000
vn -1.0000000 0.0000000 0.0000000
vn -1.0000000 0.0000000 0.0000000
vn -1.0000000 0.0000000 0.0000000
vn 0.0000000 0.0000000 1.0000000
vn 0.0000000 0.0000000 1.0000000
vn 0.0000000 0.0000000 1.0000000
vn 0.0000000 0.0000000 1.0000000
vn 0.0000000 0.0000000 1.0000000
vn 0.0000000 0.0000000 1.0000000
vn 0.0000000 0.0000000 -1.0000000
vn 0.0000000 0.0000000 -1.0000000
vn 0.0000000 0.0000000 -1.0000000
vn 0.0000000 0.0000000 -1.0000000
vn 0.0000000 0.0000000 -1.0000000
vn 0.0000000 0.0000000 -1.0000000
vn 0.0000000 0.9999999 0.0000000
vn 0.0000000 0.9999999 0.0000000
vn 0.0000000 0.9999999 0.0000000
vn 0.0000000 0.9999999 0.0000000
vn 0.0000000 0.9999999 0.0000000
vn 0.0000000 0.9999999 0.0000000
vn 0.0000000 -0.9999999 0.0000000
vn 0.0000000 -0.9999999 0.0000000
vn 0.0000000 -0.9999999 0.0000000
vn 0.0000000 -0.9999999 0.0000000
vn 0.0000000 -0.9999999 0.0000000
vn 0.0000000 -0.9999999 0.0000000
vn 0.9999999 0.0000000 0.0000000
vn 0.9999999 0.0000000 0.0000000
vn 0.9999999 0.0000000 0.0000000
vn 0.9999999 0.0000000 0.0000000
vn 0.9999999 0.0000000 0.0000000
vn 0.9999999 0.0000000 0.0000000
vn -0.9999999 0.0000000 0.0000000
vn -0.9999999 0.0000000 0.0000000
vn -0.9999999 0.0000000 0.0000000
vn -0.9999999 0.0000000 0.0000000
vn -0.9999999 0.0000000 0.0000000
vn -0.9999999 0.0000000 0.0000000
vn 0.0000000 0.0000000 1.0000000
vn 0.0000000 0.0000000 1.0000000
vn 0.0000000 0.0000000 1.0000000
vn 0.0000000 0.0000000 1.0000000
vn 0.0000000 0.0000000 1.0000000
vn 0.0000000 0.0000000 1.0000000
vn 0.0000000 0.0000000 -1.0000000
vn 0.0000000 0.0000000 -1.0000000
vn 0.0000000 0.0000000 -1.0000000
vn 0.0000000 0.0000000 -1.0000000
vn 0.0000000 0.0000000 -1.0000000
vn 0.0000000 0.0000000 -1.0000000
vn 0.0000000 0.9999999 0.0000000
vn 0.0000000 0.9999999 0.0000000
vn 0.0000000 0.9999999 0.0000000
vn 0.0000000 0.9999999 0.0000000
vn 0.0000000 0.9999999 0.0000000
vn 0.0000000 0.9999999 0.0000000
vn 0.0000000 -0.9999999 0.0000000
vn 0.0000000 -0.9999999 0.0000000
vn 0.0000000 -0.9999999 0.0000000
vn 0.0000000 -0.9999999 0.0000000
vn 0.0000000 -0.9999999 0.0000000
vn 0.0000000 -0.9999999 0.0000000
vn 1.0000000 0.0000000 0.0000000
vn 1.0000000 0.0000000 0.0000000
vn 1.0000000 0.0000000 0.0000000
vn 1.0000000 0.0000000 0.0000000
vn 1.0000000 0.0000000 0.0000000
vn 1.0000000 0.0000000 0.0000000
vn -1.0000000 0.0000000 0.0000000
vn -1.0000000 0.0000000 0.0000000
vn -1.0000000 0.0000000 0.0000000
vn -1.0000000 0.0000000 0.0000000
vn -1.0000000 0.0000000 0.0000000
vn -1.0000000 0.0000000 0.0000000
vn 0.0000000 0.0000000 1.0000000
vn 0.0000000 0.0000000 1.0000000
vn 0.0000000 0.0000000 1.0000000
vn 0.0000000 0.0000000 1.0000000
vn 0.0000000 0.0000000 1.0000000
vn 0.0000000 0.0000000 1.0000000
vn 0.0000000 0.0000000 -1.0000000
vn 0.0000000 0.0000000 -1.0000000
vn 0.0000000 0.0000000 -1.0000000
vn 0.0000000 0.0000000 -1.0000000
vn 0.0000000 0.0000000 -1.0000000
vn 0.0000000 0.0000000 -1.0000000
vn 0.0000000 0.9999999 0.0000000
vn 0.0000000 0.9999999 0.0000000
vn 0.0000000 0.9999999 0.0000000
vn 0.0000000 0.9999999 0.0000000
vn 0.0000000 0.9999999 0.0000000
vn 0.0000000 0.9999999 0.0000000
vn 0.0000000 -0.9999999 0.0000000
vn 0.0000000 -0.9999999 0.0000000
vn 0.0000000 -0.9999999 0.0000000
vn 0.0000000 -0.9999999 0.0000000
vn 0.0000000 -0.9999999 0.0000000
vn 0.0000000 -0.9999999 0.0000000
vn 0.9999999 0.0000000 0.0000000
vn 0.9999999 0.0000000 0.0000000
vn 0.9999999 0.0000000 0.0000000
vn 0.9999999 0.0000000 0.0000000
vn 0.9999999 0.0000000 0.0000000
vn 0.9999999 0.0000000 0.0000000
vn -0.9999999 0.0000000 0.0000000
vn -0.9999999 0.0000000 0.0000000
vn -0.9999999 0.0000000 0.0000000
vn -0.9999999 0.0000000 0.0000000
vn -0.9999999 0.0000000 0.0000000
vn -0.9999999 0.0000000 0.0000000
vn 0.0000000 0.0000000 1.0000000
vn 0.0000000 0.0000000 1.0000000
vn 0.0000000 0.0000000 1.0000000
vn 0.0000000 0.0000000 1.0000000
vn 0.0000000 0.0000000 1.0000000
vn 0.0000000 0.0000000 1.0000000
vn 0.0000000 0.0000000 -1.0000000
vn 0.0000000 0.0000000 -1.0000000
vn 0.0000000 0.0000000 -1.0000000
vn 0.0000000 0.0000000 -1.0000000
vn 0.0000000 0.0000000 -1.0000000
vn 0.0000000 0.0000000 -1.0000000
vn 0.0000000 0.9999999 0.0000000
vn 0.0000000 0.9999999 0.0000000
vn 0.0000000 0.9999999 0.0000000
vn 0.0000000 0.9999999 0.0000000
vn 0.0000000 0.9999999 0.0000000
vn 0.0000000 0.9999999 0.0000000
vn 0.0000000 -0.9999999 0.0000000
vn 0.0000000 -0.9999999 0.0000000
vn 0.0000000 -0.9999999 0.0000000
vn 0.0000000 -0.9999999 0.0000000
vn 0.0000000 -0.9999999 0.0000000
vn 0.0000000 -0.9999999 0.0000000
vn 1.0000000 0.0000000 0.0000000
vn 1.0000000 0.0000000 0.0000000
vn 1.0000000 0.0000000 0.0000000
vn 1.0000000 0.0000000 0.0000000
vn 1.0000000 0.0000000 0.0000000
vn 1.0000000 0.0000000 0.0000000
vn -1.0000000 0.0000000 0.0000000
vn -1.0000000 0.0000000 0.0000000
vn -1.0000000 0.0000000 0.0000000
vn -1.0000000 0.0000000 0.0000000
vn -1.0000000 0.0000000 0.0000000
vn -1.0000000 0.0000000 0.0000000
vn 0.0000000 0.0000000 1.0000000
vn 0.0000000 0.0000000 1.0000000
vn 0.0000000 0.0000000 1.0000000
vn 0.0000000 0.0000000 1.0000000
vn 0.0000000 0.0000000 1.0000000
vn 0.0000000 0.0000000 1.0000000
vn 0.0000000 0.0000000 -1.0000000
vn 0.0000000 0.0000000 -1.0000000
vn 0.0000000 0.0000000 -1.0000000
vn 0.0000000 0.0000000 -1.0000000
vn 0.0000000 0.0000000 -1.0000000
vn 0.0000000 0.0000000 -1.0000000
vn 0.0000000 0.9999999 0.0000000
vn 0.0000000 0.9999999 0.0000000
vn 0.0000000 0.9999999 0.0000000
vn 0.0000000 0.9999999 0.0000000
vn 0.0000000 0.9999999 0.0000000
vn 0.0000000 0.9999999 0.0000000
vn 0.0000000 -0.9999999 0.0000000
vn 0.0000000 -0.9999999 0.0000000
vn 0.0000000 -0.9999999 0.0000000
vn 0.0000000 -0.9999999 0.0000000
vn 0.0000000 -0.9999999 0.0000000
vn 0.0000000 -0.9999999 0.0000000
vn 1.0000000 0.0000000 0.0000000
vn 1.0000000 0.0000000 0.0000000
vn 1.0000000 0.0000000 0.0000000
vn 1.0000000 0.0000000 0.0000000
vn 1.0000000 0.0000000 0.0000000
vn 1.0000000 0.0000000 0.0000000
vn -1.0000000 0.0000000 0.0000000
vn -1.0000000 0.0000000 0.0000000
vn -1.0000000 0.0000000 0.0000000
vn -1.0000000 0.0000000 0.0000000
vn -1.0000000 0.0000000 0.0000000
vn -1.0000000 0.0000000 0.0000000
vn 0.0000000 0.0000000 1.0000000
vn 0.0000000 0.0000000 1.0000000
vn 0.0000000 0.0000000 1.0000000
vn 0.0000000 0.0000000 1.0000000
vn 0.0000000 0.0000000 1.0000000
vn 0.0000000 0.0000000 1.0000000
vn 0.0000000 0.0000000 -1.0000000
vn 0.0000000 0.0000000 -1.0000000
vn 0.0000000 0.0000000 -1.0000000
vn 0.0000000 0.0000000 -1.0000000
vn 0.0000000 0.0000000 -1.0000000
vn 0.0000000 0.0000000 -1.0000000
vn 0.0000000 1.0000000 0.0000000
vn 0.0000000 1.0000000 0.0000000
vn 0.0000000 1.0000000 0.0000000
vn 0.0000000 1.0000000 0.0000000
vn 0.0000000 1.0000000 0.0000000
vn 0.0000000 1.0000000 0.0000000
vn 0.0000000 -1.0000000 0.0000000
vn 0.0000000 -1.0000000 0.0000000
vn 0.0000000 -1.0000000 0.0000000
vn 0.0000000 -1.0000000 0.0000000
vn 0.0000000 -1.0000000 0.0000000
vn 0.0000000 -1.0000000 0.0000000
vn 1.0000000 0.0000000 0.0000000
vn 1.0000000 0.0000000 0.0000000
vn 1.0000000 0.0000000 0.0000000
vn 1.0000000 0.0000000 0.0000000
vn 1.0000000 0.0000000 0.0000000
vn 1.0000000 0.0000000 0.0000000
vn -1.0000000 0.0000000 0.0000000
vn -1.0000000 0.0000000 0.0000000
vn -1.0000000 0.0000000 0.0000000
vn -1.0000000 0.0000000 0.0000000
vn -1.0000000 0.0000000 0.0000000
vn -1.0000000 0.0000000 0.0000000
vn 0.0000000 0.0000000 1.0000000
vn 0.0000000 0.0000000 1.0000000
vn 0.0000000 0.0000000 1.0000000
vn 0.0000000 0.0000000 1.0000000
vn 0.0000000 0.0000000 1.0000000
vn 0.0000000 0.0000000 1.0000000
vn 0.0000000 0.0000000 -1.0000000
vn 0.0000000 0.0000000 -1.0000000
vn 0.0000000 0.0000000 -1.0000000
vn 0.0000000 0.0000000 -1.0000000
vn 0.0000000 0.0000000 -1.0000000
vn 0.0000000 0.0000000 -1.0000000
vn 0.0000000 1.0000000 0.0000000
vn 0.0000000 1.0000000 0.0000000
vn 0.0000000 1.0000000 0.0000000
vn 0.0000000 1.0000000 0.0000000
vn 0.0000000 1.0000000 0.0000000
vn 0.0000000 1.0000000 0.0000000
vn 0.0000000 -1.0000000 0.0000000
vn 0.0000000 -1.0000000 0.0000000
vn 0.0000000 -1.0000000 0.0000000
vn 0.0000000 -1.0000000 0.0000000
vn 0.0000000 -1.0000000 0.0000000
vn 0.0000000 -1.0000000 0.0000000
vn 1.0000000 0.0000000 0.0000000
vn 1.0000000 0.0000000 0.0000000
vn 1.0000000 0.0000000 0.0000000
vn 1.0000000 0.0000000 0.0000000
vn 1.0000000 0.0000000 0.0000000
vn 1.0000000 0.0000000 0.0000000
vn -1.0000000 0.0000000 0.0000000
vn -1.0000000 0.0000000 0.0000000
vn -1.0000000 0.0000000 0.0000000
vn -1.0000000 0.0000000 0.0000000
vn -1.0000000 0.0000000 0.0000000
vn -1.0000000 0.0000000 0.0000000
vn 0.0000000 0.0000000 1.0000000
vn 0.0000000 0.0000000 1.0000000
vn 0.0000000 0.0000000 1.0000000
vn 0.0000000 0.0000000 1.0000000
vn 0.0000000 0.0000000 1.0000000
vn 0.0000000 0.0000000 1.0000000
vn 0.0000000 0.0000000 -1.0000000
vn 0.0000000 0.0000000 -1.0000000
vn 0.0000000 0.0000000 -1.0000000
vn 0.0000000 0.0000000 -1.0000000
vn 0.0000000 0.0000000 -1.0000000
vn 0.0000000 0.0000000 -1.0000000
vn 0.0000000 0.9999999 0.0000000
vn 0.0000000 0.9999999 0.0000000
vn 0.0000000 0.9999999 0.0000000
vn 0.0000000 0.9999999 0.0000000
vn 0.0000000 0.9999999 0.0000000
vn 0.0000000 0.9999999 0.0000000
vn 0.0000000 -0.9999999 0.0000000
vn 0.0000000 -0.9999999 0.0000000
vn 0.0000000 -0.9999999 0.0000000
vn 0.0000000 -0.9999999 0.0000000
vn 0.0000000 -0.9999999 0.0000000
vn 0.0000000 -0.9999999 0.0000000
vn 1.0000000 0.0000000 0.0000000
vn 1.0000000 0.0000000 0.0000000
vn 1.0000000 0.0000000 0.0000000
vn 1.0000000 0.0000000 0.0000000
vn 1.0000000 0.0000000 0.0000000
vn 1.0000000 0.0000000 0.0000000
vn -1.0000000 0.0000000 0.0000000
vn -1.0000000 0.0000000 0.0000000
vn -1.0000000 0.0000000 0.0000000
vn -1.0000000 0.0000000 0.0000000
vn -1.0000000 0.0000000 0.0000000
vn -1.0000000 0.0000000 0.0000000
vn 0.0000000 0.0000000 1.0000000
vn 0.0000000 0.0000000 1.0000000
vn 0.0000000 0.0000000 1.0000000
vn 0.0000000 0.0000000 1.0000000
vn 0.0000000 0.0000000 1.0000000
vn 0.0000000 0.0000000 1.0000000
vn 0.0000000 0.0000000 -1.0000000
vn 0.0000000 0.0000000 -1.0000000
vn 0.0000000 0.0000000 -1.0000000
vn 0.0000000 0.0000000 -1.0000000
vn 0.0000000 0.0000000 -1.0000000
vn 0.0000000 0.0000000 -1.0000000
vn 0.0000000 0.9999999 0.0000000
vn 0.0000000 0.9999999 0.0000000
vn 0.0000000 0.9999999 0.0000000
vn 0.0000000 0.9999999 0.0000000
vn 0.0000000 0.9999999 0.0000000
vn 0.0000000 0.9999999 0.0000000
vn 0.0000000 -0.9999999 0.0000000
vn 0.0000000 -0.9999999 0.0000000
vn 0.0000000 -0.9999999 0.0000000
vn 0.0000000 -0.9999999 0.0000000
vn 0.0000000 -0.9999999 0.0000000
vn 0.0000000 -0.9999999 0.0000000
vn 1.0000000 0.0000000 0.0000000
vn 1.0000000 0.0000000 0.0000000
vn 1.0000000 0.0000000 0.0000000
vn 1.0000000 0.0000000 0.0000000
vn 1.0000000 0.0000000 0.0000000
vn 1.0000000 0.0000000 0.0000000
vn -1.0000000 0.0000000 0.0000000
vn -1.0000000 0.0000000 0.0000000
vn -1.0000000 0.0000000 0.0000000
vn -1.0000000 0.0000000 0.0000000
vn -1.0000000 0.0000000 0.0000000
vn -1.0000000 0.0000000 0.0000000
vn 0.0000000 0.0000000 1.0000000
vn 0.0000000 0.0000000 1.0000000
vn 0.0000000 0.0000000 1.0000000
vn 0.0000000 0.0000000 1.0000000
vn 0.0000000 0.0000000 1.0000000
vn 0.0000000 0.0000000 1.0000000
vn 0.0000000 0.0000000 -1.0000000
vn 0.0000000 0.0000000 -1.0000000
vn 0.0000000 0.0000000 -1.0000000
vn 0.0000000 0.0000000 -1.0000000
vn 0.0000000 0.0000000 -1.0000000
vn 0.0000000 0.0000000 -1.0000000
vn 0.0000000 0.9999999 0.0000000
vn 0.0000000 0.9999999 0.0000000
vn 0.0000000 0.9999999 0.0000000
vn 0.0000000 0.9999999 0.0000000
vn 0.0000000 0.9999999 0.0000000
vn 0.0000000 0.9999999 0.0000000
vn 0.0000000 -0.9999999 0.0000000
vn 0.0000000 -0.9999999 0.0000000
vn 0.0000000 -0.9999999 0.0000000
vn 0.0000000 -0.9999999 0.0000000
vn 0.0000000 -0.9999999 0.0000000
vn 0.0000000 -0.9999999 0.0000000
vn 1.0000000 0.0000000 0.0000000
vn 1.0000000 0.0000000 0.0000000
vn 1.0000000 0.0000000 0.0000000
vn 1.0000000 0.0000000 0.0000000
vn 1.0000000 0.0000000 0.0000000
vn 1.0000000 0.0000000 0.0000000
vn -1.0000000 0.0000000 0.0000000
vn -1.0000000 0.0000000 0.0000000
vn -1.0000000 0.0000000 0.0000000
vn -1.0000000 0.0000000 0.0000000
vn -1.0000000 0.0000000 0.0000000
vn -1.0000000 0.0000000 0.0000000
vn 0.0000000 0.0000000 1.0000000
vn 0.0000000 0.0000000 1.0000000
vn 0.0000000 0.0000000 1.0000000
vn 0.0000000 0.0000000 1.0000000
vn 0.0000000 0.0000000 1.0000000
vn 0.0000000 0.0000000 1.0000000
vn 0.0000000 0.0000000 -1.0000000
vn 0.0000000 0.0000000 -1.0000000
vn 0.0000000 0.0000000 -1.0000000
vn 0.0000000 0.0000000 -1.0000000
vn 0.0000000 0.0000000 -1.0000000
vn 0.0000000 0.0000000 -1.0000000
vn 0.0000000 0.9999999 0.0000000
vn 0.0000000 0.9999999 0.0000000
vn 0.0000000 0.9999999 0.0000000
vn 0.0000000 0.9999999 0.0000000
vn 0.0000000 0.9999999 0.0000000
vn 0.0000000 0.9999999 0.0000000
vn 0.0000000 -0.9999999 0.0000000
vn 0.0000000 -0.9999999 0.0000000
vn 0.0000000 -0.9999999 0.0000000
vn 0.0000000 -0.9999999 0.0000000
vn 0.0000000 -0.9999999 0.0000000
vn 0.0000000 -0.9999999 0.0000000
vn 0.9999999 0.0000000 0.0000000
vn 0.9999999 0.0000000 0.0000000
vn 0.9999999 0.0000000 0.0000000
vn 0.9999999 0.0000000 0.0000000
vn 0.9999999 0.0000000 0.0000000
vn 0.9999999 0.0000000 0.0000000
vn -0.9999999 0.0000000 0.0000000
vn -0.9999999 0.0000000 0.0000000
vn -0.9999999 0.0000000 0.0000000
vn -0.9999999 0.0000000 0.0000000
vn -0.9999999 0.0000000 0.0000000
vn -0.9999999 0.0000000 0.0000000
vn 0.0000000 0.0000000 1.0000000
vn 0.0000000 0.0000000 1.0000000
vn 0.0000000 0.0000000 1.0000000
vn 0.0000000 0.0000000 1.0000000
vn 0.0000000 0.0000000 1.0000000
vn 0.0000000 0.0000000 1.0000000
vn 0.0000000 0.0000000 -1.0000000
vn 0.0000000 0.0000000 -1.0000000
vn 0.0000000 0.0000000 -1.0000000
vn 0.0000000 0.0000000 -1.0000000
vn 0.0000000 0.0000000 -1.0000000
vn 0.0000000 0.0000000 -1.0000000
vn 0.0000000 0.9999999 0.0000000
vn 0.0000000 0.9999999 0.0000000
vn 0.0000000 0.9999999 0.0000000
vn 0.0000000 0.9999999 0.0000000
vn 0.0000000 0.9999999 0.0000000
vn 0.0000000 0.9999999 0.0000000
vn 0.0000000 -0.9999999 0.0000000
vn 0.0000000 -0.9999999 0.0000000
vn 0.0000000 -0.9999999 0.0000000
vn 0.0000000 -0.9999999 0.0000000
vn 0.0000000 -0.9999999 0.0000000
vn 0.0000000 -0.9999999 0.0000000
vn 0.9999999 0.0000000 0.0000000
vn 0.9999999 0.0000000 0.0000000
vn 0.9999999 0.0000000 0.0000000
vn 0.9999999 0.0000000 0.0000000
vn 0.9999999 0.0000000 0.0000000
vn 0.9999999 0.0000000 0.0000000
vn -0.9999999 0.0000000 0.0000000
vn -0.9999999 0.0000000 0.0000000
vn -0.9999999 0.0000000 0.0000000
vn -0.9999999 0.0000000 0.0000000
vn -0.9999999 0.0000000 0.0000000
vn -0.9999999 0.0000000 0.0000000
vn 0.0000000 0.0000000 1.0000000
vn 0.0000000 0.0000000 1.0000000
vn 0.0000000 0.0000000 1.0000000
vn 0.0000000 0.0000000 1.0000000
vn 0.0000000 0.0000000 1.0000000
vn 0.0000000 0.0000000 1.0000000
vn 0.0000000 0.0000000 -1.0000000
vn 0.0000000 0.0000000 -1.0000000
vn 0.0000000 0.0000000 -1.0000000
vn 0.0000000 0.0000000 -1.0000000
vn 0.0000000 0.0000000 -1.0000000
vn 0.0000000 0.0000000 -1.0000000
vn 0.0000000 1.0000000 0.0000000
vn 0.0000000 1.0000000 0.0000000
vn 0.0000000 1.0000000 0.0000000
vn 0.0000000 1.0000000 0.0000000
vn 0.0000000 1.0000000 0.0000000
vn 0.0000000 1.0000000 0.0000000
vn 0.0000000 -1.0000000 0.0000000
vn 0.0000000 -1.0000000 0.0000000
vn 0.0000000 -1.0000000 0.0000000
vn 0.0000000 -1.0000000 0.0000000
vn 0.0000000 -1.0000000 0.0000000
vn 0.0000000 -1.0000000 0.0000000
vn 1.0000000 0.0000000 0.0000000
vn 1.0000000 0.0000000 0.0000000
vn 1.0000000 0.0000000 0.0000000
vn 1.0000000 0.0000000 0.0000000
vn 1.0000000 0.0000000 0.0000000
vn 1.0000000 0.0000000 0.0000000
vn -1.0000000 0.0000000 0.0000000
vn -1.0000000 0.0000000 0.0000000
vn -1.0000000 0.0000000 0.0000000
vn -1.0000000 0.0000000 0.0000000
vn -1.0000000 0.0000000 0.0000000
vn -1.0000000 0.0000000 0.0000000
vn 0.0000000 0.0000000 1.0000000
vn 0.0000000 0.0000000 1.0000000
vn 0.0000000 0.0000000 1.0000000
vn 0.0000000 0.0000000 1.0000000
vn 0.0000000 0.0000000 1.0000000
vn 0.0000000 0.0000000 1.0000000
vn 0.0000000 0.0000000 -1.0000000
vn 0.0000000 0.0000000 -1.0000000
vn 0.0000000 0.0000000 -1.0000000
vn 0.0000000 0.0000000 -1.0000000
vn 0.0000000 0.0000000 -1.0000000
vn 0.0000000 0.0000000 -1.0000000
vn 0.0000000 0.9999999 0.0000000
vn 0.0000000 0.9999999 0.0000000
vn 0.0000000 0.9999999 0.0000000
vn 0.0000000 0.9999999 0.0000000
vn 0.0000000 0.9999999 0.0000000
vn 0.0000000 0.9999999 0.0000000
vn 0.0000000 -0.9999999 0.0000000
vn 0.0000000 -0.9999999 0.0000000
vn 0.0000000 -0.9999999 0.0000000
vn 0.0000000 -0.9999999 0.0000000
vn 0.0000000 -0.9999999 0.0000000
vn 0.0000000 -0.9999999 0.0000000
vn 0.9999999 0.0000000 0.0000000
vn 0.9999999 0.0000000 0.0000000
vn 0.9999999 0.0000000 0.0000000
vn 0.9999999 0.0000000 0.0000000
vn 0.9999999 0.0000000 0.0000000
vn 0.9999999 0.0000000 0.0000000
vn -0.9999999 0.0000000 0.0000000
vn -0.9999999 0.0000000 0.0000000
vn -0.9999999 0.0000000 0.0000000
vn -0.9999999 0.0000000 0.0000000
vn -0.9999999 0.0000000 0.0000000
vn -0.9999999 0.0000000 0.0000000
vn 0.0000000 0.0000000 1.0000000
vn 0.0000000 0.0000000 1.0000000
vn 0.0000000 0.0000000 1.0000000
vn 0.0000000 0.0000000 1.0000000
vn 0.0000000 0.0000000 1.0000000
vn 0.0000000 0.0000000 1.0000000
vn 0.0000000 0.0000000 -1.0000000
vn 0.0000000 0.0000000 -1.0000000
vn 0.0000000 0.0000000 -1.0000000
vn 0.0000000 0.0000000 -1.0000000
vn 0.0000000 0.0000000 -1.0000000
vn 0.0000000 0.0000000 -1.0000000
vn 0.0000000 0.9999999 0.0000000
vn 0.0000000 0.9999999 0.0000000
vn 0.0000000 0.9999999 0.0000000
vn 0.0000000 0.9999999 0.0000000
vn 0.0000000 0.9999999 0.0000000
vn 0.0000000 0.9999999 0.0000000
vn 0.0000000 -0.9999999 0.0000000
vn 0.0000000 -0.9999999 0.0000000
vn 0.0000000 -0.9999999 0.0000000
vn 0.0000000 -0.9999999 0.0000000
vn 0.0000000 -0.9999999 0.0000000
vn 0.0000000 -0.9999999 0.0000000
vn 1.0000000 0.0000000 0.0000000
vn 1.0000000 0.0000000 0.0000000
vn 1.0000000 0.0000000 0.0000000
vn 1.0000000 0.0000000 0.0000000
vn 1.0000000 0.0000000 0.0000000
vn 1.0000000 0.0000000 0.0000000
vn -1.0000000 0.0000000 0.0000000
vn -1.0000000 0.0000000 0.0000000
vn -1.0000000 0.0000000 0.0000000
vn -1.0000000 0.0000000 0.0000000
vn -1.0000000 0.0000000 0.0000000
vn -1.0000000 0.0000000 0.0000000
vn 0.0000000 0.0000000 1.0000000
vn 0.0000000 0.0000000 1.0000000
vn 0.0000000 0.0000000 1.0000000
vn 0.0000000 0.0000000 1.0000000
vn 0.0000000 0.0000000 1.0000000
vn 0.0000000 0.0000000 1.0000000
vn 0.0000000 0.0000000 -1.0000000
vn 0.0000000 0.0000000 -1.0000000
vn 0.0000000 0.0000000 -1.0000000
vn 0.0000000 0.0000000 -1.0000000
vn 0.0000000 0.0000000 -1.0000000
vn 0.0000000 0.0000000 -1.0000000
vn 0.0000000 1.0000000 0.0000000
vn 0.0000000 1.0000000 0.0000000
vn 0.0000000 1.0000000 0.0000000
vn 0.0000000 1.0000000 0.0000000
vn 0.0000000 1.0000000 0.0000000
vn 0.0000000 1.0000000 0.0000000
vn 0.0000000 -1.0000000 0.0000000
vn 0.0000000 -1.0000000 0.0000000
vn 0.0000000 -1.0000000 0.0000000
vn 0.0000000 -1.0000000 0.0000000
vn 0.0000000 -1.0000000 0.0000000
vn 0.0000000 -1.0000000 0.0000000
vn 1.0000000 0.0000000 0.0000000
vn 1.0000000 0.0000000 0.0000000
vn 1.0000000 0.0000000 0.0000000
vn 1.0000000 0.0000000 0.0000000
vn 1.0000000 0.0000000 0.0000000
vn 1.0000000 0.0000000 0.0000000
vn -1.0000000 0.0000000 0.0000000
vn -1.0000000 0.0000000 0.0000000
vn -1.0000000 0.0000000 0.0000000
vn -1.0000000 0.0000000 0.0000000
vn -1.0000000 0.0000000 0.0000000
vn -1.0000000 0.0000000 0.0000000
vn 0.0000000 0.0000000 1.0000000
vn 0.0000000 0.0000000 1.0000000
vn 0.0000000 0.0000000 1.0000000
vn 0.0000000 0.0000000 1.0000000
vn 0.0000000 0.0000000 1.0000000
vn 0.0000000 0.0000000 1.0000000
vn 0.0000000 0.0000000 -1.0000000
vn 0.0000000 0.0000000 -1.0000000
vn 0.0000000 0.0000000 -1.0000000
vn 0.0000000 0.0000000 -1.0000000
vn 0.0000000 0.0000000 -1.0000000
vn 0.0000000 0.0000000 -1.0000000
vn 0.0000000 0.9999999 0.0000000
vn 0.0000000 0.9999999 0.0000000
vn 0.0000000 0.9999999 0.0000000
vn 0.0000000 0.9999999 0.0000000
vn 0.0000000 0.9999999 0.0000000
vn 0.0000000 0.9999999 0.0000000
vn 0.0000000 -0.9999999 0.0000000
vn 0.0000000 -0.9999999 0.0000000
vn 0.0000000 -0.9999999 0.0000000
vn 0.0000000 -0.9999999 0.0000000
vn 0.0000000 -0.9999999 0.0000000
vn 0.0000000 -0.9999999 0.0000000
vn 1.0000000 0.0000000 0.0000000
vn 1.0000000 0.0000000 0.0000000
vn 1.0000000 0.0000000 0.0000000
vn 1.0000000 0.0000000 0.0000000
vn 1.0000000 0.0000000 0.0000000
vn 1.0000000 0.0000000 0.0000000
vn -1.0000000 0.0000000 0.0000000
vn -1.0000000 0.0000000 0.0000000
vn -1.0000000 0.0000000 0.0000000
vn -1.0000000 0.0000000 0.0000000
vn -1.0000000 0.0000000 0.0000000
vn -1.0000000 0.0000000 0.0000000
vn 0.0000000 0.0000000 1.0000000
vn 0.0000000 0.0000000 1.0000000
vn 0.0000000 0.0000000 1.0000000
vn 0.0000000 0.0000000 1.0000000
vn 0.0000000 0.0000000 1.0000000
vn 0.0000000 0.0000000 1.0000000
vn 0.0000000 0.0000000 -1.0000000
vn 0.0000000 0.0000000 -1.0000000
vn 0.0000000 0.0000000 -1.0000000
vn 0.0000000 0.0000000 -1.0000000
vn 0.0000000 0.0000000 -1.0000000
vn 0.0000000 0.0000000 -1.0000000
vn 0.0000000 0.9999999 0.0000000
vn 0.0000000 0.9999999 0.0000000
vn 0.0000000 0.9999999 0.0000000
vn 0.0000000 0.9999999 0.0000000
vn 0.0000000 0.9999999 0.0000000
vn 0.0000000 0.9999999 0.0000000
vn 0.0000000 -0.9999999 0.0000000
vn 0.0000000 -0.9999999 0.0000000
vn 0.0000000 -0.9999999 0.0000000
vn 0.0000000 -0.9999999 0.0000000
vn 0.0000000 -0.9999999 0.0000000
vn 0.0000000 -0.9999999 0.0000000
vn 0.9999999 0.0000000 0.0000000
vn 0.9999999 0.0000000 0.0000000
vn 0.9999999 0.0000000 0.0000000
vn 0.9999999 0.0000000 0.0000000
vn 0.9999999 0.0000000 0.0000000
vn 0.9999999 0.0000000 0.0000000
vn -0.9999999 0.0000000 0.0000000
vn -0.9999999 0.0000000 0.0000000
vn -0.9999999 0.0000000 0.0000000
vn -0.9999999 0.0000000 0.0000000
vn -0.9999999 0.0000000 0.0000000
vn -0.9999999 0.0000000 0.0000000
vn 0.0000000 0.0000000 1.0000000
vn 0.0000000 0.0000000 1.0000000
vn 0.0000000 0.0000000 1.0000000
vn 0.0000000 0.0000000 1.0000000
vn 0.0000000 0.0000000 1.0000000
vn 0.0000000 0.0000000 1.0000000
vn 0.0000000 0.0000000 -1.0000000
vn 0.0000000 0.0000000 -1.0000000
vn 0.0000000 0.0000000 -1.0000000
vn 0.0000000 0.0000000 -1.0000000
vn 0.0000000 0.0000000 -1.0000000
vn 0.0000000 0.0000000 -1.0000000
vn 0.0000000 0.9999999 0.0000000
vn 0.0000000 0.9999999 0.0000000
vn 0.0000000 0.9999999 0.0000000
vn 0.0000000 0.9999999 0.0000000
vn 0.0000000 0.9999999 0.0000000
vn 0.0000000 0.9999999 0.0000000
vn 0.0000000 -0.9999999 0.0000000
vn 0.0000000 -0.9999999 0.0000000
vn 0.0000000 -0.9999999 0.0000000
vn 0.0000000 -0.9999999 0.0000000
vn 0.0000000 -0.9999999 0.0000000
vn 0.0000000 -0.9999999 0.0000000
vn 1.0000000 0.0000000 0.0000000
vn 1.0000000 0.0000000 0.0000000
vn 1.0000000 0.0000000 0.0000000
vn 1.0000000 0.0000000 0.0000000
vn 1.0000000 0.0000000 0.0000000
vn 1.0000000 0.0000000 0.0000000
vn -1.0000000 0.0000000 0.0000000
vn -1.0000000 0.0000000 0.0000000
vn -1.0000000 0.0000000 0.0000000
vn -1.0000000 0.0000000 0.0000000
vn -1.0000000 0.0000000 0.0000000
vn -1.0000000 0.0000000 0.0000000
vn 0.0000000 0.0000000 1.0000000
vn 0.0000000 0.0000000 1.0000000
vn 0.0000000 0.0000000 1.0000000
vn 0.0000000 0.0000000 1.0000000
vn 0.0000000 0.0000000 1.0000000
vn 0.0000000 0.0000000 1.0000000
vn 0.0000000 0.0000000 -1.0000000
vn 0.0000000 0.0000000 -1.0000000
vn 0.0000000 0.0000000 -1.0000000
vn 0.0000000 0.0000000 -1.0000000
vn 0.0000000 0.0000000 -1.0000000
vn 0.0000000 0.0000000 -1.0000000
vn 0.0000000 1.0000000 0.0000000
vn 0.0000000 1.0000000 0.0000000
vn 0.0000000 1.0000000 0.0000000
vn 0.0000000 1.0000000 0.0000000
vn 0.0000000 1.0000000 0.0000000
vn 0.0000000 1.0000000 0.0000000
vn 0.0000000 -1.0000000 0.0000000
vn 0.0000000 -1.0000000 0.0000000
vn 0.0000000 -1.0000000 0.0000000
vn 0.0000000 -1.0000000 0.0000000
vn 0.0000000 -1.0000000 0.0000000
vn 0.0000000 -1.0000000 0.0000000
vn 1.0000000 0.0000000 0.0000000
vn 1.0000000 0.0000000 0.0000000
vn 1.0000000 0.0000000 0.0000000
vn 1.0000000 0.0000000 0.0000000
vn 1.0000000 0.0000000 0.0000000
vn 1.0000000 0.0000000 0.0000000
vn -1.0000000 0.0000000 0.0000000
vn -1.0000000 0.0000000 0.0000000
vn -1.0000000 0.0000000 0.0000000
vn -1.0000000 0.0000000 0.0000000
vn -1.0000000 0.0000000 0.0000000
vn -1.0000000 0.0000000 0.0000000
vn 0.0000000 0.0000000 1.0000000
vn 0.0000000 0.0000000 1.0000000
vn 0.0000000 0.0000000 1.0000000
vn 0.0000000 0.0000000 1.0000000
vn 0.0000000 0.0000000 1.0000000
vn 0.0000000 0.0000000 1.0000000
vn 0.0000000 0.0000000 -1.0000000
vn 0.0000000 0.0000000 -1.0000000
vn 0.0000000 0.0000000 -1.0000000
vn 0.0000000 0.0000000 -1.0000000
vn 0.0000000 0.0000000 -1.0000000
vn 0.0000000 0.0000000 -1.0000000
vn 0.0000000 0.9999999 0.0000000
vn 0.0000000 0.9999999 0.0000000
vn 0.0000000 0.9999999 0.0000000
vn 0.0000000 0.9999999 0.0000000
vn 0.0000000 0.9999999 0.0000000
vn 0.0000000 0.9999999 0.0000000
vn 0.0000000 -0.9999999 0.0000000
vn 0.0000000 -0.9999999 0.0000000
vn 0.0000000 -0.9999999 0.0000000
vn 0.0000000 -0.9999999 0.0000000
vn 0.0000000 -0.9999999 0.0000000
vn 0.0000000 -0.9999999 0.0000000
vn 1.0000000 0.0000000 0.0000000
vn 1.0000000 0.0000000 0.0000000
vn 1.0000000 0.0000000 0.0000000
vn 1.0000000 0.0000000 0.0000000
vn 1.0000000 0.0000000 0.0000000
vn 1.0000000 0.0000000 0.0000000
vn -1.0000000 0.0000000 0.0000000
vn -1.0000000 0.0000000 0.0000000
vn -1.0000000 0.0000000 0.0000000
vn -1.0000000 0.0000000 0.0000000
vn -1.0000000 0.0000000 0.0000000
vn -1.0000000 0.0000000 0.0000000
vn 0.0000000 0.0000000 1.0000000
vn 0.0000000 0.0000000 1.0000000
vn 0.0000000 0.0000000 1.0000000
vn 0.0000000 0.0000000 1.0000000
vn 0.0000000 0.0000000 1.0000000
vn 0.0000000 0.0000000 1.0000000
vn 0.0000000 0.0000000 -1.0000000
vn 0.0000000 0.0000000 -1.0000000
vn 0.0000000 0.0000000 -1.0000000
vn 0.0000000 0.0000000 -1.0000000
vn 0.0000000 0.0000000 -1.0000000
vn 0.0000000 0.0000000 -1.0000000
vn 0.0000000 0.9999999 0.0000000
vn 0.0000000 0.9999999 0.0000000
vn 0.0000000 0.9999999 0.0000000
vn 0.0000000 0.9999999 0.0000000
vn 0.0000000 0.9999999 0.0000000
vn 0.0000000 0.9999999 0.0000000
vn 0.0000000 -0.9999999 0.0000000
vn 0.0000000 -0.9999999 0.0000000
vn 0.0000000 -0.9999999 0.0000000
vn 0.0000000 -0.9999999 0.0000000
vn 0.0000000 -0.9999999 0.0000000
vn 0.0000000 -0.9999999 0.0000000
vn 0.9999999 0.0000000 0.0000000
vn 0.9999999 0.0000000 0.0000000
vn 0.9999999 0.0000000 0.0000000
vn 0.9999999 0.0000000 0.0000000
vn 0.9999999 0.0000000 0.0000000
vn 0.9999999 0.0000000 0.0000000
vn -0.9999999 0.0000000 0.0000000
vn -0.9999999 0.0000000 0.0000000
vn -0.9999999 0.0000000 0.0000000
vn -0.9999999 0.0000000 0.0000000
vn -0.9999999 0.0000000 0.0000000
vn -0.9999999 0.0000000 0.0000000
vn 0.0000000 0.0000000 1.0000000
vn 0.0000000 0.0000000 1.0000000
vn 0.0000000 0.0000000 1.0000000
vn 0.0000000 0.0000000 1.0000000
vn 0.0000000 0.0000000 1.0000000
vn 0.0000000 0.0000000 1.0000000
vn 0.0000000 0.0000000 -1.0000000
vn 0.0000000 0.0000000 -1.0000000
vn 0.0000000 0.0000000 -1.0000000
vn 0.0000000 0.0000000 -1.0000000
vn 0.0000000 0.0000000 -1.0000000
vn 0.0000000 0.0000000 -1.0000000
vn 0.0000000 0.9999999 0.0000000
vn 0.0000000 0.9999999 0.0000000
vn 0.0000000 0.9999999 0.0000000
vn 0.0000000 0.9999999 0.0000000
vn 0.0000000 0.9999999 0.0000000
vn 0.0000000 0.9999999 0.0000000
vn 0.0000000 -0.9999999 0.0000000
vn 0.0000000 -0.9999999 0.0000000
vn 0.0000000 -0.9999999 0.0000000
vn 0.0000000 -0.9999999 0.0000000
vn 0.0000000 -0.9999999 0.0000000
vn 0.0000000 -0.9999999 0.0000000
vn 0.9999999 0.0000000 0.0000000
vn 0.9999999 0.0000000 0.0000000
vn 0.9999999 0.0000000 0.0000000
vn 0.9999999 0.0000000 0.0000000
vn 0.9999999 0.0000000 0.0000000
vn 0.9999999 0.0000000 0.0000000
vn -0.9999999 0.0000000 0.0000000
vn -0.9999999 0.0000000 0.0000000
vn -0.9999999 0.0000000 0.0000000
vn -0.9999999 0.0000000 0.0000000
vn -0.9999999 0.0000000 0.0000000
vn -0.9999999 0.0000000 0.0000000
vn 0.0000000 0.0000000 1.0000000
vn 0.0000000 0.0000000 1.0000000
vn 0.0000000 0.0000000 1.0000000
vn 0.0000000 0.0000000 1.0000000
vn 0.0000000 0.0000000 1.0000000
vn 0.0000000 0.0000000 1.0000000
vn 0.0000000 0.0000000 -1.0000000
vn 0.0000000 0.0000000 -1.0000000
vn 0.0000000 0.0000000 -1.0000000
vn 0.0000000 0.0000000 -1.0000000
vn 0.0000000 0.0000000 -1.0000000
vn 0.0000000 0.0000000 -1.0000000
vn 0.0000000 0.9999999 0.0000000
vn 0.0000000 0.9999999 0.0000000
vn 0.0000000 0.9999999 0.0000000
vn 0.0000000 0.9999999 0.0000000
vn 0.0000000 0.9999999 0.0000000
vn 0.0000000 0.9999999 0.0000000
vn 0.0000000 -0.9999999 0.0000000
vn 0.0000000 -0.9999999 0.0000000
vn 0.0000000 -0.9999999 0.0000000
vn 0.0000000 -0.9999999 0.0000000
vn 0.0000000 -0.9999999 0.0000000
vn 0.0000000 -0.9999999 0.0000000
vn 1.0000000 0.0000000 0.0000000
vn 1.0000000 0.0000000 0.0000000
vn 1.0000000 0.0000000 0.0000000
vn 1.0000000 0.0000000 0.0000000
vn 1.0000000 0.0000000 0.0000000
vn 1.0000000 0.0000000 0.0000000
vn -1.0000000 0.0000000 0.0000000
vn -1.0000000 0.0000000 0.0000000
vn -1.0000000 0.0000000 0.0000000
vn -1.0000000 0.0000000 0.0000000
vn -1.0000000 0.0000000 0.0000000
vn -1.0000000 0.0000000 0.0000000
vn 0.0000000 0.0000000 1.0000000
vn 0.0000000 0.0000000 1.0000000
vn 0.0000000 0.0000000 1.0000000
vn 0.0000000 0.0000000 1.0000000
vn 0.0000000 0.0000000 1.0000000
vn 0.0000000 0.0000000 1.0000000
vn 0.0000000 0.0000000 -1.0000000
vn 0.0000000 0.0000000 -1.0000000
vn 0.0000000 0.0000000 -1.0000000
vn 0.0000000 0.0000000 -1.0000000
vn 0.0000000 0.0000000 -1.0000000
vn 0.0000000 0.0000000 -1.0000000
vn 0.0000000 0.9999999 0.0000000
vn 0.0000000 0.9999999 0.0000000
vn 0.0000000 0.9999999 0.0000000
vn 0.0000000 0.9999999 0.0000000
vn 0.0000000 0.9999999 0.0000000
vn 0.0000000 0.9999999 0.0000000
vn 0.0000000 -0.9999999 0.0000000
vn 0.0000000 -0.9999999 0.0000000
vn 0.0000000 -0.9999999 0.0000000
vn 0.0000000 -0.9999999 0.0000000
vn 0.0000000 -0.9999999 0.0000000
vn 0.0000000 -0.9999999 0.0000000
vn 0.9999999 0.0000000 0.0000000
vn 0.9999999 0.0000000 0.0000000
vn 0.9999999 0.0000000 0.0000000
vn 0.9999999 0.0000000 0.0000000
vn 0.9999999 0.0000000 0.0000000
vn 0.9999999 0.0000000 0.0000000
vn -0.9999999 0.0000000 0.0000000
vn -0.9999999 0.0000000 0.0000000
vn -0.9999999 0.0000000 0.0000000
vn -0.9999999 0.0000000 0.0000000
vn -0.9999999 0.0000000 0.0000000
vn -0.9999999 0.0000000 0.0000000
vn 0.0000000 0.0000000 1.0000000
vn 0.0000000 0.0000000 1.0000000
vn 0.0000000 0.0000000 1.0000000
vn 0.0000000 0.0000000 1.0000000
vn 0.0000000 0.0000000 1.0000000
vn 0.0000000 0.0000000 1.0000000
vn 0.0000000 0.0000000 -1.0000000
vn 0.0000000 0.0000000 -1.0000000
vn 0.0000000 0.0000000 -1.0000000
vn 0.0000000 0.0000000 -1.0000000
vn 0.0000000 0.0000000 -1.0000000
vn 0.0000000 0.0000000 -1.0000000
vn 0.0000000 0.9999999 0.0000000
vn 0.0000000 0.9999999 0.0000000
vn 0.0000000 0.9999999 0.0000000
vn 0.0000000 0.9999999 0.0000000
vn 0.0000000 0.9999999 0.0000000
vn 0.0000000 0.9999999 0.0000000
vn 0.0000000 -0.9999999 0.0000000
vn 0.0000000 -0.9999999 0.0000000
vn 0.0000000 -0.9999999 0.0000000
vn 0.0000000 -0.9999999 0.0000000
vn 0.0000000 -0.9999999 0.0000000
vn 0.0000000 -0.9999999 0.0000000
vn 0.9999999 0.0000000 0.0000000
vn 0.9999999 0.0000000 0.0000000
vn 0.9999999 0.0000000 0.0000000
vn 0.9999999 0.0000000 0.0000000
vn 0.9999999 0.0000000 0.0000000
vn 0.9999999 0.0000000 0.0000000
vn -0.9999999 0.0000000 0.0000000
vn -0.9999999 0.0000000 0.0000000
vn -0.9999999 0.0000000 0.0000000
vn -0.9999999 0.0000000 0.0000000
vn -0.9999999 0.0000000 0.0000000
vn -0.9999999 0.0000000 0.0000000
vn 0.0000000 0.0000000 1.0000000
vn 0.0000000 0.0000000 1.0000000
vn 0.0000000 0.0000000 1.0000000
vn 0.0000000 0.0000000 1.0000000
vn 0.0000000 0.0000000 1.0000000
vn 0.0000000 0.0000000 1.0000000
vn 0.0000000 0.0000000 -1.0000000
vn 0.0000000 0.0000000 -1.0000000
vn 0.0000000 0.0000000 -1.0000000
vn 0.0000000 0.0000000 -1.0000000
vn 0.0000000 0.0000000 -1.0000000
vn 0.0000000 0.0000000 -1.0000000
vn 0.0000000 0.9999999 0.0000000
vn 0.0000000 0.9999999 0.0000000
vn 0.0000000 0.9999999 0.0000000
vn 0.0000000 0.9999999 0.0000000
vn 0.0000000 0.9999999 0.0000000
vn 0.0000000 0.9999999 0.0000000
vn 0.0000000 -0.9999999 0.0000000
vn 0.0000000 -0.9999999 0.0000000
vn 0.0000000 -0.9999999 0.0000000
vn 0.0000000 -0.9999999 0.0000000
vn 0.0000000 -0.9999999 0.0000000
vn 0.0000000 -0.9999999 0.0000000
vn 0.9999999 0.0000000 0.0000000
vn 0.9999999 0.0000000 0.0000000
vn 0.9999999 0.0000000 0.0000000
vn 0.9999999 0.0000000 0.0000000
vn 0.9999999 0.0000000 0.0000000
vn 0.9999999 0.0000000 0.0000000
vn -0.9999999 0.0000000 0.0000000
vn -0.9999999 0.0000000 0.0000000
vn -0.9999999 0.0000000 0.0000000
vn -0.9999999 0.0000000 0.0000000
vn -0.9999999 0.0000000 0.0000000
vn -0.9999999 0.0000000 0.0000000
vn 0.0000000 0.0000000 1.0000000
vn 0.0000000 0.0000000 1.0000000
vn 0.0000000 0.0000000 1.0000000
vn 0.0000000 0.0000000 1.0000000
vn 0.0000000 0.0000000 1.0000000
vn 0.0000000 0.0000000 1.0000000
vn 0.0000000 0.0000000 -1.0000000
vn 0.0000000 0.0000000 -1.0000000
vn 0.0000000 0.0000000 -1.0000000
vn 0.0000000 0.0000000 -1.0000000
vn 0.0000000 0.0000000 -1.0000000
vn 0.0000000 0.0000000 -1.0000000
vn 0.0000000 0.9999999 0.0000000
vn 0.0000000 0.9999999 0.0000000
vn 0.0000000 0.9999999 0.0000000
vn 0.0000000 0.9999999 0.0000000
vn 0.0000000 0.9999999 0.0000000
vn 0.0000000 0.9999999 0.0000000
vn 0.0000000 -0.9999999 0.0000000
vn 0.0000000 -0.9999999 0.0000000
vn 0.0000000 -0.9999999 0.0000000
vn 0.0000000 -0.9999999 0.0000000
vn 0.0000000 -0.9999999 0.0000000
vn 0.0000000 -0.9999999 0.0000000
vn 1.0000000 0.0000000 0.0000000
vn 1.0000000 0.0000000 0.0000000
vn 1.0000000 0.0000000 0.0000000
vn 1.0000000 0.0000000 0.0000000
vn 1.0000000 0.0000000 0.0000000
vn 1.0000000 0.0000000 0.0000000
vn -1.0000000 0.0000000 0.0000000
vn -1.0000000 0.0000000 0.0000000
vn -1.0000000 0.0000000 0.0000000
vn -1.0000000 0.0000000 0.0000000
vn -1.0000000 0.0000000 0.0000000
vn -1.0000000 0.0000000 0.0000000
vn 0.0000000 0.0000000 1.0000000
vn 0.0000000 0.0000000 1.0000000
vn 0.0000000 0.0000000 1.0000000
vn 0.0000000 0.0000000 1.0000000
vn 0.0000000 0.0000000 1.0000000
vn 0.0000000 0.0000000 1.0000000
vn 0.0000000 0.0000000 -1.0000000
vn 0.0000000 0.0000000 -1.0000000
vn 0.0000000 0.0000000 -1.0000000
vn 0.0000000 0.0000000 -1.0000000
vn 0.0000000 0.0000000 -1.0000000
vn 0.0000000 0.0000000 -1.0000000
vn 0.0000000 0.9999999 0.0000000
vn 0.0000000 0.9999999 0.0000000
vn 0.0000000 0.9999999 0.0000000
vn 0.0000000 0.9999999 0.0000000
vn 0.0000000 0.9999999 0.0000000
vn 0.0000000 0.9999999 0.0000000
vn 0.0000000 -0.9999999 0.0000000
vn 0.0000000 -0.9999999 0.0000000
vn 0.0000000 -0.9999999 0.0000000
vn 0.0000000 -0.9999999 0.0000000
vn 0.0000000 -0.9999999 0.0000000
vn 0.0000000 -0.9999999 0.0000000
vn 1.0000000 0.0000000 0.0000000
vn 1.0000000 0.0000000 0.0000000
vn 1.0000000 0.0000000 0.0000000
vn 1.0000000 0.0000000 0.0000000
vn 1.0000000 0.0000000 0.0000000
vn 1.0000000 0.0000000 0.0000000
vn -1.0000000 0.0000000 0.0000000
vn -1.0000000 0.0000000 0.0000000
vn -1.0000000 0.0000000 0.0000000
vn -1.0000000 0.0000000 0.0000000
vn -1.0000000 0.0000000 0.0000000
vn -1.0000000 0.0000000 0.0000000
vn 0.0000000 0.0000000 1.0000000
vn 0.0000000 0.0000000 1.0000000
vn 0.0000000 0.0000000 1.0000000
vn 0.0000000 0.0000000 1.0000000
vn 0.0000000 0.0000000 1.0000000
vn 0.0000000 0.0000000 1.0000000
vn 0.0000000 0.0000000 -1.0000000
vn 0.0000000 0.0000000 -1.0000000
vn 0.0000000 0.0000000 -1.0000000
vn 0.0000000 0.0000000 -1.0000000
vn 0.0000000 0.0000000 -1.0000000
vn 0.0000000 0.0000000 -1.0000000
vn 0.0000000 0.9999999 0.0000000
vn 0.0000000 0.9999999 0.0000000
vn 0.0000000 0.9999999 0.0000000
vn 0.0000000 0.9999999 0.0000000
vn 0.0000000 0.9999999 0.0000000
vn 0.0000000 0.9999999 0.0000000
vn 0.0000000 -0.9999999 0.0000000
vn 0.0000000 -0.9999999 0.0000000
vn 0.0000000 -0.9999999 0.0000000
vn 0.0000000 -0.9999999 0.0000000
vn 0.0000000 -0.9999999 0.0000000
vn 0.0000000 -0.9999999 0.0000000
vn 1.0000000 0.0000000 0.0000000
vn 1.0000000 0.0000000 0.0000000
vn 1.0000000 0.0000000 0.0000000
vn 1.0000000 0.0000000 0.0000000
vn 1.0000000 0.0000000 0.0000000
vn 1.0000000 0.0000000 0.0000000
vn -1.0000000 0.0000000 0.0000000
vn -1.0000000 0.0000000 0.0000000
vn -1.0000000 0.0000000 0.0000000
vn -1.0000000 0.0000000 0.0000000
vn -1.0000000 0.0000000 0.0000000
vn -1.0000000 0.0000000 0.0000000
vn 0.0000000 0.0000000 1.0000000
vn 0.0000000 0.0000000 1.0000000
vn 0.0000000 0.0000000 1.0000000
vn 0.0000000 0.0000000 1.0000000
vn 0.0000000 0.0000000 1.0000000
vn 0.0000000 0.0000000 1.0000000
vn 0.0000000 0.0000000 -1.0000000
vn 0.0000000 0.0000000 -1.0000000
vn 0.0000000 0.0000000 -1.0000000
vn 0.0000000 0.0000000 -1.0000000
vn 0.0000000 0.0000000 -1.0000000
vn 0.0000000 0.0000000 -1.0000000
vn 0.0000000 0.9999999 0.0000000
vn 0.0000000 0.9999999 0.0000000
vn 0.0000000 0.9999999 0.0000000
vn 0.0000000 0.9999999 0.0000000
vn 0.0000000 0.9999999 0.0000000
vn 0.0000000 0.9999999 0.0000000
vn 0.0000000 -0.9999999 0.0000000
vn 0.0000000 -0.9999999 0.0000000
vn 0.0000000 -0.9999999 0.0000000
vn 0.0000000 -0.9999999 0.0000000
vn 0.0000000 -0.9999999 0.0000000
vn 0.0000000 -0.9999999 0.0000000
vn 0.9999999 0.0000000 0.0000000
vn 0.9999999 0.0000000 0.0000000
vn 0.9999999 0.0000000 0.0000000
vn 0.9999999 0.0000000 0.0000000
vn 0.9999999 0.0000000 0.0000000
vn 0.9999999 0.0000000 0.0000000
vn -0.9999999 0.0000000 0.0000000
vn -0.9999999 0.0000000 0.0000000
vn -0.9999999 0.0000000 0.0000000
vn -0.9999999 0.0000000 0.0000000
vn -0.9999999 0.0000000 0.0000000
vn -0.9999999 0.0000000 0.0000000
vn 0.0000000 0.0000000 1.0000000
vn 0.0000000 0.0000000 1.0000000
vn 0.0000000 0.0000000 1.0000000
vn 0.0000000 0.0000000 1.0000000
vn 0.0000000 0.0000000 1.0000000
vn 0.0000000 0.0000000 1.0000000
vn 0.0000000 0.0000000 -1.0000000
vn 0.0000000 0.0000000 -1.0000000
vn 0.0000000 0.0000000 -1.0000000
vn 0.0000000 0.0000000 -1.0000000
vn 0.0000000 0.0000000 -1.0000000
vn 0.0000000 0.0000000 -1.0000000
vn 0.0000000 0.9999999 0.0000000
vn 0.0000000 0.9999999 0.0000000
vn 0.0000000 0.9999999 0.0000000
vn 0.0000000 0.9999999 0.0000000
vn 0.0000000 0.9999999 0.0000000
vn 0.0000000 0.9999999 0.0000000
vn 0.0000000 -0.9999999 0.0000000
vn 0.0000000 -0.9999999 0.0000000
vn 0.0000000 -0.9999999 0.0000000
vn 0.0000000 -0.9999999 0.0000000
vn 0.0000000 -0.9999999 0.0000000
vn 0.0000000 -0.9999999 0.0000000
vn 0.9999999 0.0000000 0.0000000
vn 0.9999999 0.0000000 0.0000000
vn 0.9999999 0.0000000 0.0000000
vn 0.9999999 0.0000000 0.0000000
vn 0.9999999 0.0000000 0.0000000
vn 0.9999999 0.0000000 0.0000000
vn -0.9999999 0.0000000 0.0000000
vn -0.9999999 0.0000000 0.0000000
vn -0.9999999 0.0000000 0.0000000
vn -0.9999999 0.0000000 0.0000000
vn -0.9999999 0.0000000 0.0000000
vn -0.9999999 0.0000000 0.0000000
vn 0.0000000 0.0000000 1.0000000
vn 0.0000000 0.0000000 1.0000000
vn 0.0000000 0.0000000 1.0000000
vn 0.0000000 0.0000000 1.0000000
vn 0.0000000 0.0000000 1.0000000
vn 0.0000000 0.0000000 1.0000000
vn 0.0000000 0.0000000 -1.0000000
vn 0.0000000 0.0000000 -1.0000000
vn 0.0000000 0.0000000 -1.0000000
vn 0.0000000 0.0000000 -1.0000000
vn 0.0000000 0.0000000 -1.0000000
vn 0.0000000 0.0000000 -1.0000000
vn 0.0000000 1.0000000 0.0000000
vn 0.0000000 1.0000000 0.0000000
vn 0.0000000 1.0000000 0.0000000
vn 0.0000000 1.0000000 0.0000000
vn 0.0000000 1.0000000 0.0000000
vn 0.0000000 1.0000000 0.0000000
vn 0.0000000 -1.0000000 0.0000000
vn 0.0000000 -1.0000000 0.0000000
vn 0.0000000 -1.0000000 0.0000000
vn 0.0000000 -1.0000000 0.0000000
vn 0.0000000 -1.0000000 0.0000000
vn 0.0000000 -1.0000000 0.0000000
vn 1.0000000 0.0000000 0.0000000
vn 1.0000000 0.0000000 0.0000000
vn 1.0000000 0.0000000 0.0000000
vn 1.0000000 0.0000000 0.0000000
vn 1.0000000 0.0000000 0.0000000
vn 1.0000000 0.0000000 0.0000000
vn -1.0000000 0.0000000 0.0000000
vn -1.0000000 0.0000000 0.0000000
vn -1.0000000 0.0000000 0.0000000
vn -1.0000000 0.0000000 0.0000000
vn -1.0000000 0.0000000 0.0000000
vn -1.0000000 0.0000000 0.0000000
vn 0.0000000 0.0000000 1.0000000
vn 0.0000000 0.0000000 1.0000000
vn 0.0000000 0.0000000 1.0000000
vn 0.0000000 0.0000000 1.0000000
vn 0.0000000 0.0000000 1.0000000
vn 0.0000000 0.0000000 1.0000000
vn 0.0000000 0.0000000 -1.0000000
vn 0.0000000 0.0000000 -1.0000000
vn 0.0000000 0.0000000 -1.0000000
vn 0.0000000 0.0000000 -1.0000000
vn 0.0000000 0.0000000 -1.0000000
vn 0.0000000 0.0000000 -1.0000000
vn 0.0000000 0.9999999 0.0000000
vn 0.0000000 0.9999999 0.0000000
vn 0.0000000 0.9999999 0.0000000
vn 0.0000000 0.9999999 0.0000000
vn 0.0000000 0.9999999 0.0000000
vn 0.0000000 0.9999999 0.0000000
vn 0.0000000 -0.9999999 0.0000000
vn 0.0000000 -0.9999999 0.0000000
vn 0.0000000 -0.9999999 0.0000000
vn 0.0000000 -0.9999999 0.0000000
vn 0.0000000 -0.9999999 0.0000000
vn 0.0000000 -0.9999999 0.0000000
vn 1.0000000 0.0000000 0.0000000
vn 1.0000000 0.0000000 0.0000000
vn 1.0000000 0.0000000 0.0000000
vn 1.0000000 0.0000000 0.0000000
vn 1.0000000 0.0000000 0.0000000
vn 1.0000000 0.0000000 0.0000000
vn -1.0000000 0.0000000 0.0000000
vn -1.0000000 0.0000000 0.0000000
vn -1.0000000 0.0000000 0.0000000
vn -1.0000000 0.0000000 0.0000000
vn -1.0000000 0.0000000 0.0000000
vn -1.0000000 0.0000000 0.0000000
vn 0.0000000 0.0000000 1.0000000
vn 0.0000000 0.0000000 1.0000000
vn 0.0000000 0.0000000 1.0000000
vn 0.0000000 0.0000000 1.0000000
vn 0.0000000 0.0000000 1.0000000
vn 0.0000000 0.0000000 1.0000000
vn 0.0000000 0.0000000 -1.0000000
vn 0.0000000 0.0000000 -1.0000000
vn 0.0000000 0.0000000 -1.0000000
vn 0.0000000 0.0000000 -1.0000000
vn 0.0000000 0.0000000 -1.0000000
vn 0.0000000 0.0000000 -1.0000000
vn 0.0000000 1.0000000 0.0000000
vn 0.0000000 1.0000000 0.0000000
vn 0.0000000 1.0000000 0.0000000
vn 0.0000000 1.0000000 0.0000000
vn 0.0000000 1.0000000 0.0000000
vn 0.0000000 1.0000000 0.0000000
vn 0.0000000 -1.0000000 0.0000000
vn 0.0000000 -1.0000000 0.0000000
vn 0.0000000 -1.0000000 0.0000000
vn 0.0000000 -1.0000000 0.0000000
vn 0.0000000 -1.0000000 0.0000000
vn 0.0000000 -1.0000000 0.0000000
vn 1.0000000 0.0000000 0.0000000
vn 1.0000000 0.0000000 0.0000000
vn 1.0000000 0.0000000 0.0000000
vn 1.0000000 0.0000000 0.0000000
vn 1.0000000 0.0000000 0.0000000
vn 1.0000000 0.0000000 0.0000000
vn -1.0000000 0.0000000 0.0000000
vn -1.0000000 0.0000000 0.0000000
vn -1.0000000 0.0000000 0.0000000
vn -1.0000000 0.0000000 0.0000000
vn -1.0000000 0.0000000 0.0000000
vn -1.0000000 0.0000000 0.0000000
vn 0.0000000 0.0000000 1.0000000
vn 0.0000000 0.0000000 1.0000000
vn 0.0000000 0.0000000 1.0000000
vn 0.0000000 0.0000000 1.0000000
vn 0.0000000 0.0000000 1.0000000
vn 0.0000000 0.0000000 1.0000000
vn 0.0000000 0.0000000 -1.0000000
vn 0.0000000 0.0000000 -1.0000000
vn 0.0000000 0.0000000 -1.0000000
vn 0.0000000 0.0000000 -1.0000000
vn 0.0000000 0.0000000 -1.0000000
vn 0.0000000 0.0000000 -1.0000000
vn 0.0000000 0.9999999 0.0000000
vn 0.0000000 0.9999999 0.0000000
vn 0.0000000 0.9999999 0.0000000
vn 0.0000000 0.9999999 0.0000000
vn 0.0000000 0.9999999 0.0000000
vn 0.0000000 0.9999999 0.0000000
vn 0.0000000 -0.9999999 0.0000000
vn 0.0000000 -0.9999999 0.0000000
vn 0.0000000 -0.9999999 0.0000000
vn 0.0000000 -0.9999999 0.0000000
vn 0.0000000 -0.9999999 0.0000000
vn 0.0000000 -0.9999999 0.0000000
vn 1.0000000 0.0000000 0.0000000
vn 1.0000000 0.0000000 0.0000000
vn 1.0000000 0.0000000 0.0000000
vn 1.0000000 0.0000000 0.0000000
vn 1.0000000 0.0000000 0.0000000
vn 1.0000000 0.0000000 0.0000000
vn -1.0000000 0.0000000 0.0000000
vn -1.0000000 0.0000000 0.0000000
vn -1.0000000 0.0000000 0.0000000
vn -1.0000000 0.0000000 0.0000000
vn -1.0000000 0.0000000 0.0000000
vn -1.0000000 0.0000000 0.0000000
vn 0.0000000 0.0000000 1.0000000
vn 0.0000000 0.0000000 1.0000000
vn 0.0000000 0.0000000 1.0000000
vn 0.0000000 0.0000000 1.0000000
vn 0.0000000 0.0000000 1.0000000
vn 0.0000000 0.0000000 1.0000000
vn 0.0000000 0.0000000 -1.0000000
vn 0.0000000 0.0000000 -1.0000000
vn 0.0000000 0.0000000 -1.0000000
vn 0.0000000 0.0000000 -1.0000000
vn 0.0000000 0.0000000 -1.0000000
vn 0.0000000 0.0000000 -1.0000000
vn 0.0000000 0.9999999 0.0000000
vn 0.0000000 0.9999999 0.0000000
vn 0.0000000 0.9999999 0.0000000
vn 0.0000000 0.9999999 0.0000000
vn 0.0000000 0.9999999 0.0000000
vn 0.0000000 0.9999999 0.0000000
vn 0.0000000 -0.9999999 0.0000000
vn 0.0000000 -0.9999999 0.0000000
vn 0.0000000 -0.9999999 0.0000000
vn 0.0000000 -0.9999999 0.0000000
vn 0.0000000 -0.9999999 0.0000000
vn 0.0000000 -0.9999999 0.0000000
vn 1.0000000 0.0000000 0.0000000
vn 1.0000000 0.0000000 0.0000000
vn 1.0000000 0.0000000 0.0000000
vn 1.0000000 0.0000000 0.0000000
vn 1.0000000 0.0000000 0.0000000
vn 1.0000000 0.0000000 0.0000000
vn -1.0000000 0.0000000 0.0000000
vn -1.0000000 0.0000000 0.0000000
vn -1.0000000 0.0000000 0.0000000
vn -1.0000000 0.0000000 0.0000000
vn -1.0000000 0.0000000 0.0000000
vn -1.0000000 0.0000000 0.0000000
vn 0.0000000 0.0000000 1.0000000
vn 0.0000000 0.0000000 1.0000000
vn 0.0000000 0.0000000 1.0000000
vn 0.0000000 0.0000000 1.0000000
vn 0.0000000 0.0000000 1.0000000
vn 0.0000000 0.0000000 1.0000000
vn 0.0000000 0.0000000 -1.0000000
vn 0.0000000 0.0000000 -1.0000000
vn 0.0000000 0.0000000 -1.0000000
vn 0.0000000 0.0000000 -1.0000000
vn 0.0000000 0.0000000 -1.0000000
vn 0.0000000 0.0000000 -1.0000000
vn 0.0000000 1.0000000 0.0000000
vn 0.0000000 1.0000000 0.0000000
vn 0.0000000 1.0000000 0.0000000
vn 0.0000000 1.0000000 0.0000000
vn 0.0000000 1.0000000 0.0000000
vn 0.0000000 1.0000000 0.0000000
vn 0.0000000 -1.0000000 0.0000000
vn 0.0000000 -1.0000000 0.0000000
vn 0.0000000 -1.0000000 0.0000000
vn 0.0000000 -1.0000000 0.0000000
vn 0.0000000 -1.0000000 0.0000000
vn 0.0000000 -1.0000000 0.0000000
vn 1.0000000 0.0000000 0.0000000
vn 1.0000000 0.0000000 0.0000000
vn 1.0000000 0.0000000 0.0000000
vn 1.0000000 0.0000000 0.0000000
vn 1.0000000 0.0000000 0.0000000
vn 1.0000000 0.0000000 0.0000000
vn -1.0000000 0.0000000 0.0000000
vn -1.0000000 0.0000000 0.0000000
vn -1.0000000 0.0000000 0.0000000
vn -1.0000000 0.0000000 0.0000000
vn -1.0000000 0.0000000 0.0000000
vn -1.0000000 0.0000000 0.0000000
vn 0.0000000 0.0000000 1.0000000
vn 0.0000000 0.0000000 1.0000000
vn 0.0000000 0.0000000 1.0000000
vn 0.0000000 0.0000000 1.0000000
vn 0.0000000 0.0000000 1.0000000
vn 0.0000000 0.0000000 1.0000000
vn 0.0000000 0.0000000 -1.0000000
vn 0.0000000 0.0000000 -1.0000000
vn 0.0000000 0.0000000 -1.0000000
vn 0.0000000 0.0000000 -1.0000000
vn 0.0000000 0.0000000 -1.0000000
vn 0.0000000 0.0000000 -1.0000000
vn 0.0000000 1.0000000 0.0000000
vn 0.0000000 1.0000000 0.0000000
vn 0.0000000 1.0000000 0.0000000
vn 0.0000000 1.0000000 0.0000000
vn 0.0000000 1.0000000 0.0000000
vn 0.0000000 1.0000000 0.0000000
vn 0.0000000 -1.0000000 0.0000000
vn 0.0000000 -1.0000000 0.0000000
vn 0.0000000 -1.0000000 0.0000000
vn 0.0000000 -1.0000000 0.0000000
vn 0.0000000 -1.0000000 0.0000000
vn 0.0000000 -1.0000000 0.0000000
vn 1.0000000 0.0000000 0.0000000
vn 1.0000000 0.0000000 0.0000000
vn 1.0000000 0.0000000 0.0000000
vn 1.0000000 0.0000000 0.0000000
vn 1.0000000 0.0000000 0.0000000
vn 1.0000000 0.0000000 0.0000000
vn -1.0000000 0.0000000 0.0000000
vn -1.0000000 0.0000000 0.0000000
vn -1.0000000 0.0000000 0.0000000
vn -1.0000000 0.0000000 0.0000000
vn -1.0000000 0.0000000 0.0000000
vn -1.0000000 0.0000000 0.0000000
vn 0.0000000 0.0000000 1.0000000
vn 0.0000000 0.0000000 1.0000000
vn 0.0000000 0.0000000 1.0000000
vn 0.0000000 0.0000000 1.0000000
vn 0.0000000 0.0000000 1.0000000
vn 0.0000000 0.0000000 1.0000000
vn 0.0000000 0.0000000 -1.0000000
vn 0.0000000 0.0000000 -1.0000000
vn 0.0000000 0.0000000 -1.0000000
vn 0.0000000 0.0000000 -1.0000000
vn 0.0000000 0.0000000 -1.0000000
vn 0.0000000 0.0000000 -1.0000000
vn 0.0000000 1.0000000 0.0000000
vn 0.0000000 1.0000000 0.0000000
vn 0.0000000 1.0000000 0.0000000
vn 0.0000000 1.0000000 0.0000000
vn 0.0000000 1.0000000 0.0000000
vn 0.0000000 1.0000000 0.0000000
vn 0.0000000 -1.0000000 0.0000000
vn 0.0000000 -1.0000000 0.0000000
vn 0.0000000 -1.0000000 0.0000000
vn 0.0000000 -1.0000000 0.0000000
vn 0.0000000 -1.0000000 0.0000000
vn 0.0000000 -1.0000000 0.0000000
vn 0.9999999 0.0000000 0.0000000
vn 0.9999999 0.0000000 0.0000000
vn 0.9999999 0.0000000 0.0000000
vn 0.9999999 0.0000000 0.0000000
vn 0.9999999 0.0000000 0.0000000
vn 0.9999999 0.0000000 0.0000000
vn -0.9999999 0.0000000 0.0000000
vn -0.9999999 0.0000000 0.0000000
vn -0.9999999 0.0000000 0.0000000
vn -0.9999999 0.0000000 0.0000000
vn -0.9999999 0.0000000 0.0000000
vn -0.9999999 0.0000000 0.0000000
vn 0.0000000 0.0000000 1.0000000
vn 0.0000000 0.0000000 1.0000000
vn 0.0000000 0.0000000 1.0000000
vn 0.0000000 0.0000000 1.0000000
vn 0.0000000 0.0000000 1.0000000
vn 0.0000000 0.0000000 1.0000000
vn 0.0000000 0.0000000 -1.0000000
vn 0.0000000 0.0000000 -1.0000000
vn 0.0000000 0.0000000 -1.0000000
vn 0.0000000 0.0000000 -1.0000000
vn 0.0000000 0.0000000 -1.0000000
vn 0.0000000 0.0000000 -1.0000000
vn 0.0000000 0.9999999 0.0000000
vn 0.0000000 0.9999999 0.0000000
vn 0.0000000 0.9999999 0.0000000
vn 0.0000000 0.9999999 0.0000000
vn 0.0000000 0.9999999 0.0000000
vn 0.0000000 0.9999999 0.0000000
vn 0.0000000 -0.9999999 0.0000000
vn 0.0000000 -0.9999999 0.0000000
vn 0.0000000 -0.9999999 0.0000000
vn 0.0000000 -0.9999999 0.0000000
vn 0.0000000 -0.9999999 0.0000000
vn 0.0000000 -0.9999999 0.0000000
vn 0.9999999 0.0000000 0.0000000
vn 0.9999999 0.0000000 0.0000000
vn 0.9999999 0.0000000 0.0000000
vn 0.9999999 0.0000000 0.0000000
vn 0.9999999 0.0000000 0.0000000
vn 0.9999999 0.0000000 0.0000000
vn -0.9999999 0.0000000 0.0000000
vn -0.9999999 0.0000000 0.0000000
vn -0.9999999 0.0000000 0.0000000
vn -0.9999999 0.0000000 0.0000000
vn -0.9999999 0.0000000 0.0000000
vn -0.9999999 0.0000000 0.0000000
vn 0.0000000 0.0000000 1.0000000
vn 0.0000000 0.0000000 1.0000000
vn 0.0000000 0.0000000 1.0000000
vn 0.0000000 0.0000000 1.0000000
vn 0.0000000 0.0000000 1.0000000
vn 0.0000000 0.0000000 1.0000000
vn 0.0000000 0.0000000 -1.0000000
vn 0.0000000 0.0000000 -1.0000000
vn 0.0000000 0.0000000 -1.0000000
vn 0.0000000 0.0000000 -1.0000000
vn 0.0000000 0.0000000 -1.0000000
vn 0.0000000 0.0000000 -1.0000000
vn 0.0000000 0.9999999 0.0000000
vn 0.0000000 0.9999999 0.0000000
vn 0.0000000 0.9999999 0.0000000
vn 0.0000000 0.9999999 0.0000000
vn 0.0000000 0.9999999 0.0000000
vn 0.0000000 0.9999999 0.0000000
vn 0.0000000 -0.9999999 0.0000000
vn 0.0000000 -0.9999999 0.0000000
vn 0.0000000 -0.9999999 0.0000000
vn 0.0000000 -0.9999999 0.0000000
vn 0.0000000 -0.9999999 0.0000000
vn 0.0000000 -0.9999999 0.0000000
vn 0.9999999 0.0000000 0.0000000
vn 0.9999999 0.0000000 0.0000000
vn 0.9999999 0.0000000 0.0000000
vn 0.9999999 0.0000000 0.0000000
vn 0.9999999 0.0000000 0.0000000
vn 0.9999999 0.0000000 0.0000000
vn -0.9999999 0.0000000 0.0000000
vn -0.9999999 0.0000000 0.0000000
vn -0.9999999 0.0000000 0.0000000
vn -0.9999999 0.0000000 0.0000000
vn -0.9999999 0.0000000 0.0000000
vn -0.9999999 0.0000000 0.0000000
vn 0.0000000 0.0000000 1.0000000
vn 0.0000000 0.0000000 1.0000000
vn 0.0000000 0.0000000 1.0000000
vn 0.0000000 0.0000000 1.0000000
vn 0.0000000 0.0000000 1.0000000
vn 0.0000000 0.0000000 1.0000000
vn 0.0000000 0.0000000 -1.0000000
vn 0.0000000 0.0000000 -1.0000000
vn 0.0000000 0.0000000 -1.0000000
vn 0.0000000 0.0000000 -1.0000000
vn 0.0000000 0.0000000 -1.0000000
vn 0.0000000 0.0000000 -1.0000000
vn 0.0000000 0.9999999 0.0000000
vn 0.0000000 0.9999999 0.0000000
vn 0.0000000 0.9999999 0.0000000
vn 0.0000000 0.9999999 0.0000000
vn 0.0000000 0.9999999 0.0000000
vn 0.0000000 0.9999999 0.0000000
vn 0.0000000 -0.9999999 0.0000000
vn 0.0000000 -0.9999999 0.0000000
vn 0.0000000 -0.9999999 0.0000000
vn 0.0000000 -0.9999999 0.0000000
vn 0.0000000 -0.9999999 0.0000000
vn 0.0000000 -0.9999999 0.0000000
vn 1.0000000 0.0000000 0.0000000
vn 1.0000000 0.0000000 0.0000000
vn 1.0000000 0.0000000 0.0000000
vn 1.0000000 0.0000000 0.0000000
vn 1.0000000 0.0000000 0.0000000
vn 1.0000000 0.0000000 0.0000000
vn -1.0000000 0.0000000 0.0000000
vn -1.0000000 0.0000000 0.0000000
vn -1.0000000 0.0000000 0.0000000
vn -1.0000000 0.0000000 0.0000000
vn -1.0000000 0.0000000 0.0000000
vn -1.0000000 0.0000000 0.0000000
vn 0.0000000 0.0000000 1.0000000
vn 0.0000000 0.0000000 1.0000000
vn 0.0000000 0.0000000 1.0000000
vn 0.0000000 0.0000000 1.0000000
vn 0.0000000 0.0000000 1.0000000
vn 0.0000000 0.0000000 1.0000000
vn 0.0000000 0.0000000 -1.0000000
vn 0.0000000 0.0000000 -1.0000000
vn 0.0000000 0.0000000 -1.0000000
vn 0.0000000 0.0000000 -1.0000000
vn 0.0000000 0.0000000 -1.0000000
vn 0.0000000 0.0000000 -1.0000000
vn 0.0000000 0.9999999 0.0000000
vn 0.0000000 0.9999999 0.0000000
vn 0.0000000 0.9999999 0.0000000
vn 0.0000000 0.9999999 0.0000000
vn 0.0000000 0.9999999 0.0000000
vn 0.0000000 0.9999999 0.0000000
vn 0.0000000 -0.9999999 0.0000000
vn 0.0000000 -0.9999999 0.0000000
vn 0.0000000 -0.9999999 0.0000000
vn 0.0000000 -0.9999999 0.0000000
vn 0.0000000 -0.9999999 0.0000000
vn 0.0000000 -0.9999999 0.0000000
vn 1.0000000 0.0000000 0.0000000
vn 1.0000000 0.0000000 0.0000000
vn 1.0000000 0.0000000 0.0000000
vn 1.0000000 0.0000000 0.0000000
vn 1.0000000 0.0000000 0.0000000
vn 1.0000000 0.0000000 0.0000000
vn -1.0000000 0.0000000 0.0000000
vn -1.0000000 0.0000000 0.0000000
vn -1.0000000 0.0000000 0.0000000
vn -1.0000000 0.0000000 0.0000000
vn -1.0000000 0.0000000 0.0000000
vn -1.0000000 0.0000000 0.0000000
vn 0.0000000 0.0000000 1.0000000
vn 0.0000000 0.0000000 1.0000000
vn 0.0000000 0.0000000 1.0000000
vn 0.0000000 0.0000000 1.0000000
vn 0.0000000 0.0000000 1.0000000
vn 0.0000000 0.0000000 1.0000000
vn 0.0000000 0.0000000 -1.0000000
vn 0.0000000 0.0000000 -1.0000000
vn 0.0000000 0.0000000 -1.0000000
vn 0.0000000 0.0000000 -1.0000000
vn 0.0000000 0.0000000 -1.0000000
vn 0.0000000 0.0000000 -1.0000000
vn 0.0000000 0.9999999 0.0000000
vn 0.0000000 0.9999999 0.0000000
vn 0.0000000 0.9999999 0.0000000
vn 0.0000000 0.9999999 0.0000000
vn 0.0000000 0.9999999 0.0000000
vn 0.0000000 0.9999999 0.0000000
vn 0.0000000 -0.9999999 0.0000000
vn 0.0000000 -0.9999999 0.0000000
vn 0.0000000 -0.9999999 0.0000000
vn 0.0000000 -0.9999999 0.0000000
vn 0.0000000 -0.9999999 0.0000000
vn 0.0000000 -0.9999999 0.0000000
vn 1.0000000 0.0000000 0.0000000
vn 1.0000000 0.0000000 0.0000000
vn 1.0000000 0.0000000 0.0000000
vn 1.0000000 0.0000000 0.0000000
vn 1.0000000 0.0000000 0.0000000
vn 1.0000000 0.0000000 0.0000000
vn -1.0000000 0.0000000 0.0000000
vn -1.0000000 0.0000000 0.0000000
vn -1.0000000 0.0000000 0.0000000
vn -1.0000000 0.0000000 0.0000000
vn -1.0000000 0.0000000 0.0000000
vn -1.0000000 0.0000000 0.0000000
vn 0.0000000 0.0000000 1.0000000
vn 0.0000000 0.0000000 1.0000000
vn 0.0000000 0.0000000 1.0000000
vn 0.0000000 0.0000000 1.0000000
vn 0.0000000 0.0000000 1.0000000
vn 0.0000000 0.0000000 1.0000000
vn 0.0000000 0.0000000 -1.0000000
vn 0.0000000 0.0000000 -1.0000000
vn 0.0000000 0.0000000 -1.0000000
vn 0.0000000 0.0000000 -1.0000000
vn 0.0000000 0.0000000 -1.0000000
vn 0.0000000 0.0000000 -1.0000000
vn 0.0000000 0.9999999 0.0000000
vn 0.0000000 0.9999999 0.0000000
vn 0.0000000 0.9999999 0.0000000
vn 0.0000000 0.9999999 0.0000000
vn 0.0000000 0.9999999 0.0000000
vn 0.0000000 0.9999999 0.0000000
vn 0.0000000 -0.9999999 0.0000000
vn 0.0000000 -0.9999999 0.0000000
vn 0.0000000 -0.9999999 0.0000000
vn 0.0000000 -0.9999999 0.0000000
vn 0.0000000 -0.9999999 0.0000000
vn 0.0000000 -0.9999999 0.0000000
vn 1.0000000 0.0000000 0.0000000
vn 1.0000000 0.0000000 0.0000000
vn 1.0000000 0.0000000 0.0000000
vn 1.0000000 0.0000000 0.0000000
vn 1.0000000 0.0000000 0.0000000
vn 1.0000000 0.0000000 0.0000000
vn -1.0000000 0.0000000 0.0000000
vn -1.0000000 0.0000000 0.0000000
vn -1.0000000 0.0000000 0.0000000
vn -1.0000000 0.0000000 0.0000000
vn -1.0000000 0.0000000 0.0000000
vn -1.0000000 0.0000000 0.0000000
vn 0.0000000 0.0000000 1.0000000
vn 0.0000000 0.0000000 1.0000000
vn 0.0000000 0.0000000 1.0000000
vn 0.0000000 0.0000000 1.0000000
vn 0.0000000 0.0000000 1.0000000
vn 0.0000000 0.0000000 1.0000000
vn 0.0000000 0.0000000 -1.0000000
vn 0.0000000 0.0000000 -1.0000000
vn 0.0000000 0.0000000 -1.0000000
vn 0.0000000 0.0000000 -1.0000000
vn 0.0000000 0.0000000 -1.0000000
vn 0.0000000 0.0000000 -1.0000000
vn 0.0000000 1.0000000 0.0000000
vn 0.0000000 1.0000000 0.0000000
vn 0.0000000 1.0000000 0.0000000
vn 0.0000000 1.0000000 0.0000000
vn 0.0000000 1.0000000 0.0000000
vn 0.0000000 1.0000000 0.0000000
vn 0.0000000 -1.0000000 0.0000000
vn 0.0000000 -1.0000000 0.0000000
vn 0.0000000 -1.0000000 0.0000000
vn 0.0000000 -1.0000000 0.0000000
vn 0.0000000 -1.0000000 0.0000000
vn 0.0000000 -1.0000000 0.0000000
vn 1.0000000 0.0000000 0.0000000
vn 1.0000000 0.0000000 0.0000000
vn 1.0000000 0.0000000 0.0000000
vn 1.0000000 0.0000000 0.0000000
vn 1.0000000 0.0000000 0.0000000
vn 1.0000000 0.0000000 0.0000000
vn -1.0000000 0.0000000 0.0000000
vn -1.0000000 0.0000000 0.0000000
vn -1.0000000 0.0000000 0.0000000
vn -1.0000000 0.0000000 0.0000000
vn -1.0000000 0.0000000 0.0000000
vn -1.0000000 0.0000000 0.0000000
vn 0.0000000 0.0000000 1.0000000
vn 0.0000000 0.0000000 1.0000000
vn 0.0000000 0.0000000 1.0000000
vn 0.0000000 0.0000000 1.0000000
vn 0.0000000 0.0000000 1.0000000
vn 0.0000000 0.0000000 1.0000000
vn 0.0000000 0.0000000 -1.0000000
vn 0.0000000 0.0000000 -1.0000000
vn 0.0000000 0.0000000 -1.0000000
vn 0.0000000 0.0000000 -1.0000000
vn 0.0000000 0.0000000 -1.0000000
vn 0.0000000 0.0000000 -1.0000000
vn 0.0000000 0.9999999 0.0000000
vn 0.0000000 0.9999999 0.0000000
vn 0.0000000 0.9999999 0.0000000
vn 0.0000000 0.9999999 0.0000000
vn 0.0000000 0.9999999 0.0000000
vn 0.0000000 0.9999999 0.0000000
vn 0.0000000 -0.9999999 0.0000000
vn 0.0000000 -0.9999999 0.0000000
vn 0.0000000 -0.9999999 0.0000000
vn 0.0000000 -0.9999999 0.0000000
vn 0.0000000 -0.9999999 0.0000000
vn 0.0000000 -0.9999999 0.0000000
vn 1.0000000 0.0000000 0.0000000
vn 1.0000000 0.0000000 0.0000000
vn 1.0000000 0.0000000 0.0000000
vn 1.0000000 0.0000000 0.0000000
vn 1.0000000 0.0000000 0.0000000
vn 1.0000000 0.0000000 0.0000000
vn -1.0000000 0.0000000 0.0000000
vn -1.0000000 0.0000000 0.0000000
vn -1.0000000 0.0000000 0.0000000
vn -1.0000000 0.0000000 0.0000000
vn -1.0000000 0.0000000 0.0000000
vn -1.0000000 0.0000000 0.0000000
vn 0.0000000 0.0000000 1.0000000
vn 0.0000000 0.0000000 1.0000000
vn 0.0000000 0.0000000 1.0000000
vn 0.0000000 0.0000000 1.0000000
vn 0.0000000 0.0000000 1.0000000
vn 0.0000000 0.0000000 1.0000000
vn 0.0000000 0.0000000 -1.0000000
vn 0.0000000 0.0000000 -1.0000000
vn 0.0000000 0.0000000 -1.0000000
vn 0.0000000 0.0000000 -1.0000000
vn 0.0000000 0.0000000 -1.0000000
vn 0.0000000 0.0000000 -1.0000000
vn 0.0000000 0.9999999 0.0000000
vn 0.0000000 0.9999999 0.0000000
vn 0.0000000 0.9999999 0.0000000
vn 0.0000000 0.9999999 0.0000000
vn 0.0000000 0.9999999 0.0000000
vn 0.0000000 0.9999999 0.0000000
vn 0.0000000 -0.9999999 0.0000000
vn 0.0000000 -0.9999999 0.0000000
vn 0.0000000 -0.9999999 0.0000000
vn 0.0000000 -0.9999999 0.0000000
vn 0.0000000 -0.9999999 0.0000000
vn 0.0000000 -0.9999999 0.0000000
vn 1.0000000 0.0000000 0.0000000
vn 1.0000000 0.0000000 0.0000000
vn 1.0000000 0.0000000 0.0000000
vn 1.0000000 0.0000000 0.0000000
vn 1.0000000 0.0000000 0.0000000
vn 1.0000000 0.0000000 0.0000000
vn -1.0000000 0.0000000 0.0000000
vn -1.0000000 0.0000000 0.0000000
vn -1.0000000 0.0000000 0.0000000
vn -1.0000000 0.0000000 0.0000000
vn -1.0000000 0.0000000 0.0000000
vn -1.0000000 0.0000000 0.0000000
vn 0.0000000 0.0000000 1.0000000
vn 0.0000000 0.0000000 1.0000000
vn 0.0000000 0.0000000 1.0000000
vn 0.0000000 0.0000000 1.0000000
vn 0.0000000 0.0000000 1.0000000
vn 0.0000000 0.0000000 1.0000000
vn 0.0000000 0.0000000 -1.0000000
vn 0.0000000 0.0000000 -1.0000000
vn 0.0000000 0.0000000 -1.0000000
vn 0.0000000 0.0000000 -1.0000000
vn 0.0000000 0.0000000 -1.0000000
vn 0.0000000 0.0000000 -1.0000000
vn 0.0000000 0.9999999 0.0000000
vn 0.0000000 0.9999999 0.0000000
vn 0.0000000 0.9999999 0.0000000
vn 0.0000000 0.9999999 0.0000000
vn 0.0000000 0.9999999 0.0000000
vn 0.0000000 0.9999999 0.0000000
vn 0.0000000 -0.9999999 0.0000000
vn 0.0000000 -0.9999999 0.0000000
vn 0.0000000 -0.9999999 0.0000000
vn 0.0000000 -0.9999999 0.0000000
vn 0.0000000 -0.9999999 0.0000000
vn 0.0000000 -0.9999999 0.0000000
vn 1.0000000 0.0000000 0.0000000
vn 1.0000000 0.0000000 0.0000000
vn 1.0000000 0.0000000 0.0000000
vn 1.0000000 0.0000000 0.0000000
vn 1.0000000 0.0000000 0.0000000
vn 1.0000000 0.0000000 0.0000000
vn -1.0000000 0.0000000 0.0000000
vn -1.0000000 0.0000000 0.0000000
vn -1.0000000 0.0000000 0.0000000
vn -1.0000000 0.0000000 0.0000000
vn -1.0000000 0.0000000 0.0000000
vn -1.0000000 0.0000000 0.0000000
vn 0.0000000 0.0000000 1.0000000
vn 0.0000000 0.0000000 1.0000000
vn 0.0000000 0.0000000 1.0000000
vn 0.0000000 0.0000000 1.0000000
vn 0.0000000 0.0000000 1.0000000
vn 0.0000000 0.0000000 1.0000000
vn 0.0000000 0.0000000 -1.0000000
vn 0.0000000 0.0000000 -1.0000000
vn 0.0000000 0.0000000 -1.0000000
vn 0.0000000 0.0000000 -1.0000000
vn 0.0000000 0.0000000 -1.0000000
vn 0.0000000 0.0000000 -1.0000000
vn 0.0000000 0.9999999 0.0000000
vn 0.0000000 0.9999999 0.0000000
vn 0.0000000 0.9999999 0.0000000
vn 0.0000000 0.9999999 0.0000000
vn 0.0000000 0.9999999 0.0000000
vn 0.0000000 0.9999999 0.0000000
vn 0.0000000 -0.9999999 0.0000000
vn 0.0000000 -0.9999999 0.0000000
vn 0.0000000 -0.9999999 0.0000000
vn 0.0000000 -0.9999999 0.0000000
vn 0.0000000 -0.9999999 0.0000000
vn 0.0000000 -0.9999999 0.0000000
vn 1.0000000 0.0000000 0.0000000
vn 1.0000000 0.0000000 0.0000000
vn 1.0000000 0.0000000 0.0000000
vn 1.0000000 0.0000000 0.0000000
vn 1.0000000 0.0000000 0.0000000
vn 1.0000000 0.0000000 0.0000000
vn -1.0000000 0.0000000 0.0000000
vn -1.0000000 0.0000000 0.0000000
vn -1.0000000 0.0000000 0.0000000
vn -1.0000000 0.0000000 0.0000000
vn -1.0000000 0.0000000 0.0000000
vn -1.0000000 0.0000000 0.0000000
vn 0.0000000 0.0000000 1.0000000
vn 0.0000000 0.0000000 1.0000000
vn 0.0000000 0.0000000 1.0000000
vn 0.0000000 0.0000000 1.0000000
vn 0.0000000 0.0000000 1.0000000
vn 0.0000000 0.0000000 1.0000000
vn 0.0000000 0.0000000 -1.0000000
vn 0.0000000 0.0000000 -1.0000000
vn 0.0000000 0.0000000 -1.0000000
vn 0.0000000 0.0000000 -1.0000000
vn 0.0000000 0.0000000 -1.0000000
vn 0.0000000 0.0000000 -1.0000000
vn 0.0000000 0.9999999 0.0000000
vn 0.0000000 0.9999999 0.0000000
vn 0.0000000 0.9999999 0.0000000
vn 0.0000000 0.9999999 0.0000000
vn 0.0000000 0.9999999 0.0000000
vn 0.0000000 0.9999999 0.0000000
vn 0.0000000 -0.9999999 0.0000000
vn 0.0000000 -0.9999999 0.0000000
vn 0.0000000 -0.9999999 0.0000000
vn 0.0000000 -0.9999999 0.0000000
vn 0.0000000 -0.9999999 0.0000000
vn 0.0000000 -0.9999999 0.0000000
vn 0.9999999 0.0000000 0.0000000
vn 0.9999999 0.0000000 0.0000000
vn 0.9999999 0.0000000 0.0000000
vn 0.9999999 0.0000000 0.0000000
vn 0.9999999 0.0000000 0.0000000
vn 0.9999999 0.0000000 0.0000000
vn -0.9999999 0.0000000 0.0000000
vn -0.9999999 0.0000000 0.0000000
vn -0.9999999 0.0000000 0.0000000
vn -0.9999999 0.0000000 0.0000000
vn -0.9999999 0.0000000 0.0000000
vn -0.9999999 0.0000000 0.0000000
vn 0.0000000 0.0000000 1.0000000
vn 0.0000000 0.0000000 1.0000000
vn 0.0000000 0.0000000 1.0000000
vn 0.0000000 0.0000000 1.0000000
vn 0.0000000 0.0000000 1.0000000
vn 0.0000000 0.0000000 1.0000000
vn 0.0000000 0.0000000 -1.0000000
vn 0.0000000 0.0000000 -1.0000000
vn 0.0000000 0.0000000 -1.0000000
vn 0.0000000 0.0000000 -1.0000000
vn 0.0000000 0.0000000 -1.0000000
vn 0.0000000 0.0000000 -1.0000000
vn 0.0000000 0.9999999 0.0000000
vn 0.0000000 0.9999999 0.0000000
vn 0.0000000 0.9999999 0.0000000
vn 0.0000000 0.9999999 0.0000000
vn 0.0000000 0.9999999 0.0000000
vn 0.0000000 0.9999999 0.0000000
vn 0.0000000 -0.9999999 0.0000000
vn 0.0000000 -0.9999999 0.0000000
vn 0.0000000 -0.9999999 0.0000000
vn 0.0000000 -0.9999999 0.0000000
vn 0.0000000 -0.9999999 0.0000000
vn 0.0000000 -0.9999999 0.0000000
vn 1.0000000 0.0000000 0.0000000
vn 1.0000000 0.0000000 0.0000000
vn 1.0000000 0.0000000 0.0000000
vn 1.0000000 0.0000000 0.0000000
vn 1.0000000 0.0000000 0.0000000
vn 1.0000000 0.0000000 0.0000000
vn -1.0000000 0.0000000 0.0000000
vn -1.0000000 0.0000000 0.0000000
vn -1.0000000 0.0000000 0.0000000
vn -1.0000000 0.0000000 0.0000000
vn -1.0000000 0.0000000 0.0000000
vn -1.0000000 0.0000000 0.0000000
vn 0.0000000 0.0000000 1.0000000
vn 0.0000000 0.0000000 1.0000000
vn 0.0000000 0.0000000 1.0000000
vn 0.0000000 0.0000000 1.0000000
vn 0.0000000 0.0000000 1.0000000
vn 0.0000000 0.0000000 1.0000000
vn 0.0000000 0.0000000 -1.0000000
vn 0.0000000 0.0000000 -1.0000000
vn 0.0000000 0.0000000 -1.0000000
vn 0.0000000 0.0000000 -1.0000000
vn 0.0000000 0.0000000 -1.0000000
vn 0.0000000 0.0000000 -1.0000000
vn 0.0000000 1.0000000 0.0000000
vn 0.0000000 1.0000000 0.0000000
vn 0.0000000 1.0000000 0.0000000
vn 0.0000000 1.0000000 0.0000000
vn 0.0000000 1.0000000 0.0000000
vn 0.0000000 1.0000000 0.0000000
vn 0.0000000 -1.0000000 0.0000000
vn 0.0000000 -1.0000000 0.0000000
vn 0.0000000 -1.0000000 0.0000000
vn 0.0000000 -1.0000000 0.0000000
vn 0.0000000 -1.0000000 0.0000000
vn 0.0000000 -1.0000000 0.0000000
vn 1.0000000 0.0000000 0.0000000
vn 1.0000000 0.0000000 0.0000000
vn 1.0000000 0.0000000 0.0000000
vn 1.0000000 0.0000000 0.0000000
vn 1.0000000 0.0000000 0.0000000
vn 1.0000000 0.0000000 0.0000000
vn -1.0000000 0.0000000 0.0000000
vn -1.0000000 0.0000000 0.0000000
vn -1.0000000 0.0000000 0.0000000
vn -1.0000000 0.0000000 0.0000000
vn -1.0000000 0.0000000 0.0000000
vn -1.0000000 0.0000000 0.0000000
vn 0.0000000 0.0000000 1.0000000
vn 0.0000000 0.0000000 1.0000000
vn 0.0000000 0.0000000 1.0000000
vn 0.0000000 0.0000000 1.0000000
vn 0.0000000 0.0000000 1.0000000
vn 0.0000000 0.0000000 1.0000000
vn 0.0000000 0.0000000 -1.0000000
vn 0.0000000 0.0000000 -1.0000000
vn 0.0000000 0.0000000 -1.0000000
vn 0.0000000 0.0000000 -1.0000000
vn 0.0000000 0.0000000 -1.0000000
vn 0.0000000 0.0000000 -1.0000000
vn 0.0000000 0.9999999 0.0000000
vn 0.0000000 0.9999999 0.0000000
vn 0.0000000 0.9999999 0.0000000
vn 0.0000000 0.9999999 0.0000000
vn 0.0000000 0.9999999 0.0000000
vn 0.0000000 0.9999999 0.0000000
vn 0.0000000 -0.9999999 0.0000000
vn 0.0000000 -0.9999999 0.0000000
vn 0.0000000 -0.9999999 0.0000000
vn 0.0000000 -0.9999999 0.0000000
vn 0.0000000 -0.9999999 0.0000000
vn 0.0000000 -0.9999999 0.0000000
vn 1.0000000 0.0000000 0.0000000
vn 1.0000000 0.0000000 0.0000000
vn 1.0000000 0.0000000 0.0000000
vn 1.0000000 0.0000000 0.0000000
vn 1.0000000 0.0000000 0.0000000
vn 1.0000000 0.0000000 0.0000000
vn -1.0000000 0.0000000 0.0000000
vn -1.0000000 0.0000000 0.0000000
vn -1.0000000 0.0000000 0.0000000
vn -1.0000000 0.0000000 0.0000000
vn -1.0000000 0.0000000 0.0000000
vn -1.0000000 0.0000000 0.0000000
vn 0.0000000 0.0000000 1.0000000
vn 0.0000000 0.0000000 1.0000000
vn 0.0000000 0.0000000 1.0000000
vn 0.0000000 0.0000000 1.0000000
vn 0.0000000 0.0000000 1.0000000
vn 0.0000000 0.0000000 1.0000000
vn 0.0000000 0.0000000 -1.0000000
vn 0.0000000 0.0000000 -1.0000000
vn 0.0000000 0.0000000 -1.0000000
vn 0.0000000 0.0000000 -1.0000000
vn 0.0000000 0.0000000 -1.0000000
vn 0.0000000 0.0000000 -1.0000000
vn 0.0000000 1.0000000 0.0000000
vn 0.0000000 1.0000000 0.0000000
vn 0.0000000 1.0000000 0.0000000
vn 0.0000000 1.0000000 0.0000000
vn 0.0000000 1.0000000 0.0000000
vn 0.0000000 1.0000000 0.0000000
vn 0.0000000 -1.0000000 0.0000000
vn 0.0000000 -1.0000000 0.0000000
vn 0.0000000 -1.0000000 0.0000000
vn 0.0000000 -1.0000000 0.0000000
vn 0.0000000 -1.0000000 0.0000000
vn 0.0000000 -1.0000000 0.0000000
vn 1.0000000 0.0000000 0.0000000
vn 1.0000000 0.0000000 0.0000000
vn 1.0000000 0.0000000 0.0000000
vn 1.0000000 0.0000000 0.0000000
vn 1.0000000 0.0000000 0.0000000
vn 1.0000000 0.0000000 0.0000000
vn -1.0000000 0.0000000 0.0000000
vn -1.0000000 0.0000000 0.0000000
vn -1.0000000 0.0000000 0.0000000
vn -1.0000000 0.0000000 0.0000000
vn -1.0000000 0.0000000 0.0000000
vn -1.0000000 0.0000000 0.0000000
vn 0.0000000 0.0000000 1.0000000
vn 0.0000000 0.0000000 1.0000000
vn 0.0000000 0.0000000 1.0000000
vn 0.0000000 0.0000000 1.0000000
vn 0.0000000 0.0000000 1.0000000
vn 0.0000000 0.0000000 1.0000000
vn 0.0000000 0.0000000 -1.0000000
vn 0.0000000 0.0000000 -1.0000000
vn 0.0000000 0.0000000 -1.0000000
vn 0.0000000 0.0000000 -1.0000000
vn 0.0000000 0.0000000 -1.0000000
vn 0.0000000 0.0000000 -1.0000000
vn 0.0000000 0.9999999 0.0000000
vn 0.0000000 0.9999999 0.0000000
vn 0.0000000 0.9999999 0.0000000
vn 0.0000000 0.9999999 0.0000000
vn 0.0000000 0.9999999 0.0000000
vn 0.0000000 0.9999999 0.0000000
vn 0.0000000 -0.9999999 0.0000000
vn 0.0000000 -0.9999999 0.0000000
vn 0.0000000 -0.9999999 0.0000000
vn 0.0000000 -0.9999999 0.0000000
vn 0.0000000 -0.9999999 0.0000000
vn 0.0000000 -0.9999999 0.0000000
vn 1.0000000 0.0000000 0.0000000
vn 1.0000000 0.0000000 0.0000000
vn 1.0000000 0.0000000 0.0000000
vn 1.0000000 0.0000000 0.0000000
vn 1.0000000 0.0000000 0.0000000
vn 1.0000000 0.0000000 0.0000000
vn -1.0000000 0.0000000 0.0000000
vn -1.0000000 0.0000000 0.0000000
vn -1.0000000 0.0000000 0.0000000
vn -1.0000000 0.0000000 0.0000000
vn -1.0000000 0.0000000 0.0000000
vn -1.0000000 0.0000000 0.0000000
vn 0.0000000 0.0000000 1.0000000
vn 0.0000000 0.0000000 1.0000000
vn 0.0000000 0.0000000 1.0000000
vn 0.0000000 0.0000000 1.0000000
vn 0.0000000 0.0000000 1.0000000
vn 0.0000000 0.0000000 1.0000000
vn 0.0000000 0.0000000 -1.0000000
vn 0.0000000 0.0000000 -1.0000000
vn 0.0000000 0.0000000 -1.0000000
vn 0.0000000 0.0000000 -1.0000000
vn 0.0000000 0.0000000 -1.0000000
vn 0.0000000 0.0000000 -1.0000000
vn 0.0000000 0.9999999 0.0000000
vn 0.0000000 0.9999999 0.0000000
vn 0.0000000 0.9999999 0.0000000
vn 0.0000000 0.9999999 0.0000000
vn 0.0000000 0.9999999 0.0000000
vn 0.0000000 0.9999999 0.0000000
vn 0.0000000 -0.9999999 0.0000000
vn 0.0000000 -0.9999999 0.0000000
vn 0.0000000 -0.9999999 0.0000000
vn 0.0000000 -0.9999999 0.0000000
vn 0.0000000 -0.9999999 0.0000000
vn 0.0000000 -0.9999999 0.0000000
vn 1.0000000 0.0000000 0.0000000
vn 1.0000000 0.0000000 0.0000000
vn 1.0000000 0.0000000 0.0000000
vn 1.0000000 0.0000000 0.0000000
vn 1.0000000 0.0000000 0.0000000
vn 1.0000000 0.0000000 0.0000000
vn -1.0000000 0.0000000 0.0000000
vn -1.0000000 0.0000000 0.0000000
vn -1.0000000 0.0000000 0.0000000
vn -1.0000000 0.0000000 0.0000000
vn -1.0000000 0.0000000 0.0000000
vn -1.0000000 0.0000000 0.0000000
vn 0.0000000 0.0000000 1.0000000
vn 0.0000000 0.0000000 1.0000000
vn 0.0000000 0.0000000 1.0000000
vn 0.0000000 0.0000000 1.0000000
vn 0.0000000 0.0000000 1.0000000
vn 0.0000000 0.0000000 1.0000000
vn 0.0000000 0.0000000 -1.0000000
vn 0.0000000 0.0000000 -1.0000000
vn 0.0000000 0.0000000 -1.0000000
vn 0.0000000 0.0000000 -1.0000000
vn 0.0000000 0.0000000 -1.0000000
vn 0.0000000 0.0000000 -1.0000000
vn 0.0000000 1.0000000 0.0000000
vn 0.0000000 1.0000000 0.0000000
vn 0.0000000 1.0000000 0.0000000
vn 0.0000000 1.0000000 0.0000000
vn 0.0000000 1.0000000 0.0000000
vn 0.0000000 1.0000000 0.0000000
vn 0.0000000 -1.0000000 0.0000000
vn 0.0000000 -1.0000000 0.0000000
vn 0.0000000 -1.0000000 0.0000000
vn 0.0000000 -1.0000000 0.0000000
vn 0.0000000 -1.0000000 0.0000000
vn 0.0000000 -1.0000000 0.0000000
vn 1.0000000 0.0000000 0.0000000
vn 1.0000000 0.0000000 0.0000000
vn 1.0000000 0.0000000 0.0000000
vn 1.0000000 0.0000000 0.0000000
vn 1.0000000 0.0000000 0.0000000
vn 1.0000000 0.0000000 0.0000000
vn -1.0000000 0.0000000 0.0000000
vn -1.0000000 0.0000000 0.0000000
vn -1.0000000 0.0000000 0.0000000
vn -1.0000000 0.0000000 0.0000000
vn -1.0000000 0.0000000 0.0000000
vn -1.0000000 0.0000000 0.0000000
vn 0.0000000 0.0000000 1.0000000
vn 0.0000000 0.0000000 1.0000000
vn 0.0000000 0.0000000 1.0000000
vn 0.0000000 0.0000000 1.0000000
vn 0.0000000 0.0000000 1.0000000
vn 0.0000000 0.0000000 1.0000000
vn 0.0000000 0.0000000 -1.0000000
vn 0.0000000 0.0000000 -1.0000000
vn 0.0000000 0.0000000 -1.0000000
vn 0.0000000 0.0000000 -1.0000000
vn 0.0000000 0.0000000 -1.0000000
vn 0.0000000 0.0000000 -1.0000000
vn 0.0000000 1.0000000 0.0000000
vn 0.0000000 1.0000000 0.0000000
vn 0.0000000 1.0000000 0.0000000
vn 0.0000000 1.0000000 0.0000000
vn 0.0000000 1.0000000 0.0000000
vn 0.0000000 1.0000000 0.0000000
vn 0.0000000 -1.0000000 0.0000000
vn 0.0000000 -1.0000000 0.0000000
vn 0.0000000 -1.0000000 0.0000000
vn 0.0000000 -1.0000000 0.0000000
vn 0.0000000 -1.0000000 0.0000000
vn 0.0000000 -1.0000000 0.0000000
vn 1.0000000 0.0000000 0.0000000
vn 1.0000000 0.0000000 0.0000000
vn 1.0000000 0.0000000 0.0000000
vn 1.0000000 0.0000000 0.0000000
vn 1.0000000 0.0000000 0.0000000
vn 1.0000000 0.0000000 0.0000000
vn -1.0000000 0.0000000 0.0000000
vn -1.0000000 0.0000000 0.0000000
vn -1.0000000 0.0000000 0.0000000
vn -1.0000000 0.0000000 0.0000000
vn -1.0000000 0.0000000 0.0000000
vn -1.0000000 0.0000000 0.0000000
vn 0.0000000 0.0000000 1.0000000
vn 0.0000000 0.0000000 1.0000000
vn 0.0000000 0.0000000 1.0000000
vn 0.0000000 0.0000000 1.0000000
vn 0.0000000 0.0000000 1.0000000
vn 0.0000000 0.0000000 1.0000000
vn 0.0000000 0.0000000 -1.0000000
vn 0.0000000 0.0000000 -1.0000000
vn 0.0000000 0.0000000 -1.0000000
vn 0.0000000 0.0000000 -1.0000000
vn 0.0000000 0.0000000 -1.0000000
vn 0.0000000 0.0000000 -1.0000000
vn 0.0000000 0.9999999 0.0000000
vn 0.0000000 0.9999999 0.0000000
vn 0.0000000 0.9999999 0.0000000
vn 0.0000000 0.9999999 0.0000000
vn 0.0000000 0.9999999 0.0000000
vn 0.0000000 0.9999999 0.0000000
vn 0.0000000 -0.9999999 0.0000000
vn 0.0000000 -0.9999999 0.0000000
vn 0.0000000 -0.9999999 0.0000000
vn 0.0000000 -0.9999999 0.0000000
vn 0.0000000 -0.9999999 0.0000000
vn 0.0000000 -0.9999999 0.0000000
vn 1.0000000 0.0000000 0.0000000
vn 1.0000000 0.0000000 0.0000000
vn 1.0000000 0.0000000 0.0000000
vn 1.0000000 0.0000000 0.0000000
vn 1.0000000 0.0000000 0.0000000
vn 1.0000000 0.0000000 0.0000000
vn -1.0000000 0.0000000 0.0000000
vn -1.0000000 0.0000000 0.0000000
vn -1.0000000 0.0000000 0.0000000
vn -1.0000000 0.0000000 0.0000000
vn -1.0000000 0.0000000 0.0000000
vn -1.0000000 0.0000000 0.0000000
vn 0.0000000 0.0000000 1.0000000
vn 0.0000000 0.0000000 1.0000000
vn 0.0000000 0.0000000 1.0000000
vn 0.0000000 0.0000000 1.0000000
vn 0.0000000 0.0000000 1.0000000
vn 0.0000000 0.0000000 1.0000000
vn 0.0000000 0.0000000 -1.0000000
vn 0.0000000 0.0000000 -1.0000000
vn 0.0000000 0.0000000 -1.0000000
vn 0.0000000 0.0000000 -1.0000000
vn 0.0000000 0.0000000 -1.0000000
vn 0.0000000 0.0000000 -1.0000000
vn 0.0000000 0.9999999 0.0000000
vn 0.0000000 0.9999999 0.0000000
vn 0.0000000 0.9999999 0.0000000
vn 0.0000000 0.9999999 0.0000000
vn 0.0000000 0.9999999 0.0000000
vn 0.0000000 0.9999999 0.0000000
vn 0.0000000 -0.9999999 0.0000000
vn 0.0000000 -0.9999999 0.0000000
vn 0.0000000 -0.9999999 0.0000000
vn 0.0000000 -0.9999999 0.0000000
vn 0.0000000 -0.9999999 0.0000000
vn 0.0000000 -0.9999999 0.0000000
vn 1.0000000 0.0000000 0.0000000
vn 1.0000000 0.0000000 0.0000000
vn 1.0000000 0.0000000 0.0000000
vn 1.0000000 0.0000000 0.0000000
vn 1.0000000 0.0000000 0.0000000
vn 1.0000000 0.0000000 0.0000000
vn -1.0000000 0.0000000 0.0000000
vn -1.0000000 0.0000000 0.0000000
vn -1.0000000 0.0000000 0.0000000
vn -1.0000000 0.0000000 0.0000000
vn -1.0000000 0.0000000 0.0000000
vn -1.0000000 0.0000000 0.0000000
vn 0.0000000 0.0000000 1.0000000
vn 0.0000000 0.0000000 1.0000000
vn 0.0000000 0.0000000 1.0000000
vn 0.0000000 0.0000000 1.0000000
vn 0.0000000 0.0000000 1.0000000
vn 0.0000000 0.0000000 1.0000000
vn 0.0000000 0.0000000 -1.0000000
vn 0.0000000 0.0000000 -1.0000000
vn 0.0000000 0.0000000 -1.0000000
vn 0.0000000 0.0000000 -1.0000000
vn 0.0000000 0.0000000 -1.0000000
vn 0.0000000 0.0000000 -1.0000000
vn 0.0000000 1.0000000 0.0000000
vn 0.0000000 1.0000000 0.0000000
vn 0.0000000 1.0000000 0.0000000
vn 0.0000000 1.0000000 0.0000000
vn 0.0000000 1.0000000 0.0000000
vn 0.0000000 1.0000000 0.0000000
vn 0.0000000 -1.0000000 0.0000000
vn 0.0000000 -1.0000000 0.0000000
vn 0.0000000 -1.0000000 0.0000000
vn 0.0000000 -1.0000000 0.0000000
vn 0.0000000 -1.0000000 0.0000000
vn 0.0000000 -1.0000000 0.0000000
vn 1.0000000 0.0000000 0.0000000
vn 1.0000000 0.0000000 0.0000000
vn 1.0000000 0.0000000 0.0000000
vn 1.0000000 0.0000000 0.0000000
vn 1.0000000 0.0000000 0.0000000
vn 1.0000000 0.0000000 0.0000000
vn -1.0000000 0.0000000 0.0000000
vn -1.0000000 0.0000000 0.0000000
vn -1.0000000 0.0000000 0.0000000
vn -1.0000000 0.0000000 0.0000000
vn -1.0000000 0.0000000 0.0000000
vn -1.0000000 0.0000000 0.0000000
vn 0.0000000 0.0000000 1.0000000
vn 0.0000000 0.0000000 1.0000000
vn 0.0000000 0.0000000 1.0000000
vn 0.0000000 0.0000000 1.0000000
vn 0.0000000 0.0000000 1.0000000
vn 0.0000000 0.0000000 1.0000000
vn 0.0000000 0.0000000 -1.0000000
vn 0.0000000 0.0000000 -1.0000000
vn 0.0000000 0.0000000 -1.0000000
vn 0.0000000 0.0000000 -1.0000000
vn 0.0000000 0.0000000 -1.0000000
vn 0.0000000 0.0000000 -1.0000000
vn 0.0000000 1.0000000 0.0000000
vn 0.0000000 1.0000000 0.0000000
vn 0.0000000 1.0000000 0.0000000
vn 0.0000000 1.0000000 0.0000000
vn 0.0000000 1.0000000 0.0000000
vn 0.0000000 1.0000000 0.0000000
vn 0.0000000 -1.0000000 0.0000000
vn 0.0000000 -1.0000000 0.0000000
vn 0.0000000 -1.0000000 0.0000000
vn 0.0000000 -1.0000000 0.0000000
vn 0.0000000 -1.0000000 0.0000000
vn 0.0000000 -1.0000000 0.0000000
vn 0.9999999 0.0000000 0.0000000
vn 0.9999999 0.0000000 0.0000000
vn 0.9999999 0.0000000 0.0000000
vn 0.9999999 0.0000000 0.0000000
vn 0.9999999 0.0000000 0.0000000
vn 0.9999999 0.0000000 0.0000000
vn -0.9999999 0.0000000 0.0000000
vn -0.9999999 0.0000000 0.0000000
vn -0.9999999 0.0000000 0.0000000
vn -0.9999999 0.0000000 0.0000000
vn -0.9999999 0.0000000 0.0000000
vn -0.9999999 0.0000000 0.0000000
vn 0.0000000 0.0000000 1.0000000
vn 0.0000000 0.0000000 1.0000000
vn 0.0000000 0.0000000 1.0000000
vn 0.0000000 0.0000000 1.0000000
vn 0.0000000 0.0000000 1.0000000
vn 0.0000000 0.0000000 1.0000000
vn 0.0000000 0.0000000 -1.0000000
vn 0.0000000 0.0000000 -1.0000000
vn 0.0000000 0.0000000 -1.0000000
vn 0.0000000 0.0000000 -1.0000000
vn 0.0000000 0.0000000 -1.0000000
vn 0.0000000 0.0000000 -1.0000000
vn 0.0000000 0.9999999 0.0000000
vn 0.0000000 0.9999999 0.0000000
vn 0.0000000 0.9999999 0.0000000
vn 0.0000000 0.9999999 0.0000000
vn 0.0000000 0.9999999 0.0000000
vn 0.0000000 0.9999999 0.0000000
vn 0.0000000 -0.9999999 0.0000000
vn 0.0000000 -0.9999999 0.0000000
vn 0.0000000 -0.9999999 0.0000000
vn 0.0000000 -0.9999999 0.0000000
vn 0.0000000 -0.9999999 0.0000000
vn 0.0000000 -0.9999999 0.0000000
vn 0.9999999 0.0000000 0.0000000
vn 0.9999999 0.0000000 0.0000000
vn 0.9999999 0.0000000 0.0000000
vn 0.9999999 0.0000000 0.0000000
vn 0.9999999 0.0000000 0.0000000
vn 0.9999999 0.0000000 0.0000000
vn -0.9999999 0.0000000 0.0000000
vn -0.9999999 0.0000000 0.0000000
vn -0.9999999 0.0000000 0.0000000
vn -0.9999999 0.0000000 0.0000000
vn -0.9999999 0.0000000 0.0000000
vn -0.9999999 0.0000000 0.0000000
vn 0.0000000 0.0000000 1.0000000
vn 0.0000000 0.0000000 1.0000000
vn 0.0000000 0.0000000 1.0000000
vn 0.0000000 0.0000000 1.0000000
vn 0.0000000 0.0000000 1.0000000
vn 0.0000000 0.0000000 1.0000000
vn 0.0000000 0.0000000 -1.0000000
vn 0.0000000 0.0000000 -1.0000000
vn 0.0000000 0.0000000 -1.0000000
vn 0.0000000 0.0000000 -1.0000000
vn 0.0000000 0.0000000 -1.0000000
vn 0.0000000 0.0000000 -1.0000000
vn 0.0000000 0.9999999 0.0000000
vn 0.0000000 0.9999999 0.0000000
vn 0.0000000 0.9999999 0.0000000
vn 0.0000000 0.9999999 0.0000000
vn 0.0000000 0.9999999 0.0000000
vn 0.0000000 0.9999999 0.0000000
vn 0.0000000 -0.9999999 0.0000000
vn 0.0000000 -0.9999999 0.0000000
vn 0.0000000 -0.9999999 0.0000000
vn 0.0000000 -0.9999999 0.0000000
vn 0.0000000 -0.9999999 0.0000000
vn 0.0000000 -0.9999999 0.0000000
vn 1.0000000 0.0000000 0.0000000
vn 1.0000000 0.0000000 0.0000000
vn 1.0000000 0.0000000 0.0000000
vn 1.0000000 0.0000000 0.0000000
vn 1.0000000 0.0000000 0.0000000
vn 1.0000000 0.0000000 0.0000000
vn -1.0000000 0.0000000 0.0000000
vn -1.0000000 0.0000000 0.0000000
vn -1.0000000 0.0000000 0.0000000
vn -1.0000000 0.0000000 0.0000000
vn -1.0000000 0.0000000 0.0000000
vn -1.0000000 0.0000000 0.0000000
vn 0.0000000 0.0000000 1.0000000
vn 0.0000000 0.0000000 1.0000000
vn 0.0000000 0.0000000 1.0000000
vn 0.0000000 0.0000000 1.0000000
vn 0.0000000 0.0000000 1.0000000
vn 0.0000000 0.0000000 1.0000000
vn 0.0000000 0.0000000 -1.0000000
vn 0.0000000 0.0000000 -1.0000000
vn 0.0000000 0.0000000 -1.0000000
vn 0.0000000 0.0000000 -1.0000000
vn 0.0000000 0.0000000 -1.0000000
vn 0.0000000 0.0000000 -1.0000000
vn 0.0000000 0.9999999 0.0000000
vn 0.0000000 0.9999999 0.0000000
vn 0.0000000 0.9999999 0.0000000
vn 0.0000000 0.9999999 0.0000000
vn 0.0000000 0.9999999 0.0000000
vn 0.0000000 0.9999999 0.0000000
vn 0.0000000 -0.9999999 0.0000000
vn 0.0000000 -0.9999999 0.0000000
vn 0.0000000 -0.9999999 0.0000000
vn 0.0000000 -0.9999999 0.0000000
vn 0.0000000 -0.9999999 0.0000000
vn 0.0000000 -0.9999999 0.0000000
vn 0.9999999 0.0000000 0.0000000
vn 0.9999999 0.0000000 0.0000000
vn 0.9999999 0.0000000 0.0000000
vn 0.9999999 0.0000000 0.0000000
vn 0.9999999 0.0000000 0.0000000
vn 0.9999999 0.0000000 0.0000000
vn -0.9999999 0.0000000 0.0000000
vn -0.9999999 0.0000000 0.0000000
vn -0.9999999 0.0000000 0.0000000
vn -0.9999999 0.0000000 0.0000000
vn -0.9999999 0.0000000 0.0000000
vn -0.9999999 0.0000000 0.0000000
vn 0.0000000 0.0000000 1.0000000
vn 0.0000000 0.0000000 1.0000000
vn 0.0000000 0.0000000 1.0000000
vn 0.0000000 0.0000000 1.0000000
vn 0.0000000 0.0000000 1.0000000
vn 0.0000000 0.0000000 1.0000000
vn 0.0000000 0.0000000 -1.0000000
vn 0.0000000 0.0000000 -1.0000000
vn 0.0000000 0.0000000 -1.0000000
vn 0.0000000 0.0000000 -1.0000000
vn 0.0000000 0.0000000 -1.0000000
vn 0.0000000 0.0000000 -1.0000000
vn 0.0000000 0.9999999 0.0000000
vn 0.0000000 0.9999999 0.0000000
vn 0.0000000 0.9999999 0.0000000
vn 0.0000000 0.9999999 0.0000000
vn 0.0000000 0.9999999 0.0000000
vn 0.0000000 0.9999999 0.0000000
vn 0.0000000 -0.9999999 0.0000000
vn 0.0000000 -0.9999999 0.0000000
vn 0.0000000 -0.9999999 0.0000000
vn 0.0000000 -0.9999999 0.0000000
vn 0.0000000 -0.9999999 0.0000000
vn 0.0000000 -0.9999999 0.0000000
vn 0.9999999 0.0000000 0.0000000
vn 0.9999999 0.0000000 0.0000000
vn 0.9999999 0.0000000 0.0000000
vn 0.9999999 0.0000000 0.0000000
vn 0.9999999 0.0000000 0.0000000
vn 0.9999999 0.0000000 0.0000000
vn -0.9999999 0.0000000 0.0000000
vn -0.9999999 0.0000000 0.0000000
vn -0.9999999 0.0000000 0.0000000
vn -0.9999999 0.0000000 0.0000000
vn -0.9999999 0.0000000 0.0000000
vn -0.9999999 0.0000000 0.0000000
vn 0.0000000 0.0000000 1.0000000
vn 0.0000000 0.0000000 1.0000000
vn 0.0000000 0.0000000 1.0000000
vn 0.0000000 0.0000000 1.0000000
vn 0.0000000 0.0000000 1.0000000
vn 0.0000000 0.0000000 1.0000000
vn 0.0000000 0.0000000 -1.0000000
vn 0.0000000 0.0000000 -1.0000000
vn 0.0000000 0.0000000 -1.0000000
vn 0.0000000 0.0000000 -1.0000000
vn 0.0000000 0.0000000 -1.0000000
vn 0.0000000 0.0000000 -1.0000000
vn 0.0000000 1.0000000 0.0000000
vn 0.0000000 1.0000000 0.0000000
vn 0.0000000 1.0000000 0.0000000
vn 0.0000000 1.0000000 0.0000000
vn 0.0000000 1.0000000 0.0000000
vn 0.0000000 1.0000000 0.0000000
vn 0.0000000 -1.0000000 0.0000000
vn 0.0000000 -1.0000000 0.0000000
vn 0.0000000 -1.0000000 0.0000000
vn 0.0000000 -1.0000000 0.0000000
vn 0.0000000 -1.0000000 0.0000000
vn 0.0000000 -1.0000000 0.0000000
vn 1.0000000 0.0000000 0.0000000
vn 1.0000000 0.0000000 0.0000000
vn 1.0000000 0.0000000 0.0000000
vn 1.0000000 0.0000000 0.0000000
vn 1.0000000 0.0000000 0.0000000
vn 1.0000000 0.0000000 0.0000000
vn -1.0000000 0.0000000 0.0000000
vn -1.0000000 0.0000000 0.0000000
vn -1.0000000 0.0000000 0.0000000
vn -1.0000000 0.0000000 0.0000000
vn -1.0000000 0.0000000 0.0000000
vn -1.0000000 0.0000000 0.0000000
vn 0.0000000 0.0000000 1.0000000
vn 0.0000000 0.0000000 1.0000000
vn 0.0000000 0.0000000 1.0000000
vn 0.0000000 0.0000000 1.0000000
vn 0.0000000 0.0000000 1.0000000
vn 0.0000000 0.0000000 1.0000000
vn 0.0000000 0.0000000 -1.0000000
vn 0.0000000 0.0000000 -1.0000000
vn 0.0000000 0.0000000 -1.0000000
vn 0.0000000 0.0000000 -1.0000000
vn 0.0000000 0.0000000 -1.0000000
vn 0.0000000 0.0000000 -1.0000000
vn 0.0000000 0.9999999 0.0000000
vn 0.0000000 0.9999999 0.0000000
vn 0.0000000 0.9999999 0.0000000
vn 0.0000000 0.9999999 0.0000000
vn 0.0000000 0.9999999 0.0000000
vn 0.0000000 0.9999999 0.0000000
vn 0.0000000 -0.9999999 0.0000000
vn 0.0000000 -0.9999999 0.0000000
vn 0.0000000 -0.9999999 0.0000000
vn 0.0000000 -0.9999999 0.0000000
vn 0.0000000 -0.9999999 0.0000000
vn 0.0000000 -0.9999999 0.0000000
vn 1.0000000 0.0000000 0.0000000
vn 1.0000000 0.0000000 0.0000000
vn 1.0000000 0.0000000 0.0000000
vn 1.0000000 0.0000000 0.0000000
vn 1.0000000 0.0000000 0.0000000
vn 1.0000000 0.0000000 0.0000000
vn -1.0000000 0.0000000 0.0000000
vn -1.0000000 0.0000000 0.0000000
vn -1.0000000 0.0000000 0.0000000
vn -1.0000000 0.0000000 0.0000000
vn -1.0000000 0.0000000 0.0000000
vn -1.0000000 0.0000000 0.0000000
vn 0.0000000 0.0000000 1.0000000
vn 0.0000000 0.0000000 1.0000000
vn 0.0000000 0.0000000 1.0000000
vn 0.0000000 0.0000000 1.0000000
vn 0.0000000 0.0000000 1.0000000
vn 0.0000000 0.0000000 1.0000000
vn 0.0000000 0.0000000 -1.0000000
vn 0.0000000 0.0000000 -1.0000000
vn 0.0000000 0.0000000 -1.0000000
vn 0.0000000 0.0000000 -1.0000000
vn 0.0000000 0.0000000 -1.0000000
vn 0.0000000 0.0000000 -1.0000000
vn 0.0000000 0.9999999 0.0000000
vn 0.0000000 0.9999999 0.0000000
vn 0.0000000 0.9999999 0.0000000
vn 0.0000000 0.9999999 0.0000000
vn 0.0000000 0.9999999 0.0000000
vn 0.0000000 0.9999999 0.0000000
vn 0.0000000 -0.9999999 0.0000000
vn 0.0000000 -0.9999999 0.0000000
vn 0.0000000 -0.9999999 0.0000000
vn 0.0000000 -0.9999999 0.0000000
vn 0.0000000 -0.9999999 0.0000000
vn 0.0000000 -0.9999999 0.0000000
vn 1.0000000 0.0000000 0.0000000
vn 1.0000000 0.0000000 0.0000000
vn 1.0000000 0.0000000 0.0000000
vn 1.0000000 0.0000000 0.0000000
vn 1.0000000 0.0000000 0.0000000
vn 1.0000000 0.0000000 0.0000000
vn -1.0000000 0.0000000 0.0000000
vn -1.0000000 0.0000000 0.0000000
vn -1.0000000 0.0000000 0.0000000
vn -1.0000000 0.0000000 0.0000000
vn -1.0000000 0.0000000 0.0000000
vn -1.0000000 0.0000000 0.0000000
vn 0.0000000 0.0000000 1.0000000
vn 0.0000000 0.0000000 1.0000000
vn 0.0000000 0.0000000 1.0000000
vn 0.0000000 0.0000000 1.0000000
vn 0.0000000 0.0000000 1.0000000
vn 0.0000000 0.0000000 1.0000000
vn 0.0000000 0.0000000 -1.0000000
vn 0.0000000 0.0000000 -1.0000000
vn 0.0000000 0.0000000 -1.0000000
vn 0.0000000 0.0000000 -1.0000000
vn 0.0000000 0.0000000 -1.0000000
vn 0.0000000 0.0000000 -1.0000000
vn 0.0000000 0.9999999 0.0000000
vn 0.0000000 0.9999999 0.0000000
vn 0.0000000 0.9999999 0.0000000
vn 0.0000000 0.9999999 0.0000000
vn 0.0000000 0.9999999 0.0000000
vn 0.0000000 0.9999999 0.0000000
vn 0.0000000 -0.9999999 0.0000000
vn 0.0000000 -0.9999999 0.0000000
vn 0.0000000 -0.9999999 0.0000000
vn 0.0000000 -0.9999999 0.0000000
vn 0.0000000 -0.9999999 0.0000000
vn 0.0000000 -0.9999999 0.0000000
vn 0.9999999 0.0000000 0.0000000
vn 0.9999999 0.0000000 0.0000000
vn 0.9999999 0.0000000 0.0000000
vn 0.9999999 0.0000000 0.0000000
vn 0.9999999 0.0000000 0.0000000
vn 0.9999999 0.0000000 0.0000000
vn -0.9999999 0.0000000 0.0000000
vn -0.9999999 0.0000000 0.0000000
vn -0.9999999 0.0000000 0.0000000
vn -0.9999999 0.0000000 0.0000000
vn -0.9999999 0.0000000 0.0000000
vn -0.9999999 0.0000000 0.0000000
vn 0.0000000 0.0000000 1.0000000
vn 0.0000000 0.0000000 1.0000000
vn 0.0000000 0.0000000 1.0000000
vn 0.0000000 0.0000000 1.0000000
vn 0.0000000 0.0000000 1.0000000
vn 0.0000000 0.0000000 1.0000000
vn 0.0000000 0.0000000 -1.0000000
vn 0.0000000 0.0000000 -1.0000000
vn 0.0000000 0.0000000 -1.0000000
vn 0.0000000 0.0000000 -1.0000000
vn 0.0000000 0.0000000 -1.0000000
vn 0.0000000 0.0000000 -1.0000000
vn 0.0000000 0.9999999 0.0000000
vn 0.0000000 0.9999999 0.0000000
vn 0.0000000 0.9999999 0.0000000
vn 0.0000000 0.9999999 0.0000000
vn 0.0000000 0.9999999 0.0000000
vn 0.0000000 0.9999999 0.0000000
vn 0.0000000 -0.9999999 0.0000000
vn 0.0000000 -0.9999999 0.0000000
vn 0.0000000 -0.9999999 0.0000000
vn 0.0000000 -0.9999999 0.0000000
vn 0.0000000 -0.9999999 0.0000000
vn 0.0000000 -0.9999999 0.0000000
vn 0.9999999 0.0000000 0.0000000
vn 0.9999999 0.0000000 0.0000000
vn 0.9999999 0.0000000 0.0000000
vn 0.9999999 0.0000000 0.0000000
vn 0.9999999 0.0000000 0.0000000
vn 0.9999999 0.0000000 0.0000000
vn -0.9999999 0.0000000 0.0000000
vn -0.9999999 0.0000000 0.0000000
vn -0.9999999 0.0000000 0.0000000
vn -0.9999999 0.0000000 0.0000000
vn -0.9999999 0.0000000 0.0000000
vn -0.9999999 0.0000000 0.0000000
vn 0.0000000 0.0000000 1.0000000
vn 0.0000000 0.0000000 1.0000000
vn 0.0000000 0.0000000 1.0000000
vn 0.0000000 0.0000000 1.0000000
vn 0.0000000 0.0000000 1.0000000
vn 0.0000000 0.0000000 1.0000000
vn 0.0000000 0.0000000 -1.0000000
vn 0.0000000 0.0000000 -1.0000000
vn 0.0000000 0.0000000 -1.0000000
vn 0.0000000 0.0000000 -1.0000000
vn 0.0000000 0.0000000 -1.0000000
vn 0.0000000 0.0000000 -1.0000000
vn 0.0000000 1.0000000 0.0000000
vn 0.0000000 1.0000000 0.0000000
vn 0.0000000 1.0000000 0.0000000
vn 0.0000000 1.0000000 0.0000000
vn 0.0000000 1.0000000 0.0000000
vn 0.0000000 1.0000000 0.0000000
vn 0.0000000 -1.0000000 0.0000000
vn 0.0000000 -1.0000000 0.0000000
vn 0.0000000 -1.0000000 0.0000000
vn 0.0000000 -1.0000000 0.0000000
vn 0.0000000 -1.0000000 0.0000000
vn 0.0000000 -1.0000000 0.0000000
vn 1.0000000 0.0000000 0.0000000
vn 1.0000000 0.0000000 0.0000000
vn 1.0000000 0.0000000 0.0000000
vn 1.0000000 0.0000000 0.0000000
vn 1.0000000 0.0000000 0.0000000
vn 1.0000000 0.0000000 0.0000000
vn -1.0000000 0.0000000 0.0000000
vn -1.0000000 0.0000000 0.0000000
vn -1.0000000 0.0000000 0.0000000
vn -1.0000000 0.0000000 0.0000000
vn -1.0000000 0.0000000 0.0000000
vn -1.0000000 0.0000000 0.0000000
vn 0.0000000 0.0000000 1.0000000
vn 0.0000000 0.0000000 1.0000000
vn 0.0000000 0.0000000 1.0000000
vn 0.0000000 0.0000000 1.0000000
vn 0.0000000 0.0000000 1.0000000
vn 0.0000000 0.0000000 1.0000000
vn 0.0000000 0.0000000 -1.0000000
vn 0.0000000 0.0000000 -1.0000000
vn 0.0000000 0.0000000 -1.0000000
vn 0.0000000 0.0000000 -1.0000000
vn 0.0000000 0.0000000 -1.0000000
vn 0.0000000 0.0000000 -1.0000000
vn 0.0000000 0.9999999 0.0000000
vn 0.0000000 0.9999999 0.0000000
vn 0.0000000 0.9999999 0.0000000
vn 0.0000000 0.9999999 0.0000000
vn 0.0000000 0.9999999 0.0000000
vn 0.0000000 0.9999999 0.0000000
vn 0.0000000 -0.9999999 0.0000000
vn 0.0000000 -0.9999999 0.0000000
vn 0.0000000 -0.9999999 0.0000000
vn 0.0000000 -0.9999999 0.0000000
vn 0.0000000 -0.9999999 0.0000000
vn 0.0000000 -0.9999999 0.0000000
vn 1.0000000 0.0000000 0.0000000
vn 1.0000000 0.0000000 0.0000000
vn 1.0000000 0.0000000 0.0000000
vn 1.0000000 0.0000000 0.0000000
vn 1.0000000 0.0000000 0.0000000
vn 1.0000000 0.0000000 0.0000000
vn -1.0000000 0.0000000 0.0000000
vn -1.0000000 0.0000000 0.0000000
vn -1.0000000 0.0000000 0.0000000
vn -1.0000000 0.0000000 0.0000000
vn -1.0000000 0.0000000 0.0000000
vn -1.0000000 0.0000000 0.0000000
vn 0.0000000 0.0000000 1.0000000
vn 0.0000000 0.0000000 1.0000000
vn 0.0000000 0.0000000 1.0000000
vn 0.0000000 0.0000000 1.0000000
vn 0.0000000 0.0000000 1.0000000
vn 0.0000000 0.0000000 1.0000000
vn 0.0000000 0.0000000 -1.0000000
vn 0.0000000 0.0000000 -1.0000000
vn 0.0000000 0.0000000 -1.0000000
vn 0.0000000 0.0000000 -1.0000000
vn 0.0000000 0.0000000 -1.0000000
vn 0.0000000 0.0000000 -1.0000000
vn 0.0000000 1.0000000 0.0000000
vn 0.0000000 1.0000000 0.0000000
vn 0.0000000 1.0000000 0.0000000
vn 0.0000000 1.0000000 0.0000000
vn 0.0000000 1.0000000 0.0000000
vn 0.0000000 1.0000000 0.0000000
vn 0.0000000 -1.0000000 0.0000000
vn 0.0000000 -1.0000000 0.0000000
vn 0.0000000 -1.0000000 0.0000000
vn 0.0000000 -1.0000000 0.0000000
vn 0.0000000 -1.0000000 0.0000000
vn 0.0000000 -1.0000000 0.0000000
vn 1.0000000 0.0000000 0.0000000
vn 1.0000000 0.0000000 0.0000000
vn 1.0000000 0.0000000 0.0000000
vn 1.0000000 0.0000000 0.0000000
vn 1.0000000 0.0000000 0.0000000
vn 1.0000000 0.0000000 0.0000000
vn -1.0000000 0.0000000 0.0000000
vn -1.0000000 0.0000000 0.0000000
vn -1.0000000 0.0000000 0.0000000
vn -1.0000000 0.0000000 0.0000000
vn -1.0000000 0.0000000 0.0000000
vn -1.0000000 0.0000000 0.0000000
vn 0.0000000 0.0000000 1.0000000
vn 0.0000000 0.0000000 1.0000000
vn 0.0000000 0.0000000 1.0000000
vn 0.0000000 0.0000000 1.0000000
vn 0.0000000 0.0000000 1.0000000
vn 0.0000000 0.0000000 1.0000000
vn 0.0000000 0.0000000 -1.0000000
vn 0.0000000 0.0000000 -1.0000000
vn 0.0000000 0.0000000 -1.0000000
vn 0.0000000 0.0000000 -1.0000000
vn 0.0000000 0.0000000 -1.0000000
vn 0.0000000 0.0000000 -1.0000000
vn 0.0000000 0.9999999 0.0000000
vn 0.0000000 0.9999999 0.0000000
vn 0.0000000 0.9999999 0.0000000
vn 0.0000000 0.9999999 0.0000000
vn 0.0000000 0.9999999 0.0000000
vn 0.0000000 0.9999999 0.0000000
vn 0.0000000 -0.9999999 0.0000000
vn 0.0000000 -0.9999999 0.0000000
vn 0.0000000 -0.9999999 0.0000000
vn 0.0000000 -0.9999999 0.0000000
vn 0.0000000 -0.9999999 0.0000000
vn 0.0000000 -0.9999999 0.0000000
vn 1.0000000 0.0000000 0.0000000
vn 1.0000000 0.0000000 0.0000000
vn 1.0000000 0.0000000 0.0000000
vn 1.0000000 0.0000000 0.0000000
vn 1.0000000 0.0000000 0.0000000
vn 1.0000000 0.0000000 0.0000000
vn -1.0000000 0.0000000 0.0000000
vn -1.0000000 0.0000000 0.0000000
vn -1.0000000 0.0000000 0.0000000
vn -1.0000000 0.0000000 0.0000000
vn -1.0000000 0.0000000 0.0000000
vn -1.0000000 0.0000000 0.0000000
usemtl sand
f 1//1 2//2 4//3
f 1//4 4//5 3//6
f 5//7 7//8 8//9
f 5//10 8//11 6//12
f 1//13 5//14 6//15
f 1//16 6//17 2//18
f 3//19 4//20 8//21
f 3//22 8//23 7//24
f 1//25 3//26 7//27
f 1//28 7//29 5//30
f 2//31 6//32 8//33
f 2//34 8//35 4//36
f 9//37 10//38 12//39
f 9//40 12//41 11//42
f 13//43 15//44 16//45
f 13//46 16//47 14//48
f 9//49 13//50 14//51
f 9//52 14//53 10//54
f 11//55 12//56 16//57
f 11//58 16//59 15//60
f 9//61 11//62 15//63
f 9//64 15//65 13//66
f 10//67 14//68 16//69
f 10//70 16//71 12//72
f 17//73 18//74 20//75
f 17//76 20//77 19//78
f 21//79 23//80 24//81
f 21//82 24//83 22//84
f 17//85 21//86 22//87
f 17//88 22//89 18//90
f 19//91 20//92 24//93
f 19//94 24//95 23//96
f 17//97 19//98 23//99
f 17//100 23//101 21//102
f 18//103 22//104 24//105
f 18//106 24//107 20//108
f 25//109 26//110 28//111
f 25//112 28//113 27//114
f 29//115 31//116 32//117
f 29//118 32//119 30//120
f 25//121 29//122 30//123
f 25//124 30//125 26//126
f 27//127 28//128 32//129
f 27//130 32//131 31//132
f 25//133 27//134 31//135
f 25//136 31//137 29//138
f 26//139 30//140 32//141
f 26//142 32//143 28//144
f 33//145 34//146 36//147
f 33//148 36//149 35//150
f 37//151 39//152 40//153
f 37//154 40//155 38//156
f 33//157 37//158 38//159
f 33//160 38//161 34//162
f 35//163 36//164 40//165
f 35//166 40//167 39//168
f 33//169 35//170 39//171
f 33//172 39//173 37//174
f 34//175 38//176 40//177
f 34//178 40//179 36//180
f 41//181 42//182 44//183
f 41//184 44//185 43//186
f 45//187 47//188 48//189
f 45//190 48//191 46//192
f 41//193 45//194 46//195
f 41//196 46//197 42//198
f 43//199 44//200 48//201
f 43//202 48//203 47//204
f 41//205 43//206 47//207
f 41//208 47//209 45//210
f 42//211 46//212 48//213
f 42//214 48//215 44//216
f 49//217 50//218 52//219
f 49//220 52//221 51//222
f 53//223 55//224 56//225
f 53//226 56//227 54//228
f 49//229 53//230 54//231
f 49//232 54//233 50//234
f 51//235 52//236 56//237
f 51//238 56//239 55//240
f 49//241 51//242 55//243
f 49//244 55//245 53//246
f 50//247 54//248 56//249
f 50//250 56//251 52//252
f 57//253 58//254 60//255
f 57//256 60//257 59//258
f 61//259 63//260 64//261
f 61//262 64//263 62//264
f 57//265 61//266 62//267
f 57//268 62//269 58//270
f 59//271 60//272 64//273
f 59//274 64//275 63//276
f 57//277 59//278 63//279
f 57//280 63//281 61//282
f 58//283 62//284 64//285
f 58//286 64//287 60//288
f 65//289 66//290 68//291
f 65//292 68//293 67//294
f 69//295 71//296 72//297
f 69//298 72//299 70//300
f 65//301 69//302 70//303
f 65//304 70//305 66//306
f 67//307 68//308 72//309
f 67//310 72//311 71//312
f 65//313 67//314 71//315
f 65//316 71//317 69//318
f 66//319 70//320 72//321
f 66//322 72//323 68//324
f 73//325 74//326 76//327
f 73//328 76//329 75//330
f 77//331 79//332 80//333
f 77//334 80//335 78//336
f 73//337 77//338 78//339
f 73//340 78//341 74//342
f 75//343 76//344 80//345
f 75//346 80//347 79//348
f 73//349 75//350 79//351
f 73//352 79//353 77//354
f 74//355 78//356 80//357
f 74//358 80//359 76//360
f 81//361 82//362 84//363
f 81//364 84//365 83//366
f 85//367 87//368 88//369
f 85//370 88//371 86//372
f 81//373 85//374 86//375
f 81//376 86//377 82//378
f 83//379 84//380 88//381
f 83//382 88//383 87//384
f 81//385 83//386 87//387
f 81//388 87//389 85//390
f 82//391 86//392 88//393
f 82//394 88//395 84//396
f 89//397 90//398 92//399
f 89//400 92//401 91//402
f 93//403 95//404 96//405
f 93//406 96//407 94//408
f 89//409 93//410 94//411
f 89//412 94//413 90//414
f 91//415 92//416 96//417
f 91//418 96//419 95//420
f 89//421 91//422 95//423
f 89//424 95//425 93//426
f 90//427 94//428 96//429
f 90//430 96//431 92//432
f 97//433 98//434 100//435
f 97//436 100//437 99//438
f 101//439 103//440 104//441
f 101//442 104//443 102//444
f 97//445 101//446 102//447
f 97//448 102//449 98//450
f 99//451 100//452 104//453
f 99//454 104//455 103//456
f 97//457 99//458 103//459
f 97//460 103//461 101//462
f 98//463 102//464 104//465
f 98//466 104//467 100//468
f 105//469 106//470 108//471
f 105//472 108//473 107//474
f 109//475 111//476 112//477
f 109//478 112//479 110//480
f 105//481 109//482 110//483
f 105//484 110//485 106//486
f 107//487 108//488 112//489
f 107//490 112//491 111//492
f 105//493 107//494 111//495
f 105//496 111//497 109//498
f 106//499 110//500 112//501
f 106//502 112//503 108//504
f 113//505 114//506 116//507
f 113//508 116//509 115//510
f 117//511 119//512 120//513
f 117//514 120//515 118//516
f 113//517 117//518 118//519
f 113//520 118//521 114//522
f 115//523 116//524 120//525
f 115//526 120//527 119//528
f 113//529 115//530 119//531
f 113//532 119//533 117//534
f 114//535 118//536 120//537
f 114//538 120//539 116//540
f 121//541 122//542 124//543
f 121//544 124//545 123//546
f 125//547 127//548 128//549
f 125//550 128//551 126//552
f 121//553 125//554 126//555
f 121//556 126//557 122//558
f 123//559 124//560 128//561
f 123//562 128//563 127//564
f 121//565 123//566 127//567
f 121//568 127//569 125//570
f 122//571 126//572 128//573
f 122//574 128//575 124//576
f 129//577 130//578 132//579
f 129//580 132//581 131//582
f 133//583 135//584 136//585
f 133//586 136//587 134//588
f 129//589 133//590 134//591
f 129//592 134//593 130//594
f 131//595 132//596 136//597
f 131//598 136//599 135//600
f 129//601 131//602 135//603
f 129//604 135//605 133//606
f 130//607 134//608 136//609
f 130//610 136//611 132//612
f 137//613 138//614 140//615
f 137//616 140//617 139//618
f 141//619 143//620 144//621
f 141//622 144//623 142//624
f 137//625 141//626 142//627
f 137//628 142//629 138//630
f 139//631 140//632 144//633
f 139//634 144//635 143//636
f 137//637 139//638 143//639
f 137//640 143//641 141//642
f 138//643 142//644 144//645
f 138//646 144//647 140//648
f 145//649 146//650 148//651
f 145//652 148//653 147//654
f 149//655 151//656 152//657
f 149//658 152//659 150//660
f 145//661 149//662 150//663
f 145//664 150//665 146//666
f 147//667 148//668 152//669
f 147//670 152//671 151//672
f 145//673 147//674 151//675
f 145//676 151//677 149//678
f 146//679 150//680 152//681
f 146//682 152//683 148//684
f 153//685 154//686 156//687
f 153//688 156//689 155//690
f 157//691 159//692 160//693
f 157//694 160//695 158//696
f 153//697 157//698 158//699
f 153//700 158//701 154//702
f 155//703 156//704 160//705
f 155//706 160//707 159//708
f 153//709 155//710 159//711
f 153//712 159//713 157//714
f 154//715 158//716 160//717
f 154//718 160//719 156//720
f 161//721 162//722 164//723
f 161//724 164//725 163//726
f 165//727 167//728 168//729
f 165//730 168//731 166//732
f 161//733 165//734 166//735
f 161//736 166//737 162//738
f 163//739 164//740 168//741
f 163//742 168//743 167//744
f 161//745 163//746 167//747
f 161//748 167//749 165//750
f 162//751 166//752 168//753
f 162//754 168//755 164//756
f 169//757 170//758 172//759
f 169//760 172//761 171//762
f 173//763 175//764 176//765
f 173//766 176//767 174//768
f 169//769 173//770 174//771
f 169//772 174//773 170//774
f 171//775 172//776 176//777
f 171//778 176//779 175//780
f 169//781 171//782 175//783
f 169//784 175//785 173//786
f 170//787 174//788 176//789
f 170//790 176//791 172//792
f 177//793 178//794 180//795
f 177//796 180//797 179//798
f 181//799 183//800 184//801
f 181//802 184//803 182//804
f 177//805 181//806 182//807
f 177//808 182//809 178//810
f 179//811 180//812 184//813
f 179//814 184//815 183//816
f 177//817 179//818 183//819
f 177//820 183//821 181//822
f 178//823 182//824 184//825
f 178//826 184//827 180//828
f 185//829 186//830 188//831
f 185//832 188//833 187//834
f 189//835 191//836 192//837
f 189//838 192//839 190//840
f 185//841 189//842 190//843
f 185//844 190//845 186//846
f 187//847 188//848 192//849
f 187//850 192//851 191//852
f 185//853 187//854 191//855
f 185//856 191//857 189//858
f 186//859 190//860 192//861
f 186//862 192//863 188//864
f 193//865 194//866 196//867
f 193//868 196//869 195//870
f 197//871 199//872 200//873
f 197//874 200//875 198//876
f 193//877 197//878 198//879
f 193//880 198//881 194//882
f 195//883 196//884 200//885
f 195//886 200//887 199//888
f 193//889 195//890 199//891
f 193//892 199//893 197//894
f 194//895 198//896 200//897
f 194//898 200//899 196//900
f 201//901 202//902 204//903
f 201//904 204//905 203//906
f 205//907 207//908 208//909
f 205//910 208//911 206//912
f 201//913 205//914 206//915
f 201//916 206//917 202//918
f 203//919 204//920 208//921
f 203//922 208//923 207//924
f 201//925 203//926 207//927
f 201//928 207//929 205//930
f 202//931 206//932 208//933
f 202//934 208//935 204//936
f 209//937 210//938 212//939
f 209//940 212//941 211//942
f 213//943 215//944 216//945
f 213//946 216//947 214//948
f 209//949 213//950 214//951
f 209//952 214//953 210//954
f 211//955 212//956 216//957
f 211//958 216//959 215//960
f 209//961 211//962 215//963
f 209//964 215//965 213//966
f 210//967 214//968 216//969
f 210//970 216//971 212//972
f 217//973 218//974 220//975
f 217//976 220//977 219//978
f 221//979 223//980 224//981
f 221//982 224//983 222//984
f 217//985 221//986 222//987
f 217//988 222//989 218//990
f 219//991 220//992 224//993
f 219//994 224//995 223//996
f 217//997 219//998 223//999
f 217//1000 223//1001 221//1002
f 218//1003 222//1004 224//1005
f 218//1006 224//1007 220//1008
f 225//1009 226//1010 228//1011
f 225//1012 228//1013 227//1014
f 229//1015 231//1016 232//1017
f 229//1018 232//1019 230//1020
f 225//1021 229//1022 230//1023
f 225//1024 230//1025 226//1026
f 227//1027 228//1028 232//1029
f 227//1030 232//1031 231//1032
f 225//1033 227//1034 231//1035
f 225//1036 231//1037 229//1038
f 226//1039 230//1040 232//1041
f 226//1042 232//1043 228//1044
f 233//1045 234//1046 236//1047
f 233//1048 236//1049 235//1050
f 237//1051 239//1052 240//1053
f 237//1054 240//1055 238//1056
f 233//1057 237//1058 238//1059
f 233//1060 238//1061 234//1062
f 235//1063 236//1064 240//1065
f 235//1066 240//1067 239//1068
f 233//1069 235//1070 239//1071
f 233//1072 239//1073 237//1074
f 234//1075 238//1076 240//1077
f 234//1078 240//1079 236//1080
f 241//1081 242//1082 244//1083
f 241//1084 244//1085 243//1086
f 245//1087 247//1088 248//1089
f 245//1090 248//1091 246//1092
f 241//1093 245//1094 246//1095
f 241//1096 246//1097 242//1098
f 243//1099 244//1100 248//1101
f 243//1102 248//1103 247//1104
f 241//1105 243//1106 247//1107
f 241//1108 247//1109 245//1110
f 242//1111 246//1112 248//1113
f 242//1114 248//1115 244//1116
f 249//1117 250//1118 252//1119
f 249//1120 252//1121 251//1122
f 253//1123 255//1124 256//1125
f 253//1126 256//1127 254//1128
f 249//1129 253//1130 254//1131
f 249//1132 254//1133 250//1134
f 251//1135 252//1136 256//1137
f 251//1138 256//1139 255//1140
f 249//1141 251//1142 255//1143
f 249//1144 255//1145 253//1146
f 250//1147 254//1148 256//1149
f 250//1150 256//1151 252//1152
f 257//1153 258//1154 260//1155
f 257//1156 260//1157 259//1158
f 261//1159 263//1160 264//1161
f 261//1162 264//1163 262//1164
f 257//1165 261//1166 262//1167
f 257//1168 262//1169 258//1170
f 259//1171 260//1172 264//1173
f 259//1174 264//1175 263//1176
f 257//1177 259//1178 263//1179
f 257//1180 263//1181 261//1182
f 258//1183 262//1184 264//1185
f 258//1186 264//1187 260//1188
f 265//1189 266//1190 268//1191
f 265//1192 268//1193 267//1194
f 269//1195 271//1196 272//1197
f 269//1198 272//1199 270//1200
f 265//1201 269//1202 270//1203
f 265//1204 270//1205 266//1206
f 267//1207 268//1208 272//1209
f 267//1210 272//1211 271//1212
f 265//1213 267//1214 271//1215
f 265//1216 271//1217 269//1218
f 266//1219 270//1220 272//1221
f 266//1222 272//1223 268//1224
f 273//1225 274//1226 276//1227
f 273//1228 276//1229 275//1230
f 277//1231 279//1232 280//1233
f 277//1234 280//1235 278//1236
f 273//1237 277//1238 278//1239
f 273//1240 278//1241 274//1242
f 275//1243 276//1244 280//1245
f 275//1246 280//1247 279//1248
f 273//1249 275//1250 279//1251
f 273//1252 279//1253 277//1254
f 274//1255 278//1256 280//1257
f 274//1258 280//1259 276//1260
f 281//1261 282//1262 284//1263
f 281//1264 284//1265 283//1266
f 285//1267 287//1268 288//1269
f 285//1270 288//1271 286//1272
f 281//1273 285//1274 286//1275
f 281//1276 286//1277 282//1278
f 283//1279 284//1280 288//1281
f 283//1282 288//1283 287//1284
f 281//1285 283//1286 287//1287
f 281//1288 287//1289 285//1290
f 282//1291 286//1292 288//1293
f 282//1294 288//1295 284//1296
f 289//1297 290//1298 292//1299
f 289//1300 292//1301 291//1302
f 293//1303 295//1304 296//1305
f 293//1306 296//1307 294//1308
f 289//1309 293//1310 294//1311
f 289//1312 294//1313 290//1314
f 291//1315 292//1316 296//1317
f 291//1318 296//1319 295//1320
f 289//1321 291//1322 295//1323
f 289//1324 295//1325 293//1326
f 290//1327 294//1328 296//1329
f 290//1330 296//1331 292//1332
f 297//1333 298//1334 300//1335
f 297//1336 300//1337 299//1338
f 301//1339 303//1340 304//1341
f 301//1342 304//1343 302//1344
f 297//1345 301//1346 302//1347
f 297//1348 302//1349 298//1350
f 299//1351 300//1352 304//1353
f 299//1354 304//1355 303//1356
f 297//1357 299//1358 303//1359
f 297//1360 303//1361 301//1362
f 298//1363 302//1364 304//1365
f 298//1366 304//1367 300//1368
f 305//1369 306//1370 308//1371
f 305//1372 308//1373 307//1374
f 309//1375 311//1376 312//1377
f 309//1378 312//1379 310//1380
f 305//1381 309//1382 310//1383
f 305//1384 310//1385 306//1386
f 307//1387 308//1388 312//1389
f 307//1390 312//1391 311//1392
f 305//1393 307//1394 311//1395
f 305//1396 311//1397 309//1398
f 306//1399 310//1400 312//1401
f 306//1402 312//1403 308//1404
f 313//1405 314//1406 316//1407
f 313//1408 316//1409 315//1410
f 317//1411 319//1412 320//1413
f 317//1414 320//1415 318//1416
f 313//1417 317//1418 318//1419
f 313//1420 318//1421 314//1422
f 315//1423 316//1424 320//1425
f 315//1426 320//1427 319//1428
f 313//1429 315//1430 319//1431
f 313//1432 319//1433 317//1434
f 314//1435 318//1436 320//1437
f 314//1438 320//1439 316//1440
f 321//1441 322//1442 324//1443
f 321//1444 324//1445 323//1446
f 325//1447 327//1448 328//1449
f 325//1450 328//1451 326//1452
f 321//1453 325//1454 326//1455
f 321//1456 326//1457 322//1458
f 323//1459 324//1460 328//1461
f 323//1462 328//1463 327//1464
f 321//1465 323//1466 327//1467
f 321//1468 327//1469 325//1470
f 322//1471 326//1472 328//1473
f 322//1474 328//1475 324//1476
f 329//1477 330//1478 332//1479
f 329//1480 332//1481 331//1482
f 333//1483 335//1484 336//1485
f 333//1486 336//1487 334//1488
f 329//1489 333//1490 334//1491
f 329//1492 334//1493 330//1494
f 331//1495 332//1496 336//1497
f 331//1498 336//1499 335//1500
f 329//1501 331//1502 335//1503
f 329//1504 335//1505 333//1506
f 330//1507 334//1508 336//1509
f 330//1510 336//1511 332//1512
f 337//1513 338//1514 340//1515
f 337//1516 340//1517 339//1518
f 341//1519 343//1520 344//1521
f 341//1522 344//1523 342//1524
f 337//1525 341//1526 342//1527
f 337//1528 342//1529 338//1530
f 339//1531 340//1532 344//1533
f 339//1534 344//1535 343//1536
f 337//1537 339//1538 343//1539
f 337//1540 343//1541 341//1542
f 338//1543 342//1544 344//1545
f 338//1546 344//1547 340//1548
f 345//1549 346//1550 348//1551
f 345//1552 348//1553 347//1554
f 349//1555 351//1556 352//1557
f 349//1558 352//1559 350//1560
f 345//1561 349//1562 350//1563
f 345//1564 350//1565 346//1566
f 347//1567 348//1568 352//1569
f 347//1570 352//1571 351//1572
f 345//1573 347//1574 351//1575
f 345//1576 351//1577 349//1578
f 346//1579 350//1580 352//1581
f 346//1582 352//1583 348//1584
f 353//1585 354//1586 356//1587
f 353//1588 356//1589 355//1590
f 357//1591 359//1592 360//1593
f 357//1594 360//1595 358//1596
f 353//1597 357//1598 358//1599
f 353//1600 358//1601 354//1602
f 355//1603 356//1604 360//1605
f 355//1606 360//1607 359//1608
f 353//1609 355//1610 359//1611
f 353//1612 359//1613 357//1614
f 354//1615 358//1616 360//1617
f 354//1618 360//1619 356//1620
f 361//1621 362//1622 364//1623
f 361//1624 364//1625 363//1626
f 365//1627 367//1628 368//1629
f 365//1630 368//1631 366//1632
f 361//1633 365//1634 366//1635
f 361//1636 366//1637 362//1638
f 363//1639 364//1640 368//1641
f 363//1642 368//1643 367//1644
f 361//1645 363//1646 367//1647
f 361//1648 367//1649 365//1650
f 362//1651 366//1652 368//1653
f 362//1654 368//1655 364//1656
f 369//1657 370//1658 372//1659
f 369//1660 372//1661 371//1662
f 373//1663 375//1664 376//1665
f 373//1666 376//1667 374//1668
f 369//1669 373//1670 374//1671
f 369//1672 374//1673 370//1674
f 371//1675 372//1676 376//1677
f 371//1678 376//1679 375//1680
f 369//1681 371//1682 375//1683
f 369//1684 375//1685 373//1686
f 370//1687 374//1688 376//1689
f 370//1690 376//1691 372//1692
f 377//1693 378//1694 380//1695
f 377//1696 380//1697 379//1698
f 381//1699 383//1700 384//1701
f 381//1702 384//1703 382//1704
f 377//1705 381//1706 382//1707
f 377//1708 382//1709 378//1710
f 379//1711 380//1712 384//1713
f 379//1714 384//1715 383//1716
f 377//1717 379//1718 383//1719
f 377//1720 383//1721 381//1722
f 378//1723 382//1724 384//1725
f 378//1726 384//1727 380//1728
f 385//1729 386//1730 388//1731
f 385//1732 388//1733 387//1734
f 389//1735 391//1736 392//1737
f 389//1738 392//1739 390//1740
f 385//1741 389//1742 390//1743
f 385//1744 390//1745 386//1746
f 387//1747 388//1748 392//1749
f 387//1750 392//1751 391//1752
f 385//1753 387//1754 391//1755
f 385//1756 391//1757 389//1758
f 386//1759 390//1760 392//1761
f 386//1762 392//1763 388//1764
f 393//1765 394//1766 396//1767
f 393//1768 396//1769 395//1770
f 397//1771 399//1772 400//1773
f 397//1774 400//1775 398//1776
f 393//1777 397//1778 398//1779
f 393//1780 398//1781 394//1782
f 395//1783 396//1784 400//1785
f 395//1786 400//1787 399//1788
f 393//1789 395//1790 399//1791
f 393//1792 399//1793 397//1794
f 394//1795 398//1796 400//1797
f 394//1798 400//1799 396//1800
f 401//1801 402//1802 404//1803
f 401//1804 404//1805 403//1806
f 405//1807 407//1808 408//1809
f 405//1810 408//1811 406//1812
f 401//1813 405//1814 406//1815
f 401//1816 406//1817 402//1818
f 403//1819 404//1820 408//1821
f 403//1822 408//1823 407//1824
f 401//1825 403//1826 407//1827
f 401//1828 407//1829 405//1830
f 402//1831 406//1832 408//1833
f 402//1834 408//1835 404//1836
f 409//1837 410//1838 412//1839
f 409//1840 412//1841 411//1842
f 413//1843 415//1844 416//1845
f 413//1846 416//1847 414//1848
f 409//1849 413//1850 414//1851
f 409//1852 414//1853 410//1854
f 411//1855 412//1856 416//1857
f 411//1858 416//1859 415//1860
f 409//1861 411//1862 415//1863
f 409//1864 415//1865 413//1866
f 410//1867 414//1868 416//1869
f 410//1870 416//1871 412//1872
f 417//1873 418//1874 420//1875
f 417//1876 420//1877 419//1878
f 421//1879 423//1880 424//1881
f 421//1882 424//1883 422//1884
f 417//1885 421//1886 422//1887
f 417//1888 422//1889 418//1890
f 419//1891 420//1892 424//1893
f 419//1894 424//1895 423//1896
f 417//1897 419//1898 423//1899
f 417//1900 423//1901 421//1902
f 418//1903 422//1904 424//1905
f 418//1906 424//1907 420//1908
f 425//1909 426//1910 428//1911
f 425//1912 428//1913 427//1914
f 429//1915 431//1916 432//1917
f 429//1918 432//1919 430//1920
f 425//1921 429//1922 430//1923
f 425//1924 430//1925 426//1926
f 427//1927 428//1928 432//1929
f 427//1930 432//1931 431//1932
f 425//1933 427//1934 431//1935
f 425//1936 431//1937 429//1938
f 426//1939 430//1940 432//1941
f 426//1942 432//1943 428//1944
f 433//1945 434//1946 436//1947
f 433//1948 436//1949 435//1950
f 437//1951 439//1952 440//1953
f 437//1954 440//1955 438//1956
f 433//1957 437//1958 438//1959
f 433//1960 438//1961 434//1962
f 435//1963 436//1964 440//1965
f 435//1966 440//1967 439//1968
f 433//1969 435//1970 439//1971
f 433//1972 439//1973 437//1974
f 434//1975 438//1976 440//1977
f 434//1978 440//1979 436//1980
f 441//1981 442//1982 444//1983
f 441//1984 444//1985 443//1986
f 445//1987 447//1988 448//1989
f 445//1990 448//1991 446//1992
f 441//1993 445//1994 446//1995
f 441//1996 446//1997 442//1998
f 443//1999 444//2000 448//2001
f 443//2002 448//2003 447//2004
f 441//2005 443//2006 447//2007
f 441//2008 447//2009 445//2010
f 442//2011 446//2012 448//2013
f 442//2014 448//2015 444//2016
f 449//2017 450//2018 452//2019
f 449//2020 452//2021 451//2022
f 453//2023 455//2024 456//2025
f 453//2026 456//2027 454//2028
f 449//2029 453//2030 454//2031
f 449//2032 454//2033 450//2034
f 451//2035 452//2036 456//2037
f 451//2038 456//2039 455//2040
f 449//2041 451//2042 455//2043
f 449//2044 455//2045 453//2046
f 450//2047 454//2048 456//2049
f 450//2050 456//2051 452//2052
f 457//2053 458//2054 460//2055
f 457//2056 460//2057 459//2058
f 461//2059 463//2060 464//2061
f 461//2062 464//2063 462//2064
f 457//2065 461//2066 462//2067
f 457//2068 462//2069 458//2070
f 459//2071 460//2072 464//2073
f 459//2074 464//2075 463//2076
f 457//2077 459//2078 463//2079
f 457//2080 463//2081 461//2082
f 458//2083 462//2084 464//2085
f 458//2086 464//2087 460//2088
f 465//2089 466//2090 468//2091
f 465//2092 468//2093 467//2094
f 469//2095 471//2096 472//2097
f 469//2098 472//2099 470//2100
f 465//2101 469//2102 470//2103
f 465//2104 470//2105 466//2106
f 467//2107 468//2108 472//2109
f 467//2110 472//2111 471//2112
f 465//2113 467//2114 471//2115
f 465//2116 471//2117 469//2118
f 466//2119 470//2120 472//2121
f 466//2122 472//2123 468//2124
f 473//2125 474//2126 476//2127
f 473//2128 476//2129 475//2130
f 477//2131 479//2132 480//2133
f 477//2134 480//2135 478//2136
f 473//2137 477//2138 478//2139
f 473//2140 478//2141 474//2142
f 475//2143 476//2144 480//2145
f 475//2146 480//2147 479//2148
f 473//2149 475//2150 479//2151
f 473//2152 479//2153 477//2154
f 474//2155 478//2156 480//2157
f 474//2158 480//2159 476//2160
f 481//2161 482//2162 484//2163
f 481//2164 484//2165 483//2166
f 485//2167 487//2168 488//2169
f 485//2170 488//2171 486//2172
f 481//2173 485//2174 486//2175
f 481//2176 486//2177 482//2178
f 483//2179 484//2180 488//2181
f 483//2182 488//2183 487//2184
f 481//2185 483//2186 487//2187
f 481//2188 487//2189 485//2190
f 482//2191 486//2192 488//2193
f 482//2194 488//2195 484//2196
f 489//2197 490//2198 492//2199
f 489//2200 492//2201 491//2202
f 493//2203 495//2204 496//2205
f 493//2206 496//2207 494//2208
f 489//2209 493//2210 494//2211
f 489//2212 494//2213 490//2214
f 491//2215 492//2216 496//2217
f 491//2218 496//2219 495//2220
f 489//2221 491//2222 495//2223
f 489//2224 495//2225 493//2226
f 490//2227 494//2228 496//2229
f 490//2230 496//2231 492//2232
f 497//2233 498//2234 500//2235
f 497//2236 500//2237 499//2238
f 501//2239 503//2240 504//2241
f 501//2242 504//2243 502//2244
f 497//2245 501//2246 502//2247
f 497//2248 502//2249 498//2250
f 499//2251 500//2252 504//2253
f 499//2254 504//2255 503//2256
f 497//2257 499//2258 503//2259
f 497//2260 503//2261 501//2262
f 498//2263 502//2264 504//2265
f 498//2266 504//2267 500//2268
f 505//2269 506//2270 508//2271
f 505//2272 508//2273 507//2274
f 509//2275 511//2276 512//2277
f 509//2278 512//2279 510//2280
f 505//2281 509//2282 510//2283
f 505//2284 510//2285 506//2286
f 507//2287 508//2288 512//2289
f 507//2290 512//2291 511//2292
f 505//2293 507//2294 511//2295
f 505//2296 511//2297 509//2298
f 506//2299 510//2300 512//2301
f 506//2302 512//2303 508//2304
f 513//2305 514//2306 516//2307
f 513//2308 516//2309 515//2310
f 517//2311 519//2312 520//2313
f 517//2314 520//2315 518//2316
f 513//2317 517//2318 518//2319
f 513//2320 518//2321 514//2322
f 515//2323 516//2324 520//2325
f 515//2326 520//2327 519//2328
f 513//2329 515//2330 519//2331
f 513//2332 519//2333 517//2334
f 514//2335 518//2336 520//2337
f 514//2338 520//2339 516//2340
f 521//2341 522//2342 524//2343
f 521//2344 524//2345 523//2346
f 525//2347 527//2348 528//2349
f 525//2350 528//2351 526//2352
f 521//2353 525//2354 526//2355
f 521//2356 526//2357 522//2358
f 523//2359 524//2360 528//2361
f 523//2362 528//2363 527//2364
f 521//2365 523//2366 527//2367
f 521//2368 527//2369 525//2370
f 522//2371 526//2372 528//2373
f 522//2374 528//2375 524//2376
f 529//2377 530//2378 532//2379
f 529//2380 532//2381 531//2382
f 533//2383 535//2384 536//2385
f 533//2386 536//2387 534//2388
f 529//2389 533//2390 534//2391
f 529//2392 534//2393 530//2394
f 531//2395 532//2396 536//2397
f 531//2398 536//2399 535//2400
f 529//2401 531//2402 535//2403
f 529//2404 535//2405 533//2406
f 530//2407 534//2408 536//2409
f 530//2410 536//2411 532//2412
f 537//2413 538//2414 540//2415
f 537//2416 540//2417 539//2418
f 541//2419 543//2420 544//2421
f 541//2422 544//2423 542//2424
f 537//2425 541//2426 542//2427
f 537//2428 542//2429 538//2430
f 539//2431 540//2432 544//2433
f 539//2434 544//2435 543//2436
f 537//2437 539//2438 543//2439
f 537//2440 543//2441 541//2442
f 538//2443 542//2444 544//2445
f 538//2446 544//2447 540//2448
f 545//2449 546//2450 548//2451
f 545//2452 548//2453 547//2454
f 549//2455 551//2456 552//2457
f 549//2458 552//2459 550//2460
f 545//2461 549//2462 550//2463
f 545//2464 550//2465 546//2466
f 547//2467 548//2468 552//2469
f 547//2470 552//2471 551//2472
f 545//2473 547//2474 551//2475
f 545//2476 551//2477 549//2478
f 546//2479 550//2480 552//2481
f 546//2482 552//2483 548//2484
f 553//2485 554//2486 556//2487
f 553//2488 556//2489 555//2490
f 557//2491 559//2492 560//2493
f 557//2494 560//2495 558//2496
f 553//2497 557//2498 558//2499
f 553//2500 558//2501 554//2502
f 555//2503 556//2504 560//2505
f 555//2506 560//2507 559//2508
f 553//2509 555//2510 559//2511
f 553//2512 559//2513 557//2514
f 554//2515 558//2516 560//2517
f 554//2518 560//2519 556//2520
f 561//2521 562//2522 564//2523
f 561//2524 564//2525 563//2526
f 565//2527 567//2528 568//2529
f 565//2530 568//2531 566//2532
f 561//2533 565//2534 566//2535
f 561//2536 566//2537 562//2538
f 563//2539 564//2540 568//2541
f 563//2542 568//2543 567//2544
f 561//2545 563//2546 567//2547
f 561//2548 567//2549 565//2550
f 562//2551 566//2552 568//2553
f 562//2554 568//2555 564//2556
f 569//2557 570//2558 572//2559
f 569//2560 572//2561 571//2562
f 573//2563 575//2564 576//2565
f 573//2566 576//2567 574//2568
f 569//2569 573//2570 574//2571
f 569//2572 574//2573 570//2574
f 571//2575 572//2576 576//2577
f 571//2578 576//2579 575//2580
f 569//2581 571//2582 575//2583
f 569//2584 575//2585 573//2586
f 570//2587 574//2588 576//2589
f 570//2590 576//2591 572//2592
f 577//2593 578//2594 580//2595
f 577//2596 580//2597 579//2598
f 581//2599 583//2600 584//2601
f 581//2602 584//2603 582//2604
f 577//2605 581//2606 582//2607
f 577//2608 582//2609 578//2610
f 579//2611 580//2612 584//2613
f 579//2614 584//2615 583//2616
f 577//2617 579//2618 583//2619
f 577//2620 583//2621 581//2622
f 578//2623 582//2624 584//2625
f 578//2626 584//2627 580//2628
f 585//2629 586//2630 588//2631
f 585//2632 588//2633 587//2634
f 589//2635 591//2636 592//2637
f 589//2638 592//2639 590//2640
f 585//2641 589//2642 590//2643
f 585//2644 590//2645 586//2646
f 587//2647 588//2648 592//2649
f 587//2650 592//2651 591//2652
f 585//2653 587//2654 591//2655
f 585//2656 591//2657 589//2658
f 586//2659 590//2660 592//2661
f 586//2662 592//2663 588//2664
f 593//2665 594//2666 596//2667
f 593//2668 596//2669 595//2670
f 597//2671 599//2672 600//2673
f 597//2674 600//2675 598//2676
f 593//2677 597//2678 598//2679
f 593//2680 598//2681 594//2682
f 595//2683 596//2684 600//2685
f 595//2686 600//2687 599//2688
f 593//2689 595//2690 599//2691
f 593//2692 599//2693 597//2694
f 594//2695 598//2696 600//2697
f 594//2698 600//2699 596//2700
f 601//2701 602//2702 604//2703
f 601//2704 604//2705 603//2706
f 605//2707 607//2708 608//2709
f 605//2710 608//2711 606//2712
f 601//2713 605//2714 606//2715
f 601//2716 606//2717 602//2718
f 603//2719 604//2720 608//2721
f 603//2722 608//2723 607//2724
f 601//2725 603//2726 607//2727
f 601//2728 607//2729 605//2730
f 602//2731 606//2732 608//2733
f 602//2734 608//2735 604//2736
f 609//2737 610//2738 612//2739
f 609//2740 612//2741 611//2742
f 613//2743 615//2744 616//2745
f 613//2746 616//2747 614//2748
f 609//2749 613//2750 614//2751
f 609//2752 614//2753 610//2754
f 611//2755 612//2756 616//2757
f 611//2758 616//2759 615//2760
f 609//2761 611//2762 615//2763
f 609//2764 615//2765 613//2766
f 610//2767 614//2768 616//2769
f 610//2770 616//2771 612//2772
f 617//2773 618//2774 620//2775
f 617//2776 620//2777 619//2778
f 621//2779 623//2780 624//2781
f 621//2782 624//2783 622//2784
f 617//2785 621//2786 622//2787
f 617//2788 622//2789 618//2790
f 619//2791 620//2792 624//2793
f 619//2794 624//2795 623//2796
f 617//2797 619//2798 623//2799
f 617//2800 623//2801 621//2802
f 618//2803 622//2804 624//2805
f 618//2806 624//2807 620//2808
f 625//2809 626//2810 628//2811
f 625//2812 628//2813 627//2814
f 629//2815 631//2816 632//2817
f 629//2818 632//2819 630//2820
f 625//2821 629//2822 630//2823
f 625//2824 630//2825 626//2826
f 627//2827 628//2828 632//2829
f 627//2830 632//2831 631//2832
f 625//2833 627//2834 631//2835
f 625//2836 631//2837 629//2838
f 626//2839 630//2840 632//2841
f 626//2842 632//2843 628//2844
f 633//2845 634//2846 636//2847
f 633//2848 636//2849 635//2850
f 637//2851 639//2852 640//2853
f 637//2854 640//2855 638//2856
f 633//2857 637//2858 638//2859
f 633//2860 638//2861 634//2862
f 635//2863 636//2864 640//2865
f 635//2866 640//2867 639//2868
f 633//2869 635//2870 639//2871
f 633//2872 639//2873 637//2874
f 634//2875 638//2876 640//2877
f 634//2878 640//2879 636//2880
f 641//2881 642//2882 644//2883
f 641//2884 644//2885 643//2886
f 645//2887 647//2888 648//2889
f 645//2890 648//2891 646//2892
f 641//2893 645//2894 646//2895
f 641//2896 646//2897 642//2898
f 643//2899 644//2900 648//2901
f 643//2902 648//2903 647//2904
f 641//2905 643//2906 647//2907
f 641//2908 647//2909 645//2910
f 642//2911 646//2912 648//2913
f 642//2914 648//2915 644//2916
f 649//2917 650//2918 652//2919
f 649//2920 652//2921 651//2922
f 653//2923 655//2924 656//2925
f 653//2926 656//2927 654//2928
f 649//2929 653//2930 654//2931
f 649//2932 654//2933 650//2934
f 651//2935 652//2936 656//2937
f 651//2938 656//2939 655//2940
f 649//2941 651//2942 655//2943
f 649//2944 655//2945 653//2946
f 650//2947 654//2948 656//2949
f 650//2950 656//2951 652//2952
f 657//2953 658//2954 660//2955
f 657//2956 660//2957 659//2958
f 661//2959 663//2960 664//2961
f 661//2962 664//2963 662//2964
f 657//2965 661//2966 662//2967
f 657//2968 662//2969 658//2970
f 659//2971 660//2972 664//2973
f 659//2974 664//2975 663//2976
f 657//2977 659//2978 663//2979
f 657//2980 663//2981 661//2982
f 658//2983 662//2984 664//2985
f 658//2986 664//2987 660//2988
f 665//2989 666//2990 668//2991
f 665//2992 668//2993 667//2994
f 669//2995 671//2996 672//2997
f 669//2998 672//2999 670//3000
f 665//3001 669//3002 670//3003
f 665//3004 670//3005 666//3006
f 667//3007 668//3008 672//3009
f 667//3010 672//3011 671//3012
f 665//3013 667//3014 671//3015
f 665//3016 671//3017 669//3018
f 666//3019 670//3020 672//3021
f 666//3022 672//3023 668//3024
f 673//3025 674//3026 676//3027
f 673//3028 676//3029 675//3030
f 677//3031 679//3032 680//3033
f 677//3034 680//3035 678//3036
f 673//3037 677//3038 678//3039
f 673//3040 678//3041 674//3042
f 675//3043 676//3044 680//3045
f 675//3046 680//3047 679//3048
f 673//3049 675//3050 679//3051
f 673//3052 679//3053 677//3054
f 674//3055 678//3056 680//3057
f 674//3058 680//3059 676//3060
f 681//3061 682//3062 684//3063
f 681//3064 684//3065 683//3066
f 685//3067 687//3068 688//3069
f 685//3070 688//3071 686//3072
f 681//3073 685//3074 686//3075
f 681//3076 686//3077 682//3078
f 683//3079 684//3080 688//3081
f 683//3082 688//3083 687//3084
f 681//3085 683//3086 687//3087
f 681//3088 687//3089 685//3090
f 682//3091 686//3092 688//3093
f 682//3094 688//3095 684//3096
f 689//3097 690//3098 692//3099
f 689//3100 692//3101 691//3102
f 693//3103 695//3104 696//3105
f 693//3106 696//3107 694//3108
f 689//3109 693//3110 694//3111
f 689//3112 694//3113 690//3114
f 691//3115 692//3116 696//3117
f 691//3118 696//3119 695//3120
f 689//3121 691//3122 695//3123
f 689//3124 695//3125 693//3126
f 690//3127 694//3128 696//3129
f 690//3130 696//3131 692//3132
f 697//3133 698//3134 700//3135
f 697//3136 700//3137 699//3138
f 701//3139 703//3140 704//3141
f 701//3142 704//3143 702//3144
f 697//3145 701//3146 702//3147
f 697//3148 702//3149 698//3150
f 699//3151 700//3152 704//3153
f 699//3154 704//3155 703//3156
f 697//3157 699//3158 703//3159
f 697//3160 703//3161 701//3162
f 698//3163 702//3164 704//3165
f 698//3166 704//3167 700//3168
f 705//3169 706//3170 708//3171
f 705//3172 708//3173 707//3174
f 709//3175 711//3176 712//3177
f 709//3178 712//3179 710//3180
f 705//3181 709//3182 710//3183
f 705//3184 710//3185 706//3186
f 707//3187 708//3188 712//3189
f 707//3190 712//3191 711//3192
f 705//3193 707//3194 711//3195
f 705//3196 711//3197 709//3198
f 706//3199 710//3200 712//3201
f 706//3202 712//3203 708//3204
f 713//3205 714//3206 716//3207
f 713//3208 716//3209 715//3210
f 717//3211 719//3212 720//3213
f 717//3214 720//3215 718//3216
f 713//3217 717//3218 718//3219
f 713//3220 718//3221 714//3222
f 715//3223 716//3224 720//3225
f 715//3226 720//3227 719//3228
f 713//3229 715//3230 719//3231
f 713//3232 719//3233 717//3234
f 714//3235 718//3236 720//3237
f 714//3238 720//3239 716//3240
f 721//3241 722//3242 724//3243
f 721//3244 724//3245 723//3246
f 725//3247 727//3248 728//3249
f 725//3250 728//3251 726//3252
f 721//3253 725//3254 726//3255
f 721//3256 726//3257 722//3258
f 723//3259 724//3260 728//3261
f 723//3262 728//3263 727//3264
f 721//3265 723//3266 727//3267
f 721//3268 727//3269 725//3270
f 722//3271 726//3272 728//3273
f 722//3274 728//3275 724//3276
f 729//3277 730//3278 732//3279
f 729//3280 732//3281 731//3282
f 733//3283 735//3284 736//3285
f 733//3286 736//3287 734//3288
f 729//3289 733//3290 734//3291
f 729//3292 734//3293 730//3294
f 731//3295 732//3296 736//3297
f 731//3298 736//3299 735//3300
f 729//3301 731//3302 735//3303
f 729//3304 735//3305 733//3306
f 730//3307 734//3308 736//3309
f 730//3310 736//3311 732//3312
f 737//3313 738//3314 740//3315
f 737//3316 740//3317 739//3318
f 741//3319 743//3320 744//3321
f 741//3322 744//3323 742//3324
f 737//3325 741//3326 742//3327
f 737//3328 742//3329 738//3330
f 739//3331 740//3332 744//3333
f 739//3334 744//3335 743//3336
f 737//3337 739//3338 743//3339
f 737//3340 743//3341 741//3342
f 738//3343 742//3344 744//3345
f 738//3346 744//3347 740//3348
f 745//3349 746//3350 748//3351
f 745//3352 748//3353 747//3354
f 749//3355 751//3356 752//3357
f 749//3358 752//3359 750//3360
f 745//3361 749//3362 750//3363
f 745//3364 750//3365 746//3366
f 747//3367 748//3368 752//3369
f 747//3370 752//3371 751//3372
f 745//3373 747//3374 751//3375
f 745//3376 751//3377 749//3378
f 746//3379 750//3380 752//3381
f 746//3382 752//3383 748//3384
f 753//3385 754//3386 756//3387
f 753//3388 756//3389 755//3390
f 757//3391 759//3392 760//3393
f 757//3394 760//3395 758//3396
f 753//3397 757//3398 758//3399
f 753//3400 758//3401 754//3402
f 755//3403 756//3404 760//3405
f 755//3406 760//3407 759//3408
f 753//3409 755//3410 759//3411
f 753//3412 759//3413 757//3414
f 754//3415 758//3416 760//3417
f 754//3418 760//3419 756//3420
f 761//3421 762//3422 764//3423
f 761//3424 764//3425 763//3426
f 765//3427 767//3428 768//3429
f 765//3430 768//3431 766//3432
f 761//3433 765//3434 766//3435
f 761//3436 766//3437 762//3438
f 763//3439 764//3440 768//3441
f 763//3442 768//3443 767//3444
f 761//3445 763//3446 767//3447
f 761//3448 767//3449 765//3450
f 762//3451 766//3452 768//3453
f 762//3454 768//3455 764//3456
f 769//3457 770//3458 772//3459
f 769//3460 772//3461 771//3462
f 773//3463 775//3464 776//3465
f 773//3466 776//3467 774//3468
f 769//3469 773//3470 774//3471
f 769//3472 774//3473 770//3474
f 771//3475 772//3476 776//3477
f 771//3478 776//3479 775//3480
f 769//3481 771//3482 775//3483
f 769//3484 775//3485 773//3486
f 770//3487 774//3488 776//3489
f 770//3490 776//3491 772//3492
f 777//3493 778//3494 780//3495
f 777//3496 780//3497 779//3498
f 781//3499 783//3500 784//3501
f 781//3502 784//3503 782//3504
f 777//3505 781//3506 782//3507
f 777//3508 782//3509 778//3510
f 779//3511 780//3512 784//3513
f 779//3514 784//3515 783//3516
f 777//3517 779//3518 783//3519
f 777//3520 783//3521 781//3522
f 778//3523 782//3524 784//3525
f 778//3526 784//3527 780//3528
f 785//3529 786//3530 788//3531
f 785//3532 788//3533 787//3534
f 789//3535 791//3536 792//3537
f 789//3538 792//3539 790//3540
f 785//3541 789//3542 790//3543
f 785//3544 790//3545 786//3546
f 787//3547 788//3548 792//3549
f 787//3550 792//3551 791//3552
f 785//3553 787//3554 791//3555
f 785//3556 791//3557 789//3558
f 786//3559 790//3560 792//3561
f 786//3562 792//3563 788//3564
f 793//3565 794//3566 796//3567
f 793//3568 796//3569 795//3570
f 797//3571 799//3572 800//3573
f 797//3574 800//3575 798//3576
f 793//3577 797//3578 798//3579
f 793//3580 798//3581 794//3582
f 795//3583 796//3584 800//3585
f 795//3586 800//3587 799//3588
f 793//3589 795//3590 799//3591
f 793//3592 799//3593 797//3594
f 794//3595 798//3596 800//3597
f 794//3598 800//3599 796//3600
f 801//3601 802//3602 804//3603
f 801//3604 804//3605 803//3606
f 805//3607 807//3608 808//3609
f 805//3610 808//3611 806//3612
f 801//3613 805//3614 806//3615
f 801//3616 806//3617 802//3618
f 803//3619 804//3620 808//3621
f 803//3622 808//3623 807//3624
f 801//3625 803//3626 807//3627
f 801//3628 807//3629 805//3630
f 802//3631 806//3632 808//3633
f 802//3634 808//3635 804//3636
f 809//3637 810//3638 812//3639
f 809//3640 812//3641 811//3642
f 813//3643 815//3644 816//3645
f 813//3646 816//3647 814//3648
f 809//3649 813//3650 814//3651
f 809//3652 814//3653 810//3654
f 811//3655 812//3656 816//3657
f 811//3658 816//3659 815//3660
f 809//3661 811//3662 815//3663
f 809//3664 815//3665 813//3666
f 810//3667 814//3668 816//3669
f 810//3670 816//3671 812//3672
f 817//3673 818//3674 820//3675
f 817//3676 820//3677 819//3678
f 821//3679 823//3680 824//3681
f 821//3682 824//3683 822//3684
f 817//3685 821//3686 822//3687
f 817//3688 822//3689 818//3690
f 819//3691 820//3692 824//3693
f 819//3694 824//3695 823//3696
f 817//3697 819//3698 823//3699
f 817//3700 823//3701 821//3702
f 818//3703 822//3704 824//3705
f 818//3706 824//3707 820//3708
f 825//3709 826//3710 828//3711
f 825//3712 828//3713 827//3714
f 829//3715 831//3716 832//3717
f 829//3718 832//3719 830//3720
f 825//3721 829//3722 830//3723
f 825//3724 830//3725 826//3726
f 827//3727 828//3728 832//3729
f 827//3730 832//3731 831//3732
f 825//3733 827//3734 831//3735
f 825//3736 831//3737 829//3738
f 826//3739 830//3740 832//3741
f 826//3742 832//3743 828//3744
f 833//3745 834//3746 836//3747
f 833//3748 836//3749 835//3750
f 837//3751 839//3752 840//3753
f 837//3754 840//3755 838//3756
f 833//3757 837//3758 838//3759
f 833//3760 838//3761 834//3762
f 835//3763 836//3764 840//3765
f 835//3766 840//3767 839//3768
f 833//3769 835//3770 839//3771
f 833//3772 839//3773 837//3774
f 834//3775 838//3776 840//3777
f 834//3778 840//3779 836//3780
f 841//3781 842//3782 844//3783
f 841//3784 844//3785 843//3786
f 845//3787 847//3788 848//3789
f 845//3790 848//3791 846//3792
f 841//3793 845//3794 846//3795
f 841//3796 846//3797 842//3798
f 843//3799 844//3800 848//3801
f 843//3802 848//3803 847//3804
f 841//3805 843//3806 847//3807
f 841//3808 847//3809 845//3810
f 842//3811 846//3812 848//3813
f 842//3814 848//3815 844//3816
f 849//3817 850//3818 852//3819
f 849//3820 852//3821 851//3822
f 853//3823 855//3824 856//3825
f 853//3826 856//3827 854//3828
f 849//3829 853//3830 854//3831
f 849//3832 854//3833 850//3834
f 851//3835 852//3836 856//3837
f 851//3838 856//3839 855//3840
f 849//3841 851//3842 855//3843
f 849//3844 855//3845 853//3846
f 850//3847 854//3848 856//3849
f 850//3850 856//3851 852//3852
f 857//3853 858//3854 860//3855
f 857//3856 860//3857 859//3858
f 861//3859 863//3860 864//3861
f 861//3862 864//3863 862//3864
f 857//3865 861//3866 862//3867
f 857//3868 862//3869 858//3870
f 859//3871 860//3872 864//3873
f 859//3874 864//3875 863//3876
f 857//3877 859//3878 863//3879
f 857//3880 863//3881 861//3882
f 858//3883 862//3884 864//3885
f 858//3886 864//3887 860//3888
f 865//3889 866//3890 868//3891
f 865//3892 868//3893 867//3894
f 869//3895 871//3896 872//3897
f 869//3898 872//3899 870//3900
f 865//3901 869//3902 870//3903
f 865//3904 870//3905 866//3906
f 867//3907 868//3908 872//3909
f 867//3910 872//3911 871//3912
f 865//3913 867//3914 871//3915
f 865//3916 871//3917 869//3918
f 866//3919 870//3920 872//3921
f 866//3922 872//3923 868//3924
f 873//3925 874//3926 876//3927
f 873//3928 876//3929 875//3930
f 877//3931 879//3932 880//3933
f 877//3934 880//3935 878//3936
f 873//3937 877//3938 878//3939
f 873//3940 878//3941 874//3942
f 875//3943 876//3944 880//3945
f 875//3946 880//3947 879//3948
f 873//3949 875//3950 879//3951
f 873//3952 879//3953 877//3954
f 874//3955 878//3956 880//3957
f 874//3958 880//3959 876//3960
